filepath,class,patient_id,tooth_type,in_capped_test,pred,p_Endodontics,p_Healthy,p_Impacted,p_Implant
Impacted/lyria__P0353__b0.png,Impacted,P0353,3rd molar,1,Impacted,0.0001,0.0684,0.9312,0.0004
Healthy/lyria__P0353__b6.png,Healthy,P0353,incisor,1,Healthy,0.0000,1.0000,0.0000,0.0000
Endodontics/lyria__P0169__b0.png,Endodontics,P0169,premolar,1,Endodontics,1.0000,0.0000,0.0000,0.0000
Healthy/lyria__P0169__b10.png,Healthy,P0169,incisor,1,Healthy,0.0000,0.9998,0.0000,0.0002
Healthy/lyria__P0623__b1.png,Healthy,P0623,incisor,1,Healthy,0.0001,0.9980,0.0000,0.0020
Endodontics/lyria__P0799__b0.png,Endodontics,P0799,1st molar,1,Endodontics,1.0000,0.0000,0.0000,0.0000
Endodontics/lyria__P0799__b1.png,Endodontics,P0799,premolar,1,Endodontics,1.0000,0.0000,0.0000,0.0000
Endodontics/lyria__P0799__b2.png,Endodontics,P0799,premolar,1,Endodontics,1.0000,0.0000,0.0000,0.0000
Endodontics/lyria__P0799__b3.png,Endodontics,P0799,incisor,1,Endodontics,0.9999,0.0000,0.0000,0.0001
Endodontics/lyria__P0799__b4.png,Endodontics,P0799,incisor,1,Endodontics,0.9999,0.0001,0.0000,0.0000
Endodontics/lyria__P0799__b5.png,Endodontics,P0799,premolar,1,Endodontics,0.9981,0.0000,0.0000,0.0019
Endodontics/lyria__P0799__b6.png,Endodontics,P0799,1st molar,1,Endodontics,0.9965,0.0000,0.0000,0.0035
Endodontics/lyria__P0799__b7.png,Endodontics,P0799,premolar,1,Endodontics,0.9999,0.0001,0.0000,0.0000
Endodontics/lyria__P0799__b8.png,Endodontics,P0799,1st molar,1,Endodontics,0.9988,0.0008,0.0001,0.0003
Healthy/lyria__P0799__b7.png,Healthy,P0799,canine,1,Healthy,0.0000,0.9999,0.0001,0.0000
Healthy/lyria__P0799__b6.png,Healthy,P0799,incisor,1,Healthy,0.0000,0.9999,0.0001,0.0000
Endodontics/lyria__P0010__b0.png,Endodontics,P0010,incisor,1,Endodontics,0.9947,0.0000,0.0000,0.0053
Endodontics/lyria__P0010__b1.png,Endodontics,P0010,incisor,1,Endodontics,1.0000,0.0000,0.0000,0.0000
Endodontics/lyria__P0010__b2.png,Endodontics,P0010,incisor,1,Endodontics,0.9996,0.0000,0.0000,0.0004
Healthy/lyria__P0010__b2.png,Healthy,P0010,2nd molar,1,Healthy,0.0102,0.9241,0.0657,0.0001
Healthy/lyria__P0010__b6.png,Healthy,P0010,incisor,1,Healthy,0.0000,0.9979,0.0000,0.0020
Healthy/lyria__P0219__b6.png,Healthy,P0219,canine,1,Healthy,0.2805,0.6336,0.0068,0.0791
Healthy/lyria__P0219__b2.png,Healthy,P0219,incisor,1,Healthy,0.0000,1.0000,0.0000,0.0000
Endodontics/lyria__P0578__b0.png,Endodontics,P0578,canine,1,Endodontics,0.8157,0.1842,0.0000,0.0001
Endodontics/lyria__P0578__b1.png,Endodontics,P0578,incisor,1,Endodontics,0.9999,0.0000,0.0000,0.0000
Endodontics/lyria__P0578__b2.png,Endodontics,P0578,incisor,1,Endodontics,0.9999,0.0001,0.0000,0.0000
Healthy/lyria__P0578__b8.png,Healthy,P0578,3rd molar,1,Impacted,0.0000,0.0025,0.9975,0.0000
Healthy/lyria__P0578__b1.png,Healthy,P0578,3rd molar,1,Healthy,0.0000,0.9998,0.0002,0.0000
Healthy/lyria__P0155__b3.png,Healthy,P0155,incisor,1,Healthy,0.0019,0.9980,0.0000,0.0002
Healthy/lyria__P0155__b14.png,Healthy,P0155,canine,1,Healthy,0.1601,0.8397,0.0001,0.0000
Endodontics/lyria__P0628__b0.png,Endodontics,P0628,premolar,1,Endodontics,1.0000,0.0000,0.0000,0.0000
Endodontics/lyria__P0628__b1.png,Endodontics,P0628,2nd molar,1,Endodontics,0.9883,0.0117,0.0000,0.0000
Healthy/lyria__P0628__b16.png,Healthy,P0628,premolar,1,Healthy,0.0056,0.9935,0.0009,0.0000
Healthy/lyria__P0628__b5.png,Healthy,P0628,premolar,1,Healthy,0.0020,0.9977,0.0000,0.0003
Healthy/lyria__P0226__b0.png,Healthy,P0226,incisor,1,Healthy,0.0321,0.9532,0.0113,0.0033
Healthy/lyria__P0226__b1.png,Healthy,P0226,incisor,1,Healthy,0.0023,0.9966,0.0003,0.0007
Impacted/lyria__P0795__b0.png,Impacted,P0795,3rd molar,1,Impacted,0.0000,0.0000,1.0000,0.0000
Impacted/lyria__P0795__b1.png,Impacted,P0795,3rd molar,1,Impacted,0.0000,0.0001,0.9999,0.0000
Healthy/lyria__P0795__b6.png,Healthy,P0795,premolar,1,Healthy,0.0014,0.9985,0.0001,0.0001
Healthy/lyria__P0795__b27.png,Healthy,P0795,3rd molar,1,Healthy,0.0000,0.9994,0.0006,0.0000
Endodontics/lyria__P0718__b0.png,Endodontics,P0718,2nd molar,1,Endodontics,1.0000,0.0000,0.0000,0.0000
Endodontics/lyria__P0718__b1.png,Endodontics,P0718,premolar,1,Endodontics,1.0000,0.0000,0.0000,0.0000
Healthy/lyria__P0718__b3.png,Healthy,P0718,incisor,1,Healthy,0.0000,1.0000,0.0000,0.0000
Endodontics/lyria__P0804__b0.png,Endodontics,P0804,premolar,1,Endodontics,1.0000,0.0000,0.0000,0.0000
Endodontics/lyria__P0804__b1.png,Endodontics,P0804,incisor,1,Endodontics,0.9998,0.0001,0.0000,0.0001
Endodontics/lyria__P0804__b2.png,Endodontics,P0804,premolar,1,Endodontics,0.9933,0.0002,0.0000,0.0065
Endodontics/lyria__P0804__b3.png,Endodontics,P0804,premolar,1,Endodontics,1.0000,0.0000,0.0000,0.0000
Endodontics/lyria__P0804__b4.png,Endodontics,P0804,2nd molar,1,Endodontics,0.9921,0.0079,0.0000,0.0000
Endodontics/lyria__P0804__b5.png,Endodontics,P0804,premolar,1,Endodontics,0.9999,0.0000,0.0001,0.0000
Endodontics/lyria__P0804__b6.png,Endodontics,P0804,premolar,1,Endodontics,1.0000,0.0000,0.0000,0.0000
Endodontics/lyria__P0804__b7.png,Endodontics,P0804,premolar,1,Endodontics,0.9940,0.0052,0.0006,0.0001
Implant/lyria__P0804__b0.png,Implant,P0804,1st molar,1,Implant,0.0001,0.0000,0.0000,0.9999
Endodontics/lyria__P0804__b8.png,Endodontics,P0804,2nd molar,1,Endodontics,0.6649,0.0004,0.0001,0.3346
Endodontics/lyria__P0804__b9.png,Endodontics,P0804,2nd molar,1,Endodontics,0.9995,0.0001,0.0003,0.0001
Endodontics/lyria__P0804__b10.png,Endodontics,P0804,3rd molar,1,Endodontics,1.0000,0.0000,0.0000,0.0000
Healthy/lyria__P0804__b2.png,Healthy,P0804,incisor,1,Healthy,0.0003,0.9962,0.0000,0.0034
Healthy/lyria__P0804__b1.png,Healthy,P0804,incisor,1,Healthy,0.0003,0.9996,0.0000,0.0001
Impacted/lyria__P0188__b0.png,Impacted,P0188,3rd molar,1,Impacted,0.0000,0.0000,0.9996,0.0004
Endodontics/lyria__P0188__b0.png,Endodontics,P0188,premolar,1,Endodontics,0.9978,0.0000,0.0000,0.0022
Endodontics/lyria__P0777__b0.png,Endodontics,P0777,premolar,1,Endodontics,0.9711,0.0287,0.0001,0.0001
Endodontics/lyria__P0777__b1.png,Endodontics,P0777,2nd molar,1,Endodontics,0.9996,0.0004,0.0000,0.0000
Healthy/lyria__P0777__b5.png,Healthy,P0777,incisor,1,Healthy,0.0002,0.9998,0.0000,0.0000
Healthy/lyria__P0777__b6.png,Healthy,P0777,incisor,1,Healthy,0.0001,0.9999,0.0000,0.0000
Healthy/lyria__P0126__b0.png,Healthy,P0126,incisor,1,Healthy,0.0035,0.9873,0.0000,0.0092
Healthy/lyria__P0126__b1.png,Healthy,P0126,incisor,1,Healthy,0.0001,0.9997,0.0000,0.0002
Impacted/lyria__P0596__b0.png,Impacted,P0596,3rd molar,1,Impacted,0.0000,0.0000,1.0000,0.0000
Endodontics/lyria__P0596__b0.png,Endodontics,P0596,premolar,1,Endodontics,1.0000,0.0000,0.0000,0.0000
Endodontics/lyria__P0596__b1.png,Endodontics,P0596,premolar,1,Endodontics,0.9996,0.0004,0.0000,0.0000
Endodontics/lyria__P0596__b2.png,Endodontics,P0596,1st molar,1,Endodontics,0.9997,0.0003,0.0000,0.0000
Endodontics/lyria__P0596__b3.png,Endodontics,P0596,1st molar,1,Endodontics,0.9794,0.0206,0.0000,0.0000
Impacted/lyria__P0596__b1.png,Impacted,P0596,3rd molar,1,Impacted,0.0000,0.0000,1.0000,0.0000
Healthy/lyria__P0596__b2.png,Healthy,P0596,3rd molar,1,Impacted,0.0000,0.1349,0.8651,0.0000
Healthy/lyria__P0596__b0.png,Healthy,P0596,canine,1,Healthy,0.0002,0.9998,0.0000,0.0001
Endodontics/lyria__P0808__b0.png,Endodontics,P0808,incisor,1,Endodontics,1.0000,0.0000,0.0000,0.0000
Endodontics/lyria__P0808__b1.png,Endodontics,P0808,incisor,1,Endodontics,1.0000,0.0000,0.0000,0.0000
Healthy/lyria__P0808__b1.png,Healthy,P0808,premolar,1,Healthy,0.2527,0.7472,0.0001,0.0000
Healthy/lyria__P0808__b6.png,Healthy,P0808,incisor,1,Healthy,0.0000,0.9995,0.0000,0.0004
Healthy/lyria__P0319__b8.png,Healthy,P0319,incisor,1,Healthy,0.0001,0.9988,0.0000,0.0010
Healthy/lyria__P0319__b4.png,Healthy,P0319,canine,1,Healthy,0.0000,0.9999,0.0000,0.0000
Endodontics/lyria__P0538__b0.png,Endodontics,P0538,1st molar,1,Endodontics,0.9996,0.0004,0.0000,0.0000
Endodontics/lyria__P0538__b1.png,Endodontics,P0538,premolar,1,Endodontics,0.9488,0.0506,0.0004,0.0002
Healthy/lyria__P0538__b8.png,Healthy,P0538,incisor,1,Healthy,0.0000,0.9998,0.0000,0.0002
Healthy/lyria__P0538__b3.png,Healthy,P0538,3rd molar,1,Healthy,0.0677,0.5569,0.3727,0.0027
Endodontics/lyria__P0061__b0.png,Endodontics,P0061,2nd molar,1,Endodontics,1.0000,0.0000,0.0000,0.0000
Endodontics/lyria__P0061__b1.png,Endodontics,P0061,premolar,1,Endodontics,1.0000,0.0000,0.0000,0.0000
Endodontics/lyria__P0061__b2.png,Endodontics,P0061,2nd molar,1,Endodontics,0.9986,0.0013,0.0000,0.0000
Healthy/lyria__P0061__b1.png,Healthy,P0061,canine,1,Healthy,0.3498,0.6501,0.0001,0.0000
Healthy/lyria__P0061__b5.png,Healthy,P0061,1st molar,1,Healthy,0.3119,0.6867,0.0000,0.0014
Endodontics/lyria__P0665__b0.png,Endodontics,P0665,1st molar,1,Endodontics,0.9958,0.0041,0.0001,0.0000
Endodontics/lyria__P0665__b1.png,Endodontics,P0665,2nd molar,1,Endodontics,0.9080,0.0012,0.0907,0.0000
Endodontics/lyria__P0665__b2.png,Endodontics,P0665,1st molar,1,Endodontics,1.0000,0.0000,0.0000,0.0000
Endodontics/lyria__P0665__b3.png,Endodontics,P0665,2nd molar,1,Endodontics,1.0000,0.0000,0.0000,0.0000
Healthy/lyria__P0665__b6.png,Healthy,P0665,incisor,1,Healthy,0.0001,0.9813,0.0186,0.0000
Healthy/lyria__P0665__b12.png,Healthy,P0665,premolar,1,Healthy,0.0003,0.9997,0.0000,0.0000
Endodontics/lyria__P0247__b0.png,Endodontics,P0247,canine,1,Endodontics,1.0000,0.0000,0.0000,0.0000
Endodontics/lyria__P0247__b1.png,Endodontics,P0247,incisor,1,Endodontics,1.0000,0.0000,0.0000,0.0000
Endodontics/lyria__P0247__b2.png,Endodontics,P0247,incisor,1,Endodontics,1.0000,0.0000,0.0000,0.0000
Endodontics/lyria__P0247__b3.png,Endodontics,P0247,incisor,1,Endodontics,1.0000,0.0000,0.0000,0.0000
Endodontics/lyria__P0247__b4.png,Endodontics,P0247,premolar,1,Endodontics,1.0000,0.0000,0.0000,0.0000
Endodontics/lyria__P0247__b5.png,Endodontics,P0247,premolar,1,Endodontics,1.0000,0.0000,0.0000,0.0000
Endodontics/lyria__P0247__b6.png,Endodontics,P0247,1st molar,1,Endodontics,1.0000,0.0000,0.0000,0.0000
Endodontics/lyria__P0247__b7.png,Endodontics,P0247,premolar,1,Endodontics,0.9995,0.0000,0.0000,0.0005
Endodontics/lyria__P0247__b8.png,Endodontics,P0247,premolar,1,Endodontics,0.9885,0.0061,0.0000,0.0053
Endodontics/lyria__P0247__b9.png,Endodontics,P0247,1st molar,1,Endodontics,1.0000,0.0000,0.0000,0.0000
Impacted/lyria__P0676__b0.png,Impacted,P0676,3rd molar,1,Impacted,0.0000,0.0000,1.0000,0.0000
Impacted/lyria__P0676__b1.png,Impacted,P0676,3rd molar,1,Impacted,0.0000,0.0000,1.0000,0.0000
Healthy/lyria__P0676__b10.png,Healthy,P0676,1st molar,1,Healthy,0.0000,1.0000,0.0000,0.0000
Healthy/lyria__P0676__b21.png,Healthy,P0676,2nd molar,1,Impacted,0.0001,0.4195,0.5788,0.0016
Endodontics/lyria__P0070__b0.png,Endodontics,P0070,premolar,1,Endodontics,0.8712,0.0361,0.0926,0.0001
Healthy/lyria__P0070__b0.png,Healthy,P0070,incisor,1,Healthy,0.0001,0.6986,0.2756,0.0257
Endodontics/lyria__P0645__b0.png,Endodontics,P0645,premolar,1,Healthy,0.2882,0.7092,0.0003,0.0022
Endodontics/lyria__P0645__b1.png,Endodontics,P0645,incisor,1,Endodontics,1.0000,0.0000,0.0000,0.0000
Endodontics/lyria__P0645__b2.png,Endodontics,P0645,incisor,1,Endodontics,1.0000,0.0000,0.0000,0.0000
Endodontics/lyria__P0645__b3.png,Endodontics,P0645,incisor,1,Endodontics,0.9998,0.0000,0.0000,0.0001
Endodontics/lyria__P0645__b4.png,Endodontics,P0645,incisor,1,Endodontics,1.0000,0.0000,0.0000,0.0000
Endodontics/lyria__P0645__b5.png,Endodontics,P0645,incisor,1,Endodontics,0.9999,0.0000,0.0000,0.0001
Endodontics/lyria__P0645__b6.png,Endodontics,P0645,1st molar,1,Endodontics,0.9997,0.0000,0.0003,0.0000
Healthy/lyria__P0745__b4.png,Healthy,P0745,incisor,1,Healthy,0.0000,1.0000,0.0000,0.0000
Healthy/lyria__P0745__b10.png,Healthy,P0745,premolar,1,Healthy,0.0000,1.0000,0.0000,0.0000
Endodontics/lyria__P0568__b0.png,Endodontics,P0568,premolar,1,Endodontics,1.0000,0.0000,0.0000,0.0000
Endodontics/lyria__P0568__b1.png,Endodontics,P0568,premolar,1,Endodontics,0.8828,0.0648,0.0064,0.0460
Healthy/lyria__P0568__b0.png,Healthy,P0568,incisor,1,Healthy,0.0000,0.9911,0.0088,0.0001
Healthy/lyria__P0568__b2.png,Healthy,P0568,incisor,1,Healthy,0.0004,0.9865,0.0131,0.0001
Impacted/lyria__P0192__b0.png,Impacted,P0192,3rd molar,1,Healthy,0.0000,0.9954,0.0045,0.0000
Healthy/lyria__P0192__b9.png,Healthy,P0192,premolar,1,Healthy,0.0000,1.0000,0.0000,0.0000
Healthy/lyria__P0192__b16.png,Healthy,P0192,premolar,1,Healthy,0.0000,1.0000,0.0000,0.0000
Endodontics/lyria__P0782__b0.png,Endodontics,P0782,incisor,1,Endodontics,1.0000,0.0000,0.0000,0.0000
Endodontics/lyria__P0782__b1.png,Endodontics,P0782,incisor,1,Endodontics,1.0000,0.0000,0.0000,0.0000
Healthy/lyria__P0782__b15.png,Healthy,P0782,2nd molar,1,Healthy,0.0000,1.0000,0.0000,0.0000
Healthy/lyria__P0782__b6.png,Healthy,P0782,premolar,1,Healthy,0.0004,0.9991,0.0000,0.0004
Healthy/lyria__P0426__b4.png,Healthy,P0426,incisor,1,Healthy,0.0000,1.0000,0.0000,0.0000
Healthy/lyria__P0344__b0.png,Healthy,P0344,2nd molar,1,Healthy,0.0000,1.0000,0.0000,0.0000
Endodontics/lyria__P0734__b0.png,Endodontics,P0734,incisor,1,Endodontics,0.9995,0.0002,0.0000,0.0003
Endodontics/lyria__P0734__b1.png,Endodontics,P0734,premolar,1,Endodontics,1.0000,0.0000,0.0000,0.0000
Endodontics/lyria__P0734__b2.png,Endodontics,P0734,premolar,1,Endodontics,0.9999,0.0001,0.0000,0.0000
Endodontics/lyria__P0734__b3.png,Endodontics,P0734,premolar,1,Endodontics,0.7956,0.2032,0.0010,0.0002
Healthy/lyria__P0734__b2.png,Healthy,P0734,incisor,1,Healthy,0.0000,0.9983,0.0000,0.0017
Healthy/lyria__P0734__b6.png,Healthy,P0734,canine,1,Healthy,0.0001,0.9999,0.0000,0.0000
Healthy/lyria__P0180__b7.png,Healthy,P0180,incisor,1,Healthy,0.0045,0.9492,0.0000,0.0463
Healthy/lyria__P0180__b12.png,Healthy,P0180,premolar,1,Healthy,0.0000,0.9998,0.0002,0.0001
Endodontics/lyria__P0029__b0.png,Endodontics,P0029,incisor,1,Endodontics,0.6642,0.0000,0.0020,0.3338
Endodontics/lyria__P0029__b1.png,Endodontics,P0029,incisor,1,Endodontics,0.6017,0.0025,0.0024,0.3935
Endodontics/lyria__P0029__b2.png,Endodontics,P0029,premolar,1,Endodontics,1.0000,0.0000,0.0000,0.0000
Endodontics/lyria__P0559__b0.png,Endodontics,P0559,1st molar,1,Endodontics,1.0000,0.0000,0.0000,0.0000
Healthy/lyria__P0559__b11.png,Healthy,P0559,premolar,1,Healthy,0.0024,0.9975,0.0000,0.0001
Endodontics/lyria__P0034__b0.png,Endodontics,P0034,3rd molar,1,Endodontics,0.8116,0.1793,0.0028,0.0063
Endodontics/lyria__P0034__b1.png,Endodontics,P0034,2nd molar,1,Healthy,0.0638,0.9357,0.0003,0.0002
Endodontics/lyria__P0034__b2.png,Endodontics,P0034,canine,1,Endodontics,0.9978,0.0021,0.0001,0.0000
Endodontics/lyria__P0034__b3.png,Endodontics,P0034,2nd molar,1,Endodontics,0.7410,0.0019,0.2562,0.0009
Endodontics/lyria__P0034__b4.png,Endodontics,P0034,premolar,1,Endodontics,0.7358,0.2613,0.0027,0.0001
Healthy/lyria__P0034__b4.png,Healthy,P0034,incisor,1,Healthy,0.0000,0.9998,0.0001,0.0001
Healthy/lyria__P0034__b5.png,Healthy,P0034,canine,1,Healthy,0.0000,1.0000,0.0000,0.0000
Healthy/lyria__P0625__b0.png,Healthy,P0625,incisor,1,Healthy,0.0000,0.9999,0.0000,0.0001
Healthy/lyria__P0625__b5.png,Healthy,P0625,canine,1,Healthy,0.0000,1.0000,0.0000,0.0000
Endodontics/lyria__P0193__b0.png,Endodontics,P0193,1st molar,1,Endodontics,0.9997,0.0002,0.0000,0.0001
Endodontics/lyria__P0193__b1.png,Endodontics,P0193,premolar,1,Endodontics,1.0000,0.0000,0.0000,0.0000
Endodontics/lyria__P0193__b2.png,Endodontics,P0193,canine,1,Healthy,0.0741,0.9257,0.0000,0.0001
Endodontics/lyria__P0193__b3.png,Endodontics,P0193,incisor,1,Endodontics,1.0000,0.0000,0.0000,0.0000
Endodontics/lyria__P0193__b4.png,Endodontics,P0193,incisor,1,Endodontics,1.0000,0.0000,0.0000,0.0000
Endodontics/lyria__P0193__b5.png,Endodontics,P0193,canine,1,Endodontics,1.0000,0.0000,0.0000,0.0000
Endodontics/lyria__P0193__b6.png,Endodontics,P0193,premolar,1,Endodontics,1.0000,0.0000,0.0000,0.0000
Endodontics/lyria__P0193__b7.png,Endodontics,P0193,1st molar,1,Endodontics,0.9999,0.0000,0.0000,0.0000
Endodontics/lyria__P0193__b8.png,Endodontics,P0193,premolar,1,Endodontics,0.9930,0.0068,0.0000,0.0002
Endodontics/lyria__P0193__b9.png,Endodontics,P0193,1st molar,1,Endodontics,0.9833,0.0165,0.0000,0.0002
Healthy/lyria__P0193__b2.png,Healthy,P0193,incisor,1,Healthy,0.0000,0.9999,0.0000,0.0001
Healthy/lyria__P0810__b11.png,Healthy,P0810,premolar,1,Healthy,0.1367,0.7677,0.0949,0.0007
Impacted/lyria__P0509__b0.png,Impacted,P0509,3rd molar,1,Impacted,0.0000,0.0000,0.9998,0.0002
Impacted/lyria__P0509__b1.png,Impacted,P0509,3rd molar,1,Impacted,0.0000,0.0024,0.9976,0.0000
Healthy/lyria__P0509__b14.png,Healthy,P0509,premolar,1,Healthy,0.0000,0.9998,0.0000,0.0002
Endodontics/lyria__P0751__b0.png,Endodontics,P0751,premolar,1,Endodontics,1.0000,0.0000,0.0000,0.0000
Endodontics/lyria__P0751__b1.png,Endodontics,P0751,1st molar,1,Endodontics,0.7144,0.2844,0.0008,0.0003
Healthy/lyria__P0751__b3.png,Healthy,P0751,incisor,1,Healthy,0.0000,0.9943,0.0000,0.0057
Healthy/lyria__P0751__b9.png,Healthy,P0751,incisor,1,Healthy,0.0000,0.9999,0.0000,0.0001
Endodontics/lyria__P0599__b0.png,Endodontics,P0599,canine,1,Endodontics,0.9879,0.0000,0.0001,0.0120
Healthy/lyria__P0599__b1.png,Healthy,P0599,incisor,1,Healthy,0.0009,0.6781,0.3176,0.0034
Healthy/lyria__P0285__b2.png,Healthy,P0285,incisor,1,Healthy,0.0000,1.0000,0.0000,0.0000
Impacted/lyria__P0662__b0.png,Impacted,P0662,3rd molar,1,Impacted,0.0000,0.0181,0.9819,0.0000
Impacted/lyria__P0662__b1.png,Impacted,P0662,3rd molar,1,Impacted,0.0000,0.0005,0.9994,0.0000
Impacted/lyria__P0662__b2.png,Impacted,P0662,3rd molar,1,Impacted,0.0000,0.0003,0.9997,0.0000
Healthy/lyria__P0662__b1.png,Healthy,P0662,incisor,1,Healthy,0.0000,0.9998,0.0000,0.0001
Endodontics/lyria__P0666__b0.png,Endodontics,P0666,incisor,1,Endodontics,0.9946,0.0054,0.0000,0.0000
Healthy/lyria__P0666__b5.png,Healthy,P0666,3rd molar,1,Healthy,0.0000,0.9998,0.0001,0.0000
Endodontics/lyria__P0045__b0.png,Endodontics,P0045,2nd molar,1,Endodontics,0.9999,0.0001,0.0000,0.0000
Endodontics/lyria__P0045__b1.png,Endodontics,P0045,incisor,1,Endodontics,1.0000,0.0000,0.0000,0.0000
Endodontics/lyria__P0045__b2.png,Endodontics,P0045,premolar,1,Endodontics,0.7046,0.2927,0.0005,0.0021
Healthy/lyria__P0045__b9.png,Healthy,P0045,incisor,1,Healthy,0.0000,0.9998,0.0000,0.0002
Healthy/lyria__P0045__b2.png,Healthy,P0045,canine,1,Healthy,0.1131,0.8035,0.0831,0.0003
Endodontics/lyria__P0546__b0.png,Endodontics,P0546,premolar,1,Endodontics,1.0000,0.0000,0.0000,0.0000
Endodontics/lyria__P0546__b1.png,Endodontics,P0546,canine,1,Endodontics,1.0000,0.0000,0.0000,0.0000
Endodontics/lyria__P0546__b2.png,Endodontics,P0546,premolar,1,Endodontics,1.0000,0.0000,0.0000,0.0000
Endodontics/lyria__P0546__b3.png,Endodontics,P0546,premolar,1,Endodontics,0.6666,0.3333,0.0000,0.0001
Endodontics/lyria__P0546__b4.png,Endodontics,P0546,2nd molar,1,Endodontics,1.0000,0.0000,0.0000,0.0000
Endodontics/lyria__P0546__b5.png,Endodontics,P0546,1st molar,1,Endodontics,0.9985,0.0015,0.0000,0.0000
Healthy/lyria__P0546__b2.png,Healthy,P0546,canine,1,Healthy,0.0040,0.9910,0.0000,0.0050
Endodontics/lyria__P0544__b0.png,Endodontics,P0544,premolar,1,Impacted,0.3307,0.1239,0.5454,0.0001
Healthy/lyria__P0544__b1.png,Healthy,P0544,incisor,1,Healthy,0.0003,0.8619,0.1375,0.0003
Healthy/lyria__P0203__b13.png,Healthy,P0203,canine,1,Healthy,0.0000,0.9999,0.0000,0.0001
Healthy/lyria__P0203__b8.png,Healthy,P0203,canine,1,Healthy,0.0000,1.0000,0.0000,0.0000
Endodontics/lyria__P0266__b0.png,Endodontics,P0266,1st molar,1,Endodontics,1.0000,0.0000,0.0000,0.0000
Healthy/lyria__P0266__b0.png,Healthy,P0266,incisor,1,Healthy,0.0895,0.8903,0.0000,0.0202
Healthy/lyria__P0077__b3.png,Healthy,P0077,incisor,1,Healthy,0.0002,0.9996,0.0000,0.0003
Healthy/lyria__P0077__b2.png,Healthy,P0077,incisor,1,Healthy,0.0005,0.9994,0.0000,0.0001
Healthy/lyria__P0534__b0.png,Healthy,P0534,incisor,1,Healthy,0.0000,0.9998,0.0000,0.0002
Healthy/lyria__P0534__b22.png,Healthy,P0534,2nd molar,1,Healthy,0.0000,0.9992,0.0008,0.0000
Healthy/lyria__P0513__b2.png,Healthy,P0513,incisor,1,Healthy,0.0000,1.0000,0.0000,0.0000
Healthy/lyria__P0513__b21.png,Healthy,P0513,2nd molar,1,Healthy,0.0000,0.9998,0.0002,0.0000
Impacted/lyria__P0434__b0.png,Impacted,P0434,3rd molar,1,Impacted,0.0000,0.0016,0.9983,0.0000
Healthy/lyria__P0434__b2.png,Healthy,P0434,canine,1,Healthy,0.0000,1.0000,0.0000,0.0000
Healthy/lyria__P0434__b12.png,Healthy,P0434,canine,1,Healthy,0.0000,1.0000,0.0000,0.0000
Impacted/lyria__P0485__b0.png,Impacted,P0485,3rd molar,1,Impacted,0.0000,0.0012,0.9988,0.0000
Impacted/lyria__P0485__b1.png,Impacted,P0485,3rd molar,1,Impacted,0.0000,0.0015,0.9985,0.0000
Impacted/lyria__P0485__b2.png,Impacted,P0485,3rd molar,1,Impacted,0.0000,0.0000,1.0000,0.0000
Healthy/lyria__P0485__b4.png,Healthy,P0485,canine,1,Healthy,0.0000,1.0000,0.0000,0.0000
Healthy/lyria__P0485__b11.png,Healthy,P0485,premolar,1,Healthy,0.0000,1.0000,0.0000,0.0000
Impacted/lyria__P0027__b0.png,Impacted,P0027,3rd molar,1,Impacted,0.0000,0.0000,1.0000,0.0000
Impacted/lyria__P0027__b1.png,Impacted,P0027,3rd molar,1,Impacted,0.0000,0.0000,1.0000,0.0000
Endodontics/lyria__P0027__b0.png,Endodontics,P0027,1st molar,1,Endodontics,1.0000,0.0000,0.0000,0.0000
Healthy/lyria__P0027__b0.png,Healthy,P0027,canine,1,Healthy,0.0359,0.9641,0.0000,0.0000
Implant/dentex__130.png,Implant,dentex_130,unknown,1,Implant,0.0000,0.0000,0.0000,1.0000
Endodontics/lyria__P0770__b0.png,Endodontics,P0770,2nd molar,1,Endodontics,0.9999,0.0001,0.0000,0.0000
Endodontics/lyria__P0770__b1.png,Endodontics,P0770,1st molar,1,Endodontics,0.9993,0.0000,0.0000,0.0007
Endodontics/lyria__P0770__b2.png,Endodontics,P0770,canine,1,Endodontics,0.9998,0.0000,0.0000,0.0002
Endodontics/lyria__P0770__b3.png,Endodontics,P0770,incisor,1,Endodontics,0.9997,0.0003,0.0000,0.0001
Endodontics/lyria__P0770__b4.png,Endodontics,P0770,premolar,1,Endodontics,0.9580,0.0420,0.0000,0.0000
Endodontics/lyria__P0770__b5.png,Endodontics,P0770,premolar,1,Endodontics,0.9968,0.0032,0.0000,0.0000
Endodontics/lyria__P0770__b6.png,Endodontics,P0770,1st molar,1,Endodontics,1.0000,0.0000,0.0000,0.0000
Endodontics/lyria__P0770__b7.png,Endodontics,P0770,2nd molar,1,Endodontics,0.9940,0.0023,0.0037,0.0000
Endodontics/lyria__P0770__b8.png,Endodontics,P0770,premolar,1,Endodontics,0.9992,0.0004,0.0000,0.0004
Endodontics/lyria__P0770__b9.png,Endodontics,P0770,1st molar,1,Endodontics,1.0000,0.0000,0.0000,0.0000
Endodontics/lyria__P0770__b10.png,Endodontics,P0770,2nd molar,1,Endodontics,1.0000,0.0000,0.0000,0.0000
Healthy/lyria__P0770__b0.png,Healthy,P0770,incisor,1,Healthy,0.0003,0.9986,0.0000,0.0011
Healthy/lyria__P0770__b3.png,Healthy,P0770,incisor,1,Healthy,0.0000,0.9999,0.0000,0.0001
Healthy/lyria__P0409__b1.png,Healthy,P0409,incisor,1,Healthy,0.0003,0.9997,0.0000,0.0001
Endodontics/lyria__P0105__b0.png,Endodontics,P0105,incisor,1,Endodontics,1.0000,0.0000,0.0000,0.0000
Endodontics/lyria__P0105__b1.png,Endodontics,P0105,incisor,1,Endodontics,0.9991,0.0004,0.0000,0.0004
Healthy/lyria__P0105__b14.png,Healthy,P0105,canine,1,Healthy,0.0000,1.0000,0.0000,0.0000
Healthy/lyria__P0105__b5.png,Healthy,P0105,canine,1,Healthy,0.0000,1.0000,0.0000,0.0000
Healthy/lyria__P0242__b0.png,Healthy,P0242,incisor,1,Healthy,0.0000,0.9999,0.0000,0.0001
Healthy/lyria__P0242__b1.png,Healthy,P0242,incisor,1,Healthy,0.0001,0.9977,0.0013,0.0010
Healthy/lyria__P0153__b1.png,Healthy,P0153,premolar,1,Healthy,0.0002,0.9998,0.0000,0.0000
Healthy/lyria__P0153__b19.png,Healthy,P0153,premolar,1,Healthy,0.0000,1.0000,0.0000,0.0000
Healthy/lyria__P0104__b5.png,Healthy,P0104,canine,1,Healthy,0.0000,1.0000,0.0000,0.0000
Healthy/lyria__P0104__b2.png,Healthy,P0104,incisor,1,Healthy,0.1029,0.8970,0.0000,0.0000
Endodontics/lyria__P0401__b0.png,Endodontics,P0401,incisor,1,Endodontics,1.0000,0.0000,0.0000,0.0000
Healthy/lyria__P0401__b1.png,Healthy,P0401,canine,1,Healthy,0.0083,0.9916,0.0000,0.0000
Healthy/lyria__P0401__b6.png,Healthy,P0401,incisor,1,Healthy,0.0000,1.0000,0.0000,0.0000
Impacted/lyria__P0663__b0.png,Impacted,P0663,3rd molar,1,Impacted,0.0178,0.0071,0.9751,0.0000
Healthy/lyria__P0663__b0.png,Healthy,P0663,canine,1,Healthy,0.0002,0.9998,0.0000,0.0000
Healthy/lyria__P0663__b2.png,Healthy,P0663,premolar,1,Healthy,0.0003,0.9997,0.0000,0.0000
Endodontics/lyria__P0562__b0.png,Endodontics,P0562,1st molar,1,Endodontics,0.6860,0.3138,0.0001,0.0001
Endodontics/lyria__P0562__b1.png,Endodontics,P0562,premolar,1,Endodontics,0.9805,0.0184,0.0001,0.0010
Healthy/lyria__P0562__b9.png,Healthy,P0562,incisor,1,Healthy,0.0000,0.9999,0.0000,0.0000
Healthy/lyria__P0562__b10.png,Healthy,P0562,canine,1,Healthy,0.0000,1.0000,0.0000,0.0000
Healthy/lyria__P0501__b4.png,Healthy,P0501,incisor,1,Healthy,0.0000,0.9996,0.0001,0.0003
Endodontics/lyria__P0713__b0.png,Endodontics,P0713,premolar,1,Endodontics,1.0000,0.0000,0.0000,0.0000
Healthy/lyria__P0713__b1.png,Healthy,P0713,canine,1,Healthy,0.0073,0.9926,0.0000,0.0001
Healthy/lyria__P0601__b8.png,Healthy,P0601,canine,1,Healthy,0.0015,0.9899,0.0086,0.0000
Implant/dentex__158.png,Implant,dentex_158,unknown,1,Implant,0.0000,0.0000,0.0000,1.0000
Healthy/lyria__P0058__b0.png,Healthy,P0058,canine,1,Healthy,0.0007,0.9955,0.0034,0.0004
Healthy/lyria__P0058__b3.png,Healthy,P0058,incisor,1,Healthy,0.0000,0.9982,0.0000,0.0017
Healthy/lyria__P0789__b16.png,Healthy,P0789,canine,1,Healthy,0.0001,0.9997,0.0002,0.0000
Healthy/lyria__P0672__b12.png,Healthy,P0672,canine,1,Healthy,0.0000,0.9998,0.0001,0.0000
Healthy/lyria__P0614__b15.png,Healthy,P0614,canine,1,Healthy,0.0000,1.0000,0.0000,0.0000
Healthy/lyria__P0614__b7.png,Healthy,P0614,premolar,1,Healthy,0.0000,0.9992,0.0000,0.0008
Healthy/lyria__P0653__b7.png,Healthy,P0653,2nd molar,1,Healthy,0.0000,0.9999,0.0000,0.0000
Healthy/lyria__P0336__b13.png,Healthy,P0336,premolar,1,Healthy,0.1535,0.8370,0.0000,0.0095
Healthy/lyria__P0336__b20.png,Healthy,P0336,canine,1,Healthy,0.0000,1.0000,0.0000,0.0000
Endodontics/lyria__P0154__b0.png,Endodontics,P0154,incisor,1,Endodontics,0.9777,0.0000,0.0000,0.0223
Endodontics/lyria__P0154__b1.png,Endodontics,P0154,incisor,1,Endodontics,1.0000,0.0000,0.0000,0.0000
Endodontics/lyria__P0154__b2.png,Endodontics,P0154,incisor,1,Endodontics,0.9659,0.0012,0.0000,0.0329
Endodontics/lyria__P0154__b3.png,Endodontics,P0154,canine,1,Endodontics,0.9999,0.0000,0.0000,0.0001
Endodontics/lyria__P0154__b4.png,Endodontics,P0154,premolar,1,Endodontics,1.0000,0.0000,0.0000,0.0000
Endodontics/lyria__P0154__b5.png,Endodontics,P0154,premolar,1,Endodontics,1.0000,0.0000,0.0000,0.0000
Endodontics/lyria__P0154__b6.png,Endodontics,P0154,premolar,1,Endodontics,0.9960,0.0036,0.0001,0.0004
Healthy/lyria__P0154__b2.png,Healthy,P0154,incisor,1,Healthy,0.0001,0.7274,0.0000,0.2726
Endodontics/lyria__P0019__b0.png,Endodontics,P0019,premolar,1,Endodontics,0.9995,0.0004,0.0000,0.0001
Endodontics/lyria__P0019__b1.png,Endodontics,P0019,premolar,1,Endodontics,0.6348,0.3607,0.0004,0.0041
Healthy/lyria__P0019__b1.png,Healthy,P0019,incisor,1,Healthy,0.0002,0.9998,0.0000,0.0000
Healthy/lyria__P0019__b4.png,Healthy,P0019,incisor,1,Healthy,0.0000,0.9994,0.0000,0.0006
Endodontics/lyria__P0241__b0.png,Endodontics,P0241,premolar,1,Endodontics,1.0000,0.0000,0.0000,0.0000
Endodontics/lyria__P0241__b1.png,Endodontics,P0241,premolar,1,Endodontics,0.9951,0.0048,0.0000,0.0000
Endodontics/lyria__P0241__b2.png,Endodontics,P0241,premolar,1,Endodontics,1.0000,0.0000,0.0000,0.0000
Endodontics/lyria__P0241__b3.png,Endodontics,P0241,premolar,1,Endodontics,0.9999,0.0001,0.0000,0.0000
Healthy/lyria__P0241__b7.png,Healthy,P0241,incisor,1,Healthy,0.0000,0.9998,0.0000,0.0002
Healthy/lyria__P0241__b0.png,Healthy,P0241,incisor,1,Healthy,0.0000,0.9997,0.0000,0.0003
Impacted/lyria__P0511__b0.png,Impacted,P0511,3rd molar,1,Impacted,0.0000,0.0000,1.0000,0.0000
Impacted/lyria__P0511__b1.png,Impacted,P0511,3rd molar,1,Healthy,0.0001,0.6434,0.3566,0.0000
Healthy/lyria__P0511__b1.png,Healthy,P0511,incisor,1,Healthy,0.0001,0.9999,0.0000,0.0000
Healthy/lyria__P0511__b7.png,Healthy,P0511,incisor,1,Healthy,0.0000,0.9998,0.0002,0.0000
Healthy/lyria__P0116__b9.png,Healthy,P0116,premolar,1,Healthy,0.0000,1.0000,0.0000,0.0000
Healthy/lyria__P0116__b25.png,Healthy,P0116,2nd molar,1,Healthy,0.0000,0.9317,0.0679,0.0003
Endodontics/lyria__P0696__b0.png,Endodontics,P0696,canine,1,Endodontics,0.9963,0.0036,0.0000,0.0000
Healthy/lyria__P0696__b9.png,Healthy,P0696,premolar,1,Healthy,0.0020,0.9957,0.0022,0.0001
Impacted/lyria__P0460__b0.png,Impacted,P0460,3rd molar,1,Impacted,0.0000,0.0000,1.0000,0.0000
Healthy/lyria__P0460__b23.png,Healthy,P0460,premolar,1,Healthy,0.0000,1.0000,0.0000,0.0000
Healthy/lyria__P0460__b8.png,Healthy,P0460,incisor,1,Healthy,0.0000,1.0000,0.0000,0.0000
Endodontics/lyria__P0572__b0.png,Endodontics,P0572,premolar,1,Endodontics,1.0000,0.0000,0.0000,0.0000
Healthy/lyria__P0572__b6.png,Healthy,P0572,incisor,1,Healthy,0.0000,0.9999,0.0000,0.0001
Healthy/lyria__P0572__b2.png,Healthy,P0572,canine,1,Healthy,0.0000,0.9999,0.0000,0.0000
Endodontics/lyria__P0719__b0.png,Endodontics,P0719,1st molar,1,Endodontics,1.0000,0.0000,0.0000,0.0000
Endodontics/lyria__P0719__b1.png,Endodontics,P0719,2nd molar,1,Endodontics,0.9999,0.0001,0.0000,0.0000
Impacted/lyria__P0719__b0.png,Impacted,P0719,3rd molar,1,Impacted,0.0000,0.0001,0.9999,0.0000
Healthy/lyria__P0719__b9.png,Healthy,P0719,incisor,1,Healthy,0.0000,0.9996,0.0001,0.0003
Endodontics/lyria__P0085__b0.png,Endodontics,P0085,premolar,1,Endodontics,0.9999,0.0000,0.0000,0.0000
Healthy/lyria__P0085__b10.png,Healthy,P0085,premolar,1,Healthy,0.0000,1.0000,0.0000,0.0000
Healthy/lyria__P0064__b6.png,Healthy,P0064,canine,1,Healthy,0.0000,1.0000,0.0000,0.0000
Endodontics/lyria__P0439__b0.png,Endodontics,P0439,incisor,1,Endodontics,1.0000,0.0000,0.0000,0.0000
Endodontics/lyria__P0439__b1.png,Endodontics,P0439,incisor,1,Endodontics,1.0000,0.0000,0.0000,0.0000
Endodontics/lyria__P0439__b2.png,Endodontics,P0439,incisor,1,Endodontics,0.5043,0.3316,0.0002,0.1639
Endodontics/lyria__P0439__b3.png,Endodontics,P0439,premolar,1,Endodontics,0.9922,0.0062,0.0001,0.0016
Endodontics/lyria__P0439__b4.png,Endodontics,P0439,1st molar,1,Endodontics,0.9953,0.0047,0.0000,0.0000
Healthy/lyria__P0439__b3.png,Healthy,P0439,incisor,1,Healthy,0.0031,0.9967,0.0003,0.0000
Healthy/lyria__P0439__b0.png,Healthy,P0439,canine,1,Endodontics,0.6439,0.3557,0.0002,0.0002
Healthy/lyria__P0757__b12.png,Healthy,P0757,incisor,1,Healthy,0.0003,0.9963,0.0004,0.0029
Healthy/lyria__P0757__b0.png,Healthy,P0757,premolar,1,Healthy,0.0002,0.9998,0.0000,0.0000
Endodontics/lyria__P0214__b0.png,Endodontics,P0214,incisor,1,Endodontics,1.0000,0.0000,0.0000,0.0000
Impacted/lyria__P0214__b0.png,Impacted,P0214,3rd molar,1,Impacted,0.0000,0.0012,0.9988,0.0000
Endodontics/lyria__P0214__b1.png,Endodontics,P0214,1st molar,1,Endodontics,0.9998,0.0002,0.0000,0.0000
Healthy/lyria__P0214__b1.png,Healthy,P0214,canine,1,Healthy,0.0002,0.9996,0.0002,0.0000
Impacted/lyria__P0677__b0.png,Impacted,P0677,3rd molar,1,Impacted,0.0000,0.0001,0.9997,0.0002
Impacted/lyria__P0677__b1.png,Impacted,P0677,3rd molar,1,Impacted,0.0000,0.0000,1.0000,0.0000
Healthy/lyria__P0677__b4.png,Healthy,P0677,incisor,1,Healthy,0.0000,0.9999,0.0000,0.0001
Healthy/lyria__P0677__b5.png,Healthy,P0677,canine,1,Healthy,0.0000,1.0000,0.0000,0.0000
Healthy/lyria__P0642__b1.png,Healthy,P0642,canine,1,Healthy,0.0000,0.9999,0.0001,0.0000
Healthy/lyria__P0642__b3.png,Healthy,P0642,incisor,1,Healthy,0.0000,0.7336,0.2664,0.0000
Endodontics/lyria__P0005__b0.png,Endodontics,P0005,incisor,1,Endodontics,0.7098,0.0000,0.0000,0.2902
Healthy/lyria__P0005__b4.png,Healthy,P0005,canine,1,Healthy,0.0001,0.9998,0.0000,0.0000
Healthy/lyria__P0005__b1.png,Healthy,P0005,incisor,1,Healthy,0.0000,0.9980,0.0005,0.0014
Healthy/lyria__P0515__b15.png,Healthy,P0515,incisor,1,Healthy,0.0000,0.9991,0.0008,0.0001
Healthy/lyria__P0515__b7.png,Healthy,P0515,premolar,1,Healthy,0.0000,1.0000,0.0000,0.0000
Healthy/lyria__P0367__b12.png,Healthy,P0367,premolar,1,Healthy,0.0006,0.9991,0.0002,0.0000
Healthy/lyria__P0367__b0.png,Healthy,P0367,3rd molar,1,Healthy,0.0050,0.8969,0.0932,0.0049
Healthy/lyria__P0159__b10.png,Healthy,P0159,canine,1,Healthy,0.0000,0.9977,0.0022,0.0001
Healthy/lyria__P0159__b8.png,Healthy,P0159,incisor,1,Healthy,0.0000,0.9998,0.0001,0.0000
Endodontics/lyria__P0573__b0.png,Endodontics,P0573,premolar,1,Endodontics,0.9997,0.0000,0.0000,0.0003
Endodontics/lyria__P0573__b1.png,Endodontics,P0573,incisor,1,Endodontics,1.0000,0.0000,0.0000,0.0000
Healthy/lyria__P0573__b2.png,Healthy,P0573,incisor,1,Healthy,0.0001,0.9998,0.0000,0.0001
Healthy/lyria__P0573__b1.png,Healthy,P0573,incisor,1,Healthy,0.0000,1.0000,0.0000,0.0000
Impacted/lyria__P0505__b0.png,Impacted,P0505,3rd molar,1,Impacted,0.0000,0.0009,0.9991,0.0000
Impacted/lyria__P0505__b1.png,Impacted,P0505,3rd molar,1,Impacted,0.0000,0.0000,1.0000,0.0000
Impacted/lyria__P0505__b2.png,Impacted,P0505,3rd molar,1,Healthy,0.0000,0.9789,0.0211,0.0000
Impacted/lyria__P0505__b3.png,Impacted,P0505,3rd molar,1,Healthy,0.0002,0.7698,0.2300,0.0000
Healthy/lyria__P0505__b7.png,Healthy,P0505,incisor,1,Healthy,0.0000,0.9994,0.0000,0.0005
Healthy/lyria__P0505__b3.png,Healthy,P0505,premolar,1,Healthy,0.0002,0.9996,0.0000,0.0001
Healthy/lyria__P0756__b7.png,Healthy,P0756,incisor,1,Healthy,0.0000,0.9912,0.0087,0.0000
Healthy/lyria__P0756__b3.png,Healthy,P0756,canine,1,Healthy,0.0000,1.0000,0.0000,0.0000
Endodontics/lyria__P0303__b0.png,Endodontics,P0303,canine,1,Endodontics,1.0000,0.0000,0.0000,0.0000
Endodontics/lyria__P0342__b0.png,Endodontics,P0342,premolar,1,Endodontics,1.0000,0.0000,0.0000,0.0000
Endodontics/lyria__P0342__b1.png,Endodontics,P0342,premolar,1,Endodontics,1.0000,0.0000,0.0000,0.0000
Endodontics/lyria__P0342__b2.png,Endodontics,P0342,2nd molar,1,Endodontics,0.9264,0.0735,0.0000,0.0001
Healthy/lyria__P0342__b3.png,Healthy,P0342,premolar,1,Healthy,0.0001,0.9997,0.0000,0.0002
Healthy/lyria__P0342__b1.png,Healthy,P0342,canine,1,Healthy,0.0000,0.9999,0.0000,0.0001
Impacted/lyria__P0722__b0.png,Impacted,P0722,3rd molar,1,Healthy,0.0006,0.5834,0.4131,0.0029
Impacted/lyria__P0722__b1.png,Impacted,P0722,3rd molar,1,Healthy,0.0230,0.8050,0.0987,0.0733
Impacted/lyria__P0722__b2.png,Impacted,P0722,3rd molar,1,Impacted,0.0000,0.0001,0.9998,0.0000
Healthy/lyria__P0722__b0.png,Healthy,P0722,incisor,1,Healthy,0.0001,0.9999,0.0001,0.0000
Healthy/lyria__P0722__b8.png,Healthy,P0722,2nd molar,1,Healthy,0.0053,0.9550,0.0263,0.0134
Healthy/lyria__P0015__b0.png,Healthy,P0015,canine,1,Healthy,0.0017,0.7444,0.2538,0.0001
Healthy/lyria__P0052__b10.png,Healthy,P0052,premolar,1,Healthy,0.0000,1.0000,0.0000,0.0000
Healthy/lyria__P0052__b5.png,Healthy,P0052,incisor,1,Healthy,0.0000,0.9983,0.0000,0.0016
Endodontics/lyria__P0435__b0.png,Endodontics,P0435,premolar,1,Endodontics,1.0000,0.0000,0.0000,0.0000
Endodontics/lyria__P0435__b1.png,Endodontics,P0435,incisor,1,Endodontics,0.9998,0.0002,0.0000,0.0000
Endodontics/lyria__P0435__b2.png,Endodontics,P0435,premolar,1,Endodontics,1.0000,0.0000,0.0000,0.0000
Implant/lyria__P0435__b0.png,Implant,P0435,premolar,1,Implant,0.0000,0.0000,0.0000,1.0000
Implant/lyria__P0435__b1.png,Implant,P0435,1st molar,1,Implant,0.0000,0.0000,0.0000,1.0000
Endodontics/lyria__P0435__b3.png,Endodontics,P0435,3rd molar,1,Endodontics,0.9998,0.0000,0.0000,0.0002
Implant/lyria__P0435__b2.png,Implant,P0435,2nd molar,1,Implant,0.0180,0.0000,0.0000,0.9820
Implant/lyria__P0435__b3.png,Implant,P0435,1st molar,1,Implant,0.0000,0.0000,0.0000,1.0000
Implant/lyria__P0435__b4.png,Implant,P0435,premolar,1,Implant,0.0001,0.0000,0.0000,0.9999
Implant/lyria__P0435__b5.png,Implant,P0435,premolar,1,Implant,0.0035,0.0000,0.0000,0.9965
Endodontics/lyria__P0435__b4.png,Endodontics,P0435,canine,1,Endodontics,0.9995,0.0001,0.0000,0.0005
Endodontics/lyria__P0435__b5.png,Endodontics,P0435,incisor,1,Endodontics,0.9982,0.0000,0.0000,0.0017
Endodontics/lyria__P0435__b6.png,Endodontics,P0435,premolar,1,Endodontics,1.0000,0.0000,0.0000,0.0000
Endodontics/lyria__P0435__b7.png,Endodontics,P0435,1st molar,1,Endodontics,0.9998,0.0001,0.0000,0.0001
Endodontics/lyria__P0435__b8.png,Endodontics,P0435,2nd molar,1,Endodontics,1.0000,0.0000,0.0000,0.0000
Healthy/lyria__P0435__b1.png,Healthy,P0435,incisor,1,Healthy,0.1017,0.8974,0.0000,0.0009
Healthy/lyria__P0435__b0.png,Healthy,P0435,canine,1,Endodontics,0.9619,0.0381,0.0000,0.0000
Healthy/lyria__P0526__b8.png,Healthy,P0526,canine,1,Healthy,0.0001,0.9984,0.0000,0.0015
Endodontics/lyria__P0161__b0.png,Endodontics,P0161,2nd molar,1,Endodontics,0.9999,0.0001,0.0000,0.0000
Endodontics/lyria__P0161__b1.png,Endodontics,P0161,premolar,1,Endodontics,1.0000,0.0000,0.0000,0.0000
Endodontics/lyria__P0161__b2.png,Endodontics,P0161,incisor,1,Endodontics,0.9998,0.0002,0.0000,0.0000
Endodontics/lyria__P0161__b3.png,Endodontics,P0161,1st molar,1,Endodontics,0.9945,0.0001,0.0050,0.0003
Endodontics/lyria__P0161__b4.png,Endodontics,P0161,premolar,1,Endodontics,0.9999,0.0000,0.0000,0.0001
Healthy/lyria__P0161__b3.png,Healthy,P0161,incisor,1,Healthy,0.0001,0.9999,0.0000,0.0000
Healthy/lyria__P0161__b0.png,Healthy,P0161,incisor,1,Healthy,0.0000,0.9999,0.0000,0.0000
Healthy/lyria__P0128__b12.png,Healthy,P0128,2nd molar,1,Healthy,0.0000,1.0000,0.0000,0.0000
Healthy/lyria__P0128__b7.png,Healthy,P0128,incisor,1,Healthy,0.0000,1.0000,0.0000,0.0000
Endodontics/lyria__P0272__b0.png,Endodontics,P0272,3rd molar,1,Healthy,0.0000,0.6663,0.3326,0.0011
Endodontics/lyria__P0272__b1.png,Endodontics,P0272,premolar,1,Endodontics,0.9584,0.0119,0.0020,0.0277
Healthy/lyria__P0272__b4.png,Healthy,P0272,canine,1,Healthy,0.0020,0.9980,0.0000,0.0000
Healthy/lyria__P0272__b8.png,Healthy,P0272,incisor,1,Healthy,0.0001,0.9999,0.0000,0.0000
Impacted/lyria__P0060__b0.png,Impacted,P0060,3rd molar,1,Impacted,0.0000,0.2891,0.7109,0.0000
Impacted/lyria__P0060__b1.png,Impacted,P0060,3rd molar,1,Impacted,0.0000,0.0022,0.9978,0.0000
Impacted/lyria__P0060__b2.png,Impacted,P0060,3rd molar,1,Impacted,0.0000,0.0000,1.0000,0.0000
Impacted/lyria__P0060__b3.png,Impacted,P0060,2nd molar,1,Impacted,0.0000,0.0000,1.0000,0.0000
Impacted/lyria__P0060__b4.png,Impacted,P0060,3rd molar,1,Impacted,0.0000,0.0000,1.0000,0.0000
Healthy/lyria__P0060__b21.png,Healthy,P0060,canine,1,Healthy,0.0000,1.0000,0.0000,0.0000
Healthy/lyria__P0060__b19.png,Healthy,P0060,incisor,1,Healthy,0.0002,0.9998,0.0000,0.0000
Endodontics/lyria__P0611__b0.png,Endodontics,P0611,incisor,1,Endodontics,0.9054,0.0944,0.0000,0.0002
Healthy/lyria__P0611__b9.png,Healthy,P0611,incisor,1,Healthy,0.0000,0.9999,0.0001,0.0000
Healthy/lyria__P0611__b15.png,Healthy,P0611,1st molar,1,Healthy,0.0000,1.0000,0.0000,0.0000
Healthy/lyria__P0387__b1.png,Healthy,P0387,2nd molar,1,Healthy,0.0000,0.9983,0.0017,0.0000
Healthy/lyria__P0387__b9.png,Healthy,P0387,canine,1,Healthy,0.0001,0.9999,0.0000,0.0000
Healthy/lyria__P0093__b7.png,Healthy,P0093,2nd molar,1,Healthy,0.0026,0.9972,0.0001,0.0000
Healthy/lyria__P0093__b3.png,Healthy,P0093,incisor,1,Healthy,0.0001,0.9998,0.0001,0.0000
Healthy/lyria__P0118__b5.png,Healthy,P0118,incisor,1,Healthy,0.0000,1.0000,0.0000,0.0000
Endodontics/lyria__P0778__b0.png,Endodontics,P0778,premolar,1,Endodontics,0.9999,0.0000,0.0000,0.0000
Endodontics/lyria__P0778__b1.png,Endodontics,P0778,canine,1,Endodontics,1.0000,0.0000,0.0000,0.0000
Endodontics/lyria__P0778__b2.png,Endodontics,P0778,incisor,1,Endodontics,0.9992,0.0000,0.0000,0.0007
Endodontics/lyria__P0778__b3.png,Endodontics,P0778,incisor,1,Endodontics,0.9998,0.0000,0.0000,0.0001
Endodontics/lyria__P0778__b4.png,Endodontics,P0778,incisor,1,Endodontics,0.9994,0.0000,0.0000,0.0006
Implant/dentex__141.png,Implant,dentex_141,unknown,1,Implant,0.0116,0.0010,0.0000,0.9875
Healthy/lyria__P0088__b7.png,Healthy,P0088,2nd molar,1,Healthy,0.0014,0.9957,0.0003,0.0026
Healthy/lyria__P0088__b1.png,Healthy,P0088,1st molar,1,Healthy,0.0011,0.9986,0.0004,0.0000
Endodontics/lyria__P0215__b0.png,Endodontics,P0215,2nd molar,1,Endodontics,1.0000,0.0000,0.0000,0.0000
Healthy/lyria__P0215__b7.png,Healthy,P0215,incisor,1,Healthy,0.0000,0.9999,0.0000,0.0000
Healthy/lyria__P0215__b3.png,Healthy,P0215,canine,1,Healthy,0.0543,0.9455,0.0001,0.0000
Endodontics/lyria__P0704__b0.png,Endodontics,P0704,1st molar,1,Endodontics,0.9964,0.0032,0.0001,0.0004
Impacted/lyria__P0704__b0.png,Impacted,P0704,3rd molar,1,Impacted,0.0000,0.0000,1.0000,0.0000
Healthy/lyria__P0704__b13.png,Healthy,P0704,premolar,1,Healthy,0.0010,0.9972,0.0017,0.0001
Healthy/lyria__P0704__b9.png,Healthy,P0704,2nd molar,1,Healthy,0.0000,1.0000,0.0000,0.0000
Endodontics/lyria__P0279__b0.png,Endodontics,P0279,2nd molar,1,Healthy,0.3991,0.6006,0.0003,0.0000
Healthy/lyria__P0279__b8.png,Healthy,P0279,premolar,1,Healthy,0.0000,1.0000,0.0000,0.0000
Healthy/lyria__P0279__b11.png,Healthy,P0279,incisor,1,Healthy,0.0000,0.9998,0.0000,0.0001
Endodontics/lyria__P0783__b0.png,Endodontics,P0783,premolar,1,Endodontics,1.0000,0.0000,0.0000,0.0000
Endodontics/lyria__P0783__b1.png,Endodontics,P0783,1st molar,1,Endodontics,1.0000,0.0000,0.0000,0.0000
Endodontics/lyria__P0783__b2.png,Endodontics,P0783,incisor,1,Endodontics,0.9992,0.0007,0.0000,0.0001
Endodontics/lyria__P0783__b3.png,Endodontics,P0783,3rd molar,1,Endodontics,0.5605,0.0003,0.4358,0.0034
Healthy/lyria__P0783__b2.png,Healthy,P0783,premolar,1,Healthy,0.0000,0.9999,0.0000,0.0001
Healthy/lyria__P0783__b3.png,Healthy,P0783,canine,1,Healthy,0.0000,1.0000,0.0000,0.0000
Healthy/lyria__P0424__b2.png,Healthy,P0424,incisor,1,Healthy,0.0001,0.9999,0.0000,0.0000
Healthy/lyria__P0424__b7.png,Healthy,P0424,premolar,1,Healthy,0.0004,0.9996,0.0000,0.0000
Healthy/lyria__P0618__b0.png,Healthy,P0618,premolar,1,Healthy,0.0000,0.9951,0.0000,0.0049
Healthy/lyria__P0618__b1.png,Healthy,P0618,premolar,1,Healthy,0.0000,1.0000,0.0000,0.0000
Impacted/lyria__P0496__b0.png,Impacted,P0496,3rd molar,1,Impacted,0.0000,0.0000,1.0000,0.0000
Impacted/lyria__P0496__b1.png,Impacted,P0496,3rd molar,1,Impacted,0.0000,0.0000,1.0000,0.0000
Healthy/lyria__P0496__b20.png,Healthy,P0496,premolar,1,Healthy,0.0012,0.9987,0.0001,0.0000
Healthy/lyria__P0496__b26.png,Healthy,P0496,incisor,1,Healthy,0.0000,1.0000,0.0000,0.0000
Healthy/lyria__P0617__b3.png,Healthy,P0617,incisor,1,Healthy,0.0000,0.9986,0.0000,0.0014
Healthy/lyria__P0490__b15.png,Healthy,P0490,3rd molar,1,Healthy,0.0001,0.9999,0.0001,0.0000
Healthy/lyria__P0490__b0.png,Healthy,P0490,3rd molar,1,Healthy,0.0000,1.0000,0.0000,0.0000
Healthy/lyria__P0388__b16.png,Healthy,P0388,incisor,1,Healthy,0.0000,1.0000,0.0000,0.0000
Healthy/lyria__P0388__b7.png,Healthy,P0388,incisor,1,Healthy,0.0010,0.9988,0.0001,0.0001
Endodontics/lyria__P0743__b0.png,Endodontics,P0743,1st molar,1,Endodontics,1.0000,0.0000,0.0000,0.0000
Endodontics/lyria__P0743__b1.png,Endodontics,P0743,premolar,1,Endodontics,1.0000,0.0000,0.0000,0.0000
Endodontics/lyria__P0743__b2.png,Endodontics,P0743,canine,1,Endodontics,0.9997,0.0001,0.0000,0.0003
Endodontics/lyria__P0743__b3.png,Endodontics,P0743,incisor,1,Endodontics,0.9513,0.0483,0.0000,0.0005
Endodontics/lyria__P0743__b4.png,Endodontics,P0743,incisor,1,Endodontics,1.0000,0.0000,0.0000,0.0000
Endodontics/lyria__P0743__b5.png,Endodontics,P0743,premolar,1,Endodontics,0.9999,0.0000,0.0000,0.0001
Endodontics/lyria__P0743__b6.png,Endodontics,P0743,premolar,1,Endodontics,1.0000,0.0000,0.0000,0.0000
Endodontics/lyria__P0743__b7.png,Endodontics,P0743,premolar,1,Endodontics,1.0000,0.0000,0.0000,0.0000
Endodontics/lyria__P0743__b8.png,Endodontics,P0743,premolar,1,Endodontics,0.9999,0.0001,0.0000,0.0000
Endodontics/lyria__P0743__b9.png,Endodontics,P0743,1st molar,1,Endodontics,0.9999,0.0000,0.0001,0.0000
Endodontics/lyria__P0743__b10.png,Endodontics,P0743,premolar,1,Endodontics,0.7173,0.2815,0.0001,0.0011
Healthy/lyria__P0743__b0.png,Healthy,P0743,incisor,1,Healthy,0.0000,0.9998,0.0000,0.0002
Healthy/lyria__P0743__b1.png,Healthy,P0743,incisor,1,Healthy,0.0000,0.9974,0.0000,0.0026
Endodontics/lyria__P0407__b0.png,Endodontics,P0407,premolar,1,Endodontics,0.9992,0.0008,0.0000,0.0000
Endodontics/lyria__P0407__b1.png,Endodontics,P0407,premolar,1,Endodontics,0.9976,0.0020,0.0000,0.0003
Endodontics/lyria__P0407__b2.png,Endodontics,P0407,3rd molar,1,Endodontics,0.9983,0.0013,0.0003,0.0000
Healthy/lyria__P0407__b6.png,Healthy,P0407,incisor,1,Healthy,0.0000,1.0000,0.0000,0.0000
Endodontics/lyria__P0254__b0.png,Endodontics,P0254,1st molar,1,Endodontics,0.9997,0.0000,0.0003,0.0000
Healthy/lyria__P0254__b11.png,Healthy,P0254,canine,1,Healthy,0.0002,0.9998,0.0000,0.0000
Healthy/lyria__P0254__b1.png,Healthy,P0254,premolar,1,Healthy,0.0001,0.9999,0.0000,0.0000
Healthy/lyria__P0143__b0.png,Healthy,P0143,canine,1,Impacted,0.0324,0.3600,0.4177,0.1900
Healthy/lyria__P0143__b1.png,Healthy,P0143,premolar,1,Healthy,0.2951,0.4492,0.0385,0.2172
Endodontics/lyria__P0121__b0.png,Endodontics,P0121,incisor,1,Endodontics,0.9993,0.0007,0.0000,0.0000
Endodontics/lyria__P0121__b1.png,Endodontics,P0121,premolar,1,Endodontics,0.9998,0.0001,0.0000,0.0000
Endodontics/lyria__P0121__b2.png,Endodontics,P0121,1st molar,1,Endodontics,0.9987,0.0013,0.0000,0.0000
Endodontics/lyria__P0121__b3.png,Endodontics,P0121,premolar,1,Endodontics,0.7037,0.2935,0.0001,0.0026
Endodontics/lyria__P0121__b4.png,Endodontics,P0121,2nd molar,1,Healthy,0.2704,0.7242,0.0050,0.0004
Healthy/lyria__P0121__b2.png,Healthy,P0121,canine,1,Healthy,0.0020,0.9948,0.0013,0.0018
Healthy/lyria__P0121__b7.png,Healthy,P0121,canine,1,Healthy,0.0000,1.0000,0.0000,0.0000
Endodontics/lyria__P0803__b0.png,Endodontics,P0803,premolar,1,Endodontics,1.0000,0.0000,0.0000,0.0000
Endodontics/lyria__P0803__b1.png,Endodontics,P0803,canine,1,Endodontics,1.0000,0.0000,0.0000,0.0000
Endodontics/lyria__P0803__b2.png,Endodontics,P0803,incisor,1,Endodontics,0.9922,0.0000,0.0000,0.0078
Endodontics/lyria__P0803__b3.png,Endodontics,P0803,incisor,1,Endodontics,0.9597,0.0000,0.0000,0.0403
Endodontics/lyria__P0803__b4.png,Endodontics,P0803,incisor,1,Endodontics,0.7378,0.0006,0.0000,0.2615
Healthy/lyria__P0803__b1.png,Healthy,P0803,incisor,1,Healthy,0.0000,0.9992,0.0006,0.0002
Endodontics/lyria__P0256__b0.png,Endodontics,P0256,incisor,1,Endodontics,0.9990,0.0010,0.0000,0.0000
Endodontics/lyria__P0256__b1.png,Endodontics,P0256,incisor,1,Endodontics,0.7026,0.2973,0.0000,0.0001
Healthy/lyria__P0256__b1.png,Healthy,P0256,incisor,1,Healthy,0.0000,1.0000,0.0000,0.0000
Healthy/lyria__P0256__b4.png,Healthy,P0256,canine,1,Healthy,0.0000,1.0000,0.0000,0.0000
Endodontics/lyria__P0274__b0.png,Endodontics,P0274,premolar,1,Endodontics,1.0000,0.0000,0.0000,0.0000
Endodontics/lyria__P0274__b1.png,Endodontics,P0274,canine,1,Endodontics,1.0000,0.0000,0.0000,0.0000
Healthy/lyria__P0274__b5.png,Healthy,P0274,incisor,1,Healthy,0.0000,1.0000,0.0000,0.0000
Healthy/lyria__P0274__b3.png,Healthy,P0274,incisor,1,Healthy,0.0000,0.9997,0.0000,0.0003
Endodontics/lyria__P0620__b0.png,Endodontics,P0620,1st molar,1,Endodontics,0.9997,0.0002,0.0000,0.0001
Healthy/lyria__P0620__b3.png,Healthy,P0620,premolar,1,Healthy,0.0027,0.9965,0.0001,0.0007
Endodontics/lyria__P0536__b0.png,Endodontics,P0536,canine,1,Endodontics,0.9995,0.0005,0.0000,0.0000
Endodontics/lyria__P0536__b1.png,Endodontics,P0536,canine,1,Endodontics,0.5408,0.0011,0.0002,0.4579
Healthy/lyria__P0536__b1.png,Healthy,P0536,incisor,1,Healthy,0.0000,1.0000,0.0000,0.0000
Healthy/lyria__P0536__b2.png,Healthy,P0536,canine,1,Healthy,0.0061,0.9932,0.0006,0.0001
Endodontics/lyria__P0309__b0.png,Endodontics,P0309,incisor,1,Endodontics,0.9996,0.0003,0.0000,0.0000
Endodontics/lyria__P0309__b1.png,Endodontics,P0309,1st molar,1,Endodontics,0.8212,0.0014,0.0028,0.1747
Healthy/lyria__P0309__b8.png,Healthy,P0309,canine,1,Healthy,0.0000,1.0000,0.0000,0.0000
Healthy/lyria__P0309__b6.png,Healthy,P0309,incisor,1,Healthy,0.0001,0.9999,0.0000,0.0000
Endodontics/lyria__P0712__b0.png,Endodontics,P0712,incisor,1,Endodontics,0.9998,0.0000,0.0000,0.0002
Endodontics/lyria__P0712__b1.png,Endodontics,P0712,premolar,1,Endodontics,0.9834,0.0009,0.0009,0.0147
Healthy/lyria__P0712__b1.png,Healthy,P0712,incisor,1,Healthy,0.0000,0.9999,0.0000,0.0000
Healthy/lyria__P0712__b2.png,Healthy,P0712,incisor,1,Healthy,0.0000,1.0000,0.0000,0.0000
Endodontics/lyria__P0440__b0.png,Endodontics,P0440,incisor,1,Endodontics,0.9997,0.0003,0.0000,0.0000
Endodontics/lyria__P0440__b1.png,Endodontics,P0440,incisor,1,Endodontics,1.0000,0.0000,0.0000,0.0000
Endodontics/lyria__P0440__b2.png,Endodontics,P0440,canine,1,Endodontics,1.0000,0.0000,0.0000,0.0000
Endodontics/lyria__P0440__b3.png,Endodontics,P0440,premolar,1,Endodontics,1.0000,0.0000,0.0000,0.0000
Healthy/lyria__P0440__b1.png,Healthy,P0440,canine,1,Healthy,0.0009,0.9986,0.0000,0.0004
Healthy/lyria__P0440__b4.png,Healthy,P0440,incisor,1,Healthy,0.0022,0.9978,0.0000,0.0000
Endodontics/lyria__P0362__b0.png,Endodontics,P0362,premolar,1,Endodontics,1.0000,0.0000,0.0000,0.0000
Endodontics/lyria__P0362__b1.png,Endodontics,P0362,1st molar,1,Endodontics,0.9994,0.0003,0.0000,0.0003
Endodontics/lyria__P0362__b2.png,Endodontics,P0362,2nd molar,1,Endodontics,0.9921,0.0076,0.0001,0.0002
Healthy/lyria__P0362__b2.png,Healthy,P0362,incisor,1,Healthy,0.0000,0.9999,0.0000,0.0001
Healthy/lyria__P0362__b1.png,Healthy,P0362,canine,1,Healthy,0.0002,0.9998,0.0000,0.0000
Endodontics/lyria__P0278__b0.png,Endodontics,P0278,incisor,1,Endodontics,1.0000,0.0000,0.0000,0.0000
Healthy/lyria__P0278__b16.png,Healthy,P0278,premolar,1,Healthy,0.0000,1.0000,0.0000,0.0000
Healthy/lyria__P0278__b6.png,Healthy,P0278,3rd molar,1,Healthy,0.0001,0.7863,0.2134,0.0002
Healthy/lyria__P0480__b16.png,Healthy,P0480,incisor,1,Healthy,0.0000,0.9999,0.0000,0.0001
Healthy/lyria__P0480__b21.png,Healthy,P0480,1st molar,1,Healthy,0.0000,1.0000,0.0000,0.0000
Endodontics/lyria__P0731__b0.png,Endodontics,P0731,2nd molar,1,Endodontics,0.8545,0.1334,0.0009,0.0113
Impacted/lyria__P0731__b0.png,Impacted,P0731,3rd molar,1,Healthy,0.0000,0.6002,0.3994,0.0003
Healthy/lyria__P0731__b18.png,Healthy,P0731,canine,1,Healthy,0.0005,0.9993,0.0000,0.0002
Healthy/lyria__P0731__b10.png,Healthy,P0731,premolar,1,Healthy,0.0002,0.9997,0.0000,0.0001
Endodontics/lyria__P0211__b0.png,Endodontics,P0211,3rd molar,1,Endodontics,0.9999,0.0000,0.0001,0.0000
Healthy/lyria__P0211__b6.png,Healthy,P0211,premolar,1,Healthy,0.0000,1.0000,0.0000,0.0000
Healthy/lyria__P0211__b1.png,Healthy,P0211,incisor,1,Healthy,0.0000,1.0000,0.0000,0.0000
Healthy/lyria__P0120__b14.png,Healthy,P0120,incisor,1,Healthy,0.0000,0.9773,0.0000,0.0227
Healthy/lyria__P0120__b17.png,Healthy,P0120,premolar,1,Healthy,0.0000,1.0000,0.0000,0.0000
Healthy/lyria__P0528__b12.png,Healthy,P0528,incisor,1,Healthy,0.0270,0.9726,0.0001,0.0003
Healthy/lyria__P0528__b16.png,Healthy,P0528,canine,1,Healthy,0.0000,0.9999,0.0000,0.0001
Healthy/lyria__P0283__b5.png,Healthy,P0283,incisor,1,Healthy,0.0000,0.9999,0.0000,0.0000
Healthy/lyria__P0283__b1.png,Healthy,P0283,premolar,1,Healthy,0.0004,0.9995,0.0000,0.0000
Healthy/lyria__P0397__b24.png,Healthy,P0397,premolar,1,Healthy,0.0002,0.9998,0.0001,0.0000
Healthy/lyria__P0397__b23.png,Healthy,P0397,canine,1,Healthy,0.0001,0.9988,0.0011,0.0000
Healthy/lyria__P0103__b8.png,Healthy,P0103,premolar,1,Healthy,0.0233,0.9733,0.0001,0.0033
Endodontics/lyria__P0084__b0.png,Endodontics,P0084,incisor,1,Endodontics,1.0000,0.0000,0.0000,0.0000
Endodontics/lyria__P0084__b1.png,Endodontics,P0084,2nd molar,1,Endodontics,0.9998,0.0001,0.0000,0.0000
Healthy/lyria__P0084__b0.png,Healthy,P0084,canine,1,Healthy,0.0000,1.0000,0.0000,0.0000
Healthy/lyria__P0084__b2.png,Healthy,P0084,3rd molar,1,Healthy,0.0002,0.9995,0.0003,0.0000
Implant/dentex__118.png,Implant,dentex_118,unknown,1,Implant,0.0000,0.0000,0.0000,1.0000
Impacted/lyria__P0280__b0.png,Impacted,P0280,3rd molar,1,Impacted,0.0000,0.0001,0.9995,0.0004
Endodontics/lyria__P0280__b0.png,Endodontics,P0280,incisor,1,Endodontics,0.9999,0.0001,0.0000,0.0000
Endodontics/lyria__P0280__b1.png,Endodontics,P0280,incisor,1,Endodontics,0.9998,0.0001,0.0000,0.0000
Endodontics/lyria__P0280__b2.png,Endodontics,P0280,premolar,1,Endodontics,1.0000,0.0000,0.0000,0.0000
Healthy/lyria__P0280__b9.png,Healthy,P0280,canine,1,Healthy,0.0000,1.0000,0.0000,0.0000
Healthy/lyria__P0280__b1.png,Healthy,P0280,incisor,1,Healthy,0.0000,0.9999,0.0000,0.0000
Endodontics/lyria__P0403__b0.png,Endodontics,P0403,incisor,1,Endodontics,0.9999,0.0001,0.0000,0.0000
Healthy/lyria__P0403__b8.png,Healthy,P0403,incisor,1,Healthy,0.0000,0.9993,0.0007,0.0000
Healthy/lyria__P0009__b2.png,Healthy,P0009,canine,1,Healthy,0.0000,0.9997,0.0000,0.0003
Healthy/lyria__P0009__b5.png,Healthy,P0009,premolar,1,Healthy,0.0004,0.9995,0.0000,0.0001
Healthy/lyria__P0399__b2.png,Healthy,P0399,premolar,1,Healthy,0.2419,0.7256,0.0219,0.0106
Healthy/lyria__P0399__b0.png,Healthy,P0399,premolar,1,Healthy,0.0132,0.5135,0.4709,0.0024
Impacted/lyria__P0040__b0.png,Impacted,P0040,3rd molar,1,Impacted,0.0000,0.4371,0.5628,0.0001
Impacted/lyria__P0040__b1.png,Impacted,P0040,3rd molar,1,Impacted,0.0000,0.3121,0.6878,0.0000
Impacted/lyria__P0040__b2.png,Impacted,P0040,3rd molar,1,Impacted,0.0000,0.0000,1.0000,0.0000
Healthy/lyria__P0040__b4.png,Healthy,P0040,incisor,1,Healthy,0.0001,0.9998,0.0000,0.0002
Healthy/lyria__P0040__b12.png,Healthy,P0040,premolar,1,Healthy,0.0000,1.0000,0.0000,0.0000
Impacted/lyria__P0038__b0.png,Impacted,P0038,3rd molar,1,Impacted,0.0000,0.0000,1.0000,0.0000
Impacted/lyria__P0038__b1.png,Impacted,P0038,3rd molar,1,Impacted,0.0000,0.0000,1.0000,0.0000
Healthy/lyria__P0038__b19.png,Healthy,P0038,incisor,1,Healthy,0.0000,0.9994,0.0000,0.0006
Healthy/lyria__P0038__b9.png,Healthy,P0038,canine,1,Healthy,0.0001,0.9987,0.0000,0.0012
Endodontics/lyria__P0395__b0.png,Endodontics,P0395,premolar,1,Endodontics,1.0000,0.0000,0.0000,0.0000
Healthy/lyria__P0395__b10.png,Healthy,P0395,canine,1,Healthy,0.0001,0.9996,0.0000,0.0003
Healthy/lyria__P0165__b1.png,Healthy,P0165,premolar,1,Healthy,0.2314,0.7574,0.0019,0.0092
Healthy/lyria__P0165__b0.png,Healthy,P0165,canine,1,Healthy,0.0036,0.9906,0.0005,0.0054
Endodontics/lyria__P0537__b0.png,Endodontics,P0537,2nd molar,1,Endodontics,0.9967,0.0018,0.0007,0.0009
Healthy/lyria__P0537__b17.png,Healthy,P0537,canine,1,Healthy,0.0000,0.9998,0.0000,0.0002
Healthy/lyria__P0537__b11.png,Healthy,P0537,incisor,1,Healthy,0.0000,1.0000,0.0000,0.0000
Endodontics/lyria__P0259__b0.png,Endodontics,P0259,incisor,1,Endodontics,0.9990,0.0000,0.0000,0.0010
Healthy/lyria__P0259__b0.png,Healthy,P0259,canine,1,Healthy,0.0004,0.9968,0.0000,0.0029
Healthy/lyria__P0259__b2.png,Healthy,P0259,incisor,1,Healthy,0.0001,0.9999,0.0000,0.0001
Endodontics/lyria__P0683__b0.png,Endodontics,P0683,1st molar,1,Endodontics,1.0000,0.0000,0.0000,0.0000
Healthy/lyria__P0683__b7.png,Healthy,P0683,incisor,1,Healthy,0.0001,0.9997,0.0000,0.0002
Endodontics/lyria__P0208__b0.png,Endodontics,P0208,1st molar,1,Endodontics,1.0000,0.0000,0.0000,0.0000
Endodontics/lyria__P0208__b1.png,Endodontics,P0208,premolar,1,Endodontics,1.0000,0.0000,0.0000,0.0000
Endodontics/lyria__P0208__b2.png,Endodontics,P0208,incisor,1,Endodontics,0.9932,0.0068,0.0000,0.0000
Endodontics/lyria__P0208__b3.png,Endodontics,P0208,3rd molar,1,Impacted,0.4718,0.0042,0.5187,0.0053
Healthy/lyria__P0208__b3.png,Healthy,P0208,premolar,1,Healthy,0.0002,0.9998,0.0000,0.0000
Endodontics/lyria__P0417__b0.png,Endodontics,P0417,1st molar,1,Endodontics,0.9987,0.0005,0.0008,0.0000
Endodontics/lyria__P0417__b1.png,Endodontics,P0417,1st molar,1,Endodontics,0.5692,0.4307,0.0000,0.0000
Healthy/lyria__P0417__b19.png,Healthy,P0417,canine,1,Healthy,0.0000,1.0000,0.0000,0.0000
Endodontics/lyria__P0580__b0.png,Endodontics,P0580,premolar,1,Endodontics,1.0000,0.0000,0.0000,0.0000
Endodontics/lyria__P0580__b1.png,Endodontics,P0580,premolar,1,Healthy,0.3987,0.5809,0.0198,0.0006
Endodontics/lyria__P0580__b2.png,Endodontics,P0580,1st molar,1,Endodontics,0.5959,0.2533,0.1497,0.0011
Healthy/lyria__P0580__b1.png,Healthy,P0580,incisor,1,Healthy,0.0001,0.9989,0.0000,0.0010
Healthy/lyria__P0580__b0.png,Healthy,P0580,canine,1,Healthy,0.0002,0.9991,0.0006,0.0000
Endodontics/lyria__P0414__b0.png,Endodontics,P0414,incisor,1,Endodontics,1.0000,0.0000,0.0000,0.0000
Healthy/lyria__P0414__b0.png,Healthy,P0414,canine,1,Healthy,0.0134,0.9866,0.0000,0.0000
Healthy/lyria__P0414__b1.png,Healthy,P0414,incisor,1,Healthy,0.0013,0.9987,0.0000,0.0000
Endodontics/lyria__P0627__b0.png,Endodontics,P0627,premolar,1,Endodontics,0.9970,0.0026,0.0000,0.0004
Endodontics/lyria__P0627__b1.png,Endodontics,P0627,1st molar,1,Endodontics,0.9934,0.0065,0.0001,0.0001
Healthy/lyria__P0627__b0.png,Healthy,P0627,canine,1,Healthy,0.0000,0.9998,0.0000,0.0002
Healthy/lyria__P0627__b1.png,Healthy,P0627,canine,1,Healthy,0.0080,0.9849,0.0000,0.0071
Healthy/lyria__P0364__b9.png,Healthy,P0364,incisor,1,Healthy,0.1358,0.8617,0.0002,0.0023
Healthy/lyria__P0364__b11.png,Healthy,P0364,canine,1,Healthy,0.0000,1.0000,0.0000,0.0000
Healthy/lyria__P0404__b0.png,Healthy,P0404,premolar,1,Healthy,0.0073,0.9927,0.0000,0.0000
Healthy/lyria__P0404__b8.png,Healthy,P0404,premolar,1,Healthy,0.2265,0.7726,0.0009,0.0000
Endodontics/lyria__P0773__b0.png,Endodontics,P0773,premolar,1,Endodontics,0.9927,0.0003,0.0004,0.0067
Endodontics/lyria__P0773__b1.png,Endodontics,P0773,canine,1,Endodontics,0.9998,0.0000,0.0002,0.0000
Endodontics/lyria__P0773__b2.png,Endodontics,P0773,incisor,1,Endodontics,1.0000,0.0000,0.0000,0.0000
Endodontics/lyria__P0773__b3.png,Endodontics,P0773,incisor,1,Endodontics,0.9333,0.0000,0.0000,0.0666
Endodontics/lyria__P0773__b4.png,Endodontics,P0773,incisor,1,Endodontics,1.0000,0.0000,0.0000,0.0000
Endodontics/lyria__P0773__b5.png,Endodontics,P0773,incisor,1,Endodontics,1.0000,0.0000,0.0000,0.0000
Endodontics/lyria__P0773__b6.png,Endodontics,P0773,2nd molar,1,Endodontics,0.9994,0.0000,0.0005,0.0001
Healthy/lyria__P0773__b2.png,Healthy,P0773,incisor,1,Healthy,0.2117,0.7863,0.0000,0.0021
Healthy/lyria__P0773__b3.png,Healthy,P0773,incisor,1,Healthy,0.0017,0.7292,0.0003,0.2688
Endodontics/lyria__P0230__b0.png,Endodontics,P0230,canine,1,Endodontics,1.0000,0.0000,0.0000,0.0000
Endodontics/lyria__P0230__b1.png,Endodontics,P0230,premolar,1,Endodontics,1.0000,0.0000,0.0000,0.0000
Healthy/lyria__P0230__b0.png,Healthy,P0230,premolar,1,Healthy,0.0000,1.0000,0.0000,0.0000
Healthy/lyria__P0230__b3.png,Healthy,P0230,incisor,1,Healthy,0.0000,0.9999,0.0000,0.0001
Endodontics/lyria__P0425__b0.png,Endodontics,P0425,1st molar,1,Endodontics,0.9940,0.0048,0.0012,0.0000
Healthy/lyria__P0425__b10.png,Healthy,P0425,premolar,1,Healthy,0.0278,0.9706,0.0015,0.0001
Healthy/lyria__P0425__b22.png,Healthy,P0425,premolar,1,Healthy,0.0000,0.9999,0.0001,0.0000
Healthy/lyria__P0356__b11.png,Healthy,P0356,2nd molar,1,Healthy,0.0001,0.9993,0.0003,0.0002
Healthy/lyria__P0356__b2.png,Healthy,P0356,premolar,1,Healthy,0.0002,0.9998,0.0000,0.0000
Healthy/lyria__P0396__b23.png,Healthy,P0396,incisor,1,Healthy,0.0000,0.9999,0.0000,0.0001
Healthy/lyria__P0396__b15.png,Healthy,P0396,3rd molar,1,Healthy,0.0003,0.9997,0.0000,0.0000
Endodontics/lyria__P0382__b0.png,Endodontics,P0382,incisor,1,Endodontics,1.0000,0.0000,0.0000,0.0000
Healthy/lyria__P0382__b0.png,Healthy,P0382,3rd molar,1,Healthy,0.0002,0.9998,0.0000,0.0000
Healthy/lyria__P0382__b9.png,Healthy,P0382,3rd molar,1,Healthy,0.0001,0.9118,0.0881,0.0000
Healthy/lyria__P0059__b4.png,Healthy,P0059,incisor,1,Healthy,0.0000,0.9999,0.0001,0.0000
Endodontics/lyria__P0748__b0.png,Endodontics,P0748,1st molar,1,Endodontics,0.9999,0.0000,0.0000,0.0000
Healthy/lyria__P0748__b4.png,Healthy,P0748,canine,1,Healthy,0.0001,0.9995,0.0000,0.0004
Healthy/lyria__P0299__b0.png,Healthy,P0299,3rd molar,1,Healthy,0.0000,1.0000,0.0000,0.0000
Healthy/lyria__P0299__b11.png,Healthy,P0299,premolar,1,Healthy,0.0001,0.9999,0.0000,0.0000
Implant/dentex__103.png,Implant,dentex_103,unknown,1,Implant,0.0000,0.0000,0.0000,1.0000
Endodontics/lyria__P0637__b0.png,Endodontics,P0637,premolar,1,Endodontics,0.9702,0.0001,0.0001,0.0297
Healthy/lyria__P0637__b3.png,Healthy,P0637,incisor,1,Healthy,0.0000,1.0000,0.0000,0.0000
Implant/dentex__58.png,Implant,dentex_58,unknown,1,Implant,0.0441,0.0293,0.0000,0.9266
Endodontics/lyria__P0223__b0.png,Endodontics,P0223,2nd molar,1,Endodontics,1.0000,0.0000,0.0000,0.0000
Healthy/lyria__P0223__b7.png,Healthy,P0223,premolar,1,Healthy,0.0041,0.9958,0.0001,0.0000
Impacted/lyria__P0525__b0.png,Impacted,P0525,3rd molar,1,Impacted,0.0000,0.0000,1.0000,0.0000
Impacted/lyria__P0525__b1.png,Impacted,P0525,3rd molar,1,Impacted,0.0000,0.0001,0.9999,0.0000
Impacted/lyria__P0525__b2.png,Impacted,P0525,3rd molar,1,Impacted,0.0008,0.3270,0.6722,0.0001
Impacted/lyria__P0525__b3.png,Impacted,P0525,3rd molar,1,Healthy,0.0000,0.7574,0.2426,0.0000
Healthy/lyria__P0525__b1.png,Healthy,P0525,incisor,1,Healthy,0.0000,1.0000,0.0000,0.0000
Implant/dentex__162.png,Implant,dentex_162,unknown,1,Implant,0.0000,0.0000,0.0000,1.0000
Impacted/lyria__P0711__b0.png,Impacted,P0711,3rd molar,1,Impacted,0.0000,0.0000,1.0000,0.0000
Endodontics/lyria__P0711__b0.png,Endodontics,P0711,1st molar,1,Endodontics,0.9973,0.0008,0.0018,0.0001
Healthy/lyria__P0711__b8.png,Healthy,P0711,canine,1,Healthy,0.0008,0.9990,0.0001,0.0001
Healthy/lyria__P0711__b6.png,Healthy,P0711,canine,1,Healthy,0.0004,0.9995,0.0001,0.0000
Endodontics/lyria__P0687__b0.png,Endodontics,P0687,1st molar,1,Endodontics,1.0000,0.0000,0.0000,0.0000
Endodontics/lyria__P0687__b1.png,Endodontics,P0687,premolar,1,Endodontics,0.6698,0.2389,0.0000,0.0913
Healthy/lyria__P0687__b12.png,Healthy,P0687,premolar,1,Healthy,0.0001,0.9859,0.0000,0.0141
Healthy/lyria__P0687__b4.png,Healthy,P0687,incisor,1,Healthy,0.0003,0.9930,0.0000,0.0067
Endodontics/lyria__P0348__b0.png,Endodontics,P0348,incisor,1,Endodontics,1.0000,0.0000,0.0000,0.0000
Impacted/lyria__P0348__b0.png,Impacted,P0348,3rd molar,1,Impacted,0.0000,0.0000,1.0000,0.0000
Healthy/lyria__P0348__b0.png,Healthy,P0348,premolar,1,Healthy,0.0009,0.9991,0.0000,0.0000
Healthy/lyria__P0348__b2.png,Healthy,P0348,incisor,1,Healthy,0.0000,1.0000,0.0000,0.0000
Endodontics/lyria__P0703__b0.png,Endodontics,P0703,incisor,1,Endodontics,0.9999,0.0000,0.0000,0.0000
Healthy/lyria__P0703__b0.png,Healthy,P0703,incisor,1,Healthy,0.0001,0.9992,0.0007,0.0000
Healthy/lyria__P0703__b1.png,Healthy,P0703,incisor,1,Healthy,0.0000,0.9999,0.0000,0.0000
Endodontics/lyria__P0771__b0.png,Endodontics,P0771,1st molar,1,Endodontics,1.0000,0.0000,0.0000,0.0000
Endodontics/lyria__P0771__b1.png,Endodontics,P0771,premolar,1,Endodontics,1.0000,0.0000,0.0000,0.0000
Endodontics/lyria__P0771__b2.png,Endodontics,P0771,canine,1,Endodontics,0.9984,0.0000,0.0000,0.0016
Endodontics/lyria__P0771__b3.png,Endodontics,P0771,incisor,1,Endodontics,1.0000,0.0000,0.0000,0.0000
Endodontics/lyria__P0771__b4.png,Endodontics,P0771,incisor,1,Endodontics,1.0000,0.0000,0.0000,0.0000
Endodontics/lyria__P0771__b5.png,Endodontics,P0771,canine,1,Endodontics,0.9997,0.0003,0.0000,0.0000
Endodontics/lyria__P0771__b6.png,Endodontics,P0771,premolar,1,Endodontics,1.0000,0.0000,0.0000,0.0000
Healthy/lyria__P0771__b1.png,Healthy,P0771,incisor,1,Healthy,0.0000,0.9997,0.0002,0.0001
Healthy/lyria__P0771__b5.png,Healthy,P0771,premolar,1,Endodontics,0.9383,0.0612,0.0001,0.0004
Impacted/lyria__P0190__b0.png,Impacted,P0190,3rd molar,1,Impacted,0.0000,0.0000,1.0000,0.0000
Healthy/lyria__P0190__b0.png,Healthy,P0190,2nd molar,1,Healthy,0.0015,0.9979,0.0004,0.0002
Endodontics/lyria__P0293__b0.png,Endodontics,P0293,1st molar,1,Endodontics,0.5997,0.4003,0.0000,0.0000
Healthy/lyria__P0293__b21.png,Healthy,P0293,canine,1,Healthy,0.0000,1.0000,0.0000,0.0000
Endodontics/lyria__P0119__b0.png,Endodontics,P0119,premolar,1,Endodontics,1.0000,0.0000,0.0000,0.0000
Endodontics/lyria__P0119__b1.png,Endodontics,P0119,1st molar,1,Endodontics,1.0000,0.0000,0.0000,0.0000
Healthy/lyria__P0119__b7.png,Healthy,P0119,canine,1,Healthy,0.0000,1.0000,0.0000,0.0000
Healthy/lyria__P0119__b5.png,Healthy,P0119,incisor,1,Healthy,0.0000,0.9966,0.0000,0.0034
Endodontics/lyria__P0069__b0.png,Endodontics,P0069,canine,1,Endodontics,0.6630,0.0013,0.2747,0.0610
Endodontics/lyria__P0069__b1.png,Endodontics,P0069,2nd molar,1,Endodontics,0.9997,0.0000,0.0000,0.0003
Healthy/lyria__P0069__b0.png,Healthy,P0069,incisor,1,Healthy,0.0000,0.9948,0.0000,0.0052
Endodontics/lyria__P0695__b0.png,Endodontics,P0695,1st molar,1,Endodontics,1.0000,0.0000,0.0000,0.0000
Endodontics/lyria__P0695__b1.png,Endodontics,P0695,2nd molar,1,Endodontics,1.0000,0.0000,0.0000,0.0000
Endodontics/lyria__P0695__b2.png,Endodontics,P0695,2nd molar,1,Endodontics,1.0000,0.0000,0.0000,0.0000
Endodontics/lyria__P0695__b3.png,Endodontics,P0695,canine,1,Endodontics,1.0000,0.0000,0.0000,0.0000
Healthy/lyria__P0695__b3.png,Healthy,P0695,incisor,1,Healthy,0.0000,0.9998,0.0001,0.0000
Healthy/lyria__P0695__b4.png,Healthy,P0695,canine,1,Healthy,0.0000,1.0000,0.0000,0.0000
Endodontics/lyria__P0201__b0.png,Endodontics,P0201,incisor,1,Endodontics,1.0000,0.0000,0.0000,0.0000
Healthy/lyria__P0201__b5.png,Healthy,P0201,canine,1,Healthy,0.0000,0.9997,0.0002,0.0001
Healthy/lyria__P0201__b7.png,Healthy,P0201,premolar,1,Healthy,0.0758,0.9202,0.0032,0.0008
Endodontics/lyria__P0206__b0.png,Endodontics,P0206,premolar,1,Endodontics,1.0000,0.0000,0.0000,0.0000
Endodontics/lyria__P0206__b1.png,Endodontics,P0206,premolar,1,Endodontics,1.0000,0.0000,0.0000,0.0000
Healthy/lyria__P0206__b3.png,Healthy,P0206,premolar,1,Healthy,0.2385,0.7610,0.0000,0.0006
Healthy/lyria__P0206__b6.png,Healthy,P0206,incisor,1,Healthy,0.0000,1.0000,0.0000,0.0000
Endodontics/lyria__P0518__b0.png,Endodontics,P0518,1st molar,1,Endodontics,0.6776,0.3221,0.0003,0.0000
Endodontics/lyria__P0518__b1.png,Endodontics,P0518,2nd molar,1,Healthy,0.3589,0.6404,0.0007,0.0000
Healthy/lyria__P0518__b5.png,Healthy,P0518,premolar,1,Healthy,0.0000,0.9999,0.0000,0.0000
Healthy/lyria__P0518__b4.png,Healthy,P0518,canine,1,Healthy,0.0000,1.0000,0.0000,0.0000
Endodontics/lyria__P0639__b0.png,Endodontics,P0639,premolar,1,Endodontics,0.9999,0.0001,0.0000,0.0000
Endodontics/lyria__P0639__b1.png,Endodontics,P0639,1st molar,1,Endodontics,0.9992,0.0003,0.0003,0.0002
Endodontics/lyria__P0639__b2.png,Endodontics,P0639,1st molar,1,Healthy,0.2304,0.7658,0.0034,0.0005
Healthy/lyria__P0639__b10.png,Healthy,P0639,incisor,1,Healthy,0.0000,1.0000,0.0000,0.0000
Healthy/lyria__P0639__b17.png,Healthy,P0639,3rd molar,1,Healthy,0.0000,0.9974,0.0026,0.0000
Healthy/lyria__P0779__b3.png,Healthy,P0779,incisor,1,Healthy,0.0001,0.9964,0.0000,0.0035
Endodontics/lyria__P0112__b0.png,Endodontics,P0112,premolar,1,Endodontics,1.0000,0.0000,0.0000,0.0000
Endodontics/lyria__P0112__b1.png,Endodontics,P0112,canine,1,Endodontics,1.0000,0.0000,0.0000,0.0000
Healthy/lyria__P0112__b5.png,Healthy,P0112,incisor,1,Healthy,0.0000,1.0000,0.0000,0.0000
Healthy/lyria__P0112__b2.png,Healthy,P0112,incisor,1,Healthy,0.0470,0.9338,0.0162,0.0030
Healthy/lyria__P0471__b7.png,Healthy,P0471,incisor,1,Healthy,0.0000,1.0000,0.0000,0.0000
Endodontics/lyria__P0421__b0.png,Endodontics,P0421,incisor,1,Endodontics,0.9974,0.0024,0.0000,0.0002
Healthy/lyria__P0421__b1.png,Healthy,P0421,canine,1,Healthy,0.0032,0.9963,0.0005,0.0000
Endodontics/lyria__P0622__b0.png,Endodontics,P0622,incisor,1,Endodontics,1.0000,0.0000,0.0000,0.0000
Endodontics/lyria__P0622__b1.png,Endodontics,P0622,incisor,1,Endodontics,0.9774,0.0000,0.0000,0.0226
Endodontics/lyria__P0622__b2.png,Endodontics,P0622,premolar,1,Endodontics,0.9990,0.0006,0.0002,0.0002
Healthy/lyria__P0622__b0.png,Healthy,P0622,canine,1,Healthy,0.0001,0.9998,0.0000,0.0001
Healthy/lyria__P0622__b2.png,Healthy,P0622,incisor,1,Healthy,0.0000,0.9951,0.0000,0.0048
Implant/dentex__105.png,Implant,dentex_105,unknown,1,Implant,0.0043,0.0000,0.0000,0.9957
Endodontics/lyria__P0130__b0.png,Endodontics,P0130,premolar,1,Endodontics,1.0000,0.0000,0.0000,0.0000
Endodontics/lyria__P0130__b1.png,Endodontics,P0130,1st molar,1,Endodontics,1.0000,0.0000,0.0000,0.0000
Healthy/lyria__P0130__b6.png,Healthy,P0130,canine,1,Healthy,0.1291,0.8708,0.0000,0.0001
Healthy/lyria__P0130__b12.png,Healthy,P0130,canine,1,Healthy,0.0000,1.0000,0.0000,0.0000
Healthy/lyria__P0335__b6.png,Healthy,P0335,incisor,1,Healthy,0.0001,0.9998,0.0000,0.0001
Healthy/lyria__P0516__b19.png,Healthy,P0516,premolar,1,Healthy,0.0022,0.9978,0.0000,0.0000
Healthy/lyria__P0516__b17.png,Healthy,P0516,incisor,1,Healthy,0.0000,0.9999,0.0001,0.0000
Healthy/lyria__P0431__b1.png,Healthy,P0431,incisor,1,Healthy,0.0028,0.9970,0.0002,0.0000
Healthy/lyria__P0431__b2.png,Healthy,P0431,incisor,1,Healthy,0.0000,0.9999,0.0001,0.0000
Endodontics/lyria__P0140__b0.png,Endodontics,P0140,premolar,1,Endodontics,1.0000,0.0000,0.0000,0.0000
Endodontics/lyria__P0140__b1.png,Endodontics,P0140,incisor,1,Endodontics,1.0000,0.0000,0.0000,0.0000
Endodontics/lyria__P0140__b2.png,Endodontics,P0140,premolar,1,Endodontics,0.9959,0.0000,0.0000,0.0041
Healthy/lyria__P0140__b1.png,Healthy,P0140,canine,1,Healthy,0.0117,0.9883,0.0000,0.0000
Healthy/lyria__P0140__b0.png,Healthy,P0140,2nd molar,1,Healthy,0.0000,1.0000,0.0000,0.0000
Healthy/lyria__P0345__b16.png,Healthy,P0345,premolar,1,Healthy,0.0001,0.9997,0.0002,0.0000
Healthy/lyria__P0345__b12.png,Healthy,P0345,premolar,1,Healthy,0.0001,0.9999,0.0000,0.0000
Healthy/lyria__P0044__b0.png,Healthy,P0044,premolar,1,Healthy,0.0049,0.9838,0.0002,0.0111
Implant/dentex__153.png,Implant,dentex_153,unknown,1,Implant,0.0000,0.0000,0.0000,1.0000
Healthy/lyria__P0324__b25.png,Healthy,P0324,2nd molar,1,Healthy,0.0000,1.0000,0.0000,0.0000
Healthy/lyria__P0483__b11.png,Healthy,P0483,1st molar,1,Healthy,0.0000,1.0000,0.0000,0.0000
Healthy/lyria__P0483__b4.png,Healthy,P0483,incisor,1,Healthy,0.0002,0.9998,0.0000,0.0000
Healthy/lyria__P0179__b7.png,Healthy,P0179,incisor,1,Healthy,0.0000,1.0000,0.0000,0.0000
Healthy/lyria__P0179__b3.png,Healthy,P0179,canine,1,Healthy,0.0000,1.0000,0.0000,0.0000
Endodontics/lyria__P0649__b0.png,Endodontics,P0649,1st molar,1,Endodontics,1.0000,0.0000,0.0000,0.0000
Endodontics/lyria__P0649__b1.png,Endodontics,P0649,premolar,1,Endodontics,0.9998,0.0002,0.0000,0.0000
Healthy/lyria__P0649__b8.png,Healthy,P0649,incisor,1,Healthy,0.0000,1.0000,0.0000,0.0000
Healthy/lyria__P0649__b15.png,Healthy,P0649,premolar,1,Healthy,0.0182,0.9813,0.0004,0.0000
Impacted/lyria__P0320__b0.png,Impacted,P0320,2nd molar,1,Impacted,0.0000,0.0004,0.9996,0.0000
Healthy/lyria__P0320__b24.png,Healthy,P0320,premolar,1,Healthy,0.0019,0.9957,0.0019,0.0005
Endodontics/lyria__P0315__b0.png,Endodontics,P0315,incisor,1,Endodontics,1.0000,0.0000,0.0000,0.0000
Endodontics/lyria__P0315__b1.png,Endodontics,P0315,incisor,1,Endodontics,0.9995,0.0000,0.0000,0.0005
Endodontics/lyria__P0315__b2.png,Endodontics,P0315,canine,1,Endodontics,1.0000,0.0000,0.0000,0.0000
Endodontics/lyria__P0315__b3.png,Endodontics,P0315,premolar,1,Endodontics,1.0000,0.0000,0.0000,0.0000
Endodontics/lyria__P0315__b4.png,Endodontics,P0315,premolar,1,Endodontics,1.0000,0.0000,0.0000,0.0000
Endodontics/lyria__P0315__b5.png,Endodontics,P0315,1st molar,1,Endodontics,0.9931,0.0069,0.0000,0.0000
Healthy/lyria__P0315__b6.png,Healthy,P0315,canine,1,Healthy,0.0003,0.9997,0.0000,0.0000
Endodontics/lyria__P0551__b0.png,Endodontics,P0551,incisor,1,Endodontics,1.0000,0.0000,0.0000,0.0000
Endodontics/lyria__P0551__b1.png,Endodontics,P0551,1st molar,1,Endodontics,1.0000,0.0000,0.0000,0.0000
Endodontics/lyria__P0551__b2.png,Endodontics,P0551,1st molar,1,Endodontics,1.0000,0.0000,0.0000,0.0000
Endodontics/lyria__P0551__b3.png,Endodontics,P0551,2nd molar,1,Endodontics,1.0000,0.0000,0.0000,0.0000
Healthy/lyria__P0551__b5.png,Healthy,P0551,canine,1,Healthy,0.0000,0.9997,0.0002,0.0000
Healthy/lyria__P0551__b0.png,Healthy,P0551,canine,1,Healthy,0.0000,1.0000,0.0000,0.0000
Endodontics/lyria__P0776__b0.png,Endodontics,P0776,incisor,1,Endodontics,1.0000,0.0000,0.0000,0.0000
Endodontics/lyria__P0776__b1.png,Endodontics,P0776,premolar,1,Endodontics,1.0000,0.0000,0.0000,0.0000
Endodontics/lyria__P0776__b2.png,Endodontics,P0776,2nd molar,1,Endodontics,1.0000,0.0000,0.0000,0.0000
Endodontics/lyria__P0776__b3.png,Endodontics,P0776,premolar,1,Endodontics,1.0000,0.0000,0.0000,0.0000
Healthy/lyria__P0776__b1.png,Healthy,P0776,incisor,1,Healthy,0.0000,1.0000,0.0000,0.0000
Healthy/lyria__P0776__b2.png,Healthy,P0776,canine,1,Healthy,0.0000,1.0000,0.0000,0.0000
Endodontics/lyria__P0166__b0.png,Endodontics,P0166,2nd molar,1,Healthy,0.4137,0.5863,0.0000,0.0000
Endodontics/lyria__P0166__b1.png,Endodontics,P0166,incisor,1,Endodontics,0.9999,0.0001,0.0000,0.0000
Healthy/lyria__P0166__b8.png,Healthy,P0166,premolar,1,Healthy,0.0001,0.9999,0.0000,0.0000
Healthy/lyria__P0166__b4.png,Healthy,P0166,premolar,1,Healthy,0.0000,1.0000,0.0000,0.0000
Endodontics/lyria__P0763__b0.png,Endodontics,P0763,premolar,1,Endodontics,1.0000,0.0000,0.0000,0.0000
Endodontics/lyria__P0763__b1.png,Endodontics,P0763,1st molar,1,Endodontics,0.9994,0.0001,0.0003,0.0001
Endodontics/lyria__P0763__b2.png,Endodontics,P0763,2nd molar,1,Endodontics,0.9358,0.0620,0.0007,0.0015
Healthy/lyria__P0763__b2.png,Healthy,P0763,canine,1,Healthy,0.0000,0.9999,0.0000,0.0000
Healthy/lyria__P0763__b5.png,Healthy,P0763,incisor,1,Healthy,0.0001,0.9941,0.0000,0.0059
Endodontics/lyria__P0149__b0.png,Endodontics,P0149,3rd molar,1,Endodontics,1.0000,0.0000,0.0000,0.0000
Endodontics/lyria__P0149__b1.png,Endodontics,P0149,incisor,1,Endodontics,0.9968,0.0001,0.0000,0.0031
Endodontics/lyria__P0149__b2.png,Endodontics,P0149,1st molar,1,Endodontics,1.0000,0.0000,0.0000,0.0000
Healthy/lyria__P0149__b4.png,Healthy,P0149,incisor,1,Healthy,0.0000,1.0000,0.0000,0.0000
Healthy/lyria__P0149__b7.png,Healthy,P0149,canine,1,Healthy,0.0000,1.0000,0.0000,0.0000
Healthy/lyria__P0619__b19.png,Healthy,P0619,premolar,1,Healthy,0.0000,0.9999,0.0000,0.0001
Healthy/lyria__P0619__b3.png,Healthy,P0619,incisor,1,Healthy,0.0105,0.9850,0.0000,0.0045
Healthy/lyria__P0091__b7.png,Healthy,P0091,incisor,1,Healthy,0.0000,1.0000,0.0000,0.0000
Healthy/lyria__P0091__b4.png,Healthy,P0091,premolar,1,Healthy,0.0005,0.9972,0.0018,0.0005
Healthy/lyria__P0231__b5.png,Healthy,P0231,canine,1,Healthy,0.0000,0.9999,0.0000,0.0000
Healthy/lyria__P0231__b6.png,Healthy,P0231,premolar,1,Healthy,0.0005,0.9995,0.0000,0.0000
Endodontics/lyria__P0792__b0.png,Endodontics,P0792,1st molar,1,Endodontics,0.9943,0.0056,0.0001,0.0000
Healthy/lyria__P0792__b6.png,Healthy,P0792,incisor,1,Healthy,0.0000,1.0000,0.0000,0.0000
Healthy/lyria__P0792__b7.png,Healthy,P0792,canine,1,Healthy,0.0000,1.0000,0.0000,0.0000
Endodontics/lyria__P0523__b0.png,Endodontics,P0523,premolar,1,Endodontics,0.9998,0.0000,0.0000,0.0001
Endodontics/lyria__P0523__b1.png,Endodontics,P0523,canine,1,Endodontics,1.0000,0.0000,0.0000,0.0000
Endodontics/lyria__P0523__b2.png,Endodontics,P0523,incisor,1,Endodontics,0.9241,0.0000,0.0000,0.0759
Endodontics/lyria__P0523__b3.png,Endodontics,P0523,incisor,1,Endodontics,1.0000,0.0000,0.0000,0.0000
Endodontics/lyria__P0523__b4.png,Endodontics,P0523,incisor,1,Endodontics,0.9997,0.0000,0.0000,0.0003
Endodontics/lyria__P0523__b5.png,Endodontics,P0523,premolar,1,Endodontics,0.9995,0.0004,0.0000,0.0000
Endodontics/lyria__P0523__b6.png,Endodontics,P0523,premolar,1,Endodontics,1.0000,0.0000,0.0000,0.0000
Healthy/lyria__P0523__b4.png,Healthy,P0523,canine,1,Healthy,0.0000,1.0000,0.0000,0.0000
Endodontics/lyria__P0273__b0.png,Endodontics,P0273,premolar,1,Endodontics,1.0000,0.0000,0.0000,0.0000
Endodontics/lyria__P0273__b1.png,Endodontics,P0273,1st molar,1,Endodontics,1.0000,0.0000,0.0000,0.0000
Endodontics/lyria__P0273__b2.png,Endodontics,P0273,2nd molar,1,Healthy,0.1078,0.7703,0.1219,0.0000
Endodontics/lyria__P0273__b3.png,Endodontics,P0273,1st molar,1,Endodontics,0.9848,0.0138,0.0012,0.0002
Healthy/lyria__P0273__b12.png,Healthy,P0273,incisor,1,Healthy,0.0000,1.0000,0.0000,0.0000
Healthy/lyria__P0182__b11.png,Healthy,P0182,premolar,1,Healthy,0.0000,0.9999,0.0000,0.0001
Healthy/lyria__P0182__b14.png,Healthy,P0182,2nd molar,1,Healthy,0.0001,0.9965,0.0034,0.0000
Healthy/lyria__P0014__b1.png,Healthy,P0014,canine,1,Healthy,0.0000,0.9999,0.0001,0.0000
Healthy/lyria__P0117__b22.png,Healthy,P0117,incisor,1,Healthy,0.0000,1.0000,0.0000,0.0000
Endodontics/lyria__P0184__b0.png,Endodontics,P0184,2nd molar,1,Endodontics,1.0000,0.0000,0.0000,0.0000
Endodontics/lyria__P0184__b1.png,Endodontics,P0184,1st molar,1,Endodontics,0.9992,0.0000,0.0008,0.0000
Endodontics/lyria__P0184__b2.png,Endodontics,P0184,2nd molar,1,Endodontics,1.0000,0.0000,0.0000,0.0000
Healthy/lyria__P0184__b1.png,Healthy,P0184,canine,1,Healthy,0.0001,0.9999,0.0000,0.0000
Endodontics/lyria__P0235__b0.png,Endodontics,P0235,incisor,1,Endodontics,1.0000,0.0000,0.0000,0.0000
Healthy/lyria__P0235__b0.png,Healthy,P0235,canine,1,Healthy,0.0000,0.9999,0.0001,0.0000
Endodontics/lyria__P0644__b0.png,Endodontics,P0644,premolar,1,Endodontics,1.0000,0.0000,0.0000,0.0000
Endodontics/lyria__P0644__b1.png,Endodontics,P0644,premolar,1,Endodontics,1.0000,0.0000,0.0000,0.0000
Endodontics/lyria__P0644__b2.png,Endodontics,P0644,canine,1,Endodontics,1.0000,0.0000,0.0000,0.0000
Endodontics/lyria__P0644__b3.png,Endodontics,P0644,incisor,1,Endodontics,1.0000,0.0000,0.0000,0.0000
Endodontics/lyria__P0644__b4.png,Endodontics,P0644,incisor,1,Endodontics,0.9992,0.0000,0.0000,0.0008
Endodontics/lyria__P0644__b5.png,Endodontics,P0644,incisor,1,Endodontics,1.0000,0.0000,0.0000,0.0000
Endodontics/lyria__P0644__b6.png,Endodontics,P0644,premolar,1,Endodontics,0.9999,0.0001,0.0000,0.0000
Healthy/lyria__P0644__b0.png,Healthy,P0644,canine,1,Healthy,0.0000,1.0000,0.0000,0.0000
Healthy/lyria__P0644__b5.png,Healthy,P0644,canine,1,Healthy,0.0000,1.0000,0.0000,0.0000
Endodontics/lyria__P0212__b0.png,Endodontics,P0212,incisor,1,Endodontics,1.0000,0.0000,0.0000,0.0000
Endodontics/lyria__P0212__b1.png,Endodontics,P0212,incisor,1,Endodontics,0.9995,0.0005,0.0000,0.0000
Endodontics/lyria__P0212__b2.png,Endodontics,P0212,canine,1,Endodontics,1.0000,0.0000,0.0000,0.0000
Endodontics/lyria__P0212__b3.png,Endodontics,P0212,premolar,1,Endodontics,0.7851,0.2147,0.0002,0.0000
Healthy/lyria__P0212__b4.png,Healthy,P0212,premolar,1,Healthy,0.0005,0.9994,0.0001,0.0000
Healthy/lyria__P0030__b4.png,Healthy,P0030,canine,1,Healthy,0.0001,0.9999,0.0000,0.0000
Healthy/lyria__P0030__b3.png,Healthy,P0030,incisor,1,Healthy,0.0000,0.9997,0.0000,0.0003
Healthy/lyria__P0661__b4.png,Healthy,P0661,premolar,1,Healthy,0.0034,0.9966,0.0000,0.0000
Healthy/lyria__P0661__b0.png,Healthy,P0661,incisor,1,Healthy,0.0000,0.9998,0.0001,0.0001
Endodontics/lyria__P0805__b0.png,Endodontics,P0805,incisor,1,Endodontics,0.9969,0.0000,0.0000,0.0031
Endodontics/lyria__P0805__b1.png,Endodontics,P0805,incisor,1,Endodontics,0.9998,0.0002,0.0000,0.0000
Endodontics/lyria__P0805__b2.png,Endodontics,P0805,canine,1,Endodontics,1.0000,0.0000,0.0000,0.0000
Endodontics/lyria__P0805__b3.png,Endodontics,P0805,premolar,1,Endodontics,0.7193,0.2545,0.0262,0.0000
Healthy/lyria__P0805__b5.png,Healthy,P0805,canine,1,Healthy,0.0000,1.0000,0.0000,0.0000
Healthy/lyria__P0805__b6.png,Healthy,P0805,premolar,1,Healthy,0.0002,0.9907,0.0092,0.0000
Healthy/lyria__P0428__b3.png,Healthy,P0428,premolar,1,Healthy,0.0094,0.9898,0.0003,0.0005
Healthy/lyria__P0042__b11.png,Healthy,P0042,premolar,1,Healthy,0.0006,0.9993,0.0001,0.0000
Implant/lyria__P0325__b0.png,Implant,P0325,premolar,1,Implant,0.0012,0.0000,0.0000,0.9988
Implant/lyria__P0325__b1.png,Implant,P0325,premolar,1,Implant,0.0001,0.0000,0.0000,0.9999
Implant/lyria__P0325__b2.png,Implant,P0325,canine,1,Implant,0.0005,0.0000,0.0000,0.9995
Implant/lyria__P0325__b3.png,Implant,P0325,premolar,1,Implant,0.0000,0.0000,0.0000,1.0000
Implant/lyria__P0325__b4.png,Implant,P0325,1st molar,1,Implant,0.0001,0.0000,0.0000,0.9999
Endodontics/lyria__P0325__b0.png,Endodontics,P0325,canine,1,Endodontics,1.0000,0.0000,0.0000,0.0000
Implant/dentex__67.png,Implant,dentex_67,unknown,1,Implant,0.0000,0.0000,0.0000,1.0000
Endodontics/lyria__P0762__b0.png,Endodontics,P0762,incisor,1,Endodontics,1.0000,0.0000,0.0000,0.0000
Endodontics/lyria__P0762__b1.png,Endodontics,P0762,incisor,1,Endodontics,0.9997,0.0002,0.0000,0.0000
Endodontics/lyria__P0762__b2.png,Endodontics,P0762,incisor,1,Endodontics,0.9241,0.0494,0.0004,0.0261
Endodontics/lyria__P0762__b3.png,Endodontics,P0762,premolar,1,Endodontics,0.9954,0.0016,0.0000,0.0030
Endodontics/lyria__P0762__b4.png,Endodontics,P0762,1st molar,1,Endodontics,0.9861,0.0139,0.0000,0.0000
Healthy/lyria__P0762__b1.png,Healthy,P0762,incisor,1,Healthy,0.1039,0.8953,0.0008,0.0000
Healthy/lyria__P0762__b4.png,Healthy,P0762,incisor,1,Healthy,0.0007,0.9902,0.0090,0.0000
Implant/dentex__64.png,Implant,dentex_64,unknown,1,Implant,0.0000,0.0000,0.0000,1.0000
Endodontics/lyria__P0178__b0.png,Endodontics,P0178,incisor,1,Endodontics,1.0000,0.0000,0.0000,0.0000
Endodontics/lyria__P0178__b1.png,Endodontics,P0178,2nd molar,1,Endodontics,1.0000,0.0000,0.0000,0.0000
Healthy/lyria__P0178__b9.png,Healthy,P0178,canine,1,Healthy,0.0000,0.9899,0.0000,0.0101
Healthy/lyria__P0688__b2.png,Healthy,P0688,incisor,1,Healthy,0.0000,1.0000,0.0000,0.0000
Healthy/lyria__P0688__b9.png,Healthy,P0688,3rd molar,1,Healthy,0.0000,0.9925,0.0074,0.0001
Endodontics/lyria__P0022__b0.png,Endodontics,P0022,canine,1,Endodontics,0.7726,0.1934,0.0004,0.0336
Healthy/lyria__P0022__b0.png,Healthy,P0022,incisor,1,Healthy,0.0000,0.9996,0.0004,0.0000
Endodontics/lyria__P0310__b0.png,Endodontics,P0310,premolar,1,Endodontics,1.0000,0.0000,0.0000,0.0000
Endodontics/lyria__P0310__b1.png,Endodontics,P0310,premolar,1,Endodontics,1.0000,0.0000,0.0000,0.0000
Endodontics/lyria__P0310__b2.png,Endodontics,P0310,incisor,1,Endodontics,1.0000,0.0000,0.0000,0.0000
Endodontics/lyria__P0310__b3.png,Endodontics,P0310,incisor,1,Endodontics,1.0000,0.0000,0.0000,0.0000
Endodontics/lyria__P0310__b4.png,Endodontics,P0310,incisor,1,Endodontics,1.0000,0.0000,0.0000,0.0000
Endodontics/lyria__P0310__b5.png,Endodontics,P0310,incisor,1,Endodontics,0.9975,0.0020,0.0000,0.0005
Endodontics/lyria__P0310__b6.png,Endodontics,P0310,premolar,1,Endodontics,1.0000,0.0000,0.0000,0.0000
Endodontics/lyria__P0310__b7.png,Endodontics,P0310,2nd molar,1,Endodontics,0.9998,0.0000,0.0000,0.0002
Healthy/lyria__P0310__b1.png,Healthy,P0310,incisor,1,Healthy,0.0009,0.9990,0.0000,0.0001
Healthy/lyria__P0310__b0.png,Healthy,P0310,incisor,1,Healthy,0.0000,1.0000,0.0000,0.0000
Implant/dentex__149.png,Implant,dentex_149,unknown,1,Implant,0.0000,0.0000,0.0000,1.0000
Impacted/lyria__P0106__b0.png,Impacted,P0106,3rd molar,1,Impacted,0.0000,0.0270,0.9730,0.0000
Impacted/lyria__P0106__b1.png,Impacted,P0106,3rd molar,1,Impacted,0.0000,0.0000,1.0000,0.0000
Impacted/lyria__P0106__b2.png,Impacted,P0106,3rd molar,1,Impacted,0.0000,0.0000,1.0000,0.0000
Healthy/lyria__P0106__b0.png,Healthy,P0106,2nd molar,1,Healthy,0.0000,1.0000,0.0000,0.0000
Endodontics/lyria__P0732__b0.png,Endodontics,P0732,premolar,1,Endodontics,0.9998,0.0000,0.0000,0.0002
Endodontics/lyria__P0732__b1.png,Endodontics,P0732,2nd molar,1,Endodontics,0.9850,0.0019,0.0116,0.0015
Endodontics/lyria__P0732__b2.png,Endodontics,P0732,premolar,1,Endodontics,1.0000,0.0000,0.0000,0.0000
Endodontics/lyria__P0732__b3.png,Endodontics,P0732,2nd molar,1,Endodontics,0.6657,0.0033,0.3309,0.0001
Impacted/lyria__P0732__b0.png,Impacted,P0732,3rd molar,1,Impacted,0.0000,0.0000,1.0000,0.0000
Endodontics/lyria__P0732__b4.png,Endodontics,P0732,2nd molar,1,Endodontics,0.6915,0.0418,0.2546,0.0120
Healthy/lyria__P0732__b10.png,Healthy,P0732,3rd molar,1,Impacted,0.0004,0.0000,0.9996,0.0000
Healthy/lyria__P0732__b0.png,Healthy,P0732,canine,1,Endodontics,0.5721,0.4278,0.0001,0.0000
Healthy/lyria__P0621__b5.png,Healthy,P0621,premolar,1,Healthy,0.0000,0.9996,0.0000,0.0004
Healthy/lyria__P0621__b17.png,Healthy,P0621,premolar,1,Healthy,0.0000,0.9996,0.0000,0.0004
Impacted/lyria__P0585__b0.png,Impacted,P0585,3rd molar,1,Impacted,0.0000,0.0682,0.9318,0.0000
Impacted/lyria__P0585__b1.png,Impacted,P0585,3rd molar,1,Impacted,0.0000,0.0001,0.9999,0.0000
Impacted/lyria__P0585__b2.png,Impacted,P0585,3rd molar,1,Impacted,0.0000,0.0000,1.0000,0.0000
Healthy/lyria__P0585__b11.png,Healthy,P0585,2nd molar,1,Healthy,0.0000,1.0000,0.0000,0.0000
Healthy/lyria__P0585__b17.png,Healthy,P0585,premolar,1,Healthy,0.0000,1.0000,0.0000,0.0000
Healthy/lyria__P0684__b12.png,Healthy,P0684,incisor,1,Healthy,0.0000,0.9996,0.0000,0.0004
Healthy/lyria__P0684__b9.png,Healthy,P0684,canine,1,Healthy,0.0016,0.9979,0.0004,0.0000
Healthy/lyria__P0163__b14.png,Healthy,P0163,2nd molar,1,Healthy,0.0001,0.6719,0.3280,0.0000
Healthy/lyria__P0152__b2.png,Healthy,P0152,incisor,1,Healthy,0.0000,0.9999,0.0000,0.0000
Healthy/lyria__P0152__b0.png,Healthy,P0152,canine,1,Healthy,0.0032,0.9968,0.0000,0.0000
Endodontics/lyria__P0051__b0.png,Endodontics,P0051,premolar,1,Endodontics,1.0000,0.0000,0.0000,0.0000
Endodontics/lyria__P0051__b1.png,Endodontics,P0051,premolar,1,Endodontics,1.0000,0.0000,0.0000,0.0000
Endodontics/lyria__P0051__b2.png,Endodontics,P0051,canine,1,Endodontics,1.0000,0.0000,0.0000,0.0000
Endodontics/lyria__P0051__b3.png,Endodontics,P0051,incisor,1,Endodontics,1.0000,0.0000,0.0000,0.0000
Endodontics/lyria__P0051__b4.png,Endodontics,P0051,incisor,1,Endodontics,1.0000,0.0000,0.0000,0.0000
Endodontics/lyria__P0051__b5.png,Endodontics,P0051,incisor,1,Endodontics,0.9128,0.0000,0.0000,0.0872
Endodontics/lyria__P0051__b6.png,Endodontics,P0051,1st molar,1,Endodontics,1.0000,0.0000,0.0000,0.0000
Endodontics/lyria__P0051__b7.png,Endodontics,P0051,premolar,1,Endodontics,0.9999,0.0000,0.0000,0.0000
Endodontics/lyria__P0051__b8.png,Endodontics,P0051,premolar,1,Endodontics,0.9610,0.0363,0.0020,0.0007
Healthy/lyria__P0051__b0.png,Healthy,P0051,canine,1,Healthy,0.1103,0.8897,0.0000,0.0000
Endodontics/lyria__P0189__b0.png,Endodontics,P0189,premolar,1,Endodontics,0.9998,0.0002,0.0000,0.0000
Endodontics/lyria__P0189__b1.png,Endodontics,P0189,premolar,1,Endodontics,0.9995,0.0005,0.0000,0.0000
Endodontics/lyria__P0189__b2.png,Endodontics,P0189,2nd molar,1,Endodontics,1.0000,0.0000,0.0000,0.0000
Endodontics/lyria__P0189__b3.png,Endodontics,P0189,1st molar,1,Endodontics,1.0000,0.0000,0.0000,0.0000
Healthy/lyria__P0189__b13.png,Healthy,P0189,incisor,1,Healthy,0.0000,1.0000,0.0000,0.0000
Healthy/lyria__P0189__b2.png,Healthy,P0189,incisor,1,Healthy,0.0000,1.0000,0.0000,0.0000
Endodontics/lyria__P0555__b0.png,Endodontics,P0555,incisor,1,Endodontics,1.0000,0.0000,0.0000,0.0000
Endodontics/lyria__P0555__b1.png,Endodontics,P0555,premolar,1,Endodontics,1.0000,0.0000,0.0000,0.0000
Endodontics/lyria__P0555__b2.png,Endodontics,P0555,1st molar,1,Endodontics,1.0000,0.0000,0.0000,0.0000
Healthy/lyria__P0555__b11.png,Healthy,P0555,canine,1,Healthy,0.0002,0.9950,0.0000,0.0048
Endodontics/lyria__P0784__b0.png,Endodontics,P0784,incisor,1,Healthy,0.3433,0.6151,0.0000,0.0416
Endodontics/lyria__P0784__b1.png,Endodontics,P0784,incisor,1,Endodontics,0.9999,0.0001,0.0000,0.0000
Endodontics/lyria__P0784__b2.png,Endodontics,P0784,1st molar,1,Endodontics,0.9999,0.0000,0.0000,0.0000
Endodontics/lyria__P0784__b3.png,Endodontics,P0784,2nd molar,1,Endodontics,0.8349,0.1649,0.0002,0.0000
Endodontics/lyria__P0698__b0.png,Endodontics,P0698,premolar,1,Endodontics,0.9999,0.0000,0.0000,0.0001
Endodontics/lyria__P0698__b1.png,Endodontics,P0698,premolar,1,Endodontics,0.9998,0.0002,0.0000,0.0000
Healthy/lyria__P0698__b1.png,Healthy,P0698,canine,1,Healthy,0.0000,1.0000,0.0000,0.0000
Endodontics/lyria__P0772__b0.png,Endodontics,P0772,premolar,1,Endodontics,0.9994,0.0006,0.0000,0.0000
Endodontics/lyria__P0772__b1.png,Endodontics,P0772,premolar,1,Endodontics,0.9247,0.0150,0.0467,0.0137
Endodontics/lyria__P0772__b2.png,Endodontics,P0772,2nd molar,1,Healthy,0.4608,0.5387,0.0005,0.0000
Healthy/lyria__P0772__b10.png,Healthy,P0772,canine,1,Healthy,0.0000,1.0000,0.0000,0.0000
Healthy/lyria__P0772__b1.png,Healthy,P0772,1st molar,1,Healthy,0.0000,1.0000,0.0000,0.0000
Healthy/lyria__P0636__b8.png,Healthy,P0636,premolar,1,Healthy,0.0000,0.9998,0.0000,0.0002
Healthy/lyria__P0636__b12.png,Healthy,P0636,incisor,1,Healthy,0.0000,0.9998,0.0000,0.0002
Endodontics/lyria__P0685__b0.png,Endodontics,P0685,premolar,1,Healthy,0.4800,0.5173,0.0003,0.0025
Endodontics/lyria__P0685__b1.png,Endodontics,P0685,premolar,1,Endodontics,0.9907,0.0000,0.0000,0.0093
Healthy/lyria__P0685__b3.png,Healthy,P0685,canine,1,Healthy,0.0001,0.9997,0.0000,0.0003
Healthy/lyria__P0685__b5.png,Healthy,P0685,incisor,1,Healthy,0.0000,0.9999,0.0000,0.0001
Implant/dentex__135.png,Implant,dentex_135,unknown,1,Implant,0.0000,0.0000,0.0000,1.0000
Endodontics/lyria__P0224__b0.png,Endodontics,P0224,incisor,1,Endodontics,0.9998,0.0000,0.0000,0.0002
Endodontics/lyria__P0224__b1.png,Endodontics,P0224,incisor,1,Endodontics,0.8122,0.0000,0.0000,0.1878
Endodontics/lyria__P0615__b0.png,Endodontics,P0615,premolar,1,Endodontics,0.9995,0.0000,0.0000,0.0005
Endodontics/lyria__P0615__b1.png,Endodontics,P0615,incisor,1,Endodontics,1.0000,0.0000,0.0000,0.0000
Healthy/lyria__P0615__b2.png,Healthy,P0615,canine,1,Healthy,0.0000,0.9995,0.0000,0.0005
Endodontics/lyria__P0549__b0.png,Endodontics,P0549,incisor,1,Endodontics,0.9954,0.0000,0.0005,0.0042
Healthy/lyria__P0549__b16.png,Healthy,P0549,incisor,1,Healthy,0.0001,0.9998,0.0002,0.0000
Healthy/lyria__P0549__b24.png,Healthy,P0549,1st molar,1,Healthy,0.0000,0.9997,0.0003,0.0000
Endodontics/lyria__P0412__b0.png,Endodontics,P0412,canine,1,Endodontics,1.0000,0.0000,0.0000,0.0000
Endodontics/lyria__P0412__b1.png,Endodontics,P0412,incisor,1,Endodontics,1.0000,0.0000,0.0000,0.0000
Endodontics/lyria__P0412__b2.png,Endodontics,P0412,incisor,1,Endodontics,1.0000,0.0000,0.0000,0.0000
Endodontics/lyria__P0412__b3.png,Endodontics,P0412,incisor,1,Endodontics,0.6680,0.0252,0.3065,0.0002
Endodontics/lyria__P0412__b4.png,Endodontics,P0412,incisor,1,Endodontics,1.0000,0.0000,0.0000,0.0000
Endodontics/lyria__P0412__b5.png,Endodontics,P0412,incisor,1,Endodontics,0.9998,0.0000,0.0002,0.0000
Endodontics/lyria__P0412__b6.png,Endodontics,P0412,premolar,1,Endodontics,0.9002,0.0890,0.0107,0.0001
Endodontics/lyria__P0412__b7.png,Endodontics,P0412,premolar,1,Endodontics,0.9747,0.0001,0.0252,0.0000
Endodontics/lyria__P0148__b0.png,Endodontics,P0148,2nd molar,1,Endodontics,1.0000,0.0000,0.0000,0.0000
Endodontics/lyria__P0148__b1.png,Endodontics,P0148,premolar,1,Endodontics,1.0000,0.0000,0.0000,0.0000
Healthy/lyria__P0148__b3.png,Healthy,P0148,incisor,1,Healthy,0.0000,0.9998,0.0002,0.0000
Healthy/lyria__P0148__b5.png,Healthy,P0148,canine,1,Healthy,0.0000,1.0000,0.0000,0.0000
Endodontics/lyria__P0680__b0.png,Endodontics,P0680,incisor,1,Endodontics,0.9984,0.0000,0.0000,0.0016
Healthy/lyria__P0680__b7.png,Healthy,P0680,canine,1,Healthy,0.0010,0.9987,0.0001,0.0002
Healthy/lyria__P0680__b3.png,Healthy,P0680,canine,1,Healthy,0.0080,0.9916,0.0003,0.0001
Healthy/lyria__P0048__b0.png,Healthy,P0048,incisor,1,Healthy,0.2608,0.3720,0.3671,0.0001
Implant/dentex__112.png,Implant,dentex_112,unknown,1,Implant,0.0000,0.0000,0.0000,1.0000
Endodontics/lyria__P0271__b0.png,Endodontics,P0271,premolar,1,Endodontics,1.0000,0.0000,0.0000,0.0000
Endodontics/lyria__P0271__b1.png,Endodontics,P0271,1st molar,1,Endodontics,1.0000,0.0000,0.0000,0.0000
Healthy/lyria__P0271__b0.png,Healthy,P0271,canine,1,Healthy,0.0212,0.9788,0.0000,0.0000
Healthy/lyria__P0271__b1.png,Healthy,P0271,incisor,1,Healthy,0.0002,0.9996,0.0002,0.0000
Impacted/lyria__P0512__b0.png,Impacted,P0512,3rd molar,1,Impacted,0.0000,0.0000,1.0000,0.0000
Impacted/lyria__P0512__b1.png,Impacted,P0512,3rd molar,1,Impacted,0.0000,0.0021,0.9979,0.0000
Healthy/lyria__P0512__b10.png,Healthy,P0512,premolar,1,Healthy,0.0000,1.0000,0.0000,0.0000
Healthy/lyria__P0512__b13.png,Healthy,P0512,2nd molar,1,Healthy,0.0000,1.0000,0.0000,0.0000
Endodontics/lyria__P0102__b0.png,Endodontics,P0102,incisor,1,Endodontics,1.0000,0.0000,0.0000,0.0000
Healthy/lyria__P0102__b1.png,Healthy,P0102,canine,1,Healthy,0.0112,0.9888,0.0000,0.0000
Healthy/lyria__P0102__b3.png,Healthy,P0102,incisor,1,Healthy,0.0000,1.0000,0.0000,0.0000
Endodontics/lyria__P0450__b0.png,Endodontics,P0450,2nd molar,1,Endodontics,0.9994,0.0006,0.0000,0.0000
Healthy/lyria__P0450__b4.png,Healthy,P0450,canine,1,Healthy,0.0324,0.9639,0.0001,0.0035
Endodontics/lyria__P0240__b0.png,Endodontics,P0240,premolar,1,Endodontics,0.9998,0.0002,0.0000,0.0000
Healthy/lyria__P0240__b7.png,Healthy,P0240,premolar,1,Healthy,0.0000,1.0000,0.0000,0.0000
Healthy/lyria__P0240__b3.png,Healthy,P0240,incisor,1,Healthy,0.0001,0.9999,0.0000,0.0000
Endodontics/lyria__P0381__b0.png,Endodontics,P0381,premolar,1,Endodontics,1.0000,0.0000,0.0000,0.0000
Endodontics/lyria__P0381__b1.png,Endodontics,P0381,canine,1,Endodontics,1.0000,0.0000,0.0000,0.0000
Endodontics/lyria__P0381__b2.png,Endodontics,P0381,incisor,1,Endodontics,0.9997,0.0000,0.0000,0.0003
Endodontics/lyria__P0381__b3.png,Endodontics,P0381,incisor,1,Endodontics,0.9998,0.0000,0.0000,0.0002
Endodontics/lyria__P0381__b4.png,Endodontics,P0381,incisor,1,Endodontics,1.0000,0.0000,0.0000,0.0000
Healthy/lyria__P0691__b0.png,Healthy,P0691,canine,1,Healthy,0.0000,0.9999,0.0000,0.0000
Healthy/lyria__P0691__b3.png,Healthy,P0691,canine,1,Healthy,0.0000,1.0000,0.0000,0.0000
Healthy/lyria__P0047__b1.png,Healthy,P0047,incisor,1,Healthy,0.0003,0.9971,0.0019,0.0007
Healthy/lyria__P0047__b0.png,Healthy,P0047,canine,1,Healthy,0.0095,0.9892,0.0004,0.0009
Endodontics/lyria__P0766__b0.png,Endodontics,P0766,incisor,1,Endodontics,1.0000,0.0000,0.0000,0.0000
Endodontics/lyria__P0766__b1.png,Endodontics,P0766,premolar,1,Endodontics,1.0000,0.0000,0.0000,0.0000
Endodontics/lyria__P0766__b2.png,Endodontics,P0766,premolar,1,Endodontics,1.0000,0.0000,0.0000,0.0000
Endodontics/lyria__P0766__b3.png,Endodontics,P0766,premolar,1,Endodontics,0.9998,0.0002,0.0000,0.0000
Healthy/lyria__P0766__b6.png,Healthy,P0766,canine,1,Healthy,0.3394,0.6604,0.0000,0.0001
Healthy/lyria__P0766__b0.png,Healthy,P0766,canine,1,Healthy,0.0214,0.9768,0.0000,0.0018
Healthy/lyria__P0294__b0.png,Healthy,P0294,premolar,1,Healthy,0.0174,0.9597,0.0205,0.0024
Healthy/lyria__P0294__b6.png,Healthy,P0294,premolar,1,Healthy,0.0005,0.9992,0.0001,0.0002
Endodontics/lyria__P0175__b0.png,Endodontics,P0175,1st molar,1,Endodontics,0.9999,0.0001,0.0000,0.0000
Healthy/lyria__P0175__b8.png,Healthy,P0175,premolar,1,Healthy,0.0001,0.9999,0.0000,0.0000
Healthy/lyria__P0175__b17.png,Healthy,P0175,premolar,1,Healthy,0.0000,1.0000,0.0000,0.0000
Healthy/lyria__P0337__b14.png,Healthy,P0337,incisor,1,Healthy,0.0000,1.0000,0.0000,0.0000
Endodontics/lyria__P0001__b0.png,Endodontics,P0001,premolar,1,Healthy,0.1291,0.7624,0.0046,0.1040
Endodontics/lyria__P0569__b0.png,Endodontics,P0569,incisor,1,Endodontics,1.0000,0.0000,0.0000,0.0000
Endodontics/lyria__P0569__b1.png,Endodontics,P0569,premolar,1,Endodontics,0.9998,0.0002,0.0000,0.0000
Healthy/lyria__P0569__b8.png,Healthy,P0569,incisor,1,Healthy,0.0000,1.0000,0.0000,0.0000
Healthy/lyria__P0569__b2.png,Healthy,P0569,canine,1,Healthy,0.0000,1.0000,0.0000,0.0000
Healthy/lyria__P0023__b4.png,Healthy,P0023,incisor,1,Healthy,0.0000,0.9998,0.0001,0.0000
Healthy/lyria__P0023__b3.png,Healthy,P0023,incisor,1,Healthy,0.0000,0.9996,0.0001,0.0003
Endodontics/lyria__P0807__b0.png,Endodontics,P0807,2nd molar,1,Endodontics,1.0000,0.0000,0.0000,0.0000
Healthy/lyria__P0807__b7.png,Healthy,P0807,incisor,1,Healthy,0.0001,0.9997,0.0002,0.0001
Endodontics/lyria__P0705__b0.png,Endodontics,P0705,premolar,1,Endodontics,0.9921,0.0079,0.0000,0.0000
Endodontics/lyria__P0705__b1.png,Endodontics,P0705,1st molar,1,Endodontics,1.0000,0.0000,0.0000,0.0000
Endodontics/lyria__P0705__b2.png,Endodontics,P0705,2nd molar,1,Endodontics,0.6557,0.3311,0.0132,0.0000
Endodontics/lyria__P0705__b3.png,Endodontics,P0705,2nd molar,1,Endodontics,0.4743,0.1993,0.3263,0.0001
Healthy/lyria__P0705__b6.png,Healthy,P0705,canine,1,Healthy,0.2323,0.7677,0.0000,0.0000
Healthy/lyria__P0705__b4.png,Healthy,P0705,canine,1,Healthy,0.0001,0.9999,0.0000,0.0000
Healthy/lyria__P0333__b19.png,Healthy,P0333,incisor,1,Healthy,0.0003,0.9996,0.0000,0.0000
Endodontics/lyria__P0209__b0.png,Endodontics,P0209,incisor,1,Endodontics,0.9938,0.0061,0.0000,0.0001
Endodontics/lyria__P0209__b1.png,Endodontics,P0209,incisor,1,Endodontics,0.9984,0.0016,0.0000,0.0000
Endodontics/lyria__P0209__b2.png,Endodontics,P0209,1st molar,1,Endodontics,1.0000,0.0000,0.0000,0.0000
Endodontics/lyria__P0209__b3.png,Endodontics,P0209,2nd molar,1,Endodontics,0.9957,0.0037,0.0006,0.0000
Healthy/lyria__P0322__b10.png,Healthy,P0322,premolar,1,Healthy,0.0001,0.9995,0.0000,0.0003
Healthy/lyria__P0322__b0.png,Healthy,P0322,2nd molar,1,Healthy,0.0000,1.0000,0.0000,0.0000
Healthy/lyria__P0541__b10.png,Healthy,P0541,1st molar,1,Healthy,0.0000,1.0000,0.0000,0.0000
Healthy/lyria__P0541__b16.png,Healthy,P0541,incisor,1,Healthy,0.0001,0.9999,0.0000,0.0000
Endodontics/lyria__P0234__b0.png,Endodontics,P0234,incisor,1,Endodontics,1.0000,0.0000,0.0000,0.0000
Endodontics/lyria__P0234__b1.png,Endodontics,P0234,3rd molar,1,Endodontics,0.7445,0.2520,0.0026,0.0009
Healthy/lyria__P0234__b0.png,Healthy,P0234,3rd molar,1,Healthy,0.0013,0.9672,0.0288,0.0026
Endodontics/lyria__P0343__b0.png,Endodontics,P0343,premolar,1,Endodontics,0.9999,0.0001,0.0000,0.0000
Endodontics/lyria__P0343__b1.png,Endodontics,P0343,incisor,1,Endodontics,0.9996,0.0004,0.0000,0.0000
Endodontics/lyria__P0343__b2.png,Endodontics,P0343,canine,1,Endodontics,1.0000,0.0000,0.0000,0.0000
Endodontics/lyria__P0343__b3.png,Endodontics,P0343,premolar,1,Endodontics,1.0000,0.0000,0.0000,0.0000
Endodontics/lyria__P0343__b4.png,Endodontics,P0343,premolar,1,Endodontics,1.0000,0.0000,0.0000,0.0000
Healthy/lyria__P0343__b2.png,Healthy,P0343,incisor,1,Healthy,0.0000,1.0000,0.0000,0.0000
Healthy/lyria__P0506__b1.png,Healthy,P0506,incisor,1,Healthy,0.0000,0.9998,0.0000,0.0002
Healthy/lyria__P0506__b10.png,Healthy,P0506,canine,1,Healthy,0.0000,1.0000,0.0000,0.0000
Implant/dentex__19.png,Implant,dentex_19,unknown,1,Implant,0.0000,0.0000,0.0000,1.0000
Endodontics/lyria__P0260__b0.png,Endodontics,P0260,incisor,1,Endodontics,1.0000,0.0000,0.0000,0.0000
Endodontics/lyria__P0260__b1.png,Endodontics,P0260,incisor,1,Endodontics,1.0000,0.0000,0.0000,0.0000
Impacted/lyria__P0260__b0.png,Impacted,P0260,premolar,1,Endodontics,0.9999,0.0001,0.0000,0.0000
Endodontics/lyria__P0260__b2.png,Endodontics,P0260,incisor,1,Endodontics,0.9999,0.0000,0.0000,0.0001
Healthy/lyria__P0260__b2.png,Healthy,P0260,canine,1,Healthy,0.2345,0.7651,0.0000,0.0003
Healthy/lyria__P0260__b9.png,Healthy,P0260,incisor,1,Healthy,0.0000,0.9963,0.0036,0.0000
Impacted/lyria__P0717__b0.png,Impacted,P0717,3rd molar,1,Impacted,0.0000,0.0004,0.9996,0.0000
Healthy/lyria__P0717__b16.png,Healthy,P0717,premolar,1,Healthy,0.0001,0.9997,0.0001,0.0000
Healthy/lyria__P0717__b2.png,Healthy,P0717,premolar,1,Healthy,0.0022,0.9977,0.0001,0.0000
Healthy/lyria__P0089__b1.png,Healthy,P0089,canine,1,Healthy,0.0003,0.9997,0.0000,0.0000
Healthy/lyria__P0089__b9.png,Healthy,P0089,incisor,1,Healthy,0.0000,0.9997,0.0000,0.0003
Healthy/lyria__P0742__b8.png,Healthy,P0742,2nd molar,1,Healthy,0.0000,1.0000,0.0000,0.0000
Healthy/lyria__P0742__b27.png,Healthy,P0742,2nd molar,1,Healthy,0.0000,1.0000,0.0000,0.0000
Endodontics/lyria__P0374__b0.png,Endodontics,P0374,incisor,1,Endodontics,0.9992,0.0008,0.0000,0.0000
Endodontics/lyria__P0374__b1.png,Endodontics,P0374,premolar,1,Endodontics,0.7376,0.2624,0.0000,0.0000
Healthy/lyria__P0374__b11.png,Healthy,P0374,premolar,1,Healthy,0.0014,0.9965,0.0021,0.0000
Healthy/lyria__P0374__b12.png,Healthy,P0374,2nd molar,1,Healthy,0.0000,0.9999,0.0001,0.0000
Healthy/lyria__P0635__b13.png,Healthy,P0635,premolar,1,Healthy,0.0000,1.0000,0.0000,0.0000
Healthy/lyria__P0635__b7.png,Healthy,P0635,incisor,1,Healthy,0.0000,0.9976,0.0000,0.0024
Endodontics/lyria__P0740__b0.png,Endodontics,P0740,incisor,1,Endodontics,0.9992,0.0005,0.0000,0.0003
Endodontics/lyria__P0740__b1.png,Endodontics,P0740,incisor,1,Endodontics,0.8055,0.0001,0.0001,0.1943
Endodontics/lyria__P0565__b0.png,Endodontics,P0565,premolar,1,Endodontics,1.0000,0.0000,0.0000,0.0000
Endodontics/lyria__P0565__b1.png,Endodontics,P0565,premolar,1,Endodontics,1.0000,0.0000,0.0000,0.0000
Endodontics/lyria__P0565__b2.png,Endodontics,P0565,premolar,1,Endodontics,1.0000,0.0000,0.0000,0.0000
Healthy/lyria__P0565__b19.png,Healthy,P0565,3rd molar,1,Healthy,0.0000,0.6950,0.3050,0.0000
Healthy/lyria__P0142__b7.png,Healthy,P0142,canine,1,Healthy,0.0001,0.9999,0.0000,0.0000
Healthy/lyria__P0142__b4.png,Healthy,P0142,canine,1,Healthy,0.0000,0.9999,0.0000,0.0000
Impacted/lyria__P0758__b0.png,Impacted,P0758,3rd molar,1,Healthy,0.0001,0.6660,0.3338,0.0001
Healthy/lyria__P0758__b12.png,Healthy,P0758,canine,1,Healthy,0.0000,1.0000,0.0000,0.0000
Healthy/lyria__P0321__b3.png,Healthy,P0321,incisor,1,Healthy,0.0004,0.9995,0.0000,0.0001
Healthy/lyria__P0321__b5.png,Healthy,P0321,incisor,1,Healthy,0.0000,0.9997,0.0002,0.0001
Endodontics/lyria__P0640__b0.png,Endodontics,P0640,incisor,1,Endodontics,0.9885,0.0108,0.0000,0.0007
Endodontics/lyria__P0640__b1.png,Endodontics,P0640,incisor,1,Endodontics,0.9993,0.0007,0.0000,0.0000
Endodontics/lyria__P0640__b2.png,Endodontics,P0640,incisor,1,Endodontics,0.9987,0.0013,0.0000,0.0000
Endodontics/lyria__P0640__b3.png,Endodontics,P0640,premolar,1,Endodontics,1.0000,0.0000,0.0000,0.0000
Healthy/lyria__P0640__b9.png,Healthy,P0640,incisor,1,Healthy,0.0000,1.0000,0.0000,0.0000
Healthy/lyria__P0640__b3.png,Healthy,P0640,canine,1,Healthy,0.0044,0.9947,0.0000,0.0009
Healthy/lyria__P0200__b7.png,Healthy,P0200,premolar,1,Healthy,0.0195,0.9804,0.0001,0.0001
Healthy/lyria__P0200__b5.png,Healthy,P0200,canine,1,Healthy,0.0000,1.0000,0.0000,0.0000
Healthy/lyria__P0236__b0.png,Healthy,P0236,premolar,1,Healthy,0.0204,0.9792,0.0000,0.0003
Healthy/lyria__P0236__b4.png,Healthy,P0236,incisor,1,Healthy,0.0000,0.9999,0.0000,0.0001
Healthy/lyria__P0646__b2.png,Healthy,P0646,canine,1,Healthy,0.0000,0.9995,0.0005,0.0000
Healthy/lyria__P0646__b4.png,Healthy,P0646,incisor,1,Healthy,0.0000,0.9996,0.0003,0.0001
Healthy/lyria__P0197__b5.png,Healthy,P0197,incisor,1,Healthy,0.0001,0.9998,0.0000,0.0001
Healthy/lyria__P0197__b13.png,Healthy,P0197,incisor,1,Healthy,0.0001,0.9998,0.0001,0.0001
Endodontics/lyria__P0021__b0.png,Endodontics,P0021,premolar,1,Endodontics,0.9852,0.0000,0.0000,0.0147
Endodontics/lyria__P0021__b1.png,Endodontics,P0021,2nd molar,1,Endodontics,0.9998,0.0002,0.0000,0.0000
Endodontics/lyria__P0021__b2.png,Endodontics,P0021,premolar,1,Endodontics,0.9994,0.0001,0.0000,0.0005
Endodontics/lyria__P0021__b3.png,Endodontics,P0021,2nd molar,1,Endodontics,1.0000,0.0000,0.0000,0.0000
Healthy/lyria__P0021__b8.png,Healthy,P0021,canine,1,Healthy,0.0000,0.9999,0.0000,0.0001
Healthy/lyria__P0021__b3.png,Healthy,P0021,canine,1,Healthy,0.0017,0.9969,0.0000,0.0014
Healthy/lyria__P0755__b3.png,Healthy,P0755,incisor,1,Healthy,0.0002,0.9996,0.0002,0.0000
Healthy/lyria__P0755__b0.png,Healthy,P0755,incisor,1,Healthy,0.0000,1.0000,0.0000,0.0000
Healthy/lyria__P0715__b12.png,Healthy,P0715,incisor,1,Healthy,0.0000,0.9998,0.0000,0.0002
Endodontics/lyria__P0289__b0.png,Endodontics,P0289,premolar,1,Endodontics,1.0000,0.0000,0.0000,0.0000
Endodontics/lyria__P0289__b1.png,Endodontics,P0289,1st molar,1,Endodontics,1.0000,0.0000,0.0000,0.0000
Endodontics/lyria__P0289__b2.png,Endodontics,P0289,1st molar,1,Endodontics,0.9521,0.0478,0.0000,0.0000
Endodontics/lyria__P0289__b3.png,Endodontics,P0289,incisor,1,Endodontics,1.0000,0.0000,0.0000,0.0000
Endodontics/lyria__P0289__b4.png,Endodontics,P0289,canine,1,Endodontics,1.0000,0.0000,0.0000,0.0000
Endodontics/lyria__P0289__b5.png,Endodontics,P0289,premolar,1,Endodontics,1.0000,0.0000,0.0000,0.0000
Endodontics/lyria__P0289__b6.png,Endodontics,P0289,premolar,1,Endodontics,1.0000,0.0000,0.0000,0.0000
Healthy/lyria__P0289__b0.png,Healthy,P0289,canine,1,Healthy,0.0000,1.0000,0.0000,0.0000
Impacted/lyria__P0098__b0.png,Impacted,P0098,3rd molar,1,Impacted,0.0000,0.2312,0.7687,0.0000
Endodontics/lyria__P0098__b0.png,Endodontics,P0098,incisor,1,Endodontics,1.0000,0.0000,0.0000,0.0000
Endodontics/lyria__P0098__b1.png,Endodontics,P0098,incisor,1,Endodontics,0.9939,0.0061,0.0000,0.0000
Endodontics/lyria__P0098__b2.png,Endodontics,P0098,incisor,1,Endodontics,1.0000,0.0000,0.0000,0.0000
Endodontics/lyria__P0098__b3.png,Endodontics,P0098,1st molar,1,Endodontics,0.9999,0.0001,0.0000,0.0000
Impacted/lyria__P0098__b1.png,Impacted,P0098,3rd molar,1,Impacted,0.0000,0.0000,1.0000,0.0000
Healthy/lyria__P0098__b8.png,Healthy,P0098,premolar,1,Healthy,0.0000,1.0000,0.0000,0.0000
Healthy/lyria__P0098__b2.png,Healthy,P0098,3rd molar,1,Healthy,0.0000,0.7507,0.2492,0.0000
Implant/dentex__152.png,Implant,dentex_152,unknown,1,Implant,0.0000,0.0000,0.0000,1.0000
Endodontics/lyria__P0427__b0.png,Endodontics,P0427,premolar,1,Endodontics,1.0000,0.0000,0.0000,0.0000
Healthy/lyria__P0427__b1.png,Healthy,P0427,premolar,1,Healthy,0.0487,0.9338,0.0113,0.0061
Healthy/lyria__P0427__b2.png,Healthy,P0427,canine,1,Healthy,0.0385,0.9493,0.0000,0.0122
Healthy/lyria__P0372__b0.png,Healthy,P0372,canine,1,Healthy,0.0003,0.5062,0.3052,0.1883
Healthy/lyria__P0449__b2.png,Healthy,P0449,premolar,1,Healthy,0.0001,0.9989,0.0000,0.0010
Healthy/lyria__P0449__b23.png,Healthy,P0449,premolar,1,Healthy,0.0000,1.0000,0.0000,0.0000
Endodontics/lyria__P0054__b0.png,Endodontics,P0054,premolar,1,Endodontics,1.0000,0.0000,0.0000,0.0000
Endodontics/lyria__P0054__b1.png,Endodontics,P0054,incisor,1,Endodontics,0.9997,0.0000,0.0000,0.0003
Endodontics/lyria__P0054__b2.png,Endodontics,P0054,premolar,1,Endodontics,1.0000,0.0000,0.0000,0.0000
Endodontics/lyria__P0054__b3.png,Endodontics,P0054,1st molar,1,Endodontics,0.9999,0.0001,0.0000,0.0000
Endodontics/lyria__P0054__b4.png,Endodontics,P0054,2nd molar,1,Endodontics,0.9995,0.0000,0.0002,0.0003
Endodontics/lyria__P0054__b5.png,Endodontics,P0054,premolar,1,Endodontics,1.0000,0.0000,0.0000,0.0000
Endodontics/lyria__P0054__b6.png,Endodontics,P0054,2nd molar,1,Endodontics,0.8210,0.1658,0.0117,0.0016
Healthy/lyria__P0054__b0.png,Healthy,P0054,canine,1,Healthy,0.0544,0.9455,0.0001,0.0001
Healthy/lyria__P0054__b1.png,Healthy,P0054,incisor,1,Healthy,0.0000,1.0000,0.0000,0.0000
Endodontics/lyria__P0699__b0.png,Endodontics,P0699,incisor,1,Endodontics,0.9956,0.0007,0.0001,0.0036
Healthy/lyria__P0699__b2.png,Healthy,P0699,canine,1,Healthy,0.0000,1.0000,0.0000,0.0000
Healthy/lyria__P0132__b14.png,Healthy,P0132,2nd molar,1,Healthy,0.0000,0.9962,0.0038,0.0000
Healthy/lyria__P0132__b0.png,Healthy,P0132,2nd molar,1,Healthy,0.0000,0.9969,0.0030,0.0000
Endodontics/lyria__P0708__b0.png,Endodontics,P0708,2nd molar,1,Endodontics,0.9997,0.0003,0.0000,0.0000
Healthy/lyria__P0708__b11.png,Healthy,P0708,premolar,1,Healthy,0.0000,1.0000,0.0000,0.0000
Healthy/lyria__P0708__b0.png,Healthy,P0708,premolar,1,Healthy,0.1417,0.8571,0.0000,0.0012
Healthy/lyria__P0454__b18.png,Healthy,P0454,premolar,1,Healthy,0.0000,1.0000,0.0000,0.0000
Healthy/lyria__P0454__b11.png,Healthy,P0454,premolar,1,Healthy,0.0001,0.9999,0.0000,0.0000
Healthy/lyria__P0018__b0.png,Healthy,P0018,incisor,1,Healthy,0.0005,0.9809,0.0186,0.0001
Healthy/lyria__P0257__b1.png,Healthy,P0257,incisor,1,Healthy,0.0002,0.9998,0.0000,0.0000
Healthy/lyria__P0257__b0.png,Healthy,P0257,incisor,1,Healthy,0.0019,0.9980,0.0001,0.0000
Healthy/lyria__P0791__b23.png,Healthy,P0791,canine,1,Healthy,0.0001,0.9996,0.0002,0.0001
Healthy/lyria__P0791__b24.png,Healthy,P0791,premolar,1,Healthy,0.0001,0.9999,0.0000,0.0000
Healthy/lyria__P0613__b15.png,Healthy,P0613,premolar,1,Healthy,0.0756,0.9242,0.0000,0.0002
Healthy/lyria__P0613__b5.png,Healthy,P0613,premolar,1,Healthy,0.0000,1.0000,0.0000,0.0000
Endodontics/lyria__P0738__b0.png,Endodontics,P0738,2nd molar,1,Endodontics,1.0000,0.0000,0.0000,0.0000
Endodontics/lyria__P0738__b1.png,Endodontics,P0738,1st molar,1,Endodontics,1.0000,0.0000,0.0000,0.0000
Implant/lyria__P0738__b0.png,Implant,P0738,premolar,1,Implant,0.0242,0.0000,0.0000,0.9758
Endodontics/lyria__P0738__b2.png,Endodontics,P0738,1st molar,1,Endodontics,1.0000,0.0000,0.0000,0.0000
Endodontics/lyria__P0738__b3.png,Endodontics,P0738,2nd molar,1,Endodontics,1.0000,0.0000,0.0000,0.0000
Endodontics/lyria__P0738__b4.png,Endodontics,P0738,premolar,1,Endodontics,1.0000,0.0000,0.0000,0.0000
Endodontics/lyria__P0738__b5.png,Endodontics,P0738,premolar,1,Endodontics,1.0000,0.0000,0.0000,0.0000
Endodontics/lyria__P0738__b6.png,Endodontics,P0738,1st molar,1,Endodontics,0.9997,0.0000,0.0000,0.0003
Endodontics/lyria__P0738__b7.png,Endodontics,P0738,2nd molar,1,Endodontics,1.0000,0.0000,0.0000,0.0000
Healthy/lyria__P0738__b2.png,Healthy,P0738,incisor,1,Healthy,0.0033,0.9966,0.0000,0.0002
Healthy/lyria__P0738__b11.png,Healthy,P0738,canine,1,Healthy,0.0065,0.9919,0.0017,0.0000
Endodontics/lyria__P0564__b0.png,Endodontics,P0564,premolar,1,Endodontics,0.9999,0.0000,0.0000,0.0000
Endodontics/lyria__P0564__b1.png,Endodontics,P0564,premolar,1,Endodontics,0.9997,0.0002,0.0000,0.0000
Healthy/lyria__P0564__b5.png,Healthy,P0564,canine,1,Healthy,0.0000,1.0000,0.0000,0.0000
Healthy/lyria__P0564__b6.png,Healthy,P0564,3rd molar,1,Healthy,0.0029,0.9923,0.0048,0.0000
Endodontics/lyria__P0249__b0.png,Endodontics,P0249,incisor,1,Endodontics,0.9993,0.0005,0.0000,0.0002
Endodontics/lyria__P0249__b1.png,Endodontics,P0249,incisor,1,Endodontics,0.9999,0.0001,0.0000,0.0000
Endodontics/lyria__P0249__b2.png,Endodontics,P0249,incisor,1,Endodontics,1.0000,0.0000,0.0000,0.0000
Endodontics/lyria__P0249__b3.png,Endodontics,P0249,premolar,1,Endodontics,1.0000,0.0000,0.0000,0.0000
Healthy/lyria__P0249__b1.png,Healthy,P0249,incisor,1,Healthy,0.0003,0.9997,0.0000,0.0000
Healthy/lyria__P0249__b2.png,Healthy,P0249,incisor,1,Healthy,0.0001,0.9994,0.0000,0.0005
Endodontics/lyria__P0012__b0.png,Endodontics,P0012,incisor,1,Endodontics,0.8448,0.1488,0.0000,0.0065
Endodontics/lyria__P0012__b1.png,Endodontics,P0012,incisor,1,Endodontics,1.0000,0.0000,0.0000,0.0000
Endodontics/lyria__P0012__b2.png,Endodontics,P0012,incisor,1,Endodontics,1.0000,0.0000,0.0000,0.0000
Healthy/lyria__P0012__b1.png,Healthy,P0012,premolar,1,Healthy,0.0002,0.9997,0.0000,0.0000
Healthy/lyria__P0012__b0.png,Healthy,P0012,2nd molar,1,Healthy,0.0020,0.9979,0.0000,0.0001
Healthy/lyria__P0587__b18.png,Healthy,P0587,premolar,1,Healthy,0.0000,1.0000,0.0000,0.0000
Healthy/lyria__P0587__b12.png,Healthy,P0587,canine,1,Healthy,0.0019,0.9978,0.0000,0.0002
Endodontics/lyria__P0066__b0.png,Endodontics,P0066,2nd molar,1,Endodontics,1.0000,0.0000,0.0000,0.0000
Healthy/lyria__P0066__b0.png,Healthy,P0066,canine,1,Healthy,0.0014,0.9985,0.0000,0.0001
Healthy/lyria__P0066__b2.png,Healthy,P0066,canine,1,Healthy,0.0000,1.0000,0.0000,0.0000
Endodontics/lyria__P0606__b0.png,Endodontics,P0606,2nd molar,1,Endodontics,1.0000,0.0000,0.0000,0.0000
Endodontics/lyria__P0606__b1.png,Endodontics,P0606,1st molar,1,Endodontics,0.9943,0.0055,0.0001,0.0001
Healthy/lyria__P0606__b11.png,Healthy,P0606,incisor,1,Healthy,0.0000,0.9998,0.0000,0.0002
Healthy/lyria__P0606__b5.png,Healthy,P0606,3rd molar,1,Healthy,0.0000,0.9991,0.0009,0.0000
Healthy/lyria__P0076__b7.png,Healthy,P0076,3rd molar,1,Healthy,0.0000,0.9999,0.0001,0.0000
Healthy/lyria__P0076__b12.png,Healthy,P0076,incisor,1,Healthy,0.0000,0.9999,0.0000,0.0000
Endodontics/lyria__P0007__b0.png,Endodontics,P0007,incisor,1,Endodontics,0.9705,0.0000,0.0000,0.0294
Healthy/lyria__P0007__b3.png,Healthy,P0007,incisor,1,Healthy,0.0001,0.9979,0.0000,0.0020
Healthy/lyria__P0007__b0.png,Healthy,P0007,incisor,1,Healthy,0.0000,0.9960,0.0000,0.0039
Endodontics/lyria__P0075__b0.png,Endodontics,P0075,incisor,1,Endodontics,1.0000,0.0000,0.0000,0.0000
Endodontics/lyria__P0075__b1.png,Endodontics,P0075,premolar,1,Endodontics,1.0000,0.0000,0.0000,0.0000
Endodontics/lyria__P0075__b2.png,Endodontics,P0075,premolar,1,Endodontics,0.9997,0.0000,0.0000,0.0003
Healthy/lyria__P0075__b3.png,Healthy,P0075,incisor,1,Healthy,0.0000,0.9978,0.0001,0.0020
Healthy/lyria__P0075__b4.png,Healthy,P0075,incisor,1,Healthy,0.0011,0.9977,0.0001,0.0011
Endodontics/lyria__P0724__b0.png,Endodontics,P0724,premolar,1,Endodontics,1.0000,0.0000,0.0000,0.0000
Endodontics/lyria__P0724__b1.png,Endodontics,P0724,premolar,1,Endodontics,0.9992,0.0008,0.0000,0.0000
Endodontics/lyria__P0724__b2.png,Endodontics,P0724,premolar,1,Endodontics,0.7445,0.2543,0.0005,0.0008
Endodontics/lyria__P0724__b3.png,Endodontics,P0724,1st molar,1,Endodontics,0.7549,0.2446,0.0004,0.0001
Healthy/lyria__P0724__b0.png,Healthy,P0724,canine,1,Healthy,0.0009,0.9989,0.0001,0.0001
Healthy/lyria__P0724__b7.png,Healthy,P0724,incisor,1,Healthy,0.0000,1.0000,0.0000,0.0000
Endodontics/lyria__P0423__b0.png,Endodontics,P0423,incisor,1,Endodontics,1.0000,0.0000,0.0000,0.0000
Endodontics/lyria__P0423__b1.png,Endodontics,P0423,incisor,1,Endodontics,1.0000,0.0000,0.0000,0.0000
Endodontics/lyria__P0423__b2.png,Endodontics,P0423,canine,1,Endodontics,0.9895,0.0000,0.0105,0.0000
Healthy/lyria__P0423__b2.png,Healthy,P0423,incisor,1,Healthy,0.0003,0.9853,0.0142,0.0002
Endodontics/lyria__P0195__b0.png,Endodontics,P0195,premolar,1,Endodontics,1.0000,0.0000,0.0000,0.0000
Healthy/lyria__P0195__b10.png,Healthy,P0195,incisor,1,Healthy,0.0000,0.9998,0.0000,0.0002
Healthy/lyria__P0195__b9.png,Healthy,P0195,incisor,1,Healthy,0.0000,0.9864,0.0000,0.0135
Endodontics/lyria__P0438__b0.png,Endodontics,P0438,premolar,1,Endodontics,1.0000,0.0000,0.0000,0.0000
Endodontics/lyria__P0438__b1.png,Endodontics,P0438,1st molar,1,Endodontics,0.9996,0.0003,0.0000,0.0001
Endodontics/lyria__P0438__b2.png,Endodontics,P0438,2nd molar,1,Endodontics,0.9853,0.0121,0.0021,0.0005
Healthy/lyria__P0438__b5.png,Healthy,P0438,incisor,1,Healthy,0.0006,0.9989,0.0000,0.0005
Healthy/lyria__P0438__b3.png,Healthy,P0438,incisor,1,Healthy,0.0003,0.9996,0.0001,0.0000
Endodontics/lyria__P0582__b0.png,Endodontics,P0582,incisor,1,Endodontics,0.9994,0.0001,0.0000,0.0005
Endodontics/lyria__P0582__b1.png,Endodontics,P0582,incisor,1,Endodontics,0.9991,0.0009,0.0000,0.0000
Endodontics/lyria__P0582__b2.png,Endodontics,P0582,premolar,1,Endodontics,1.0000,0.0000,0.0000,0.0000
Healthy/lyria__P0582__b1.png,Healthy,P0582,incisor,1,Healthy,0.0000,0.9970,0.0000,0.0030
Implant/dentex__129.png,Implant,dentex_129,unknown,1,Implant,0.0000,0.0000,0.0000,1.0000
Endodontics/lyria__P0714__b0.png,Endodontics,P0714,incisor,1,Endodontics,0.9998,0.0000,0.0000,0.0002
Healthy/lyria__P0714__b2.png,Healthy,P0714,incisor,1,Healthy,0.0000,0.9996,0.0001,0.0003
Healthy/lyria__P0714__b4.png,Healthy,P0714,canine,1,Healthy,0.0145,0.9854,0.0001,0.0001
Endodontics/lyria__P0786__b0.png,Endodontics,P0786,1st molar,1,Endodontics,1.0000,0.0000,0.0000,0.0000
Endodontics/lyria__P0786__b1.png,Endodontics,P0786,2nd molar,1,Endodontics,1.0000,0.0000,0.0000,0.0000
Healthy/lyria__P0786__b2.png,Healthy,P0786,premolar,1,Healthy,0.0000,0.9991,0.0009,0.0000
Healthy/lyria__P0786__b8.png,Healthy,P0786,canine,1,Healthy,0.0000,1.0000,0.0000,0.0000
Healthy/lyria__P0225__b4.png,Healthy,P0225,incisor,1,Healthy,0.0000,0.9999,0.0000,0.0001
Healthy/lyria__P0225__b3.png,Healthy,P0225,incisor,1,Healthy,0.0000,0.9999,0.0000,0.0000
Healthy/lyria__P0679__b7.png,Healthy,P0679,incisor,1,Healthy,0.0000,0.9946,0.0053,0.0001
Endodontics/lyria__P0686__b0.png,Endodontics,P0686,premolar,1,Endodontics,1.0000,0.0000,0.0000,0.0000
Healthy/lyria__P0686__b7.png,Healthy,P0686,canine,1,Healthy,0.0000,0.9998,0.0000,0.0001
Healthy/lyria__P0686__b6.png,Healthy,P0686,premolar,1,Healthy,0.0000,0.9997,0.0000,0.0003
Healthy/lyria__P0210__b0.png,Healthy,P0210,2nd molar,1,Healthy,0.0000,1.0000,0.0000,0.0000
Healthy/lyria__P0210__b2.png,Healthy,P0210,2nd molar,1,Healthy,0.0001,0.9998,0.0001,0.0000
Healthy/lyria__P0302__b10.png,Healthy,P0302,premolar,1,Healthy,0.0048,0.9951,0.0000,0.0001
Healthy/lyria__P0302__b2.png,Healthy,P0302,premolar,1,Healthy,0.0007,0.9971,0.0002,0.0021
Implant/dentex__51.png,Implant,dentex_51,unknown,1,Implant,0.0000,0.0002,0.0000,0.9997
Healthy/lyria__P0410__b1.png,Healthy,P0410,premolar,1,Healthy,0.0018,0.9982,0.0000,0.0000
Impacted/lyria__P0191__b0.png,Impacted,P0191,3rd molar,1,Impacted,0.0000,0.0000,1.0000,0.0000
Impacted/lyria__P0191__b1.png,Impacted,P0191,3rd molar,1,Impacted,0.0000,0.0000,1.0000,0.0000
Impacted/lyria__P0191__b2.png,Impacted,P0191,3rd molar,1,Impacted,0.0000,0.0081,0.9919,0.0000
Impacted/lyria__P0191__b3.png,Impacted,P0191,3rd molar,1,Impacted,0.0000,0.0000,1.0000,0.0000
Healthy/lyria__P0191__b18.png,Healthy,P0191,canine,1,Healthy,0.0000,1.0000,0.0000,0.0000
Healthy/lyria__P0191__b3.png,Healthy,P0191,incisor,1,Healthy,0.0000,1.0000,0.0000,0.0000
Endodontics/lyria__P0380__b0.png,Endodontics,P0380,incisor,1,Endodontics,1.0000,0.0000,0.0000,0.0000
Endodontics/lyria__P0380__b1.png,Endodontics,P0380,premolar,1,Endodontics,1.0000,0.0000,0.0000,0.0000
Endodontics/lyria__P0380__b2.png,Endodontics,P0380,premolar,1,Endodontics,1.0000,0.0000,0.0000,0.0000
Endodontics/lyria__P0380__b3.png,Endodontics,P0380,2nd molar,1,Endodontics,1.0000,0.0000,0.0000,0.0000
Healthy/lyria__P0380__b0.png,Healthy,P0380,incisor,1,Healthy,0.0001,0.9999,0.0000,0.0000
Endodontics/lyria__P0419__b0.png,Endodontics,P0419,premolar,1,Healthy,0.4690,0.5301,0.0003,0.0007
Endodontics/lyria__P0419__b1.png,Endodontics,P0419,canine,1,Endodontics,1.0000,0.0000,0.0000,0.0000
Endodontics/lyria__P0419__b2.png,Endodontics,P0419,incisor,1,Endodontics,0.8546,0.1454,0.0000,0.0000
Endodontics/lyria__P0419__b3.png,Endodontics,P0419,incisor,1,Endodontics,1.0000,0.0000,0.0000,0.0000
Endodontics/lyria__P0419__b4.png,Endodontics,P0419,premolar,1,Endodontics,0.9996,0.0003,0.0000,0.0000
Healthy/lyria__P0419__b0.png,Healthy,P0419,incisor,1,Healthy,0.0000,1.0000,0.0000,0.0000
Endodontics/lyria__P0552__b0.png,Endodontics,P0552,premolar,1,Endodontics,0.9977,0.0000,0.0000,0.0023
Healthy/lyria__P0552__b2.png,Healthy,P0552,canine,1,Healthy,0.0000,1.0000,0.0000,0.0000
Healthy/lyria__P0552__b1.png,Healthy,P0552,incisor,1,Healthy,0.0000,0.9995,0.0000,0.0005
Impacted/lyria__P0354__b0.png,Impacted,P0354,3rd molar,1,Impacted,0.0055,0.0010,0.9931,0.0003
Endodontics/lyria__P0354__b0.png,Endodontics,P0354,canine,1,Endodontics,1.0000,0.0000,0.0000,0.0000
Healthy/lyria__P0354__b6.png,Healthy,P0354,incisor,1,Healthy,0.0000,1.0000,0.0000,0.0000
Healthy/lyria__P0354__b0.png,Healthy,P0354,premolar,1,Healthy,0.0001,0.9999,0.0000,0.0001
Endodontics/lyria__P0445__b0.png,Endodontics,P0445,premolar,1,Endodontics,1.0000,0.0000,0.0000,0.0000
Endodontics/lyria__P0445__b1.png,Endodontics,P0445,incisor,1,Endodontics,0.9982,0.0017,0.0000,0.0001
Endodontics/lyria__P0445__b2.png,Endodontics,P0445,incisor,1,Endodontics,1.0000,0.0000,0.0000,0.0000
Endodontics/lyria__P0445__b3.png,Endodontics,P0445,canine,1,Endodontics,1.0000,0.0000,0.0000,0.0000
Healthy/lyria__P0445__b2.png,Healthy,P0445,canine,1,Healthy,0.0001,0.9999,0.0000,0.0000
Healthy/lyria__P0445__b0.png,Healthy,P0445,1st molar,1,Healthy,0.4733,0.5258,0.0004,0.0005
Endodontics/lyria__P0006__b0.png,Endodontics,P0006,premolar,1,Endodontics,1.0000,0.0000,0.0000,0.0000
Endodontics/lyria__P0006__b1.png,Endodontics,P0006,canine,1,Endodontics,1.0000,0.0000,0.0000,0.0000
Endodontics/lyria__P0006__b2.png,Endodontics,P0006,incisor,1,Endodontics,0.9215,0.0020,0.0000,0.0765
Endodontics/lyria__P0006__b3.png,Endodontics,P0006,incisor,1,Endodontics,0.9996,0.0002,0.0000,0.0001
Healthy/lyria__P0006__b3.png,Healthy,P0006,incisor,1,Healthy,0.0000,0.9982,0.0000,0.0018
Healthy/lyria__P0347__b4.png,Healthy,P0347,incisor,1,Healthy,0.0000,0.9999,0.0000,0.0001
Endodontics/lyria__P0031__b0.png,Endodontics,P0031,premolar,1,Endodontics,0.9999,0.0000,0.0000,0.0001
Endodontics/lyria__P0031__b1.png,Endodontics,P0031,canine,1,Endodontics,0.9997,0.0003,0.0000,0.0000
Healthy/lyria__P0031__b2.png,Healthy,P0031,canine,1,Healthy,0.0002,0.9997,0.0001,0.0000
Endodontics/lyria__P0633__b0.png,Endodontics,P0633,incisor,1,Endodontics,0.9995,0.0001,0.0000,0.0003
Endodontics/lyria__P0633__b1.png,Endodontics,P0633,premolar,1,Endodontics,0.9988,0.0004,0.0006,0.0001
Healthy/lyria__P0633__b3.png,Healthy,P0633,incisor,1,Healthy,0.0000,0.9992,0.0000,0.0007
Healthy/lyria__P0633__b2.png,Healthy,P0633,incisor,1,Healthy,0.0000,0.9997,0.0000,0.0002
Endodontics/lyria__P0539__b0.png,Endodontics,P0539,2nd molar,1,Endodontics,0.9857,0.0108,0.0035,0.0000
Healthy/lyria__P0539__b4.png,Healthy,P0539,premolar,1,Healthy,0.0002,0.9984,0.0000,0.0014
Healthy/lyria__P0539__b3.png,Healthy,P0539,incisor,1,Healthy,0.0000,0.9993,0.0004,0.0003
Endodontics/lyria__P0400__b0.png,Endodontics,P0400,1st molar,1,Endodontics,1.0000,0.0000,0.0000,0.0000
Endodontics/lyria__P0400__b1.png,Endodontics,P0400,premolar,1,Endodontics,0.9998,0.0002,0.0000,0.0000
Endodontics/lyria__P0400__b2.png,Endodontics,P0400,incisor,1,Endodontics,0.9978,0.0000,0.0000,0.0022
Endodontics/lyria__P0400__b3.png,Endodontics,P0400,1st molar,1,Endodontics,1.0000,0.0000,0.0000,0.0000
Endodontics/lyria__P0400__b4.png,Endodontics,P0400,1st molar,1,Endodontics,1.0000,0.0000,0.0000,0.0000
Endodontics/lyria__P0400__b5.png,Endodontics,P0400,2nd molar,1,Endodontics,0.9418,0.0581,0.0000,0.0000
Healthy/lyria__P0400__b4.png,Healthy,P0400,incisor,1,Healthy,0.0000,1.0000,0.0000,0.0000
Endodontics/lyria__P0251__b0.png,Endodontics,P0251,incisor,1,Endodontics,0.9997,0.0003,0.0000,0.0000
Endodontics/lyria__P0251__b1.png,Endodontics,P0251,incisor,1,Endodontics,1.0000,0.0000,0.0000,0.0000
Endodontics/lyria__P0251__b2.png,Endodontics,P0251,incisor,1,Endodontics,1.0000,0.0000,0.0000,0.0000
Healthy/lyria__P0251__b2.png,Healthy,P0251,incisor,1,Healthy,0.0001,0.9999,0.0000,0.0000
Healthy/lyria__P0068__b4.png,Healthy,P0068,incisor,1,Healthy,0.0000,1.0000,0.0000,0.0000
Implant/dentex__166.png,Implant,dentex_166,unknown,1,Implant,0.0047,0.0000,0.0000,0.9953
Implant/dentex__137.png,Implant,dentex_137,unknown,1,Implant,0.0001,0.0000,0.0000,0.9999
Endodontics/lyria__P0281__b0.png,Endodontics,P0281,1st molar,1,Endodontics,0.9999,0.0000,0.0000,0.0000
Endodontics/lyria__P0281__b1.png,Endodontics,P0281,incisor,1,Healthy,0.3207,0.6498,0.0038,0.0256
Endodontics/lyria__P0281__b2.png,Endodontics,P0281,incisor,1,Endodontics,0.9999,0.0001,0.0000,0.0000
Healthy/lyria__P0281__b5.png,Healthy,P0281,canine,1,Healthy,0.0000,1.0000,0.0000,0.0000
Endodontics/lyria__P0245__b0.png,Endodontics,P0245,premolar,1,Endodontics,1.0000,0.0000,0.0000,0.0000
Endodontics/lyria__P0245__b1.png,Endodontics,P0245,premolar,1,Endodontics,1.0000,0.0000,0.0000,0.0000
Endodontics/lyria__P0245__b2.png,Endodontics,P0245,premolar,1,Endodontics,1.0000,0.0000,0.0000,0.0000
Endodontics/lyria__P0245__b3.png,Endodontics,P0245,canine,1,Endodontics,1.0000,0.0000,0.0000,0.0000
Endodontics/lyria__P0245__b4.png,Endodontics,P0245,1st molar,1,Endodontics,0.9991,0.0007,0.0001,0.0001
Endodontics/lyria__P0245__b5.png,Endodontics,P0245,premolar,1,Endodontics,0.9999,0.0000,0.0000,0.0000
Healthy/lyria__P0245__b11.png,Healthy,P0245,1st molar,1,Healthy,0.0000,1.0000,0.0000,0.0000
Healthy/lyria__P0157__b3.png,Healthy,P0157,incisor,1,Healthy,0.0000,1.0000,0.0000,0.0000
Healthy/lyria__P0157__b2.png,Healthy,P0157,canine,1,Healthy,0.0006,0.9989,0.0000,0.0005
Endodontics/lyria__P0436__b0.png,Endodontics,P0436,premolar,1,Endodontics,0.9960,0.0000,0.0038,0.0002
Healthy/lyria__P0436__b2.png,Healthy,P0436,incisor,1,Healthy,0.0000,0.9998,0.0001,0.0000
Healthy/lyria__P0436__b3.png,Healthy,P0436,canine,1,Healthy,0.0005,0.7990,0.2001,0.0004
Endodontics/lyria__P0735__b0.png,Endodontics,P0735,1st molar,1,Endodontics,0.9995,0.0005,0.0000,0.0000
Endodontics/lyria__P0735__b1.png,Endodontics,P0735,1st molar,1,Endodontics,1.0000,0.0000,0.0000,0.0000
Healthy/lyria__P0735__b6.png,Healthy,P0735,incisor,1,Healthy,0.0000,1.0000,0.0000,0.0000
Implant/lyria__P0393__b0.png,Implant,P0393,premolar,1,Implant,0.0002,0.0000,0.0000,0.9998
Endodontics/lyria__P0393__b0.png,Endodontics,P0393,premolar,1,Endodontics,1.0000,0.0000,0.0000,0.0000
Endodontics/lyria__P0393__b1.png,Endodontics,P0393,canine,1,Endodontics,0.9438,0.0562,0.0000,0.0000
Endodontics/lyria__P0393__b2.png,Endodontics,P0393,canine,1,Endodontics,0.9970,0.0030,0.0000,0.0000
Endodontics/lyria__P0393__b3.png,Endodontics,P0393,premolar,1,Endodontics,0.9999,0.0001,0.0000,0.0000
Endodontics/lyria__P0393__b4.png,Endodontics,P0393,premolar,1,Endodontics,1.0000,0.0000,0.0000,0.0000
Endodontics/lyria__P0393__b5.png,Endodontics,P0393,3rd molar,1,Endodontics,0.9999,0.0000,0.0000,0.0001
Endodontics/lyria__P0393__b6.png,Endodontics,P0393,2nd molar,1,Endodontics,0.5287,0.0000,0.0000,0.4713
Implant/lyria__P0393__b1.png,Implant,P0393,1st molar,1,Implant,0.0000,0.0000,0.0000,1.0000
Implant/lyria__P0393__b2.png,Implant,P0393,1st molar,1,Implant,0.1293,0.0000,0.0000,0.8707
Healthy/lyria__P0393__b0.png,Healthy,P0393,canine,1,Healthy,0.0006,0.9994,0.0000,0.0000
Endodontics/lyria__P0141__b0.png,Endodontics,P0141,premolar,1,Endodontics,1.0000,0.0000,0.0000,0.0000
Endodontics/lyria__P0141__b1.png,Endodontics,P0141,premolar,1,Endodontics,0.9997,0.0000,0.0000,0.0003
Endodontics/lyria__P0141__b2.png,Endodontics,P0141,premolar,1,Endodontics,1.0000,0.0000,0.0000,0.0000
Healthy/lyria__P0141__b0.png,Healthy,P0141,canine,1,Endodontics,0.6669,0.3330,0.0000,0.0002
Healthy/lyria__P0141__b1.png,Healthy,P0141,premolar,1,Healthy,0.2764,0.7236,0.0000,0.0001
Endodontics/lyria__P0125__b0.png,Endodontics,P0125,premolar,1,Endodontics,0.9252,0.0012,0.0736,0.0000
Healthy/lyria__P0125__b2.png,Healthy,P0125,incisor,1,Healthy,0.0000,0.9970,0.0029,0.0000
Healthy/lyria__P0125__b1.png,Healthy,P0125,canine,1,Healthy,0.0012,0.9988,0.0000,0.0001
Impacted/lyria__P0597__b0.png,Impacted,P0597,3rd molar,1,Impacted,0.0000,0.0552,0.9443,0.0004
Impacted/lyria__P0597__b1.png,Impacted,P0597,3rd molar,1,Impacted,0.0000,0.0000,1.0000,0.0000
Impacted/lyria__P0597__b2.png,Impacted,P0597,3rd molar,1,Impacted,0.0001,0.1817,0.8176,0.0006
Healthy/lyria__P0597__b3.png,Healthy,P0597,premolar,1,Healthy,0.0031,0.9952,0.0003,0.0014
Healthy/lyria__P0597__b9.png,Healthy,P0597,premolar,1,Healthy,0.0160,0.9704,0.0133,0.0004
Impacted/lyria__P0265__b0.png,Impacted,P0265,3rd molar,1,Impacted,0.0000,0.2095,0.7904,0.0000
Healthy/lyria__P0265__b3.png,Healthy,P0265,canine,1,Healthy,0.0000,1.0000,0.0000,0.0000
Healthy/lyria__P0265__b22.png,Healthy,P0265,2nd molar,1,Healthy,0.0000,1.0000,0.0000,0.0000
Healthy/lyria__P0138__b5.png,Healthy,P0138,incisor,1,Healthy,0.0001,0.9998,0.0001,0.0000
Healthy/lyria__P0138__b0.png,Healthy,P0138,canine,1,Healthy,0.0000,0.9999,0.0000,0.0000
Healthy/lyria__P0593__b10.png,Healthy,P0593,premolar,1,Healthy,0.0005,0.9995,0.0000,0.0000
Healthy/lyria__P0593__b7.png,Healthy,P0593,incisor,1,Healthy,0.0000,0.9994,0.0000,0.0006
Healthy/lyria__P0043__b2.png,Healthy,P0043,canine,1,Healthy,0.0000,1.0000,0.0000,0.0000
Healthy/lyria__P0043__b0.png,Healthy,P0043,3rd molar,1,Healthy,0.0003,0.9996,0.0000,0.0001
Endodontics/lyria__P0384__b0.png,Endodontics,P0384,1st molar,1,Endodontics,0.9940,0.0060,0.0000,0.0000
Endodontics/lyria__P0384__b1.png,Endodontics,P0384,premolar,1,Endodontics,0.5226,0.4773,0.0000,0.0000
Healthy/lyria__P0384__b0.png,Healthy,P0384,3rd molar,1,Healthy,0.0029,0.9970,0.0000,0.0000
Healthy/lyria__P0384__b9.png,Healthy,P0384,canine,1,Healthy,0.0000,0.9999,0.0001,0.0000
Healthy/lyria__P0083__b14.png,Healthy,P0083,incisor,1,Healthy,0.0000,1.0000,0.0000,0.0000
Implant/dentex__146.png,Implant,dentex_146,unknown,1,Implant,0.0000,0.0000,0.0000,1.0000
Healthy/lyria__P0339__b20.png,Healthy,P0339,incisor,1,Healthy,0.0000,1.0000,0.0000,0.0000
Healthy/lyria__P0339__b5.png,Healthy,P0339,incisor,1,Healthy,0.0001,0.9999,0.0000,0.0000
Healthy/lyria__P0682__b10.png,Healthy,P0682,incisor,1,Healthy,0.0000,1.0000,0.0000,0.0000
Healthy/lyria__P0682__b11.png,Healthy,P0682,canine,1,Healthy,0.0000,1.0000,0.0000,0.0000
Healthy/lyria__P0359__b8.png,Healthy,P0359,incisor,1,Healthy,0.0030,0.9970,0.0000,0.0000
Endodontics/lyria__P0706__b0.png,Endodontics,P0706,premolar,1,Endodontics,0.9999,0.0000,0.0000,0.0001
Endodontics/lyria__P0706__b1.png,Endodontics,P0706,canine,1,Endodontics,1.0000,0.0000,0.0000,0.0000
Endodontics/lyria__P0706__b2.png,Endodontics,P0706,premolar,1,Endodontics,1.0000,0.0000,0.0000,0.0000
Endodontics/lyria__P0706__b3.png,Endodontics,P0706,premolar,1,Endodontics,1.0000,0.0000,0.0000,0.0000
Endodontics/lyria__P0706__b4.png,Endodontics,P0706,1st molar,1,Endodontics,1.0000,0.0000,0.0000,0.0000
Healthy/lyria__P0706__b0.png,Healthy,P0706,incisor,1,Healthy,0.0002,0.9932,0.0066,0.0000
Healthy/lyria__P0706__b1.png,Healthy,P0706,incisor,1,Healthy,0.0002,0.9991,0.0006,0.0000
Endodontics/lyria__P0702__b0.png,Endodontics,P0702,incisor,1,Endodontics,0.4883,0.4476,0.0353,0.0288
Endodontics/lyria__P0702__b1.png,Endodontics,P0702,incisor,1,Healthy,0.4103,0.4895,0.0000,0.1002
Endodontics/lyria__P0702__b2.png,Endodontics,P0702,canine,1,Endodontics,0.9995,0.0000,0.0000,0.0004
Endodontics/lyria__P0702__b3.png,Endodontics,P0702,1st molar,1,Endodontics,0.9983,0.0000,0.0000,0.0017
Healthy/lyria__P0702__b9.png,Healthy,P0702,premolar,1,Healthy,0.0000,1.0000,0.0000,0.0000
Healthy/lyria__P0702__b3.png,Healthy,P0702,3rd molar,1,Healthy,0.0000,0.9992,0.0007,0.0000
Healthy/lyria__P0494__b13.png,Healthy,P0494,canine,1,Healthy,0.0000,0.9992,0.0000,0.0008
Healthy/lyria__P0494__b6.png,Healthy,P0494,incisor,1,Healthy,0.0000,1.0000,0.0000,0.0000
Endodontics/lyria__P0268__b0.png,Endodontics,P0268,premolar,1,Endodontics,0.9871,0.0100,0.0000,0.0029
Endodontics/lyria__P0268__b1.png,Endodontics,P0268,1st molar,1,Endodontics,0.9999,0.0001,0.0000,0.0000
Healthy/lyria__P0268__b4.png,Healthy,P0268,incisor,1,Healthy,0.0000,0.9999,0.0001,0.0000
Healthy/lyria__P0268__b1.png,Healthy,P0268,incisor,1,Healthy,0.0000,1.0000,0.0000,0.0000
Healthy/lyria__P0492__b14.png,Healthy,P0492,incisor,1,Healthy,0.0000,1.0000,0.0000,0.0000
Healthy/lyria__P0492__b7.png,Healthy,P0492,incisor,1,Healthy,0.0000,0.9999,0.0000,0.0001
Implant/dentex__14.png,Implant,dentex_14,unknown,1,Implant,0.0000,0.0000,0.0000,1.0000
Healthy/lyria__P0447__b23.png,Healthy,P0447,canine,1,Healthy,0.0000,1.0000,0.0000,0.0000
Healthy/lyria__P0447__b8.png,Healthy,P0447,incisor,1,Healthy,0.0002,0.9998,0.0000,0.0000
Implant/dentex__98.png,Implant,dentex_98,unknown,1,Implant,0.0000,0.0000,0.0000,1.0000
Impacted/lyria__P0032__b0.png,Impacted,P0032,3rd molar,1,Impacted,0.0000,0.0000,1.0000,0.0000
Impacted/lyria__P0032__b1.png,Impacted,P0032,3rd molar,1,Impacted,0.0000,0.0000,1.0000,0.0000
Endodontics/lyria__P0032__b0.png,Endodontics,P0032,1st molar,1,Endodontics,1.0000,0.0000,0.0000,0.0000
Healthy/lyria__P0032__b2.png,Healthy,P0032,incisor,1,Healthy,0.0000,0.9999,0.0000,0.0001
Healthy/lyria__P0032__b3.png,Healthy,P0032,incisor,1,Healthy,0.0001,0.9969,0.0000,0.0029
Endodontics/lyria__P0793__b0.png,Endodontics,P0793,1st molar,1,Endodontics,0.9941,0.0059,0.0000,0.0000
Endodontics/lyria__P0793__b1.png,Endodontics,P0793,premolar,1,Endodontics,0.6885,0.3046,0.0067,0.0002
Healthy/lyria__P0793__b10.png,Healthy,P0793,incisor,1,Healthy,0.0000,0.9999,0.0000,0.0000
Healthy/lyria__P0690__b0.png,Healthy,P0690,canine,1,Healthy,0.0000,0.9995,0.0005,0.0000
Healthy/lyria__P0690__b2.png,Healthy,P0690,incisor,1,Healthy,0.0000,0.9995,0.0004,0.0000
Endodontics/lyria__P0761__b0.png,Endodontics,P0761,incisor,1,Endodontics,1.0000,0.0000,0.0000,0.0000
Endodontics/lyria__P0761__b1.png,Endodontics,P0761,premolar,1,Endodontics,1.0000,0.0000,0.0000,0.0000
Impacted/lyria__P0761__b0.png,Impacted,P0761,3rd molar,1,Impacted,0.0000,0.0000,1.0000,0.0000
Healthy/lyria__P0761__b5.png,Healthy,P0761,incisor,1,Healthy,0.0003,0.9986,0.0000,0.0010
Healthy/lyria__P0761__b1.png,Healthy,P0761,premolar,1,Healthy,0.3930,0.6067,0.0001,0.0002
Implant/dentex__57.png,Implant,dentex_57,unknown,1,Implant,0.0000,0.0000,0.0001,0.9999
Impacted/lyria__P0114__b0.png,Impacted,P0114,3rd molar,1,Impacted,0.0000,0.0013,0.9986,0.0000
Impacted/lyria__P0114__b1.png,Impacted,P0114,3rd molar,1,Impacted,0.0000,0.0000,1.0000,0.0000
Healthy/lyria__P0114__b13.png,Healthy,P0114,canine,1,Healthy,0.0000,1.0000,0.0000,0.0000
Healthy/lyria__P0114__b15.png,Healthy,P0114,incisor,1,Healthy,0.0000,1.0000,0.0000,0.0000
Implant/dentex__36.png,Implant,dentex_36,unknown,1,Implant,0.0000,0.0000,0.0000,1.0000
Endodontics/lyria__P0290__b0.png,Endodontics,P0290,premolar,1,Endodontics,1.0000,0.0000,0.0000,0.0000
Endodontics/lyria__P0290__b1.png,Endodontics,P0290,premolar,1,Endodontics,0.7391,0.0000,0.0000,0.2609
Healthy/lyria__P0290__b6.png,Healthy,P0290,canine,1,Healthy,0.0000,1.0000,0.0000,0.0000
Healthy/lyria__P0290__b2.png,Healthy,P0290,incisor,1,Healthy,0.0000,0.9986,0.0000,0.0013
Impacted/lyria__P0491__b0.png,Impacted,P0491,3rd molar,1,Impacted,0.0002,0.2239,0.7760,0.0000
Healthy/lyria__P0491__b19.png,Healthy,P0491,incisor,1,Healthy,0.0000,1.0000,0.0000,0.0000
Healthy/lyria__P0491__b1.png,Healthy,P0491,incisor,1,Healthy,0.0000,0.9999,0.0000,0.0001
Endodontics/lyria__P0781__b0.png,Endodontics,P0781,premolar,1,Endodontics,1.0000,0.0000,0.0000,0.0000
Endodontics/lyria__P0781__b1.png,Endodontics,P0781,premolar,1,Endodontics,0.9996,0.0004,0.0000,0.0000
Healthy/lyria__P0781__b10.png,Healthy,P0781,3rd molar,1,Healthy,0.0001,0.9998,0.0001,0.0000
Endodontics/lyria__P0788__b0.png,Endodontics,P0788,incisor,1,Endodontics,0.9997,0.0002,0.0000,0.0000
Endodontics/lyria__P0788__b1.png,Endodontics,P0788,premolar,1,Endodontics,1.0000,0.0000,0.0000,0.0000
Endodontics/lyria__P0788__b2.png,Endodontics,P0788,1st molar,1,Endodontics,1.0000,0.0000,0.0000,0.0000
Endodontics/lyria__P0788__b3.png,Endodontics,P0788,premolar,1,Endodontics,1.0000,0.0000,0.0000,0.0000
Endodontics/lyria__P0788__b4.png,Endodontics,P0788,1st molar,1,Endodontics,0.9958,0.0004,0.0037,0.0000
Endodontics/lyria__P0788__b5.png,Endodontics,P0788,premolar,1,Endodontics,0.9840,0.0014,0.0001,0.0145
Endodontics/lyria__P0788__b6.png,Endodontics,P0788,1st molar,1,Endodontics,1.0000,0.0000,0.0000,0.0000
Healthy/lyria__P0788__b0.png,Healthy,P0788,canine,1,Healthy,0.0430,0.9568,0.0000,0.0002
Healthy/lyria__P0298__b1.png,Healthy,P0298,incisor,1,Healthy,0.0040,0.9956,0.0002,0.0002
Healthy/lyria__P0298__b3.png,Healthy,P0298,incisor,1,Healthy,0.0180,0.9103,0.0005,0.0712
Healthy/lyria__P0737__b0.png,Healthy,P0737,incisor,1,Healthy,0.0001,0.9990,0.0008,0.0001
Healthy/lyria__P0589__b6.png,Healthy,P0589,premolar,1,Healthy,0.0078,0.9904,0.0008,0.0010
Healthy/lyria__P0589__b2.png,Healthy,P0589,incisor,1,Healthy,0.0000,0.9979,0.0021,0.0000
Endodontics/lyria__P0101__b0.png,Endodontics,P0101,incisor,1,Endodontics,1.0000,0.0000,0.0000,0.0000
Endodontics/lyria__P0101__b1.png,Endodontics,P0101,incisor,1,Endodontics,0.9164,0.0004,0.0002,0.0831
Endodontics/lyria__P0101__b2.png,Endodontics,P0101,incisor,1,Endodontics,0.9999,0.0001,0.0000,0.0000
Endodontics/lyria__P0101__b3.png,Endodontics,P0101,incisor,1,Endodontics,0.9996,0.0000,0.0000,0.0004
Healthy/lyria__P0101__b0.png,Healthy,P0101,premolar,1,Healthy,0.1436,0.8519,0.0043,0.0002
Endodontics/lyria__P0107__b0.png,Endodontics,P0107,incisor,1,Endodontics,1.0000,0.0000,0.0000,0.0000
Endodontics/lyria__P0107__b1.png,Endodontics,P0107,1st molar,1,Endodontics,0.9995,0.0000,0.0004,0.0001
Healthy/lyria__P0107__b3.png,Healthy,P0107,incisor,1,Healthy,0.0000,0.9943,0.0000,0.0056
Healthy/lyria__P0729__b1.png,Healthy,P0729,incisor,1,Healthy,0.0000,0.9998,0.0000,0.0002
Healthy/lyria__P0729__b11.png,Healthy,P0729,premolar,1,Healthy,0.0008,0.9987,0.0005,0.0000
Healthy/lyria__P0590__b11.png,Healthy,P0590,2nd molar,1,Healthy,0.0000,1.0000,0.0000,0.0000
Healthy/lyria__P0590__b18.png,Healthy,P0590,2nd molar,1,Healthy,0.0000,0.9992,0.0008,0.0000
Endodontics/lyria__P0244__b0.png,Endodontics,P0244,incisor,1,Endodontics,1.0000,0.0000,0.0000,0.0000
Endodontics/lyria__P0244__b1.png,Endodontics,P0244,incisor,1,Endodontics,1.0000,0.0000,0.0000,0.0000
Endodontics/lyria__P0244__b2.png,Endodontics,P0244,incisor,1,Endodontics,1.0000,0.0000,0.0000,0.0000
Endodontics/lyria__P0244__b3.png,Endodontics,P0244,canine,1,Endodontics,1.0000,0.0000,0.0000,0.0000
Endodontics/lyria__P0244__b4.png,Endodontics,P0244,1st molar,1,Endodontics,1.0000,0.0000,0.0000,0.0000
Endodontics/lyria__P0244__b5.png,Endodontics,P0244,premolar,1,Endodontics,0.9604,0.0176,0.0006,0.0214
Endodontics/lyria__P0244__b6.png,Endodontics,P0244,premolar,1,Endodontics,0.9977,0.0000,0.0000,0.0023
Endodontics/lyria__P0244__b7.png,Endodontics,P0244,premolar,1,Endodontics,1.0000,0.0000,0.0000,0.0000
Endodontics/lyria__P0244__b8.png,Endodontics,P0244,premolar,1,Endodontics,1.0000,0.0000,0.0000,0.0000
Endodontics/lyria__P0244__b9.png,Endodontics,P0244,1st molar,1,Endodontics,1.0000,0.0000,0.0000,0.0000
Impacted/lyria__P0466__b0.png,Impacted,P0466,3rd molar,1,Impacted,0.0000,0.0000,1.0000,0.0000
Healthy/lyria__P0466__b10.png,Healthy,P0466,canine,1,Healthy,0.0000,1.0000,0.0000,0.0000
Healthy/lyria__P0466__b26.png,Healthy,P0466,premolar,1,Healthy,0.0000,1.0000,0.0000,0.0000
Endodontics/lyria__P0769__b0.png,Endodontics,P0769,incisor,1,Endodontics,0.9997,0.0002,0.0000,0.0000
Endodontics/lyria__P0769__b1.png,Endodontics,P0769,incisor,1,Endodontics,1.0000,0.0000,0.0000,0.0000
Endodontics/lyria__P0769__b2.png,Endodontics,P0769,canine,1,Endodontics,0.9999,0.0001,0.0000,0.0000
Endodontics/lyria__P0769__b3.png,Endodontics,P0769,premolar,1,Endodontics,1.0000,0.0000,0.0000,0.0000
Healthy/lyria__P0769__b0.png,Healthy,P0769,incisor,1,Healthy,0.0001,0.9996,0.0001,0.0003
Healthy/lyria__P0769__b2.png,Healthy,P0769,incisor,1,Healthy,0.0004,0.9996,0.0000,0.0000
Impacted/lyria__P0306__b0.png,Impacted,P0306,3rd molar,1,Impacted,0.0000,0.0000,1.0000,0.0000
Impacted/lyria__P0306__b1.png,Impacted,P0306,3rd molar,1,Impacted,0.0000,0.0000,1.0000,0.0000
Impacted/lyria__P0306__b2.png,Impacted,P0306,3rd molar,1,Impacted,0.0000,0.0001,0.9999,0.0000
Healthy/lyria__P0306__b0.png,Healthy,P0306,2nd molar,1,Healthy,0.0000,0.9883,0.0116,0.0001
Healthy/lyria__P0306__b3.png,Healthy,P0306,premolar,1,Healthy,0.0000,1.0000,0.0000,0.0000
Endodontics/lyria__P0402__b0.png,Endodontics,P0402,incisor,1,Endodontics,1.0000,0.0000,0.0000,0.0000
Endodontics/lyria__P0402__b1.png,Endodontics,P0402,premolar,1,Endodontics,0.9999,0.0000,0.0000,0.0001
Healthy/lyria__P0402__b5.png,Healthy,P0402,premolar,1,Endodontics,0.5118,0.4850,0.0007,0.0026
Healthy/lyria__P0402__b13.png,Healthy,P0402,premolar,1,Healthy,0.0000,0.9999,0.0000,0.0000
Impacted/lyria__P0288__b0.png,Impacted,P0288,3rd molar,1,Impacted,0.0000,0.0000,1.0000,0.0000
Endodontics/lyria__P0288__b0.png,Endodontics,P0288,1st molar,1,Healthy,0.3187,0.6812,0.0000,0.0002
Healthy/lyria__P0288__b16.png,Healthy,P0288,3rd molar,1,Healthy,0.0000,1.0000,0.0000,0.0000
Endodontics/lyria__P0413__b0.png,Endodontics,P0413,incisor,1,Endodontics,1.0000,0.0000,0.0000,0.0000
Endodontics/lyria__P0413__b1.png,Endodontics,P0413,incisor,1,Endodontics,1.0000,0.0000,0.0000,0.0000
Healthy/lyria__P0413__b1.png,Healthy,P0413,canine,1,Healthy,0.0025,0.9975,0.0000,0.0000
Healthy/lyria__P0033__b5.png,Healthy,P0033,canine,1,Healthy,0.0000,0.9999,0.0000,0.0001
Healthy/lyria__P0237__b0.png,Healthy,P0237,canine,1,Healthy,0.0003,0.9996,0.0000,0.0001
Healthy/lyria__P0237__b1.png,Healthy,P0237,premolar,1,Healthy,0.0258,0.9581,0.0134,0.0026
Endodontics/lyria__P0557__b0.png,Endodontics,P0557,incisor,1,Endodontics,0.9976,0.0021,0.0000,0.0004
Endodontics/lyria__P0557__b1.png,Endodontics,P0557,premolar,1,Endodontics,1.0000,0.0000,0.0000,0.0000
Impacted/lyria__P0557__b0.png,Impacted,P0557,3rd molar,1,Impacted,0.0000,0.0000,1.0000,0.0000
Healthy/lyria__P0557__b6.png,Healthy,P0557,incisor,1,Healthy,0.0003,0.9997,0.0000,0.0000
Endodontics/lyria__P0198__b0.png,Endodontics,P0198,incisor,1,Endodontics,0.6960,0.3038,0.0000,0.0002
Endodontics/lyria__P0198__b1.png,Endodontics,P0198,incisor,1,Endodontics,1.0000,0.0000,0.0000,0.0000
Endodontics/lyria__P0198__b2.png,Endodontics,P0198,incisor,1,Endodontics,1.0000,0.0000,0.0000,0.0000
Healthy/lyria__P0198__b0.png,Healthy,P0198,premolar,1,Healthy,0.0236,0.9763,0.0000,0.0000
Endodontics/lyria__P0221__b0.png,Endodontics,P0221,incisor,1,Endodontics,0.9820,0.0000,0.0001,0.0179
Endodontics/lyria__P0221__b1.png,Endodontics,P0221,incisor,1,Endodontics,0.9999,0.0001,0.0000,0.0000
Impacted/lyria__P0221__b0.png,Impacted,P0221,3rd molar,1,Impacted,0.0000,0.0000,1.0000,0.0000
Healthy/lyria__P0221__b7.png,Healthy,P0221,incisor,1,Healthy,0.0000,1.0000,0.0000,0.0000
Healthy/lyria__P0221__b6.png,Healthy,P0221,incisor,1,Healthy,0.0000,0.9999,0.0000,0.0000
Endodontics/lyria__P0408__b0.png,Endodontics,P0408,incisor,1,Endodontics,1.0000,0.0000,0.0000,0.0000
Endodontics/lyria__P0408__b1.png,Endodontics,P0408,premolar,1,Endodontics,0.9999,0.0000,0.0000,0.0001
Healthy/lyria__P0408__b0.png,Healthy,P0408,premolar,1,Healthy,0.0000,0.9999,0.0000,0.0000
Healthy/lyria__P0408__b3.png,Healthy,P0408,incisor,1,Healthy,0.0018,0.9977,0.0004,0.0001
Healthy/lyria__P0746__b9.png,Healthy,P0746,canine,1,Healthy,0.0282,0.9442,0.0258,0.0018
Healthy/lyria__P0746__b1.png,Healthy,P0746,incisor,1,Healthy,0.0000,0.9980,0.0001,0.0019
Healthy/lyria__P0576__b20.png,Healthy,P0576,premolar,1,Healthy,0.0000,1.0000,0.0000,0.0000
Healthy/lyria__P0576__b5.png,Healthy,P0576,canine,1,Healthy,0.0000,0.9996,0.0000,0.0004
Implant/dentex__104.png,Implant,dentex_104,unknown,1,Implant,0.0000,0.0000,0.0000,1.0000
Healthy/lyria__P0694__b3.png,Healthy,P0694,2nd molar,1,Healthy,0.0000,1.0000,0.0000,0.0000
Healthy/lyria__P0694__b9.png,Healthy,P0694,canine,1,Healthy,0.0000,1.0000,0.0000,0.0000
Healthy/lyria__P0252__b6.png,Healthy,P0252,premolar,1,Healthy,0.0295,0.9689,0.0002,0.0015
Healthy/lyria__P0252__b5.png,Healthy,P0252,canine,1,Healthy,0.0035,0.9917,0.0041,0.0007
Endodontics/lyria__P0571__b0.png,Endodontics,P0571,premolar,1,Endodontics,0.7249,0.2655,0.0000,0.0096
Healthy/lyria__P0571__b4.png,Healthy,P0571,premolar,1,Healthy,0.0001,0.9998,0.0001,0.0000
Healthy/lyria__P0571__b9.png,Healthy,P0571,premolar,1,Healthy,0.0001,0.9999,0.0000,0.0000
Healthy/lyria__P0035__b4.png,Healthy,P0035,incisor,1,Healthy,0.0000,0.9986,0.0002,0.0012
Healthy/lyria__P0035__b3.png,Healthy,P0035,incisor,1,Healthy,0.0003,0.9984,0.0000,0.0013
Endodontics/lyria__P0323__b0.png,Endodontics,P0323,1st molar,1,Healthy,0.3274,0.6726,0.0000,0.0000
Healthy/lyria__P0323__b4.png,Healthy,P0323,canine,1,Healthy,0.0001,0.9999,0.0000,0.0000
Healthy/lyria__P0323__b11.png,Healthy,P0323,premolar,1,Healthy,0.0001,0.9999,0.0000,0.0000
Endodontics/lyria__P0524__b0.png,Endodontics,P0524,incisor,1,Endodontics,1.0000,0.0000,0.0000,0.0000
Healthy/lyria__P0524__b2.png,Healthy,P0524,1st molar,1,Healthy,0.0021,0.9541,0.0435,0.0003
Healthy/lyria__P0524__b0.png,Healthy,P0524,premolar,1,Healthy,0.0002,0.9886,0.0106,0.0006
Healthy/lyria__P0264__b9.png,Healthy,P0264,canine,1,Healthy,0.0000,1.0000,0.0000,0.0000
Healthy/lyria__P0264__b14.png,Healthy,P0264,3rd molar,1,Healthy,0.0000,1.0000,0.0000,0.0000
Endodontics/lyria__P0797__b0.png,Endodontics,P0797,canine,1,Endodontics,1.0000,0.0000,0.0000,0.0000
Endodontics/lyria__P0797__b1.png,Endodontics,P0797,incisor,1,Endodontics,1.0000,0.0000,0.0000,0.0000
Healthy/lyria__P0275__b5.png,Healthy,P0275,3rd molar,1,Healthy,0.0001,0.9998,0.0001,0.0000
Endodontics/lyria__P0328__b0.png,Endodontics,P0328,incisor,1,Endodontics,1.0000,0.0000,0.0000,0.0000
Healthy/lyria__P0328__b1.png,Healthy,P0328,incisor,1,Healthy,0.0013,0.9981,0.0002,0.0005
Healthy/lyria__P0328__b2.png,Healthy,P0328,canine,1,Healthy,0.0000,1.0000,0.0000,0.0000
Healthy/lyria__P0575__b10.png,Healthy,P0575,canine,1,Healthy,0.0000,0.9998,0.0000,0.0001
Healthy/lyria__P0575__b12.png,Healthy,P0575,incisor,1,Healthy,0.0000,0.9983,0.0006,0.0012
Endodontics/lyria__P0312__b0.png,Endodontics,P0312,premolar,1,Endodontics,0.9999,0.0001,0.0000,0.0000
Healthy/lyria__P0312__b10.png,Healthy,P0312,incisor,1,Healthy,0.0000,0.9997,0.0000,0.0003
Healthy/lyria__P0312__b2.png,Healthy,P0312,incisor,1,Healthy,0.0000,0.9994,0.0000,0.0005
Healthy/lyria__P0026__b7.png,Healthy,P0026,canine,1,Healthy,0.0000,1.0000,0.0000,0.0000
Healthy/lyria__P0026__b6.png,Healthy,P0026,incisor,1,Healthy,0.0000,1.0000,0.0000,0.0000
Endodontics/lyria__P0156__b0.png,Endodontics,P0156,canine,1,Endodontics,0.9999,0.0000,0.0000,0.0000
Endodontics/lyria__P0156__b1.png,Endodontics,P0156,incisor,1,Endodontics,0.9806,0.0194,0.0000,0.0000
Healthy/lyria__P0156__b5.png,Healthy,P0156,incisor,1,Healthy,0.0007,0.9973,0.0000,0.0020
Healthy/lyria__P0156__b10.png,Healthy,P0156,premolar,1,Healthy,0.0000,1.0000,0.0000,0.0000
Implant/dentex__37.png,Implant,dentex_37,unknown,1,Implant,0.0000,0.0000,0.0000,1.0000
Healthy/lyria__P0510__b5.png,Healthy,P0510,incisor,1,Healthy,0.0010,0.9982,0.0000,0.0008
Healthy/lyria__P0510__b0.png,Healthy,P0510,incisor,1,Healthy,0.0001,0.9997,0.0000,0.0002
Endodontics/lyria__P0522__b0.png,Endodontics,P0522,3rd molar,1,Endodontics,0.9997,0.0000,0.0002,0.0001
Endodontics/lyria__P0522__b1.png,Endodontics,P0522,premolar,1,Endodontics,0.9993,0.0000,0.0000,0.0006
Endodontics/lyria__P0522__b2.png,Endodontics,P0522,premolar,1,Endodontics,1.0000,0.0000,0.0000,0.0000
Endodontics/lyria__P0522__b3.png,Endodontics,P0522,incisor,1,Endodontics,0.9999,0.0001,0.0000,0.0000
Endodontics/lyria__P0522__b4.png,Endodontics,P0522,incisor,1,Endodontics,0.9999,0.0000,0.0000,0.0000
Endodontics/lyria__P0522__b5.png,Endodontics,P0522,canine,1,Endodontics,1.0000,0.0000,0.0000,0.0000
Endodontics/lyria__P0522__b6.png,Endodontics,P0522,premolar,1,Endodontics,1.0000,0.0000,0.0000,0.0000
Endodontics/lyria__P0522__b7.png,Endodontics,P0522,premolar,1,Endodontics,1.0000,0.0000,0.0000,0.0000
Endodontics/lyria__P0522__b8.png,Endodontics,P0522,2nd molar,1,Impacted,0.2467,0.0929,0.6075,0.0529
Endodontics/lyria__P0522__b9.png,Endodontics,P0522,canine,1,Endodontics,0.9995,0.0000,0.0000,0.0005
Endodontics/lyria__P0545__b0.png,Endodontics,P0545,premolar,1,Endodontics,0.9999,0.0001,0.0000,0.0000
Endodontics/lyria__P0545__b1.png,Endodontics,P0545,2nd molar,1,Endodontics,0.9999,0.0000,0.0000,0.0001
Endodontics/lyria__P0545__b2.png,Endodontics,P0545,premolar,1,Endodontics,1.0000,0.0000,0.0000,0.0000
Endodontics/lyria__P0545__b3.png,Endodontics,P0545,2nd molar,1,Endodontics,0.9997,0.0003,0.0000,0.0000
Healthy/lyria__P0545__b4.png,Healthy,P0545,incisor,1,Healthy,0.0000,0.9999,0.0001,0.0000
Healthy/lyria__P0545__b0.png,Healthy,P0545,canine,1,Healthy,0.0263,0.9735,0.0000,0.0001
Endodontics/lyria__P0220__b0.png,Endodontics,P0220,premolar,1,Endodontics,1.0000,0.0000,0.0000,0.0000
Endodontics/lyria__P0220__b1.png,Endodontics,P0220,1st molar,1,Endodontics,1.0000,0.0000,0.0000,0.0000
Healthy/lyria__P0220__b11.png,Healthy,P0220,incisor,1,Healthy,0.0000,0.9999,0.0000,0.0001
Endodontics/lyria__P0370__b0.png,Endodontics,P0370,premolar,1,Endodontics,1.0000,0.0000,0.0000,0.0000
Endodontics/lyria__P0370__b1.png,Endodontics,P0370,incisor,1,Endodontics,1.0000,0.0000,0.0000,0.0000
Endodontics/lyria__P0370__b2.png,Endodontics,P0370,premolar,1,Endodontics,1.0000,0.0000,0.0000,0.0000
Endodontics/lyria__P0370__b3.png,Endodontics,P0370,premolar,1,Endodontics,1.0000,0.0000,0.0000,0.0000
Healthy/lyria__P0370__b0.png,Healthy,P0370,canine,1,Healthy,0.2102,0.7897,0.0000,0.0001
Endodontics/lyria__P0610__b0.png,Endodontics,P0610,incisor,1,Endodontics,0.9998,0.0002,0.0000,0.0000
Endodontics/lyria__P0610__b1.png,Endodontics,P0610,incisor,1,Endodontics,0.9999,0.0000,0.0000,0.0000
Impacted/lyria__P0610__b0.png,Impacted,P0610,3rd molar,1,Impacted,0.0000,0.0000,1.0000,0.0000
Endodontics/lyria__P0610__b2.png,Endodontics,P0610,premolar,1,Endodontics,0.9936,0.0000,0.0000,0.0063
Endodontics/lyria__P0610__b3.png,Endodontics,P0610,1st molar,1,Endodontics,0.9934,0.0066,0.0000,0.0000
Healthy/lyria__P0610__b7.png,Healthy,P0610,incisor,1,Healthy,0.0000,0.9998,0.0002,0.0000
Healthy/lyria__P0610__b13.png,Healthy,P0610,premolar,1,Healthy,0.0210,0.9776,0.0013,0.0000
Impacted/lyria__P0067__b0.png,Impacted,P0067,3rd molar,1,Impacted,0.0000,0.0734,0.9266,0.0000
Endodontics/lyria__P0067__b0.png,Endodontics,P0067,incisor,1,Endodontics,0.6659,0.0000,0.0000,0.3341
Healthy/lyria__P0067__b2.png,Healthy,P0067,incisor,1,Healthy,0.0000,1.0000,0.0000,0.0000
Endodontics/lyria__P0065__b0.png,Endodontics,P0065,1st molar,1,Endodontics,0.9811,0.0006,0.0017,0.0165
Endodontics/lyria__P0065__b1.png,Endodontics,P0065,2nd molar,1,Healthy,0.3405,0.5699,0.0895,0.0001
Healthy/lyria__P0065__b6.png,Healthy,P0065,incisor,1,Healthy,0.0000,1.0000,0.0000,0.0000
Healthy/lyria__P0432__b2.png,Healthy,P0432,incisor,1,Healthy,0.0002,0.9998,0.0000,0.0000
Healthy/lyria__P0432__b8.png,Healthy,P0432,incisor,1,Healthy,0.0000,1.0000,0.0000,0.0000
Endodontics/lyria__P0004__b0.png,Endodontics,P0004,canine,1,Endodontics,0.9820,0.0162,0.0009,0.0009
Endodontics/lyria__P0004__b1.png,Endodontics,P0004,incisor,1,Endodontics,0.7073,0.2926,0.0000,0.0001
Endodontics/lyria__P0004__b2.png,Endodontics,P0004,2nd molar,1,Endodontics,0.9213,0.0369,0.0375,0.0043
Endodontics/lyria__P0004__b3.png,Endodontics,P0004,incisor,1,Endodontics,0.9406,0.0333,0.0055,0.0207
Endodontics/lyria__P0004__b4.png,Endodontics,P0004,incisor,1,Endodontics,0.9974,0.0001,0.0000,0.0025
Healthy/lyria__P0004__b3.png,Healthy,P0004,canine,1,Healthy,0.0004,0.9982,0.0004,0.0011
Healthy/lyria__P0004__b1.png,Healthy,P0004,incisor,1,Healthy,0.0001,0.9986,0.0000,0.0013
Healthy/lyria__P0253__b21.png,Healthy,P0253,incisor,1,Healthy,0.0000,1.0000,0.0000,0.0000
Impacted/lyria__P0478__b0.png,Impacted,P0478,3rd molar,1,Impacted,0.0000,0.4595,0.5404,0.0001
Impacted/lyria__P0478__b1.png,Impacted,P0478,3rd molar,1,Impacted,0.0000,0.0005,0.9995,0.0000
Healthy/lyria__P0478__b24.png,Healthy,P0478,3rd molar,1,Impacted,0.0000,0.1140,0.8860,0.0000
Healthy/lyria__P0478__b11.png,Healthy,P0478,2nd molar,1,Healthy,0.0000,1.0000,0.0000,0.0000
Endodontics/lyria__P0547__b0.png,Endodontics,P0547,1st molar,1,Endodontics,0.9999,0.0000,0.0000,0.0000
Endodontics/lyria__P0547__b1.png,Endodontics,P0547,premolar,1,Endodontics,1.0000,0.0000,0.0000,0.0000
Endodontics/lyria__P0547__b2.png,Endodontics,P0547,premolar,1,Endodontics,0.9996,0.0004,0.0000,0.0000
Endodontics/lyria__P0547__b3.png,Endodontics,P0547,premolar,1,Endodontics,1.0000,0.0000,0.0000,0.0000
Healthy/lyria__P0547__b10.png,Healthy,P0547,canine,1,Healthy,0.0426,0.9572,0.0000,0.0002
Impacted/lyria__P0579__b0.png,Impacted,P0579,3rd molar,1,Impacted,0.0068,0.0346,0.6725,0.2860
Impacted/lyria__P0579__b1.png,Impacted,P0579,3rd molar,1,Impacted,0.0000,0.0001,0.9997,0.0001
Impacted/lyria__P0579__b2.png,Impacted,P0579,3rd molar,1,Impacted,0.0000,0.0003,0.9986,0.0011
Impacted/lyria__P0579__b3.png,Impacted,P0579,3rd molar,1,Impacted,0.0007,0.0001,0.9992,0.0001
Healthy/lyria__P0579__b14.png,Healthy,P0579,premolar,1,Healthy,0.0000,0.9999,0.0000,0.0001
Endodontics/lyria__P0099__b0.png,Endodontics,P0099,premolar,1,Endodontics,1.0000,0.0000,0.0000,0.0000
Endodontics/lyria__P0099__b1.png,Endodontics,P0099,incisor,1,Endodontics,1.0000,0.0000,0.0000,0.0000
Endodontics/lyria__P0099__b2.png,Endodontics,P0099,incisor,1,Endodontics,0.9991,0.0000,0.0000,0.0009
Endodontics/lyria__P0099__b3.png,Endodontics,P0099,incisor,1,Endodontics,1.0000,0.0000,0.0000,0.0000
Healthy/lyria__P0099__b1.png,Healthy,P0099,canine,1,Healthy,0.0004,0.9996,0.0000,0.0000
Healthy/lyria__P0099__b6.png,Healthy,P0099,incisor,1,Healthy,0.0000,1.0000,0.0000,0.0000
Healthy/lyria__P0111__b7.png,Healthy,P0111,premolar,1,Healthy,0.0002,0.9998,0.0000,0.0000
Healthy/lyria__P0111__b11.png,Healthy,P0111,premolar,1,Healthy,0.0003,0.9997,0.0000,0.0000
Healthy/lyria__P0583__b0.png,Healthy,P0583,canine,1,Healthy,0.0000,1.0000,0.0000,0.0000
Healthy/lyria__P0583__b1.png,Healthy,P0583,incisor,1,Healthy,0.0001,0.9997,0.0000,0.0002
Endodontics/lyria__P0160__b0.png,Endodontics,P0160,1st molar,1,Endodontics,1.0000,0.0000,0.0000,0.0000
Endodontics/lyria__P0160__b1.png,Endodontics,P0160,premolar,1,Endodontics,1.0000,0.0000,0.0000,0.0000
Endodontics/lyria__P0160__b2.png,Endodontics,P0160,incisor,1,Endodontics,0.9956,0.0000,0.0000,0.0044
Endodontics/lyria__P0160__b3.png,Endodontics,P0160,incisor,1,Endodontics,0.9679,0.0041,0.0000,0.0281
Healthy/lyria__P0160__b4.png,Healthy,P0160,incisor,1,Healthy,0.0000,0.9998,0.0000,0.0002
Healthy/lyria__P0160__b0.png,Healthy,P0160,canine,1,Healthy,0.1212,0.8787,0.0000,0.0000
Impacted/lyria__P0497__b0.png,Impacted,P0497,3rd molar,1,Impacted,0.0000,0.0005,0.9995,0.0000
Impacted/lyria__P0497__b1.png,Impacted,P0497,3rd molar,1,Impacted,0.0000,0.0000,1.0000,0.0000
Impacted/lyria__P0497__b2.png,Impacted,P0497,3rd molar,1,Impacted,0.0000,0.0004,0.9996,0.0000
Impacted/lyria__P0497__b3.png,Impacted,P0497,3rd molar,1,Impacted,0.0000,0.1798,0.8202,0.0000
Healthy/lyria__P0497__b27.png,Healthy,P0497,2nd molar,1,Healthy,0.0000,1.0000,0.0000,0.0000
Healthy/lyria__P0497__b7.png,Healthy,P0497,incisor,1,Healthy,0.0000,1.0000,0.0000,0.0000
Healthy/lyria__P0391__b18.png,Healthy,P0391,premolar,1,Healthy,0.0000,0.9999,0.0000,0.0000
Healthy/lyria__P0316__b10.png,Healthy,P0316,incisor,1,Healthy,0.0000,0.9999,0.0001,0.0000
Healthy/lyria__P0316__b0.png,Healthy,P0316,2nd molar,1,Healthy,0.0000,1.0000,0.0000,0.0000
Implant/dentex__119.png,Implant,dentex_119,unknown,1,Implant,0.0000,0.0000,0.0000,1.0000
Endodontics/lyria__P0176__b0.png,Endodontics,P0176,2nd molar,1,Endodontics,1.0000,0.0000,0.0000,0.0000
Endodontics/lyria__P0176__b1.png,Endodontics,P0176,1st molar,1,Endodontics,1.0000,0.0000,0.0000,0.0000
Endodontics/lyria__P0176__b2.png,Endodontics,P0176,premolar,1,Endodontics,1.0000,0.0000,0.0000,0.0000
Endodontics/lyria__P0176__b3.png,Endodontics,P0176,canine,1,Endodontics,1.0000,0.0000,0.0000,0.0000
Endodontics/lyria__P0176__b4.png,Endodontics,P0176,canine,1,Endodontics,1.0000,0.0000,0.0000,0.0000
Endodontics/lyria__P0176__b5.png,Endodontics,P0176,premolar,1,Endodontics,1.0000,0.0000,0.0000,0.0000
Endodontics/lyria__P0176__b6.png,Endodontics,P0176,premolar,1,Endodontics,0.9233,0.0001,0.0000,0.0766
Healthy/lyria__P0176__b0.png,Healthy,P0176,3rd molar,1,Healthy,0.0002,0.9988,0.0009,0.0001
Healthy/lyria__P0488__b13.png,Healthy,P0488,2nd molar,1,Healthy,0.0000,1.0000,0.0000,0.0000
Healthy/lyria__P0488__b18.png,Healthy,P0488,canine,1,Healthy,0.0000,1.0000,0.0000,0.0000
Endodontics/lyria__P0630__b0.png,Endodontics,P0630,incisor,1,Endodontics,0.9999,0.0001,0.0000,0.0000
Healthy/lyria__P0630__b9.png,Healthy,P0630,premolar,1,Healthy,0.0173,0.9819,0.0000,0.0008
Endodontics/lyria__P0588__b0.png,Endodontics,P0588,premolar,1,Endodontics,1.0000,0.0000,0.0000,0.0000
Endodontics/lyria__P0588__b1.png,Endodontics,P0588,premolar,1,Endodontics,0.9998,0.0000,0.0000,0.0002
Endodontics/lyria__P0588__b2.png,Endodontics,P0588,2nd molar,1,Endodontics,1.0000,0.0000,0.0000,0.0000
Healthy/lyria__P0588__b0.png,Healthy,P0588,incisor,1,Healthy,0.0000,0.9987,0.0000,0.0013
Healthy/lyria__P0588__b2.png,Healthy,P0588,incisor,1,Healthy,0.0001,0.9998,0.0000,0.0001
Healthy/lyria__P0612__b7.png,Healthy,P0612,premolar,1,Healthy,0.0000,1.0000,0.0000,0.0000
Healthy/lyria__P0612__b5.png,Healthy,P0612,incisor,1,Healthy,0.0000,1.0000,0.0000,0.0000
Healthy/lyria__P0581__b11.png,Healthy,P0581,canine,1,Healthy,0.0001,0.9999,0.0000,0.0000
Healthy/lyria__P0581__b1.png,Healthy,P0581,incisor,1,Healthy,0.0001,0.9998,0.0000,0.0001
Endodontics/lyria__P0368__b0.png,Endodontics,P0368,canine,1,Endodontics,1.0000,0.0000,0.0000,0.0000
Healthy/lyria__P0368__b13.png,Healthy,P0368,incisor,1,Healthy,0.0001,0.9999,0.0000,0.0000
Healthy/lyria__P0368__b9.png,Healthy,P0368,premolar,1,Healthy,0.0037,0.9960,0.0003,0.0000
Implant/dentex__61.png,Implant,dentex_61,unknown,1,Implant,0.0025,0.0000,0.0000,0.9975
Healthy/lyria__P0013__b4.png,Healthy,P0013,canine,1,Healthy,0.3245,0.6749,0.0006,0.0000
Healthy/lyria__P0013__b0.png,Healthy,P0013,canine,1,Healthy,0.0048,0.9234,0.0704,0.0014
Endodontics/lyria__P0361__b0.png,Endodontics,P0361,premolar,1,Endodontics,1.0000,0.0000,0.0000,0.0000
Endodontics/lyria__P0361__b1.png,Endodontics,P0361,incisor,1,Endodontics,1.0000,0.0000,0.0000,0.0000
Endodontics/lyria__P0361__b2.png,Endodontics,P0361,incisor,1,Endodontics,0.9998,0.0000,0.0002,0.0000
Healthy/lyria__P0361__b1.png,Healthy,P0361,canine,1,Healthy,0.0000,1.0000,0.0000,0.0000
Implant/dentex__39.png,Implant,dentex_39,unknown,1,Implant,0.0000,0.0000,0.0000,1.0000
Endodontics/lyria__P0543__b0.png,Endodontics,P0543,1st molar,1,Endodontics,1.0000,0.0000,0.0000,0.0000
Endodontics/lyria__P0543__b1.png,Endodontics,P0543,premolar,1,Endodontics,0.7948,0.0011,0.0057,0.1984
Endodontics/lyria__P0543__b2.png,Endodontics,P0543,canine,1,Endodontics,0.6587,0.0000,0.0548,0.2865
Endodontics/lyria__P0543__b3.png,Endodontics,P0543,premolar,1,Impacted,0.3203,0.2644,0.3798,0.0355
Healthy/lyria__P0455__b7.png,Healthy,P0455,incisor,1,Healthy,0.0000,0.9998,0.0001,0.0000
Healthy/lyria__P0455__b3.png,Healthy,P0455,premolar,1,Healthy,0.0000,1.0000,0.0000,0.0000
Healthy/lyria__P0710__b0.png,Healthy,P0710,incisor,1,Healthy,0.0007,0.9960,0.0000,0.0033
Healthy/lyria__P0710__b1.png,Healthy,P0710,incisor,1,Healthy,0.0001,0.9987,0.0000,0.0012
Endodontics/lyria__P0313__b0.png,Endodontics,P0313,incisor,1,Endodontics,0.9999,0.0000,0.0000,0.0001
Endodontics/lyria__P0313__b1.png,Endodontics,P0313,incisor,1,Endodontics,0.9999,0.0001,0.0000,0.0000
Endodontics/lyria__P0313__b2.png,Endodontics,P0313,incisor,1,Endodontics,1.0000,0.0000,0.0000,0.0000
Endodontics/lyria__P0313__b3.png,Endodontics,P0313,premolar,1,Endodontics,0.9998,0.0002,0.0000,0.0000
Healthy/lyria__P0313__b0.png,Healthy,P0313,incisor,1,Healthy,0.0000,0.9999,0.0000,0.0001
Healthy/lyria__P0313__b2.png,Healthy,P0313,incisor,1,Healthy,0.0002,0.9998,0.0000,0.0000
Endodontics/lyria__P0046__b0.png,Endodontics,P0046,2nd molar,1,Endodontics,0.5320,0.4676,0.0003,0.0000
Healthy/lyria__P0046__b2.png,Healthy,P0046,canine,1,Healthy,0.0033,0.9967,0.0000,0.0000
Healthy/lyria__P0046__b3.png,Healthy,P0046,incisor,1,Healthy,0.0036,0.9567,0.0000,0.0397
Endodontics/lyria__P0406__b0.png,Endodontics,P0406,canine,1,Endodontics,1.0000,0.0000,0.0000,0.0000
Healthy/lyria__P0406__b4.png,Healthy,P0406,incisor,1,Healthy,0.0000,0.9996,0.0004,0.0000
Implant/dentex__142.png,Implant,dentex_142,unknown,1,Implant,0.0000,0.0001,0.0000,0.9999
Endodontics/lyria__P0386__b0.png,Endodontics,P0386,2nd molar,1,Endodontics,1.0000,0.0000,0.0000,0.0000
Endodontics/lyria__P0386__b1.png,Endodontics,P0386,1st molar,1,Endodontics,1.0000,0.0000,0.0000,0.0000
Healthy/lyria__P0386__b9.png,Healthy,P0386,premolar,1,Healthy,0.1260,0.8739,0.0001,0.0000
Healthy/lyria__P0386__b4.png,Healthy,P0386,incisor,1,Healthy,0.0001,0.9987,0.0011,0.0002
Endodontics/lyria__P0651__b0.png,Endodontics,P0651,premolar,1,Endodontics,0.9995,0.0000,0.0003,0.0001
Healthy/lyria__P0651__b4.png,Healthy,P0651,premolar,1,Healthy,0.0003,0.9996,0.0000,0.0001
Healthy/lyria__P0651__b7.png,Healthy,P0651,incisor,1,Healthy,0.0000,0.9999,0.0000,0.0000
Implant/dentex__7.png,Implant,dentex_7,unknown,1,Implant,0.0000,0.0000,0.0000,1.0000
Healthy/lyria__P0233__b3.png,Healthy,P0233,incisor,1,Healthy,0.0000,1.0000,0.0000,0.0000
Healthy/lyria__P0233__b2.png,Healthy,P0233,incisor,1,Healthy,0.0000,0.9999,0.0001,0.0000
Endodontics/lyria__P0652__b0.png,Endodontics,P0652,canine,1,Endodontics,0.9995,0.0000,0.0000,0.0004
Endodontics/lyria__P0652__b1.png,Endodontics,P0652,premolar,1,Endodontics,0.9996,0.0000,0.0000,0.0003
Endodontics/lyria__P0652__b2.png,Endodontics,P0652,premolar,1,Endodontics,0.9716,0.0247,0.0037,0.0000
Endodontics/lyria__P0652__b3.png,Endodontics,P0652,1st molar,1,Endodontics,1.0000,0.0000,0.0000,0.0000
Endodontics/lyria__P0652__b4.png,Endodontics,P0652,premolar,1,Endodontics,1.0000,0.0000,0.0000,0.0000
Endodontics/lyria__P0652__b5.png,Endodontics,P0652,canine,1,Endodontics,1.0000,0.0000,0.0000,0.0000
Endodontics/lyria__P0652__b6.png,Endodontics,P0652,incisor,1,Endodontics,0.9983,0.0017,0.0000,0.0000
Endodontics/lyria__P0652__b7.png,Endodontics,P0652,canine,1,Endodontics,1.0000,0.0000,0.0000,0.0000
Healthy/lyria__P0652__b0.png,Healthy,P0652,incisor,1,Healthy,0.0000,0.9999,0.0000,0.0001
Healthy/lyria__P0608__b0.png,Healthy,P0608,premolar,1,Healthy,0.0012,0.9982,0.0006,0.0001
Healthy/lyria__P0629__b6.png,Healthy,P0629,premolar,1,Healthy,0.0008,0.8806,0.0000,0.1186
Healthy/lyria__P0629__b4.png,Healthy,P0629,incisor,1,Healthy,0.0101,0.5790,0.0000,0.4109
Impacted/lyria__P0181__b0.png,Impacted,P0181,3rd molar,1,Impacted,0.0000,0.0006,0.9993,0.0001
Impacted/lyria__P0181__b1.png,Impacted,P0181,3rd molar,1,Impacted,0.0000,0.0002,0.9998,0.0000
Impacted/lyria__P0181__b2.png,Impacted,P0181,3rd molar,1,Impacted,0.0000,0.0000,1.0000,0.0000
Healthy/lyria__P0181__b8.png,Healthy,P0181,premolar,1,Healthy,0.1506,0.8492,0.0000,0.0001
Healthy/lyria__P0181__b6.png,Healthy,P0181,incisor,1,Healthy,0.0000,0.9999,0.0000,0.0001
Healthy/lyria__P0697__b3.png,Healthy,P0697,incisor,1,Healthy,0.0003,0.9951,0.0024,0.0022
Endodontics/lyria__P0689__b0.png,Endodontics,P0689,premolar,1,Endodontics,0.9998,0.0000,0.0000,0.0002
Endodontics/lyria__P0689__b1.png,Endodontics,P0689,premolar,1,Endodontics,1.0000,0.0000,0.0000,0.0000
Endodontics/lyria__P0689__b2.png,Endodontics,P0689,1st molar,1,Endodontics,0.9999,0.0001,0.0000,0.0000
Endodontics/lyria__P0689__b3.png,Endodontics,P0689,premolar,1,Endodontics,0.9998,0.0000,0.0000,0.0002
Endodontics/lyria__P0689__b4.png,Endodontics,P0689,1st molar,1,Endodontics,1.0000,0.0000,0.0000,0.0000
Endodontics/lyria__P0689__b5.png,Endodontics,P0689,2nd molar,1,Endodontics,0.9973,0.0025,0.0002,0.0000
Endodontics/lyria__P0689__b6.png,Endodontics,P0689,premolar,1,Endodontics,1.0000,0.0000,0.0000,0.0000
Endodontics/lyria__P0689__b7.png,Endodontics,P0689,2nd molar,1,Endodontics,0.9999,0.0000,0.0000,0.0000
Endodontics/lyria__P0689__b8.png,Endodontics,P0689,1st molar,1,Endodontics,1.0000,0.0000,0.0000,0.0000
Healthy/lyria__P0689__b6.png,Healthy,P0689,canine,1,Healthy,0.0001,0.9988,0.0008,0.0002
Endodontics/lyria__P0558__b0.png,Endodontics,P0558,1st molar,1,Endodontics,1.0000,0.0000,0.0000,0.0000
Endodontics/lyria__P0558__b1.png,Endodontics,P0558,premolar,1,Endodontics,0.6366,0.3633,0.0000,0.0000
Endodontics/lyria__P0558__b2.png,Endodontics,P0558,premolar,1,Endodontics,1.0000,0.0000,0.0000,0.0000
Healthy/lyria__P0558__b6.png,Healthy,P0558,3rd molar,1,Healthy,0.0309,0.9048,0.0625,0.0017
Healthy/lyria__P0558__b5.png,Healthy,P0558,premolar,1,Healthy,0.0000,1.0000,0.0000,0.0000
Healthy/lyria__P0609__b7.png,Healthy,P0609,premolar,1,Healthy,0.0000,1.0000,0.0000,0.0000
Endodontics/lyria__P0631__b0.png,Endodontics,P0631,1st molar,1,Endodontics,0.9999,0.0000,0.0000,0.0001
Healthy/lyria__P0631__b3.png,Healthy,P0631,3rd molar,1,Healthy,0.0000,0.9999,0.0000,0.0000
Healthy/lyria__P0532__b22.png,Healthy,P0532,premolar,1,Healthy,0.0000,1.0000,0.0000,0.0000
Healthy/lyria__P0532__b1.png,Healthy,P0532,incisor,1,Healthy,0.0000,0.9998,0.0000,0.0001
Endodontics/lyria__P0168__b0.png,Endodontics,P0168,premolar,1,Endodontics,0.9994,0.0004,0.0001,0.0001
Endodontics/lyria__P0168__b1.png,Endodontics,P0168,2nd molar,1,Endodontics,0.9943,0.0043,0.0014,0.0000
Endodontics/lyria__P0168__b2.png,Endodontics,P0168,premolar,1,Endodontics,1.0000,0.0000,0.0000,0.0000
Endodontics/lyria__P0168__b3.png,Endodontics,P0168,premolar,1,Endodontics,1.0000,0.0000,0.0000,0.0000
Endodontics/lyria__P0168__b4.png,Endodontics,P0168,premolar,1,Endodontics,1.0000,0.0000,0.0000,0.0000
Endodontics/lyria__P0168__b5.png,Endodontics,P0168,1st molar,1,Endodontics,1.0000,0.0000,0.0000,0.0000
Healthy/lyria__P0168__b0.png,Healthy,P0168,canine,1,Healthy,0.0000,1.0000,0.0000,0.0000
Endodontics/lyria__P0307__b0.png,Endodontics,P0307,premolar,1,Endodontics,1.0000,0.0000,0.0000,0.0000
Endodontics/lyria__P0307__b1.png,Endodontics,P0307,incisor,1,Endodontics,1.0000,0.0000,0.0000,0.0000
Endodontics/lyria__P0307__b2.png,Endodontics,P0307,2nd molar,1,Endodontics,0.9988,0.0003,0.0005,0.0004
Endodontics/lyria__P0307__b3.png,Endodontics,P0307,premolar,1,Endodontics,0.9997,0.0000,0.0000,0.0003
Healthy/lyria__P0307__b2.png,Healthy,P0307,incisor,1,Healthy,0.0000,0.9998,0.0000,0.0002
Healthy/lyria__P0462__b10.png,Healthy,P0462,premolar,1,Healthy,0.0000,1.0000,0.0000,0.0000
Healthy/lyria__P0462__b19.png,Healthy,P0462,incisor,1,Healthy,0.0000,0.9999,0.0001,0.0000
Endodontics/lyria__P0135__b0.png,Endodontics,P0135,incisor,1,Endodontics,0.9997,0.0003,0.0000,0.0000
Healthy/lyria__P0135__b1.png,Healthy,P0135,canine,1,Healthy,0.0000,1.0000,0.0000,0.0000
Healthy/lyria__P0135__b2.png,Healthy,P0135,premolar,1,Healthy,0.0002,0.9998,0.0000,0.0000
Endodontics/lyria__P0603__b0.png,Endodontics,P0603,incisor,1,Endodontics,1.0000,0.0000,0.0000,0.0000
Endodontics/lyria__P0603__b1.png,Endodontics,P0603,canine,1,Endodontics,0.9979,0.0000,0.0000,0.0021
Healthy/lyria__P0603__b0.png,Healthy,P0603,canine,1,Healthy,0.0393,0.9607,0.0000,0.0000
Endodontics/lyria__P0664__b0.png,Endodontics,P0664,incisor,1,Healthy,0.1144,0.6191,0.0871,0.1794
Healthy/lyria__P0664__b6.png,Healthy,P0664,3rd molar,1,Impacted,0.0046,0.0326,0.9627,0.0000
Healthy/lyria__P0664__b1.png,Healthy,P0664,premolar,1,Healthy,0.0019,0.9978,0.0003,0.0000
Endodontics/lyria__P0164__b0.png,Endodontics,P0164,1st molar,1,Endodontics,1.0000,0.0000,0.0000,0.0000
Endodontics/lyria__P0164__b1.png,Endodontics,P0164,premolar,1,Endodontics,1.0000,0.0000,0.0000,0.0000
Endodontics/lyria__P0164__b2.png,Endodontics,P0164,canine,1,Endodontics,1.0000,0.0000,0.0000,0.0000
Endodontics/lyria__P0164__b3.png,Endodontics,P0164,incisor,1,Endodontics,1.0000,0.0000,0.0000,0.0000
Endodontics/lyria__P0164__b4.png,Endodontics,P0164,2nd molar,1,Endodontics,1.0000,0.0000,0.0000,0.0000
Endodontics/lyria__P0164__b5.png,Endodontics,P0164,3rd molar,1,Endodontics,0.9999,0.0001,0.0000,0.0000
Endodontics/lyria__P0164__b6.png,Endodontics,P0164,3rd molar,1,Endodontics,0.9998,0.0002,0.0000,0.0000
Healthy/lyria__P0164__b0.png,Healthy,P0164,incisor,1,Healthy,0.0003,0.9997,0.0000,0.0000
Healthy/lyria__P0164__b1.png,Healthy,P0164,incisor,1,Healthy,0.0000,1.0000,0.0000,0.0000
Healthy/lyria__P0657__b8.png,Healthy,P0657,canine,1,Healthy,0.0000,0.9999,0.0000,0.0001
Endodontics/lyria__P0570__b0.png,Endodontics,P0570,premolar,1,Endodontics,1.0000,0.0000,0.0000,0.0000
Endodontics/lyria__P0570__b1.png,Endodontics,P0570,premolar,1,Endodontics,0.9916,0.0083,0.0000,0.0002
Endodontics/lyria__P0570__b2.png,Endodontics,P0570,1st molar,1,Endodontics,1.0000,0.0000,0.0000,0.0000
Endodontics/lyria__P0570__b3.png,Endodontics,P0570,canine,1,Endodontics,0.9982,0.0003,0.0000,0.0016
Endodontics/lyria__P0570__b4.png,Endodontics,P0570,premolar,1,Endodontics,0.9756,0.0038,0.0205,0.0001
Healthy/lyria__P0570__b5.png,Healthy,P0570,canine,1,Healthy,0.0000,1.0000,0.0000,0.0000
Healthy/lyria__P0570__b0.png,Healthy,P0570,canine,1,Healthy,0.0001,0.9999,0.0000,0.0000
Endodontics/lyria__P0385__b0.png,Endodontics,P0385,1st molar,1,Endodontics,0.9999,0.0001,0.0000,0.0000
Healthy/lyria__P0385__b2.png,Healthy,P0385,canine,1,Healthy,0.0002,0.9998,0.0000,0.0000
Healthy/lyria__P0385__b17.png,Healthy,P0385,incisor,1,Healthy,0.0000,0.9999,0.0000,0.0000
Endodontics/lyria__P0720__b0.png,Endodontics,P0720,incisor,1,Endodontics,0.6680,0.0000,0.0000,0.3320
Endodontics/lyria__P0720__b1.png,Endodontics,P0720,incisor,1,Endodontics,0.9993,0.0004,0.0001,0.0002
Endodontics/lyria__P0720__b2.png,Endodontics,P0720,1st molar,1,Endodontics,0.9993,0.0006,0.0000,0.0001
Endodontics/lyria__P0720__b3.png,Endodontics,P0720,2nd molar,1,Endodontics,0.5456,0.4503,0.0030,0.0012
Healthy/lyria__P0720__b9.png,Healthy,P0720,incisor,1,Healthy,0.0000,0.9997,0.0000,0.0003
Impacted/lyria__P0638__b0.png,Impacted,P0638,3rd molar,1,Impacted,0.0000,0.0006,0.9994,0.0000
Impacted/lyria__P0638__b1.png,Impacted,P0638,3rd molar,1,Impacted,0.0000,0.0000,1.0000,0.0000
Healthy/lyria__P0638__b9.png,Healthy,P0638,1st molar,1,Healthy,0.0000,1.0000,0.0000,0.0000
Healthy/lyria__P0638__b20.png,Healthy,P0638,2nd molar,1,Healthy,0.0000,1.0000,0.0000,0.0000
Endodontics/lyria__P0521__b0.png,Endodontics,P0521,premolar,1,Endodontics,0.9974,0.0006,0.0000,0.0019
Endodontics/lyria__P0521__b1.png,Endodontics,P0521,premolar,1,Endodontics,1.0000,0.0000,0.0000,0.0000
Healthy/lyria__P0521__b3.png,Healthy,P0521,incisor,1,Healthy,0.0000,0.9993,0.0000,0.0007
Healthy/lyria__P0521__b7.png,Healthy,P0521,canine,1,Healthy,0.0006,0.9955,0.0035,0.0005
Healthy/lyria__P0721__b2.png,Healthy,P0721,canine,1,Healthy,0.0011,0.9989,0.0000,0.0000
Healthy/lyria__P0721__b18.png,Healthy,P0721,incisor,1,Healthy,0.0000,1.0000,0.0000,0.0000
Endodontics/lyria__P0276__b0.png,Endodontics,P0276,2nd molar,1,Endodontics,0.8768,0.0000,0.0000,0.1231
Endodontics/lyria__P0276__b1.png,Endodontics,P0276,premolar,1,Endodontics,1.0000,0.0000,0.0000,0.0000
Healthy/lyria__P0276__b2.png,Healthy,P0276,canine,1,Healthy,0.0373,0.9624,0.0001,0.0002
Healthy/lyria__P0276__b0.png,Healthy,P0276,incisor,1,Healthy,0.0000,0.9999,0.0001,0.0000
Healthy/lyria__P0349__b12.png,Healthy,P0349,incisor,1,Healthy,0.0000,0.9999,0.0001,0.0000
Endodontics/lyria__P0296__b0.png,Endodontics,P0296,incisor,1,Endodontics,1.0000,0.0000,0.0000,0.0000
Endodontics/lyria__P0296__b1.png,Endodontics,P0296,incisor,1,Endodontics,0.9999,0.0001,0.0000,0.0000
Endodontics/lyria__P0296__b2.png,Endodontics,P0296,incisor,1,Endodontics,0.9999,0.0001,0.0000,0.0000
Endodontics/lyria__P0296__b3.png,Endodontics,P0296,1st molar,1,Endodontics,0.9994,0.0005,0.0000,0.0000
Endodontics/lyria__P0296__b4.png,Endodontics,P0296,1st molar,1,Endodontics,1.0000,0.0000,0.0000,0.0000
Healthy/lyria__P0296__b13.png,Healthy,P0296,canine,1,Healthy,0.0000,1.0000,0.0000,0.0000
Healthy/lyria__P0296__b0.png,Healthy,P0296,canine,1,Healthy,0.0000,1.0000,0.0000,0.0000
Endodontics/lyria__P0736__b0.png,Endodontics,P0736,canine,1,Endodontics,0.9793,0.0180,0.0004,0.0022
Endodontics/lyria__P0736__b1.png,Endodontics,P0736,premolar,1,Endodontics,0.9998,0.0001,0.0000,0.0001
Healthy/lyria__P0736__b3.png,Healthy,P0736,incisor,1,Healthy,0.0000,0.9998,0.0002,0.0000
Healthy/lyria__P0709__b9.png,Healthy,P0709,incisor,1,Healthy,0.0177,0.9760,0.0025,0.0037
Healthy/lyria__P0709__b3.png,Healthy,P0709,incisor,1,Healthy,0.0125,0.6654,0.0001,0.3220
Implant/dentex__151.png,Implant,dentex_151,unknown,1,Implant,0.0000,0.0000,0.0000,1.0000
Healthy/lyria__P0456__b18.png,Healthy,P0456,premolar,1,Healthy,0.0000,1.0000,0.0000,0.0000
Impacted/lyria__P0765__b0.png,Impacted,P0765,3rd molar,1,Impacted,0.0003,0.0202,0.9795,0.0000
Impacted/lyria__P0765__b1.png,Impacted,P0765,3rd molar,1,Impacted,0.0000,0.0000,1.0000,0.0000
Healthy/lyria__P0765__b5.png,Healthy,P0765,canine,1,Healthy,0.0000,0.9999,0.0001,0.0000
Endodontics/lyria__P0437__b0.png,Endodontics,P0437,incisor,1,Endodontics,1.0000,0.0000,0.0000,0.0000
Endodontics/lyria__P0437__b1.png,Endodontics,P0437,premolar,1,Endodontics,1.0000,0.0000,0.0000,0.0000
Healthy/lyria__P0437__b11.png,Healthy,P0437,3rd molar,1,Impacted,0.0048,0.0922,0.9029,0.0000
Healthy/lyria__P0437__b5.png,Healthy,P0437,incisor,1,Healthy,0.0500,0.9460,0.0024,0.0016
Endodontics/lyria__P0728__b0.png,Endodontics,P0728,1st molar,1,Endodontics,0.9994,0.0006,0.0000,0.0000
Healthy/lyria__P0728__b0.png,Healthy,P0728,canine,1,Healthy,0.0127,0.9873,0.0000,0.0000
Healthy/lyria__P0728__b1.png,Healthy,P0728,incisor,1,Healthy,0.0001,0.9999,0.0001,0.0000
Healthy/lyria__P0809__b13.png,Healthy,P0809,premolar,1,Healthy,0.0013,0.9984,0.0002,0.0000
Healthy/lyria__P0723__b0.png,Healthy,P0723,incisor,1,Healthy,0.0000,0.9999,0.0000,0.0001
Healthy/lyria__P0134__b2.png,Healthy,P0134,1st molar,1,Healthy,0.0000,1.0000,0.0000,0.0000
Healthy/lyria__P0134__b9.png,Healthy,P0134,incisor,1,Healthy,0.0000,0.9999,0.0000,0.0001
Healthy/lyria__P0607__b2.png,Healthy,P0607,incisor,1,Healthy,0.0077,0.9922,0.0000,0.0000
Healthy/lyria__P0607__b21.png,Healthy,P0607,3rd molar,1,Healthy,0.0000,1.0000,0.0000,0.0000
Endodontics/lyria__P0553__b0.png,Endodontics,P0553,premolar,1,Endodontics,1.0000,0.0000,0.0000,0.0000
Endodontics/lyria__P0553__b1.png,Endodontics,P0553,premolar,1,Endodontics,1.0000,0.0000,0.0000,0.0000
Healthy/lyria__P0553__b2.png,Healthy,P0553,premolar,1,Healthy,0.0001,0.9992,0.0007,0.0000
Healthy/lyria__P0553__b9.png,Healthy,P0553,premolar,1,Healthy,0.0205,0.9789,0.0005,0.0000
Endodontics/lyria__P0346__b0.png,Endodontics,P0346,incisor,1,Endodontics,0.9997,0.0003,0.0000,0.0000
Healthy/lyria__P0346__b7.png,Healthy,P0346,incisor,1,Healthy,0.0000,1.0000,0.0000,0.0000
Healthy/lyria__P0796__b15.png,Healthy,P0796,canine,1,Healthy,0.0000,0.9999,0.0000,0.0001
Healthy/lyria__P0796__b20.png,Healthy,P0796,canine,1,Healthy,0.0000,1.0000,0.0000,0.0000
Healthy/lyria__P0173__b5.png,Healthy,P0173,incisor,1,Healthy,0.0008,0.9992,0.0000,0.0000
Healthy/lyria__P0173__b0.png,Healthy,P0173,premolar,1,Healthy,0.0000,0.9999,0.0000,0.0000
Endodontics/lyria__P0239__b0.png,Endodontics,P0239,2nd molar,1,Endodontics,1.0000,0.0000,0.0000,0.0000
Endodontics/lyria__P0239__b1.png,Endodontics,P0239,premolar,1,Endodontics,1.0000,0.0000,0.0000,0.0000
Healthy/lyria__P0239__b2.png,Healthy,P0239,canine,1,Healthy,0.1651,0.7267,0.0006,0.1076
Healthy/lyria__P0239__b6.png,Healthy,P0239,incisor,1,Healthy,0.0000,0.9999,0.0001,0.0000
Implant/lyria__P0768__b0.png,Implant,P0768,premolar,1,Implant,0.0404,0.0000,0.0000,0.9596
Implant/lyria__P0768__b1.png,Implant,P0768,premolar,1,Implant,0.0002,0.0000,0.0000,0.9998
Healthy/lyria__P0768__b1.png,Healthy,P0768,canine,1,Healthy,0.0000,0.9994,0.0000,0.0006
Healthy/lyria__P0390__b18.png,Healthy,P0390,incisor,1,Healthy,0.0000,1.0000,0.0000,0.0000
Healthy/lyria__P0390__b22.png,Healthy,P0390,premolar,1,Healthy,0.0000,1.0000,0.0000,0.0000
Healthy/lyria__P0514__b17.png,Healthy,P0514,premolar,1,Healthy,0.0002,0.9990,0.0000,0.0008
Healthy/lyria__P0514__b11.png,Healthy,P0514,premolar,1,Healthy,0.0000,1.0000,0.0000,0.0000
Healthy/lyria__P0529__b10.png,Healthy,P0529,premolar,1,Healthy,0.0002,0.9998,0.0000,0.0000
Healthy/lyria__P0529__b1.png,Healthy,P0529,incisor,1,Healthy,0.0001,0.9813,0.0182,0.0004
Endodontics/lyria__P0591__b0.png,Endodontics,P0591,premolar,1,Endodontics,1.0000,0.0000,0.0000,0.0000
Endodontics/lyria__P0591__b1.png,Endodontics,P0591,premolar,1,Endodontics,0.9994,0.0000,0.0000,0.0006
Endodontics/lyria__P0591__b2.png,Endodontics,P0591,1st molar,1,Endodontics,0.9999,0.0000,0.0000,0.0001
Endodontics/lyria__P0591__b3.png,Endodontics,P0591,2nd molar,1,Endodontics,0.9997,0.0000,0.0001,0.0001
Endodontics/lyria__P0591__b4.png,Endodontics,P0591,premolar,1,Endodontics,0.9925,0.0050,0.0003,0.0023
Endodontics/lyria__P0591__b5.png,Endodontics,P0591,incisor,1,Endodontics,0.9999,0.0001,0.0000,0.0000
Endodontics/lyria__P0591__b6.png,Endodontics,P0591,incisor,1,Endodontics,0.9598,0.0013,0.0000,0.0389
Endodontics/lyria__P0591__b7.png,Endodontics,P0591,incisor,1,Endodontics,0.9999,0.0000,0.0000,0.0000
Endodontics/lyria__P0591__b8.png,Endodontics,P0591,premolar,1,Endodontics,0.9992,0.0005,0.0000,0.0004
Endodontics/lyria__P0591__b9.png,Endodontics,P0591,2nd molar,1,Endodontics,0.9992,0.0004,0.0000,0.0005
Healthy/lyria__P0591__b2.png,Healthy,P0591,incisor,1,Healthy,0.0000,0.9973,0.0000,0.0027
Healthy/lyria__P0433__b11.png,Healthy,P0433,incisor,1,Healthy,0.0000,0.9999,0.0000,0.0000
Healthy/lyria__P0433__b9.png,Healthy,P0433,premolar,1,Healthy,0.0000,0.9999,0.0001,0.0000
Healthy/lyria__P0394__b15.png,Healthy,P0394,incisor,1,Healthy,0.0000,1.0000,0.0000,0.0000
Healthy/lyria__P0394__b21.png,Healthy,P0394,premolar,1,Healthy,0.0000,0.9999,0.0000,0.0000
Endodontics/lyria__P0332__b0.png,Endodontics,P0332,canine,1,Endodontics,1.0000,0.0000,0.0000,0.0000
Endodontics/lyria__P0332__b1.png,Endodontics,P0332,premolar,1,Endodontics,1.0000,0.0000,0.0000,0.0000
Healthy/lyria__P0332__b3.png,Healthy,P0332,incisor,1,Healthy,0.0000,0.9984,0.0000,0.0015
Healthy/lyria__P0332__b2.png,Healthy,P0332,incisor,1,Healthy,0.0000,0.9995,0.0000,0.0005
Healthy/lyria__P0340__b1.png,Healthy,P0340,incisor,1,Healthy,0.0000,0.9998,0.0002,0.0000
Healthy/lyria__P0340__b0.png,Healthy,P0340,2nd molar,1,Healthy,0.0081,0.4837,0.3576,0.1506
Healthy/lyria__P0217__b4.png,Healthy,P0217,incisor,1,Healthy,0.0000,1.0000,0.0000,0.0000
Healthy/lyria__P0314__b4.png,Healthy,P0314,premolar,1,Healthy,0.0008,0.9734,0.0234,0.0023
Healthy/lyria__P0314__b5.png,Healthy,P0314,premolar,1,Healthy,0.0030,0.6182,0.3746,0.0042
Endodontics/lyria__P0749__b0.png,Endodontics,P0749,1st molar,1,Endodontics,0.9861,0.0138,0.0001,0.0000
Healthy/lyria__P0749__b6.png,Healthy,P0749,incisor,1,Healthy,0.0000,0.9996,0.0003,0.0000
Healthy/lyria__P0749__b5.png,Healthy,P0749,incisor,1,Healthy,0.0001,0.9996,0.0000,0.0002
Endodontics/lyria__P0205__b0.png,Endodontics,P0205,canine,1,Endodontics,0.9993,0.0007,0.0000,0.0000
Endodontics/lyria__P0205__b1.png,Endodontics,P0205,1st molar,1,Endodontics,0.9993,0.0000,0.0000,0.0006
Endodontics/lyria__P0205__b2.png,Endodontics,P0205,premolar,1,Endodontics,1.0000,0.0000,0.0000,0.0000
Healthy/lyria__P0205__b1.png,Healthy,P0205,incisor,1,Healthy,0.0000,1.0000,0.0000,0.0000
Healthy/lyria__P0205__b4.png,Healthy,P0205,canine,1,Healthy,0.0001,0.9999,0.0000,0.0000
Impacted/lyria__P0465__b0.png,Impacted,P0465,3rd molar,1,Impacted,0.0000,0.0001,0.9999,0.0000
Impacted/lyria__P0465__b1.png,Impacted,P0465,3rd molar,1,Impacted,0.0000,0.0000,1.0000,0.0000
Healthy/lyria__P0465__b14.png,Healthy,P0465,canine,1,Healthy,0.0000,1.0000,0.0000,0.0000
Endodontics/lyria__P0741__b0.png,Endodontics,P0741,2nd molar,1,Healthy,0.0694,0.8172,0.1133,0.0000
Endodontics/lyria__P0741__b1.png,Endodontics,P0741,2nd molar,1,Endodontics,0.7498,0.2322,0.0023,0.0157
Healthy/lyria__P0741__b8.png,Healthy,P0741,premolar,1,Healthy,0.0018,0.9974,0.0003,0.0005
Healthy/lyria__P0741__b3.png,Healthy,P0741,incisor,1,Healthy,0.0000,0.9991,0.0009,0.0000
Healthy/lyria__P0429__b23.png,Healthy,P0429,canine,1,Healthy,0.0000,1.0000,0.0000,0.0000
Endodontics/lyria__P0556__b0.png,Endodontics,P0556,premolar,1,Endodontics,1.0000,0.0000,0.0000,0.0000
Endodontics/lyria__P0556__b1.png,Endodontics,P0556,premolar,1,Endodontics,0.9054,0.0946,0.0000,0.0000
Healthy/lyria__P0556__b2.png,Healthy,P0556,incisor,1,Healthy,0.0000,0.9999,0.0001,0.0001
Healthy/lyria__P0556__b1.png,Healthy,P0556,canine,1,Healthy,0.0000,0.9999,0.0000,0.0000
Healthy/lyria__P0641__b2.png,Healthy,P0641,canine,1,Healthy,0.0001,0.9998,0.0000,0.0001
Implant/dentex__8.png,Implant,dentex_8,unknown,1,Implant,0.0000,0.0000,0.0000,1.0000
Endodontics/lyria__P0798__b0.png,Endodontics,P0798,incisor,1,Endodontics,1.0000,0.0000,0.0000,0.0000
Endodontics/lyria__P0798__b1.png,Endodontics,P0798,incisor,1,Endodontics,1.0000,0.0000,0.0000,0.0000
Endodontics/lyria__P0798__b2.png,Endodontics,P0798,2nd molar,1,Endodontics,0.4505,0.2269,0.3223,0.0003
Healthy/lyria__P0798__b2.png,Healthy,P0798,canine,1,Healthy,0.0000,1.0000,0.0000,0.0000
Healthy/lyria__P0798__b0.png,Healthy,P0798,incisor,1,Healthy,0.0000,1.0000,0.0000,0.0000
Healthy/lyria__P0282__b6.png,Healthy,P0282,canine,1,Healthy,0.0000,1.0000,0.0000,0.0000
Healthy/lyria__P0282__b8.png,Healthy,P0282,incisor,1,Healthy,0.0000,1.0000,0.0000,0.0000
Endodontics/lyria__P0094__b0.png,Endodontics,P0094,incisor,1,Endodontics,0.9885,0.0000,0.0002,0.0113
Endodontics/lyria__P0094__b1.png,Endodontics,P0094,incisor,1,Endodontics,0.6716,0.0053,0.0000,0.3231
Endodontics/lyria__P0094__b2.png,Endodontics,P0094,1st molar,1,Endodontics,0.7788,0.2212,0.0000,0.0000
Healthy/lyria__P0094__b0.png,Healthy,P0094,canine,1,Healthy,0.0007,0.9993,0.0000,0.0000
Healthy/lyria__P0094__b1.png,Healthy,P0094,incisor,1,Healthy,0.0001,0.9976,0.0021,0.0003
Endodontics/lyria__P0227__b0.png,Endodontics,P0227,2nd molar,1,Endodontics,0.9995,0.0000,0.0005,0.0000
Endodontics/lyria__P0227__b1.png,Endodontics,P0227,premolar,1,Endodontics,0.9999,0.0000,0.0001,0.0000
Endodontics/lyria__P0227__b2.png,Endodontics,P0227,incisor,1,Endodontics,1.0000,0.0000,0.0000,0.0000
Endodontics/lyria__P0227__b3.png,Endodontics,P0227,incisor,1,Endodontics,1.0000,0.0000,0.0000,0.0000
Endodontics/lyria__P0227__b4.png,Endodontics,P0227,incisor,1,Endodontics,1.0000,0.0000,0.0000,0.0000
Endodontics/lyria__P0227__b5.png,Endodontics,P0227,premolar,1,Endodontics,1.0000,0.0000,0.0000,0.0000
Endodontics/lyria__P0227__b6.png,Endodontics,P0227,1st molar,1,Endodontics,1.0000,0.0000,0.0000,0.0000
Healthy/lyria__P0227__b4.png,Healthy,P0227,incisor,1,Healthy,0.0000,1.0000,0.0000,0.0000
Healthy/lyria__P0124__b8.png,Healthy,P0124,premolar,1,Healthy,0.0027,0.9843,0.0000,0.0130
Healthy/lyria__P0124__b10.png,Healthy,P0124,premolar,1,Healthy,0.0094,0.9833,0.0003,0.0071
Implant/dentex__69.png,Implant,dentex_69,unknown,1,Implant,0.0042,0.0008,0.0006,0.9944
Endodontics/lyria__P0295__b0.png,Endodontics,P0295,canine,1,Endodontics,1.0000,0.0000,0.0000,0.0000
Endodontics/lyria__P0295__b1.png,Endodontics,P0295,premolar,1,Endodontics,1.0000,0.0000,0.0000,0.0000
Endodontics/lyria__P0295__b2.png,Endodontics,P0295,premolar,1,Endodontics,0.9999,0.0001,0.0000,0.0000
Endodontics/lyria__P0295__b3.png,Endodontics,P0295,premolar,1,Endodontics,0.9980,0.0000,0.0000,0.0020
Healthy/lyria__P0295__b4.png,Healthy,P0295,incisor,1,Healthy,0.0000,0.9996,0.0000,0.0004
Healthy/lyria__P0295__b3.png,Healthy,P0295,incisor,1,Healthy,0.0000,1.0000,0.0000,0.0000
Endodontics/lyria__P0024__b0.png,Endodontics,P0024,2nd molar,1,Endodontics,0.9999,0.0001,0.0000,0.0000
Endodontics/lyria__P0024__b1.png,Endodontics,P0024,incisor,1,Endodontics,0.9762,0.0000,0.0000,0.0238
Healthy/lyria__P0024__b2.png,Healthy,P0024,premolar,1,Healthy,0.0039,0.9958,0.0002,0.0001
Healthy/lyria__P0024__b0.png,Healthy,P0024,3rd molar,1,Healthy,0.0382,0.9507,0.0111,0.0000
Healthy/lyria__P0787__b11.png,Healthy,P0787,2nd molar,1,Healthy,0.0000,0.9950,0.0049,0.0000
Healthy/lyria__P0787__b9.png,Healthy,P0787,premolar,1,Healthy,0.0000,1.0000,0.0000,0.0000
Healthy/lyria__P0654__b1.png,Healthy,P0654,canine,1,Healthy,0.0000,0.9994,0.0005,0.0000
Healthy/lyria__P0654__b0.png,Healthy,P0654,canine,1,Healthy,0.0230,0.9740,0.0026,0.0004
Healthy/lyria__P0461__b20.png,Healthy,P0461,canine,1,Healthy,0.0002,0.9998,0.0000,0.0000
Endodontics/lyria__P0806__b0.png,Endodontics,P0806,incisor,1,Endodontics,0.9998,0.0000,0.0000,0.0002
Impacted/lyria__P0806__b0.png,Impacted,P0806,3rd molar,1,Impacted,0.0000,0.0000,1.0000,0.0000
Endodontics/lyria__P0806__b1.png,Endodontics,P0806,1st molar,1,Endodontics,0.9999,0.0001,0.0000,0.0000
Healthy/lyria__P0806__b3.png,Healthy,P0806,incisor,1,Healthy,0.0000,1.0000,0.0000,0.0000
Healthy/lyria__P0806__b4.png,Healthy,P0806,incisor,1,Healthy,0.0000,0.9998,0.0000,0.0002
Endodontics/lyria__P0131__b0.png,Endodontics,P0131,premolar,1,Endodontics,1.0000,0.0000,0.0000,0.0000
Endodontics/lyria__P0131__b1.png,Endodontics,P0131,2nd molar,1,Endodontics,1.0000,0.0000,0.0000,0.0000
Endodontics/lyria__P0131__b2.png,Endodontics,P0131,1st molar,1,Endodontics,1.0000,0.0000,0.0000,0.0000
Endodontics/lyria__P0131__b3.png,Endodontics,P0131,incisor,1,Endodontics,0.9999,0.0001,0.0000,0.0000
Endodontics/lyria__P0131__b4.png,Endodontics,P0131,premolar,1,Endodontics,0.9998,0.0002,0.0000,0.0000
Endodontics/lyria__P0131__b5.png,Endodontics,P0131,premolar,1,Endodontics,1.0000,0.0000,0.0000,0.0000
Healthy/lyria__P0131__b1.png,Healthy,P0131,canine,1,Healthy,0.0000,1.0000,0.0000,0.0000
Endodontics/lyria__P0267__b0.png,Endodontics,P0267,premolar,1,Endodontics,1.0000,0.0000,0.0000,0.0000
Endodontics/lyria__P0267__b1.png,Endodontics,P0267,incisor,1,Endodontics,0.9483,0.0000,0.0000,0.0517
Endodontics/lyria__P0267__b2.png,Endodontics,P0267,incisor,1,Endodontics,0.9943,0.0011,0.0001,0.0045
Impacted/lyria__P0267__b0.png,Impacted,P0267,3rd molar,1,Impacted,0.0002,0.3454,0.6544,0.0000
Endodontics/lyria__P0267__b3.png,Endodontics,P0267,incisor,1,Endodontics,0.6369,0.0000,0.0001,0.3629
Healthy/lyria__P0267__b3.png,Healthy,P0267,canine,1,Healthy,0.0000,1.0000,0.0000,0.0000
Healthy/lyria__P0267__b1.png,Healthy,P0267,incisor,1,Healthy,0.0000,0.9999,0.0000,0.0001
Healthy/lyria__P0650__b4.png,Healthy,P0650,premolar,1,Healthy,0.0004,0.9995,0.0000,0.0000
Healthy/lyria__P0650__b7.png,Healthy,P0650,3rd molar,1,Healthy,0.0001,0.9964,0.0030,0.0006
Endodontics/lyria__P0548__b0.png,Endodontics,P0548,incisor,1,Endodontics,0.9964,0.0005,0.0005,0.0027
Healthy/lyria__P0548__b10.png,Healthy,P0548,incisor,1,Healthy,0.0000,0.9998,0.0000,0.0001
Healthy/lyria__P0133__b1.png,Healthy,P0133,premolar,1,Healthy,0.0000,0.9999,0.0001,0.0000
Impacted/lyria__P0162__b0.png,Impacted,P0162,3rd molar,1,Impacted,0.0000,0.0029,0.9970,0.0000
Healthy/lyria__P0162__b9.png,Healthy,P0162,premolar,1,Healthy,0.1197,0.8803,0.0000,0.0000
Healthy/lyria__P0162__b7.png,Healthy,P0162,incisor,1,Healthy,0.0001,0.9996,0.0003,0.0000
Healthy/lyria__P0092__b7.png,Healthy,P0092,incisor,1,Healthy,0.0000,0.9887,0.0000,0.0113
Healthy/lyria__P0673__b18.png,Healthy,P0673,canine,1,Healthy,0.0000,0.9999,0.0001,0.0000
Healthy/lyria__P0673__b12.png,Healthy,P0673,incisor,1,Healthy,0.0000,1.0000,0.0000,0.0000
Healthy/lyria__P0667__b0.png,Healthy,P0667,canine,1,Healthy,0.0001,0.7050,0.2637,0.0312
Endodontics/lyria__P0415__b0.png,Endodontics,P0415,1st molar,1,Endodontics,1.0000,0.0000,0.0000,0.0000
Endodontics/lyria__P0415__b1.png,Endodontics,P0415,canine,1,Endodontics,1.0000,0.0000,0.0000,0.0000
Endodontics/lyria__P0415__b2.png,Endodontics,P0415,premolar,1,Endodontics,1.0000,0.0000,0.0000,0.0000
Healthy/lyria__P0415__b2.png,Healthy,P0415,canine,1,Healthy,0.0000,0.9999,0.0000,0.0000
Healthy/lyria__P0415__b1.png,Healthy,P0415,incisor,1,Healthy,0.0000,0.9999,0.0000,0.0001
Endodontics/lyria__P0146__b0.png,Endodontics,P0146,2nd molar,1,Endodontics,0.9967,0.0003,0.0029,0.0000
Endodontics/lyria__P0146__b1.png,Endodontics,P0146,1st molar,1,Endodontics,0.7506,0.2493,0.0000,0.0000
Endodontics/lyria__P0146__b2.png,Endodontics,P0146,premolar,1,Endodontics,0.9999,0.0001,0.0000,0.0000
Endodontics/lyria__P0146__b3.png,Endodontics,P0146,1st molar,1,Endodontics,0.9988,0.0012,0.0000,0.0000
Healthy/lyria__P0146__b2.png,Healthy,P0146,incisor,1,Healthy,0.0000,0.9994,0.0000,0.0006
Healthy/lyria__P0146__b9.png,Healthy,P0146,incisor,1,Healthy,0.0000,0.9958,0.0000,0.0042
Healthy/lyria__P0204__b3.png,Healthy,P0204,incisor,1,Healthy,0.0000,0.9891,0.0000,0.0109
Healthy/lyria__P0204__b13.png,Healthy,P0204,canine,1,Healthy,0.0001,0.9998,0.0000,0.0000
Endodontics/lyria__P0563__b0.png,Endodontics,P0563,2nd molar,1,Endodontics,0.8776,0.1098,0.0124,0.0002
Healthy/lyria__P0563__b2.png,Healthy,P0563,incisor,1,Healthy,0.0000,1.0000,0.0000,0.0000
Healthy/lyria__P0261__b0.png,Healthy,P0261,premolar,1,Healthy,0.0217,0.9737,0.0040,0.0007
Healthy/lyria__P0261__b2.png,Healthy,P0261,incisor,1,Healthy,0.0001,0.9998,0.0000,0.0001
Impacted/lyria__P0172__b0.png,Impacted,P0172,3rd molar,1,Impacted,0.0000,0.0006,0.9993,0.0000
Healthy/lyria__P0172__b21.png,Healthy,P0172,2nd molar,1,Healthy,0.0000,1.0000,0.0000,0.0000
Healthy/lyria__P0172__b11.png,Healthy,P0172,1st molar,1,Healthy,0.0000,1.0000,0.0000,0.0000
Healthy/lyria__P0463__b26.png,Healthy,P0463,premolar,1,Healthy,0.0000,1.0000,0.0000,0.0000
Healthy/lyria__P0463__b10.png,Healthy,P0463,canine,1,Healthy,0.0000,1.0000,0.0000,0.0000
Endodontics/lyria__P0441__b0.png,Endodontics,P0441,2nd molar,1,Endodontics,1.0000,0.0000,0.0000,0.0000
Endodontics/lyria__P0441__b1.png,Endodontics,P0441,1st molar,1,Endodontics,0.9999,0.0001,0.0000,0.0000
Endodontics/lyria__P0441__b2.png,Endodontics,P0441,canine,1,Endodontics,1.0000,0.0000,0.0000,0.0000
Endodontics/lyria__P0441__b3.png,Endodontics,P0441,incisor,1,Endodontics,1.0000,0.0000,0.0000,0.0000
Endodontics/lyria__P0441__b4.png,Endodontics,P0441,premolar,1,Endodontics,0.9997,0.0003,0.0000,0.0000
Endodontics/lyria__P0441__b5.png,Endodontics,P0441,premolar,1,Endodontics,0.9878,0.0122,0.0000,0.0000
Endodontics/lyria__P0441__b6.png,Endodontics,P0441,2nd molar,1,Endodontics,1.0000,0.0000,0.0000,0.0000
Endodontics/lyria__P0441__b7.png,Endodontics,P0441,1st molar,1,Endodontics,1.0000,0.0000,0.0000,0.0000
Endodontics/lyria__P0441__b8.png,Endodontics,P0441,premolar,1,Endodontics,1.0000,0.0000,0.0000,0.0000
Endodontics/lyria__P0441__b9.png,Endodontics,P0441,1st molar,1,Endodontics,0.9996,0.0004,0.0000,0.0000
Healthy/lyria__P0441__b1.png,Healthy,P0441,incisor,1,Healthy,0.0000,0.9999,0.0000,0.0001
Healthy/lyria__P0441__b3.png,Healthy,P0441,incisor,1,Healthy,0.0000,0.9998,0.0000,0.0002
Healthy/lyria__P0594__b0.png,Healthy,P0594,premolar,1,Healthy,0.0000,0.9993,0.0006,0.0001
Healthy/lyria__P0594__b1.png,Healthy,P0594,canine,1,Healthy,0.0001,0.9999,0.0000,0.0000
Endodontics/lyria__P0802__b0.png,Endodontics,P0802,3rd molar,1,Endodontics,0.9999,0.0000,0.0001,0.0000
Healthy/lyria__P0802__b2.png,Healthy,P0802,incisor,1,Healthy,0.0000,0.9999,0.0001,0.0000
Impacted/lyria__P0470__b0.png,Impacted,P0470,3rd molar,1,Impacted,0.0000,0.0000,1.0000,0.0000
Impacted/lyria__P0470__b1.png,Impacted,P0470,3rd molar,1,Healthy,0.0000,0.9394,0.0606,0.0000
Healthy/lyria__P0470__b12.png,Healthy,P0470,3rd molar,1,Healthy,0.0000,0.9937,0.0063,0.0000
Healthy/lyria__P0470__b11.png,Healthy,P0470,2nd molar,1,Healthy,0.0000,1.0000,0.0000,0.0000
Implant/dentex__124.png,Implant,dentex_124,unknown,1,Implant,0.0000,0.0000,0.0000,1.0000
Endodontics/lyria__P0405__b0.png,Endodontics,P0405,premolar,1,Endodontics,1.0000,0.0000,0.0000,0.0000
Healthy/lyria__P0405__b5.png,Healthy,P0405,canine,1,Healthy,0.0001,0.9999,0.0000,0.0000
Healthy/lyria__P0405__b2.png,Healthy,P0405,incisor,1,Healthy,0.0000,0.9988,0.0005,0.0007
Impacted/lyria__P0238__b0.png,Impacted,P0238,3rd molar,1,Impacted,0.0000,0.0001,0.9999,0.0000
Impacted/lyria__P0238__b1.png,Impacted,P0238,3rd molar,1,Impacted,0.0000,0.0001,0.9999,0.0000
Healthy/lyria__P0238__b4.png,Healthy,P0238,incisor,1,Healthy,0.0001,0.9998,0.0000,0.0001
Healthy/lyria__P0238__b0.png,Healthy,P0238,2nd molar,1,Healthy,0.0000,1.0000,0.0000,0.0000
Endodontics/lyria__P0074__b0.png,Endodontics,P0074,1st molar,1,Endodontics,1.0000,0.0000,0.0000,0.0000
Endodontics/lyria__P0074__b1.png,Endodontics,P0074,premolar,1,Endodontics,1.0000,0.0000,0.0000,0.0000
Endodontics/lyria__P0074__b2.png,Endodontics,P0074,canine,1,Endodontics,1.0000,0.0000,0.0000,0.0000
Endodontics/lyria__P0074__b3.png,Endodontics,P0074,canine,1,Endodontics,1.0000,0.0000,0.0000,0.0000
Endodontics/lyria__P0074__b4.png,Endodontics,P0074,premolar,1,Endodontics,1.0000,0.0000,0.0000,0.0000
Healthy/lyria__P0074__b3.png,Healthy,P0074,premolar,1,Healthy,0.0001,0.9998,0.0000,0.0000
Healthy/lyria__P0074__b1.png,Healthy,P0074,incisor,1,Healthy,0.0001,0.9987,0.0011,0.0000
Healthy/lyria__P0300__b25.png,Healthy,P0300,3rd molar,1,Impacted,0.0002,0.2363,0.7634,0.0001
Healthy/lyria__P0300__b23.png,Healthy,P0300,1st molar,1,Healthy,0.0000,1.0000,0.0000,0.0000
Healthy/lyria__P0039__b9.png,Healthy,P0039,premolar,1,Healthy,0.0066,0.9932,0.0001,0.0000
Healthy/lyria__P0039__b5.png,Healthy,P0039,incisor,1,Healthy,0.0000,1.0000,0.0000,0.0000
Healthy/lyria__P0727__b3.png,Healthy,P0727,incisor,1,Healthy,0.0002,0.9960,0.0037,0.0000
Healthy/lyria__P0727__b4.png,Healthy,P0727,canine,1,Healthy,0.1555,0.8432,0.0004,0.0008
Endodontics/lyria__P0053__b0.png,Endodontics,P0053,1st molar,1,Healthy,0.4804,0.5133,0.0001,0.0062
Impacted/lyria__P0053__b0.png,Impacted,P0053,3rd molar,1,Impacted,0.0000,0.0000,1.0000,0.0000
Healthy/lyria__P0053__b9.png,Healthy,P0053,canine,1,Healthy,0.0008,0.9989,0.0000,0.0002
Healthy/lyria__P0674__b1.png,Healthy,P0674,incisor,1,Healthy,0.1739,0.7034,0.1218,0.0009
Healthy/lyria__P0674__b5.png,Healthy,P0674,canine,1,Healthy,0.0020,0.9689,0.0290,0.0001
Healthy/lyria__P0458__b5.png,Healthy,P0458,canine,1,Healthy,0.3066,0.6646,0.0027,0.0260
Healthy/lyria__P0458__b22.png,Healthy,P0458,incisor,1,Healthy,0.0000,1.0000,0.0000,0.0000
Endodontics/lyria__P0592__b0.png,Endodontics,P0592,incisor,1,Endodontics,0.9998,0.0000,0.0000,0.0002
Endodontics/lyria__P0592__b1.png,Endodontics,P0592,incisor,1,Endodontics,0.9999,0.0000,0.0000,0.0001
Endodontics/lyria__P0592__b2.png,Endodontics,P0592,incisor,1,Endodontics,1.0000,0.0000,0.0000,0.0000
Healthy/lyria__P0592__b6.png,Healthy,P0592,premolar,1,Healthy,0.0000,1.0000,0.0000,0.0000
Healthy/lyria__P0592__b5.png,Healthy,P0592,premolar,1,Healthy,0.0001,0.9998,0.0000,0.0000
Healthy/lyria__P0495__b6.png,Healthy,P0495,incisor,1,Healthy,0.0000,1.0000,0.0000,0.0000
Healthy/lyria__P0495__b10.png,Healthy,P0495,premolar,1,Healthy,0.0000,1.0000,0.0000,0.0000
Healthy/lyria__P0476__b9.png,Healthy,P0476,premolar,1,Healthy,0.0012,0.9987,0.0000,0.0001
Healthy/lyria__P0476__b21.png,Healthy,P0476,premolar,1,Healthy,0.0000,1.0000,0.0000,0.0000
Healthy/lyria__P0760__b3.png,Healthy,P0760,canine,1,Healthy,0.0000,0.9891,0.0108,0.0001
Healthy/lyria__P0760__b2.png,Healthy,P0760,incisor,1,Healthy,0.0000,0.9996,0.0002,0.0002
Impacted/lyria__P0079__b0.png,Impacted,P0079,3rd molar,1,Impacted,0.0000,0.0000,1.0000,0.0000
Impacted/lyria__P0079__b1.png,Impacted,P0079,3rd molar,1,Impacted,0.0000,0.0000,1.0000,0.0000
Impacted/lyria__P0079__b2.png,Impacted,P0079,3rd molar,1,Impacted,0.0000,0.0027,0.9973,0.0000
Impacted/lyria__P0079__b3.png,Impacted,P0079,3rd molar,1,Impacted,0.0000,0.0000,1.0000,0.0000
Healthy/lyria__P0079__b16.png,Healthy,P0079,incisor,1,Healthy,0.0000,0.9996,0.0001,0.0003
Endodontics/lyria__P0753__b0.png,Endodontics,P0753,1st molar,1,Endodontics,0.7659,0.2339,0.0001,0.0001
Endodontics/lyria__P0753__b1.png,Endodontics,P0753,2nd molar,1,Endodontics,0.9985,0.0014,0.0000,0.0001
Healthy/lyria__P0753__b4.png,Healthy,P0753,incisor,1,Healthy,0.0000,0.9997,0.0003,0.0000
Healthy/lyria__P0753__b6.png,Healthy,P0753,incisor,1,Healthy,0.0037,0.9615,0.0348,0.0000
Healthy/lyria__P0258__b1.png,Healthy,P0258,3rd molar,1,Impacted,0.0000,0.0002,0.9998,0.0000
Healthy/lyria__P0258__b0.png,Healthy,P0258,2nd molar,1,Healthy,0.0000,0.8238,0.1760,0.0002
Healthy/lyria__P0486__b17.png,Healthy,P0486,incisor,1,Healthy,0.0000,1.0000,0.0000,0.0000
Healthy/lyria__P0486__b15.png,Healthy,P0486,premolar,1,Healthy,0.0000,1.0000,0.0000,0.0000
Endodontics/lyria__P0037__b0.png,Endodontics,P0037,incisor,1,Endodontics,0.8730,0.0000,0.0000,0.1270
Healthy/lyria__P0037__b1.png,Healthy,P0037,canine,1,Healthy,0.0001,0.9809,0.0002,0.0188
Healthy/lyria__P0037__b4.png,Healthy,P0037,incisor,1,Healthy,0.0000,0.9990,0.0008,0.0001
Endodontics/lyria__P0277__b0.png,Endodontics,P0277,1st molar,1,Endodontics,1.0000,0.0000,0.0000,0.0000
Endodontics/lyria__P0277__b1.png,Endodontics,P0277,premolar,1,Endodontics,1.0000,0.0000,0.0000,0.0000
Endodontics/lyria__P0277__b2.png,Endodontics,P0277,premolar,1,Endodontics,1.0000,0.0000,0.0000,0.0000
Endodontics/lyria__P0277__b3.png,Endodontics,P0277,1st molar,1,Endodontics,0.9999,0.0001,0.0000,0.0000
Endodontics/lyria__P0277__b4.png,Endodontics,P0277,2nd molar,1,Endodontics,0.7154,0.2827,0.0012,0.0007
Healthy/lyria__P0277__b2.png,Healthy,P0277,incisor,1,Healthy,0.0000,0.9998,0.0000,0.0002
Healthy/lyria__P0277__b5.png,Healthy,P0277,incisor,1,Healthy,0.0000,0.9999,0.0000,0.0001
Impacted/lyria__P0764__b0.png,Impacted,P0764,3rd molar,1,Impacted,0.0000,0.0000,0.9999,0.0000
Impacted/lyria__P0764__b1.png,Impacted,P0764,3rd molar,1,Impacted,0.0002,0.0098,0.9900,0.0000
Impacted/lyria__P0764__b2.png,Impacted,P0764,3rd molar,1,Impacted,0.0000,0.0000,1.0000,0.0000
Healthy/lyria__P0764__b1.png,Healthy,P0764,incisor,1,Healthy,0.0000,1.0000,0.0000,0.0000
Healthy/lyria__P0764__b7.png,Healthy,P0764,incisor,1,Healthy,0.0000,0.9997,0.0000,0.0003
Endodontics/lyria__P0626__b0.png,Endodontics,P0626,premolar,1,Endodontics,0.9998,0.0000,0.0000,0.0001
Endodontics/lyria__P0626__b1.png,Endodontics,P0626,2nd molar,1,Endodontics,0.7658,0.2341,0.0000,0.0001
Healthy/lyria__P0626__b0.png,Healthy,P0626,canine,1,Healthy,0.0000,0.9995,0.0000,0.0005
Healthy/lyria__P0624__b9.png,Healthy,P0624,premolar,1,Healthy,0.0003,0.9996,0.0000,0.0000
Healthy/lyria__P0725__b9.png,Healthy,P0725,premolar,1,Healthy,0.0001,0.9998,0.0000,0.0000
Healthy/lyria__P0725__b1.png,Healthy,P0725,incisor,1,Healthy,0.0001,0.9996,0.0001,0.0002
Implant/dentex__126.png,Implant,dentex_126,unknown,1,Implant,0.0001,0.0001,0.0000,0.9998
Endodontics/lyria__P0194__b0.png,Endodontics,P0194,incisor,1,Endodontics,1.0000,0.0000,0.0000,0.0000
Endodontics/lyria__P0194__b1.png,Endodontics,P0194,incisor,1,Endodontics,1.0000,0.0000,0.0000,0.0000
Endodontics/lyria__P0194__b2.png,Endodontics,P0194,1st molar,1,Endodontics,1.0000,0.0000,0.0000,0.0000
Healthy/lyria__P0194__b5.png,Healthy,P0194,premolar,1,Healthy,0.0000,0.9998,0.0001,0.0001
Healthy/lyria__P0194__b10.png,Healthy,P0194,incisor,1,Healthy,0.0000,0.9999,0.0000,0.0000
Endodontics/lyria__P0041__b0.png,Endodontics,P0041,premolar,1,Endodontics,0.9909,0.0045,0.0000,0.0046
Healthy/lyria__P0041__b0.png,Healthy,P0041,premolar,1,Healthy,0.3370,0.6630,0.0000,0.0000
Healthy/lyria__P0041__b1.png,Healthy,P0041,canine,1,Healthy,0.0000,1.0000,0.0000,0.0000
Healthy/lyria__P0658__b20.png,Healthy,P0658,incisor,1,Healthy,0.0000,1.0000,0.0000,0.0000
Healthy/lyria__P0658__b4.png,Healthy,P0658,canine,1,Healthy,0.0005,0.9995,0.0000,0.0000
Endodontics/lyria__P0232__b0.png,Endodontics,P0232,premolar,1,Endodontics,1.0000,0.0000,0.0000,0.0000
Healthy/lyria__P0232__b0.png,Healthy,P0232,incisor,1,Healthy,0.0001,0.9999,0.0000,0.0000
Healthy/lyria__P0232__b3.png,Healthy,P0232,incisor,1,Healthy,0.0000,1.0000,0.0000,0.0000
Healthy/lyria__P0481__b10.png,Healthy,P0481,incisor,1,Healthy,0.0000,0.9997,0.0000,0.0003
Healthy/lyria__P0481__b20.png,Healthy,P0481,2nd molar,1,Healthy,0.0000,0.9999,0.0001,0.0000
Healthy/lyria__P0586__b15.png,Healthy,P0586,premolar,1,Healthy,0.0002,0.9998,0.0000,0.0000
Healthy/lyria__P0586__b16.png,Healthy,P0586,premolar,1,Healthy,0.0009,0.9990,0.0001,0.0000
Healthy/lyria__P0616__b2.png,Healthy,P0616,2nd molar,1,Healthy,0.0001,0.9995,0.0000,0.0004
Healthy/lyria__P0616__b1.png,Healthy,P0616,premolar,1,Healthy,0.3228,0.6756,0.0000,0.0016
Impacted/lyria__P0477__b0.png,Impacted,P0477,3rd molar,1,Impacted,0.0000,0.0001,0.9999,0.0000
Impacted/lyria__P0477__b1.png,Impacted,P0477,3rd molar,1,Impacted,0.0000,0.0000,1.0000,0.0000
Healthy/lyria__P0477__b21.png,Healthy,P0477,incisor,1,Healthy,0.0001,0.9999,0.0000,0.0000
Healthy/lyria__P0477__b8.png,Healthy,P0477,incisor,1,Healthy,0.0000,1.0000,0.0000,0.0000
Healthy/lyria__P0488__b0.png,Healthy,P0488,2nd molar,0,Healthy,0.0000,1.0000,0.0000,0.0000
Healthy/lyria__P0488__b1.png,Healthy,P0488,1st molar,0,Healthy,0.0000,0.9999,0.0001,0.0000
Healthy/lyria__P0488__b2.png,Healthy,P0488,premolar,0,Healthy,0.0000,0.9999,0.0000,0.0000
Healthy/lyria__P0488__b3.png,Healthy,P0488,premolar,0,Healthy,0.0000,0.9999,0.0000,0.0000
Healthy/lyria__P0488__b4.png,Healthy,P0488,canine,0,Healthy,0.0001,0.9999,0.0000,0.0000
Healthy/lyria__P0488__b5.png,Healthy,P0488,incisor,0,Healthy,0.0000,1.0000,0.0000,0.0000
Healthy/lyria__P0488__b6.png,Healthy,P0488,incisor,0,Healthy,0.0000,1.0000,0.0000,0.0000
Healthy/lyria__P0488__b7.png,Healthy,P0488,incisor,0,Healthy,0.0000,1.0000,0.0000,0.0000
Healthy/lyria__P0488__b8.png,Healthy,P0488,incisor,0,Healthy,0.0000,1.0000,0.0000,0.0000
Healthy/lyria__P0488__b9.png,Healthy,P0488,canine,0,Healthy,0.0001,0.9999,0.0000,0.0001
Healthy/lyria__P0488__b10.png,Healthy,P0488,premolar,0,Healthy,0.0010,0.9989,0.0000,0.0000
Healthy/lyria__P0488__b11.png,Healthy,P0488,premolar,0,Healthy,0.0000,1.0000,0.0000,0.0000
Healthy/lyria__P0488__b12.png,Healthy,P0488,1st molar,0,Healthy,0.0000,1.0000,0.0000,0.0000
Healthy/lyria__P0488__b14.png,Healthy,P0488,2nd molar,0,Healthy,0.0000,1.0000,0.0000,0.0000
Healthy/lyria__P0488__b15.png,Healthy,P0488,1st molar,0,Healthy,0.0000,1.0000,0.0000,0.0000
Healthy/lyria__P0488__b16.png,Healthy,P0488,premolar,0,Healthy,0.0001,0.9999,0.0000,0.0000
Healthy/lyria__P0488__b17.png,Healthy,P0488,premolar,0,Healthy,0.0001,0.9998,0.0000,0.0001
Healthy/lyria__P0488__b19.png,Healthy,P0488,incisor,0,Healthy,0.0000,1.0000,0.0000,0.0000
Healthy/lyria__P0488__b20.png,Healthy,P0488,incisor,0,Healthy,0.0000,1.0000,0.0000,0.0000
Healthy/lyria__P0488__b21.png,Healthy,P0488,incisor,0,Healthy,0.0000,1.0000,0.0000,0.0000
Healthy/lyria__P0488__b22.png,Healthy,P0488,incisor,0,Healthy,0.0000,1.0000,0.0000,0.0000
Healthy/lyria__P0488__b23.png,Healthy,P0488,canine,0,Healthy,0.0000,1.0000,0.0000,0.0000
Healthy/lyria__P0488__b24.png,Healthy,P0488,premolar,0,Healthy,0.0000,0.9999,0.0000,0.0000
Healthy/lyria__P0488__b25.png,Healthy,P0488,premolar,0,Healthy,0.0001,0.9945,0.0052,0.0001
Healthy/lyria__P0488__b26.png,Healthy,P0488,1st molar,0,Healthy,0.0000,1.0000,0.0000,0.0000
Healthy/lyria__P0488__b27.png,Healthy,P0488,2nd molar,0,Healthy,0.0000,0.9996,0.0004,0.0000
Healthy/lyria__P0490__b1.png,Healthy,P0490,2nd molar,0,Healthy,0.0000,1.0000,0.0000,0.0000
Healthy/lyria__P0490__b2.png,Healthy,P0490,1st molar,0,Healthy,0.0001,0.9999,0.0000,0.0000
Healthy/lyria__P0490__b3.png,Healthy,P0490,premolar,0,Healthy,0.0000,1.0000,0.0000,0.0000
Healthy/lyria__P0490__b4.png,Healthy,P0490,premolar,0,Healthy,0.0001,0.9998,0.0001,0.0000
Healthy/lyria__P0490__b5.png,Healthy,P0490,canine,0,Healthy,0.0000,1.0000,0.0000,0.0000
Healthy/lyria__P0490__b6.png,Healthy,P0490,incisor,0,Healthy,0.0000,0.9993,0.0000,0.0007
Healthy/lyria__P0490__b7.png,Healthy,P0490,incisor,0,Healthy,0.0000,0.9997,0.0000,0.0002
Healthy/lyria__P0490__b8.png,Healthy,P0490,incisor,0,Healthy,0.0000,0.9999,0.0001,0.0000
Healthy/lyria__P0490__b9.png,Healthy,P0490,incisor,0,Healthy,0.0000,1.0000,0.0000,0.0000
Healthy/lyria__P0490__b10.png,Healthy,P0490,canine,0,Healthy,0.0000,1.0000,0.0000,0.0000
Healthy/lyria__P0490__b11.png,Healthy,P0490,premolar,0,Healthy,0.0000,1.0000,0.0000,0.0000
Healthy/lyria__P0490__b12.png,Healthy,P0490,premolar,0,Healthy,0.0001,0.9999,0.0001,0.0000
Healthy/lyria__P0490__b13.png,Healthy,P0490,1st molar,0,Healthy,0.0000,1.0000,0.0000,0.0000
Healthy/lyria__P0490__b14.png,Healthy,P0490,2nd molar,0,Healthy,0.0000,1.0000,0.0000,0.0000
Healthy/lyria__P0490__b16.png,Healthy,P0490,incisor,0,Healthy,0.0001,0.9999,0.0000,0.0000
Healthy/lyria__P0490__b17.png,Healthy,P0490,incisor,0,Healthy,0.0003,0.9996,0.0000,0.0001
Healthy/lyria__P0490__b18.png,Healthy,P0490,canine,0,Healthy,0.0000,0.9997,0.0002,0.0000
Healthy/lyria__P0490__b19.png,Healthy,P0490,incisor,0,Healthy,0.0000,0.9999,0.0000,0.0000
Healthy/lyria__P0490__b20.png,Healthy,P0490,incisor,0,Healthy,0.0000,0.9999,0.0000,0.0001
Healthy/lyria__P0490__b21.png,Healthy,P0490,canine,0,Healthy,0.0000,0.9999,0.0000,0.0000
Healthy/lyria__P0490__b22.png,Healthy,P0490,premolar,0,Healthy,0.0000,0.9999,0.0001,0.0000
Healthy/lyria__P0490__b23.png,Healthy,P0490,premolar,0,Healthy,0.0000,0.9999,0.0000,0.0000
Healthy/lyria__P0490__b24.png,Healthy,P0490,premolar,0,Healthy,0.0000,0.9999,0.0000,0.0000
Healthy/lyria__P0490__b25.png,Healthy,P0490,premolar,0,Healthy,0.0000,1.0000,0.0000,0.0000
Healthy/lyria__P0490__b26.png,Healthy,P0490,1st molar,0,Healthy,0.0000,1.0000,0.0000,0.0000
Healthy/lyria__P0490__b27.png,Healthy,P0490,2nd molar,0,Healthy,0.0000,1.0000,0.0000,0.0000
Healthy/lyria__P0490__b28.png,Healthy,P0490,3rd molar,0,Healthy,0.0000,0.9925,0.0075,0.0000
Healthy/lyria__P0490__b29.png,Healthy,P0490,1st molar,0,Healthy,0.0000,1.0000,0.0000,0.0000
Healthy/lyria__P0490__b30.png,Healthy,P0490,2nd molar,0,Healthy,0.0000,1.0000,0.0000,0.0000
Healthy/lyria__P0490__b31.png,Healthy,P0490,3rd molar,0,Healthy,0.0000,0.9999,0.0001,0.0000
Healthy/lyria__P0491__b0.png,Healthy,P0491,incisor,0,Healthy,0.0000,0.9998,0.0001,0.0000
Healthy/lyria__P0491__b2.png,Healthy,P0491,incisor,0,Healthy,0.0002,0.9961,0.0003,0.0034
Healthy/lyria__P0491__b3.png,Healthy,P0491,canine,0,Healthy,0.0000,0.9999,0.0000,0.0000
Healthy/lyria__P0491__b4.png,Healthy,P0491,premolar,0,Healthy,0.0003,0.9997,0.0000,0.0000
Healthy/lyria__P0491__b5.png,Healthy,P0491,premolar,0,Healthy,0.0001,0.9999,0.0000,0.0001
Healthy/lyria__P0491__b6.png,Healthy,P0491,1st molar,0,Healthy,0.0000,1.0000,0.0000,0.0000
Healthy/lyria__P0491__b7.png,Healthy,P0491,2nd molar,0,Healthy,0.0000,1.0000,0.0000,0.0000
Healthy/lyria__P0491__b8.png,Healthy,P0491,incisor,0,Healthy,0.0000,0.9998,0.0000,0.0002
Healthy/lyria__P0491__b9.png,Healthy,P0491,canine,0,Healthy,0.0013,0.9986,0.0000,0.0000
Healthy/lyria__P0491__b10.png,Healthy,P0491,premolar,0,Healthy,0.0002,0.9998,0.0000,0.0000
Healthy/lyria__P0491__b11.png,Healthy,P0491,premolar,0,Healthy,0.0001,0.9998,0.0001,0.0000
Healthy/lyria__P0491__b12.png,Healthy,P0491,1st molar,0,Healthy,0.0000,1.0000,0.0000,0.0000
Healthy/lyria__P0491__b13.png,Healthy,P0491,2nd molar,0,Healthy,0.0000,1.0000,0.0000,0.0000
Healthy/lyria__P0491__b14.png,Healthy,P0491,2nd molar,0,Healthy,0.0000,1.0000,0.0000,0.0000
Healthy/lyria__P0491__b15.png,Healthy,P0491,1st molar,0,Healthy,0.0000,1.0000,0.0000,0.0000
Healthy/lyria__P0491__b16.png,Healthy,P0491,premolar,0,Healthy,0.0000,0.9999,0.0000,0.0000
Healthy/lyria__P0491__b17.png,Healthy,P0491,premolar,0,Healthy,0.0000,0.9999,0.0000,0.0001
Healthy/lyria__P0491__b18.png,Healthy,P0491,canine,0,Healthy,0.0001,0.9936,0.0062,0.0000
Healthy/lyria__P0491__b20.png,Healthy,P0491,incisor,0,Healthy,0.0000,1.0000,0.0000,0.0000
Healthy/lyria__P0491__b21.png,Healthy,P0491,incisor,0,Healthy,0.0000,1.0000,0.0000,0.0000
Healthy/lyria__P0491__b22.png,Healthy,P0491,incisor,0,Healthy,0.0000,0.9999,0.0000,0.0001
Healthy/lyria__P0491__b23.png,Healthy,P0491,canine,0,Healthy,0.0000,0.9999,0.0000,0.0000
Healthy/lyria__P0491__b24.png,Healthy,P0491,premolar,0,Healthy,0.0000,1.0000,0.0000,0.0000
Healthy/lyria__P0491__b25.png,Healthy,P0491,premolar,0,Healthy,0.0002,0.9998,0.0000,0.0000
Healthy/lyria__P0491__b26.png,Healthy,P0491,1st molar,0,Healthy,0.0000,0.9998,0.0002,0.0000
Healthy/lyria__P0491__b27.png,Healthy,P0491,2nd molar,0,Healthy,0.0000,0.9979,0.0021,0.0000
Healthy/lyria__P0492__b0.png,Healthy,P0492,3rd molar,0,Healthy,0.0000,1.0000,0.0000,0.0000
Healthy/lyria__P0492__b1.png,Healthy,P0492,2nd molar,0,Healthy,0.0000,1.0000,0.0000,0.0000
Healthy/lyria__P0492__b2.png,Healthy,P0492,2nd molar,0,Healthy,0.0000,1.0000,0.0000,0.0000
Healthy/lyria__P0492__b3.png,Healthy,P0492,1st molar,0,Healthy,0.0000,1.0000,0.0000,0.0000
Healthy/lyria__P0492__b4.png,Healthy,P0492,premolar,0,Healthy,0.0019,0.9978,0.0000,0.0002
Healthy/lyria__P0492__b5.png,Healthy,P0492,premolar,0,Healthy,0.0026,0.9971,0.0000,0.0003
Healthy/lyria__P0492__b6.png,Healthy,P0492,canine,0,Healthy,0.0000,0.9999,0.0000,0.0000
Healthy/lyria__P0492__b8.png,Healthy,P0492,incisor,0,Healthy,0.0000,1.0000,0.0000,0.0000
Healthy/lyria__P0492__b9.png,Healthy,P0492,incisor,0,Healthy,0.0000,1.0000,0.0000,0.0000
Healthy/lyria__P0492__b10.png,Healthy,P0492,canine,0,Healthy,0.0008,0.9987,0.0000,0.0005
Healthy/lyria__P0492__b11.png,Healthy,P0492,premolar,0,Healthy,0.0015,0.9985,0.0000,0.0000
Healthy/lyria__P0492__b12.png,Healthy,P0492,premolar,0,Healthy,0.0000,1.0000,0.0000,0.0000
Healthy/lyria__P0492__b13.png,Healthy,P0492,1st molar,0,Healthy,0.0000,1.0000,0.0000,0.0000
Healthy/lyria__P0492__b15.png,Healthy,P0492,canine,0,Healthy,0.0000,1.0000,0.0000,0.0000
Healthy/lyria__P0492__b16.png,Healthy,P0492,2nd molar,0,Healthy,0.0000,0.9999,0.0001,0.0000
Healthy/lyria__P0492__b17.png,Healthy,P0492,incisor,0,Healthy,0.0000,0.9999,0.0000,0.0000
Healthy/lyria__P0492__b18.png,Healthy,P0492,incisor,0,Healthy,0.0000,1.0000,0.0000,0.0000
Healthy/lyria__P0492__b19.png,Healthy,P0492,incisor,0,Healthy,0.0000,1.0000,0.0000,0.0000
Healthy/lyria__P0492__b20.png,Healthy,P0492,canine,0,Healthy,0.0000,1.0000,0.0000,0.0000
Healthy/lyria__P0492__b21.png,Healthy,P0492,premolar,0,Healthy,0.0010,0.9990,0.0000,0.0000
Healthy/lyria__P0492__b22.png,Healthy,P0492,premolar,0,Healthy,0.0010,0.9990,0.0000,0.0000
Healthy/lyria__P0492__b23.png,Healthy,P0492,2nd molar,0,Healthy,0.0000,1.0000,0.0000,0.0000
Healthy/lyria__P0492__b24.png,Healthy,P0492,premolar,0,Healthy,0.0001,0.9999,0.0000,0.0000
Healthy/lyria__P0492__b25.png,Healthy,P0492,premolar,0,Healthy,0.0000,1.0000,0.0000,0.0000
Healthy/lyria__P0492__b26.png,Healthy,P0492,1st molar,0,Healthy,0.0000,1.0000,0.0000,0.0000
Healthy/lyria__P0492__b27.png,Healthy,P0492,3rd molar,0,Healthy,0.0002,0.9996,0.0002,0.0000
Healthy/lyria__P0494__b0.png,Healthy,P0494,incisor,0,Healthy,0.0000,0.9997,0.0000,0.0002
Healthy/lyria__P0494__b1.png,Healthy,P0494,incisor,0,Healthy,0.0000,0.9999,0.0000,0.0001
Healthy/lyria__P0494__b2.png,Healthy,P0494,canine,0,Healthy,0.0015,0.9983,0.0000,0.0002
Healthy/lyria__P0494__b3.png,Healthy,P0494,premolar,0,Healthy,0.0031,0.9969,0.0000,0.0001
Healthy/lyria__P0494__b4.png,Healthy,P0494,canine,0,Healthy,0.0000,1.0000,0.0000,0.0000
Healthy/lyria__P0494__b5.png,Healthy,P0494,incisor,0,Healthy,0.0000,0.9999,0.0000,0.0001
Healthy/lyria__P0494__b7.png,Healthy,P0494,incisor,0,Healthy,0.0001,0.9999,0.0000,0.0001
Healthy/lyria__P0494__b8.png,Healthy,P0494,incisor,0,Healthy,0.0000,1.0000,0.0000,0.0000
Healthy/lyria__P0494__b9.png,Healthy,P0494,incisor,0,Healthy,0.0000,0.9999,0.0000,0.0001
Healthy/lyria__P0494__b10.png,Healthy,P0494,canine,0,Healthy,0.0000,1.0000,0.0000,0.0000
Healthy/lyria__P0494__b11.png,Healthy,P0494,premolar,0,Healthy,0.0000,1.0000,0.0000,0.0000
Healthy/lyria__P0494__b12.png,Healthy,P0494,premolar,0,Healthy,0.0000,0.9999,0.0001,0.0000
Healthy/lyria__P0494__b14.png,Healthy,P0494,premolar,0,Healthy,0.0001,0.9999,0.0000,0.0000
Healthy/lyria__P0494__b15.png,Healthy,P0494,premolar,0,Healthy,0.0000,1.0000,0.0000,0.0000
Healthy/lyria__P0495__b0.png,Healthy,P0495,1st molar,0,Healthy,0.2238,0.6739,0.1011,0.0012
Healthy/lyria__P0495__b1.png,Healthy,P0495,premolar,0,Healthy,0.0007,0.9991,0.0000,0.0002
Healthy/lyria__P0495__b2.png,Healthy,P0495,2nd molar,0,Healthy,0.0009,0.9892,0.0096,0.0003
Healthy/lyria__P0495__b3.png,Healthy,P0495,premolar,0,Healthy,0.0000,0.9999,0.0000,0.0001
Healthy/lyria__P0495__b4.png,Healthy,P0495,canine,0,Healthy,0.0000,1.0000,0.0000,0.0000
Healthy/lyria__P0495__b5.png,Healthy,P0495,incisor,0,Healthy,0.0000,1.0000,0.0000,0.0000
Healthy/lyria__P0495__b7.png,Healthy,P0495,incisor,0,Healthy,0.0000,0.9999,0.0000,0.0000
Healthy/lyria__P0495__b8.png,Healthy,P0495,incisor,0,Healthy,0.0000,0.9999,0.0000,0.0001
Healthy/lyria__P0495__b9.png,Healthy,P0495,canine,0,Healthy,0.0002,0.9987,0.0000,0.0011
Healthy/lyria__P0495__b11.png,Healthy,P0495,premolar,0,Healthy,0.0000,1.0000,0.0000,0.0000
Healthy/lyria__P0495__b12.png,Healthy,P0495,1st molar,0,Healthy,0.0000,1.0000,0.0000,0.0000
Healthy/lyria__P0495__b13.png,Healthy,P0495,2nd molar,0,Healthy,0.0135,0.9864,0.0001,0.0001
Healthy/lyria__P0495__b14.png,Healthy,P0495,2nd molar,0,Healthy,0.0000,1.0000,0.0000,0.0000
Healthy/lyria__P0495__b15.png,Healthy,P0495,1st molar,0,Healthy,0.0000,1.0000,0.0000,0.0000
Healthy/lyria__P0495__b16.png,Healthy,P0495,premolar,0,Healthy,0.0000,0.9999,0.0000,0.0000
Healthy/lyria__P0495__b17.png,Healthy,P0495,premolar,0,Healthy,0.0000,1.0000,0.0000,0.0000
Healthy/lyria__P0495__b18.png,Healthy,P0495,canine,0,Healthy,0.0001,0.9998,0.0000,0.0001
Healthy/lyria__P0495__b19.png,Healthy,P0495,incisor,0,Healthy,0.0000,0.9999,0.0000,0.0001
Healthy/lyria__P0495__b20.png,Healthy,P0495,incisor,0,Healthy,0.0000,0.9999,0.0000,0.0001
Healthy/lyria__P0495__b21.png,Healthy,P0495,incisor,0,Healthy,0.0000,0.9999,0.0000,0.0001
Healthy/lyria__P0495__b22.png,Healthy,P0495,incisor,0,Healthy,0.0000,1.0000,0.0000,0.0000
Healthy/lyria__P0495__b23.png,Healthy,P0495,canine,0,Healthy,0.0001,0.9998,0.0001,0.0001
Healthy/lyria__P0495__b24.png,Healthy,P0495,premolar,0,Healthy,0.0000,1.0000,0.0000,0.0000
Healthy/lyria__P0495__b25.png,Healthy,P0495,premolar,0,Healthy,0.0000,0.9999,0.0000,0.0001
Healthy/lyria__P0495__b26.png,Healthy,P0495,1st molar,0,Healthy,0.0010,0.9989,0.0000,0.0000
Healthy/lyria__P0495__b27.png,Healthy,P0495,2nd molar,0,Healthy,0.0006,0.9878,0.0115,0.0002
Healthy/lyria__P0496__b0.png,Healthy,P0496,incisor,0,Healthy,0.0000,1.0000,0.0000,0.0000
Healthy/lyria__P0496__b1.png,Healthy,P0496,incisor,0,Healthy,0.0002,0.9997,0.0000,0.0001
Healthy/lyria__P0496__b2.png,Healthy,P0496,incisor,0,Healthy,0.0000,1.0000,0.0000,0.0000
Healthy/lyria__P0496__b3.png,Healthy,P0496,canine,0,Healthy,0.0000,1.0000,0.0000,0.0000
Healthy/lyria__P0496__b4.png,Healthy,P0496,premolar,0,Healthy,0.0337,0.9662,0.0000,0.0001
Healthy/lyria__P0496__b5.png,Healthy,P0496,premolar,0,Healthy,0.0000,1.0000,0.0000,0.0000
Healthy/lyria__P0496__b6.png,Healthy,P0496,1st molar,0,Healthy,0.0000,1.0000,0.0000,0.0000
Healthy/lyria__P0496__b7.png,Healthy,P0496,2nd molar,0,Healthy,0.0000,0.9999,0.0001,0.0000
Healthy/lyria__P0496__b8.png,Healthy,P0496,incisor,0,Healthy,0.0000,0.9998,0.0000,0.0002
Healthy/lyria__P0496__b9.png,Healthy,P0496,canine,0,Healthy,0.0003,0.9997,0.0000,0.0000
Healthy/lyria__P0496__b10.png,Healthy,P0496,premolar,0,Healthy,0.0009,0.9990,0.0001,0.0000
Healthy/lyria__P0496__b11.png,Healthy,P0496,premolar,0,Healthy,0.0631,0.9360,0.0001,0.0009
Healthy/lyria__P0496__b12.png,Healthy,P0496,1st molar,0,Healthy,0.0000,0.9986,0.0014,0.0000
Healthy/lyria__P0496__b13.png,Healthy,P0496,2nd molar,0,Healthy,0.0000,1.0000,0.0000,0.0000
Healthy/lyria__P0496__b14.png,Healthy,P0496,3rd molar,0,Healthy,0.0000,0.9442,0.0558,0.0000
Healthy/lyria__P0496__b15.png,Healthy,P0496,2nd molar,0,Healthy,0.0000,0.9949,0.0051,0.0000
Healthy/lyria__P0496__b16.png,Healthy,P0496,1st molar,0,Healthy,0.0000,1.0000,0.0000,0.0000
Healthy/lyria__P0496__b17.png,Healthy,P0496,premolar,0,Healthy,0.0003,0.9996,0.0001,0.0000
Healthy/lyria__P0496__b18.png,Healthy,P0496,2nd molar,0,Healthy,0.0000,0.9700,0.0300,0.0000
Healthy/lyria__P0496__b19.png,Healthy,P0496,1st molar,0,Healthy,0.0000,1.0000,0.0000,0.0000
Healthy/lyria__P0496__b21.png,Healthy,P0496,premolar,0,Healthy,0.0000,1.0000,0.0000,0.0000
Healthy/lyria__P0496__b22.png,Healthy,P0496,premolar,0,Healthy,0.0001,0.9998,0.0000,0.0000
Healthy/lyria__P0496__b23.png,Healthy,P0496,canine,0,Healthy,0.0000,1.0000,0.0000,0.0000
Healthy/lyria__P0496__b24.png,Healthy,P0496,incisor,0,Healthy,0.0000,1.0000,0.0000,0.0000
Healthy/lyria__P0496__b25.png,Healthy,P0496,incisor,0,Healthy,0.0000,0.9997,0.0000,0.0003
Healthy/lyria__P0496__b27.png,Healthy,P0496,incisor,0,Healthy,0.0000,1.0000,0.0000,0.0000
Healthy/lyria__P0496__b28.png,Healthy,P0496,canine,0,Healthy,0.0000,1.0000,0.0000,0.0000
Healthy/lyria__P0497__b0.png,Healthy,P0497,premolar,0,Healthy,0.0000,1.0000,0.0000,0.0000
Healthy/lyria__P0497__b1.png,Healthy,P0497,premolar,0,Healthy,0.0009,0.9991,0.0000,0.0000
Healthy/lyria__P0497__b2.png,Healthy,P0497,canine,0,Healthy,0.0000,1.0000,0.0000,0.0000
Healthy/lyria__P0497__b3.png,Healthy,P0497,premolar,0,Healthy,0.0000,0.9999,0.0000,0.0000
Healthy/lyria__P0497__b4.png,Healthy,P0497,incisor,0,Healthy,0.0000,1.0000,0.0000,0.0000
Healthy/lyria__P0497__b5.png,Healthy,P0497,incisor,0,Healthy,0.0000,0.9999,0.0000,0.0000
Healthy/lyria__P0497__b6.png,Healthy,P0497,incisor,0,Healthy,0.0009,0.9991,0.0000,0.0001
Healthy/lyria__P0497__b8.png,Healthy,P0497,canine,0,Healthy,0.0000,1.0000,0.0000,0.0000
Healthy/lyria__P0497__b9.png,Healthy,P0497,premolar,0,Healthy,0.0004,0.9988,0.0003,0.0006
Healthy/lyria__P0497__b10.png,Healthy,P0497,1st molar,0,Healthy,0.0002,0.9959,0.0038,0.0001
Healthy/lyria__P0497__b11.png,Healthy,P0497,2nd molar,0,Healthy,0.0007,0.5545,0.4440,0.0008
Healthy/lyria__P0497__b12.png,Healthy,P0497,1st molar,0,Healthy,0.0000,1.0000,0.0000,0.0000
Healthy/lyria__P0497__b13.png,Healthy,P0497,2nd molar,0,Healthy,0.0000,1.0000,0.0000,0.0000
Healthy/lyria__P0497__b14.png,Healthy,P0497,incisor,0,Healthy,0.0000,0.9994,0.0000,0.0005
Healthy/lyria__P0497__b15.png,Healthy,P0497,incisor,0,Healthy,0.0000,0.9999,0.0000,0.0000
Healthy/lyria__P0497__b16.png,Healthy,P0497,incisor,0,Healthy,0.0000,1.0000,0.0000,0.0000
Healthy/lyria__P0497__b17.png,Healthy,P0497,canine,0,Healthy,0.0000,0.9999,0.0000,0.0000
Healthy/lyria__P0497__b18.png,Healthy,P0497,premolar,0,Healthy,0.0000,1.0000,0.0000,0.0000
Healthy/lyria__P0497__b19.png,Healthy,P0497,premolar,0,Healthy,0.0000,0.9997,0.0000,0.0003
Healthy/lyria__P0497__b20.png,Healthy,P0497,1st molar,0,Healthy,0.0000,1.0000,0.0000,0.0000
Healthy/lyria__P0497__b21.png,Healthy,P0497,2nd molar,0,Healthy,0.0000,0.9984,0.0015,0.0000
Healthy/lyria__P0497__b22.png,Healthy,P0497,incisor,0,Healthy,0.0000,1.0000,0.0000,0.0000
Healthy/lyria__P0497__b23.png,Healthy,P0497,canine,0,Healthy,0.0000,0.9999,0.0000,0.0000
Healthy/lyria__P0497__b24.png,Healthy,P0497,premolar,0,Healthy,0.0004,0.9995,0.0001,0.0000
Healthy/lyria__P0497__b25.png,Healthy,P0497,premolar,0,Healthy,0.0000,1.0000,0.0000,0.0000
Healthy/lyria__P0497__b26.png,Healthy,P0497,1st molar,0,Healthy,0.0000,1.0000,0.0000,0.0000
Healthy/lyria__P0501__b0.png,Healthy,P0501,3rd molar,0,Healthy,0.0002,0.9988,0.0009,0.0000
Healthy/lyria__P0501__b1.png,Healthy,P0501,premolar,0,Healthy,0.0002,0.9997,0.0001,0.0000
Healthy/lyria__P0501__b2.png,Healthy,P0501,premolar,0,Healthy,0.0155,0.9844,0.0000,0.0001
Healthy/lyria__P0501__b3.png,Healthy,P0501,incisor,0,Healthy,0.0006,0.9992,0.0002,0.0000
Healthy/lyria__P0501__b5.png,Healthy,P0501,premolar,0,Healthy,0.0035,0.9964,0.0000,0.0001
Healthy/lyria__P0501__b6.png,Healthy,P0501,3rd molar,0,Healthy,0.0014,0.9971,0.0000,0.0015
Healthy/lyria__P0501__b7.png,Healthy,P0501,incisor,0,Healthy,0.0002,0.9997,0.0000,0.0000
Healthy/lyria__P0501__b8.png,Healthy,P0501,canine,0,Healthy,0.0003,0.9997,0.0000,0.0000
Healthy/lyria__P0501__b9.png,Healthy,P0501,premolar,0,Healthy,0.0001,0.9999,0.0000,0.0000
Healthy/lyria__P0501__b10.png,Healthy,P0501,3rd molar,0,Healthy,0.0000,0.9994,0.0005,0.0000
Healthy/lyria__P0501__b11.png,Healthy,P0501,incisor,0,Healthy,0.0000,0.9999,0.0001,0.0000
Healthy/lyria__P0501__b12.png,Healthy,P0501,incisor,0,Healthy,0.0000,1.0000,0.0000,0.0000
Healthy/lyria__P0501__b13.png,Healthy,P0501,incisor,0,Healthy,0.0010,0.9990,0.0000,0.0000
Healthy/lyria__P0501__b14.png,Healthy,P0501,canine,0,Healthy,0.0000,1.0000,0.0000,0.0000
Healthy/lyria__P0501__b15.png,Healthy,P0501,3rd molar,0,Healthy,0.0000,0.9999,0.0001,0.0000
Healthy/lyria__P0505__b0.png,Healthy,P0505,incisor,0,Healthy,0.0000,0.9999,0.0000,0.0000
Healthy/lyria__P0505__b1.png,Healthy,P0505,incisor,0,Healthy,0.0017,0.9981,0.0000,0.0001
Healthy/lyria__P0505__b2.png,Healthy,P0505,canine,0,Healthy,0.0000,1.0000,0.0000,0.0000
Healthy/lyria__P0505__b4.png,Healthy,P0505,premolar,0,Healthy,0.0003,0.9984,0.0013,0.0000
Healthy/lyria__P0505__b5.png,Healthy,P0505,1st molar,0,Healthy,0.0016,0.8461,0.1515,0.0009
Healthy/lyria__P0505__b6.png,Healthy,P0505,2nd molar,0,Healthy,0.0000,0.9996,0.0004,0.0000
Healthy/lyria__P0505__b8.png,Healthy,P0505,incisor,0,Healthy,0.0000,0.9999,0.0000,0.0000
Healthy/lyria__P0505__b9.png,Healthy,P0505,canine,0,Healthy,0.0000,1.0000,0.0000,0.0000
Healthy/lyria__P0505__b10.png,Healthy,P0505,premolar,0,Healthy,0.0005,0.9995,0.0000,0.0000
Healthy/lyria__P0505__b11.png,Healthy,P0505,premolar,0,Healthy,0.0001,0.9971,0.0028,0.0000
Healthy/lyria__P0505__b12.png,Healthy,P0505,1st molar,0,Healthy,0.0000,1.0000,0.0000,0.0000
Healthy/lyria__P0505__b13.png,Healthy,P0505,2nd molar,0,Healthy,0.0000,1.0000,0.0000,0.0000
Healthy/lyria__P0505__b14.png,Healthy,P0505,2nd molar,0,Healthy,0.0000,1.0000,0.0000,0.0000
Healthy/lyria__P0505__b15.png,Healthy,P0505,1st molar,0,Healthy,0.0000,0.9999,0.0001,0.0000
Healthy/lyria__P0505__b16.png,Healthy,P0505,premolar,0,Healthy,0.0001,0.9999,0.0000,0.0000
Healthy/lyria__P0505__b17.png,Healthy,P0505,premolar,0,Healthy,0.0002,0.9997,0.0000,0.0000
Healthy/lyria__P0505__b18.png,Healthy,P0505,canine,0,Healthy,0.0001,0.9999,0.0000,0.0000
Healthy/lyria__P0505__b19.png,Healthy,P0505,incisor,0,Healthy,0.0000,0.9999,0.0000,0.0001
Healthy/lyria__P0505__b20.png,Healthy,P0505,incisor,0,Healthy,0.0000,0.9996,0.0000,0.0004
Healthy/lyria__P0505__b21.png,Healthy,P0505,incisor,0,Healthy,0.0000,0.9999,0.0000,0.0001
Healthy/lyria__P0505__b22.png,Healthy,P0505,incisor,0,Healthy,0.0000,1.0000,0.0000,0.0000
Healthy/lyria__P0505__b23.png,Healthy,P0505,canine,0,Healthy,0.0001,0.9999,0.0000,0.0000
Healthy/lyria__P0505__b24.png,Healthy,P0505,premolar,0,Healthy,0.0000,0.9999,0.0000,0.0000
Healthy/lyria__P0505__b25.png,Healthy,P0505,premolar,0,Healthy,0.0001,0.9993,0.0006,0.0000
Healthy/lyria__P0505__b26.png,Healthy,P0505,1st molar,0,Healthy,0.0000,0.9962,0.0038,0.0000
Healthy/lyria__P0505__b27.png,Healthy,P0505,2nd molar,0,Healthy,0.0000,1.0000,0.0000,0.0000
Healthy/lyria__P0506__b0.png,Healthy,P0506,incisor,0,Healthy,0.0000,1.0000,0.0000,0.0000
Healthy/lyria__P0506__b2.png,Healthy,P0506,incisor,0,Healthy,0.0000,1.0000,0.0000,0.0000
Healthy/lyria__P0506__b3.png,Healthy,P0506,canine,0,Healthy,0.0000,1.0000,0.0000,0.0000
Healthy/lyria__P0506__b4.png,Healthy,P0506,premolar,0,Healthy,0.0000,1.0000,0.0000,0.0000
Healthy/lyria__P0506__b5.png,Healthy,P0506,premolar,0,Healthy,0.0000,0.9999,0.0000,0.0000
Healthy/lyria__P0506__b6.png,Healthy,P0506,1st molar,0,Healthy,0.0000,1.0000,0.0000,0.0000
Healthy/lyria__P0506__b7.png,Healthy,P0506,2nd molar,0,Healthy,0.0000,1.0000,0.0000,0.0000
Healthy/lyria__P0506__b8.png,Healthy,P0506,3rd molar,0,Healthy,0.0000,1.0000,0.0000,0.0000
Healthy/lyria__P0506__b9.png,Healthy,P0506,incisor,0,Healthy,0.0000,1.0000,0.0000,0.0000
Healthy/lyria__P0506__b11.png,Healthy,P0506,premolar,0,Healthy,0.0000,1.0000,0.0000,0.0000
Healthy/lyria__P0506__b12.png,Healthy,P0506,premolar,0,Healthy,0.0000,1.0000,0.0000,0.0000
Healthy/lyria__P0506__b13.png,Healthy,P0506,1st molar,0,Healthy,0.0000,1.0000,0.0000,0.0000
Healthy/lyria__P0506__b14.png,Healthy,P0506,2nd molar,0,Healthy,0.0000,1.0000,0.0000,0.0000
Healthy/lyria__P0506__b15.png,Healthy,P0506,3rd molar,0,Healthy,0.0000,0.7481,0.2519,0.0000
Healthy/lyria__P0506__b16.png,Healthy,P0506,incisor,0,Healthy,0.0000,0.9997,0.0001,0.0002
Healthy/lyria__P0506__b17.png,Healthy,P0506,incisor,0,Healthy,0.0000,1.0000,0.0000,0.0000
Healthy/lyria__P0506__b18.png,Healthy,P0506,canine,0,Healthy,0.0000,1.0000,0.0000,0.0000
Healthy/lyria__P0506__b19.png,Healthy,P0506,premolar,0,Healthy,0.0000,1.0000,0.0000,0.0000
Healthy/lyria__P0506__b20.png,Healthy,P0506,premolar,0,Healthy,0.0001,0.9998,0.0000,0.0001
Healthy/lyria__P0506__b21.png,Healthy,P0506,1st molar,0,Healthy,0.0000,1.0000,0.0000,0.0000
Healthy/lyria__P0506__b22.png,Healthy,P0506,2nd molar,0,Healthy,0.0000,1.0000,0.0000,0.0000
Healthy/lyria__P0506__b23.png,Healthy,P0506,3rd molar,0,Healthy,0.0000,1.0000,0.0000,0.0000
Healthy/lyria__P0506__b24.png,Healthy,P0506,incisor,0,Healthy,0.0000,0.9999,0.0000,0.0001
Healthy/lyria__P0506__b25.png,Healthy,P0506,incisor,0,Healthy,0.0000,0.9996,0.0000,0.0004
Healthy/lyria__P0506__b26.png,Healthy,P0506,canine,0,Healthy,0.0000,1.0000,0.0000,0.0000
Healthy/lyria__P0506__b27.png,Healthy,P0506,premolar,0,Healthy,0.0000,0.9999,0.0000,0.0000
Healthy/lyria__P0506__b28.png,Healthy,P0506,premolar,0,Healthy,0.0000,1.0000,0.0000,0.0000
Healthy/lyria__P0506__b29.png,Healthy,P0506,1st molar,0,Healthy,0.0000,0.9999,0.0001,0.0000
Healthy/lyria__P0506__b30.png,Healthy,P0506,2nd molar,0,Healthy,0.0000,1.0000,0.0000,0.0000
Healthy/lyria__P0506__b31.png,Healthy,P0506,3rd molar,0,Healthy,0.0000,0.9997,0.0003,0.0000
Healthy/lyria__P0052__b0.png,Healthy,P0052,premolar,0,Healthy,0.0002,0.9997,0.0000,0.0001
Healthy/lyria__P0052__b1.png,Healthy,P0052,canine,0,Healthy,0.0017,0.9972,0.0001,0.0010
Healthy/lyria__P0052__b2.png,Healthy,P0052,incisor,0,Healthy,0.0000,1.0000,0.0000,0.0000
Healthy/lyria__P0052__b3.png,Healthy,P0052,canine,0,Healthy,0.1438,0.8535,0.0000,0.0027
Healthy/lyria__P0052__b4.png,Healthy,P0052,canine,0,Healthy,0.0000,1.0000,0.0000,0.0000
Healthy/lyria__P0052__b6.png,Healthy,P0052,incisor,0,Healthy,0.0000,0.9995,0.0000,0.0005
Healthy/lyria__P0052__b7.png,Healthy,P0052,incisor,0,Healthy,0.0000,0.9991,0.0000,0.0009
Healthy/lyria__P0052__b8.png,Healthy,P0052,incisor,0,Healthy,0.0001,0.9995,0.0000,0.0004
Healthy/lyria__P0052__b9.png,Healthy,P0052,canine,0,Healthy,0.0000,0.9992,0.0000,0.0008
Healthy/lyria__P0509__b0.png,Healthy,P0509,incisor,0,Healthy,0.0000,1.0000,0.0000,0.0000
Healthy/lyria__P0509__b1.png,Healthy,P0509,incisor,0,Healthy,0.0000,1.0000,0.0000,0.0000
Healthy/lyria__P0509__b2.png,Healthy,P0509,incisor,0,Healthy,0.0000,1.0000,0.0000,0.0000
Healthy/lyria__P0509__b3.png,Healthy,P0509,canine,0,Healthy,0.0000,0.9999,0.0000,0.0000
Healthy/lyria__P0509__b4.png,Healthy,P0509,premolar,0,Healthy,0.0000,1.0000,0.0000,0.0000
Healthy/lyria__P0509__b5.png,Healthy,P0509,premolar,0,Healthy,0.0000,0.9999,0.0000,0.0000
Healthy/lyria__P0509__b6.png,Healthy,P0509,2nd molar,0,Healthy,0.0000,0.9995,0.0004,0.0000
Healthy/lyria__P0509__b7.png,Healthy,P0509,incisor,0,Healthy,0.0000,0.9999,0.0000,0.0001
Healthy/lyria__P0509__b8.png,Healthy,P0509,canine,0,Healthy,0.0000,0.9999,0.0000,0.0000
Healthy/lyria__P0509__b9.png,Healthy,P0509,premolar,0,Healthy,0.0016,0.9983,0.0000,0.0001
Healthy/lyria__P0509__b10.png,Healthy,P0509,premolar,0,Healthy,0.0003,0.9948,0.0046,0.0003
Healthy/lyria__P0509__b11.png,Healthy,P0509,incisor,0,Healthy,0.0001,0.9999,0.0000,0.0000
Healthy/lyria__P0509__b12.png,Healthy,P0509,canine,0,Healthy,0.0000,1.0000,0.0000,0.0000
Healthy/lyria__P0509__b13.png,Healthy,P0509,premolar,0,Healthy,0.0000,0.9999,0.0000,0.0001
Healthy/lyria__P0509__b15.png,Healthy,P0509,1st molar,0,Healthy,0.0000,0.9949,0.0049,0.0002
Healthy/lyria__P0509__b16.png,Healthy,P0509,2nd molar,0,Healthy,0.0000,0.9988,0.0012,0.0000
Healthy/lyria__P0509__b17.png,Healthy,P0509,3rd molar,0,Impacted,0.0000,0.0021,0.9979,0.0000
Healthy/lyria__P0509__b18.png,Healthy,P0509,incisor,0,Healthy,0.0000,0.9998,0.0000,0.0002
Healthy/lyria__P0509__b19.png,Healthy,P0509,incisor,0,Healthy,0.0000,0.9999,0.0000,0.0001
Healthy/lyria__P0509__b20.png,Healthy,P0509,incisor,0,Healthy,0.0000,0.9999,0.0000,0.0001
Healthy/lyria__P0509__b21.png,Healthy,P0509,canine,0,Healthy,0.0001,0.9936,0.0001,0.0062
Healthy/lyria__P0509__b22.png,Healthy,P0509,premolar,0,Healthy,0.0001,0.9997,0.0000,0.0001
Healthy/lyria__P0509__b23.png,Healthy,P0509,premolar,0,Healthy,0.0000,0.9999,0.0000,0.0000
Healthy/lyria__P0509__b24.png,Healthy,P0509,1st molar,0,Healthy,0.0000,1.0000,0.0000,0.0000
Healthy/lyria__P0509__b25.png,Healthy,P0509,2nd molar,0,Healthy,0.0000,1.0000,0.0000,0.0000
Healthy/lyria__P0509__b26.png,Healthy,P0509,3rd molar,0,Healthy,0.0000,0.9931,0.0069,0.0000
Healthy/lyria__P0510__b1.png,Healthy,P0510,incisor,0,Healthy,0.0002,0.9995,0.0000,0.0003
Healthy/lyria__P0510__b2.png,Healthy,P0510,canine,0,Healthy,0.0007,0.9992,0.0000,0.0001
Healthy/lyria__P0510__b3.png,Healthy,P0510,premolar,0,Healthy,0.0013,0.9987,0.0000,0.0000
Healthy/lyria__P0510__b4.png,Healthy,P0510,premolar,0,Healthy,0.0045,0.9948,0.0005,0.0002
Healthy/lyria__P0510__b6.png,Healthy,P0510,incisor,0,Healthy,0.0000,0.9999,0.0001,0.0000
Healthy/lyria__P0510__b7.png,Healthy,P0510,canine,0,Healthy,0.0003,0.9996,0.0001,0.0001
Healthy/lyria__P0510__b8.png,Healthy,P0510,premolar,0,Healthy,0.0011,0.9987,0.0000,0.0001
Healthy/lyria__P0510__b9.png,Healthy,P0510,premolar,0,Healthy,0.0003,0.9996,0.0001,0.0000
Healthy/lyria__P0510__b10.png,Healthy,P0510,2nd molar,0,Healthy,0.0000,1.0000,0.0000,0.0000
Healthy/lyria__P0510__b11.png,Healthy,P0510,2nd molar,0,Healthy,0.0000,1.0000,0.0000,0.0000
Healthy/lyria__P0510__b12.png,Healthy,P0510,incisor,0,Healthy,0.0001,0.9996,0.0000,0.0002
Healthy/lyria__P0510__b13.png,Healthy,P0510,incisor,0,Healthy,0.0016,0.9984,0.0000,0.0000
Healthy/lyria__P0510__b14.png,Healthy,P0510,incisor,0,Healthy,0.0424,0.9171,0.0000,0.0405
Healthy/lyria__P0510__b15.png,Healthy,P0510,canine,0,Healthy,0.0120,0.9837,0.0001,0.0042
Healthy/lyria__P0510__b16.png,Healthy,P0510,premolar,0,Healthy,0.0211,0.9787,0.0000,0.0002
Healthy/lyria__P0510__b17.png,Healthy,P0510,1st molar,0,Healthy,0.0001,0.9998,0.0000,0.0000
Healthy/lyria__P0510__b18.png,Healthy,P0510,2nd molar,0,Healthy,0.0000,1.0000,0.0000,0.0000
Healthy/lyria__P0510__b19.png,Healthy,P0510,incisor,0,Healthy,0.0005,0.9989,0.0004,0.0002
Healthy/lyria__P0510__b20.png,Healthy,P0510,canine,0,Healthy,0.0210,0.9776,0.0001,0.0014
Healthy/lyria__P0510__b21.png,Healthy,P0510,premolar,0,Healthy,0.0152,0.9838,0.0007,0.0003
Healthy/lyria__P0510__b22.png,Healthy,P0510,2nd molar,0,Healthy,0.0000,1.0000,0.0000,0.0000
Healthy/lyria__P0511__b0.png,Healthy,P0511,canine,0,Healthy,0.0000,1.0000,0.0000,0.0000
Healthy/lyria__P0511__b2.png,Healthy,P0511,incisor,0,Healthy,0.0000,0.9999,0.0001,0.0000
Healthy/lyria__P0511__b3.png,Healthy,P0511,incisor,0,Healthy,0.0000,1.0000,0.0000,0.0000
Healthy/lyria__P0511__b4.png,Healthy,P0511,incisor,0,Healthy,0.0000,1.0000,0.0000,0.0000
Healthy/lyria__P0511__b5.png,Healthy,P0511,canine,0,Healthy,0.0000,1.0000,0.0000,0.0000
Healthy/lyria__P0511__b6.png,Healthy,P0511,premolar,0,Healthy,0.0000,1.0000,0.0000,0.0000
Healthy/lyria__P0511__b8.png,Healthy,P0511,incisor,0,Healthy,0.0000,0.9995,0.0005,0.0000
Healthy/lyria__P0511__b9.png,Healthy,P0511,incisor,0,Healthy,0.0000,1.0000,0.0000,0.0000
Healthy/lyria__P0511__b10.png,Healthy,P0511,incisor,0,Healthy,0.0000,0.9998,0.0002,0.0000
Healthy/lyria__P0511__b11.png,Healthy,P0511,canine,0,Healthy,0.0000,0.9981,0.0019,0.0000
Healthy/lyria__P0511__b12.png,Healthy,P0511,canine,0,Healthy,0.0000,0.9999,0.0001,0.0000
Healthy/lyria__P0511__b13.png,Healthy,P0511,premolar,0,Healthy,0.0000,0.9999,0.0001,0.0000
Healthy/lyria__P0511__b14.png,Healthy,P0511,premolar,0,Healthy,0.0000,1.0000,0.0000,0.0000
Healthy/lyria__P0511__b15.png,Healthy,P0511,1st molar,0,Healthy,0.0000,1.0000,0.0000,0.0000
Healthy/lyria__P0511__b16.png,Healthy,P0511,2nd molar,0,Healthy,0.0000,0.9999,0.0000,0.0000
Healthy/lyria__P0511__b17.png,Healthy,P0511,premolar,0,Healthy,0.0000,1.0000,0.0000,0.0000
Healthy/lyria__P0511__b18.png,Healthy,P0511,1st molar,0,Healthy,0.0000,1.0000,0.0000,0.0000
Healthy/lyria__P0511__b19.png,Healthy,P0511,2nd molar,0,Healthy,0.0000,1.0000,0.0000,0.0000
Healthy/lyria__P0511__b20.png,Healthy,P0511,premolar,0,Healthy,0.0002,0.9997,0.0000,0.0000
Healthy/lyria__P0511__b21.png,Healthy,P0511,premolar,0,Healthy,0.0000,1.0000,0.0000,0.0000
Healthy/lyria__P0511__b22.png,Healthy,P0511,1st molar,0,Healthy,0.0000,1.0000,0.0000,0.0000
Healthy/lyria__P0511__b23.png,Healthy,P0511,2nd molar,0,Healthy,0.0000,1.0000,0.0000,0.0000
Healthy/lyria__P0511__b24.png,Healthy,P0511,premolar,0,Healthy,0.0000,1.0000,0.0000,0.0000
Healthy/lyria__P0511__b25.png,Healthy,P0511,premolar,0,Healthy,0.0000,1.0000,0.0000,0.0000
Healthy/lyria__P0511__b26.png,Healthy,P0511,1st molar,0,Healthy,0.0000,1.0000,0.0000,0.0000
Healthy/lyria__P0511__b27.png,Healthy,P0511,2nd molar,0,Healthy,0.0000,1.0000,0.0000,0.0000
Healthy/lyria__P0512__b0.png,Healthy,P0512,incisor,0,Healthy,0.0000,0.9998,0.0000,0.0002
Healthy/lyria__P0512__b1.png,Healthy,P0512,incisor,0,Healthy,0.0000,0.9995,0.0000,0.0005
Healthy/lyria__P0512__b2.png,Healthy,P0512,incisor,0,Healthy,0.0000,1.0000,0.0000,0.0000
Healthy/lyria__P0512__b3.png,Healthy,P0512,canine,0,Healthy,0.0000,1.0000,0.0000,0.0000
Healthy/lyria__P0512__b4.png,Healthy,P0512,premolar,0,Healthy,0.0000,0.9999,0.0000,0.0000
Healthy/lyria__P0512__b5.png,Healthy,P0512,premolar,0,Healthy,0.0001,0.9998,0.0001,0.0000
Healthy/lyria__P0512__b6.png,Healthy,P0512,1st molar,0,Healthy,0.0000,0.9998,0.0002,0.0000
Healthy/lyria__P0512__b7.png,Healthy,P0512,2nd molar,0,Healthy,0.0000,0.9997,0.0003,0.0000
Healthy/lyria__P0512__b8.png,Healthy,P0512,incisor,0,Healthy,0.0000,0.9999,0.0000,0.0001
Healthy/lyria__P0512__b9.png,Healthy,P0512,canine,0,Healthy,0.0000,0.9997,0.0000,0.0003
Healthy/lyria__P0512__b11.png,Healthy,P0512,premolar,0,Healthy,0.0000,0.9996,0.0002,0.0002
Healthy/lyria__P0512__b12.png,Healthy,P0512,1st molar,0,Healthy,0.0000,1.0000,0.0000,0.0000
Healthy/lyria__P0512__b14.png,Healthy,P0512,incisor,0,Healthy,0.0001,0.9999,0.0000,0.0000
Healthy/lyria__P0512__b15.png,Healthy,P0512,incisor,0,Healthy,0.0000,1.0000,0.0000,0.0000
Healthy/lyria__P0512__b16.png,Healthy,P0512,incisor,0,Healthy,0.0000,0.9998,0.0000,0.0002
Healthy/lyria__P0512__b17.png,Healthy,P0512,canine,0,Healthy,0.0000,1.0000,0.0000,0.0000
Healthy/lyria__P0512__b18.png,Healthy,P0512,premolar,0,Healthy,0.0001,0.9999,0.0000,0.0000
Healthy/lyria__P0512__b19.png,Healthy,P0512,premolar,0,Healthy,0.0000,0.9998,0.0000,0.0002
Healthy/lyria__P0512__b20.png,Healthy,P0512,1st molar,0,Healthy,0.0000,1.0000,0.0000,0.0000
Healthy/lyria__P0512__b21.png,Healthy,P0512,2nd molar,0,Healthy,0.0000,1.0000,0.0000,0.0000
Healthy/lyria__P0512__b22.png,Healthy,P0512,canine,0,Healthy,0.0000,1.0000,0.0000,0.0000
Healthy/lyria__P0512__b23.png,Healthy,P0512,premolar,0,Healthy,0.0000,0.9999,0.0000,0.0000
Healthy/lyria__P0512__b24.png,Healthy,P0512,premolar,0,Healthy,0.0000,1.0000,0.0000,0.0000
Healthy/lyria__P0512__b25.png,Healthy,P0512,1st molar,0,Healthy,0.0000,1.0000,0.0000,0.0000
Healthy/lyria__P0512__b26.png,Healthy,P0512,2nd molar,0,Healthy,0.0000,1.0000,0.0000,0.0000
Healthy/lyria__P0053__b0.png,Healthy,P0053,2nd molar,0,Healthy,0.0000,1.0000,0.0000,0.0000
Healthy/lyria__P0053__b1.png,Healthy,P0053,1st molar,0,Healthy,0.0000,1.0000,0.0000,0.0000
Healthy/lyria__P0053__b2.png,Healthy,P0053,premolar,0,Healthy,0.0044,0.9954,0.0001,0.0001
Healthy/lyria__P0053__b3.png,Healthy,P0053,premolar,0,Healthy,0.0020,0.9979,0.0000,0.0000
Healthy/lyria__P0053__b4.png,Healthy,P0053,canine,0,Healthy,0.0046,0.9953,0.0000,0.0000
Healthy/lyria__P0053__b5.png,Healthy,P0053,incisor,0,Healthy,0.0000,0.9998,0.0000,0.0002
Healthy/lyria__P0053__b6.png,Healthy,P0053,incisor,0,Healthy,0.0003,0.9961,0.0000,0.0036
Healthy/lyria__P0053__b7.png,Healthy,P0053,incisor,0,Healthy,0.0000,1.0000,0.0000,0.0000
Healthy/lyria__P0053__b8.png,Healthy,P0053,incisor,0,Healthy,0.0000,1.0000,0.0000,0.0000
Healthy/lyria__P0053__b10.png,Healthy,P0053,premolar,0,Healthy,0.0004,0.9995,0.0000,0.0001
Healthy/lyria__P0053__b11.png,Healthy,P0053,1st molar,0,Healthy,0.0000,1.0000,0.0000,0.0000
Healthy/lyria__P0053__b12.png,Healthy,P0053,2nd molar,0,Healthy,0.0000,1.0000,0.0000,0.0000
Healthy/lyria__P0053__b13.png,Healthy,P0053,3rd molar,0,Healthy,0.0000,1.0000,0.0000,0.0000
Healthy/lyria__P0053__b14.png,Healthy,P0053,premolar,0,Healthy,0.0001,0.9998,0.0000,0.0001
Healthy/lyria__P0053__b15.png,Healthy,P0053,premolar,0,Healthy,0.0000,1.0000,0.0000,0.0000
Healthy/lyria__P0053__b16.png,Healthy,P0053,canine,0,Healthy,0.0000,1.0000,0.0000,0.0000
Healthy/lyria__P0053__b17.png,Healthy,P0053,incisor,0,Healthy,0.0070,0.9915,0.0000,0.0015
Healthy/lyria__P0053__b18.png,Healthy,P0053,incisor,0,Healthy,0.0084,0.9833,0.0000,0.0083
Healthy/lyria__P0053__b19.png,Healthy,P0053,incisor,0,Healthy,0.0002,0.9988,0.0000,0.0010
Healthy/lyria__P0053__b20.png,Healthy,P0053,incisor,0,Healthy,0.0000,0.9998,0.0001,0.0001
Healthy/lyria__P0053__b21.png,Healthy,P0053,canine,0,Healthy,0.0001,0.9999,0.0000,0.0000
Healthy/lyria__P0053__b22.png,Healthy,P0053,premolar,0,Healthy,0.0001,0.9999,0.0000,0.0000
Healthy/lyria__P0053__b23.png,Healthy,P0053,premolar,0,Healthy,0.1138,0.8589,0.0103,0.0169
Healthy/lyria__P0053__b24.png,Healthy,P0053,2nd molar,0,Healthy,0.0005,0.9977,0.0017,0.0001
Healthy/lyria__P0513__b0.png,Healthy,P0513,incisor,0,Healthy,0.0000,0.9999,0.0000,0.0001
Healthy/lyria__P0513__b1.png,Healthy,P0513,incisor,0,Healthy,0.0000,0.9999,0.0000,0.0001
Healthy/lyria__P0513__b3.png,Healthy,P0513,canine,0,Healthy,0.0000,1.0000,0.0000,0.0000
Healthy/lyria__P0513__b4.png,Healthy,P0513,premolar,0,Healthy,0.0000,0.9999,0.0000,0.0000
Healthy/lyria__P0513__b5.png,Healthy,P0513,premolar,0,Healthy,0.0016,0.9979,0.0000,0.0005
Healthy/lyria__P0513__b6.png,Healthy,P0513,1st molar,0,Healthy,0.0000,0.9999,0.0001,0.0000
Healthy/lyria__P0513__b7.png,Healthy,P0513,2nd molar,0,Healthy,0.0000,1.0000,0.0000,0.0000
Healthy/lyria__P0513__b8.png,Healthy,P0513,incisor,0,Healthy,0.0000,1.0000,0.0000,0.0000
Healthy/lyria__P0513__b9.png,Healthy,P0513,canine,0,Healthy,0.0002,0.9998,0.0000,0.0000
Healthy/lyria__P0513__b10.png,Healthy,P0513,premolar,0,Healthy,0.0001,0.9999,0.0000,0.0000
Healthy/lyria__P0513__b11.png,Healthy,P0513,premolar,0,Healthy,0.0000,0.9999,0.0000,0.0000
Healthy/lyria__P0513__b12.png,Healthy,P0513,1st molar,0,Healthy,0.0000,1.0000,0.0000,0.0000
Healthy/lyria__P0513__b13.png,Healthy,P0513,2nd molar,0,Healthy,0.0000,1.0000,0.0000,0.0000
Healthy/lyria__P0513__b14.png,Healthy,P0513,incisor,0,Healthy,0.0000,0.9999,0.0000,0.0001
Healthy/lyria__P0513__b15.png,Healthy,P0513,incisor,0,Healthy,0.0000,1.0000,0.0000,0.0000
Healthy/lyria__P0513__b16.png,Healthy,P0513,incisor,0,Healthy,0.0000,1.0000,0.0000,0.0000
Healthy/lyria__P0513__b17.png,Healthy,P0513,incisor,0,Healthy,0.0000,1.0000,0.0000,0.0000
Healthy/lyria__P0513__b18.png,Healthy,P0513,premolar,0,Healthy,0.0000,0.9998,0.0002,0.0000
Healthy/lyria__P0513__b19.png,Healthy,P0513,premolar,0,Healthy,0.0000,1.0000,0.0000,0.0000
Healthy/lyria__P0513__b20.png,Healthy,P0513,1st molar,0,Healthy,0.0000,1.0000,0.0000,0.0000
Healthy/lyria__P0513__b22.png,Healthy,P0513,canine,0,Healthy,0.0000,1.0000,0.0000,0.0000
Healthy/lyria__P0513__b23.png,Healthy,P0513,premolar,0,Healthy,0.0000,1.0000,0.0000,0.0000
Healthy/lyria__P0513__b24.png,Healthy,P0513,premolar,0,Healthy,0.0000,0.9997,0.0002,0.0000
Healthy/lyria__P0513__b25.png,Healthy,P0513,1st molar,0,Healthy,0.0000,0.9999,0.0000,0.0000
Healthy/lyria__P0513__b26.png,Healthy,P0513,2nd molar,0,Healthy,0.0000,0.9999,0.0001,0.0000
Healthy/lyria__P0514__b0.png,Healthy,P0514,incisor,0,Healthy,0.0000,0.9999,0.0000,0.0000
Healthy/lyria__P0514__b1.png,Healthy,P0514,incisor,0,Healthy,0.0001,0.9999,0.0000,0.0001
Healthy/lyria__P0514__b2.png,Healthy,P0514,incisor,0,Healthy,0.0000,0.9998,0.0000,0.0002
Healthy/lyria__P0514__b3.png,Healthy,P0514,canine,0,Healthy,0.0000,1.0000,0.0000,0.0000
Healthy/lyria__P0514__b4.png,Healthy,P0514,premolar,0,Healthy,0.0000,1.0000,0.0000,0.0000
Healthy/lyria__P0514__b5.png,Healthy,P0514,premolar,0,Healthy,0.0000,1.0000,0.0000,0.0000
Healthy/lyria__P0514__b6.png,Healthy,P0514,1st molar,0,Healthy,0.0000,1.0000,0.0000,0.0000
Healthy/lyria__P0514__b7.png,Healthy,P0514,3rd molar,0,Healthy,0.0000,0.9985,0.0015,0.0000
Healthy/lyria__P0514__b8.png,Healthy,P0514,incisor,0,Healthy,0.0000,1.0000,0.0000,0.0000
Healthy/lyria__P0514__b9.png,Healthy,P0514,canine,0,Healthy,0.0001,0.9998,0.0000,0.0000
Healthy/lyria__P0514__b10.png,Healthy,P0514,premolar,0,Healthy,0.0005,0.9995,0.0000,0.0000
Healthy/lyria__P0514__b12.png,Healthy,P0514,3rd molar,0,Healthy,0.0000,0.9646,0.0354,0.0000
Healthy/lyria__P0514__b13.png,Healthy,P0514,incisor,0,Healthy,0.0000,0.9999,0.0000,0.0000
Healthy/lyria__P0514__b14.png,Healthy,P0514,incisor,0,Healthy,0.0000,0.9991,0.0000,0.0009
Healthy/lyria__P0514__b15.png,Healthy,P0514,incisor,0,Healthy,0.0001,0.9996,0.0000,0.0003
Healthy/lyria__P0514__b16.png,Healthy,P0514,canine,0,Healthy,0.0003,0.9997,0.0000,0.0000
Healthy/lyria__P0514__b18.png,Healthy,P0514,premolar,0,Healthy,0.0002,0.9998,0.0000,0.0000
Healthy/lyria__P0514__b19.png,Healthy,P0514,1st molar,0,Healthy,0.0457,0.7892,0.1635,0.0017
Healthy/lyria__P0514__b20.png,Healthy,P0514,2nd molar,0,Healthy,0.0000,1.0000,0.0000,0.0000
Healthy/lyria__P0514__b21.png,Healthy,P0514,3rd molar,0,Healthy,0.0001,0.9918,0.0081,0.0000
Healthy/lyria__P0514__b22.png,Healthy,P0514,incisor,0,Healthy,0.0001,0.9974,0.0000,0.0025
Healthy/lyria__P0514__b23.png,Healthy,P0514,canine,0,Healthy,0.0358,0.9635,0.0000,0.0007
Healthy/lyria__P0514__b24.png,Healthy,P0514,premolar,0,Healthy,0.0049,0.9822,0.0006,0.0123
Healthy/lyria__P0514__b25.png,Healthy,P0514,premolar,0,Healthy,0.0028,0.9968,0.0001,0.0003
Healthy/lyria__P0514__b26.png,Healthy,P0514,1st molar,0,Healthy,0.0003,0.9997,0.0000,0.0000
Healthy/lyria__P0514__b27.png,Healthy,P0514,2nd molar,0,Healthy,0.0000,1.0000,0.0000,0.0000
Healthy/lyria__P0514__b28.png,Healthy,P0514,3rd molar,0,Healthy,0.0000,1.0000,0.0000,0.0000
Healthy/lyria__P0515__b0.png,Healthy,P0515,incisor,0,Healthy,0.0000,1.0000,0.0000,0.0000
Healthy/lyria__P0515__b1.png,Healthy,P0515,incisor,0,Healthy,0.0000,1.0000,0.0000,0.0000
Healthy/lyria__P0515__b2.png,Healthy,P0515,incisor,0,Healthy,0.0000,1.0000,0.0000,0.0000
Healthy/lyria__P0515__b3.png,Healthy,P0515,canine,0,Healthy,0.0000,1.0000,0.0000,0.0000
Healthy/lyria__P0515__b4.png,Healthy,P0515,incisor,0,Healthy,0.0000,1.0000,0.0000,0.0000
Healthy/lyria__P0515__b5.png,Healthy,P0515,canine,0,Healthy,0.0000,1.0000,0.0000,0.0000
Healthy/lyria__P0515__b6.png,Healthy,P0515,premolar,0,Healthy,0.0000,0.9999,0.0000,0.0000
Healthy/lyria__P0515__b8.png,Healthy,P0515,1st molar,0,Healthy,0.0000,1.0000,0.0000,0.0000
Healthy/lyria__P0515__b9.png,Healthy,P0515,2nd molar,0,Healthy,0.0000,1.0000,0.0000,0.0000
Healthy/lyria__P0515__b10.png,Healthy,P0515,3rd molar,0,Healthy,0.0000,0.8660,0.1340,0.0000
Healthy/lyria__P0515__b11.png,Healthy,P0515,premolar,0,Healthy,0.0000,1.0000,0.0000,0.0000
Healthy/lyria__P0515__b12.png,Healthy,P0515,premolar,0,Healthy,0.0000,0.9999,0.0000,0.0000
Healthy/lyria__P0515__b13.png,Healthy,P0515,1st molar,0,Healthy,0.0000,1.0000,0.0000,0.0000
Healthy/lyria__P0515__b14.png,Healthy,P0515,3rd molar,0,Healthy,0.0000,0.6212,0.3787,0.0000
Healthy/lyria__P0515__b16.png,Healthy,P0515,incisor,0,Healthy,0.0001,0.9997,0.0003,0.0000
Healthy/lyria__P0515__b17.png,Healthy,P0515,incisor,0,Healthy,0.0000,0.9999,0.0000,0.0001
Healthy/lyria__P0515__b18.png,Healthy,P0515,canine,0,Healthy,0.0000,1.0000,0.0000,0.0000
Healthy/lyria__P0515__b19.png,Healthy,P0515,premolar,0,Healthy,0.0000,1.0000,0.0000,0.0000
Healthy/lyria__P0515__b20.png,Healthy,P0515,premolar,0,Healthy,0.0000,1.0000,0.0000,0.0000
Healthy/lyria__P0515__b21.png,Healthy,P0515,2nd molar,0,Healthy,0.0000,1.0000,0.0000,0.0000
Healthy/lyria__P0515__b22.png,Healthy,P0515,3rd molar,0,Healthy,0.0000,1.0000,0.0000,0.0000
Healthy/lyria__P0515__b23.png,Healthy,P0515,incisor,0,Healthy,0.0000,1.0000,0.0000,0.0000
Healthy/lyria__P0515__b24.png,Healthy,P0515,canine,0,Healthy,0.0000,0.9999,0.0000,0.0000
Healthy/lyria__P0515__b25.png,Healthy,P0515,premolar,0,Healthy,0.0000,0.9999,0.0000,0.0001
Healthy/lyria__P0515__b26.png,Healthy,P0515,premolar,0,Healthy,0.0000,0.9999,0.0000,0.0000
Healthy/lyria__P0515__b27.png,Healthy,P0515,1st molar,0,Healthy,0.0000,1.0000,0.0000,0.0000
Healthy/lyria__P0515__b28.png,Healthy,P0515,2nd molar,0,Healthy,0.0000,1.0000,0.0000,0.0000
Healthy/lyria__P0515__b29.png,Healthy,P0515,3rd molar,0,Healthy,0.0000,1.0000,0.0000,0.0000
Healthy/lyria__P0516__b0.png,Healthy,P0516,incisor,0,Healthy,0.0000,0.9998,0.0001,0.0001
Healthy/lyria__P0516__b1.png,Healthy,P0516,incisor,0,Healthy,0.0000,0.9986,0.0000,0.0014
Healthy/lyria__P0516__b2.png,Healthy,P0516,incisor,0,Healthy,0.0007,0.9992,0.0000,0.0001
Healthy/lyria__P0516__b3.png,Healthy,P0516,incisor,0,Healthy,0.0020,0.9979,0.0001,0.0000
Healthy/lyria__P0516__b4.png,Healthy,P0516,canine,0,Healthy,0.0000,1.0000,0.0000,0.0000
Healthy/lyria__P0516__b5.png,Healthy,P0516,premolar,0,Healthy,0.0001,0.9998,0.0000,0.0000
Healthy/lyria__P0516__b6.png,Healthy,P0516,premolar,0,Healthy,0.0000,0.9999,0.0001,0.0000
Healthy/lyria__P0516__b7.png,Healthy,P0516,2nd molar,0,Impacted,0.0000,0.0002,0.9998,0.0001
Healthy/lyria__P0516__b8.png,Healthy,P0516,canine,0,Healthy,0.0010,0.9989,0.0001,0.0000
Healthy/lyria__P0516__b9.png,Healthy,P0516,premolar,0,Healthy,0.0000,0.9999,0.0000,0.0001
Healthy/lyria__P0516__b10.png,Healthy,P0516,1st molar,0,Healthy,0.0002,0.9449,0.0549,0.0001
Healthy/lyria__P0516__b11.png,Healthy,P0516,premolar,0,Healthy,0.0139,0.9850,0.0010,0.0000
Healthy/lyria__P0516__b12.png,Healthy,P0516,premolar,0,Healthy,0.0000,1.0000,0.0000,0.0000
Healthy/lyria__P0516__b13.png,Healthy,P0516,canine,0,Healthy,0.0000,1.0000,0.0000,0.0000
Healthy/lyria__P0516__b14.png,Healthy,P0516,incisor,0,Healthy,0.0002,0.9997,0.0001,0.0000
Healthy/lyria__P0516__b15.png,Healthy,P0516,incisor,0,Healthy,0.0001,0.9999,0.0000,0.0000
Healthy/lyria__P0516__b16.png,Healthy,P0516,incisor,0,Healthy,0.0001,0.9976,0.0022,0.0001
Healthy/lyria__P0516__b18.png,Healthy,P0516,canine,0,Healthy,0.0002,0.9998,0.0000,0.0000
Healthy/lyria__P0516__b20.png,Healthy,P0516,premolar,0,Healthy,0.0023,0.9977,0.0000,0.0000
Healthy/lyria__P0054__b2.png,Healthy,P0054,incisor,0,Healthy,0.0001,0.9999,0.0000,0.0000
Healthy/lyria__P0518__b0.png,Healthy,P0518,incisor,0,Healthy,0.0000,1.0000,0.0000,0.0000
Healthy/lyria__P0518__b1.png,Healthy,P0518,incisor,0,Healthy,0.0000,0.9996,0.0000,0.0004
Healthy/lyria__P0518__b2.png,Healthy,P0518,incisor,0,Healthy,0.0000,0.9999,0.0000,0.0001
Healthy/lyria__P0518__b3.png,Healthy,P0518,incisor,0,Healthy,0.0000,0.9999,0.0000,0.0001
Healthy/lyria__P0518__b6.png,Healthy,P0518,premolar,0,Healthy,0.0000,1.0000,0.0000,0.0000
Healthy/lyria__P0518__b7.png,Healthy,P0518,canine,0,Healthy,0.0001,0.9999,0.0000,0.0000
Healthy/lyria__P0518__b8.png,Healthy,P0518,premolar,0,Healthy,0.0000,1.0000,0.0000,0.0000
Healthy/lyria__P0518__b9.png,Healthy,P0518,premolar,0,Healthy,0.0225,0.9772,0.0002,0.0001
Healthy/lyria__P0518__b10.png,Healthy,P0518,canine,0,Healthy,0.0052,0.9946,0.0000,0.0002
Healthy/lyria__P0518__b11.png,Healthy,P0518,incisor,0,Healthy,0.0000,1.0000,0.0000,0.0000
Healthy/lyria__P0518__b12.png,Healthy,P0518,incisor,0,Healthy,0.0000,1.0000,0.0000,0.0000
Healthy/lyria__P0518__b13.png,Healthy,P0518,incisor,0,Healthy,0.0000,0.9999,0.0000,0.0001
Healthy/lyria__P0518__b14.png,Healthy,P0518,incisor,0,Healthy,0.0000,1.0000,0.0000,0.0000
Healthy/lyria__P0518__b15.png,Healthy,P0518,canine,0,Healthy,0.0001,0.9998,0.0000,0.0000
Healthy/lyria__P0518__b16.png,Healthy,P0518,premolar,0,Healthy,0.0039,0.9960,0.0000,0.0001
Healthy/lyria__P0521__b0.png,Healthy,P0521,canine,0,Healthy,0.0270,0.9727,0.0002,0.0001
Healthy/lyria__P0521__b1.png,Healthy,P0521,premolar,0,Healthy,0.2960,0.7039,0.0001,0.0000
Healthy/lyria__P0521__b2.png,Healthy,P0521,incisor,0,Healthy,0.0000,0.9998,0.0001,0.0001
Healthy/lyria__P0521__b4.png,Healthy,P0521,canine,0,Healthy,0.0000,0.9999,0.0000,0.0001
Healthy/lyria__P0521__b5.png,Healthy,P0521,incisor,0,Healthy,0.0000,0.9970,0.0030,0.0000
Healthy/lyria__P0521__b6.png,Healthy,P0521,incisor,0,Healthy,0.0000,0.9998,0.0001,0.0000
Healthy/lyria__P0523__b0.png,Healthy,P0523,incisor,0,Healthy,0.0000,0.9999,0.0001,0.0000
Healthy/lyria__P0523__b1.png,Healthy,P0523,incisor,0,Healthy,0.0000,0.9997,0.0002,0.0001
Healthy/lyria__P0523__b2.png,Healthy,P0523,canine,0,Healthy,0.0000,1.0000,0.0000,0.0000
Healthy/lyria__P0523__b3.png,Healthy,P0523,incisor,0,Healthy,0.0540,0.9447,0.0000,0.0013
Healthy/lyria__P0523__b5.png,Healthy,P0523,canine,0,Endodontics,0.7116,0.2883,0.0000,0.0000
Healthy/lyria__P0524__b1.png,Healthy,P0524,premolar,0,Healthy,0.0427,0.9472,0.0042,0.0059
Healthy/lyria__P0524__b3.png,Healthy,P0524,2nd molar,0,Healthy,0.0002,0.5261,0.4716,0.0022
Healthy/lyria__P0525__b0.png,Healthy,P0525,incisor,0,Healthy,0.0004,0.9994,0.0002,0.0000
Healthy/lyria__P0525__b2.png,Healthy,P0525,incisor,0,Healthy,0.0000,1.0000,0.0000,0.0000
Healthy/lyria__P0525__b3.png,Healthy,P0525,canine,0,Healthy,0.0000,1.0000,0.0000,0.0000
Healthy/lyria__P0525__b4.png,Healthy,P0525,premolar,0,Healthy,0.0000,1.0000,0.0000,0.0000
Healthy/lyria__P0525__b5.png,Healthy,P0525,premolar,0,Healthy,0.0004,0.9993,0.0000,0.0003
Healthy/lyria__P0525__b6.png,Healthy,P0525,2nd molar,0,Healthy,0.0000,0.9999,0.0001,0.0000
Healthy/lyria__P0525__b7.png,Healthy,P0525,incisor,0,Healthy,0.0000,0.9999,0.0001,0.0000
Healthy/lyria__P0525__b8.png,Healthy,P0525,canine,0,Healthy,0.0000,1.0000,0.0000,0.0000
Healthy/lyria__P0525__b9.png,Healthy,P0525,premolar,0,Healthy,0.0000,1.0000,0.0000,0.0000
Healthy/lyria__P0525__b10.png,Healthy,P0525,incisor,0,Healthy,0.0000,1.0000,0.0000,0.0000
Healthy/lyria__P0525__b11.png,Healthy,P0525,incisor,0,Healthy,0.0000,1.0000,0.0000,0.0000
Healthy/lyria__P0525__b12.png,Healthy,P0525,incisor,0,Healthy,0.0003,0.9997,0.0000,0.0000
Healthy/lyria__P0525__b13.png,Healthy,P0525,canine,0,Healthy,0.0001,0.9998,0.0000,0.0001
Healthy/lyria__P0525__b14.png,Healthy,P0525,incisor,0,Healthy,0.0000,1.0000,0.0000,0.0000
Healthy/lyria__P0525__b15.png,Healthy,P0525,canine,0,Healthy,0.0000,1.0000,0.0000,0.0000
Healthy/lyria__P0525__b16.png,Healthy,P0525,premolar,0,Healthy,0.0004,0.9995,0.0000,0.0000
Healthy/lyria__P0525__b17.png,Healthy,P0525,premolar,0,Healthy,0.0002,0.9998,0.0000,0.0000
Healthy/lyria__P0525__b18.png,Healthy,P0525,2nd molar,0,Healthy,0.0000,1.0000,0.0000,0.0000
Healthy/lyria__P0526__b0.png,Healthy,P0526,2nd molar,0,Healthy,0.0000,0.9998,0.0001,0.0001
Healthy/lyria__P0526__b1.png,Healthy,P0526,1st molar,0,Healthy,0.0000,0.9999,0.0000,0.0001
Healthy/lyria__P0526__b2.png,Healthy,P0526,premolar,0,Healthy,0.0000,0.9999,0.0000,0.0001
Healthy/lyria__P0526__b3.png,Healthy,P0526,premolar,0,Healthy,0.0015,0.9804,0.0000,0.0181
Healthy/lyria__P0526__b4.png,Healthy,P0526,canine,0,Healthy,0.0002,0.9995,0.0000,0.0002
Healthy/lyria__P0526__b5.png,Healthy,P0526,incisor,0,Healthy,0.0000,1.0000,0.0000,0.0000
Healthy/lyria__P0526__b6.png,Healthy,P0526,incisor,0,Healthy,0.0000,1.0000,0.0000,0.0000
Healthy/lyria__P0526__b7.png,Healthy,P0526,incisor,0,Healthy,0.0000,0.9999,0.0000,0.0001
Healthy/lyria__P0526__b9.png,Healthy,P0526,premolar,0,Healthy,0.0001,0.9991,0.0000,0.0008
Healthy/lyria__P0526__b10.png,Healthy,P0526,premolar,0,Healthy,0.0001,0.9999,0.0000,0.0000
Healthy/lyria__P0526__b11.png,Healthy,P0526,1st molar,0,Healthy,0.0000,0.9998,0.0002,0.0000
Healthy/lyria__P0526__b12.png,Healthy,P0526,2nd molar,0,Healthy,0.0000,0.9853,0.0146,0.0000
Healthy/lyria__P0526__b13.png,Healthy,P0526,incisor,0,Healthy,0.0001,0.9999,0.0000,0.0000
Healthy/lyria__P0526__b14.png,Healthy,P0526,incisor,0,Healthy,0.0000,0.9998,0.0000,0.0002
Healthy/lyria__P0526__b15.png,Healthy,P0526,incisor,0,Healthy,0.0000,0.9999,0.0000,0.0001
Healthy/lyria__P0526__b16.png,Healthy,P0526,canine,0,Healthy,0.0000,0.9999,0.0000,0.0001
Healthy/lyria__P0526__b17.png,Healthy,P0526,premolar,0,Healthy,0.0002,0.9998,0.0000,0.0000
Healthy/lyria__P0526__b18.png,Healthy,P0526,incisor,0,Healthy,0.0000,0.9999,0.0000,0.0000
Healthy/lyria__P0526__b19.png,Healthy,P0526,canine,0,Healthy,0.0002,0.9997,0.0000,0.0000
Healthy/lyria__P0526__b20.png,Healthy,P0526,premolar,0,Healthy,0.0003,0.9997,0.0000,0.0000
Healthy/lyria__P0526__b21.png,Healthy,P0526,premolar,0,Healthy,0.0042,0.9955,0.0000,0.0003
Healthy/lyria__P0526__b22.png,Healthy,P0526,premolar,0,Healthy,0.0000,1.0000,0.0000,0.0000
Healthy/lyria__P0526__b23.png,Healthy,P0526,1st molar,0,Healthy,0.0000,1.0000,0.0000,0.0000
Healthy/lyria__P0526__b24.png,Healthy,P0526,2nd molar,0,Healthy,0.0000,1.0000,0.0000,0.0000
Healthy/lyria__P0526__b25.png,Healthy,P0526,1st molar,0,Healthy,0.0000,1.0000,0.0000,0.0000
Healthy/lyria__P0526__b26.png,Healthy,P0526,2nd molar,0,Healthy,0.0000,1.0000,0.0000,0.0000
Healthy/lyria__P0526__b27.png,Healthy,P0526,incisor,0,Healthy,0.0000,0.9999,0.0000,0.0001
Healthy/lyria__P0528__b0.png,Healthy,P0528,incisor,0,Healthy,0.0001,0.9994,0.0000,0.0005
Healthy/lyria__P0528__b1.png,Healthy,P0528,incisor,0,Healthy,0.0000,0.9996,0.0000,0.0004
Healthy/lyria__P0528__b2.png,Healthy,P0528,incisor,0,Healthy,0.0000,1.0000,0.0000,0.0000
Healthy/lyria__P0528__b3.png,Healthy,P0528,canine,0,Healthy,0.0000,1.0000,0.0000,0.0000
Healthy/lyria__P0528__b4.png,Healthy,P0528,1st molar,0,Healthy,0.0000,1.0000,0.0000,0.0000
Healthy/lyria__P0528__b5.png,Healthy,P0528,2nd molar,0,Healthy,0.0000,1.0000,0.0000,0.0000
Healthy/lyria__P0528__b6.png,Healthy,P0528,premolar,0,Healthy,0.0000,1.0000,0.0000,0.0000
Healthy/lyria__P0528__b7.png,Healthy,P0528,premolar,0,Healthy,0.0000,1.0000,0.0000,0.0000
Healthy/lyria__P0528__b8.png,Healthy,P0528,canine,0,Healthy,0.0000,0.9998,0.0002,0.0000
Healthy/lyria__P0528__b9.png,Healthy,P0528,incisor,0,Healthy,0.0002,0.9997,0.0000,0.0000
Healthy/lyria__P0528__b10.png,Healthy,P0528,incisor,0,Healthy,0.0000,0.9999,0.0000,0.0000
Healthy/lyria__P0528__b11.png,Healthy,P0528,incisor,0,Healthy,0.0000,0.9997,0.0000,0.0003
Healthy/lyria__P0528__b13.png,Healthy,P0528,canine,0,Healthy,0.0004,0.9996,0.0000,0.0000
Healthy/lyria__P0528__b14.png,Healthy,P0528,premolar,0,Healthy,0.0000,1.0000,0.0000,0.0000
Healthy/lyria__P0528__b15.png,Healthy,P0528,incisor,0,Healthy,0.0000,1.0000,0.0000,0.0000
Healthy/lyria__P0528__b17.png,Healthy,P0528,premolar,0,Healthy,0.0000,1.0000,0.0000,0.0000
Healthy/lyria__P0528__b18.png,Healthy,P0528,2nd molar,0,Healthy,0.0001,0.9873,0.0126,0.0000
Healthy/lyria__P0528__b19.png,Healthy,P0528,premolar,0,Healthy,0.0000,1.0000,0.0000,0.0000
Healthy/lyria__P0528__b20.png,Healthy,P0528,1st molar,0,Healthy,0.0000,1.0000,0.0000,0.0000
Healthy/lyria__P0528__b21.png,Healthy,P0528,2nd molar,0,Healthy,0.0000,1.0000,0.0000,0.0000
Healthy/lyria__P0529__b0.png,Healthy,P0529,incisor,0,Healthy,0.0000,0.9999,0.0000,0.0001
Healthy/lyria__P0529__b2.png,Healthy,P0529,incisor,0,Healthy,0.0000,1.0000,0.0000,0.0000
Healthy/lyria__P0529__b3.png,Healthy,P0529,incisor,0,Healthy,0.0001,0.9999,0.0000,0.0000
Healthy/lyria__P0529__b4.png,Healthy,P0529,canine,0,Healthy,0.0000,1.0000,0.0000,0.0000
Healthy/lyria__P0529__b5.png,Healthy,P0529,canine,0,Healthy,0.0000,0.9999,0.0001,0.0001
Healthy/lyria__P0529__b6.png,Healthy,P0529,incisor,0,Healthy,0.0000,1.0000,0.0000,0.0000
Healthy/lyria__P0529__b7.png,Healthy,P0529,incisor,0,Healthy,0.0000,1.0000,0.0000,0.0000
Healthy/lyria__P0529__b8.png,Healthy,P0529,incisor,0,Healthy,0.0000,0.9982,0.0017,0.0000
Healthy/lyria__P0529__b9.png,Healthy,P0529,incisor,0,Healthy,0.0000,0.9505,0.0495,0.0000
Healthy/lyria__P0532__b0.png,Healthy,P0532,incisor,0,Healthy,0.0000,1.0000,0.0000,0.0000
Healthy/lyria__P0532__b2.png,Healthy,P0532,incisor,0,Healthy,0.0000,0.9849,0.0000,0.0151
Healthy/lyria__P0532__b3.png,Healthy,P0532,canine,0,Healthy,0.0000,0.9995,0.0000,0.0004
Healthy/lyria__P0532__b4.png,Healthy,P0532,premolar,0,Healthy,0.0001,0.9998,0.0000,0.0001
Healthy/lyria__P0532__b5.png,Healthy,P0532,premolar,0,Healthy,0.0001,0.9999,0.0000,0.0000
Healthy/lyria__P0532__b6.png,Healthy,P0532,1st molar,0,Healthy,0.0000,0.9999,0.0000,0.0000
Healthy/lyria__P0532__b7.png,Healthy,P0532,2nd molar,0,Healthy,0.0000,1.0000,0.0000,0.0000
Healthy/lyria__P0532__b8.png,Healthy,P0532,incisor,0,Healthy,0.0002,0.9969,0.0000,0.0029
Healthy/lyria__P0532__b9.png,Healthy,P0532,canine,0,Healthy,0.0054,0.9936,0.0000,0.0010
Healthy/lyria__P0532__b10.png,Healthy,P0532,premolar,0,Healthy,0.0014,0.9985,0.0000,0.0001
Healthy/lyria__P0532__b11.png,Healthy,P0532,premolar,0,Healthy,0.0010,0.9989,0.0000,0.0000
Healthy/lyria__P0532__b12.png,Healthy,P0532,1st molar,0,Healthy,0.0003,0.9997,0.0000,0.0000
Healthy/lyria__P0532__b13.png,Healthy,P0532,incisor,0,Healthy,0.0000,0.9989,0.0000,0.0011
Healthy/lyria__P0532__b14.png,Healthy,P0532,incisor,0,Healthy,0.0001,0.9824,0.0000,0.0175
Healthy/lyria__P0532__b15.png,Healthy,P0532,incisor,0,Healthy,0.0000,0.9966,0.0000,0.0034
Healthy/lyria__P0532__b16.png,Healthy,P0532,incisor,0,Healthy,0.0000,0.9998,0.0000,0.0002
Healthy/lyria__P0532__b17.png,Healthy,P0532,canine,0,Healthy,0.0000,1.0000,0.0000,0.0000
Healthy/lyria__P0532__b18.png,Healthy,P0532,premolar,0,Healthy,0.0001,0.9999,0.0000,0.0000
Healthy/lyria__P0532__b19.png,Healthy,P0532,premolar,0,Healthy,0.0000,1.0000,0.0000,0.0000
Healthy/lyria__P0532__b20.png,Healthy,P0532,2nd molar,0,Healthy,0.0000,0.9975,0.0025,0.0000
Healthy/lyria__P0532__b21.png,Healthy,P0532,canine,0,Healthy,0.0000,0.9995,0.0000,0.0005
Healthy/lyria__P0532__b23.png,Healthy,P0532,premolar,0,Healthy,0.0002,0.9997,0.0001,0.0000
Healthy/lyria__P0532__b24.png,Healthy,P0532,1st molar,0,Healthy,0.0000,1.0000,0.0000,0.0000
Healthy/lyria__P0532__b25.png,Healthy,P0532,2nd molar,0,Healthy,0.0000,0.9944,0.0056,0.0000
Healthy/lyria__P0532__b26.png,Healthy,P0532,2nd molar,0,Healthy,0.0000,1.0000,0.0000,0.0000
Healthy/lyria__P0534__b1.png,Healthy,P0534,incisor,0,Healthy,0.0000,1.0000,0.0000,0.0000
Healthy/lyria__P0534__b2.png,Healthy,P0534,incisor,0,Healthy,0.0000,1.0000,0.0000,0.0000
Healthy/lyria__P0534__b3.png,Healthy,P0534,incisor,0,Healthy,0.0000,1.0000,0.0000,0.0000
Healthy/lyria__P0534__b4.png,Healthy,P0534,canine,0,Healthy,0.0000,0.9999,0.0000,0.0000
Healthy/lyria__P0534__b5.png,Healthy,P0534,premolar,0,Healthy,0.0001,0.9997,0.0000,0.0002
Healthy/lyria__P0534__b6.png,Healthy,P0534,premolar,0,Healthy,0.0000,1.0000,0.0000,0.0000
Healthy/lyria__P0534__b7.png,Healthy,P0534,2nd molar,0,Healthy,0.0000,0.9999,0.0001,0.0000
Healthy/lyria__P0534__b8.png,Healthy,P0534,canine,0,Healthy,0.0001,0.9999,0.0000,0.0000
Healthy/lyria__P0534__b9.png,Healthy,P0534,premolar,0,Healthy,0.0006,0.9988,0.0000,0.0006
Healthy/lyria__P0534__b10.png,Healthy,P0534,premolar,0,Healthy,0.0001,0.9998,0.0000,0.0000
Healthy/lyria__P0534__b11.png,Healthy,P0534,1st molar,0,Healthy,0.0000,1.0000,0.0000,0.0000
Healthy/lyria__P0534__b12.png,Healthy,P0534,2nd molar,0,Healthy,0.0006,0.9991,0.0003,0.0000
Healthy/lyria__P0534__b13.png,Healthy,P0534,premolar,0,Healthy,0.0000,0.9996,0.0000,0.0004
Healthy/lyria__P0534__b14.png,Healthy,P0534,canine,0,Healthy,0.0000,1.0000,0.0000,0.0000
Healthy/lyria__P0534__b15.png,Healthy,P0534,incisor,0,Healthy,0.0000,0.9996,0.0000,0.0004
Healthy/lyria__P0534__b16.png,Healthy,P0534,incisor,0,Healthy,0.0000,0.9999,0.0000,0.0001
Healthy/lyria__P0534__b17.png,Healthy,P0534,incisor,0,Healthy,0.0000,0.9999,0.0000,0.0001
Healthy/lyria__P0534__b18.png,Healthy,P0534,incisor,0,Healthy,0.0000,1.0000,0.0000,0.0000
Healthy/lyria__P0534__b19.png,Healthy,P0534,canine,0,Healthy,0.0004,0.9996,0.0000,0.0001
Healthy/lyria__P0534__b20.png,Healthy,P0534,premolar,0,Healthy,0.0001,0.9999,0.0000,0.0000
Healthy/lyria__P0534__b21.png,Healthy,P0534,premolar,0,Healthy,0.0000,0.9999,0.0000,0.0000
Healthy/lyria__P0534__b23.png,Healthy,P0534,premolar,0,Healthy,0.0001,0.9995,0.0000,0.0004
Healthy/lyria__P0534__b24.png,Healthy,P0534,1st molar,0,Healthy,0.0000,1.0000,0.0000,0.0000
Healthy/lyria__P0534__b25.png,Healthy,P0534,2nd molar,0,Healthy,0.0000,1.0000,0.0000,0.0000
Healthy/lyria__P0536__b0.png,Healthy,P0536,incisor,0,Healthy,0.0006,0.9673,0.0164,0.0157
Healthy/lyria__P0537__b0.png,Healthy,P0537,premolar,0,Healthy,0.0041,0.9958,0.0002,0.0000
Healthy/lyria__P0537__b1.png,Healthy,P0537,premolar,0,Healthy,0.0000,1.0000,0.0000,0.0000
Healthy/lyria__P0537__b2.png,Healthy,P0537,canine,0,Healthy,0.0000,1.0000,0.0000,0.0000
Healthy/lyria__P0537__b3.png,Healthy,P0537,incisor,0,Healthy,0.0000,1.0000,0.0000,0.0000
Healthy/lyria__P0537__b4.png,Healthy,P0537,incisor,0,Healthy,0.0000,1.0000,0.0000,0.0000
Healthy/lyria__P0537__b5.png,Healthy,P0537,incisor,0,Healthy,0.0000,1.0000,0.0000,0.0000
Healthy/lyria__P0537__b6.png,Healthy,P0537,incisor,0,Healthy,0.0000,1.0000,0.0000,0.0000
Healthy/lyria__P0537__b7.png,Healthy,P0537,canine,0,Healthy,0.0000,1.0000,0.0000,0.0000
Healthy/lyria__P0537__b8.png,Healthy,P0537,premolar,0,Healthy,0.0000,1.0000,0.0000,0.0000
Healthy/lyria__P0537__b9.png,Healthy,P0537,incisor,0,Healthy,0.0000,0.9999,0.0000,0.0001
Healthy/lyria__P0537__b10.png,Healthy,P0537,incisor,0,Healthy,0.0000,1.0000,0.0000,0.0000
Healthy/lyria__P0537__b12.png,Healthy,P0537,canine,0,Healthy,0.0000,1.0000,0.0000,0.0000
Healthy/lyria__P0537__b13.png,Healthy,P0537,premolar,0,Healthy,0.0003,0.9997,0.0000,0.0000
Healthy/lyria__P0537__b14.png,Healthy,P0537,premolar,0,Healthy,0.0000,0.9999,0.0000,0.0001
Healthy/lyria__P0537__b15.png,Healthy,P0537,1st molar,0,Healthy,0.0000,0.9999,0.0000,0.0000
Healthy/lyria__P0537__b16.png,Healthy,P0537,incisor,0,Healthy,0.0000,0.9995,0.0000,0.0005
Healthy/lyria__P0537__b18.png,Healthy,P0537,premolar,0,Healthy,0.0002,0.9996,0.0001,0.0001
Healthy/lyria__P0537__b19.png,Healthy,P0537,premolar,0,Healthy,0.0018,0.9982,0.0000,0.0000
Healthy/lyria__P0537__b20.png,Healthy,P0537,3rd molar,0,Impacted,0.0001,0.1629,0.8369,0.0001
Healthy/lyria__P0538__b0.png,Healthy,P0538,incisor,0,Healthy,0.0000,1.0000,0.0000,0.0000
Healthy/lyria__P0538__b1.png,Healthy,P0538,incisor,0,Healthy,0.0001,0.9958,0.0000,0.0041
Healthy/lyria__P0538__b2.png,Healthy,P0538,canine,0,Healthy,0.0000,1.0000,0.0000,0.0000
Healthy/lyria__P0538__b4.png,Healthy,P0538,canine,0,Healthy,0.0000,0.9999,0.0000,0.0001
Healthy/lyria__P0538__b5.png,Healthy,P0538,premolar,0,Healthy,0.0000,0.9937,0.0000,0.0063
Healthy/lyria__P0538__b6.png,Healthy,P0538,3rd molar,0,Healthy,0.0000,1.0000,0.0000,0.0000
Healthy/lyria__P0538__b7.png,Healthy,P0538,canine,0,Healthy,0.0001,0.9999,0.0000,0.0000
Healthy/lyria__P0538__b9.png,Healthy,P0538,incisor,0,Healthy,0.0000,0.9988,0.0000,0.0012
Healthy/lyria__P0538__b10.png,Healthy,P0538,incisor,0,Healthy,0.0000,0.9999,0.0000,0.0001
Healthy/lyria__P0538__b11.png,Healthy,P0538,incisor,0,Healthy,0.0004,0.9996,0.0000,0.0000
Healthy/lyria__P0538__b12.png,Healthy,P0538,canine,0,Healthy,0.0000,1.0000,0.0000,0.0000
Healthy/lyria__P0538__b13.png,Healthy,P0538,premolar,0,Healthy,0.0000,1.0000,0.0000,0.0000
Healthy/lyria__P0538__b14.png,Healthy,P0538,premolar,0,Healthy,0.0004,0.9995,0.0000,0.0001
Healthy/lyria__P0539__b0.png,Healthy,P0539,canine,0,Healthy,0.0008,0.9991,0.0000,0.0002
Healthy/lyria__P0539__b1.png,Healthy,P0539,2nd molar,0,Healthy,0.0000,1.0000,0.0000,0.0000
Healthy/lyria__P0539__b2.png,Healthy,P0539,incisor,0,Healthy,0.0000,0.9994,0.0005,0.0001
Healthy/lyria__P0541__b0.png,Healthy,P0541,3rd molar,0,Healthy,0.0000,1.0000,0.0000,0.0000
Healthy/lyria__P0541__b1.png,Healthy,P0541,2nd molar,0,Healthy,0.0000,1.0000,0.0000,0.0000
Healthy/lyria__P0541__b2.png,Healthy,P0541,canine,0,Healthy,0.0002,0.9941,0.0005,0.0052
Healthy/lyria__P0541__b3.png,Healthy,P0541,incisor,0,Healthy,0.0000,0.9997,0.0000,0.0003
Healthy/lyria__P0541__b4.png,Healthy,P0541,incisor,0,Healthy,0.0001,0.9997,0.0001,0.0001
Healthy/lyria__P0541__b5.png,Healthy,P0541,incisor,0,Healthy,0.0000,0.9999,0.0001,0.0000
Healthy/lyria__P0541__b6.png,Healthy,P0541,incisor,0,Healthy,0.0003,0.9995,0.0001,0.0000
Healthy/lyria__P0541__b7.png,Healthy,P0541,canine,0,Healthy,0.0001,0.9999,0.0000,0.0000
Healthy/lyria__P0541__b8.png,Healthy,P0541,premolar,0,Healthy,0.0002,0.9998,0.0000,0.0000
Healthy/lyria__P0541__b9.png,Healthy,P0541,premolar,0,Healthy,0.0002,0.9998,0.0000,0.0001
Healthy/lyria__P0541__b11.png,Healthy,P0541,2nd molar,0,Healthy,0.0000,1.0000,0.0000,0.0000
Healthy/lyria__P0541__b12.png,Healthy,P0541,3rd molar,0,Healthy,0.0000,0.9999,0.0001,0.0000
Healthy/lyria__P0541__b13.png,Healthy,P0541,canine,0,Healthy,0.0012,0.8821,0.1166,0.0001
Healthy/lyria__P0541__b14.png,Healthy,P0541,incisor,0,Healthy,0.0001,0.9995,0.0000,0.0004
Healthy/lyria__P0541__b15.png,Healthy,P0541,incisor,0,Healthy,0.0000,0.9999,0.0000,0.0000
Healthy/lyria__P0541__b17.png,Healthy,P0541,canine,0,Healthy,0.0000,1.0000,0.0000,0.0000
Healthy/lyria__P0541__b18.png,Healthy,P0541,premolar,0,Healthy,0.0001,0.9993,0.0006,0.0001
Healthy/lyria__P0541__b19.png,Healthy,P0541,premolar,0,Healthy,0.0459,0.9236,0.0231,0.0074
Healthy/lyria__P0544__b0.png,Healthy,P0544,incisor,0,Healthy,0.0000,0.9901,0.0099,0.0000
Healthy/lyria__P0544__b2.png,Healthy,P0544,canine,0,Healthy,0.0000,0.6090,0.3906,0.0004
Healthy/lyria__P0545__b1.png,Healthy,P0545,incisor,0,Healthy,0.0002,0.9996,0.0001,0.0001
Healthy/lyria__P0545__b2.png,Healthy,P0545,incisor,0,Healthy,0.0001,0.9992,0.0002,0.0005
Healthy/lyria__P0545__b3.png,Healthy,P0545,incisor,0,Healthy,0.0002,0.9971,0.0001,0.0027
Healthy/lyria__P0545__b5.png,Healthy,P0545,canine,0,Healthy,0.0000,1.0000,0.0000,0.0000
Healthy/lyria__P0545__b6.png,Healthy,P0545,3rd molar,0,Healthy,0.2624,0.7351,0.0024,0.0001
Healthy/lyria__P0546__b0.png,Healthy,P0546,incisor,0,Healthy,0.0000,0.9996,0.0001,0.0004
Healthy/lyria__P0546__b1.png,Healthy,P0546,incisor,0,Healthy,0.0026,0.9971,0.0001,0.0001
Healthy/lyria__P0547__b0.png,Healthy,P0547,canine,0,Healthy,0.0000,1.0000,0.0000,0.0000
Healthy/lyria__P0547__b1.png,Healthy,P0547,incisor,0,Healthy,0.0000,0.9978,0.0021,0.0001
Healthy/lyria__P0547__b2.png,Healthy,P0547,incisor,0,Healthy,0.0000,0.9997,0.0000,0.0002
Healthy/lyria__P0547__b3.png,Healthy,P0547,incisor,0,Healthy,0.0017,0.9977,0.0002,0.0004
Healthy/lyria__P0547__b4.png,Healthy,P0547,incisor,0,Healthy,0.0000,1.0000,0.0000,0.0000
Healthy/lyria__P0547__b5.png,Healthy,P0547,canine,0,Healthy,0.0000,1.0000,0.0000,0.0000
Healthy/lyria__P0547__b6.png,Healthy,P0547,premolar,0,Healthy,0.0215,0.9780,0.0005,0.0000
Healthy/lyria__P0547__b7.png,Healthy,P0547,incisor,0,Healthy,0.0711,0.9280,0.0002,0.0007
Healthy/lyria__P0547__b8.png,Healthy,P0547,incisor,0,Healthy,0.0001,0.6744,0.3240,0.0015
Healthy/lyria__P0547__b9.png,Healthy,P0547,incisor,0,Healthy,0.0000,1.0000,0.0000,0.0000
Healthy/lyria__P0547__b11.png,Healthy,P0547,incisor,0,Healthy,0.0002,0.9985,0.0004,0.0009
Healthy/lyria__P0547__b12.png,Healthy,P0547,canine,0,Healthy,0.0011,0.9988,0.0000,0.0001
Healthy/lyria__P0548__b0.png,Healthy,P0548,premolar,0,Healthy,0.0002,0.9997,0.0000,0.0001
Healthy/lyria__P0548__b1.png,Healthy,P0548,premolar,0,Healthy,0.0015,0.9985,0.0000,0.0000
Healthy/lyria__P0548__b2.png,Healthy,P0548,canine,0,Healthy,0.0000,1.0000,0.0000,0.0000
Healthy/lyria__P0548__b3.png,Healthy,P0548,canine,0,Healthy,0.0888,0.9098,0.0000,0.0014
Healthy/lyria__P0548__b4.png,Healthy,P0548,incisor,0,Healthy,0.0003,0.9994,0.0000,0.0003
Healthy/lyria__P0548__b5.png,Healthy,P0548,incisor,0,Healthy,0.0001,0.9998,0.0001,0.0000
Healthy/lyria__P0548__b6.png,Healthy,P0548,canine,0,Healthy,0.0000,0.9998,0.0002,0.0000
Healthy/lyria__P0548__b7.png,Healthy,P0548,premolar,0,Healthy,0.0004,0.9996,0.0000,0.0000
Healthy/lyria__P0548__b8.png,Healthy,P0548,premolar,0,Healthy,0.3000,0.6919,0.0080,0.0001
Healthy/lyria__P0548__b9.png,Healthy,P0548,2nd molar,0,Healthy,0.0000,0.9999,0.0001,0.0000
Healthy/lyria__P0548__b11.png,Healthy,P0548,incisor,0,Healthy,0.0000,0.9999,0.0001,0.0000
Healthy/lyria__P0548__b12.png,Healthy,P0548,canine,0,Healthy,0.0000,0.9999,0.0001,0.0000
Healthy/lyria__P0548__b13.png,Healthy,P0548,premolar,0,Healthy,0.0194,0.9802,0.0003,0.0000
Healthy/lyria__P0549__b0.png,Healthy,P0549,canine,0,Healthy,0.0000,0.9999,0.0001,0.0000
Healthy/lyria__P0549__b1.png,Healthy,P0549,incisor,0,Healthy,0.0000,1.0000,0.0000,0.0000
Healthy/lyria__P0549__b2.png,Healthy,P0549,incisor,0,Healthy,0.0000,0.9999,0.0000,0.0000
Healthy/lyria__P0549__b3.png,Healthy,P0549,incisor,0,Healthy,0.0000,0.9994,0.0006,0.0000
Healthy/lyria__P0549__b4.png,Healthy,P0549,incisor,0,Healthy,0.0000,1.0000,0.0000,0.0000
Healthy/lyria__P0549__b5.png,Healthy,P0549,canine,0,Healthy,0.0000,0.9998,0.0001,0.0000
Healthy/lyria__P0549__b6.png,Healthy,P0549,premolar,0,Healthy,0.0000,1.0000,0.0000,0.0000
Healthy/lyria__P0549__b7.png,Healthy,P0549,premolar,0,Healthy,0.0001,0.9998,0.0001,0.0000
Healthy/lyria__P0549__b8.png,Healthy,P0549,1st molar,0,Healthy,0.0000,0.9927,0.0072,0.0000
Healthy/lyria__P0549__b9.png,Healthy,P0549,2nd molar,0,Healthy,0.0000,0.9994,0.0006,0.0000
Healthy/lyria__P0549__b10.png,Healthy,P0549,2nd molar,0,Healthy,0.0004,0.8688,0.1307,0.0001
Healthy/lyria__P0549__b11.png,Healthy,P0549,1st molar,0,Healthy,0.0000,0.9997,0.0003,0.0000
Healthy/lyria__P0549__b12.png,Healthy,P0549,premolar,0,Healthy,0.0017,0.9980,0.0003,0.0000
Healthy/lyria__P0549__b13.png,Healthy,P0549,premolar,0,Healthy,0.0000,0.9999,0.0000,0.0000
Healthy/lyria__P0549__b14.png,Healthy,P0549,canine,0,Healthy,0.0006,0.9991,0.0003,0.0001
Healthy/lyria__P0549__b15.png,Healthy,P0549,incisor,0,Healthy,0.0000,1.0000,0.0000,0.0000
Healthy/lyria__P0549__b17.png,Healthy,P0549,incisor,0,Healthy,0.0001,0.9999,0.0000,0.0000
Healthy/lyria__P0549__b18.png,Healthy,P0549,canine,0,Healthy,0.0000,0.9999,0.0001,0.0000
Healthy/lyria__P0549__b19.png,Healthy,P0549,premolar,0,Healthy,0.0000,0.9999,0.0000,0.0000
Healthy/lyria__P0549__b20.png,Healthy,P0549,premolar,0,Healthy,0.0000,0.9999,0.0000,0.0000
Healthy/lyria__P0549__b21.png,Healthy,P0549,1st molar,0,Healthy,0.0000,0.9993,0.0007,0.0000
Healthy/lyria__P0549__b22.png,Healthy,P0549,premolar,0,Healthy,0.0000,1.0000,0.0000,0.0000
Healthy/lyria__P0549__b23.png,Healthy,P0549,premolar,0,Healthy,0.0001,0.9999,0.0000,0.0000
Healthy/lyria__P0549__b25.png,Healthy,P0549,2nd molar,0,Healthy,0.0000,0.9946,0.0054,0.0000
Healthy/lyria__P0549__b26.png,Healthy,P0549,2nd molar,0,Healthy,0.0001,0.9991,0.0008,0.0000
Healthy/lyria__P0551__b1.png,Healthy,P0551,incisor,0,Healthy,0.0000,1.0000,0.0000,0.0000
Healthy/lyria__P0551__b2.png,Healthy,P0551,incisor,0,Healthy,0.0000,1.0000,0.0000,0.0000
Healthy/lyria__P0551__b3.png,Healthy,P0551,incisor,0,Healthy,0.0000,1.0000,0.0000,0.0000
Healthy/lyria__P0551__b4.png,Healthy,P0551,incisor,0,Healthy,0.0002,0.9995,0.0003,0.0000
Healthy/lyria__P0551__b6.png,Healthy,P0551,canine,0,Healthy,0.0001,0.9998,0.0000,0.0001
Healthy/lyria__P0551__b7.png,Healthy,P0551,canine,0,Healthy,0.0000,0.9999,0.0000,0.0000
Healthy/lyria__P0552__b0.png,Healthy,P0552,incisor,0,Healthy,0.0000,0.9999,0.0000,0.0001
Healthy/lyria__P0553__b0.png,Healthy,P0553,canine,0,Healthy,0.0001,0.9997,0.0000,0.0001
Healthy/lyria__P0553__b1.png,Healthy,P0553,canine,0,Healthy,0.0346,0.9651,0.0000,0.0003
Healthy/lyria__P0553__b3.png,Healthy,P0553,canine,0,Healthy,0.0000,1.0000,0.0000,0.0000
Healthy/lyria__P0553__b4.png,Healthy,P0553,incisor,0,Healthy,0.0000,0.9816,0.0182,0.0001
Healthy/lyria__P0553__b5.png,Healthy,P0553,incisor,0,Healthy,0.0000,0.9988,0.0011,0.0000
Healthy/lyria__P0553__b6.png,Healthy,P0553,incisor,0,Healthy,0.0001,0.9946,0.0051,0.0001
Healthy/lyria__P0553__b7.png,Healthy,P0553,incisor,0,Healthy,0.0000,0.9963,0.0037,0.0000
Healthy/lyria__P0553__b8.png,Healthy,P0553,canine,0,Healthy,0.0000,1.0000,0.0000,0.0000
Healthy/lyria__P0555__b0.png,Healthy,P0555,premolar,0,Healthy,0.0000,0.9996,0.0000,0.0004
Healthy/lyria__P0555__b1.png,Healthy,P0555,canine,0,Healthy,0.0000,0.9999,0.0001,0.0000
Healthy/lyria__P0555__b2.png,Healthy,P0555,incisor,0,Healthy,0.0093,0.9905,0.0000,0.0001
Healthy/lyria__P0555__b3.png,Healthy,P0555,incisor,0,Healthy,0.0000,0.9989,0.0003,0.0008
Healthy/lyria__P0555__b4.png,Healthy,P0555,incisor,0,Healthy,0.0001,0.9999,0.0000,0.0000
Healthy/lyria__P0555__b5.png,Healthy,P0555,incisor,0,Healthy,0.0006,0.9992,0.0000,0.0002
Healthy/lyria__P0555__b6.png,Healthy,P0555,canine,0,Healthy,0.0002,0.9998,0.0001,0.0000
Healthy/lyria__P0555__b7.png,Healthy,P0555,premolar,0,Healthy,0.0017,0.9983,0.0000,0.0001
Healthy/lyria__P0555__b8.png,Healthy,P0555,canine,0,Healthy,0.0001,0.9996,0.0000,0.0003
Healthy/lyria__P0555__b9.png,Healthy,P0555,incisor,0,Healthy,0.0003,0.9995,0.0000,0.0001
Healthy/lyria__P0555__b10.png,Healthy,P0555,incisor,0,Healthy,0.0000,1.0000,0.0000,0.0000
Healthy/lyria__P0555__b12.png,Healthy,P0555,3rd molar,0,Healthy,0.0000,1.0000,0.0000,0.0000
Healthy/lyria__P0555__b13.png,Healthy,P0555,3rd molar,0,Healthy,0.0000,0.7548,0.2451,0.0001
Healthy/lyria__P0555__b14.png,Healthy,P0555,3rd molar,0,Healthy,0.0001,0.9865,0.0134,0.0000
Healthy/lyria__P0556__b0.png,Healthy,P0556,canine,0,Healthy,0.0002,0.9998,0.0000,0.0000
Healthy/lyria__P0556__b3.png,Healthy,P0556,incisor,0,Healthy,0.0000,0.9999,0.0000,0.0000
Healthy/lyria__P0556__b4.png,Healthy,P0556,incisor,0,Healthy,0.0000,1.0000,0.0000,0.0000
Healthy/lyria__P0556__b5.png,Healthy,P0556,incisor,0,Healthy,0.0000,1.0000,0.0000,0.0000
Healthy/lyria__P0556__b6.png,Healthy,P0556,canine,0,Healthy,0.0000,1.0000,0.0000,0.0000
Healthy/lyria__P0556__b7.png,Healthy,P0556,premolar,0,Healthy,0.0008,0.9992,0.0000,0.0000
Healthy/lyria__P0556__b8.png,Healthy,P0556,canine,0,Healthy,0.0000,1.0000,0.0000,0.0000
Healthy/lyria__P0556__b9.png,Healthy,P0556,premolar,0,Healthy,0.3214,0.6750,0.0035,0.0001
Healthy/lyria__P0557__b0.png,Healthy,P0557,incisor,0,Healthy,0.0009,0.9989,0.0001,0.0000
Healthy/lyria__P0557__b1.png,Healthy,P0557,2nd molar,0,Healthy,0.0000,0.7564,0.2431,0.0005
Healthy/lyria__P0557__b2.png,Healthy,P0557,canine,0,Healthy,0.0000,1.0000,0.0000,0.0000
Healthy/lyria__P0557__b3.png,Healthy,P0557,incisor,0,Healthy,0.0000,1.0000,0.0000,0.0000
Healthy/lyria__P0557__b4.png,Healthy,P0557,incisor,0,Healthy,0.0000,1.0000,0.0000,0.0000
Healthy/lyria__P0557__b5.png,Healthy,P0557,incisor,0,Healthy,0.0000,1.0000,0.0000,0.0000
Healthy/lyria__P0557__b7.png,Healthy,P0557,canine,0,Healthy,0.0106,0.9894,0.0000,0.0000
Healthy/lyria__P0557__b8.png,Healthy,P0557,premolar,0,Healthy,0.1111,0.8499,0.0047,0.0343
Healthy/lyria__P0558__b0.png,Healthy,P0558,incisor,0,Healthy,0.0000,0.9999,0.0001,0.0000
Healthy/lyria__P0558__b1.png,Healthy,P0558,incisor,0,Healthy,0.0000,1.0000,0.0000,0.0000
Healthy/lyria__P0558__b2.png,Healthy,P0558,incisor,0,Healthy,0.0001,0.9999,0.0000,0.0000
Healthy/lyria__P0558__b3.png,Healthy,P0558,incisor,0,Healthy,0.0000,1.0000,0.0000,0.0000
Healthy/lyria__P0558__b4.png,Healthy,P0558,canine,0,Healthy,0.0000,0.9999,0.0000,0.0000
Healthy/lyria__P0558__b7.png,Healthy,P0558,canine,0,Healthy,0.0000,1.0000,0.0000,0.0000
Healthy/lyria__P0558__b8.png,Healthy,P0558,premolar,0,Healthy,0.0000,1.0000,0.0000,0.0000
Healthy/lyria__P0558__b9.png,Healthy,P0558,3rd molar,0,Healthy,0.0000,0.9996,0.0004,0.0000
Healthy/lyria__P0558__b10.png,Healthy,P0558,incisor,0,Healthy,0.0006,0.9991,0.0001,0.0003
Healthy/lyria__P0558__b11.png,Healthy,P0558,incisor,0,Healthy,0.0000,0.9999,0.0000,0.0000
Healthy/lyria__P0558__b12.png,Healthy,P0558,incisor,0,Healthy,0.0004,0.9983,0.0001,0.0011
Healthy/lyria__P0558__b13.png,Healthy,P0558,incisor,0,Healthy,0.0000,1.0000,0.0000,0.0000
Healthy/lyria__P0558__b14.png,Healthy,P0558,canine,0,Healthy,0.0058,0.9942,0.0000,0.0000
Healthy/lyria__P0558__b15.png,Healthy,P0558,canine,0,Healthy,0.0336,0.9663,0.0000,0.0001
Healthy/lyria__P0558__b16.png,Healthy,P0558,3rd molar,0,Healthy,0.0000,0.9981,0.0018,0.0000
Healthy/lyria__P0559__b0.png,Healthy,P0559,premolar,0,Healthy,0.0001,0.9998,0.0000,0.0001
Healthy/lyria__P0559__b1.png,Healthy,P0559,premolar,0,Healthy,0.0001,0.9999,0.0000,0.0000
Healthy/lyria__P0559__b2.png,Healthy,P0559,canine,0,Healthy,0.0000,1.0000,0.0000,0.0000
Healthy/lyria__P0559__b3.png,Healthy,P0559,incisor,0,Healthy,0.0000,0.9995,0.0000,0.0005
Healthy/lyria__P0559__b4.png,Healthy,P0559,incisor,0,Healthy,0.0000,0.9999,0.0000,0.0001
Healthy/lyria__P0559__b5.png,Healthy,P0559,incisor,0,Healthy,0.0001,0.9997,0.0001,0.0000
Healthy/lyria__P0559__b6.png,Healthy,P0559,incisor,0,Healthy,0.0068,0.9931,0.0000,0.0000
Healthy/lyria__P0559__b7.png,Healthy,P0559,canine,0,Healthy,0.0001,0.9999,0.0000,0.0000
Healthy/lyria__P0559__b8.png,Healthy,P0559,premolar,0,Healthy,0.0001,0.9998,0.0000,0.0001
Healthy/lyria__P0559__b9.png,Healthy,P0559,premolar,0,Healthy,0.0001,0.9998,0.0001,0.0000
Healthy/lyria__P0559__b10.png,Healthy,P0559,3rd molar,0,Healthy,0.0000,1.0000,0.0000,0.0000
Healthy/lyria__P0559__b12.png,Healthy,P0559,premolar,0,Healthy,0.0002,0.9997,0.0000,0.0000
Healthy/lyria__P0559__b13.png,Healthy,P0559,canine,0,Healthy,0.0000,0.9999,0.0000,0.0001
Healthy/lyria__P0559__b14.png,Healthy,P0559,incisor,0,Healthy,0.0001,0.9999,0.0000,0.0000
Healthy/lyria__P0559__b15.png,Healthy,P0559,incisor,0,Healthy,0.0000,0.9999,0.0001,0.0000
Healthy/lyria__P0559__b16.png,Healthy,P0559,incisor,0,Healthy,0.0000,0.9999,0.0001,0.0000
Healthy/lyria__P0559__b17.png,Healthy,P0559,incisor,0,Healthy,0.0000,0.9999,0.0000,0.0000
Healthy/lyria__P0559__b18.png,Healthy,P0559,canine,0,Healthy,0.0008,0.9992,0.0000,0.0001
Healthy/lyria__P0559__b19.png,Healthy,P0559,premolar,0,Healthy,0.0011,0.9988,0.0000,0.0000
Healthy/lyria__P0559__b20.png,Healthy,P0559,premolar,0,Healthy,0.0019,0.9978,0.0001,0.0001
Healthy/lyria__P0559__b21.png,Healthy,P0559,2nd molar,0,Healthy,0.0000,1.0000,0.0000,0.0000
Healthy/lyria__P0559__b22.png,Healthy,P0559,3rd molar,0,Healthy,0.0000,1.0000,0.0000,0.0000
Healthy/lyria__P0058__b1.png,Healthy,P0058,incisor,0,Healthy,0.0000,0.9985,0.0011,0.0004
Healthy/lyria__P0058__b2.png,Healthy,P0058,incisor,0,Healthy,0.0000,0.9998,0.0000,0.0002
Healthy/lyria__P0058__b4.png,Healthy,P0058,incisor,0,Healthy,0.0000,1.0000,0.0000,0.0000
Healthy/lyria__P0562__b0.png,Healthy,P0562,canine,0,Healthy,0.0001,0.9992,0.0000,0.0007
Healthy/lyria__P0562__b1.png,Healthy,P0562,2nd molar,0,Healthy,0.0001,0.9999,0.0000,0.0000
Healthy/lyria__P0562__b2.png,Healthy,P0562,canine,0,Healthy,0.0000,1.0000,0.0000,0.0000
Healthy/lyria__P0562__b3.png,Healthy,P0562,incisor,0,Healthy,0.0000,1.0000,0.0000,0.0000
Healthy/lyria__P0562__b4.png,Healthy,P0562,incisor,0,Healthy,0.0000,0.9996,0.0000,0.0004
Healthy/lyria__P0562__b5.png,Healthy,P0562,incisor,0,Healthy,0.0000,0.9999,0.0000,0.0001
Healthy/lyria__P0562__b6.png,Healthy,P0562,incisor,0,Healthy,0.0000,1.0000,0.0000,0.0000
Healthy/lyria__P0562__b7.png,Healthy,P0562,canine,0,Healthy,0.0000,1.0000,0.0000,0.0000
Healthy/lyria__P0562__b8.png,Healthy,P0562,premolar,0,Healthy,0.0000,0.9996,0.0004,0.0000
Healthy/lyria__P0563__b0.png,Healthy,P0563,incisor,0,Healthy,0.0000,1.0000,0.0000,0.0000
Healthy/lyria__P0563__b1.png,Healthy,P0563,canine,0,Healthy,0.0000,0.9999,0.0000,0.0000
Healthy/lyria__P0563__b3.png,Healthy,P0563,incisor,0,Healthy,0.0002,0.9985,0.0000,0.0013
Healthy/lyria__P0563__b4.png,Healthy,P0563,incisor,0,Healthy,0.0000,1.0000,0.0000,0.0000
Healthy/lyria__P0563__b5.png,Healthy,P0563,canine,0,Healthy,0.0000,1.0000,0.0000,0.0000
Healthy/lyria__P0563__b6.png,Healthy,P0563,premolar,0,Healthy,0.0199,0.9796,0.0004,0.0000
Healthy/lyria__P0563__b7.png,Healthy,P0563,canine,0,Healthy,0.2728,0.7270,0.0000,0.0002
Healthy/lyria__P0564__b0.png,Healthy,P0564,incisor,0,Healthy,0.0000,0.9999,0.0000,0.0001
Healthy/lyria__P0564__b1.png,Healthy,P0564,incisor,0,Healthy,0.0000,0.9999,0.0000,0.0001
Healthy/lyria__P0564__b2.png,Healthy,P0564,incisor,0,Healthy,0.0000,0.9998,0.0000,0.0002
Healthy/lyria__P0564__b3.png,Healthy,P0564,incisor,0,Healthy,0.0001,0.9999,0.0000,0.0000
Healthy/lyria__P0564__b4.png,Healthy,P0564,canine,0,Healthy,0.0345,0.9654,0.0001,0.0000
Healthy/lyria__P0564__b7.png,Healthy,P0564,2nd molar,0,Healthy,0.0000,1.0000,0.0000,0.0000
Healthy/lyria__P0565__b0.png,Healthy,P0565,canine,0,Healthy,0.0001,0.9998,0.0000,0.0001
Healthy/lyria__P0565__b1.png,Healthy,P0565,incisor,0,Healthy,0.0000,1.0000,0.0000,0.0000
Healthy/lyria__P0565__b2.png,Healthy,P0565,incisor,0,Healthy,0.0000,0.9999,0.0000,0.0001
Healthy/lyria__P0565__b3.png,Healthy,P0565,canine,0,Healthy,0.0010,0.9989,0.0000,0.0000
Healthy/lyria__P0565__b4.png,Healthy,P0565,premolar,0,Healthy,0.0004,0.9978,0.0015,0.0004
Healthy/lyria__P0565__b5.png,Healthy,P0565,premolar,0,Healthy,0.0000,1.0000,0.0000,0.0000
Healthy/lyria__P0565__b6.png,Healthy,P0565,canine,0,Healthy,0.0000,1.0000,0.0000,0.0000
Healthy/lyria__P0565__b7.png,Healthy,P0565,incisor,0,Healthy,0.0000,1.0000,0.0000,0.0000
Healthy/lyria__P0565__b8.png,Healthy,P0565,incisor,0,Healthy,0.0000,0.9986,0.0000,0.0014
Healthy/lyria__P0565__b9.png,Healthy,P0565,incisor,0,Healthy,0.0000,0.9999,0.0000,0.0001
Healthy/lyria__P0565__b10.png,Healthy,P0565,incisor,0,Healthy,0.0000,1.0000,0.0000,0.0000
Healthy/lyria__P0565__b11.png,Healthy,P0565,canine,0,Healthy,0.0000,1.0000,0.0000,0.0000
Healthy/lyria__P0565__b12.png,Healthy,P0565,premolar,0,Healthy,0.0000,0.9999,0.0001,0.0000
Healthy/lyria__P0565__b13.png,Healthy,P0565,premolar,0,Healthy,0.0000,1.0000,0.0000,0.0000
Healthy/lyria__P0565__b14.png,Healthy,P0565,2nd molar,0,Healthy,0.0000,1.0000,0.0000,0.0000
Healthy/lyria__P0565__b15.png,Healthy,P0565,2nd molar,0,Healthy,0.0000,1.0000,0.0000,0.0000
Healthy/lyria__P0565__b16.png,Healthy,P0565,3rd molar,0,Healthy,0.0000,0.9999,0.0000,0.0000
Healthy/lyria__P0565__b17.png,Healthy,P0565,2nd molar,0,Healthy,0.0000,1.0000,0.0000,0.0000
Healthy/lyria__P0565__b18.png,Healthy,P0565,2nd molar,0,Healthy,0.0000,0.9999,0.0000,0.0000
Healthy/lyria__P0568__b1.png,Healthy,P0568,incisor,0,Healthy,0.0000,0.9998,0.0002,0.0000
Healthy/lyria__P0568__b3.png,Healthy,P0568,canine,0,Healthy,0.0119,0.6031,0.3847,0.0004
Healthy/lyria__P0569__b0.png,Healthy,P0569,2nd molar,0,Healthy,0.0002,0.9741,0.0200,0.0057
Healthy/lyria__P0569__b1.png,Healthy,P0569,premolar,0,Healthy,0.0000,1.0000,0.0000,0.0000
Healthy/lyria__P0569__b3.png,Healthy,P0569,incisor,0,Healthy,0.0000,1.0000,0.0000,0.0000
Healthy/lyria__P0569__b4.png,Healthy,P0569,canine,0,Healthy,0.0000,1.0000,0.0000,0.0000
Healthy/lyria__P0569__b5.png,Healthy,P0569,premolar,0,Healthy,0.0000,1.0000,0.0000,0.0000
Healthy/lyria__P0569__b6.png,Healthy,P0569,premolar,0,Healthy,0.0107,0.9893,0.0000,0.0000
Healthy/lyria__P0569__b7.png,Healthy,P0569,incisor,0,Healthy,0.0000,1.0000,0.0000,0.0000
Healthy/lyria__P0569__b9.png,Healthy,P0569,incisor,0,Healthy,0.0000,0.9999,0.0000,0.0001
Healthy/lyria__P0569__b10.png,Healthy,P0569,canine,0,Healthy,0.0000,1.0000,0.0000,0.0000
Healthy/lyria__P0569__b11.png,Healthy,P0569,premolar,0,Healthy,0.0000,1.0000,0.0000,0.0000
Healthy/lyria__P0570__b1.png,Healthy,P0570,incisor,0,Healthy,0.0001,0.9999,0.0000,0.0000
Healthy/lyria__P0570__b2.png,Healthy,P0570,incisor,0,Healthy,0.0000,1.0000,0.0000,0.0000
Healthy/lyria__P0570__b3.png,Healthy,P0570,incisor,0,Healthy,0.0000,1.0000,0.0000,0.0000
Healthy/lyria__P0570__b4.png,Healthy,P0570,incisor,0,Healthy,0.0000,0.9999,0.0000,0.0001
Healthy/lyria__P0571__b0.png,Healthy,P0571,incisor,0,Healthy,0.0000,1.0000,0.0000,0.0000
Healthy/lyria__P0571__b1.png,Healthy,P0571,incisor,0,Healthy,0.0000,1.0000,0.0000,0.0000
Healthy/lyria__P0571__b2.png,Healthy,P0571,incisor,0,Healthy,0.0000,0.9998,0.0002,0.0000
Healthy/lyria__P0571__b3.png,Healthy,P0571,canine,0,Healthy,0.0001,0.9978,0.0021,0.0000
Healthy/lyria__P0571__b5.png,Healthy,P0571,canine,0,Healthy,0.0000,0.9999,0.0001,0.0000
Healthy/lyria__P0571__b6.png,Healthy,P0571,premolar,0,Healthy,0.0001,0.9999,0.0000,0.0000
Healthy/lyria__P0571__b7.png,Healthy,P0571,canine,0,Healthy,0.0047,0.9952,0.0000,0.0001
Healthy/lyria__P0571__b8.png,Healthy,P0571,canine,0,Healthy,0.0000,0.9999,0.0000,0.0001
Healthy/lyria__P0572__b0.png,Healthy,P0572,canine,0,Healthy,0.0000,1.0000,0.0000,0.0000
Healthy/lyria__P0572__b1.png,Healthy,P0572,incisor,0,Healthy,0.0005,0.9994,0.0000,0.0001
Healthy/lyria__P0572__b3.png,Healthy,P0572,canine,0,Healthy,0.0000,1.0000,0.0000,0.0000
Healthy/lyria__P0572__b4.png,Healthy,P0572,incisor,0,Healthy,0.0002,0.9998,0.0000,0.0000
Healthy/lyria__P0572__b5.png,Healthy,P0572,incisor,0,Healthy,0.0000,1.0000,0.0000,0.0000
Healthy/lyria__P0572__b7.png,Healthy,P0572,incisor,0,Healthy,0.0000,1.0000,0.0000,0.0000
Healthy/lyria__P0572__b8.png,Healthy,P0572,canine,0,Healthy,0.0000,1.0000,0.0000,0.0000
Healthy/lyria__P0573__b0.png,Healthy,P0573,canine,0,Healthy,0.0000,0.9996,0.0003,0.0000
Healthy/lyria__P0573__b3.png,Healthy,P0573,incisor,0,Healthy,0.0000,1.0000,0.0000,0.0000
Healthy/lyria__P0573__b4.png,Healthy,P0573,incisor,0,Healthy,0.0000,1.0000,0.0000,0.0000
Healthy/lyria__P0573__b5.png,Healthy,P0573,canine,0,Healthy,0.0000,1.0000,0.0000,0.0000
Healthy/lyria__P0575__b0.png,Healthy,P0575,3rd molar,0,Healthy,0.0000,0.9972,0.0027,0.0001
Healthy/lyria__P0575__b1.png,Healthy,P0575,premolar,0,Healthy,0.0000,0.9973,0.0000,0.0027
Healthy/lyria__P0575__b2.png,Healthy,P0575,canine,0,Healthy,0.0001,0.9998,0.0000,0.0001
Healthy/lyria__P0575__b3.png,Healthy,P0575,incisor,0,Healthy,0.0000,1.0000,0.0000,0.0000
Healthy/lyria__P0575__b4.png,Healthy,P0575,incisor,0,Healthy,0.0001,0.9999,0.0000,0.0001
Healthy/lyria__P0575__b5.png,Healthy,P0575,incisor,0,Healthy,0.0001,0.9998,0.0000,0.0000
Healthy/lyria__P0575__b6.png,Healthy,P0575,incisor,0,Healthy,0.0002,0.9998,0.0000,0.0000
Healthy/lyria__P0575__b7.png,Healthy,P0575,canine,0,Healthy,0.0000,0.9999,0.0000,0.0001
Healthy/lyria__P0575__b8.png,Healthy,P0575,premolar,0,Healthy,0.0002,0.9998,0.0000,0.0000
Healthy/lyria__P0575__b9.png,Healthy,P0575,3rd molar,0,Healthy,0.0000,0.9769,0.0230,0.0000
Healthy/lyria__P0575__b11.png,Healthy,P0575,incisor,0,Healthy,0.0000,0.9986,0.0008,0.0006
Healthy/lyria__P0575__b13.png,Healthy,P0575,incisor,0,Healthy,0.0223,0.9773,0.0001,0.0003
Healthy/lyria__P0575__b14.png,Healthy,P0575,incisor,0,Healthy,0.0000,0.9997,0.0000,0.0003
Healthy/lyria__P0575__b15.png,Healthy,P0575,premolar,0,Healthy,0.0002,0.9997,0.0000,0.0001
Healthy/lyria__P0575__b16.png,Healthy,P0575,premolar,0,Healthy,0.0002,0.9995,0.0000,0.0003
Healthy/lyria__P0575__b17.png,Healthy,P0575,3rd molar,0,Healthy,0.0002,0.9663,0.0334,0.0001
Healthy/lyria__P0575__b18.png,Healthy,P0575,canine,0,Healthy,0.0006,0.7582,0.2400,0.0012
Healthy/lyria__P0575__b19.png,Healthy,P0575,premolar,0,Healthy,0.0020,0.9712,0.0264,0.0005
Healthy/lyria__P0575__b20.png,Healthy,P0575,premolar,0,Healthy,0.1227,0.8771,0.0002,0.0000
Healthy/lyria__P0575__b21.png,Healthy,P0575,3rd molar,0,Healthy,0.0001,0.6306,0.3693,0.0001
Healthy/lyria__P0059__b0.png,Healthy,P0059,premolar,0,Healthy,0.0004,0.9995,0.0001,0.0000
Healthy/lyria__P0059__b1.png,Healthy,P0059,incisor,0,Healthy,0.0015,0.9985,0.0000,0.0000
Healthy/lyria__P0059__b2.png,Healthy,P0059,incisor,0,Healthy,0.0000,1.0000,0.0000,0.0000
Healthy/lyria__P0059__b3.png,Healthy,P0059,incisor,0,Healthy,0.0000,0.9999,0.0001,0.0000
Healthy/lyria__P0059__b5.png,Healthy,P0059,canine,0,Healthy,0.0000,0.9999,0.0001,0.0000
Healthy/lyria__P0576__b0.png,Healthy,P0576,canine,0,Healthy,0.0001,0.9979,0.0000,0.0020
Healthy/lyria__P0576__b1.png,Healthy,P0576,incisor,0,Healthy,0.0000,1.0000,0.0000,0.0000
Healthy/lyria__P0576__b2.png,Healthy,P0576,incisor,0,Healthy,0.0001,0.9998,0.0000,0.0001
Healthy/lyria__P0576__b3.png,Healthy,P0576,incisor,0,Healthy,0.0000,0.9997,0.0000,0.0003
Healthy/lyria__P0576__b4.png,Healthy,P0576,incisor,0,Healthy,0.0000,1.0000,0.0000,0.0000
Healthy/lyria__P0576__b6.png,Healthy,P0576,premolar,0,Healthy,0.0002,0.9995,0.0000,0.0003
Healthy/lyria__P0576__b7.png,Healthy,P0576,2nd molar,0,Healthy,0.0000,1.0000,0.0000,0.0000
Healthy/lyria__P0576__b8.png,Healthy,P0576,premolar,0,Healthy,0.0019,0.9981,0.0000,0.0001
Healthy/lyria__P0576__b9.png,Healthy,P0576,2nd molar,0,Healthy,0.0000,0.9998,0.0000,0.0002
Healthy/lyria__P0576__b10.png,Healthy,P0576,incisor,0,Healthy,0.0000,0.9994,0.0000,0.0006
Healthy/lyria__P0576__b11.png,Healthy,P0576,incisor,0,Healthy,0.0000,0.9993,0.0000,0.0007
Healthy/lyria__P0576__b12.png,Healthy,P0576,canine,0,Healthy,0.0000,1.0000,0.0000,0.0000
Healthy/lyria__P0576__b13.png,Healthy,P0576,premolar,0,Healthy,0.0000,0.9999,0.0000,0.0001
Healthy/lyria__P0576__b14.png,Healthy,P0576,premolar,0,Healthy,0.0000,0.9999,0.0000,0.0000
Healthy/lyria__P0576__b15.png,Healthy,P0576,2nd molar,0,Healthy,0.0000,1.0000,0.0000,0.0000
Healthy/lyria__P0576__b16.png,Healthy,P0576,incisor,0,Healthy,0.0000,1.0000,0.0000,0.0000
Healthy/lyria__P0576__b17.png,Healthy,P0576,incisor,0,Healthy,0.0000,0.9999,0.0000,0.0001
Healthy/lyria__P0576__b18.png,Healthy,P0576,canine,0,Healthy,0.0000,1.0000,0.0000,0.0000
Healthy/lyria__P0576__b19.png,Healthy,P0576,premolar,0,Healthy,0.0000,1.0000,0.0000,0.0000
Healthy/lyria__P0576__b21.png,Healthy,P0576,1st molar,0,Healthy,0.0000,0.9949,0.0050,0.0001
Healthy/lyria__P0576__b22.png,Healthy,P0576,2nd molar,0,Healthy,0.0000,1.0000,0.0000,0.0000
Healthy/lyria__P0578__b0.png,Healthy,P0578,incisor,0,Healthy,0.0000,0.9937,0.0020,0.0043
Healthy/lyria__P0578__b2.png,Healthy,P0578,3rd molar,0,Healthy,0.0001,0.9999,0.0000,0.0000
Healthy/lyria__P0578__b3.png,Healthy,P0578,incisor,0,Healthy,0.0000,0.9998,0.0000,0.0002
Healthy/lyria__P0578__b4.png,Healthy,P0578,incisor,0,Healthy,0.0001,0.9993,0.0000,0.0006
Healthy/lyria__P0578__b5.png,Healthy,P0578,incisor,0,Healthy,0.0000,1.0000,0.0000,0.0000
Healthy/lyria__P0578__b6.png,Healthy,P0578,canine,0,Healthy,0.0000,1.0000,0.0000,0.0000
Healthy/lyria__P0578__b7.png,Healthy,P0578,premolar,0,Healthy,0.0000,1.0000,0.0000,0.0000
Healthy/lyria__P0578__b9.png,Healthy,P0578,incisor,0,Healthy,0.0001,0.9937,0.0000,0.0062
Healthy/lyria__P0578__b10.png,Healthy,P0578,canine,0,Healthy,0.0000,1.0000,0.0000,0.0000
Healthy/lyria__P0578__b11.png,Healthy,P0578,premolar,0,Healthy,0.0000,1.0000,0.0000,0.0000
Healthy/lyria__P0578__b12.png,Healthy,P0578,3rd molar,0,Healthy,0.0000,0.9238,0.0761,0.0001
Healthy/lyria__P0579__b0.png,Healthy,P0579,incisor,0,Healthy,0.0148,0.9849,0.0000,0.0003
Healthy/lyria__P0579__b1.png,Healthy,P0579,incisor,0,Healthy,0.0001,0.9998,0.0000,0.0000
Healthy/lyria__P0579__b2.png,Healthy,P0579,incisor,0,Healthy,0.0001,0.9986,0.0000,0.0013
Healthy/lyria__P0579__b3.png,Healthy,P0579,incisor,0,Healthy,0.0035,0.9965,0.0000,0.0000
Healthy/lyria__P0579__b4.png,Healthy,P0579,canine,0,Healthy,0.0000,1.0000,0.0000,0.0000
Healthy/lyria__P0579__b5.png,Healthy,P0579,premolar,0,Healthy,0.0001,0.9999,0.0000,0.0000
Healthy/lyria__P0579__b6.png,Healthy,P0579,premolar,0,Healthy,0.0000,1.0000,0.0000,0.0000
Healthy/lyria__P0579__b7.png,Healthy,P0579,2nd molar,0,Healthy,0.0002,0.9967,0.0000,0.0031
Healthy/lyria__P0579__b8.png,Healthy,P0579,canine,0,Healthy,0.0002,0.9998,0.0000,0.0000
Healthy/lyria__P0579__b9.png,Healthy,P0579,premolar,0,Healthy,0.0018,0.9981,0.0000,0.0000
Healthy/lyria__P0579__b10.png,Healthy,P0579,premolar,0,Healthy,0.0003,0.9996,0.0000,0.0000
Healthy/lyria__P0579__b11.png,Healthy,P0579,2nd molar,0,Healthy,0.0000,1.0000,0.0000,0.0000
Healthy/lyria__P0579__b12.png,Healthy,P0579,2nd molar,0,Healthy,0.0001,0.9998,0.0001,0.0000
Healthy/lyria__P0579__b13.png,Healthy,P0579,1st molar,0,Healthy,0.0000,0.9999,0.0001,0.0000
Healthy/lyria__P0579__b15.png,Healthy,P0579,premolar,0,Healthy,0.0000,1.0000,0.0000,0.0000
Healthy/lyria__P0579__b16.png,Healthy,P0579,canine,0,Healthy,0.0000,0.9999,0.0001,0.0000
Healthy/lyria__P0579__b17.png,Healthy,P0579,incisor,0,Healthy,0.0001,0.9979,0.0000,0.0020
Healthy/lyria__P0579__b18.png,Healthy,P0579,incisor,0,Healthy,0.0000,0.9998,0.0000,0.0001
Healthy/lyria__P0579__b19.png,Healthy,P0579,incisor,0,Healthy,0.0024,0.9942,0.0004,0.0030
Healthy/lyria__P0579__b20.png,Healthy,P0579,incisor,0,Healthy,0.0001,0.9990,0.0000,0.0008
Healthy/lyria__P0579__b21.png,Healthy,P0579,canine,0,Healthy,0.0000,0.9996,0.0002,0.0002
Healthy/lyria__P0579__b22.png,Healthy,P0579,premolar,0,Healthy,0.0000,1.0000,0.0000,0.0000
Healthy/lyria__P0579__b23.png,Healthy,P0579,premolar,0,Healthy,0.0000,1.0000,0.0000,0.0000
Healthy/lyria__P0579__b24.png,Healthy,P0579,2nd molar,0,Healthy,0.0000,1.0000,0.0000,0.0000
Healthy/lyria__P0580__b2.png,Healthy,P0580,incisor,0,Healthy,0.0000,0.9995,0.0000,0.0005
Healthy/lyria__P0580__b3.png,Healthy,P0580,canine,0,Healthy,0.0000,0.9989,0.0004,0.0007
Healthy/lyria__P0581__b0.png,Healthy,P0581,canine,0,Healthy,0.0005,0.9986,0.0000,0.0009
Healthy/lyria__P0581__b2.png,Healthy,P0581,incisor,0,Healthy,0.0001,0.9999,0.0000,0.0001
Healthy/lyria__P0581__b3.png,Healthy,P0581,canine,0,Healthy,0.2932,0.6937,0.0000,0.0131
Healthy/lyria__P0581__b4.png,Healthy,P0581,premolar,0,Healthy,0.2833,0.7156,0.0000,0.0011
Healthy/lyria__P0581__b5.png,Healthy,P0581,premolar,0,Healthy,0.0019,0.9491,0.0000,0.0490
Healthy/lyria__P0581__b6.png,Healthy,P0581,incisor,0,Healthy,0.0000,0.9999,0.0000,0.0001
Healthy/lyria__P0581__b7.png,Healthy,P0581,incisor,0,Healthy,0.0000,0.9992,0.0000,0.0008
Healthy/lyria__P0581__b8.png,Healthy,P0581,incisor,0,Healthy,0.0000,0.9997,0.0000,0.0003
Healthy/lyria__P0581__b9.png,Healthy,P0581,incisor,0,Healthy,0.0000,0.9999,0.0000,0.0001
Healthy/lyria__P0581__b10.png,Healthy,P0581,canine,0,Healthy,0.0000,1.0000,0.0000,0.0000
Healthy/lyria__P0060__b0.png,Healthy,P0060,2nd molar,0,Healthy,0.0000,1.0000,0.0000,0.0000
Healthy/lyria__P0060__b1.png,Healthy,P0060,premolar,0,Healthy,0.0002,0.9994,0.0000,0.0004
Healthy/lyria__P0060__b2.png,Healthy,P0060,premolar,0,Healthy,0.0078,0.9922,0.0000,0.0000
Healthy/lyria__P0060__b3.png,Healthy,P0060,canine,0,Healthy,0.0076,0.9924,0.0000,0.0000
Healthy/lyria__P0060__b4.png,Healthy,P0060,incisor,0,Healthy,0.0000,0.9969,0.0000,0.0031
Healthy/lyria__P0060__b5.png,Healthy,P0060,incisor,0,Healthy,0.0001,0.9999,0.0000,0.0000
Healthy/lyria__P0060__b6.png,Healthy,P0060,incisor,0,Healthy,0.0000,0.9998,0.0000,0.0001
Healthy/lyria__P0060__b7.png,Healthy,P0060,incisor,0,Healthy,0.0000,1.0000,0.0000,0.0000
Healthy/lyria__P0060__b8.png,Healthy,P0060,canine,0,Healthy,0.0016,0.9979,0.0000,0.0005
Healthy/lyria__P0060__b9.png,Healthy,P0060,premolar,0,Healthy,0.0733,0.9267,0.0000,0.0000
Healthy/lyria__P0060__b10.png,Healthy,P0060,premolar,0,Healthy,0.0000,1.0000,0.0000,0.0000
Healthy/lyria__P0060__b11.png,Healthy,P0060,1st molar,0,Healthy,0.0000,1.0000,0.0000,0.0000
Healthy/lyria__P0060__b12.png,Healthy,P0060,2nd molar,0,Healthy,0.0000,1.0000,0.0000,0.0000
Healthy/lyria__P0060__b13.png,Healthy,P0060,2nd molar,0,Impacted,0.0010,0.1714,0.5450,0.2826
Healthy/lyria__P0060__b14.png,Healthy,P0060,premolar,0,Healthy,0.0001,0.9999,0.0000,0.0000
Healthy/lyria__P0060__b15.png,Healthy,P0060,premolar,0,Healthy,0.0000,0.9999,0.0000,0.0000
Healthy/lyria__P0060__b16.png,Healthy,P0060,canine,0,Healthy,0.0000,0.9999,0.0000,0.0000
Healthy/lyria__P0060__b17.png,Healthy,P0060,incisor,0,Healthy,0.0000,1.0000,0.0000,0.0000
Healthy/lyria__P0060__b18.png,Healthy,P0060,incisor,0,Healthy,0.0000,1.0000,0.0000,0.0000
Healthy/lyria__P0060__b20.png,Healthy,P0060,incisor,0,Healthy,0.0000,1.0000,0.0000,0.0000
Healthy/lyria__P0060__b22.png,Healthy,P0060,premolar,0,Healthy,0.0000,0.9999,0.0000,0.0001
Healthy/lyria__P0060__b23.png,Healthy,P0060,premolar,0,Healthy,0.0000,0.9999,0.0000,0.0000
Healthy/lyria__P0582__b0.png,Healthy,P0582,incisor,0,Healthy,0.0000,0.9999,0.0000,0.0001
Healthy/lyria__P0582__b2.png,Healthy,P0582,incisor,0,Healthy,0.0001,0.9986,0.0000,0.0013
Healthy/lyria__P0582__b3.png,Healthy,P0582,incisor,0,Healthy,0.0007,0.9987,0.0000,0.0006
Healthy/lyria__P0582__b4.png,Healthy,P0582,canine,0,Healthy,0.0000,1.0000,0.0000,0.0000
Healthy/lyria__P0582__b5.png,Healthy,P0582,1st molar,0,Healthy,0.0005,0.9994,0.0001,0.0000
Healthy/lyria__P0582__b6.png,Healthy,P0582,canine,0,Healthy,0.0000,0.9999,0.0000,0.0000
Healthy/lyria__P0582__b7.png,Healthy,P0582,premolar,0,Healthy,0.0246,0.9743,0.0010,0.0000
Healthy/lyria__P0582__b8.png,Healthy,P0582,2nd molar,0,Healthy,0.0000,0.9999,0.0001,0.0000
Healthy/lyria__P0582__b9.png,Healthy,P0582,canine,0,Healthy,0.0001,0.9998,0.0000,0.0001
Healthy/lyria__P0582__b10.png,Healthy,P0582,incisor,0,Healthy,0.0000,1.0000,0.0000,0.0000
Healthy/lyria__P0582__b11.png,Healthy,P0582,incisor,0,Healthy,0.0001,0.9996,0.0000,0.0003
Healthy/lyria__P0582__b12.png,Healthy,P0582,canine,0,Healthy,0.0000,0.9999,0.0000,0.0000
Healthy/lyria__P0582__b13.png,Healthy,P0582,2nd molar,0,Healthy,0.0000,1.0000,0.0000,0.0000
Healthy/lyria__P0583__b2.png,Healthy,P0583,incisor,0,Healthy,0.0001,0.9915,0.0000,0.0084
Healthy/lyria__P0585__b0.png,Healthy,P0585,incisor,0,Healthy,0.0000,1.0000,0.0000,0.0000
Healthy/lyria__P0585__b1.png,Healthy,P0585,incisor,0,Healthy,0.0000,0.9995,0.0000,0.0004
Healthy/lyria__P0585__b2.png,Healthy,P0585,incisor,0,Healthy,0.0000,1.0000,0.0000,0.0000
Healthy/lyria__P0585__b3.png,Healthy,P0585,canine,0,Healthy,0.0000,1.0000,0.0000,0.0000
Healthy/lyria__P0585__b4.png,Healthy,P0585,premolar,0,Healthy,0.0002,0.9998,0.0000,0.0000
Healthy/lyria__P0585__b5.png,Healthy,P0585,premolar,0,Healthy,0.0000,1.0000,0.0000,0.0000
Healthy/lyria__P0585__b6.png,Healthy,P0585,2nd molar,0,Healthy,0.0001,0.9997,0.0001,0.0000
Healthy/lyria__P0585__b7.png,Healthy,P0585,incisor,0,Healthy,0.0000,1.0000,0.0000,0.0000
Healthy/lyria__P0585__b8.png,Healthy,P0585,canine,0,Healthy,0.0000,1.0000,0.0000,0.0000
Healthy/lyria__P0585__b9.png,Healthy,P0585,premolar,0,Healthy,0.0432,0.9561,0.0007,0.0000
Healthy/lyria__P0585__b10.png,Healthy,P0585,premolar,0,Healthy,0.0002,0.9996,0.0001,0.0001
Healthy/lyria__P0585__b12.png,Healthy,P0585,incisor,0,Healthy,0.0000,0.9998,0.0000,0.0002
Healthy/lyria__P0585__b13.png,Healthy,P0585,incisor,0,Healthy,0.0000,0.9999,0.0001,0.0000
Healthy/lyria__P0585__b14.png,Healthy,P0585,incisor,0,Healthy,0.0000,0.9998,0.0002,0.0000
Healthy/lyria__P0585__b15.png,Healthy,P0585,incisor,0,Healthy,0.0000,1.0000,0.0000,0.0000
Healthy/lyria__P0585__b16.png,Healthy,P0585,canine,0,Healthy,0.0000,0.9992,0.0008,0.0000
Healthy/lyria__P0585__b18.png,Healthy,P0585,premolar,0,Healthy,0.0000,1.0000,0.0000,0.0000
Healthy/lyria__P0585__b19.png,Healthy,P0585,1st molar,0,Healthy,0.0000,1.0000,0.0000,0.0000
Healthy/lyria__P0585__b20.png,Healthy,P0585,2nd molar,0,Healthy,0.0000,1.0000,0.0000,0.0000
Healthy/lyria__P0585__b21.png,Healthy,P0585,canine,0,Healthy,0.0000,1.0000,0.0000,0.0000
Healthy/lyria__P0585__b22.png,Healthy,P0585,premolar,0,Healthy,0.0000,1.0000,0.0000,0.0000
Healthy/lyria__P0585__b23.png,Healthy,P0585,premolar,0,Healthy,0.0000,0.9997,0.0002,0.0000
Healthy/lyria__P0585__b24.png,Healthy,P0585,1st molar,0,Healthy,0.0000,1.0000,0.0000,0.0000
Healthy/lyria__P0585__b25.png,Healthy,P0585,3rd molar,0,Impacted,0.0000,0.3627,0.6373,0.0000
Healthy/lyria__P0586__b0.png,Healthy,P0586,incisor,0,Healthy,0.0000,1.0000,0.0000,0.0000
Healthy/lyria__P0586__b1.png,Healthy,P0586,incisor,0,Healthy,0.0000,0.9999,0.0000,0.0000
Healthy/lyria__P0586__b2.png,Healthy,P0586,incisor,0,Healthy,0.0000,0.9999,0.0001,0.0000
Healthy/lyria__P0586__b3.png,Healthy,P0586,incisor,0,Healthy,0.0001,0.9999,0.0000,0.0000
Healthy/lyria__P0586__b4.png,Healthy,P0586,canine,0,Healthy,0.0000,1.0000,0.0000,0.0000
Healthy/lyria__P0586__b5.png,Healthy,P0586,premolar,0,Healthy,0.0007,0.9993,0.0000,0.0000
Healthy/lyria__P0586__b6.png,Healthy,P0586,premolar,0,Healthy,0.0005,0.9995,0.0000,0.0000
Healthy/lyria__P0586__b7.png,Healthy,P0586,3rd molar,0,Healthy,0.0000,1.0000,0.0000,0.0000
Healthy/lyria__P0586__b8.png,Healthy,P0586,canine,0,Healthy,0.0003,0.9997,0.0000,0.0000
Healthy/lyria__P0586__b9.png,Healthy,P0586,premolar,0,Healthy,0.0009,0.9990,0.0000,0.0000
Healthy/lyria__P0586__b10.png,Healthy,P0586,premolar,0,Healthy,0.0245,0.9754,0.0000,0.0000
Healthy/lyria__P0586__b11.png,Healthy,P0586,3rd molar,0,Healthy,0.0000,0.9997,0.0002,0.0000
Healthy/lyria__P0586__b12.png,Healthy,P0586,incisor,0,Healthy,0.0000,1.0000,0.0000,0.0000
Healthy/lyria__P0586__b13.png,Healthy,P0586,incisor,0,Healthy,0.0000,0.9969,0.0030,0.0000
Healthy/lyria__P0586__b14.png,Healthy,P0586,canine,0,Healthy,0.0001,0.9933,0.0066,0.0000
Healthy/lyria__P0586__b17.png,Healthy,P0586,3rd molar,0,Healthy,0.0000,0.9968,0.0032,0.0000
Healthy/lyria__P0586__b18.png,Healthy,P0586,incisor,0,Healthy,0.0000,1.0000,0.0000,0.0000
Healthy/lyria__P0586__b19.png,Healthy,P0586,incisor,0,Healthy,0.0000,0.9995,0.0005,0.0000
Healthy/lyria__P0586__b20.png,Healthy,P0586,canine,0,Healthy,0.0000,0.9933,0.0067,0.0000
Healthy/lyria__P0586__b21.png,Healthy,P0586,premolar,0,Healthy,0.0015,0.9985,0.0000,0.0000
Healthy/lyria__P0586__b22.png,Healthy,P0586,2nd molar,0,Healthy,0.0000,1.0000,0.0000,0.0000
Healthy/lyria__P0586__b23.png,Healthy,P0586,3rd molar,0,Healthy,0.0000,0.7412,0.2588,0.0000
Healthy/lyria__P0587__b0.png,Healthy,P0587,incisor,0,Healthy,0.0000,0.9999,0.0000,0.0001
Healthy/lyria__P0587__b1.png,Healthy,P0587,incisor,0,Healthy,0.0000,0.9984,0.0000,0.0016
Healthy/lyria__P0587__b2.png,Healthy,P0587,incisor,0,Healthy,0.0000,0.9999,0.0000,0.0001
Healthy/lyria__P0587__b3.png,Healthy,P0587,incisor,0,Healthy,0.0000,0.9999,0.0000,0.0001
Healthy/lyria__P0587__b4.png,Healthy,P0587,canine,0,Healthy,0.0000,0.9999,0.0000,0.0001
Healthy/lyria__P0587__b5.png,Healthy,P0587,premolar,0,Healthy,0.0000,1.0000,0.0000,0.0000
Healthy/lyria__P0587__b6.png,Healthy,P0587,premolar,0,Healthy,0.0000,0.9998,0.0002,0.0000
Healthy/lyria__P0587__b7.png,Healthy,P0587,canine,0,Healthy,0.0010,0.9985,0.0000,0.0005
Healthy/lyria__P0587__b8.png,Healthy,P0587,incisor,0,Healthy,0.0001,0.9999,0.0000,0.0000
Healthy/lyria__P0587__b9.png,Healthy,P0587,incisor,0,Healthy,0.0000,1.0000,0.0000,0.0000
Healthy/lyria__P0587__b10.png,Healthy,P0587,incisor,0,Healthy,0.0000,1.0000,0.0000,0.0000
Healthy/lyria__P0587__b11.png,Healthy,P0587,incisor,0,Healthy,0.0000,1.0000,0.0000,0.0000
Healthy/lyria__P0587__b13.png,Healthy,P0587,2nd molar,0,Healthy,0.0003,0.9991,0.0006,0.0000
Healthy/lyria__P0587__b14.png,Healthy,P0587,2nd molar,0,Healthy,0.0000,0.9998,0.0001,0.0000
Healthy/lyria__P0587__b15.png,Healthy,P0587,canine,0,Healthy,0.0000,1.0000,0.0000,0.0000
Healthy/lyria__P0587__b16.png,Healthy,P0587,3rd molar,0,Impacted,0.0000,0.4497,0.5502,0.0000
Healthy/lyria__P0587__b17.png,Healthy,P0587,premolar,0,Healthy,0.0000,1.0000,0.0000,0.0000
Healthy/lyria__P0587__b19.png,Healthy,P0587,3rd molar,0,Healthy,0.0000,0.6545,0.3455,0.0000
Healthy/lyria__P0061__b0.png,Healthy,P0061,1st molar,0,Healthy,0.0002,0.9998,0.0000,0.0000
Healthy/lyria__P0061__b2.png,Healthy,P0061,premolar,0,Healthy,0.0000,1.0000,0.0000,0.0000
Healthy/lyria__P0061__b3.png,Healthy,P0061,1st molar,0,Healthy,0.0000,1.0000,0.0000,0.0000
Healthy/lyria__P0061__b4.png,Healthy,P0061,2nd molar,0,Healthy,0.0000,0.9996,0.0004,0.0000
Healthy/lyria__P0061__b6.png,Healthy,P0061,premolar,0,Healthy,0.0000,0.9999,0.0000,0.0000
Healthy/lyria__P0061__b7.png,Healthy,P0061,premolar,0,Healthy,0.0000,1.0000,0.0000,0.0000
Healthy/lyria__P0061__b8.png,Healthy,P0061,canine,0,Healthy,0.0000,1.0000,0.0000,0.0000
Healthy/lyria__P0061__b9.png,Healthy,P0061,incisor,0,Healthy,0.0000,0.9999,0.0000,0.0000
Healthy/lyria__P0061__b10.png,Healthy,P0061,incisor,0,Healthy,0.0001,0.9989,0.0000,0.0010
Healthy/lyria__P0061__b11.png,Healthy,P0061,incisor,0,Healthy,0.0000,0.9999,0.0000,0.0001
Healthy/lyria__P0061__b12.png,Healthy,P0061,incisor,0,Healthy,0.0000,1.0000,0.0000,0.0000
Healthy/lyria__P0061__b13.png,Healthy,P0061,canine,0,Healthy,0.0003,0.9988,0.0007,0.0002
Healthy/lyria__P0588__b1.png,Healthy,P0588,incisor,0,Healthy,0.0000,0.9995,0.0000,0.0005
Healthy/lyria__P0588__b3.png,Healthy,P0588,incisor,0,Healthy,0.0000,0.9978,0.0000,0.0022
Healthy/lyria__P0588__b4.png,Healthy,P0588,canine,0,Healthy,0.0016,0.9957,0.0019,0.0008
Healthy/lyria__P0589__b0.png,Healthy,P0589,canine,0,Healthy,0.0000,0.9993,0.0006,0.0001
Healthy/lyria__P0589__b1.png,Healthy,P0589,incisor,0,Healthy,0.0000,0.9997,0.0003,0.0000
Healthy/lyria__P0589__b3.png,Healthy,P0589,incisor,0,Healthy,0.0000,0.9984,0.0015,0.0001
Healthy/lyria__P0589__b4.png,Healthy,P0589,incisor,0,Healthy,0.0000,0.9996,0.0002,0.0002
Healthy/lyria__P0589__b5.png,Healthy,P0589,canine,0,Healthy,0.0000,0.9999,0.0000,0.0000
Healthy/lyria__P0590__b0.png,Healthy,P0590,incisor,0,Healthy,0.0007,0.9993,0.0000,0.0000
Healthy/lyria__P0590__b1.png,Healthy,P0590,incisor,0,Healthy,0.0001,0.9995,0.0000,0.0004
Healthy/lyria__P0590__b2.png,Healthy,P0590,incisor,0,Healthy,0.0000,0.9998,0.0000,0.0001
Healthy/lyria__P0590__b3.png,Healthy,P0590,canine,0,Healthy,0.0003,0.9997,0.0000,0.0000
Healthy/lyria__P0590__b4.png,Healthy,P0590,premolar,0,Healthy,0.0026,0.9967,0.0000,0.0007
Healthy/lyria__P0590__b5.png,Healthy,P0590,premolar,0,Healthy,0.0005,0.9974,0.0000,0.0021
Healthy/lyria__P0590__b6.png,Healthy,P0590,2nd molar,0,Healthy,0.0000,0.9999,0.0001,0.0000
Healthy/lyria__P0590__b7.png,Healthy,P0590,incisor,0,Healthy,0.0008,0.9989,0.0002,0.0000
Healthy/lyria__P0590__b8.png,Healthy,P0590,canine,0,Healthy,0.0008,0.9992,0.0000,0.0000
Healthy/lyria__P0590__b9.png,Healthy,P0590,premolar,0,Healthy,0.0007,0.9993,0.0000,0.0000
Healthy/lyria__P0590__b10.png,Healthy,P0590,premolar,0,Healthy,0.0028,0.9969,0.0000,0.0003
Healthy/lyria__P0590__b12.png,Healthy,P0590,incisor,0,Healthy,0.0000,0.9987,0.0001,0.0012
Healthy/lyria__P0590__b13.png,Healthy,P0590,incisor,0,Healthy,0.0002,0.9893,0.0000,0.0105
Healthy/lyria__P0590__b14.png,Healthy,P0590,incisor,0,Healthy,0.0001,0.9994,0.0000,0.0005
Healthy/lyria__P0590__b15.png,Healthy,P0590,canine,0,Healthy,0.0001,0.9998,0.0001,0.0000
Healthy/lyria__P0590__b16.png,Healthy,P0590,premolar,0,Healthy,0.0001,0.9998,0.0000,0.0000
Healthy/lyria__P0590__b17.png,Healthy,P0590,premolar,0,Healthy,0.0000,1.0000,0.0000,0.0000
Healthy/lyria__P0590__b19.png,Healthy,P0590,incisor,0,Healthy,0.0001,0.9986,0.0000,0.0013
Healthy/lyria__P0590__b20.png,Healthy,P0590,canine,0,Healthy,0.0000,1.0000,0.0000,0.0000
Healthy/lyria__P0590__b21.png,Healthy,P0590,premolar,0,Healthy,0.0002,0.9998,0.0000,0.0000
Healthy/lyria__P0590__b22.png,Healthy,P0590,premolar,0,Healthy,0.0000,1.0000,0.0000,0.0000
Healthy/lyria__P0590__b23.png,Healthy,P0590,2nd molar,0,Healthy,0.0000,0.9821,0.0177,0.0002
Healthy/lyria__P0591__b0.png,Healthy,P0591,canine,0,Healthy,0.0000,0.9999,0.0000,0.0001
Healthy/lyria__P0591__b1.png,Healthy,P0591,incisor,0,Healthy,0.0000,0.9999,0.0000,0.0001
Healthy/lyria__P0591__b3.png,Healthy,P0591,incisor,0,Healthy,0.0000,0.9976,0.0000,0.0024
Healthy/lyria__P0592__b0.png,Healthy,P0592,incisor,0,Healthy,0.0000,0.9999,0.0000,0.0001
Healthy/lyria__P0592__b1.png,Healthy,P0592,incisor,0,Healthy,0.0000,0.9985,0.0000,0.0014
Healthy/lyria__P0592__b2.png,Healthy,P0592,incisor,0,Healthy,0.0000,0.9999,0.0000,0.0001
Healthy/lyria__P0592__b3.png,Healthy,P0592,incisor,0,Healthy,0.0001,0.9996,0.0000,0.0003
Healthy/lyria__P0592__b4.png,Healthy,P0592,canine,0,Healthy,0.0000,0.9999,0.0000,0.0000
Healthy/lyria__P0592__b7.png,Healthy,P0592,premolar,0,Healthy,0.0001,0.9998,0.0000,0.0000
Healthy/lyria__P0592__b8.png,Healthy,P0592,canine,0,Healthy,0.0038,0.9962,0.0000,0.0000
Healthy/lyria__P0592__b9.png,Healthy,P0592,canine,0,Healthy,0.0011,0.9983,0.0000,0.0006
Healthy/lyria__P0592__b10.png,Healthy,P0592,premolar,0,Healthy,0.0000,1.0000,0.0000,0.0000
Healthy/lyria__P0592__b11.png,Healthy,P0592,premolar,0,Healthy,0.0000,0.9999,0.0000,0.0000
Healthy/lyria__P0592__b12.png,Healthy,P0592,2nd molar,0,Healthy,0.0001,0.9960,0.0038,0.0001
Healthy/lyria__P0592__b13.png,Healthy,P0592,2nd molar,0,Healthy,0.0000,0.9999,0.0000,0.0001
Healthy/lyria__P0592__b14.png,Healthy,P0592,3rd molar,0,Healthy,0.0000,1.0000,0.0000,0.0000
Healthy/lyria__P0593__b0.png,Healthy,P0593,incisor,0,Healthy,0.0001,0.9998,0.0000,0.0002
Healthy/lyria__P0593__b1.png,Healthy,P0593,canine,0,Healthy,0.0565,0.9265,0.0005,0.0165
Healthy/lyria__P0593__b2.png,Healthy,P0593,canine,0,Healthy,0.0000,0.9999,0.0000,0.0001
Healthy/lyria__P0593__b3.png,Healthy,P0593,incisor,0,Healthy,0.0000,0.9990,0.0000,0.0010
Healthy/lyria__P0593__b4.png,Healthy,P0593,incisor,0,Healthy,0.0001,0.9996,0.0000,0.0003
Healthy/lyria__P0593__b5.png,Healthy,P0593,canine,0,Healthy,0.0002,0.9997,0.0000,0.0001
Healthy/lyria__P0593__b6.png,Healthy,P0593,incisor,0,Healthy,0.0000,0.9985,0.0000,0.0014
Healthy/lyria__P0593__b8.png,Healthy,P0593,incisor,0,Healthy,0.0000,0.9987,0.0000,0.0013
Healthy/lyria__P0593__b9.png,Healthy,P0593,canine,0,Healthy,0.0000,1.0000,0.0000,0.0000
Healthy/lyria__P0596__b1.png,Healthy,P0596,2nd molar,0,Healthy,0.0000,0.9999,0.0001,0.0000
Healthy/lyria__P0596__b3.png,Healthy,P0596,premolar,0,Healthy,0.0022,0.9930,0.0046,0.0001
Healthy/lyria__P0596__b4.png,Healthy,P0596,premolar,0,Healthy,0.0000,1.0000,0.0000,0.0000
Healthy/lyria__P0596__b5.png,Healthy,P0596,canine,0,Healthy,0.0000,1.0000,0.0000,0.0000
Healthy/lyria__P0596__b6.png,Healthy,P0596,incisor,0,Healthy,0.0000,1.0000,0.0000,0.0000
Healthy/lyria__P0596__b7.png,Healthy,P0596,incisor,0,Healthy,0.0038,0.9950,0.0004,0.0008
Healthy/lyria__P0596__b8.png,Healthy,P0596,incisor,0,Healthy,0.0086,0.9859,0.0001,0.0055
Healthy/lyria__P0596__b9.png,Healthy,P0596,incisor,0,Healthy,0.0000,0.9999,0.0000,0.0001
Healthy/lyria__P0596__b10.png,Healthy,P0596,canine,0,Healthy,0.0000,1.0000,0.0000,0.0000
Healthy/lyria__P0596__b11.png,Healthy,P0596,premolar,0,Healthy,0.0120,0.9871,0.0000,0.0008
Healthy/lyria__P0596__b12.png,Healthy,P0596,canine,0,Healthy,0.0060,0.9940,0.0000,0.0000
Healthy/lyria__P0596__b13.png,Healthy,P0596,2nd molar,0,Healthy,0.1902,0.8098,0.0000,0.0000
Healthy/lyria__P0596__b14.png,Healthy,P0596,3rd molar,0,Healthy,0.0002,0.6588,0.3409,0.0000
Healthy/lyria__P0596__b15.png,Healthy,P0596,2nd molar,0,Healthy,0.0323,0.9441,0.0232,0.0005
Healthy/lyria__P0597__b0.png,Healthy,P0597,incisor,0,Healthy,0.0003,0.9997,0.0000,0.0000
Healthy/lyria__P0597__b1.png,Healthy,P0597,canine,0,Healthy,0.0004,0.9996,0.0000,0.0001
Healthy/lyria__P0597__b2.png,Healthy,P0597,premolar,0,Healthy,0.0000,0.9999,0.0000,0.0000
Healthy/lyria__P0597__b4.png,Healthy,P0597,incisor,0,Healthy,0.0000,0.9961,0.0000,0.0039
Healthy/lyria__P0597__b5.png,Healthy,P0597,incisor,0,Healthy,0.0000,0.9958,0.0000,0.0041
Healthy/lyria__P0597__b6.png,Healthy,P0597,incisor,0,Healthy,0.0001,0.9960,0.0000,0.0039
Healthy/lyria__P0597__b7.png,Healthy,P0597,canine,0,Healthy,0.0063,0.9935,0.0002,0.0000
Healthy/lyria__P0597__b8.png,Healthy,P0597,premolar,0,Healthy,0.0014,0.9952,0.0032,0.0002
Healthy/lyria__P0597__b10.png,Healthy,P0597,2nd molar,0,Healthy,0.0000,0.9974,0.0026,0.0000
Healthy/lyria__P0597__b11.png,Healthy,P0597,2nd molar,0,Healthy,0.0000,1.0000,0.0000,0.0000
Healthy/lyria__P0597__b12.png,Healthy,P0597,premolar,0,Healthy,0.0043,0.9929,0.0000,0.0029
Healthy/lyria__P0597__b13.png,Healthy,P0597,premolar,0,Healthy,0.0035,0.9964,0.0000,0.0000
Healthy/lyria__P0597__b14.png,Healthy,P0597,canine,0,Healthy,0.0034,0.9964,0.0000,0.0002
Healthy/lyria__P0597__b15.png,Healthy,P0597,incisor,0,Healthy,0.0021,0.9868,0.0000,0.0111
Healthy/lyria__P0597__b16.png,Healthy,P0597,incisor,0,Healthy,0.0001,0.9963,0.0000,0.0036
Healthy/lyria__P0597__b17.png,Healthy,P0597,incisor,0,Healthy,0.0001,0.9989,0.0000,0.0010
Healthy/lyria__P0597__b18.png,Healthy,P0597,incisor,0,Healthy,0.0002,0.9977,0.0000,0.0022
Healthy/lyria__P0597__b19.png,Healthy,P0597,canine,0,Healthy,0.0002,0.9966,0.0000,0.0032
Healthy/lyria__P0597__b20.png,Healthy,P0597,premolar,0,Healthy,0.0218,0.9780,0.0000,0.0002
Healthy/lyria__P0597__b21.png,Healthy,P0597,premolar,0,Healthy,0.0054,0.9945,0.0000,0.0002
Healthy/lyria__P0597__b22.png,Healthy,P0597,2nd molar,0,Healthy,0.0001,0.9999,0.0000,0.0000
Healthy/lyria__P0597__b23.png,Healthy,P0597,3rd molar,0,Healthy,0.0001,0.7208,0.2791,0.0000
Healthy/lyria__P0599__b0.png,Healthy,P0599,incisor,0,Healthy,0.0000,0.9888,0.0111,0.0001
Healthy/lyria__P0601__b0.png,Healthy,P0601,canine,0,Healthy,0.0149,0.9846,0.0000,0.0004
Healthy/lyria__P0601__b1.png,Healthy,P0601,3rd molar,0,Healthy,0.0000,0.9981,0.0018,0.0000
Healthy/lyria__P0601__b2.png,Healthy,P0601,premolar,0,Healthy,0.0077,0.9923,0.0000,0.0000
Healthy/lyria__P0601__b3.png,Healthy,P0601,canine,0,Healthy,0.0001,0.9999,0.0000,0.0000
Healthy/lyria__P0601__b4.png,Healthy,P0601,incisor,0,Healthy,0.0002,0.9993,0.0002,0.0003
Healthy/lyria__P0601__b5.png,Healthy,P0601,incisor,0,Healthy,0.0001,0.9988,0.0010,0.0000
Healthy/lyria__P0601__b6.png,Healthy,P0601,incisor,0,Healthy,0.0005,0.9671,0.0325,0.0000
Healthy/lyria__P0601__b7.png,Healthy,P0601,incisor,0,Healthy,0.0004,0.9417,0.0577,0.0001
Healthy/lyria__P0606__b0.png,Healthy,P0606,incisor,0,Healthy,0.0002,0.9921,0.0001,0.0076
Healthy/lyria__P0606__b1.png,Healthy,P0606,incisor,0,Healthy,0.0000,0.9998,0.0000,0.0002
Healthy/lyria__P0606__b2.png,Healthy,P0606,incisor,0,Healthy,0.0000,0.9999,0.0001,0.0000
Healthy/lyria__P0606__b3.png,Healthy,P0606,canine,0,Healthy,0.0000,1.0000,0.0000,0.0000
Healthy/lyria__P0606__b4.png,Healthy,P0606,premolar,0,Healthy,0.0001,0.9998,0.0000,0.0001
Healthy/lyria__P0606__b6.png,Healthy,P0606,1st molar,0,Healthy,0.0013,0.9987,0.0000,0.0000
Healthy/lyria__P0606__b7.png,Healthy,P0606,premolar,0,Healthy,0.0085,0.9912,0.0002,0.0002
Healthy/lyria__P0606__b8.png,Healthy,P0606,premolar,0,Healthy,0.0000,1.0000,0.0000,0.0000
Healthy/lyria__P0606__b9.png,Healthy,P0606,incisor,0,Healthy,0.0000,0.9998,0.0002,0.0000
Healthy/lyria__P0606__b10.png,Healthy,P0606,incisor,0,Healthy,0.0000,0.9998,0.0000,0.0001
Healthy/lyria__P0606__b12.png,Healthy,P0606,canine,0,Healthy,0.0000,0.9999,0.0000,0.0000
Healthy/lyria__P0606__b13.png,Healthy,P0606,incisor,0,Healthy,0.0000,0.9998,0.0000,0.0002
Healthy/lyria__P0606__b14.png,Healthy,P0606,canine,0,Healthy,0.0000,0.9998,0.0002,0.0000
Healthy/lyria__P0606__b15.png,Healthy,P0606,premolar,0,Healthy,0.0010,0.9988,0.0001,0.0000
Healthy/lyria__P0607__b0.png,Healthy,P0607,incisor,0,Healthy,0.0000,0.9999,0.0000,0.0000
Healthy/lyria__P0607__b1.png,Healthy,P0607,incisor,0,Healthy,0.0000,0.9999,0.0000,0.0001
Healthy/lyria__P0607__b3.png,Healthy,P0607,canine,0,Healthy,0.0525,0.9463,0.0000,0.0011
Healthy/lyria__P0607__b4.png,Healthy,P0607,premolar,0,Healthy,0.0013,0.9966,0.0021,0.0000
Healthy/lyria__P0607__b5.png,Healthy,P0607,premolar,0,Healthy,0.0002,0.9997,0.0001,0.0000
Healthy/lyria__P0607__b6.png,Healthy,P0607,3rd molar,0,Healthy,0.0001,0.8144,0.1854,0.0001
Healthy/lyria__P0607__b7.png,Healthy,P0607,canine,0,Healthy,0.0000,1.0000,0.0000,0.0000
Healthy/lyria__P0607__b8.png,Healthy,P0607,premolar,0,Healthy,0.0000,0.9999,0.0001,0.0000
Healthy/lyria__P0607__b9.png,Healthy,P0607,premolar,0,Healthy,0.0000,1.0000,0.0000,0.0000
Healthy/lyria__P0607__b10.png,Healthy,P0607,incisor,0,Healthy,0.0000,1.0000,0.0000,0.0000
Healthy/lyria__P0607__b11.png,Healthy,P0607,incisor,0,Healthy,0.0098,0.9899,0.0002,0.0002
Healthy/lyria__P0607__b12.png,Healthy,P0607,canine,0,Healthy,0.0004,0.9980,0.0014,0.0002
Healthy/lyria__P0607__b13.png,Healthy,P0607,premolar,0,Healthy,0.0000,1.0000,0.0000,0.0000
Healthy/lyria__P0607__b14.png,Healthy,P0607,premolar,0,Healthy,0.0000,1.0000,0.0000,0.0000
Healthy/lyria__P0607__b15.png,Healthy,P0607,3rd molar,0,Healthy,0.0001,0.9595,0.0403,0.0002
Healthy/lyria__P0607__b16.png,Healthy,P0607,incisor,0,Healthy,0.0001,0.9975,0.0024,0.0001
Healthy/lyria__P0607__b17.png,Healthy,P0607,incisor,0,Healthy,0.0000,0.9999,0.0000,0.0001
Healthy/lyria__P0607__b18.png,Healthy,P0607,canine,0,Healthy,0.0001,0.9999,0.0001,0.0000
Healthy/lyria__P0607__b19.png,Healthy,P0607,premolar,0,Healthy,0.0000,1.0000,0.0000,0.0000
Healthy/lyria__P0607__b20.png,Healthy,P0607,premolar,0,Healthy,0.0001,0.9999,0.0000,0.0000
Healthy/lyria__P0607__b22.png,Healthy,P0607,3rd molar,0,Impacted,0.0001,0.0096,0.9902,0.0000
Healthy/lyria__P0608__b1.png,Healthy,P0608,canine,0,Healthy,0.0002,0.9972,0.0024,0.0001
Healthy/lyria__P0608__b2.png,Healthy,P0608,incisor,0,Healthy,0.0003,0.9974,0.0023,0.0001
Healthy/lyria__P0608__b3.png,Healthy,P0608,incisor,0,Healthy,0.0000,1.0000,0.0000,0.0000
Healthy/lyria__P0608__b4.png,Healthy,P0608,incisor,0,Healthy,0.0000,0.9999,0.0000,0.0000
Healthy/lyria__P0608__b5.png,Healthy,P0608,incisor,0,Healthy,0.0000,0.9999,0.0001,0.0000
Healthy/lyria__P0608__b6.png,Healthy,P0608,canine,0,Healthy,0.0000,0.9999,0.0001,0.0000
Healthy/lyria__P0608__b7.png,Healthy,P0608,premolar,0,Healthy,0.0001,0.9993,0.0005,0.0000
Healthy/lyria__P0609__b0.png,Healthy,P0609,incisor,0,Healthy,0.0024,0.9975,0.0000,0.0001
Healthy/lyria__P0609__b1.png,Healthy,P0609,incisor,0,Healthy,0.0000,0.9999,0.0000,0.0001
Healthy/lyria__P0609__b2.png,Healthy,P0609,incisor,0,Healthy,0.0000,1.0000,0.0000,0.0000
Healthy/lyria__P0609__b3.png,Healthy,P0609,incisor,0,Healthy,0.0001,0.9999,0.0000,0.0000
Healthy/lyria__P0609__b4.png,Healthy,P0609,incisor,0,Healthy,0.0000,1.0000,0.0000,0.0000
Healthy/lyria__P0609__b5.png,Healthy,P0609,canine,0,Healthy,0.0000,0.9999,0.0000,0.0000
Healthy/lyria__P0609__b6.png,Healthy,P0609,canine,0,Healthy,0.0000,1.0000,0.0000,0.0000
Healthy/lyria__P0610__b0.png,Healthy,P0610,incisor,0,Healthy,0.0000,0.9998,0.0000,0.0001
Healthy/lyria__P0610__b1.png,Healthy,P0610,incisor,0,Healthy,0.0162,0.9837,0.0000,0.0001
Healthy/lyria__P0610__b2.png,Healthy,P0610,canine,0,Healthy,0.0000,1.0000,0.0000,0.0000
Healthy/lyria__P0610__b3.png,Healthy,P0610,2nd molar,0,Healthy,0.0000,1.0000,0.0000,0.0000
Healthy/lyria__P0610__b4.png,Healthy,P0610,premolar,0,Healthy,0.2986,0.7012,0.0000,0.0002
Healthy/lyria__P0610__b5.png,Healthy,P0610,canine,0,Healthy,0.0000,0.9996,0.0004,0.0000
Healthy/lyria__P0610__b6.png,Healthy,P0610,incisor,0,Healthy,0.0000,1.0000,0.0000,0.0000
Healthy/lyria__P0610__b8.png,Healthy,P0610,incisor,0,Healthy,0.0000,1.0000,0.0000,0.0000
Healthy/lyria__P0610__b9.png,Healthy,P0610,canine,0,Healthy,0.0000,1.0000,0.0000,0.0000
Healthy/lyria__P0610__b10.png,Healthy,P0610,canine,0,Healthy,0.0001,0.9999,0.0000,0.0000
Healthy/lyria__P0610__b11.png,Healthy,P0610,premolar,0,Healthy,0.0059,0.9940,0.0000,0.0001
Healthy/lyria__P0610__b12.png,Healthy,P0610,2nd molar,0,Healthy,0.0000,1.0000,0.0000,0.0000
Healthy/lyria__P0610__b14.png,Healthy,P0610,premolar,0,Endodontics,0.6644,0.3353,0.0002,0.0001
Healthy/lyria__P0610__b15.png,Healthy,P0610,3rd molar,0,Healthy,0.0000,0.6987,0.3013,0.0000
Healthy/lyria__P0611__b0.png,Healthy,P0611,incisor,0,Healthy,0.0038,0.9930,0.0021,0.0012
Healthy/lyria__P0611__b1.png,Healthy,P0611,incisor,0,Healthy,0.0001,0.9764,0.0229,0.0005
Healthy/lyria__P0611__b2.png,Healthy,P0611,canine,0,Healthy,0.0003,0.9997,0.0000,0.0000
Healthy/lyria__P0611__b3.png,Healthy,P0611,1st molar,0,Healthy,0.0000,0.9999,0.0000,0.0000
Healthy/lyria__P0611__b4.png,Healthy,P0611,2nd molar,0,Healthy,0.0000,1.0000,0.0000,0.0000
Healthy/lyria__P0611__b5.png,Healthy,P0611,3rd molar,0,Healthy,0.0002,0.9992,0.0005,0.0001
Healthy/lyria__P0611__b6.png,Healthy,P0611,premolar,0,Healthy,0.0013,0.9983,0.0003,0.0000
Healthy/lyria__P0611__b7.png,Healthy,P0611,canine,0,Healthy,0.0000,1.0000,0.0000,0.0000
Healthy/lyria__P0611__b8.png,Healthy,P0611,incisor,0,Healthy,0.0002,0.9985,0.0012,0.0001
Healthy/lyria__P0611__b10.png,Healthy,P0611,incisor,0,Healthy,0.0000,1.0000,0.0000,0.0000
Healthy/lyria__P0611__b11.png,Healthy,P0611,incisor,0,Healthy,0.0000,0.9999,0.0000,0.0001
Healthy/lyria__P0611__b12.png,Healthy,P0611,canine,0,Healthy,0.0005,0.9995,0.0000,0.0000
Healthy/lyria__P0611__b13.png,Healthy,P0611,premolar,0,Healthy,0.0004,0.9993,0.0003,0.0000
Healthy/lyria__P0611__b14.png,Healthy,P0611,premolar,0,Healthy,0.0068,0.9928,0.0003,0.0001
Healthy/lyria__P0611__b16.png,Healthy,P0611,premolar,0,Healthy,0.0026,0.9973,0.0001,0.0000
Healthy/lyria__P0611__b17.png,Healthy,P0611,canine,0,Healthy,0.0020,0.9971,0.0009,0.0000
Healthy/lyria__P0611__b18.png,Healthy,P0611,2nd molar,0,Healthy,0.0000,0.9999,0.0001,0.0000
Healthy/lyria__P0611__b19.png,Healthy,P0611,3rd molar,0,Healthy,0.0000,1.0000,0.0000,0.0000
Healthy/lyria__P0612__b0.png,Healthy,P0612,canine,0,Healthy,0.0003,0.9997,0.0000,0.0000
Healthy/lyria__P0612__b1.png,Healthy,P0612,premolar,0,Healthy,0.0000,1.0000,0.0000,0.0000
Healthy/lyria__P0612__b2.png,Healthy,P0612,premolar,0,Healthy,0.0000,1.0000,0.0000,0.0000
Healthy/lyria__P0612__b3.png,Healthy,P0612,incisor,0,Healthy,0.0000,1.0000,0.0000,0.0000
Healthy/lyria__P0612__b4.png,Healthy,P0612,incisor,0,Healthy,0.0000,0.9999,0.0000,0.0001
Healthy/lyria__P0612__b6.png,Healthy,P0612,canine,0,Healthy,0.0000,1.0000,0.0000,0.0000
Healthy/lyria__P0612__b8.png,Healthy,P0612,canine,0,Healthy,0.0073,0.9926,0.0000,0.0001
Healthy/lyria__P0613__b0.png,Healthy,P0613,incisor,0,Healthy,0.0015,0.9978,0.0003,0.0004
Healthy/lyria__P0613__b1.png,Healthy,P0613,incisor,0,Healthy,0.0043,0.9919,0.0007,0.0031
Healthy/lyria__P0613__b2.png,Healthy,P0613,incisor,0,Healthy,0.0001,0.9999,0.0000,0.0000
Healthy/lyria__P0613__b3.png,Healthy,P0613,canine,0,Healthy,0.0002,0.9998,0.0000,0.0000
Healthy/lyria__P0613__b4.png,Healthy,P0613,premolar,0,Healthy,0.0002,0.9998,0.0000,0.0000
Healthy/lyria__P0613__b6.png,Healthy,P0613,3rd molar,0,Healthy,0.0000,1.0000,0.0000,0.0000
Healthy/lyria__P0613__b7.png,Healthy,P0613,premolar,0,Healthy,0.0002,0.9998,0.0000,0.0000
Healthy/lyria__P0613__b8.png,Healthy,P0613,premolar,0,Healthy,0.0000,1.0000,0.0000,0.0000
Healthy/lyria__P0613__b9.png,Healthy,P0613,canine,0,Healthy,0.0000,1.0000,0.0000,0.0000
Healthy/lyria__P0613__b10.png,Healthy,P0613,incisor,0,Healthy,0.0001,0.9999,0.0000,0.0000
Healthy/lyria__P0613__b11.png,Healthy,P0613,incisor,0,Healthy,0.0000,0.9999,0.0000,0.0001
Healthy/lyria__P0613__b12.png,Healthy,P0613,incisor,0,Healthy,0.0000,1.0000,0.0000,0.0000
Healthy/lyria__P0613__b13.png,Healthy,P0613,incisor,0,Healthy,0.0003,0.9996,0.0000,0.0001
Healthy/lyria__P0613__b14.png,Healthy,P0613,canine,0,Healthy,0.0000,1.0000,0.0000,0.0000
Healthy/lyria__P0613__b16.png,Healthy,P0613,premolar,0,Healthy,0.0794,0.9205,0.0001,0.0001
Healthy/lyria__P0613__b17.png,Healthy,P0613,incisor,0,Healthy,0.0000,1.0000,0.0000,0.0000
Healthy/lyria__P0613__b18.png,Healthy,P0613,canine,0,Healthy,0.0064,0.9936,0.0000,0.0000
Healthy/lyria__P0613__b19.png,Healthy,P0613,premolar,0,Healthy,0.0002,0.9997,0.0001,0.0000
Healthy/lyria__P0613__b20.png,Healthy,P0613,premolar,0,Healthy,0.0253,0.9746,0.0001,0.0000
Healthy/lyria__P0613__b21.png,Healthy,P0613,3rd molar,0,Impacted,0.0000,0.2437,0.7563,0.0000
Healthy/lyria__P0614__b0.png,Healthy,P0614,premolar,0,Healthy,0.0002,0.9996,0.0000,0.0002
Healthy/lyria__P0614__b1.png,Healthy,P0614,premolar,0,Healthy,0.0016,0.9983,0.0000,0.0001
Healthy/lyria__P0614__b2.png,Healthy,P0614,canine,0,Healthy,0.0000,1.0000,0.0000,0.0000
Healthy/lyria__P0614__b3.png,Healthy,P0614,incisor,0,Healthy,0.0000,1.0000,0.0000,0.0000
Healthy/lyria__P0614__b4.png,Healthy,P0614,incisor,0,Healthy,0.0360,0.9640,0.0000,0.0001
Healthy/lyria__P0614__b5.png,Healthy,P0614,incisor,0,Healthy,0.0000,0.9996,0.0000,0.0004
Healthy/lyria__P0614__b6.png,Healthy,P0614,canine,0,Healthy,0.0009,0.9989,0.0000,0.0003
Healthy/lyria__P0614__b8.png,Healthy,P0614,premolar,0,Healthy,0.0000,0.9999,0.0000,0.0000
Healthy/lyria__P0614__b9.png,Healthy,P0614,premolar,0,Healthy,0.0052,0.9883,0.0054,0.0011
Healthy/lyria__P0614__b10.png,Healthy,P0614,canine,0,Healthy,0.0000,0.9997,0.0003,0.0001
Healthy/lyria__P0614__b11.png,Healthy,P0614,incisor,0,Healthy,0.0002,0.9996,0.0000,0.0003
Healthy/lyria__P0614__b12.png,Healthy,P0614,incisor,0,Healthy,0.0000,0.9999,0.0000,0.0001
Healthy/lyria__P0614__b13.png,Healthy,P0614,incisor,0,Healthy,0.0000,0.9997,0.0000,0.0003
Healthy/lyria__P0614__b14.png,Healthy,P0614,incisor,0,Healthy,0.0000,0.9969,0.0000,0.0031
Healthy/lyria__P0614__b16.png,Healthy,P0614,premolar,0,Healthy,0.0000,0.9997,0.0000,0.0003
Healthy/lyria__P0614__b17.png,Healthy,P0614,premolar,0,Healthy,0.0002,0.9981,0.0004,0.0012
Healthy/lyria__P0615__b0.png,Healthy,P0615,canine,0,Healthy,0.0000,1.0000,0.0000,0.0000
Healthy/lyria__P0615__b1.png,Healthy,P0615,canine,0,Healthy,0.0000,0.9999,0.0000,0.0000
Healthy/lyria__P0616__b0.png,Healthy,P0616,canine,0,Healthy,0.0007,0.7235,0.0002,0.2756
Healthy/lyria__P0617__b0.png,Healthy,P0617,canine,0,Healthy,0.0000,0.9997,0.0000,0.0002
Healthy/lyria__P0617__b1.png,Healthy,P0617,canine,0,Healthy,0.0000,0.9999,0.0000,0.0000
Healthy/lyria__P0617__b2.png,Healthy,P0617,incisor,0,Healthy,0.0000,0.9996,0.0000,0.0004
Healthy/lyria__P0617__b4.png,Healthy,P0617,incisor,0,Healthy,0.0000,0.9997,0.0000,0.0003
Healthy/lyria__P0617__b5.png,Healthy,P0617,incisor,0,Healthy,0.0001,0.9996,0.0002,0.0002
Healthy/lyria__P0617__b6.png,Healthy,P0617,canine,0,Healthy,0.0000,1.0000,0.0000,0.0000
Healthy/lyria__P0617__b7.png,Healthy,P0617,premolar,0,Healthy,0.0002,0.9990,0.0000,0.0008
Healthy/lyria__P0617__b8.png,Healthy,P0617,premolar,0,Healthy,0.0000,1.0000,0.0000,0.0000
Healthy/lyria__P0617__b9.png,Healthy,P0617,premolar,0,Healthy,0.0000,0.9998,0.0000,0.0001
Healthy/lyria__P0617__b10.png,Healthy,P0617,3rd molar,0,Healthy,0.0001,0.8617,0.1370,0.0013
Healthy/lyria__P0618__b2.png,Healthy,P0618,incisor,0,Healthy,0.0000,1.0000,0.0000,0.0000
Healthy/lyria__P0618__b3.png,Healthy,P0618,incisor,0,Healthy,0.0000,0.9995,0.0000,0.0005
Healthy/lyria__P0618__b4.png,Healthy,P0618,incisor,0,Healthy,0.0000,0.9987,0.0000,0.0013
Healthy/lyria__P0619__b0.png,Healthy,P0619,incisor,0,Healthy,0.0000,1.0000,0.0000,0.0000
Healthy/lyria__P0619__b1.png,Healthy,P0619,incisor,0,Healthy,0.0006,0.9992,0.0000,0.0002
Healthy/lyria__P0619__b2.png,Healthy,P0619,incisor,0,Healthy,0.0001,0.9936,0.0000,0.0063
Healthy/lyria__P0619__b4.png,Healthy,P0619,canine,0,Healthy,0.0003,0.9994,0.0000,0.0003
Healthy/lyria__P0619__b5.png,Healthy,P0619,premolar,0,Healthy,0.2527,0.7459,0.0000,0.0015
Healthy/lyria__P0619__b6.png,Healthy,P0619,premolar,0,Healthy,0.0022,0.9977,0.0000,0.0002
Healthy/lyria__P0619__b7.png,Healthy,P0619,1st molar,0,Healthy,0.0000,0.9999,0.0000,0.0001
Healthy/lyria__P0619__b8.png,Healthy,P0619,2nd molar,0,Healthy,0.0000,1.0000,0.0000,0.0000
Healthy/lyria__P0619__b9.png,Healthy,P0619,canine,0,Healthy,0.0000,0.9996,0.0000,0.0004
Healthy/lyria__P0619__b10.png,Healthy,P0619,premolar,0,Healthy,0.0051,0.9938,0.0000,0.0010
Healthy/lyria__P0619__b11.png,Healthy,P0619,premolar,0,Healthy,0.0005,0.9995,0.0000,0.0000
Healthy/lyria__P0619__b12.png,Healthy,P0619,1st molar,0,Healthy,0.0040,0.9932,0.0001,0.0026
Healthy/lyria__P0619__b13.png,Healthy,P0619,2nd molar,0,Healthy,0.0000,1.0000,0.0000,0.0000
Healthy/lyria__P0619__b14.png,Healthy,P0619,incisor,0,Healthy,0.0000,0.9997,0.0000,0.0003
Healthy/lyria__P0619__b15.png,Healthy,P0619,incisor,0,Healthy,0.0000,1.0000,0.0000,0.0000
Healthy/lyria__P0619__b16.png,Healthy,P0619,incisor,0,Healthy,0.0000,0.9995,0.0000,0.0005
Healthy/lyria__P0619__b17.png,Healthy,P0619,canine,0,Healthy,0.0000,0.9981,0.0000,0.0019
Healthy/lyria__P0619__b18.png,Healthy,P0619,premolar,0,Healthy,0.0001,0.9999,0.0000,0.0000
Healthy/lyria__P0619__b20.png,Healthy,P0619,1st molar,0,Healthy,0.0000,1.0000,0.0000,0.0000
Healthy/lyria__P0619__b21.png,Healthy,P0619,2nd molar,0,Healthy,0.0000,1.0000,0.0000,0.0000
Healthy/lyria__P0619__b22.png,Healthy,P0619,incisor,0,Healthy,0.0000,1.0000,0.0000,0.0000
Healthy/lyria__P0619__b23.png,Healthy,P0619,canine,0,Healthy,0.0000,1.0000,0.0000,0.0000
Healthy/lyria__P0619__b24.png,Healthy,P0619,premolar,0,Healthy,0.0000,0.9999,0.0000,0.0001
Healthy/lyria__P0619__b25.png,Healthy,P0619,premolar,0,Healthy,0.0006,0.9993,0.0000,0.0001
Healthy/lyria__P0619__b26.png,Healthy,P0619,2nd molar,0,Healthy,0.0000,0.9997,0.0003,0.0000
Healthy/lyria__P0620__b0.png,Healthy,P0620,canine,0,Healthy,0.0061,0.9937,0.0000,0.0002
Healthy/lyria__P0620__b1.png,Healthy,P0620,incisor,0,Healthy,0.0000,0.9998,0.0000,0.0001
Healthy/lyria__P0620__b2.png,Healthy,P0620,incisor,0,Healthy,0.0032,0.9966,0.0000,0.0002
Healthy/lyria__P0620__b4.png,Healthy,P0620,canine,0,Healthy,0.0001,0.9999,0.0000,0.0000
Healthy/lyria__P0620__b5.png,Healthy,P0620,incisor,0,Healthy,0.0001,0.9991,0.0000,0.0008
Healthy/lyria__P0620__b6.png,Healthy,P0620,incisor,0,Healthy,0.0003,0.9876,0.0000,0.0121
Healthy/lyria__P0620__b7.png,Healthy,P0620,incisor,0,Healthy,0.0003,0.9978,0.0000,0.0020
Healthy/lyria__P0620__b8.png,Healthy,P0620,incisor,0,Healthy,0.0000,0.9999,0.0000,0.0001
Healthy/lyria__P0620__b9.png,Healthy,P0620,canine,0,Healthy,0.0000,1.0000,0.0000,0.0000
Healthy/lyria__P0621__b0.png,Healthy,P0621,incisor,0,Healthy,0.0000,1.0000,0.0000,0.0000
Healthy/lyria__P0621__b1.png,Healthy,P0621,incisor,0,Healthy,0.0000,1.0000,0.0000,0.0000
Healthy/lyria__P0621__b2.png,Healthy,P0621,incisor,0,Healthy,0.0000,0.9999,0.0000,0.0000
Healthy/lyria__P0621__b3.png,Healthy,P0621,incisor,0,Healthy,0.0000,1.0000,0.0000,0.0000
Healthy/lyria__P0621__b4.png,Healthy,P0621,canine,0,Healthy,0.0000,1.0000,0.0000,0.0000
Healthy/lyria__P0621__b6.png,Healthy,P0621,premolar,0,Healthy,0.0000,0.9998,0.0000,0.0001
Healthy/lyria__P0621__b7.png,Healthy,P0621,1st molar,0,Healthy,0.0000,0.9998,0.0001,0.0001
Healthy/lyria__P0621__b8.png,Healthy,P0621,canine,0,Healthy,0.0000,1.0000,0.0000,0.0000
Healthy/lyria__P0621__b9.png,Healthy,P0621,premolar,0,Healthy,0.0000,1.0000,0.0000,0.0000
Healthy/lyria__P0621__b10.png,Healthy,P0621,premolar,0,Healthy,0.0003,0.9995,0.0000,0.0002
Healthy/lyria__P0621__b11.png,Healthy,P0621,2nd molar,0,Healthy,0.0000,0.9999,0.0000,0.0000
Healthy/lyria__P0621__b12.png,Healthy,P0621,incisor,0,Healthy,0.0000,0.9999,0.0000,0.0001
Healthy/lyria__P0621__b13.png,Healthy,P0621,incisor,0,Healthy,0.0000,0.9995,0.0001,0.0004
Healthy/lyria__P0621__b14.png,Healthy,P0621,incisor,0,Healthy,0.0000,0.9995,0.0001,0.0004
Healthy/lyria__P0621__b15.png,Healthy,P0621,incisor,0,Healthy,0.0000,0.9993,0.0000,0.0007
Healthy/lyria__P0621__b16.png,Healthy,P0621,canine,0,Healthy,0.0000,0.9999,0.0000,0.0001
Healthy/lyria__P0621__b18.png,Healthy,P0621,premolar,0,Healthy,0.0001,0.9999,0.0000,0.0000
Healthy/lyria__P0621__b19.png,Healthy,P0621,2nd molar,0,Healthy,0.0000,1.0000,0.0000,0.0000
Healthy/lyria__P0621__b20.png,Healthy,P0621,3rd molar,0,Healthy,0.0000,0.9900,0.0099,0.0000
Healthy/lyria__P0621__b21.png,Healthy,P0621,canine,0,Healthy,0.0000,1.0000,0.0000,0.0000
Healthy/lyria__P0621__b22.png,Healthy,P0621,premolar,0,Healthy,0.0000,0.9999,0.0000,0.0001
Healthy/lyria__P0621__b23.png,Healthy,P0621,premolar,0,Healthy,0.0001,0.9998,0.0000,0.0002
Healthy/lyria__P0621__b24.png,Healthy,P0621,3rd molar,0,Healthy,0.0003,0.6880,0.3115,0.0002
Healthy/lyria__P0622__b1.png,Healthy,P0622,incisor,0,Healthy,0.0027,0.9711,0.0000,0.0262
Healthy/lyria__P0622__b3.png,Healthy,P0622,incisor,0,Healthy,0.0000,0.9995,0.0000,0.0005
Healthy/lyria__P0622__b4.png,Healthy,P0622,canine,0,Healthy,0.0010,0.9990,0.0000,0.0000
Healthy/lyria__P0623__b0.png,Healthy,P0623,incisor,0,Healthy,0.0000,0.9998,0.0000,0.0001
Healthy/lyria__P0623__b2.png,Healthy,P0623,incisor,0,Healthy,0.0000,1.0000,0.0000,0.0000
Healthy/lyria__P0623__b3.png,Healthy,P0623,incisor,0,Healthy,0.0000,0.9998,0.0001,0.0001
Healthy/lyria__P0623__b4.png,Healthy,P0623,canine,0,Healthy,0.0001,0.9999,0.0000,0.0000
Healthy/lyria__P0623__b5.png,Healthy,P0623,premolar,0,Healthy,0.0000,1.0000,0.0000,0.0000
Healthy/lyria__P0623__b6.png,Healthy,P0623,premolar,0,Healthy,0.0221,0.9775,0.0000,0.0003
Healthy/lyria__P0623__b7.png,Healthy,P0623,canine,0,Healthy,0.0004,0.9991,0.0000,0.0004
Healthy/lyria__P0623__b8.png,Healthy,P0623,incisor,0,Healthy,0.0069,0.9922,0.0000,0.0008
Healthy/lyria__P0623__b9.png,Healthy,P0623,incisor,0,Healthy,0.0000,0.9993,0.0000,0.0007
Healthy/lyria__P0623__b10.png,Healthy,P0623,incisor,0,Healthy,0.0001,0.9996,0.0000,0.0003
Healthy/lyria__P0623__b11.png,Healthy,P0623,incisor,0,Healthy,0.0107,0.9882,0.0000,0.0011
Healthy/lyria__P0623__b12.png,Healthy,P0623,premolar,0,Healthy,0.0004,0.9996,0.0000,0.0000
Healthy/lyria__P0623__b13.png,Healthy,P0623,premolar,0,Healthy,0.0000,0.9996,0.0000,0.0003
Healthy/lyria__P0623__b14.png,Healthy,P0623,canine,0,Healthy,0.0000,0.9994,0.0005,0.0001
Healthy/lyria__P0624__b0.png,Healthy,P0624,incisor,0,Healthy,0.0002,0.9998,0.0000,0.0001
Healthy/lyria__P0624__b1.png,Healthy,P0624,incisor,0,Healthy,0.0000,0.9995,0.0000,0.0005
Healthy/lyria__P0624__b2.png,Healthy,P0624,incisor,0,Healthy,0.0000,0.9999,0.0000,0.0001
Healthy/lyria__P0624__b3.png,Healthy,P0624,incisor,0,Healthy,0.0000,0.9999,0.0000,0.0001
Healthy/lyria__P0624__b4.png,Healthy,P0624,canine,0,Healthy,0.0001,0.9998,0.0000,0.0001
Healthy/lyria__P0624__b5.png,Healthy,P0624,premolar,0,Healthy,0.0002,0.9990,0.0000,0.0008
Healthy/lyria__P0624__b6.png,Healthy,P0624,premolar,0,Healthy,0.0008,0.9900,0.0000,0.0092
Healthy/lyria__P0624__b7.png,Healthy,P0624,2nd molar,0,Healthy,0.0000,0.9999,0.0001,0.0000
Healthy/lyria__P0624__b8.png,Healthy,P0624,canine,0,Healthy,0.0000,0.9997,0.0000,0.0003
Healthy/lyria__P0624__b10.png,Healthy,P0624,premolar,0,Healthy,0.0044,0.9952,0.0000,0.0005
Healthy/lyria__P0624__b11.png,Healthy,P0624,canine,0,Healthy,0.0000,1.0000,0.0000,0.0000
Healthy/lyria__P0624__b12.png,Healthy,P0624,incisor,0,Healthy,0.0000,1.0000,0.0000,0.0000
Healthy/lyria__P0624__b13.png,Healthy,P0624,incisor,0,Healthy,0.0000,1.0000,0.0000,0.0000
Healthy/lyria__P0624__b14.png,Healthy,P0624,incisor,0,Healthy,0.0006,0.9993,0.0000,0.0000
Healthy/lyria__P0624__b15.png,Healthy,P0624,incisor,0,Healthy,0.0005,0.9994,0.0000,0.0000
Healthy/lyria__P0624__b16.png,Healthy,P0624,canine,0,Healthy,0.0000,0.9999,0.0000,0.0000
Healthy/lyria__P0624__b17.png,Healthy,P0624,premolar,0,Healthy,0.0000,1.0000,0.0000,0.0000
Healthy/lyria__P0624__b18.png,Healthy,P0624,premolar,0,Healthy,0.0001,0.9997,0.0000,0.0001
Healthy/lyria__P0624__b19.png,Healthy,P0624,premolar,0,Healthy,0.0022,0.9975,0.0000,0.0003
Healthy/lyria__P0624__b20.png,Healthy,P0624,premolar,0,Healthy,0.0008,0.9992,0.0000,0.0000
Healthy/lyria__P0625__b1.png,Healthy,P0625,incisor,0,Healthy,0.0001,0.9998,0.0000,0.0000
Healthy/lyria__P0625__b2.png,Healthy,P0625,incisor,0,Healthy,0.0001,0.9999,0.0000,0.0000
Healthy/lyria__P0625__b3.png,Healthy,P0625,canine,0,Healthy,0.0004,0.9994,0.0000,0.0001
Healthy/lyria__P0625__b4.png,Healthy,P0625,incisor,0,Healthy,0.0000,1.0000,0.0000,0.0000
Healthy/lyria__P0625__b6.png,Healthy,P0625,incisor,0,Healthy,0.0000,0.9982,0.0000,0.0018
Healthy/lyria__P0625__b7.png,Healthy,P0625,incisor,0,Healthy,0.0000,0.9946,0.0000,0.0054
Healthy/lyria__P0625__b8.png,Healthy,P0625,incisor,0,Healthy,0.0000,0.9978,0.0000,0.0022
Healthy/lyria__P0625__b9.png,Healthy,P0625,incisor,0,Healthy,0.0001,0.9998,0.0000,0.0001
Healthy/lyria__P0625__b10.png,Healthy,P0625,canine,0,Healthy,0.0000,0.9997,0.0000,0.0003
Healthy/lyria__P0625__b11.png,Healthy,P0625,premolar,0,Healthy,0.0024,0.9946,0.0000,0.0029
Healthy/lyria__P0625__b12.png,Healthy,P0625,canine,0,Healthy,0.0000,1.0000,0.0000,0.0000
Healthy/lyria__P0626__b1.png,Healthy,P0626,premolar,0,Healthy,0.0091,0.9856,0.0000,0.0053
Healthy/lyria__P0626__b2.png,Healthy,P0626,premolar,0,Healthy,0.0020,0.9959,0.0000,0.0021
Healthy/lyria__P0626__b3.png,Healthy,P0626,1st molar,0,Healthy,0.0001,0.9998,0.0000,0.0001
Healthy/lyria__P0626__b4.png,Healthy,P0626,canine,0,Healthy,0.0000,0.9996,0.0000,0.0004
Healthy/lyria__P0626__b5.png,Healthy,P0626,premolar,0,Healthy,0.0017,0.9980,0.0000,0.0003
Healthy/lyria__P0626__b6.png,Healthy,P0626,3rd molar,0,Healthy,0.0000,1.0000,0.0000,0.0000
Healthy/lyria__P0626__b7.png,Healthy,P0626,incisor,0,Healthy,0.0000,0.9996,0.0000,0.0004
Healthy/lyria__P0626__b8.png,Healthy,P0626,incisor,0,Healthy,0.0000,0.9996,0.0000,0.0004
Healthy/lyria__P0626__b9.png,Healthy,P0626,incisor,0,Healthy,0.0000,0.9999,0.0000,0.0001
Healthy/lyria__P0626__b10.png,Healthy,P0626,canine,0,Healthy,0.0002,0.9975,0.0000,0.0023
Healthy/lyria__P0626__b11.png,Healthy,P0626,incisor,0,Healthy,0.0000,0.9998,0.0000,0.0002
Healthy/lyria__P0626__b12.png,Healthy,P0626,canine,0,Healthy,0.0000,0.9999,0.0000,0.0000
Healthy/lyria__P0626__b13.png,Healthy,P0626,3rd molar,0,Healthy,0.2043,0.7290,0.0667,0.0000
Healthy/lyria__P0628__b0.png,Healthy,P0628,incisor,0,Healthy,0.0000,0.9996,0.0000,0.0004
Healthy/lyria__P0628__b1.png,Healthy,P0628,incisor,0,Healthy,0.0000,0.9995,0.0000,0.0004
Healthy/lyria__P0628__b2.png,Healthy,P0628,incisor,0,Healthy,0.0053,0.9944,0.0000,0.0003
Healthy/lyria__P0628__b3.png,Healthy,P0628,incisor,0,Healthy,0.0004,0.9892,0.0000,0.0104
Healthy/lyria__P0628__b4.png,Healthy,P0628,canine,0,Healthy,0.0003,0.9996,0.0000,0.0001
Healthy/lyria__P0628__b6.png,Healthy,P0628,3rd molar,0,Healthy,0.0578,0.9397,0.0000,0.0024
Healthy/lyria__P0628__b7.png,Healthy,P0628,canine,0,Healthy,0.0041,0.9924,0.0000,0.0036
Healthy/lyria__P0628__b8.png,Healthy,P0628,3rd molar,0,Healthy,0.0000,0.9999,0.0000,0.0000
Healthy/lyria__P0628__b9.png,Healthy,P0628,incisor,0,Healthy,0.0000,0.9936,0.0000,0.0064
Healthy/lyria__P0628__b10.png,Healthy,P0628,incisor,0,Healthy,0.0000,0.9912,0.0000,0.0087
Healthy/lyria__P0628__b11.png,Healthy,P0628,canine,0,Healthy,0.0001,0.9999,0.0000,0.0000
Healthy/lyria__P0628__b12.png,Healthy,P0628,incisor,0,Healthy,0.0000,0.9986,0.0000,0.0014
Healthy/lyria__P0628__b13.png,Healthy,P0628,incisor,0,Healthy,0.0000,0.9982,0.0000,0.0018
Healthy/lyria__P0628__b14.png,Healthy,P0628,canine,0,Healthy,0.0000,0.9997,0.0000,0.0003
Healthy/lyria__P0628__b15.png,Healthy,P0628,premolar,0,Healthy,0.0050,0.9950,0.0000,0.0001
Healthy/lyria__P0629__b0.png,Healthy,P0629,1st molar,0,Healthy,0.0001,0.9909,0.0087,0.0003
Healthy/lyria__P0629__b1.png,Healthy,P0629,premolar,0,Healthy,0.0065,0.9932,0.0001,0.0001
Healthy/lyria__P0629__b2.png,Healthy,P0629,incisor,0,Healthy,0.0008,0.9978,0.0000,0.0014
Healthy/lyria__P0629__b3.png,Healthy,P0629,incisor,0,Healthy,0.0010,0.9779,0.0000,0.0210
Healthy/lyria__P0629__b5.png,Healthy,P0629,canine,0,Healthy,0.0033,0.9604,0.0000,0.0363
Healthy/lyria__P0629__b7.png,Healthy,P0629,premolar,0,Healthy,0.0009,0.9960,0.0000,0.0031
Healthy/lyria__P0629__b8.png,Healthy,P0629,1st molar,0,Healthy,0.0229,0.9443,0.0233,0.0094
Healthy/lyria__P0630__b0.png,Healthy,P0630,canine,0,Healthy,0.0002,0.9997,0.0000,0.0001
Healthy/lyria__P0630__b1.png,Healthy,P0630,premolar,0,Healthy,0.0007,0.9991,0.0000,0.0002
Healthy/lyria__P0630__b2.png,Healthy,P0630,canine,0,Healthy,0.0058,0.9936,0.0000,0.0006
Healthy/lyria__P0630__b3.png,Healthy,P0630,incisor,0,Healthy,0.0000,0.9874,0.0000,0.0126
Healthy/lyria__P0630__b4.png,Healthy,P0630,incisor,0,Healthy,0.0000,0.9853,0.0000,0.0147
Healthy/lyria__P0630__b5.png,Healthy,P0630,incisor,0,Healthy,0.0000,0.9993,0.0000,0.0007
Healthy/lyria__P0630__b6.png,Healthy,P0630,incisor,0,Healthy,0.0000,0.9845,0.0000,0.0155
Healthy/lyria__P0630__b7.png,Healthy,P0630,canine,0,Healthy,0.0001,0.9987,0.0001,0.0012
Healthy/lyria__P0630__b8.png,Healthy,P0630,canine,0,Healthy,0.0001,0.9945,0.0000,0.0054
Healthy/lyria__P0630__b10.png,Healthy,P0630,premolar,0,Healthy,0.0004,0.9948,0.0047,0.0000
Healthy/lyria__P0630__b11.png,Healthy,P0630,premolar,0,Healthy,0.0016,0.9963,0.0000,0.0020
Healthy/lyria__P0631__b0.png,Healthy,P0631,incisor,0,Healthy,0.0000,0.9996,0.0000,0.0003
Healthy/lyria__P0631__b1.png,Healthy,P0631,incisor,0,Healthy,0.0001,0.9999,0.0000,0.0001
Healthy/lyria__P0631__b2.png,Healthy,P0631,canine,0,Healthy,0.0004,0.9995,0.0000,0.0001
Healthy/lyria__P0631__b4.png,Healthy,P0631,canine,0,Healthy,0.0002,0.9997,0.0000,0.0001
Healthy/lyria__P0631__b5.png,Healthy,P0631,canine,0,Healthy,0.0000,0.9999,0.0000,0.0001
Healthy/lyria__P0631__b6.png,Healthy,P0631,incisor,0,Healthy,0.0001,0.9988,0.0000,0.0011
Healthy/lyria__P0631__b7.png,Healthy,P0631,incisor,0,Healthy,0.0000,0.9943,0.0000,0.0057
Healthy/lyria__P0631__b8.png,Healthy,P0631,incisor,0,Healthy,0.0000,0.9985,0.0000,0.0015
Healthy/lyria__P0631__b9.png,Healthy,P0631,incisor,0,Healthy,0.0000,0.9974,0.0000,0.0026
Healthy/lyria__P0631__b10.png,Healthy,P0631,canine,0,Healthy,0.0000,1.0000,0.0000,0.0000
Healthy/lyria__P0633__b0.png,Healthy,P0633,canine,0,Endodontics,0.6037,0.3962,0.0000,0.0001
Healthy/lyria__P0633__b1.png,Healthy,P0633,incisor,0,Healthy,0.0006,0.9993,0.0000,0.0001
Healthy/lyria__P0633__b4.png,Healthy,P0633,incisor,0,Healthy,0.0000,0.9959,0.0000,0.0041
Healthy/lyria__P0633__b5.png,Healthy,P0633,canine,0,Healthy,0.0033,0.9966,0.0000,0.0001
Healthy/lyria__P0633__b6.png,Healthy,P0633,canine,0,Endodontics,0.6236,0.3761,0.0001,0.0001
Healthy/lyria__P0635__b0.png,Healthy,P0635,1st molar,0,Healthy,0.0001,0.9998,0.0000,0.0001
Healthy/lyria__P0635__b1.png,Healthy,P0635,incisor,0,Healthy,0.0077,0.9856,0.0000,0.0067
Healthy/lyria__P0635__b2.png,Healthy,P0635,canine,0,Healthy,0.0059,0.9940,0.0000,0.0001
Healthy/lyria__P0635__b3.png,Healthy,P0635,2nd molar,0,Healthy,0.0000,0.9999,0.0000,0.0001
Healthy/lyria__P0635__b4.png,Healthy,P0635,3rd molar,0,Healthy,0.0000,1.0000,0.0000,0.0000
Healthy/lyria__P0635__b5.png,Healthy,P0635,incisor,0,Healthy,0.0000,0.9977,0.0002,0.0020
Healthy/lyria__P0635__b6.png,Healthy,P0635,incisor,0,Healthy,0.0000,0.9828,0.0000,0.0172
Healthy/lyria__P0635__b8.png,Healthy,P0635,incisor,0,Healthy,0.0000,0.9970,0.0000,0.0030
Healthy/lyria__P0635__b9.png,Healthy,P0635,canine,0,Healthy,0.0001,0.9997,0.0000,0.0002
Healthy/lyria__P0635__b10.png,Healthy,P0635,premolar,0,Healthy,0.0000,0.9998,0.0000,0.0002
Healthy/lyria__P0635__b11.png,Healthy,P0635,premolar,0,Healthy,0.0006,0.9994,0.0000,0.0000
Healthy/lyria__P0635__b12.png,Healthy,P0635,canine,0,Healthy,0.0000,1.0000,0.0000,0.0000
Healthy/lyria__P0635__b14.png,Healthy,P0635,premolar,0,Healthy,0.0001,0.9992,0.0006,0.0000
Healthy/lyria__P0635__b15.png,Healthy,P0635,1st molar,0,Healthy,0.0000,1.0000,0.0000,0.0000
Healthy/lyria__P0635__b16.png,Healthy,P0635,2nd molar,0,Healthy,0.0000,1.0000,0.0000,0.0000
Healthy/lyria__P0636__b0.png,Healthy,P0636,incisor,0,Healthy,0.0000,0.9999,0.0000,0.0001
Healthy/lyria__P0636__b1.png,Healthy,P0636,incisor,0,Healthy,0.0001,0.9999,0.0000,0.0001
Healthy/lyria__P0636__b2.png,Healthy,P0636,incisor,0,Healthy,0.0000,0.9998,0.0000,0.0001
Healthy/lyria__P0636__b3.png,Healthy,P0636,incisor,0,Healthy,0.0003,0.9985,0.0000,0.0012
Healthy/lyria__P0636__b4.png,Healthy,P0636,canine,0,Healthy,0.0001,0.9998,0.0000,0.0001
Healthy/lyria__P0636__b5.png,Healthy,P0636,canine,0,Healthy,0.0003,0.9990,0.0000,0.0006
Healthy/lyria__P0636__b6.png,Healthy,P0636,premolar,0,Healthy,0.3053,0.6941,0.0000,0.0006
Healthy/lyria__P0636__b7.png,Healthy,P0636,3rd molar,0,Healthy,0.0000,0.9999,0.0001,0.0000
Healthy/lyria__P0636__b9.png,Healthy,P0636,premolar,0,Healthy,0.0004,0.9996,0.0000,0.0000
Healthy/lyria__P0636__b10.png,Healthy,P0636,canine,0,Healthy,0.0000,1.0000,0.0000,0.0000
Healthy/lyria__P0636__b11.png,Healthy,P0636,incisor,0,Healthy,0.0000,1.0000,0.0000,0.0000
Healthy/lyria__P0636__b13.png,Healthy,P0636,incisor,0,Healthy,0.0000,1.0000,0.0000,0.0000
Healthy/lyria__P0636__b14.png,Healthy,P0636,incisor,0,Healthy,0.0000,0.9999,0.0000,0.0000
Healthy/lyria__P0636__b15.png,Healthy,P0636,canine,0,Healthy,0.0000,0.9994,0.0000,0.0006
Healthy/lyria__P0636__b16.png,Healthy,P0636,premolar,0,Healthy,0.0001,0.9999,0.0000,0.0000
Healthy/lyria__P0636__b17.png,Healthy,P0636,premolar,0,Healthy,0.0008,0.9991,0.0000,0.0000
Healthy/lyria__P0636__b18.png,Healthy,P0636,3rd molar,0,Healthy,0.0001,0.8647,0.0387,0.0965
Healthy/lyria__P0636__b19.png,Healthy,P0636,3rd molar,0,Healthy,0.0000,1.0000,0.0000,0.0000
Healthy/lyria__P0636__b20.png,Healthy,P0636,3rd molar,0,Healthy,0.0003,0.9995,0.0001,0.0000
Healthy/lyria__P0637__b0.png,Healthy,P0637,canine,0,Healthy,0.0000,1.0000,0.0000,0.0000
Healthy/lyria__P0637__b1.png,Healthy,P0637,incisor,0,Healthy,0.0000,1.0000,0.0000,0.0000
Healthy/lyria__P0637__b2.png,Healthy,P0637,incisor,0,Healthy,0.0000,1.0000,0.0000,0.0000
Healthy/lyria__P0637__b4.png,Healthy,P0637,incisor,0,Healthy,0.0000,0.9999,0.0000,0.0001
Healthy/lyria__P0637__b5.png,Healthy,P0637,canine,0,Healthy,0.0000,1.0000,0.0000,0.0000
Healthy/lyria__P0638__b0.png,Healthy,P0638,incisor,0,Healthy,0.0000,0.9999,0.0000,0.0000
Healthy/lyria__P0638__b1.png,Healthy,P0638,incisor,0,Healthy,0.0000,1.0000,0.0000,0.0000
Healthy/lyria__P0638__b2.png,Healthy,P0638,incisor,0,Healthy,0.0000,0.9999,0.0000,0.0001
Healthy/lyria__P0638__b3.png,Healthy,P0638,incisor,0,Healthy,0.0000,1.0000,0.0000,0.0000
Healthy/lyria__P0638__b4.png,Healthy,P0638,canine,0,Healthy,0.0000,1.0000,0.0000,0.0000
Healthy/lyria__P0638__b5.png,Healthy,P0638,premolar,0,Healthy,0.0004,0.9996,0.0000,0.0000
Healthy/lyria__P0638__b6.png,Healthy,P0638,premolar,0,Healthy,0.0001,0.9997,0.0002,0.0000
Healthy/lyria__P0638__b7.png,Healthy,P0638,2nd molar,0,Healthy,0.0000,1.0000,0.0000,0.0000
Healthy/lyria__P0638__b8.png,Healthy,P0638,3rd molar,0,Healthy,0.0000,1.0000,0.0000,0.0000
Healthy/lyria__P0638__b10.png,Healthy,P0638,premolar,0,Healthy,0.0000,1.0000,0.0000,0.0000
Healthy/lyria__P0638__b11.png,Healthy,P0638,premolar,0,Healthy,0.0002,0.9857,0.0141,0.0000
Healthy/lyria__P0638__b12.png,Healthy,P0638,canine,0,Healthy,0.0012,0.9450,0.0535,0.0003
Healthy/lyria__P0638__b13.png,Healthy,P0638,incisor,0,Healthy,0.0001,0.9997,0.0000,0.0002
Healthy/lyria__P0638__b14.png,Healthy,P0638,incisor,0,Healthy,0.0000,0.9999,0.0000,0.0001
Healthy/lyria__P0638__b15.png,Healthy,P0638,incisor,0,Healthy,0.0000,0.9998,0.0000,0.0001
Healthy/lyria__P0638__b16.png,Healthy,P0638,incisor,0,Healthy,0.0000,0.9999,0.0001,0.0001
Healthy/lyria__P0638__b17.png,Healthy,P0638,canine,0,Healthy,0.0006,0.9829,0.0162,0.0004
Healthy/lyria__P0638__b18.png,Healthy,P0638,canine,0,Healthy,0.0000,1.0000,0.0000,0.0000
Healthy/lyria__P0638__b19.png,Healthy,P0638,premolar,0,Healthy,0.0000,1.0000,0.0000,0.0000
Healthy/lyria__P0638__b21.png,Healthy,P0638,premolar,0,Healthy,0.0003,0.9980,0.0016,0.0000
Healthy/lyria__P0638__b22.png,Healthy,P0638,premolar,0,Healthy,0.0000,0.9139,0.0861,0.0000
Healthy/lyria__P0638__b23.png,Healthy,P0638,1st molar,0,Healthy,0.0000,0.9985,0.0015,0.0000
Healthy/lyria__P0638__b24.png,Healthy,P0638,3rd molar,0,Impacted,0.0000,0.3004,0.6996,0.0000
Healthy/lyria__P0639__b0.png,Healthy,P0639,incisor,0,Healthy,0.0000,1.0000,0.0000,0.0000
Healthy/lyria__P0639__b1.png,Healthy,P0639,incisor,0,Healthy,0.0000,0.9997,0.0000,0.0003
Healthy/lyria__P0639__b2.png,Healthy,P0639,incisor,0,Healthy,0.0000,0.9999,0.0000,0.0001
Healthy/lyria__P0639__b3.png,Healthy,P0639,incisor,0,Healthy,0.0000,1.0000,0.0000,0.0000
Healthy/lyria__P0639__b4.png,Healthy,P0639,canine,0,Healthy,0.0000,1.0000,0.0000,0.0000
Healthy/lyria__P0639__b5.png,Healthy,P0639,premolar,0,Healthy,0.0030,0.9954,0.0000,0.0016
Healthy/lyria__P0639__b6.png,Healthy,P0639,3rd molar,0,Healthy,0.0001,0.9998,0.0000,0.0000
Healthy/lyria__P0639__b7.png,Healthy,P0639,3rd molar,0,Healthy,0.0000,1.0000,0.0000,0.0000
Healthy/lyria__P0639__b8.png,Healthy,P0639,incisor,0,Healthy,0.0000,0.9992,0.0003,0.0005
Healthy/lyria__P0639__b9.png,Healthy,P0639,incisor,0,Healthy,0.0000,0.9998,0.0000,0.0002
Healthy/lyria__P0639__b11.png,Healthy,P0639,incisor,0,Healthy,0.0000,1.0000,0.0000,0.0000
Healthy/lyria__P0639__b12.png,Healthy,P0639,canine,0,Healthy,0.0000,1.0000,0.0000,0.0000
Healthy/lyria__P0639__b13.png,Healthy,P0639,premolar,0,Healthy,0.1731,0.8096,0.0000,0.0173
Healthy/lyria__P0639__b14.png,Healthy,P0639,canine,0,Healthy,0.0000,1.0000,0.0000,0.0000
Healthy/lyria__P0639__b15.png,Healthy,P0639,premolar,0,Healthy,0.0000,1.0000,0.0000,0.0000
Healthy/lyria__P0639__b16.png,Healthy,P0639,premolar,0,Healthy,0.0001,0.9999,0.0000,0.0000
Healthy/lyria__P0639__b18.png,Healthy,P0639,canine,0,Healthy,0.0023,0.9974,0.0002,0.0001
Healthy/lyria__P0640__b0.png,Healthy,P0640,canine,0,Healthy,0.0196,0.9803,0.0000,0.0002
Healthy/lyria__P0640__b1.png,Healthy,P0640,2nd molar,0,Healthy,0.0000,1.0000,0.0000,0.0000
Healthy/lyria__P0640__b2.png,Healthy,P0640,3rd molar,0,Healthy,0.0000,1.0000,0.0000,0.0000
Healthy/lyria__P0640__b4.png,Healthy,P0640,premolar,0,Healthy,0.0908,0.9074,0.0000,0.0017
Healthy/lyria__P0640__b5.png,Healthy,P0640,2nd molar,0,Healthy,0.0000,1.0000,0.0000,0.0000
Healthy/lyria__P0640__b6.png,Healthy,P0640,3rd molar,0,Healthy,0.0000,1.0000,0.0000,0.0000
Healthy/lyria__P0640__b7.png,Healthy,P0640,incisor,0,Healthy,0.0000,0.9997,0.0000,0.0003
Healthy/lyria__P0640__b8.png,Healthy,P0640,incisor,0,Healthy,0.0000,0.9998,0.0000,0.0002
Healthy/lyria__P0640__b10.png,Healthy,P0640,incisor,0,Healthy,0.0000,1.0000,0.0000,0.0000
Healthy/lyria__P0640__b11.png,Healthy,P0640,canine,0,Healthy,0.0000,1.0000,0.0000,0.0000
Healthy/lyria__P0640__b12.png,Healthy,P0640,premolar,0,Healthy,0.0011,0.9675,0.0293,0.0022
Healthy/lyria__P0640__b13.png,Healthy,P0640,premolar,0,Healthy,0.0000,0.9999,0.0000,0.0000
Healthy/lyria__P0640__b14.png,Healthy,P0640,3rd molar,0,Healthy,0.0000,0.9997,0.0003,0.0000
Healthy/lyria__P0640__b15.png,Healthy,P0640,canine,0,Healthy,0.0000,1.0000,0.0000,0.0000
Healthy/lyria__P0640__b16.png,Healthy,P0640,premolar,0,Healthy,0.0000,1.0000,0.0000,0.0000
Healthy/lyria__P0640__b17.png,Healthy,P0640,premolar,0,Healthy,0.0001,0.9998,0.0000,0.0001
Healthy/lyria__P0640__b18.png,Healthy,P0640,3rd molar,0,Impacted,0.0000,0.4025,0.5971,0.0003
Healthy/lyria__P0064__b0.png,Healthy,P0064,premolar,0,Healthy,0.0000,1.0000,0.0000,0.0000
Healthy/lyria__P0064__b1.png,Healthy,P0064,canine,0,Healthy,0.0000,0.9999,0.0000,0.0000
Healthy/lyria__P0064__b2.png,Healthy,P0064,incisor,0,Healthy,0.0000,1.0000,0.0000,0.0000
Healthy/lyria__P0064__b3.png,Healthy,P0064,incisor,0,Healthy,0.0000,0.9997,0.0000,0.0003
Healthy/lyria__P0064__b4.png,Healthy,P0064,incisor,0,Healthy,0.0000,0.9988,0.0000,0.0012
Healthy/lyria__P0064__b5.png,Healthy,P0064,incisor,0,Healthy,0.0001,0.9995,0.0000,0.0004
Healthy/lyria__P0064__b7.png,Healthy,P0064,premolar,0,Healthy,0.0000,1.0000,0.0000,0.0000
Healthy/lyria__P0641__b0.png,Healthy,P0641,canine,0,Healthy,0.0000,1.0000,0.0000,0.0000
Healthy/lyria__P0641__b1.png,Healthy,P0641,incisor,0,Healthy,0.0000,0.9998,0.0000,0.0002
Healthy/lyria__P0641__b3.png,Healthy,P0641,canine,0,Healthy,0.0000,0.9999,0.0001,0.0000
Healthy/lyria__P0641__b4.png,Healthy,P0641,incisor,0,Healthy,0.0000,1.0000,0.0000,0.0000
Healthy/lyria__P0641__b5.png,Healthy,P0641,incisor,0,Healthy,0.0000,0.9998,0.0000,0.0001
Healthy/lyria__P0641__b6.png,Healthy,P0641,incisor,0,Healthy,0.0000,0.9999,0.0001,0.0000
Healthy/lyria__P0641__b7.png,Healthy,P0641,incisor,0,Healthy,0.0000,1.0000,0.0000,0.0000
Healthy/lyria__P0641__b8.png,Healthy,P0641,canine,0,Healthy,0.0000,0.9999,0.0000,0.0001
Healthy/lyria__P0641__b9.png,Healthy,P0641,premolar,0,Healthy,0.0000,1.0000,0.0000,0.0000
Healthy/lyria__P0642__b0.png,Healthy,P0642,premolar,0,Healthy,0.0001,0.9993,0.0005,0.0001
Healthy/lyria__P0642__b2.png,Healthy,P0642,incisor,0,Healthy,0.0000,0.9992,0.0008,0.0000
Healthy/lyria__P0642__b4.png,Healthy,P0642,incisor,0,Healthy,0.0000,0.9993,0.0007,0.0000
Healthy/lyria__P0642__b5.png,Healthy,P0642,incisor,0,Healthy,0.0001,0.9948,0.0051,0.0000
Healthy/lyria__P0642__b6.png,Healthy,P0642,canine,0,Healthy,0.0000,0.9937,0.0059,0.0003
Healthy/lyria__P0642__b7.png,Healthy,P0642,premolar,0,Healthy,0.0011,0.9636,0.0352,0.0001
Healthy/lyria__P0642__b8.png,Healthy,P0642,premolar,0,Healthy,0.0170,0.6589,0.3226,0.0015
Healthy/lyria__P0065__b0.png,Healthy,P0065,3rd molar,0,Healthy,0.0000,0.9999,0.0001,0.0000
Healthy/lyria__P0065__b1.png,Healthy,P0065,2nd molar,0,Healthy,0.0000,1.0000,0.0000,0.0000
Healthy/lyria__P0065__b2.png,Healthy,P0065,1st molar,0,Healthy,0.0000,1.0000,0.0000,0.0000
Healthy/lyria__P0065__b3.png,Healthy,P0065,premolar,0,Healthy,0.0000,1.0000,0.0000,0.0000
Healthy/lyria__P0065__b4.png,Healthy,P0065,premolar,0,Healthy,0.0000,0.9999,0.0000,0.0000
Healthy/lyria__P0065__b5.png,Healthy,P0065,canine,0,Healthy,0.0001,0.9999,0.0000,0.0000
Healthy/lyria__P0065__b7.png,Healthy,P0065,incisor,0,Healthy,0.0000,0.9999,0.0000,0.0000
Healthy/lyria__P0065__b8.png,Healthy,P0065,incisor,0,Healthy,0.0000,0.9996,0.0003,0.0001
Healthy/lyria__P0065__b9.png,Healthy,P0065,canine,0,Healthy,0.0000,1.0000,0.0000,0.0000
Healthy/lyria__P0065__b10.png,Healthy,P0065,premolar,0,Healthy,0.0001,0.9999,0.0001,0.0000
Healthy/lyria__P0065__b11.png,Healthy,P0065,premolar,0,Healthy,0.0000,0.9998,0.0001,0.0000
Healthy/lyria__P0065__b12.png,Healthy,P0065,1st molar,0,Healthy,0.0000,1.0000,0.0000,0.0000
Healthy/lyria__P0065__b13.png,Healthy,P0065,2nd molar,0,Healthy,0.0000,1.0000,0.0000,0.0000
Healthy/lyria__P0065__b14.png,Healthy,P0065,3rd molar,0,Healthy,0.0000,1.0000,0.0000,0.0000
Healthy/lyria__P0065__b15.png,Healthy,P0065,3rd molar,0,Impacted,0.0000,0.0189,0.9804,0.0008
Healthy/lyria__P0065__b16.png,Healthy,P0065,premolar,0,Healthy,0.0008,0.9991,0.0000,0.0000
Healthy/lyria__P0065__b17.png,Healthy,P0065,canine,0,Healthy,0.0000,1.0000,0.0000,0.0000
Healthy/lyria__P0065__b18.png,Healthy,P0065,incisor,0,Healthy,0.0001,0.9998,0.0001,0.0001
Healthy/lyria__P0065__b19.png,Healthy,P0065,incisor,0,Healthy,0.0000,0.9997,0.0000,0.0003
Healthy/lyria__P0065__b20.png,Healthy,P0065,incisor,0,Healthy,0.0000,0.9995,0.0000,0.0005
Healthy/lyria__P0065__b21.png,Healthy,P0065,incisor,0,Healthy,0.0000,0.9999,0.0000,0.0001
Healthy/lyria__P0065__b22.png,Healthy,P0065,canine,0,Healthy,0.0000,1.0000,0.0000,0.0000
Healthy/lyria__P0065__b23.png,Healthy,P0065,premolar,0,Healthy,0.0000,1.0000,0.0000,0.0000
Healthy/lyria__P0065__b24.png,Healthy,P0065,premolar,0,Healthy,0.0000,1.0000,0.0000,0.0000
Healthy/lyria__P0065__b25.png,Healthy,P0065,1st molar,0,Healthy,0.0000,0.9978,0.0022,0.0000
Healthy/lyria__P0065__b26.png,Healthy,P0065,3rd molar,0,Impacted,0.0023,0.0267,0.9709,0.0000
Healthy/lyria__P0644__b1.png,Healthy,P0644,incisor,0,Healthy,0.0000,0.9999,0.0000,0.0000
Healthy/lyria__P0644__b2.png,Healthy,P0644,incisor,0,Healthy,0.0020,0.9979,0.0001,0.0000
Healthy/lyria__P0644__b3.png,Healthy,P0644,incisor,0,Healthy,0.0001,0.9998,0.0001,0.0000
Healthy/lyria__P0644__b4.png,Healthy,P0644,incisor,0,Healthy,0.0000,0.9999,0.0000,0.0000
Healthy/lyria__P0646__b0.png,Healthy,P0646,premolar,0,Healthy,0.0000,1.0000,0.0000,0.0000
Healthy/lyria__P0646__b1.png,Healthy,P0646,premolar,0,Healthy,0.0000,1.0000,0.0000,0.0000
Healthy/lyria__P0646__b3.png,Healthy,P0646,incisor,0,Healthy,0.0000,0.9972,0.0028,0.0000
Healthy/lyria__P0646__b5.png,Healthy,P0646,incisor,0,Healthy,0.0007,0.9940,0.0052,0.0002
Healthy/lyria__P0646__b6.png,Healthy,P0646,incisor,0,Healthy,0.0004,0.9989,0.0006,0.0000
Healthy/lyria__P0646__b7.png,Healthy,P0646,canine,0,Healthy,0.0000,1.0000,0.0000,0.0000
Healthy/lyria__P0649__b0.png,Healthy,P0649,2nd molar,0,Healthy,0.0000,0.9927,0.0073,0.0000
Healthy/lyria__P0649__b1.png,Healthy,P0649,canine,0,Healthy,0.0000,0.9999,0.0000,0.0000
Healthy/lyria__P0649__b2.png,Healthy,P0649,incisor,0,Healthy,0.0000,0.9999,0.0000,0.0001
Healthy/lyria__P0649__b3.png,Healthy,P0649,incisor,0,Healthy,0.0001,0.9998,0.0000,0.0001
Healthy/lyria__P0649__b4.png,Healthy,P0649,incisor,0,Healthy,0.0000,0.9999,0.0000,0.0001
Healthy/lyria__P0649__b5.png,Healthy,P0649,incisor,0,Healthy,0.0000,1.0000,0.0000,0.0000
Healthy/lyria__P0649__b6.png,Healthy,P0649,canine,0,Healthy,0.0000,1.0000,0.0000,0.0000
Healthy/lyria__P0649__b7.png,Healthy,P0649,premolar,0,Healthy,0.0002,0.9996,0.0000,0.0002
Healthy/lyria__P0649__b9.png,Healthy,P0649,incisor,0,Healthy,0.0000,0.9996,0.0000,0.0003
Healthy/lyria__P0649__b10.png,Healthy,P0649,incisor,0,Healthy,0.0000,1.0000,0.0000,0.0000
Healthy/lyria__P0649__b11.png,Healthy,P0649,canine,0,Healthy,0.0000,1.0000,0.0000,0.0000
Healthy/lyria__P0649__b12.png,Healthy,P0649,premolar,0,Healthy,0.0001,0.9993,0.0006,0.0000
Healthy/lyria__P0649__b13.png,Healthy,P0649,incisor,0,Healthy,0.0000,1.0000,0.0000,0.0000
Healthy/lyria__P0649__b14.png,Healthy,P0649,canine,0,Healthy,0.0000,0.9995,0.0004,0.0000
Healthy/lyria__P0649__b16.png,Healthy,P0649,premolar,0,Endodontics,0.8906,0.1091,0.0003,0.0001
Healthy/lyria__P0650__b0.png,Healthy,P0650,incisor,0,Healthy,0.0017,0.9939,0.0001,0.0043
Healthy/lyria__P0650__b1.png,Healthy,P0650,incisor,0,Healthy,0.0000,0.9994,0.0004,0.0002
Healthy/lyria__P0650__b2.png,Healthy,P0650,incisor,0,Healthy,0.0002,0.9990,0.0000,0.0008
Healthy/lyria__P0650__b3.png,Healthy,P0650,canine,0,Healthy,0.0000,0.9999,0.0000,0.0001
Healthy/lyria__P0650__b5.png,Healthy,P0650,1st molar,0,Healthy,0.0000,1.0000,0.0000,0.0000
Healthy/lyria__P0650__b6.png,Healthy,P0650,2nd molar,0,Healthy,0.0000,1.0000,0.0000,0.0000
Healthy/lyria__P0650__b8.png,Healthy,P0650,incisor,0,Healthy,0.0009,0.9856,0.0000,0.0135
Healthy/lyria__P0650__b9.png,Healthy,P0650,canine,0,Healthy,0.0000,1.0000,0.0000,0.0000
Healthy/lyria__P0650__b10.png,Healthy,P0650,premolar,0,Healthy,0.0003,0.9997,0.0000,0.0000
Healthy/lyria__P0650__b11.png,Healthy,P0650,premolar,0,Healthy,0.2103,0.7808,0.0001,0.0087
Healthy/lyria__P0650__b12.png,Healthy,P0650,2nd molar,0,Healthy,0.0001,0.9999,0.0000,0.0000
Healthy/lyria__P0650__b13.png,Healthy,P0650,3rd molar,0,Healthy,0.0000,1.0000,0.0000,0.0000
Healthy/lyria__P0650__b14.png,Healthy,P0650,incisor,0,Healthy,0.0001,0.9997,0.0000,0.0002
Healthy/lyria__P0650__b15.png,Healthy,P0650,incisor,0,Healthy,0.0000,1.0000,0.0000,0.0000
Healthy/lyria__P0650__b16.png,Healthy,P0650,incisor,0,Healthy,0.0008,0.9992,0.0000,0.0000
Healthy/lyria__P0650__b17.png,Healthy,P0650,canine,0,Healthy,0.0000,0.9999,0.0001,0.0000
Healthy/lyria__P0650__b18.png,Healthy,P0650,premolar,0,Healthy,0.0841,0.9148,0.0002,0.0009
Healthy/lyria__P0650__b19.png,Healthy,P0650,1st molar,0,Healthy,0.0025,0.9974,0.0000,0.0000
Healthy/lyria__P0650__b20.png,Healthy,P0650,incisor,0,Healthy,0.0000,1.0000,0.0000,0.0000
Healthy/lyria__P0650__b21.png,Healthy,P0650,canine,0,Healthy,0.0000,1.0000,0.0000,0.0000
Healthy/lyria__P0650__b22.png,Healthy,P0650,premolar,0,Healthy,0.0000,1.0000,0.0000,0.0000
Healthy/lyria__P0650__b23.png,Healthy,P0650,premolar,0,Healthy,0.0000,1.0000,0.0000,0.0000
Healthy/lyria__P0651__b0.png,Healthy,P0651,canine,0,Healthy,0.0001,0.9999,0.0000,0.0000
Healthy/lyria__P0651__b1.png,Healthy,P0651,incisor,0,Healthy,0.0000,0.9999,0.0000,0.0000
Healthy/lyria__P0651__b2.png,Healthy,P0651,incisor,0,Healthy,0.0000,1.0000,0.0000,0.0000
Healthy/lyria__P0651__b3.png,Healthy,P0651,canine,0,Healthy,0.0000,0.9999,0.0000,0.0000
Healthy/lyria__P0651__b5.png,Healthy,P0651,premolar,0,Healthy,0.0000,1.0000,0.0000,0.0000
Healthy/lyria__P0651__b6.png,Healthy,P0651,incisor,0,Healthy,0.0000,0.9997,0.0000,0.0002
Healthy/lyria__P0651__b8.png,Healthy,P0651,incisor,0,Healthy,0.0000,1.0000,0.0000,0.0000
Healthy/lyria__P0651__b9.png,Healthy,P0651,canine,0,Healthy,0.0000,1.0000,0.0000,0.0000
Healthy/lyria__P0651__b10.png,Healthy,P0651,premolar,0,Healthy,0.0000,0.9997,0.0000,0.0002
Healthy/lyria__P0651__b11.png,Healthy,P0651,incisor,0,Healthy,0.0000,1.0000,0.0000,0.0000
Healthy/lyria__P0651__b12.png,Healthy,P0651,canine,0,Healthy,0.0000,1.0000,0.0000,0.0000
Healthy/lyria__P0651__b13.png,Healthy,P0651,premolar,0,Healthy,0.0001,0.9998,0.0001,0.0001
Healthy/lyria__P0652__b1.png,Healthy,P0652,incisor,0,Healthy,0.0001,0.9999,0.0000,0.0000
Healthy/lyria__P0652__b2.png,Healthy,P0652,canine,0,Healthy,0.0022,0.9874,0.0104,0.0000
Healthy/lyria__P0653__b0.png,Healthy,P0653,incisor,0,Healthy,0.0040,0.9957,0.0000,0.0002
Healthy/lyria__P0653__b1.png,Healthy,P0653,incisor,0,Healthy,0.0000,0.9997,0.0001,0.0002
Healthy/lyria__P0653__b2.png,Healthy,P0653,incisor,0,Healthy,0.0000,0.9999,0.0000,0.0001
Healthy/lyria__P0653__b3.png,Healthy,P0653,canine,0,Healthy,0.0001,0.9999,0.0000,0.0000
Healthy/lyria__P0653__b4.png,Healthy,P0653,premolar,0,Healthy,0.0092,0.9907,0.0001,0.0000
Healthy/lyria__P0653__b5.png,Healthy,P0653,premolar,0,Healthy,0.0002,0.9998,0.0000,0.0000
Healthy/lyria__P0653__b6.png,Healthy,P0653,1st molar,0,Healthy,0.0000,1.0000,0.0000,0.0000
Healthy/lyria__P0653__b8.png,Healthy,P0653,incisor,0,Healthy,0.0000,1.0000,0.0000,0.0000
Healthy/lyria__P0653__b9.png,Healthy,P0653,canine,0,Healthy,0.0000,1.0000,0.0000,0.0000
Healthy/lyria__P0653__b10.png,Healthy,P0653,premolar,0,Healthy,0.0000,0.9999,0.0000,0.0000
Healthy/lyria__P0653__b11.png,Healthy,P0653,premolar,0,Healthy,0.0000,1.0000,0.0000,0.0000
Healthy/lyria__P0653__b12.png,Healthy,P0653,incisor,0,Healthy,0.0000,0.9999,0.0000,0.0000
Healthy/lyria__P0653__b13.png,Healthy,P0653,incisor,0,Healthy,0.0000,0.9999,0.0000,0.0000
Healthy/lyria__P0653__b14.png,Healthy,P0653,canine,0,Healthy,0.0000,0.9999,0.0001,0.0000
Healthy/lyria__P0653__b15.png,Healthy,P0653,premolar,0,Healthy,0.0000,1.0000,0.0000,0.0000
Healthy/lyria__P0653__b16.png,Healthy,P0653,premolar,0,Healthy,0.0000,1.0000,0.0000,0.0000
Healthy/lyria__P0653__b17.png,Healthy,P0653,incisor,0,Healthy,0.0000,0.9999,0.0000,0.0001
Healthy/lyria__P0653__b18.png,Healthy,P0653,incisor,0,Healthy,0.0000,1.0000,0.0000,0.0000
Healthy/lyria__P0653__b19.png,Healthy,P0653,canine,0,Healthy,0.0000,0.9999,0.0001,0.0000
Healthy/lyria__P0653__b20.png,Healthy,P0653,premolar,0,Healthy,0.0001,0.9998,0.0001,0.0000
Healthy/lyria__P0653__b21.png,Healthy,P0653,premolar,0,Healthy,0.0000,0.9997,0.0003,0.0000
Healthy/lyria__P0066__b1.png,Healthy,P0066,canine,0,Healthy,0.0121,0.9873,0.0001,0.0005
Healthy/lyria__P0066__b3.png,Healthy,P0066,incisor,0,Healthy,0.0000,0.9966,0.0000,0.0034
Healthy/lyria__P0066__b4.png,Healthy,P0066,incisor,0,Healthy,0.0000,0.9996,0.0000,0.0003
Healthy/lyria__P0066__b5.png,Healthy,P0066,canine,0,Healthy,0.0000,1.0000,0.0000,0.0000
Healthy/lyria__P0657__b0.png,Healthy,P0657,incisor,0,Healthy,0.0000,1.0000,0.0000,0.0000
Healthy/lyria__P0657__b1.png,Healthy,P0657,incisor,0,Healthy,0.0000,1.0000,0.0000,0.0000
Healthy/lyria__P0657__b2.png,Healthy,P0657,incisor,0,Healthy,0.0000,1.0000,0.0000,0.0000
Healthy/lyria__P0657__b3.png,Healthy,P0657,incisor,0,Healthy,0.0000,1.0000,0.0000,0.0000
Healthy/lyria__P0657__b4.png,Healthy,P0657,canine,0,Healthy,0.0000,1.0000,0.0000,0.0000
Healthy/lyria__P0657__b5.png,Healthy,P0657,premolar,0,Healthy,0.0027,0.9972,0.0001,0.0000
Healthy/lyria__P0657__b6.png,Healthy,P0657,premolar,0,Healthy,0.0000,0.9996,0.0004,0.0000
Healthy/lyria__P0657__b7.png,Healthy,P0657,2nd molar,0,Healthy,0.0002,0.9994,0.0000,0.0004
Healthy/lyria__P0657__b9.png,Healthy,P0657,premolar,0,Healthy,0.0000,0.9999,0.0000,0.0000
Healthy/lyria__P0657__b10.png,Healthy,P0657,premolar,0,Healthy,0.0000,1.0000,0.0000,0.0000
Healthy/lyria__P0657__b11.png,Healthy,P0657,2nd molar,0,Healthy,0.0000,0.9869,0.0130,0.0000
Healthy/lyria__P0657__b12.png,Healthy,P0657,incisor,0,Healthy,0.0000,1.0000,0.0000,0.0000
Healthy/lyria__P0657__b13.png,Healthy,P0657,incisor,0,Healthy,0.0000,1.0000,0.0000,0.0000
Healthy/lyria__P0657__b14.png,Healthy,P0657,incisor,0,Healthy,0.0000,0.9999,0.0000,0.0001
Healthy/lyria__P0657__b15.png,Healthy,P0657,canine,0,Healthy,0.0000,1.0000,0.0000,0.0000
Healthy/lyria__P0657__b16.png,Healthy,P0657,premolar,0,Healthy,0.0002,0.9997,0.0000,0.0001
Healthy/lyria__P0657__b17.png,Healthy,P0657,premolar,0,Healthy,0.0000,0.9999,0.0001,0.0000
Healthy/lyria__P0657__b18.png,Healthy,P0657,1st molar,0,Healthy,0.0000,1.0000,0.0000,0.0000
Healthy/lyria__P0657__b19.png,Healthy,P0657,2nd molar,0,Healthy,0.0000,0.9995,0.0005,0.0000
Healthy/lyria__P0657__b20.png,Healthy,P0657,incisor,0,Healthy,0.0000,1.0000,0.0000,0.0000
Healthy/lyria__P0657__b21.png,Healthy,P0657,canine,0,Healthy,0.0000,1.0000,0.0000,0.0000
Healthy/lyria__P0657__b22.png,Healthy,P0657,premolar,0,Healthy,0.0000,1.0000,0.0000,0.0000
Healthy/lyria__P0657__b23.png,Healthy,P0657,premolar,0,Healthy,0.0000,1.0000,0.0000,0.0000
Healthy/lyria__P0657__b24.png,Healthy,P0657,2nd molar,0,Healthy,0.0000,0.9947,0.0053,0.0000
Healthy/lyria__P0658__b0.png,Healthy,P0658,incisor,0,Healthy,0.0000,0.9999,0.0000,0.0000
Healthy/lyria__P0658__b1.png,Healthy,P0658,incisor,0,Healthy,0.0000,1.0000,0.0000,0.0000
Healthy/lyria__P0658__b2.png,Healthy,P0658,incisor,0,Healthy,0.0000,0.9999,0.0000,0.0000
Healthy/lyria__P0658__b3.png,Healthy,P0658,incisor,0,Healthy,0.0001,0.9999,0.0000,0.0000
Healthy/lyria__P0658__b5.png,Healthy,P0658,premolar,0,Healthy,0.0001,0.9999,0.0001,0.0000
Healthy/lyria__P0658__b6.png,Healthy,P0658,premolar,0,Healthy,0.0000,0.9999,0.0001,0.0000
Healthy/lyria__P0658__b7.png,Healthy,P0658,1st molar,0,Healthy,0.0000,0.9919,0.0081,0.0000
Healthy/lyria__P0658__b8.png,Healthy,P0658,2nd molar,0,Healthy,0.0000,1.0000,0.0000,0.0000
Healthy/lyria__P0658__b9.png,Healthy,P0658,3rd molar,0,Healthy,0.0000,1.0000,0.0000,0.0000
Healthy/lyria__P0658__b10.png,Healthy,P0658,canine,0,Healthy,0.0000,1.0000,0.0000,0.0000
Healthy/lyria__P0658__b11.png,Healthy,P0658,incisor,0,Healthy,0.0000,1.0000,0.0000,0.0000
Healthy/lyria__P0658__b12.png,Healthy,P0658,incisor,0,Healthy,0.0000,1.0000,0.0000,0.0000
Healthy/lyria__P0658__b13.png,Healthy,P0658,incisor,0,Healthy,0.0001,0.9999,0.0000,0.0000
Healthy/lyria__P0658__b14.png,Healthy,P0658,canine,0,Healthy,0.0000,1.0000,0.0000,0.0000
Healthy/lyria__P0658__b15.png,Healthy,P0658,premolar,0,Healthy,0.0000,0.9999,0.0000,0.0000
Healthy/lyria__P0658__b16.png,Healthy,P0658,premolar,0,Healthy,0.0000,0.9996,0.0004,0.0000
Healthy/lyria__P0658__b17.png,Healthy,P0658,1st molar,0,Healthy,0.0000,1.0000,0.0000,0.0000
Healthy/lyria__P0658__b18.png,Healthy,P0658,2nd molar,0,Healthy,0.0000,1.0000,0.0000,0.0000
Healthy/lyria__P0658__b19.png,Healthy,P0658,3rd molar,0,Healthy,0.0000,1.0000,0.0000,0.0000
Healthy/lyria__P0658__b21.png,Healthy,P0658,canine,0,Healthy,0.0000,0.9110,0.0890,0.0000
Healthy/lyria__P0658__b22.png,Healthy,P0658,premolar,0,Healthy,0.0000,1.0000,0.0000,0.0000
Healthy/lyria__P0658__b23.png,Healthy,P0658,premolar,0,Healthy,0.0000,0.9999,0.0000,0.0000
Healthy/lyria__P0658__b24.png,Healthy,P0658,premolar,0,Healthy,0.0002,0.9998,0.0001,0.0000
Healthy/lyria__P0658__b25.png,Healthy,P0658,2nd molar,0,Healthy,0.0000,1.0000,0.0000,0.0000
Healthy/lyria__P0658__b26.png,Healthy,P0658,premolar,0,Healthy,0.0000,0.9991,0.0009,0.0000
Healthy/lyria__P0658__b27.png,Healthy,P0658,1st molar,0,Healthy,0.0000,0.9999,0.0001,0.0000
Healthy/lyria__P0658__b28.png,Healthy,P0658,2nd molar,0,Healthy,0.0000,1.0000,0.0000,0.0000
Healthy/lyria__P0658__b29.png,Healthy,P0658,3rd molar,0,Healthy,0.0000,0.9994,0.0006,0.0000
Healthy/lyria__P0658__b30.png,Healthy,P0658,3rd molar,0,Healthy,0.0000,0.9923,0.0077,0.0000
Healthy/lyria__P0661__b1.png,Healthy,P0661,incisor,0,Healthy,0.0000,0.9998,0.0000,0.0002
Healthy/lyria__P0661__b2.png,Healthy,P0661,incisor,0,Healthy,0.0000,0.9997,0.0000,0.0002
Healthy/lyria__P0661__b3.png,Healthy,P0661,canine,0,Healthy,0.0001,0.9997,0.0001,0.0000
Healthy/lyria__P0661__b5.png,Healthy,P0661,premolar,0,Healthy,0.0002,0.9995,0.0001,0.0002
Healthy/lyria__P0661__b6.png,Healthy,P0661,1st molar,0,Healthy,0.0000,1.0000,0.0000,0.0000
Healthy/lyria__P0661__b7.png,Healthy,P0661,2nd molar,0,Healthy,0.0000,0.9972,0.0028,0.0000
Healthy/lyria__P0661__b8.png,Healthy,P0661,incisor,0,Healthy,0.0000,0.9999,0.0001,0.0000
Healthy/lyria__P0661__b9.png,Healthy,P0661,canine,0,Healthy,0.0000,0.9999,0.0000,0.0000
Healthy/lyria__P0661__b10.png,Healthy,P0661,premolar,0,Healthy,0.0001,0.9999,0.0000,0.0000
Healthy/lyria__P0661__b11.png,Healthy,P0661,premolar,0,Healthy,0.0002,0.9998,0.0000,0.0000
Healthy/lyria__P0661__b12.png,Healthy,P0661,1st molar,0,Healthy,0.0000,1.0000,0.0000,0.0000
Healthy/lyria__P0661__b13.png,Healthy,P0661,2nd molar,0,Healthy,0.0012,0.9421,0.0566,0.0002
Healthy/lyria__P0661__b14.png,Healthy,P0661,incisor,0,Healthy,0.0000,0.9999,0.0000,0.0001
Healthy/lyria__P0661__b15.png,Healthy,P0661,incisor,0,Healthy,0.0000,1.0000,0.0000,0.0000
Healthy/lyria__P0661__b16.png,Healthy,P0661,incisor,0,Healthy,0.0001,0.9995,0.0000,0.0003
Healthy/lyria__P0661__b17.png,Healthy,P0661,canine,0,Healthy,0.0000,0.9995,0.0001,0.0004
Healthy/lyria__P0661__b18.png,Healthy,P0661,incisor,0,Healthy,0.0002,0.9995,0.0000,0.0002
Healthy/lyria__P0661__b19.png,Healthy,P0661,canine,0,Healthy,0.0006,0.9993,0.0001,0.0001
Healthy/lyria__P0661__b20.png,Healthy,P0661,premolar,0,Healthy,0.0000,0.9999,0.0001,0.0000
Healthy/lyria__P0661__b21.png,Healthy,P0661,premolar,0,Healthy,0.0004,0.9990,0.0006,0.0000
Healthy/lyria__P0661__b22.png,Healthy,P0661,1st molar,0,Healthy,0.0000,1.0000,0.0000,0.0000
Healthy/lyria__P0661__b23.png,Healthy,P0661,premolar,0,Healthy,0.0004,0.9988,0.0000,0.0007
Healthy/lyria__P0661__b24.png,Healthy,P0661,premolar,0,Healthy,0.0000,1.0000,0.0000,0.0000
Healthy/lyria__P0661__b25.png,Healthy,P0661,1st molar,0,Healthy,0.0000,1.0000,0.0000,0.0000
Healthy/lyria__P0662__b0.png,Healthy,P0662,incisor,0,Healthy,0.0004,0.9996,0.0000,0.0000
Healthy/lyria__P0662__b2.png,Healthy,P0662,incisor,0,Healthy,0.0000,1.0000,0.0000,0.0000
Healthy/lyria__P0662__b3.png,Healthy,P0662,incisor,0,Healthy,0.0000,1.0000,0.0000,0.0000
Healthy/lyria__P0662__b4.png,Healthy,P0662,canine,0,Healthy,0.0000,1.0000,0.0000,0.0000
Healthy/lyria__P0662__b5.png,Healthy,P0662,premolar,0,Healthy,0.0000,0.9986,0.0014,0.0000
Healthy/lyria__P0662__b6.png,Healthy,P0662,premolar,0,Healthy,0.0019,0.9874,0.0096,0.0010
Healthy/lyria__P0662__b7.png,Healthy,P0662,1st molar,0,Healthy,0.0001,0.9805,0.0191,0.0003
Healthy/lyria__P0662__b8.png,Healthy,P0662,2nd molar,0,Healthy,0.0000,1.0000,0.0000,0.0000
Healthy/lyria__P0662__b9.png,Healthy,P0662,1st molar,0,Healthy,0.0000,1.0000,0.0000,0.0000
Healthy/lyria__P0662__b10.png,Healthy,P0662,premolar,0,Healthy,0.0001,0.9993,0.0006,0.0000
Healthy/lyria__P0662__b11.png,Healthy,P0662,premolar,0,Healthy,0.0015,0.9985,0.0000,0.0000
Healthy/lyria__P0662__b12.png,Healthy,P0662,canine,0,Healthy,0.0000,1.0000,0.0000,0.0000
Healthy/lyria__P0662__b13.png,Healthy,P0662,incisor,0,Healthy,0.0000,1.0000,0.0000,0.0000
Healthy/lyria__P0662__b14.png,Healthy,P0662,incisor,0,Healthy,0.0000,1.0000,0.0000,0.0000
Healthy/lyria__P0662__b15.png,Healthy,P0662,incisor,0,Healthy,0.0000,1.0000,0.0000,0.0000
Healthy/lyria__P0662__b16.png,Healthy,P0662,incisor,0,Healthy,0.0000,1.0000,0.0000,0.0000
Healthy/lyria__P0662__b17.png,Healthy,P0662,canine,0,Healthy,0.0000,0.9990,0.0010,0.0000
Healthy/lyria__P0662__b18.png,Healthy,P0662,premolar,0,Healthy,0.0001,0.9998,0.0001,0.0000
Healthy/lyria__P0662__b19.png,Healthy,P0662,premolar,0,Healthy,0.0000,1.0000,0.0000,0.0000
Healthy/lyria__P0662__b20.png,Healthy,P0662,3rd molar,0,Impacted,0.0000,0.0394,0.9606,0.0000
Healthy/lyria__P0662__b21.png,Healthy,P0662,2nd molar,0,Healthy,0.0000,0.9999,0.0001,0.0000
Healthy/lyria__P0662__b22.png,Healthy,P0662,1st molar,0,Healthy,0.0000,1.0000,0.0000,0.0000
Healthy/lyria__P0662__b23.png,Healthy,P0662,premolar,0,Healthy,0.0000,1.0000,0.0000,0.0000
Healthy/lyria__P0662__b24.png,Healthy,P0662,premolar,0,Healthy,0.0001,0.9999,0.0000,0.0000
Healthy/lyria__P0662__b25.png,Healthy,P0662,canine,0,Healthy,0.0000,0.9999,0.0000,0.0000
Healthy/lyria__P0663__b1.png,Healthy,P0663,premolar,0,Healthy,0.0001,0.9999,0.0000,0.0000
Healthy/lyria__P0663__b3.png,Healthy,P0663,3rd molar,0,Healthy,0.0004,0.9141,0.0855,0.0000
Healthy/lyria__P0663__b4.png,Healthy,P0663,incisor,0,Healthy,0.0001,0.9997,0.0002,0.0000
Healthy/lyria__P0663__b5.png,Healthy,P0663,incisor,0,Healthy,0.0001,0.9997,0.0002,0.0000
Healthy/lyria__P0663__b6.png,Healthy,P0663,canine,0,Healthy,0.0002,0.9997,0.0000,0.0000
Healthy/lyria__P0663__b7.png,Healthy,P0663,premolar,0,Healthy,0.0005,0.9995,0.0000,0.0000
Healthy/lyria__P0663__b8.png,Healthy,P0663,premolar,0,Healthy,0.0135,0.9841,0.0023,0.0001
Healthy/lyria__P0663__b9.png,Healthy,P0663,3rd molar,0,Healthy,0.0001,0.9996,0.0004,0.0000
Healthy/lyria__P0663__b10.png,Healthy,P0663,incisor,0,Healthy,0.0000,1.0000,0.0000,0.0000
Healthy/lyria__P0663__b11.png,Healthy,P0663,incisor,0,Healthy,0.0000,1.0000,0.0000,0.0000
Healthy/lyria__P0663__b12.png,Healthy,P0663,incisor,0,Healthy,0.0000,1.0000,0.0000,0.0000
Healthy/lyria__P0663__b13.png,Healthy,P0663,canine,0,Healthy,0.0000,0.9943,0.0057,0.0000
Healthy/lyria__P0663__b14.png,Healthy,P0663,incisor,0,Healthy,0.0000,0.9999,0.0000,0.0000
Healthy/lyria__P0663__b15.png,Healthy,P0663,canine,0,Healthy,0.0000,0.9999,0.0001,0.0000
Healthy/lyria__P0663__b16.png,Healthy,P0663,premolar,0,Healthy,0.0001,0.9997,0.0001,0.0000
Healthy/lyria__P0663__b17.png,Healthy,P0663,premolar,0,Healthy,0.0001,0.9973,0.0025,0.0001
Healthy/lyria__P0664__b0.png,Healthy,P0664,2nd molar,0,Impacted,0.0004,0.1163,0.8329,0.0504
Healthy/lyria__P0664__b2.png,Healthy,P0664,canine,0,Healthy,0.0019,0.9973,0.0007,0.0001
Healthy/lyria__P0664__b3.png,Healthy,P0664,canine,0,Healthy,0.0003,0.9996,0.0001,0.0000
Healthy/lyria__P0664__b4.png,Healthy,P0664,incisor,0,Healthy,0.1582,0.8376,0.0018,0.0025
Healthy/lyria__P0664__b5.png,Healthy,P0664,canine,0,Healthy,0.0004,0.9986,0.0011,0.0000
Healthy/lyria__P0665__b0.png,Healthy,P0665,canine,0,Healthy,0.0000,1.0000,0.0000,0.0000
Healthy/lyria__P0665__b1.png,Healthy,P0665,3rd molar,0,Healthy,0.0004,0.9974,0.0022,0.0000
Healthy/lyria__P0665__b2.png,Healthy,P0665,canine,0,Healthy,0.0155,0.9845,0.0000,0.0000
Healthy/lyria__P0665__b3.png,Healthy,P0665,premolar,0,Endodontics,0.8124,0.1876,0.0000,0.0000
Healthy/lyria__P0665__b4.png,Healthy,P0665,3rd molar,0,Healthy,0.0786,0.8147,0.1066,0.0000
Healthy/lyria__P0665__b5.png,Healthy,P0665,incisor,0,Healthy,0.0002,0.9996,0.0000,0.0002
Healthy/lyria__P0665__b7.png,Healthy,P0665,incisor,0,Healthy,0.0000,0.9186,0.0814,0.0000
Healthy/lyria__P0665__b8.png,Healthy,P0665,incisor,0,Healthy,0.0001,0.9973,0.0026,0.0000
Healthy/lyria__P0665__b9.png,Healthy,P0665,canine,0,Healthy,0.0000,0.9998,0.0001,0.0000
Healthy/lyria__P0665__b10.png,Healthy,P0665,premolar,0,Healthy,0.0001,0.9997,0.0001,0.0001
Healthy/lyria__P0665__b11.png,Healthy,P0665,canine,0,Healthy,0.0000,0.9998,0.0002,0.0000
Healthy/lyria__P0067__b0.png,Healthy,P0067,incisor,0,Healthy,0.0000,0.9971,0.0028,0.0000
Healthy/lyria__P0067__b1.png,Healthy,P0067,incisor,0,Healthy,0.0002,0.9981,0.0000,0.0016
Healthy/lyria__P0666__b0.png,Healthy,P0666,canine,0,Healthy,0.0000,1.0000,0.0000,0.0000
Healthy/lyria__P0666__b1.png,Healthy,P0666,incisor,0,Healthy,0.0000,1.0000,0.0000,0.0000
Healthy/lyria__P0666__b2.png,Healthy,P0666,incisor,0,Healthy,0.0000,1.0000,0.0000,0.0000
Healthy/lyria__P0666__b3.png,Healthy,P0666,canine,0,Healthy,0.0000,1.0000,0.0000,0.0000
Healthy/lyria__P0666__b4.png,Healthy,P0666,premolar,0,Healthy,0.0223,0.9776,0.0000,0.0000
Healthy/lyria__P0666__b6.png,Healthy,P0666,premolar,0,Healthy,0.0002,0.9998,0.0000,0.0000
Healthy/lyria__P0666__b7.png,Healthy,P0666,2nd molar,0,Healthy,0.0000,0.9994,0.0006,0.0001
Healthy/lyria__P0666__b8.png,Healthy,P0666,3rd molar,0,Healthy,0.0000,0.9999,0.0000,0.0000
Healthy/lyria__P0666__b9.png,Healthy,P0666,canine,0,Healthy,0.0010,0.9990,0.0000,0.0000
Healthy/lyria__P0666__b10.png,Healthy,P0666,incisor,0,Healthy,0.1987,0.7934,0.0073,0.0006
Healthy/lyria__P0666__b11.png,Healthy,P0666,incisor,0,Healthy,0.0000,1.0000,0.0000,0.0000
Healthy/lyria__P0666__b12.png,Healthy,P0666,incisor,0,Healthy,0.0002,0.9996,0.0000,0.0002
Healthy/lyria__P0666__b13.png,Healthy,P0666,canine,0,Healthy,0.0003,0.9995,0.0002,0.0000
Healthy/lyria__P0666__b14.png,Healthy,P0666,premolar,0,Healthy,0.0000,1.0000,0.0000,0.0000
Healthy/lyria__P0666__b15.png,Healthy,P0666,premolar,0,Healthy,0.0001,0.9997,0.0001,0.0000
Healthy/lyria__P0666__b16.png,Healthy,P0666,premolar,0,Healthy,0.0000,0.9999,0.0000,0.0000
Healthy/lyria__P0666__b17.png,Healthy,P0666,3rd molar,0,Healthy,0.0081,0.9898,0.0021,0.0000
Healthy/lyria__P0666__b18.png,Healthy,P0666,2nd molar,0,Healthy,0.0000,1.0000,0.0000,0.0000
Healthy/lyria__P0666__b19.png,Healthy,P0666,3rd molar,0,Healthy,0.0000,0.9997,0.0003,0.0000
Healthy/lyria__P0672__b0.png,Healthy,P0672,premolar,0,Healthy,0.0002,0.9998,0.0000,0.0000
Healthy/lyria__P0672__b1.png,Healthy,P0672,1st molar,0,Healthy,0.0000,1.0000,0.0000,0.0000
Healthy/lyria__P0672__b2.png,Healthy,P0672,canine,0,Healthy,0.0000,1.0000,0.0000,0.0000
Healthy/lyria__P0672__b3.png,Healthy,P0672,incisor,0,Healthy,0.0000,1.0000,0.0000,0.0000
Healthy/lyria__P0672__b4.png,Healthy,P0672,incisor,0,Healthy,0.0000,0.9997,0.0001,0.0002
Healthy/lyria__P0672__b5.png,Healthy,P0672,incisor,0,Healthy,0.0002,0.9976,0.0003,0.0019
Healthy/lyria__P0672__b6.png,Healthy,P0672,incisor,0,Healthy,0.0016,0.9974,0.0000,0.0009
Healthy/lyria__P0672__b7.png,Healthy,P0672,canine,0,Healthy,0.0001,0.9990,0.0001,0.0008
Healthy/lyria__P0672__b8.png,Healthy,P0672,incisor,0,Healthy,0.0001,0.9999,0.0000,0.0000
Healthy/lyria__P0672__b9.png,Healthy,P0672,incisor,0,Healthy,0.0000,0.9997,0.0001,0.0001
Healthy/lyria__P0672__b10.png,Healthy,P0672,incisor,0,Healthy,0.0000,0.9997,0.0002,0.0001
Healthy/lyria__P0672__b11.png,Healthy,P0672,incisor,0,Healthy,0.0001,0.9998,0.0000,0.0001
Healthy/lyria__P0672__b13.png,Healthy,P0672,premolar,0,Healthy,0.0000,0.9999,0.0001,0.0000
Healthy/lyria__P0672__b14.png,Healthy,P0672,premolar,0,Healthy,0.0000,0.9969,0.0031,0.0000
Healthy/lyria__P0672__b15.png,Healthy,P0672,2nd molar,0,Healthy,0.0071,0.8068,0.1859,0.0002
Healthy/lyria__P0672__b16.png,Healthy,P0672,canine,0,Healthy,0.0000,1.0000,0.0000,0.0000
Healthy/lyria__P0672__b17.png,Healthy,P0672,premolar,0,Healthy,0.0000,1.0000,0.0000,0.0000
Healthy/lyria__P0672__b18.png,Healthy,P0672,2nd molar,0,Healthy,0.0004,0.9924,0.0070,0.0002
Healthy/lyria__P0068__b0.png,Healthy,P0068,canine,0,Healthy,0.0011,0.9986,0.0001,0.0002
Healthy/lyria__P0068__b1.png,Healthy,P0068,incisor,0,Healthy,0.0000,0.9992,0.0008,0.0000
Healthy/lyria__P0068__b2.png,Healthy,P0068,incisor,0,Healthy,0.0000,1.0000,0.0000,0.0000
Healthy/lyria__P0068__b3.png,Healthy,P0068,incisor,0,Healthy,0.0000,1.0000,0.0000,0.0000
Healthy/lyria__P0068__b5.png,Healthy,P0068,canine,0,Healthy,0.0013,0.9986,0.0000,0.0000
Healthy/lyria__P0068__b6.png,Healthy,P0068,premolar,0,Healthy,0.0057,0.9939,0.0001,0.0003
Healthy/lyria__P0673__b0.png,Healthy,P0673,incisor,0,Healthy,0.0001,0.9999,0.0000,0.0000
Healthy/lyria__P0673__b1.png,Healthy,P0673,incisor,0,Healthy,0.0009,0.9983,0.0007,0.0001
Healthy/lyria__P0673__b2.png,Healthy,P0673,incisor,0,Healthy,0.0001,0.9999,0.0000,0.0000
Healthy/lyria__P0673__b3.png,Healthy,P0673,canine,0,Healthy,0.0000,0.9999,0.0000,0.0000
Healthy/lyria__P0673__b4.png,Healthy,P0673,premolar,0,Healthy,0.0009,0.9991,0.0000,0.0000
Healthy/lyria__P0673__b5.png,Healthy,P0673,premolar,0,Healthy,0.0000,1.0000,0.0000,0.0000
Healthy/lyria__P0673__b6.png,Healthy,P0673,incisor,0,Healthy,0.0000,0.9999,0.0000,0.0001
Healthy/lyria__P0673__b7.png,Healthy,P0673,canine,0,Healthy,0.0002,0.9998,0.0000,0.0001
Healthy/lyria__P0673__b8.png,Healthy,P0673,premolar,0,Healthy,0.0004,0.9992,0.0004,0.0000
Healthy/lyria__P0673__b9.png,Healthy,P0673,premolar,0,Healthy,0.0000,1.0000,0.0000,0.0000
Healthy/lyria__P0673__b10.png,Healthy,P0673,incisor,0,Healthy,0.0000,0.9999,0.0000,0.0001
Healthy/lyria__P0673__b11.png,Healthy,P0673,incisor,0,Healthy,0.0000,0.9992,0.0008,0.0000
Healthy/lyria__P0673__b13.png,Healthy,P0673,canine,0,Healthy,0.0000,0.9999,0.0001,0.0000
Healthy/lyria__P0673__b14.png,Healthy,P0673,premolar,0,Healthy,0.0000,0.9999,0.0001,0.0000
Healthy/lyria__P0673__b15.png,Healthy,P0673,premolar,0,Healthy,0.0000,1.0000,0.0000,0.0000
Healthy/lyria__P0673__b16.png,Healthy,P0673,1st molar,0,Healthy,0.0001,0.9999,0.0000,0.0000
Healthy/lyria__P0673__b17.png,Healthy,P0673,incisor,0,Healthy,0.0000,0.9999,0.0001,0.0000
Healthy/lyria__P0673__b19.png,Healthy,P0673,premolar,0,Healthy,0.0000,0.9998,0.0001,0.0000
Healthy/lyria__P0673__b20.png,Healthy,P0673,1st molar,0,Healthy,0.0000,0.9919,0.0081,0.0000
Healthy/lyria__P0674__b0.png,Healthy,P0674,premolar,0,Healthy,0.0089,0.7469,0.2413,0.0028
Healthy/lyria__P0674__b2.png,Healthy,P0674,incisor,0,Healthy,0.0089,0.9447,0.0445,0.0019
Healthy/lyria__P0674__b3.png,Healthy,P0674,incisor,0,Healthy,0.0003,0.7448,0.2541,0.0008
Healthy/lyria__P0674__b4.png,Healthy,P0674,incisor,0,Healthy,0.0002,0.9929,0.0067,0.0002
Healthy/lyria__P0674__b6.png,Healthy,P0674,3rd molar,0,Healthy,0.0001,0.9241,0.0758,0.0001
Healthy/lyria__P0676__b0.png,Healthy,P0676,incisor,0,Healthy,0.0001,0.9998,0.0000,0.0001
Healthy/lyria__P0676__b1.png,Healthy,P0676,incisor,0,Healthy,0.0000,0.9991,0.0009,0.0000
Healthy/lyria__P0676__b2.png,Healthy,P0676,incisor,0,Healthy,0.0000,0.9991,0.0009,0.0000
Healthy/lyria__P0676__b3.png,Healthy,P0676,incisor,0,Healthy,0.0000,1.0000,0.0000,0.0000
Healthy/lyria__P0676__b4.png,Healthy,P0676,canine,0,Healthy,0.0027,0.9970,0.0000,0.0003
Healthy/lyria__P0676__b5.png,Healthy,P0676,premolar,0,Healthy,0.0003,0.9997,0.0000,0.0000
Healthy/lyria__P0676__b6.png,Healthy,P0676,2nd molar,0,Healthy,0.0000,1.0000,0.0000,0.0000
Healthy/lyria__P0676__b7.png,Healthy,P0676,3rd molar,0,Healthy,0.0000,0.9963,0.0037,0.0000
Healthy/lyria__P0676__b8.png,Healthy,P0676,canine,0,Healthy,0.0017,0.9982,0.0001,0.0000
Healthy/lyria__P0676__b9.png,Healthy,P0676,premolar,0,Healthy,0.0000,1.0000,0.0000,0.0000
Healthy/lyria__P0676__b11.png,Healthy,P0676,2nd molar,0,Healthy,0.0000,1.0000,0.0000,0.0000
Healthy/lyria__P0676__b12.png,Healthy,P0676,3rd molar,0,Healthy,0.0004,0.9991,0.0005,0.0000
Healthy/lyria__P0676__b13.png,Healthy,P0676,canine,0,Healthy,0.0004,0.9883,0.0111,0.0002
Healthy/lyria__P0676__b14.png,Healthy,P0676,incisor,0,Healthy,0.1020,0.8925,0.0055,0.0000
Healthy/lyria__P0676__b15.png,Healthy,P0676,incisor,0,Healthy,0.0000,0.9999,0.0000,0.0001
Healthy/lyria__P0676__b16.png,Healthy,P0676,incisor,0,Healthy,0.0000,0.9996,0.0003,0.0000
Healthy/lyria__P0676__b17.png,Healthy,P0676,incisor,0,Healthy,0.0000,1.0000,0.0000,0.0000
Healthy/lyria__P0676__b18.png,Healthy,P0676,canine,0,Healthy,0.0000,1.0000,0.0000,0.0000
Healthy/lyria__P0676__b19.png,Healthy,P0676,premolar,0,Healthy,0.0003,0.9997,0.0000,0.0001
Healthy/lyria__P0676__b20.png,Healthy,P0676,premolar,0,Healthy,0.0059,0.9938,0.0001,0.0002
Healthy/lyria__P0676__b22.png,Healthy,P0676,premolar,0,Healthy,0.0011,0.9988,0.0000,0.0000
Healthy/lyria__P0676__b23.png,Healthy,P0676,premolar,0,Healthy,0.0001,0.9999,0.0000,0.0000
Healthy/lyria__P0677__b0.png,Healthy,P0677,canine,0,Healthy,0.0000,0.9999,0.0000,0.0001
Healthy/lyria__P0677__b1.png,Healthy,P0677,premolar,0,Healthy,0.3833,0.6167,0.0000,0.0000
Healthy/lyria__P0677__b2.png,Healthy,P0677,canine,0,Healthy,0.0000,0.9991,0.0000,0.0008
Healthy/lyria__P0677__b3.png,Healthy,P0677,incisor,0,Healthy,0.0000,0.9999,0.0000,0.0000
Healthy/lyria__P0677__b6.png,Healthy,P0677,premolar,0,Healthy,0.3538,0.6457,0.0002,0.0003
Healthy/lyria__P0679__b0.png,Healthy,P0679,canine,0,Healthy,0.0003,0.9997,0.0000,0.0000
Healthy/lyria__P0679__b1.png,Healthy,P0679,incisor,0,Healthy,0.0000,0.9996,0.0004,0.0000
Healthy/lyria__P0679__b2.png,Healthy,P0679,incisor,0,Healthy,0.0000,0.9999,0.0000,0.0000
Healthy/lyria__P0679__b3.png,Healthy,P0679,incisor,0,Healthy,0.0000,0.9999,0.0000,0.0000
Healthy/lyria__P0679__b4.png,Healthy,P0679,incisor,0,Healthy,0.0004,0.9993,0.0003,0.0000
Healthy/lyria__P0679__b5.png,Healthy,P0679,incisor,0,Healthy,0.0000,0.9991,0.0008,0.0001
Healthy/lyria__P0679__b6.png,Healthy,P0679,incisor,0,Healthy,0.0000,0.9905,0.0094,0.0001
Healthy/lyria__P0679__b8.png,Healthy,P0679,incisor,0,Healthy,0.0004,0.9963,0.0033,0.0001
Healthy/lyria__P0679__b9.png,Healthy,P0679,canine,0,Healthy,0.0000,0.9985,0.0015,0.0000
Healthy/lyria__P0679__b10.png,Healthy,P0679,canine,0,Healthy,0.0000,1.0000,0.0000,0.0000
Healthy/lyria__P0679__b11.png,Healthy,P0679,premolar,0,Healthy,0.0001,0.9995,0.0004,0.0000
Healthy/lyria__P0679__b12.png,Healthy,P0679,premolar,0,Healthy,0.0002,0.9997,0.0001,0.0000
Healthy/lyria__P0679__b13.png,Healthy,P0679,2nd molar,0,Healthy,0.0000,1.0000,0.0000,0.0000
Healthy/lyria__P0679__b14.png,Healthy,P0679,3rd molar,0,Healthy,0.0003,0.9989,0.0006,0.0002
Healthy/lyria__P0679__b15.png,Healthy,P0679,premolar,0,Healthy,0.0000,1.0000,0.0000,0.0000
Healthy/lyria__P0679__b16.png,Healthy,P0679,premolar,0,Healthy,0.0002,0.9997,0.0000,0.0000
Healthy/lyria__P0679__b17.png,Healthy,P0679,canine,0,Healthy,0.0000,0.9996,0.0000,0.0004
Healthy/lyria__P0679__b18.png,Healthy,P0679,premolar,0,Healthy,0.0000,0.9999,0.0000,0.0000
Healthy/lyria__P0679__b19.png,Healthy,P0679,premolar,0,Healthy,0.0000,0.9999,0.0000,0.0000
Healthy/lyria__P0679__b20.png,Healthy,P0679,3rd molar,0,Healthy,0.0004,0.9385,0.0595,0.0016
Healthy/lyria__P0679__b21.png,Healthy,P0679,premolar,0,Healthy,0.0000,0.9975,0.0025,0.0000
Healthy/lyria__P0679__b22.png,Healthy,P0679,2nd molar,0,Healthy,0.0007,0.9992,0.0001,0.0000
Healthy/lyria__P0680__b0.png,Healthy,P0680,2nd molar,0,Healthy,0.0010,0.9961,0.0022,0.0008
Healthy/lyria__P0680__b1.png,Healthy,P0680,premolar,0,Healthy,0.0043,0.9956,0.0001,0.0000
Healthy/lyria__P0680__b2.png,Healthy,P0680,incisor,0,Healthy,0.0003,0.9993,0.0000,0.0003
Healthy/lyria__P0680__b4.png,Healthy,P0680,incisor,0,Healthy,0.0001,0.9998,0.0000,0.0000
Healthy/lyria__P0680__b5.png,Healthy,P0680,incisor,0,Healthy,0.0001,0.9998,0.0001,0.0000
Healthy/lyria__P0680__b6.png,Healthy,P0680,incisor,0,Healthy,0.0000,1.0000,0.0000,0.0000
Healthy/lyria__P0680__b8.png,Healthy,P0680,premolar,0,Healthy,0.0096,0.9902,0.0001,0.0001
Healthy/lyria__P0680__b9.png,Healthy,P0680,premolar,0,Healthy,0.0568,0.9320,0.0105,0.0007
Healthy/lyria__P0682__b0.png,Healthy,P0682,canine,0,Healthy,0.0020,0.9979,0.0000,0.0001
Healthy/lyria__P0682__b1.png,Healthy,P0682,incisor,0,Healthy,0.0000,0.9995,0.0000,0.0004
Healthy/lyria__P0682__b2.png,Healthy,P0682,canine,0,Healthy,0.0003,0.9996,0.0000,0.0001
Healthy/lyria__P0682__b3.png,Healthy,P0682,premolar,0,Healthy,0.0010,0.9984,0.0000,0.0007
Healthy/lyria__P0682__b4.png,Healthy,P0682,premolar,0,Healthy,0.0018,0.9980,0.0000,0.0002
Healthy/lyria__P0682__b5.png,Healthy,P0682,premolar,0,Healthy,0.0000,1.0000,0.0000,0.0000
Healthy/lyria__P0682__b6.png,Healthy,P0682,canine,0,Healthy,0.0000,1.0000,0.0000,0.0000
Healthy/lyria__P0682__b7.png,Healthy,P0682,incisor,0,Healthy,0.0000,0.9999,0.0000,0.0001
Healthy/lyria__P0682__b8.png,Healthy,P0682,incisor,0,Healthy,0.0000,0.9999,0.0000,0.0001
Healthy/lyria__P0682__b9.png,Healthy,P0682,incisor,0,Healthy,0.0000,0.9995,0.0000,0.0005
Healthy/lyria__P0682__b12.png,Healthy,P0682,premolar,0,Healthy,0.0000,1.0000,0.0000,0.0000
Healthy/lyria__P0682__b13.png,Healthy,P0682,3rd molar,0,Healthy,0.0341,0.5881,0.3604,0.0174
Healthy/lyria__P0683__b0.png,Healthy,P0683,canine,0,Healthy,0.0155,0.9838,0.0007,0.0001
Healthy/lyria__P0683__b1.png,Healthy,P0683,incisor,0,Healthy,0.0000,0.9999,0.0000,0.0001
Healthy/lyria__P0683__b2.png,Healthy,P0683,incisor,0,Healthy,0.0009,0.9964,0.0000,0.0027
Healthy/lyria__P0683__b3.png,Healthy,P0683,incisor,0,Healthy,0.0075,0.9574,0.0315,0.0037
Healthy/lyria__P0683__b4.png,Healthy,P0683,premolar,0,Healthy,0.0180,0.9811,0.0000,0.0008
Healthy/lyria__P0683__b5.png,Healthy,P0683,3rd molar,0,Healthy,0.0000,0.9994,0.0006,0.0000
Healthy/lyria__P0683__b6.png,Healthy,P0683,canine,0,Healthy,0.0000,0.9994,0.0005,0.0000
Healthy/lyria__P0683__b8.png,Healthy,P0683,incisor,0,Healthy,0.0001,0.9988,0.0004,0.0007
Healthy/lyria__P0683__b9.png,Healthy,P0683,incisor,0,Healthy,0.0000,0.9975,0.0022,0.0004
Healthy/lyria__P0683__b10.png,Healthy,P0683,incisor,0,Healthy,0.0000,0.9990,0.0005,0.0005
Healthy/lyria__P0683__b11.png,Healthy,P0683,canine,0,Healthy,0.0005,0.9937,0.0058,0.0000
Healthy/lyria__P0683__b12.png,Healthy,P0683,premolar,0,Healthy,0.0001,0.9968,0.0031,0.0000
Healthy/lyria__P0684__b0.png,Healthy,P0684,incisor,0,Healthy,0.0001,0.9982,0.0000,0.0017
Healthy/lyria__P0684__b1.png,Healthy,P0684,canine,0,Healthy,0.0002,0.9998,0.0000,0.0000
Healthy/lyria__P0684__b2.png,Healthy,P0684,premolar,0,Healthy,0.0001,0.9999,0.0000,0.0000
Healthy/lyria__P0684__b3.png,Healthy,P0684,canine,0,Healthy,0.0021,0.9957,0.0000,0.0022
Healthy/lyria__P0684__b4.png,Healthy,P0684,premolar,0,Healthy,0.0105,0.9887,0.0000,0.0007
Healthy/lyria__P0684__b5.png,Healthy,P0684,premolar,0,Healthy,0.0020,0.9972,0.0000,0.0008
Healthy/lyria__P0684__b6.png,Healthy,P0684,1st molar,0,Healthy,0.0000,1.0000,0.0000,0.0000
Healthy/lyria__P0684__b7.png,Healthy,P0684,2nd molar,0,Healthy,0.0000,0.9999,0.0000,0.0000
Healthy/lyria__P0684__b8.png,Healthy,P0684,premolar,0,Healthy,0.0020,0.9978,0.0000,0.0002
Healthy/lyria__P0684__b10.png,Healthy,P0684,incisor,0,Healthy,0.0002,0.9998,0.0000,0.0000
Healthy/lyria__P0684__b11.png,Healthy,P0684,incisor,0,Healthy,0.0000,0.9995,0.0000,0.0004
Healthy/lyria__P0684__b13.png,Healthy,P0684,incisor,0,Healthy,0.0000,1.0000,0.0000,0.0000
Healthy/lyria__P0684__b14.png,Healthy,P0684,canine,0,Healthy,0.0033,0.9967,0.0000,0.0000
Healthy/lyria__P0684__b15.png,Healthy,P0684,premolar,0,Healthy,0.0043,0.9955,0.0001,0.0000
Healthy/lyria__P0684__b16.png,Healthy,P0684,premolar,0,Healthy,0.0040,0.9955,0.0002,0.0003
Healthy/lyria__P0684__b17.png,Healthy,P0684,2nd molar,0,Impacted,0.0905,0.2409,0.6685,0.0001
Healthy/lyria__P0685__b0.png,Healthy,P0685,incisor,0,Healthy,0.0001,0.9981,0.0000,0.0019
Healthy/lyria__P0685__b1.png,Healthy,P0685,incisor,0,Healthy,0.0000,0.9989,0.0000,0.0011
Healthy/lyria__P0685__b2.png,Healthy,P0685,canine,0,Healthy,0.0193,0.9803,0.0000,0.0004
Healthy/lyria__P0685__b4.png,Healthy,P0685,incisor,0,Healthy,0.0002,0.9998,0.0000,0.0001
Healthy/lyria__P0685__b6.png,Healthy,P0685,incisor,0,Healthy,0.0000,0.9996,0.0000,0.0004
Healthy/lyria__P0685__b7.png,Healthy,P0685,incisor,0,Healthy,0.0000,1.0000,0.0000,0.0000
Healthy/lyria__P0685__b8.png,Healthy,P0685,canine,0,Healthy,0.0004,0.9995,0.0000,0.0001
Healthy/lyria__P0685__b9.png,Healthy,P0685,canine,0,Healthy,0.0093,0.9904,0.0002,0.0000
Healthy/lyria__P0686__b0.png,Healthy,P0686,canine,0,Endodontics,0.6056,0.3942,0.0000,0.0002
Healthy/lyria__P0686__b1.png,Healthy,P0686,incisor,0,Healthy,0.0000,1.0000,0.0000,0.0000
Healthy/lyria__P0686__b2.png,Healthy,P0686,incisor,0,Healthy,0.0000,1.0000,0.0000,0.0000
Healthy/lyria__P0686__b3.png,Healthy,P0686,incisor,0,Healthy,0.0000,0.9992,0.0000,0.0008
Healthy/lyria__P0686__b4.png,Healthy,P0686,incisor,0,Healthy,0.0000,1.0000,0.0000,0.0000
Healthy/lyria__P0686__b5.png,Healthy,P0686,canine,0,Healthy,0.0001,0.9998,0.0000,0.0001
Healthy/lyria__P0686__b8.png,Healthy,P0686,incisor,0,Healthy,0.0000,0.9998,0.0000,0.0002
Healthy/lyria__P0686__b9.png,Healthy,P0686,incisor,0,Healthy,0.0000,0.9998,0.0000,0.0002
Healthy/lyria__P0686__b10.png,Healthy,P0686,incisor,0,Healthy,0.0003,0.9992,0.0000,0.0005
Healthy/lyria__P0686__b11.png,Healthy,P0686,canine,0,Healthy,0.0000,0.9999,0.0000,0.0001
Healthy/lyria__P0687__b0.png,Healthy,P0687,incisor,0,Healthy,0.0000,0.9992,0.0000,0.0008
Healthy/lyria__P0687__b1.png,Healthy,P0687,incisor,0,Healthy,0.0003,0.9939,0.0000,0.0058
Healthy/lyria__P0687__b2.png,Healthy,P0687,canine,0,Healthy,0.0000,0.9999,0.0000,0.0001
Healthy/lyria__P0687__b3.png,Healthy,P0687,3rd molar,0,Healthy,0.0007,0.9980,0.0010,0.0003
Healthy/lyria__P0687__b5.png,Healthy,P0687,canine,0,Healthy,0.0005,0.9941,0.0000,0.0054
Healthy/lyria__P0687__b6.png,Healthy,P0687,premolar,0,Healthy,0.0015,0.8530,0.0000,0.1455
Healthy/lyria__P0687__b7.png,Healthy,P0687,3rd molar,0,Healthy,0.0001,0.9294,0.0000,0.0704
Healthy/lyria__P0687__b8.png,Healthy,P0687,incisor,0,Healthy,0.0000,0.9994,0.0000,0.0006
Healthy/lyria__P0687__b9.png,Healthy,P0687,incisor,0,Healthy,0.0000,0.9988,0.0000,0.0012
Healthy/lyria__P0687__b10.png,Healthy,P0687,incisor,0,Healthy,0.0000,0.9991,0.0000,0.0009
Healthy/lyria__P0687__b11.png,Healthy,P0687,canine,0,Healthy,0.0000,1.0000,0.0000,0.0000
Healthy/lyria__P0687__b13.png,Healthy,P0687,premolar,0,Healthy,0.0000,0.9467,0.0002,0.0531
Healthy/lyria__P0688__b0.png,Healthy,P0688,incisor,0,Healthy,0.0000,0.9993,0.0000,0.0007
Healthy/lyria__P0688__b1.png,Healthy,P0688,incisor,0,Healthy,0.0017,0.9980,0.0000,0.0003
Healthy/lyria__P0688__b3.png,Healthy,P0688,canine,0,Healthy,0.0000,1.0000,0.0000,0.0000
Healthy/lyria__P0688__b4.png,Healthy,P0688,canine,0,Healthy,0.0000,0.9999,0.0000,0.0001
Healthy/lyria__P0688__b5.png,Healthy,P0688,premolar,0,Healthy,0.0004,0.9986,0.0010,0.0000
Healthy/lyria__P0688__b6.png,Healthy,P0688,premolar,0,Healthy,0.0150,0.9849,0.0000,0.0001
Healthy/lyria__P0688__b7.png,Healthy,P0688,1st molar,0,Healthy,0.0000,0.9999,0.0001,0.0000
Healthy/lyria__P0688__b8.png,Healthy,P0688,2nd molar,0,Healthy,0.0000,1.0000,0.0000,0.0000
Healthy/lyria__P0688__b10.png,Healthy,P0688,premolar,0,Healthy,0.0324,0.9671,0.0004,0.0001
Healthy/lyria__P0688__b11.png,Healthy,P0688,1st molar,0,Healthy,0.0002,0.9997,0.0000,0.0000
Healthy/lyria__P0688__b12.png,Healthy,P0688,3rd molar,0,Impacted,0.0017,0.3982,0.5689,0.0312
Healthy/lyria__P0688__b13.png,Healthy,P0688,incisor,0,Healthy,0.0000,1.0000,0.0000,0.0000
Healthy/lyria__P0688__b14.png,Healthy,P0688,incisor,0,Healthy,0.0002,0.9987,0.0000,0.0011
Healthy/lyria__P0688__b15.png,Healthy,P0688,incisor,0,Healthy,0.0000,0.9999,0.0000,0.0001
Healthy/lyria__P0688__b16.png,Healthy,P0688,incisor,0,Healthy,0.0001,0.9999,0.0000,0.0000
Healthy/lyria__P0688__b17.png,Healthy,P0688,canine,0,Healthy,0.0000,1.0000,0.0000,0.0000
Healthy/lyria__P0688__b18.png,Healthy,P0688,premolar,0,Healthy,0.0002,0.9995,0.0003,0.0000
Healthy/lyria__P0688__b19.png,Healthy,P0688,premolar,0,Healthy,0.0003,0.9648,0.0349,0.0001
Healthy/lyria__P0688__b20.png,Healthy,P0688,premolar,0,Healthy,0.0232,0.9766,0.0001,0.0000
Healthy/lyria__P0688__b21.png,Healthy,P0688,canine,0,Healthy,0.0011,0.9988,0.0000,0.0001
Healthy/lyria__P0688__b22.png,Healthy,P0688,premolar,0,Healthy,0.0019,0.9980,0.0000,0.0000
Healthy/lyria__P0688__b23.png,Healthy,P0688,2nd molar,0,Healthy,0.0000,1.0000,0.0000,0.0000
Healthy/lyria__P0688__b24.png,Healthy,P0688,3rd molar,0,Impacted,0.0000,0.0558,0.9441,0.0001
Healthy/lyria__P0688__b25.png,Healthy,P0688,3rd molar,0,Healthy,0.0008,0.9276,0.0698,0.0018
Healthy/lyria__P0689__b0.png,Healthy,P0689,2nd molar,0,Healthy,0.0044,0.9780,0.0138,0.0039
Healthy/lyria__P0689__b1.png,Healthy,P0689,incisor,0,Healthy,0.0001,0.9995,0.0000,0.0004
Healthy/lyria__P0689__b2.png,Healthy,P0689,incisor,0,Healthy,0.0000,0.9999,0.0000,0.0001
Healthy/lyria__P0689__b3.png,Healthy,P0689,incisor,0,Healthy,0.0000,0.9991,0.0000,0.0008
Healthy/lyria__P0689__b4.png,Healthy,P0689,canine,0,Healthy,0.0000,0.9998,0.0000,0.0002
Healthy/lyria__P0689__b5.png,Healthy,P0689,incisor,0,Healthy,0.0002,0.9996,0.0002,0.0000
Healthy/lyria__P0690__b1.png,Healthy,P0690,incisor,0,Healthy,0.0005,0.9871,0.0118,0.0006
Healthy/lyria__P0690__b3.png,Healthy,P0690,incisor,0,Healthy,0.0022,0.9919,0.0058,0.0001
Healthy/lyria__P0691__b1.png,Healthy,P0691,canine,0,Healthy,0.0022,0.9977,0.0000,0.0001
Healthy/lyria__P0691__b2.png,Healthy,P0691,premolar,0,Healthy,0.0000,1.0000,0.0000,0.0000
Healthy/lyria__P0691__b4.png,Healthy,P0691,incisor,0,Healthy,0.0000,1.0000,0.0000,0.0000
Healthy/lyria__P0691__b5.png,Healthy,P0691,incisor,0,Healthy,0.0000,1.0000,0.0000,0.0000
Healthy/lyria__P0691__b6.png,Healthy,P0691,incisor,0,Healthy,0.0000,0.9988,0.0000,0.0012
Healthy/lyria__P0691__b7.png,Healthy,P0691,incisor,0,Healthy,0.0000,0.9999,0.0000,0.0001
Healthy/lyria__P0691__b8.png,Healthy,P0691,canine,0,Healthy,0.0000,1.0000,0.0000,0.0000
Healthy/lyria__P0691__b9.png,Healthy,P0691,premolar,0,Healthy,0.0007,0.9992,0.0000,0.0000
Healthy/lyria__P0694__b0.png,Healthy,P0694,canine,0,Healthy,0.0000,1.0000,0.0000,0.0000
Healthy/lyria__P0694__b1.png,Healthy,P0694,premolar,0,Healthy,0.0008,0.9905,0.0087,0.0000
Healthy/lyria__P0694__b2.png,Healthy,P0694,premolar,0,Healthy,0.0012,0.9978,0.0011,0.0000
Healthy/lyria__P0694__b4.png,Healthy,P0694,3rd molar,0,Healthy,0.0000,0.9940,0.0059,0.0000
Healthy/lyria__P0694__b5.png,Healthy,P0694,premolar,0,Healthy,0.0013,0.9982,0.0002,0.0003
Healthy/lyria__P0694__b6.png,Healthy,P0694,2nd molar,0,Healthy,0.0000,1.0000,0.0000,0.0000
Healthy/lyria__P0694__b7.png,Healthy,P0694,incisor,0,Healthy,0.0000,1.0000,0.0000,0.0000
Healthy/lyria__P0694__b8.png,Healthy,P0694,incisor,0,Healthy,0.0000,0.9999,0.0000,0.0001
Healthy/lyria__P0694__b10.png,Healthy,P0694,incisor,0,Healthy,0.0000,0.9999,0.0000,0.0001
Healthy/lyria__P0694__b11.png,Healthy,P0694,canine,0,Healthy,0.0016,0.9983,0.0000,0.0000
Healthy/lyria__P0694__b12.png,Healthy,P0694,premolar,0,Healthy,0.0024,0.9969,0.0000,0.0006
Healthy/lyria__P0694__b13.png,Healthy,P0694,incisor,0,Healthy,0.0001,0.9999,0.0000,0.0000
Healthy/lyria__P0694__b14.png,Healthy,P0694,incisor,0,Healthy,0.0000,0.9999,0.0000,0.0001
Healthy/lyria__P0694__b15.png,Healthy,P0694,incisor,0,Healthy,0.0001,0.9997,0.0000,0.0002
Healthy/lyria__P0694__b16.png,Healthy,P0694,incisor,0,Healthy,0.0000,0.9998,0.0000,0.0002
Healthy/lyria__P0694__b17.png,Healthy,P0694,3rd molar,0,Healthy,0.0000,1.0000,0.0000,0.0000
Healthy/lyria__P0694__b18.png,Healthy,P0694,3rd molar,0,Healthy,0.0000,0.9548,0.0452,0.0000
Healthy/lyria__P0694__b19.png,Healthy,P0694,2nd molar,0,Healthy,0.0000,1.0000,0.0000,0.0000
Healthy/lyria__P0694__b20.png,Healthy,P0694,2nd molar,0,Healthy,0.0000,1.0000,0.0000,0.0000
Healthy/lyria__P0695__b0.png,Healthy,P0695,incisor,0,Healthy,0.0002,0.9992,0.0000,0.0005
Healthy/lyria__P0695__b1.png,Healthy,P0695,incisor,0,Healthy,0.0000,0.9997,0.0000,0.0003
Healthy/lyria__P0695__b2.png,Healthy,P0695,incisor,0,Healthy,0.0000,0.9999,0.0001,0.0000
Healthy/lyria__P0696__b0.png,Healthy,P0696,premolar,0,Healthy,0.0006,0.9994,0.0000,0.0001
Healthy/lyria__P0696__b1.png,Healthy,P0696,canine,0,Healthy,0.0000,1.0000,0.0000,0.0000
Healthy/lyria__P0696__b2.png,Healthy,P0696,premolar,0,Healthy,0.0006,0.9994,0.0000,0.0000
Healthy/lyria__P0696__b3.png,Healthy,P0696,canine,0,Healthy,0.0000,0.9999,0.0001,0.0000
Healthy/lyria__P0696__b4.png,Healthy,P0696,incisor,0,Healthy,0.0002,0.9997,0.0000,0.0000
Healthy/lyria__P0696__b5.png,Healthy,P0696,incisor,0,Healthy,0.0001,0.9999,0.0000,0.0001
Healthy/lyria__P0696__b6.png,Healthy,P0696,incisor,0,Healthy,0.0003,0.9996,0.0000,0.0001
Healthy/lyria__P0696__b7.png,Healthy,P0696,incisor,0,Healthy,0.0002,0.9998,0.0000,0.0000
Healthy/lyria__P0696__b8.png,Healthy,P0696,canine,0,Healthy,0.0001,0.9997,0.0001,0.0001
Healthy/lyria__P0696__b10.png,Healthy,P0696,premolar,0,Healthy,0.0000,1.0000,0.0000,0.0000
Healthy/lyria__P0697__b0.png,Healthy,P0697,canine,0,Healthy,0.0002,0.9934,0.0061,0.0003
Healthy/lyria__P0697__b1.png,Healthy,P0697,incisor,0,Healthy,0.0001,0.9996,0.0002,0.0001
Healthy/lyria__P0697__b2.png,Healthy,P0697,incisor,0,Healthy,0.0000,0.9987,0.0012,0.0001
Healthy/lyria__P0697__b4.png,Healthy,P0697,incisor,0,Healthy,0.0002,0.9974,0.0008,0.0017
Healthy/lyria__P0698__b0.png,Healthy,P0698,canine,0,Healthy,0.0000,1.0000,0.0000,0.0000
Healthy/lyria__P0698__b2.png,Healthy,P0698,incisor,0,Healthy,0.0000,0.9998,0.0000,0.0001
Healthy/lyria__P0698__b3.png,Healthy,P0698,incisor,0,Healthy,0.0000,0.9997,0.0000,0.0003
Healthy/lyria__P0698__b4.png,Healthy,P0698,incisor,0,Healthy,0.0000,1.0000,0.0000,0.0000
Healthy/lyria__P0698__b5.png,Healthy,P0698,incisor,0,Healthy,0.0000,0.9998,0.0000,0.0002
Healthy/lyria__P0698__b6.png,Healthy,P0698,canine,0,Endodontics,0.6280,0.3713,0.0001,0.0007
Healthy/lyria__P0698__b7.png,Healthy,P0698,premolar,0,Healthy,0.0000,1.0000,0.0000,0.0000
Healthy/lyria__P0699__b0.png,Healthy,P0699,incisor,0,Healthy,0.0001,0.9999,0.0000,0.0000
Healthy/lyria__P0699__b1.png,Healthy,P0699,canine,0,Healthy,0.0000,1.0000,0.0000,0.0000
Healthy/lyria__P0702__b0.png,Healthy,P0702,3rd molar,0,Healthy,0.0000,1.0000,0.0000,0.0000
Healthy/lyria__P0702__b1.png,Healthy,P0702,premolar,0,Healthy,0.0369,0.9629,0.0001,0.0001
Healthy/lyria__P0702__b2.png,Healthy,P0702,premolar,0,Healthy,0.0102,0.9870,0.0000,0.0028
Healthy/lyria__P0702__b4.png,Healthy,P0702,canine,0,Healthy,0.0000,0.9999,0.0000,0.0000
Healthy/lyria__P0702__b5.png,Healthy,P0702,incisor,0,Healthy,0.0000,1.0000,0.0000,0.0000
Healthy/lyria__P0702__b6.png,Healthy,P0702,incisor,0,Healthy,0.0000,1.0000,0.0000,0.0000
Healthy/lyria__P0702__b7.png,Healthy,P0702,incisor,0,Healthy,0.0013,0.9986,0.0000,0.0001
Healthy/lyria__P0702__b8.png,Healthy,P0702,incisor,0,Healthy,0.0000,1.0000,0.0000,0.0000
Healthy/lyria__P0702__b10.png,Healthy,P0702,premolar,0,Healthy,0.3319,0.6675,0.0001,0.0006
Healthy/lyria__P0702__b11.png,Healthy,P0702,3rd molar,0,Healthy,0.0000,0.7592,0.2407,0.0000
Healthy/lyria__P0702__b12.png,Healthy,P0702,premolar,0,Healthy,0.0011,0.9986,0.0002,0.0000
Healthy/lyria__P0704__b0.png,Healthy,P0704,canine,0,Healthy,0.0004,0.9996,0.0000,0.0000
Healthy/lyria__P0704__b1.png,Healthy,P0704,incisor,0,Healthy,0.0001,0.9996,0.0000,0.0002
Healthy/lyria__P0704__b2.png,Healthy,P0704,incisor,0,Healthy,0.0000,1.0000,0.0000,0.0000
Healthy/lyria__P0704__b3.png,Healthy,P0704,incisor,0,Healthy,0.0000,1.0000,0.0000,0.0000
Healthy/lyria__P0704__b4.png,Healthy,P0704,incisor,0,Healthy,0.0000,1.0000,0.0000,0.0000
Healthy/lyria__P0704__b5.png,Healthy,P0704,canine,0,Healthy,0.0001,0.9999,0.0000,0.0000
Healthy/lyria__P0704__b6.png,Healthy,P0704,premolar,0,Healthy,0.0007,0.9992,0.0000,0.0001
Healthy/lyria__P0704__b7.png,Healthy,P0704,2nd molar,0,Healthy,0.0000,1.0000,0.0000,0.0000
Healthy/lyria__P0704__b8.png,Healthy,P0704,3rd molar,0,Healthy,0.0000,1.0000,0.0000,0.0000
Healthy/lyria__P0704__b10.png,Healthy,P0704,3rd molar,0,Healthy,0.0000,1.0000,0.0000,0.0000
Healthy/lyria__P0704__b11.png,Healthy,P0704,premolar,0,Healthy,0.0012,0.9986,0.0001,0.0001
Healthy/lyria__P0704__b12.png,Healthy,P0704,canine,0,Healthy,0.0000,0.9998,0.0002,0.0000
Healthy/lyria__P0704__b14.png,Healthy,P0704,3rd molar,0,Healthy,0.0000,0.9976,0.0024,0.0000
Healthy/lyria__P0704__b15.png,Healthy,P0704,incisor,0,Healthy,0.0000,1.0000,0.0000,0.0000
Healthy/lyria__P0704__b16.png,Healthy,P0704,incisor,0,Healthy,0.0000,0.9995,0.0000,0.0005
Healthy/lyria__P0704__b17.png,Healthy,P0704,incisor,0,Healthy,0.0000,0.9999,0.0000,0.0001
Healthy/lyria__P0704__b18.png,Healthy,P0704,incisor,0,Healthy,0.0000,0.9999,0.0000,0.0001
Healthy/lyria__P0704__b19.png,Healthy,P0704,canine,0,Healthy,0.0000,1.0000,0.0000,0.0000
Healthy/lyria__P0704__b20.png,Healthy,P0704,premolar,0,Healthy,0.0000,1.0000,0.0000,0.0000
Healthy/lyria__P0704__b21.png,Healthy,P0704,premolar,0,Healthy,0.0010,0.9988,0.0002,0.0000
Healthy/lyria__P0705__b0.png,Healthy,P0705,incisor,0,Healthy,0.0000,0.9999,0.0000,0.0001
Healthy/lyria__P0705__b1.png,Healthy,P0705,incisor,0,Healthy,0.0000,0.9995,0.0000,0.0005
Healthy/lyria__P0705__b2.png,Healthy,P0705,incisor,0,Healthy,0.0000,1.0000,0.0000,0.0000
Healthy/lyria__P0705__b3.png,Healthy,P0705,incisor,0,Healthy,0.0000,0.9999,0.0000,0.0001
Healthy/lyria__P0705__b5.png,Healthy,P0705,canine,0,Healthy,0.0001,0.9998,0.0000,0.0001
Healthy/lyria__P0705__b7.png,Healthy,P0705,canine,0,Healthy,0.0003,0.9996,0.0001,0.0000
Healthy/lyria__P0705__b8.png,Healthy,P0705,premolar,0,Healthy,0.0056,0.9937,0.0004,0.0003
Healthy/lyria__P0708__b1.png,Healthy,P0708,premolar,0,Healthy,0.0017,0.9982,0.0000,0.0001
Healthy/lyria__P0708__b2.png,Healthy,P0708,canine,0,Healthy,0.0001,0.9940,0.0000,0.0059
Healthy/lyria__P0708__b3.png,Healthy,P0708,canine,0,Healthy,0.0000,0.9999,0.0000,0.0000
Healthy/lyria__P0708__b4.png,Healthy,P0708,incisor,0,Healthy,0.0000,1.0000,0.0000,0.0000
Healthy/lyria__P0708__b5.png,Healthy,P0708,incisor,0,Healthy,0.0000,1.0000,0.0000,0.0000
Healthy/lyria__P0708__b6.png,Healthy,P0708,incisor,0,Healthy,0.0000,0.9999,0.0000,0.0000
Healthy/lyria__P0708__b7.png,Healthy,P0708,canine,0,Healthy,0.0000,1.0000,0.0000,0.0000
Healthy/lyria__P0708__b8.png,Healthy,P0708,premolar,0,Healthy,0.0000,1.0000,0.0000,0.0000
Healthy/lyria__P0708__b9.png,Healthy,P0708,premolar,0,Healthy,0.0000,0.9999,0.0000,0.0000
Healthy/lyria__P0708__b10.png,Healthy,P0708,canine,0,Healthy,0.0000,1.0000,0.0000,0.0000
Healthy/lyria__P0708__b12.png,Healthy,P0708,premolar,0,Healthy,0.0000,0.9999,0.0000,0.0000
Healthy/lyria__P0708__b13.png,Healthy,P0708,1st molar,0,Healthy,0.0023,0.9958,0.0018,0.0002
Healthy/lyria__P0708__b14.png,Healthy,P0708,2nd molar,0,Impacted,0.4172,0.1536,0.4292,0.0000
Healthy/lyria__P0709__b0.png,Healthy,P0709,canine,0,Healthy,0.0007,0.9992,0.0001,0.0000
Healthy/lyria__P0709__b1.png,Healthy,P0709,incisor,0,Healthy,0.0005,0.9995,0.0000,0.0000
Healthy/lyria__P0709__b2.png,Healthy,P0709,incisor,0,Healthy,0.0001,0.9999,0.0000,0.0000
Healthy/lyria__P0709__b4.png,Healthy,P0709,canine,0,Healthy,0.0008,0.9991,0.0000,0.0001
Healthy/lyria__P0709__b5.png,Healthy,P0709,incisor,0,Healthy,0.0004,0.9987,0.0005,0.0003
Healthy/lyria__P0709__b6.png,Healthy,P0709,incisor,0,Healthy,0.0000,0.9979,0.0015,0.0006
Healthy/lyria__P0709__b7.png,Healthy,P0709,canine,0,Healthy,0.0000,0.9997,0.0001,0.0001
Healthy/lyria__P0709__b8.png,Healthy,P0709,incisor,0,Healthy,0.0252,0.9736,0.0006,0.0006
Healthy/lyria__P0709__b10.png,Healthy,P0709,canine,0,Healthy,0.0000,0.9997,0.0002,0.0000
Healthy/lyria__P0709__b11.png,Healthy,P0709,premolar,0,Healthy,0.0002,0.6494,0.3503,0.0001
Healthy/lyria__P0711__b0.png,Healthy,P0711,incisor,0,Healthy,0.0000,0.9984,0.0000,0.0016
Healthy/lyria__P0711__b1.png,Healthy,P0711,canine,0,Healthy,0.0005,0.9995,0.0000,0.0000
Healthy/lyria__P0711__b2.png,Healthy,P0711,canine,0,Healthy,0.0003,0.9997,0.0000,0.0000
Healthy/lyria__P0711__b3.png,Healthy,P0711,incisor,0,Healthy,0.0000,0.9998,0.0000,0.0002
Healthy/lyria__P0711__b4.png,Healthy,P0711,incisor,0,Healthy,0.0000,1.0000,0.0000,0.0000
Healthy/lyria__P0711__b5.png,Healthy,P0711,incisor,0,Healthy,0.0000,0.9999,0.0000,0.0001
Healthy/lyria__P0711__b7.png,Healthy,P0711,incisor,0,Healthy,0.0000,1.0000,0.0000,0.0000
Healthy/lyria__P0074__b0.png,Healthy,P0074,incisor,0,Healthy,0.0090,0.9910,0.0000,0.0000
Healthy/lyria__P0074__b2.png,Healthy,P0074,canine,0,Healthy,0.0025,0.9975,0.0000,0.0000
Healthy/lyria__P0712__b0.png,Healthy,P0712,canine,0,Healthy,0.0076,0.9923,0.0000,0.0001
Healthy/lyria__P0713__b0.png,Healthy,P0713,incisor,0,Healthy,0.0021,0.9973,0.0004,0.0001
Healthy/lyria__P0713__b2.png,Healthy,P0713,canine,0,Healthy,0.0024,0.9918,0.0001,0.0058
Healthy/lyria__P0714__b0.png,Healthy,P0714,incisor,0,Healthy,0.1593,0.8124,0.0002,0.0281
Healthy/lyria__P0714__b1.png,Healthy,P0714,incisor,0,Healthy,0.0001,0.9995,0.0000,0.0004
Healthy/lyria__P0714__b3.png,Healthy,P0714,incisor,0,Healthy,0.0000,1.0000,0.0000,0.0000
Healthy/lyria__P0714__b5.png,Healthy,P0714,canine,0,Healthy,0.0023,0.9975,0.0001,0.0001
Healthy/lyria__P0075__b0.png,Healthy,P0075,canine,0,Endodontics,0.6957,0.3016,0.0002,0.0025
Healthy/lyria__P0075__b1.png,Healthy,P0075,incisor,0,Healthy,0.3946,0.6053,0.0001,0.0000
Healthy/lyria__P0075__b2.png,Healthy,P0075,incisor,0,Healthy,0.2570,0.7429,0.0000,0.0001
Healthy/lyria__P0075__b5.png,Healthy,P0075,canine,0,Healthy,0.0138,0.9832,0.0004,0.0025
Healthy/lyria__P0715__b0.png,Healthy,P0715,premolar,0,Healthy,0.0001,0.9998,0.0000,0.0000
Healthy/lyria__P0715__b1.png,Healthy,P0715,premolar,0,Healthy,0.0019,0.9981,0.0000,0.0000
Healthy/lyria__P0715__b2.png,Healthy,P0715,canine,0,Healthy,0.0001,0.9999,0.0000,0.0000
Healthy/lyria__P0715__b3.png,Healthy,P0715,incisor,0,Healthy,0.0000,0.9998,0.0000,0.0002
Healthy/lyria__P0715__b4.png,Healthy,P0715,incisor,0,Healthy,0.0017,0.9982,0.0000,0.0000
Healthy/lyria__P0715__b5.png,Healthy,P0715,canine,0,Healthy,0.0001,0.9998,0.0000,0.0001
Healthy/lyria__P0715__b6.png,Healthy,P0715,premolar,0,Healthy,0.0001,0.9999,0.0000,0.0000
Healthy/lyria__P0715__b7.png,Healthy,P0715,premolar,0,Healthy,0.0014,0.9986,0.0000,0.0000
Healthy/lyria__P0715__b8.png,Healthy,P0715,2nd molar,0,Healthy,0.0000,1.0000,0.0000,0.0000
Healthy/lyria__P0715__b9.png,Healthy,P0715,premolar,0,Healthy,0.0018,0.9974,0.0000,0.0009
Healthy/lyria__P0715__b10.png,Healthy,P0715,canine,0,Healthy,0.0000,1.0000,0.0000,0.0000
Healthy/lyria__P0715__b11.png,Healthy,P0715,incisor,0,Healthy,0.0000,1.0000,0.0000,0.0000
Healthy/lyria__P0715__b13.png,Healthy,P0715,incisor,0,Healthy,0.0001,0.9999,0.0000,0.0000
Healthy/lyria__P0715__b14.png,Healthy,P0715,incisor,0,Healthy,0.0000,1.0000,0.0000,0.0000
Healthy/lyria__P0715__b15.png,Healthy,P0715,canine,0,Healthy,0.0000,1.0000,0.0000,0.0000
Healthy/lyria__P0717__b0.png,Healthy,P0717,2nd molar,0,Healthy,0.0000,0.9996,0.0004,0.0000
Healthy/lyria__P0717__b1.png,Healthy,P0717,premolar,0,Healthy,0.0000,1.0000,0.0000,0.0000
Healthy/lyria__P0717__b3.png,Healthy,P0717,canine,0,Healthy,0.0012,0.9979,0.0008,0.0001
Healthy/lyria__P0717__b4.png,Healthy,P0717,incisor,0,Healthy,0.0000,0.9897,0.0094,0.0008
Healthy/lyria__P0717__b5.png,Healthy,P0717,incisor,0,Healthy,0.0078,0.9665,0.0132,0.0126
Healthy/lyria__P0717__b6.png,Healthy,P0717,canine,0,Healthy,0.0001,0.9999,0.0000,0.0000
Healthy/lyria__P0717__b7.png,Healthy,P0717,premolar,0,Healthy,0.0001,0.9999,0.0000,0.0000
Healthy/lyria__P0717__b8.png,Healthy,P0717,premolar,0,Healthy,0.0047,0.9941,0.0005,0.0007
Healthy/lyria__P0717__b9.png,Healthy,P0717,canine,0,Healthy,0.0000,0.9982,0.0018,0.0000
Healthy/lyria__P0717__b10.png,Healthy,P0717,incisor,0,Healthy,0.0000,0.9998,0.0001,0.0000
Healthy/lyria__P0717__b11.png,Healthy,P0717,incisor,0,Healthy,0.0000,0.9999,0.0000,0.0001
Healthy/lyria__P0717__b12.png,Healthy,P0717,incisor,0,Healthy,0.0000,1.0000,0.0000,0.0000
Healthy/lyria__P0717__b13.png,Healthy,P0717,incisor,0,Healthy,0.0000,0.9952,0.0047,0.0000
Healthy/lyria__P0717__b14.png,Healthy,P0717,canine,0,Healthy,0.0000,1.0000,0.0000,0.0000
Healthy/lyria__P0717__b15.png,Healthy,P0717,premolar,0,Healthy,0.0011,0.9979,0.0008,0.0001
Healthy/lyria__P0717__b17.png,Healthy,P0717,2nd molar,0,Healthy,0.0000,1.0000,0.0000,0.0000
Healthy/lyria__P0717__b18.png,Healthy,P0717,premolar,0,Healthy,0.0004,0.9990,0.0006,0.0000
Healthy/lyria__P0717__b19.png,Healthy,P0717,premolar,0,Healthy,0.0010,0.9937,0.0044,0.0008
Healthy/lyria__P0718__b0.png,Healthy,P0718,canine,0,Healthy,0.1176,0.8777,0.0000,0.0047
Healthy/lyria__P0718__b1.png,Healthy,P0718,2nd molar,0,Healthy,0.0007,0.9993,0.0000,0.0000
Healthy/lyria__P0718__b2.png,Healthy,P0718,canine,0,Healthy,0.0000,1.0000,0.0000,0.0000
Healthy/lyria__P0718__b4.png,Healthy,P0718,incisor,0,Healthy,0.0000,0.9996,0.0001,0.0003
Healthy/lyria__P0718__b5.png,Healthy,P0718,incisor,0,Healthy,0.0000,0.9991,0.0006,0.0003
Healthy/lyria__P0718__b6.png,Healthy,P0718,incisor,0,Healthy,0.0000,0.9979,0.0020,0.0001
Healthy/lyria__P0718__b7.png,Healthy,P0718,canine,0,Healthy,0.0000,0.9995,0.0005,0.0000
Healthy/lyria__P0718__b8.png,Healthy,P0718,premolar,0,Healthy,0.0000,0.9682,0.0317,0.0001
Healthy/lyria__P0719__b0.png,Healthy,P0719,premolar,0,Healthy,0.0001,0.9999,0.0000,0.0000
Healthy/lyria__P0719__b1.png,Healthy,P0719,premolar,0,Healthy,0.0001,0.9999,0.0000,0.0000
Healthy/lyria__P0719__b2.png,Healthy,P0719,canine,0,Healthy,0.0000,0.9998,0.0000,0.0002
Healthy/lyria__P0719__b3.png,Healthy,P0719,incisor,0,Healthy,0.0000,0.9999,0.0000,0.0001
Healthy/lyria__P0719__b4.png,Healthy,P0719,incisor,0,Healthy,0.0000,0.9998,0.0000,0.0002
Healthy/lyria__P0719__b5.png,Healthy,P0719,incisor,0,Healthy,0.0000,0.9998,0.0000,0.0002
Healthy/lyria__P0719__b6.png,Healthy,P0719,incisor,0,Healthy,0.0000,0.9998,0.0000,0.0001
Healthy/lyria__P0719__b7.png,Healthy,P0719,canine,0,Healthy,0.0001,0.9999,0.0000,0.0000
Healthy/lyria__P0719__b8.png,Healthy,P0719,premolar,0,Healthy,0.0000,1.0000,0.0000,0.0000
Healthy/lyria__P0719__b10.png,Healthy,P0719,incisor,0,Healthy,0.0000,1.0000,0.0000,0.0000
Healthy/lyria__P0719__b11.png,Healthy,P0719,incisor,0,Healthy,0.0002,0.9997,0.0001,0.0000
Healthy/lyria__P0719__b12.png,Healthy,P0719,canine,0,Healthy,0.0001,0.9999,0.0000,0.0000
Healthy/lyria__P0719__b13.png,Healthy,P0719,premolar,0,Healthy,0.0000,0.9998,0.0001,0.0000
Healthy/lyria__P0719__b14.png,Healthy,P0719,premolar,0,Healthy,0.0000,1.0000,0.0000,0.0000
Healthy/lyria__P0719__b15.png,Healthy,P0719,incisor,0,Healthy,0.0000,0.9999,0.0000,0.0001
Healthy/lyria__P0719__b16.png,Healthy,P0719,canine,0,Healthy,0.0000,1.0000,0.0000,0.0000
Healthy/lyria__P0719__b17.png,Healthy,P0719,premolar,0,Healthy,0.0000,1.0000,0.0000,0.0000
Healthy/lyria__P0719__b18.png,Healthy,P0719,premolar,0,Healthy,0.0000,1.0000,0.0000,0.0000
Healthy/lyria__P0720__b0.png,Healthy,P0720,1st molar,0,Healthy,0.0000,0.9992,0.0007,0.0001
Healthy/lyria__P0720__b1.png,Healthy,P0720,premolar,0,Healthy,0.0001,0.9995,0.0003,0.0000
Healthy/lyria__P0720__b2.png,Healthy,P0720,premolar,0,Healthy,0.0004,0.9995,0.0001,0.0000
Healthy/lyria__P0720__b3.png,Healthy,P0720,canine,0,Healthy,0.0000,0.9997,0.0003,0.0000
Healthy/lyria__P0720__b4.png,Healthy,P0720,canine,0,Healthy,0.0000,1.0000,0.0000,0.0000
Healthy/lyria__P0720__b5.png,Healthy,P0720,premolar,0,Healthy,0.0002,0.9998,0.0000,0.0000
Healthy/lyria__P0720__b6.png,Healthy,P0720,canine,0,Healthy,0.0000,1.0000,0.0000,0.0000
Healthy/lyria__P0720__b7.png,Healthy,P0720,incisor,0,Healthy,0.0003,0.9997,0.0000,0.0000
Healthy/lyria__P0720__b8.png,Healthy,P0720,incisor,0,Healthy,0.0000,0.9996,0.0000,0.0003
Healthy/lyria__P0720__b10.png,Healthy,P0720,incisor,0,Healthy,0.0000,0.9996,0.0003,0.0000
Healthy/lyria__P0720__b11.png,Healthy,P0720,canine,0,Healthy,0.0000,0.9994,0.0005,0.0000
Healthy/lyria__P0720__b12.png,Healthy,P0720,premolar,0,Healthy,0.0010,0.9989,0.0000,0.0000
Healthy/lyria__P0721__b0.png,Healthy,P0721,premolar,0,Healthy,0.0006,0.9994,0.0000,0.0000
Healthy/lyria__P0721__b1.png,Healthy,P0721,premolar,0,Healthy,0.0008,0.9992,0.0000,0.0000
Healthy/lyria__P0721__b3.png,Healthy,P0721,incisor,0,Healthy,0.0000,1.0000,0.0000,0.0000
Healthy/lyria__P0721__b4.png,Healthy,P0721,incisor,0,Healthy,0.0000,1.0000,0.0000,0.0000
Healthy/lyria__P0721__b5.png,Healthy,P0721,incisor,0,Healthy,0.0000,1.0000,0.0000,0.0000
Healthy/lyria__P0721__b6.png,Healthy,P0721,incisor,0,Healthy,0.0000,1.0000,0.0000,0.0000
Healthy/lyria__P0721__b7.png,Healthy,P0721,canine,0,Healthy,0.0000,1.0000,0.0000,0.0000
Healthy/lyria__P0721__b8.png,Healthy,P0721,premolar,0,Healthy,0.0088,0.9909,0.0002,0.0000
Healthy/lyria__P0721__b9.png,Healthy,P0721,premolar,0,Healthy,0.0000,1.0000,0.0000,0.0000
Healthy/lyria__P0721__b10.png,Healthy,P0721,1st molar,0,Healthy,0.0000,1.0000,0.0000,0.0000
Healthy/lyria__P0721__b11.png,Healthy,P0721,2nd molar,0,Healthy,0.0000,1.0000,0.0000,0.0000
Healthy/lyria__P0721__b12.png,Healthy,P0721,3rd molar,0,Healthy,0.0000,0.9999,0.0001,0.0000
Healthy/lyria__P0721__b13.png,Healthy,P0721,1st molar,0,Healthy,0.0000,1.0000,0.0000,0.0000
Healthy/lyria__P0721__b14.png,Healthy,P0721,2nd molar,0,Healthy,0.0000,1.0000,0.0000,0.0000
Healthy/lyria__P0721__b15.png,Healthy,P0721,canine,0,Healthy,0.0000,0.9998,0.0002,0.0000
Healthy/lyria__P0721__b16.png,Healthy,P0721,incisor,0,Healthy,0.0033,0.9953,0.0013,0.0000
Healthy/lyria__P0721__b17.png,Healthy,P0721,incisor,0,Healthy,0.0000,0.9892,0.0108,0.0000
Healthy/lyria__P0721__b19.png,Healthy,P0721,incisor,0,Healthy,0.0000,1.0000,0.0000,0.0000
Healthy/lyria__P0721__b20.png,Healthy,P0721,premolar,0,Healthy,0.0000,1.0000,0.0000,0.0000
Healthy/lyria__P0721__b21.png,Healthy,P0721,premolar,0,Healthy,0.0000,1.0000,0.0000,0.0000
Healthy/lyria__P0721__b22.png,Healthy,P0721,1st molar,0,Healthy,0.0000,1.0000,0.0000,0.0000
Healthy/lyria__P0721__b23.png,Healthy,P0721,canine,0,Healthy,0.0000,1.0000,0.0000,0.0000
Healthy/lyria__P0721__b24.png,Healthy,P0721,premolar,0,Healthy,0.0000,0.9996,0.0003,0.0000
Healthy/lyria__P0721__b25.png,Healthy,P0721,premolar,0,Healthy,0.0000,0.9995,0.0004,0.0000
Healthy/lyria__P0721__b26.png,Healthy,P0721,2nd molar,0,Healthy,0.0000,1.0000,0.0000,0.0000
Healthy/lyria__P0721__b27.png,Healthy,P0721,3rd molar,0,Impacted,0.0000,0.4140,0.5860,0.0000
Healthy/lyria__P0721__b28.png,Healthy,P0721,3rd molar,0,Healthy,0.0000,0.8815,0.1185,0.0000
Healthy/lyria__P0721__b29.png,Healthy,P0721,3rd molar,0,Healthy,0.0000,1.0000,0.0000,0.0000
Healthy/lyria__P0076__b0.png,Healthy,P0076,3rd molar,0,Healthy,0.0004,0.9987,0.0008,0.0000
Healthy/lyria__P0076__b1.png,Healthy,P0076,canine,0,Healthy,0.0079,0.9921,0.0000,0.0000
Healthy/lyria__P0076__b2.png,Healthy,P0076,incisor,0,Healthy,0.0032,0.9968,0.0000,0.0000
Healthy/lyria__P0076__b3.png,Healthy,P0076,canine,0,Healthy,0.1810,0.8189,0.0000,0.0001
Healthy/lyria__P0076__b4.png,Healthy,P0076,premolar,0,Healthy,0.0000,1.0000,0.0000,0.0000
Healthy/lyria__P0076__b5.png,Healthy,P0076,premolar,0,Healthy,0.0245,0.9755,0.0000,0.0001
Healthy/lyria__P0076__b6.png,Healthy,P0076,2nd molar,0,Healthy,0.0000,1.0000,0.0000,0.0000
Healthy/lyria__P0076__b8.png,Healthy,P0076,3rd molar,0,Healthy,0.0000,0.9996,0.0004,0.0000
Healthy/lyria__P0076__b9.png,Healthy,P0076,premolar,0,Healthy,0.0001,0.9999,0.0000,0.0000
Healthy/lyria__P0076__b10.png,Healthy,P0076,canine,0,Healthy,0.0000,1.0000,0.0000,0.0000
Healthy/lyria__P0076__b11.png,Healthy,P0076,incisor,0,Healthy,0.0000,1.0000,0.0000,0.0000
Healthy/lyria__P0076__b13.png,Healthy,P0076,incisor,0,Healthy,0.0000,1.0000,0.0000,0.0000
Healthy/lyria__P0076__b14.png,Healthy,P0076,incisor,0,Healthy,0.0000,1.0000,0.0000,0.0000
Healthy/lyria__P0076__b15.png,Healthy,P0076,canine,0,Healthy,0.0000,1.0000,0.0000,0.0000
Healthy/lyria__P0722__b1.png,Healthy,P0722,incisor,0,Healthy,0.0001,0.9972,0.0000,0.0027
Healthy/lyria__P0722__b2.png,Healthy,P0722,incisor,0,Healthy,0.0002,0.9990,0.0000,0.0008
Healthy/lyria__P0722__b3.png,Healthy,P0722,incisor,0,Healthy,0.0000,1.0000,0.0000,0.0000
Healthy/lyria__P0722__b4.png,Healthy,P0722,canine,0,Healthy,0.0000,1.0000,0.0000,0.0000
Healthy/lyria__P0722__b5.png,Healthy,P0722,premolar,0,Healthy,0.0000,0.9999,0.0001,0.0000
Healthy/lyria__P0722__b6.png,Healthy,P0722,premolar,0,Healthy,0.0000,0.9997,0.0001,0.0002
Healthy/lyria__P0722__b7.png,Healthy,P0722,1st molar,0,Healthy,0.0001,0.9998,0.0000,0.0001
Healthy/lyria__P0722__b9.png,Healthy,P0722,canine,0,Healthy,0.0060,0.9940,0.0000,0.0000
Healthy/lyria__P0722__b10.png,Healthy,P0722,incisor,0,Healthy,0.0001,0.9997,0.0000,0.0002
Healthy/lyria__P0722__b11.png,Healthy,P0722,incisor,0,Healthy,0.0000,1.0000,0.0000,0.0000
Healthy/lyria__P0722__b12.png,Healthy,P0722,incisor,0,Healthy,0.0000,1.0000,0.0000,0.0000
Healthy/lyria__P0722__b13.png,Healthy,P0722,canine,0,Healthy,0.0000,1.0000,0.0000,0.0000
Healthy/lyria__P0722__b14.png,Healthy,P0722,premolar,0,Healthy,0.0000,1.0000,0.0000,0.0000
Healthy/lyria__P0722__b15.png,Healthy,P0722,premolar,0,Healthy,0.0000,1.0000,0.0000,0.0000
Healthy/lyria__P0722__b16.png,Healthy,P0722,1st molar,0,Healthy,0.0001,0.9999,0.0000,0.0000
Healthy/lyria__P0722__b17.png,Healthy,P0722,2nd molar,0,Healthy,0.0004,0.9995,0.0000,0.0000
Healthy/lyria__P0722__b18.png,Healthy,P0722,3rd molar,0,Impacted,0.0068,0.3314,0.5529,0.1089
Healthy/lyria__P0722__b19.png,Healthy,P0722,incisor,0,Healthy,0.0000,0.9999,0.0001,0.0000
Healthy/lyria__P0722__b20.png,Healthy,P0722,canine,0,Healthy,0.0000,0.9996,0.0004,0.0000
Healthy/lyria__P0722__b21.png,Healthy,P0722,premolar,0,Healthy,0.0000,1.0000,0.0000,0.0000
Healthy/lyria__P0722__b22.png,Healthy,P0722,premolar,0,Healthy,0.0060,0.9940,0.0000,0.0000
Healthy/lyria__P0722__b23.png,Healthy,P0722,premolar,0,Healthy,0.0078,0.9909,0.0001,0.0011
Healthy/lyria__P0722__b24.png,Healthy,P0722,premolar,0,Healthy,0.0000,0.9953,0.0045,0.0002
Healthy/lyria__P0722__b25.png,Healthy,P0722,1st molar,0,Healthy,0.0000,0.9975,0.0024,0.0000
Healthy/lyria__P0722__b26.png,Healthy,P0722,1st molar,0,Healthy,0.0000,0.9999,0.0001,0.0000
Healthy/lyria__P0722__b27.png,Healthy,P0722,2nd molar,0,Healthy,0.0001,0.9807,0.0177,0.0015
Healthy/lyria__P0722__b28.png,Healthy,P0722,2nd molar,0,Healthy,0.0004,0.9990,0.0005,0.0001
Healthy/lyria__P0724__b1.png,Healthy,P0724,premolar,0,Healthy,0.0033,0.9210,0.0000,0.0757
Healthy/lyria__P0724__b2.png,Healthy,P0724,2nd molar,0,Healthy,0.0003,0.9955,0.0041,0.0001
Healthy/lyria__P0724__b3.png,Healthy,P0724,canine,0,Healthy,0.0004,0.9996,0.0000,0.0000
Healthy/lyria__P0724__b4.png,Healthy,P0724,2nd molar,0,Healthy,0.0001,0.9996,0.0001,0.0002
Healthy/lyria__P0724__b5.png,Healthy,P0724,3rd molar,0,Healthy,0.0000,0.9999,0.0000,0.0000
Healthy/lyria__P0724__b6.png,Healthy,P0724,incisor,0,Healthy,0.0000,0.9997,0.0003,0.0000
Healthy/lyria__P0724__b8.png,Healthy,P0724,canine,0,Healthy,0.0001,0.9999,0.0000,0.0000
Healthy/lyria__P0724__b9.png,Healthy,P0724,canine,0,Healthy,0.0000,1.0000,0.0000,0.0000
Healthy/lyria__P0724__b10.png,Healthy,P0724,premolar,0,Healthy,0.0007,0.9992,0.0001,0.0000
Healthy/lyria__P0724__b11.png,Healthy,P0724,3rd molar,0,Healthy,0.0002,0.9677,0.0321,0.0000
Healthy/lyria__P0725__b0.png,Healthy,P0725,incisor,0,Healthy,0.0000,0.9998,0.0000,0.0002
Healthy/lyria__P0725__b2.png,Healthy,P0725,incisor,0,Healthy,0.0001,0.9956,0.0000,0.0042
Healthy/lyria__P0725__b3.png,Healthy,P0725,incisor,0,Healthy,0.0000,1.0000,0.0000,0.0000
Healthy/lyria__P0725__b4.png,Healthy,P0725,canine,0,Healthy,0.0002,0.9993,0.0000,0.0004
Healthy/lyria__P0725__b5.png,Healthy,P0725,premolar,0,Healthy,0.0001,0.9992,0.0004,0.0003
Healthy/lyria__P0725__b6.png,Healthy,P0725,1st molar,0,Healthy,0.0003,0.9891,0.0099,0.0007
Healthy/lyria__P0725__b7.png,Healthy,P0725,2nd molar,0,Healthy,0.0012,0.9986,0.0000,0.0003
Healthy/lyria__P0725__b8.png,Healthy,P0725,canine,0,Healthy,0.0007,0.9990,0.0001,0.0003
Healthy/lyria__P0725__b10.png,Healthy,P0725,premolar,0,Healthy,0.0003,0.9997,0.0000,0.0000
Healthy/lyria__P0725__b11.png,Healthy,P0725,2nd molar,0,Healthy,0.0000,1.0000,0.0000,0.0000
Healthy/lyria__P0725__b12.png,Healthy,P0725,canine,0,Healthy,0.0000,0.9995,0.0005,0.0000
Healthy/lyria__P0725__b13.png,Healthy,P0725,incisor,0,Healthy,0.0000,0.9997,0.0000,0.0003
Healthy/lyria__P0725__b14.png,Healthy,P0725,incisor,0,Healthy,0.0002,0.9993,0.0000,0.0005
Healthy/lyria__P0725__b15.png,Healthy,P0725,incisor,0,Healthy,0.0002,0.9988,0.0000,0.0009
Healthy/lyria__P0725__b16.png,Healthy,P0725,incisor,0,Healthy,0.0000,0.9999,0.0000,0.0000
Healthy/lyria__P0725__b17.png,Healthy,P0725,canine,0,Healthy,0.0002,0.9969,0.0028,0.0000
Healthy/lyria__P0725__b18.png,Healthy,P0725,premolar,0,Healthy,0.0001,0.9964,0.0032,0.0003
Healthy/lyria__P0725__b19.png,Healthy,P0725,premolar,0,Healthy,0.0000,0.9999,0.0000,0.0000
Healthy/lyria__P0725__b20.png,Healthy,P0725,premolar,0,Healthy,0.0000,0.9990,0.0010,0.0000
Healthy/lyria__P0727__b0.png,Healthy,P0727,incisor,0,Healthy,0.0322,0.9665,0.0009,0.0004
Healthy/lyria__P0727__b1.png,Healthy,P0727,incisor,0,Healthy,0.0000,0.9999,0.0000,0.0000
Healthy/lyria__P0727__b2.png,Healthy,P0727,incisor,0,Healthy,0.0001,0.9991,0.0007,0.0000
Healthy/lyria__P0728__b2.png,Healthy,P0728,incisor,0,Healthy,0.0004,0.9981,0.0015,0.0000
Healthy/lyria__P0728__b3.png,Healthy,P0728,incisor,0,Healthy,0.0000,0.9992,0.0008,0.0000
Healthy/lyria__P0728__b4.png,Healthy,P0728,incisor,0,Healthy,0.0000,0.9999,0.0001,0.0000
Healthy/lyria__P0728__b5.png,Healthy,P0728,incisor,0,Healthy,0.0000,0.9997,0.0003,0.0000
Healthy/lyria__P0728__b6.png,Healthy,P0728,canine,0,Healthy,0.0000,0.9993,0.0007,0.0000
Healthy/lyria__P0728__b7.png,Healthy,P0728,canine,0,Healthy,0.0000,0.9997,0.0003,0.0000
Healthy/lyria__P0728__b8.png,Healthy,P0728,premolar,0,Healthy,0.0000,0.9998,0.0002,0.0000
Healthy/lyria__P0728__b9.png,Healthy,P0728,premolar,0,Healthy,0.0006,0.9972,0.0021,0.0001
Healthy/lyria__P0077__b0.png,Healthy,P0077,canine,0,Healthy,0.0000,0.9999,0.0001,0.0000
Healthy/lyria__P0077__b1.png,Healthy,P0077,incisor,0,Healthy,0.0000,1.0000,0.0000,0.0000
Healthy/lyria__P0729__b0.png,Healthy,P0729,incisor,0,Healthy,0.0000,0.9990,0.0000,0.0009
Healthy/lyria__P0729__b2.png,Healthy,P0729,incisor,0,Healthy,0.0000,0.9997,0.0000,0.0003
Healthy/lyria__P0729__b3.png,Healthy,P0729,incisor,0,Healthy,0.0000,0.9999,0.0000,0.0001
Healthy/lyria__P0729__b4.png,Healthy,P0729,canine,0,Healthy,0.0001,0.9991,0.0007,0.0001
Healthy/lyria__P0729__b5.png,Healthy,P0729,canine,0,Healthy,0.0009,0.9957,0.0034,0.0000
Healthy/lyria__P0729__b6.png,Healthy,P0729,premolar,0,Healthy,0.0005,0.9994,0.0001,0.0000
Healthy/lyria__P0729__b7.png,Healthy,P0729,premolar,0,Healthy,0.0000,1.0000,0.0000,0.0000
Healthy/lyria__P0729__b8.png,Healthy,P0729,1st molar,0,Healthy,0.0000,1.0000,0.0000,0.0000
Healthy/lyria__P0729__b9.png,Healthy,P0729,2nd molar,0,Healthy,0.0000,1.0000,0.0000,0.0000
Healthy/lyria__P0729__b10.png,Healthy,P0729,3rd molar,0,Impacted,0.0001,0.0929,0.9070,0.0000
Healthy/lyria__P0729__b12.png,Healthy,P0729,premolar,0,Healthy,0.0018,0.9964,0.0018,0.0000
Healthy/lyria__P0729__b13.png,Healthy,P0729,1st molar,0,Healthy,0.0000,0.9964,0.0035,0.0000
Healthy/lyria__P0729__b14.png,Healthy,P0729,2nd molar,0,Healthy,0.0000,1.0000,0.0000,0.0000
Healthy/lyria__P0729__b15.png,Healthy,P0729,3rd molar,0,Healthy,0.0000,0.5488,0.4512,0.0000
Healthy/lyria__P0729__b16.png,Healthy,P0729,2nd molar,0,Healthy,0.0000,0.9997,0.0003,0.0000
Healthy/lyria__P0729__b17.png,Healthy,P0729,1st molar,0,Healthy,0.0001,0.9998,0.0002,0.0000
Healthy/lyria__P0729__b18.png,Healthy,P0729,premolar,0,Healthy,0.0027,0.9972,0.0001,0.0000
Healthy/lyria__P0729__b19.png,Healthy,P0729,premolar,0,Healthy,0.0020,0.9980,0.0000,0.0000
Healthy/lyria__P0729__b20.png,Healthy,P0729,canine,0,Healthy,0.0000,1.0000,0.0000,0.0000
Healthy/lyria__P0729__b21.png,Healthy,P0729,incisor,0,Healthy,0.0011,0.9985,0.0000,0.0004
Healthy/lyria__P0729__b22.png,Healthy,P0729,incisor,0,Healthy,0.0000,0.9998,0.0001,0.0000
Healthy/lyria__P0729__b23.png,Healthy,P0729,incisor,0,Healthy,0.0001,0.9992,0.0007,0.0001
Healthy/lyria__P0729__b24.png,Healthy,P0729,incisor,0,Healthy,0.0000,0.9997,0.0002,0.0000
Healthy/lyria__P0729__b25.png,Healthy,P0729,canine,0,Healthy,0.0000,1.0000,0.0000,0.0000
Healthy/lyria__P0729__b26.png,Healthy,P0729,premolar,0,Healthy,0.0005,0.9991,0.0003,0.0000
Healthy/lyria__P0729__b27.png,Healthy,P0729,premolar,0,Healthy,0.0003,0.9968,0.0029,0.0000
Healthy/lyria__P0729__b28.png,Healthy,P0729,1st molar,0,Healthy,0.0000,0.9999,0.0001,0.0000
Healthy/lyria__P0729__b29.png,Healthy,P0729,2nd molar,0,Healthy,0.0000,1.0000,0.0000,0.0000
Healthy/lyria__P0731__b0.png,Healthy,P0731,canine,0,Healthy,0.0001,0.9999,0.0000,0.0000
Healthy/lyria__P0731__b1.png,Healthy,P0731,incisor,0,Healthy,0.0002,0.9983,0.0000,0.0015
Healthy/lyria__P0731__b2.png,Healthy,P0731,incisor,0,Healthy,0.0000,0.9997,0.0000,0.0003
Healthy/lyria__P0731__b3.png,Healthy,P0731,incisor,0,Healthy,0.0000,0.9964,0.0000,0.0036
Healthy/lyria__P0731__b4.png,Healthy,P0731,incisor,0,Healthy,0.0001,0.9937,0.0000,0.0062
Healthy/lyria__P0731__b5.png,Healthy,P0731,canine,0,Healthy,0.0000,0.9987,0.0000,0.0013
Healthy/lyria__P0731__b6.png,Healthy,P0731,premolar,0,Healthy,0.0000,0.9999,0.0000,0.0001
Healthy/lyria__P0731__b7.png,Healthy,P0731,premolar,0,Healthy,0.0000,0.9983,0.0000,0.0017
Healthy/lyria__P0731__b8.png,Healthy,P0731,1st molar,0,Healthy,0.0000,0.9999,0.0000,0.0001
Healthy/lyria__P0731__b9.png,Healthy,P0731,2nd molar,0,Healthy,0.0000,0.9997,0.0000,0.0003
Healthy/lyria__P0731__b11.png,Healthy,P0731,premolar,0,Healthy,0.0001,0.9997,0.0000,0.0001
Healthy/lyria__P0731__b12.png,Healthy,P0731,1st molar,0,Healthy,0.0000,1.0000,0.0000,0.0000
Healthy/lyria__P0731__b13.png,Healthy,P0731,2nd molar,0,Healthy,0.0000,0.9998,0.0000,0.0002
Healthy/lyria__P0731__b14.png,Healthy,P0731,incisor,0,Healthy,0.0000,0.9873,0.0000,0.0127
Healthy/lyria__P0731__b15.png,Healthy,P0731,incisor,0,Healthy,0.0000,0.9515,0.0000,0.0484
Healthy/lyria__P0731__b16.png,Healthy,P0731,incisor,0,Healthy,0.0001,0.9928,0.0000,0.0072
Healthy/lyria__P0731__b17.png,Healthy,P0731,incisor,0,Healthy,0.0000,0.9965,0.0000,0.0034
Healthy/lyria__P0731__b19.png,Healthy,P0731,premolar,0,Healthy,0.0001,0.9996,0.0000,0.0003
Healthy/lyria__P0731__b20.png,Healthy,P0731,premolar,0,Healthy,0.0002,0.9997,0.0000,0.0000
Healthy/lyria__P0731__b21.png,Healthy,P0731,canine,0,Healthy,0.0021,0.9978,0.0000,0.0001
Healthy/lyria__P0731__b22.png,Healthy,P0731,premolar,0,Healthy,0.0017,0.9983,0.0000,0.0000
Healthy/lyria__P0731__b23.png,Healthy,P0731,premolar,0,Healthy,0.0001,0.9999,0.0000,0.0000
Healthy/lyria__P0731__b24.png,Healthy,P0731,1st molar,0,Healthy,0.0000,1.0000,0.0000,0.0000
Healthy/lyria__P0732__b1.png,Healthy,P0732,canine,0,Endodontics,0.6774,0.3226,0.0000,0.0000
Healthy/lyria__P0732__b2.png,Healthy,P0732,3rd molar,0,Healthy,0.0001,0.9928,0.0069,0.0002
Healthy/lyria__P0732__b3.png,Healthy,P0732,incisor,0,Healthy,0.0004,0.9927,0.0068,0.0001
Healthy/lyria__P0732__b4.png,Healthy,P0732,incisor,0,Healthy,0.0046,0.9946,0.0001,0.0008
Healthy/lyria__P0732__b5.png,Healthy,P0732,canine,0,Healthy,0.0044,0.9947,0.0009,0.0000
Healthy/lyria__P0732__b6.png,Healthy,P0732,premolar,0,Healthy,0.0255,0.9738,0.0003,0.0005
Healthy/lyria__P0732__b7.png,Healthy,P0732,3rd molar,0,Impacted,0.0000,0.0000,1.0000,0.0000
Healthy/lyria__P0732__b8.png,Healthy,P0732,canine,0,Healthy,0.0002,0.9793,0.0202,0.0003
Healthy/lyria__P0732__b9.png,Healthy,P0732,premolar,0,Healthy,0.0188,0.9564,0.0010,0.0238
Healthy/lyria__P0734__b0.png,Healthy,P0734,canine,0,Healthy,0.0029,0.9970,0.0000,0.0001
Healthy/lyria__P0734__b1.png,Healthy,P0734,incisor,0,Healthy,0.0001,0.9999,0.0000,0.0000
Healthy/lyria__P0734__b3.png,Healthy,P0734,incisor,0,Healthy,0.0002,0.9997,0.0000,0.0001
Healthy/lyria__P0734__b4.png,Healthy,P0734,incisor,0,Healthy,0.0000,0.9995,0.0000,0.0005
Healthy/lyria__P0734__b5.png,Healthy,P0734,canine,0,Healthy,0.0000,1.0000,0.0000,0.0000
Healthy/lyria__P0735__b0.png,Healthy,P0735,canine,0,Healthy,0.0001,0.9999,0.0000,0.0000
Healthy/lyria__P0735__b1.png,Healthy,P0735,canine,0,Healthy,0.0000,1.0000,0.0000,0.0000
Healthy/lyria__P0735__b2.png,Healthy,P0735,canine,0,Healthy,0.0000,0.9999,0.0001,0.0000
Healthy/lyria__P0735__b3.png,Healthy,P0735,incisor,0,Healthy,0.0000,0.9999,0.0000,0.0000
Healthy/lyria__P0735__b4.png,Healthy,P0735,incisor,0,Healthy,0.0000,1.0000,0.0000,0.0000
Healthy/lyria__P0735__b5.png,Healthy,P0735,incisor,0,Healthy,0.0000,0.9999,0.0000,0.0000
Healthy/lyria__P0735__b7.png,Healthy,P0735,canine,0,Healthy,0.0000,0.9999,0.0001,0.0000
Healthy/lyria__P0735__b8.png,Healthy,P0735,premolar,0,Healthy,0.0000,0.9999,0.0000,0.0000
Healthy/lyria__P0735__b9.png,Healthy,P0735,premolar,0,Healthy,0.0001,0.9999,0.0001,0.0000
Healthy/lyria__P0736__b0.png,Healthy,P0736,premolar,0,Healthy,0.0959,0.9027,0.0002,0.0012
Healthy/lyria__P0736__b1.png,Healthy,P0736,canine,0,Healthy,0.0000,1.0000,0.0000,0.0000
Healthy/lyria__P0736__b2.png,Healthy,P0736,incisor,0,Healthy,0.0000,0.9997,0.0003,0.0000
Healthy/lyria__P0736__b4.png,Healthy,P0736,incisor,0,Healthy,0.0000,0.9998,0.0000,0.0002
Healthy/lyria__P0736__b5.png,Healthy,P0736,incisor,0,Healthy,0.0010,0.9990,0.0000,0.0000
Healthy/lyria__P0736__b6.png,Healthy,P0736,canine,0,Healthy,0.0003,0.9995,0.0000,0.0002
Healthy/lyria__P0738__b0.png,Healthy,P0738,canine,0,Healthy,0.2838,0.7148,0.0000,0.0015
Healthy/lyria__P0738__b1.png,Healthy,P0738,incisor,0,Healthy,0.0037,0.9954,0.0000,0.0009
Healthy/lyria__P0738__b3.png,Healthy,P0738,incisor,0,Healthy,0.0003,0.9994,0.0000,0.0003
Healthy/lyria__P0738__b4.png,Healthy,P0738,incisor,0,Healthy,0.0233,0.9764,0.0000,0.0002
Healthy/lyria__P0738__b5.png,Healthy,P0738,canine,0,Healthy,0.2365,0.7625,0.0000,0.0011
Healthy/lyria__P0738__b6.png,Healthy,P0738,canine,0,Healthy,0.0000,1.0000,0.0000,0.0000
Healthy/lyria__P0738__b7.png,Healthy,P0738,incisor,0,Healthy,0.0000,0.9999,0.0001,0.0000
Healthy/lyria__P0738__b8.png,Healthy,P0738,incisor,0,Healthy,0.0000,0.9999,0.0001,0.0000
Healthy/lyria__P0738__b9.png,Healthy,P0738,incisor,0,Healthy,0.0000,0.9978,0.0022,0.0000
Healthy/lyria__P0738__b10.png,Healthy,P0738,incisor,0,Healthy,0.0002,0.9995,0.0000,0.0003
Healthy/lyria__P0741__b0.png,Healthy,P0741,canine,0,Healthy,0.0568,0.9430,0.0000,0.0003
Healthy/lyria__P0741__b1.png,Healthy,P0741,incisor,0,Healthy,0.0120,0.9565,0.0000,0.0315
Healthy/lyria__P0741__b2.png,Healthy,P0741,incisor,0,Healthy,0.0000,1.0000,0.0000,0.0000
Healthy/lyria__P0741__b4.png,Healthy,P0741,incisor,0,Healthy,0.0000,0.9999,0.0001,0.0000
Healthy/lyria__P0741__b5.png,Healthy,P0741,canine,0,Healthy,0.0002,0.9997,0.0000,0.0000
Healthy/lyria__P0741__b6.png,Healthy,P0741,premolar,0,Healthy,0.0036,0.9960,0.0004,0.0000
Healthy/lyria__P0741__b7.png,Healthy,P0741,premolar,0,Healthy,0.0033,0.9967,0.0001,0.0000
Healthy/lyria__P0741__b9.png,Healthy,P0741,premolar,0,Healthy,0.0001,0.9999,0.0000,0.0000
Healthy/lyria__P0741__b10.png,Healthy,P0741,1st molar,0,Healthy,0.0000,1.0000,0.0000,0.0000
Healthy/lyria__P0741__b11.png,Healthy,P0741,canine,0,Healthy,0.0001,0.9998,0.0000,0.0000
Healthy/lyria__P0741__b12.png,Healthy,P0741,incisor,0,Healthy,0.0000,0.9999,0.0000,0.0000
Healthy/lyria__P0741__b13.png,Healthy,P0741,incisor,0,Healthy,0.0003,0.9996,0.0000,0.0000
Healthy/lyria__P0741__b14.png,Healthy,P0741,incisor,0,Healthy,0.0000,1.0000,0.0000,0.0000
Healthy/lyria__P0741__b15.png,Healthy,P0741,incisor,0,Healthy,0.0000,1.0000,0.0000,0.0000
Healthy/lyria__P0741__b16.png,Healthy,P0741,canine,0,Healthy,0.0001,0.9998,0.0002,0.0000
Healthy/lyria__P0741__b17.png,Healthy,P0741,premolar,0,Healthy,0.0006,0.9994,0.0001,0.0000
Healthy/lyria__P0741__b18.png,Healthy,P0741,premolar,0,Healthy,0.0001,0.9996,0.0003,0.0000
Healthy/lyria__P0741__b19.png,Healthy,P0741,premolar,0,Healthy,0.1153,0.8829,0.0017,0.0001
Healthy/lyria__P0741__b20.png,Healthy,P0741,premolar,0,Healthy,0.0040,0.9930,0.0029,0.0001
Healthy/lyria__P0742__b0.png,Healthy,P0742,incisor,0,Healthy,0.0001,0.9999,0.0000,0.0001
Healthy/lyria__P0742__b1.png,Healthy,P0742,incisor,0,Healthy,0.0000,0.9999,0.0001,0.0000
Healthy/lyria__P0742__b2.png,Healthy,P0742,incisor,0,Healthy,0.0001,0.9997,0.0000,0.0001
Healthy/lyria__P0742__b3.png,Healthy,P0742,incisor,0,Healthy,0.0001,0.9988,0.0000,0.0011
Healthy/lyria__P0742__b4.png,Healthy,P0742,canine,0,Healthy,0.0001,0.9998,0.0000,0.0001
Healthy/lyria__P0742__b5.png,Healthy,P0742,premolar,0,Healthy,0.2316,0.7683,0.0000,0.0001
Healthy/lyria__P0742__b6.png,Healthy,P0742,premolar,0,Healthy,0.1976,0.8020,0.0004,0.0000
Healthy/lyria__P0742__b7.png,Healthy,P0742,1st molar,0,Healthy,0.0000,0.9995,0.0005,0.0000
Healthy/lyria__P0742__b9.png,Healthy,P0742,3rd molar,0,Healthy,0.0001,0.9999,0.0000,0.0000
Healthy/lyria__P0742__b10.png,Healthy,P0742,canine,0,Healthy,0.0012,0.9988,0.0000,0.0000
Healthy/lyria__P0742__b11.png,Healthy,P0742,premolar,0,Healthy,0.0003,0.9984,0.0012,0.0000
Healthy/lyria__P0742__b12.png,Healthy,P0742,premolar,0,Healthy,0.0000,0.9909,0.0091,0.0000
Healthy/lyria__P0742__b13.png,Healthy,P0742,1st molar,0,Healthy,0.0000,1.0000,0.0000,0.0000
Healthy/lyria__P0742__b14.png,Healthy,P0742,2nd molar,0,Healthy,0.0000,1.0000,0.0000,0.0000
Healthy/lyria__P0742__b15.png,Healthy,P0742,3rd molar,0,Healthy,0.0002,0.9997,0.0002,0.0000
Healthy/lyria__P0742__b16.png,Healthy,P0742,incisor,0,Healthy,0.0000,0.9997,0.0002,0.0001
Healthy/lyria__P0742__b17.png,Healthy,P0742,incisor,0,Healthy,0.0000,0.9994,0.0000,0.0006
Healthy/lyria__P0742__b18.png,Healthy,P0742,incisor,0,Healthy,0.0000,1.0000,0.0000,0.0000
Healthy/lyria__P0742__b19.png,Healthy,P0742,incisor,0,Healthy,0.0002,0.9998,0.0000,0.0001
Healthy/lyria__P0742__b20.png,Healthy,P0742,canine,0,Healthy,0.0004,0.9995,0.0001,0.0000
Healthy/lyria__P0742__b21.png,Healthy,P0742,premolar,0,Healthy,0.0010,0.9958,0.0032,0.0000
Healthy/lyria__P0742__b22.png,Healthy,P0742,premolar,0,Healthy,0.0000,0.9979,0.0021,0.0000
Healthy/lyria__P0742__b23.png,Healthy,P0742,canine,0,Healthy,0.0000,1.0000,0.0000,0.0000
Healthy/lyria__P0742__b24.png,Healthy,P0742,premolar,0,Healthy,0.0002,0.9996,0.0002,0.0000
Healthy/lyria__P0742__b25.png,Healthy,P0742,premolar,0,Healthy,0.0000,1.0000,0.0000,0.0000
Healthy/lyria__P0742__b26.png,Healthy,P0742,1st molar,0,Healthy,0.0000,1.0000,0.0000,0.0000
Healthy/lyria__P0742__b28.png,Healthy,P0742,3rd molar,0,Healthy,0.0005,0.9474,0.0521,0.0000
Healthy/lyria__P0742__b29.png,Healthy,P0742,1st molar,0,Healthy,0.0000,1.0000,0.0000,0.0000
Healthy/lyria__P0742__b30.png,Healthy,P0742,2nd molar,0,Healthy,0.0000,1.0000,0.0000,0.0000
Healthy/lyria__P0742__b31.png,Healthy,P0742,3rd molar,0,Healthy,0.0004,0.9978,0.0018,0.0000
Healthy/lyria__P0745__b0.png,Healthy,P0745,3rd molar,0,Healthy,0.0000,1.0000,0.0000,0.0000
Healthy/lyria__P0745__b1.png,Healthy,P0745,premolar,0,Healthy,0.0009,0.9990,0.0000,0.0000
Healthy/lyria__P0745__b2.png,Healthy,P0745,premolar,0,Healthy,0.0006,0.9993,0.0000,0.0001
Healthy/lyria__P0745__b3.png,Healthy,P0745,canine,0,Healthy,0.2642,0.7356,0.0002,0.0000
Healthy/lyria__P0745__b5.png,Healthy,P0745,incisor,0,Healthy,0.0000,1.0000,0.0000,0.0000
Healthy/lyria__P0745__b6.png,Healthy,P0745,incisor,0,Healthy,0.0000,0.9998,0.0000,0.0002
Healthy/lyria__P0745__b7.png,Healthy,P0745,incisor,0,Healthy,0.0001,0.9999,0.0000,0.0000
Healthy/lyria__P0745__b8.png,Healthy,P0745,canine,0,Healthy,0.0000,0.9999,0.0000,0.0000
Healthy/lyria__P0745__b9.png,Healthy,P0745,premolar,0,Healthy,0.0011,0.9989,0.0000,0.0000
Healthy/lyria__P0745__b11.png,Healthy,P0745,3rd molar,0,Healthy,0.0000,1.0000,0.0000,0.0000
Healthy/lyria__P0745__b12.png,Healthy,P0745,incisor,0,Healthy,0.0000,0.9994,0.0006,0.0000
Healthy/lyria__P0745__b13.png,Healthy,P0745,incisor,0,Healthy,0.0000,0.9999,0.0001,0.0000
Healthy/lyria__P0745__b14.png,Healthy,P0745,incisor,0,Healthy,0.0000,1.0000,0.0000,0.0000
Healthy/lyria__P0745__b15.png,Healthy,P0745,incisor,0,Healthy,0.0078,0.9921,0.0000,0.0000
Healthy/lyria__P0745__b16.png,Healthy,P0745,canine,0,Healthy,0.0000,1.0000,0.0000,0.0000
Healthy/lyria__P0745__b17.png,Healthy,P0745,premolar,0,Healthy,0.0000,0.9999,0.0000,0.0001
Healthy/lyria__P0745__b18.png,Healthy,P0745,premolar,0,Healthy,0.0013,0.9987,0.0000,0.0000
Healthy/lyria__P0745__b19.png,Healthy,P0745,2nd molar,0,Healthy,0.0000,1.0000,0.0000,0.0000
Healthy/lyria__P0745__b20.png,Healthy,P0745,canine,0,Healthy,0.0000,0.9999,0.0001,0.0000
Healthy/lyria__P0745__b21.png,Healthy,P0745,premolar,0,Healthy,0.0000,1.0000,0.0000,0.0000
Healthy/lyria__P0745__b22.png,Healthy,P0745,premolar,0,Healthy,0.0000,0.9999,0.0000,0.0000
Healthy/lyria__P0745__b23.png,Healthy,P0745,3rd molar,0,Healthy,0.0000,0.9982,0.0018,0.0000
Healthy/lyria__P0746__b0.png,Healthy,P0746,incisor,0,Healthy,0.0702,0.8756,0.0001,0.0542
Healthy/lyria__P0746__b2.png,Healthy,P0746,incisor,0,Healthy,0.0000,0.9999,0.0001,0.0000
Healthy/lyria__P0746__b3.png,Healthy,P0746,incisor,0,Healthy,0.0000,0.9994,0.0000,0.0005
Healthy/lyria__P0746__b4.png,Healthy,P0746,canine,0,Healthy,0.0000,0.9999,0.0001,0.0000
Healthy/lyria__P0746__b5.png,Healthy,P0746,incisor,0,Healthy,0.0000,0.9997,0.0003,0.0000
Healthy/lyria__P0746__b6.png,Healthy,P0746,incisor,0,Healthy,0.0000,0.9996,0.0000,0.0004
Healthy/lyria__P0746__b7.png,Healthy,P0746,incisor,0,Healthy,0.0000,1.0000,0.0000,0.0000
Healthy/lyria__P0746__b8.png,Healthy,P0746,incisor,0,Healthy,0.0001,0.9999,0.0000,0.0000
Healthy/lyria__P0746__b10.png,Healthy,P0746,premolar,0,Healthy,0.1729,0.8241,0.0026,0.0004
Healthy/lyria__P0746__b11.png,Healthy,P0746,canine,0,Healthy,0.0000,1.0000,0.0000,0.0000
Healthy/lyria__P0746__b12.png,Healthy,P0746,premolar,0,Healthy,0.0527,0.9472,0.0000,0.0001
Healthy/lyria__P0748__b0.png,Healthy,P0748,canine,0,Healthy,0.0006,0.9993,0.0000,0.0000
Healthy/lyria__P0748__b1.png,Healthy,P0748,incisor,0,Healthy,0.0000,0.9999,0.0000,0.0001
Healthy/lyria__P0748__b2.png,Healthy,P0748,incisor,0,Healthy,0.0000,0.9999,0.0000,0.0001
Healthy/lyria__P0748__b3.png,Healthy,P0748,incisor,0,Healthy,0.0001,0.9998,0.0000,0.0001
Healthy/lyria__P0748__b5.png,Healthy,P0748,premolar,0,Healthy,0.0157,0.9842,0.0000,0.0000
Healthy/lyria__P0748__b6.png,Healthy,P0748,3rd molar,0,Healthy,0.0009,0.9877,0.0114,0.0000
Healthy/lyria__P0748__b7.png,Healthy,P0748,premolar,0,Healthy,0.0000,1.0000,0.0000,0.0000
Healthy/lyria__P0748__b8.png,Healthy,P0748,premolar,0,Healthy,0.0001,0.9999,0.0000,0.0000
Healthy/lyria__P0748__b9.png,Healthy,P0748,2nd molar,0,Healthy,0.0000,1.0000,0.0000,0.0000
Healthy/lyria__P0748__b10.png,Healthy,P0748,3rd molar,0,Healthy,0.0000,1.0000,0.0000,0.0000
Healthy/lyria__P0748__b11.png,Healthy,P0748,premolar,0,Healthy,0.0001,0.9999,0.0000,0.0000
Healthy/lyria__P0748__b12.png,Healthy,P0748,canine,0,Healthy,0.0000,1.0000,0.0000,0.0000
Healthy/lyria__P0748__b13.png,Healthy,P0748,incisor,0,Healthy,0.0000,0.9999,0.0000,0.0001
Healthy/lyria__P0748__b14.png,Healthy,P0748,incisor,0,Healthy,0.0000,0.9999,0.0000,0.0001
Healthy/lyria__P0748__b15.png,Healthy,P0748,incisor,0,Healthy,0.0000,0.9996,0.0000,0.0004
Healthy/lyria__P0748__b16.png,Healthy,P0748,incisor,0,Healthy,0.0000,0.9997,0.0000,0.0003
Healthy/lyria__P0748__b17.png,Healthy,P0748,canine,0,Healthy,0.0000,1.0000,0.0000,0.0000
Healthy/lyria__P0748__b18.png,Healthy,P0748,premolar,0,Healthy,0.0001,0.9998,0.0001,0.0000
Healthy/lyria__P0748__b19.png,Healthy,P0748,3rd molar,0,Healthy,0.0031,0.9963,0.0007,0.0000
Healthy/lyria__P0748__b20.png,Healthy,P0748,3rd molar,0,Healthy,0.0026,0.9950,0.0024,0.0000
Healthy/lyria__P0749__b0.png,Healthy,P0749,canine,0,Healthy,0.0000,0.9999,0.0000,0.0000
Healthy/lyria__P0749__b1.png,Healthy,P0749,canine,0,Healthy,0.0018,0.9982,0.0000,0.0000
Healthy/lyria__P0749__b2.png,Healthy,P0749,premolar,0,Healthy,0.0008,0.9988,0.0004,0.0000
Healthy/lyria__P0749__b3.png,Healthy,P0749,premolar,0,Healthy,0.0129,0.9869,0.0002,0.0000
Healthy/lyria__P0749__b4.png,Healthy,P0749,canine,0,Healthy,0.0001,0.9995,0.0002,0.0002
Healthy/lyria__P0749__b7.png,Healthy,P0749,incisor,0,Healthy,0.0001,0.9971,0.0028,0.0000
Healthy/lyria__P0749__b8.png,Healthy,P0749,incisor,0,Healthy,0.0002,0.9987,0.0012,0.0000
Healthy/lyria__P0749__b9.png,Healthy,P0749,canine,0,Healthy,0.0002,0.9998,0.0000,0.0000
Healthy/lyria__P0751__b0.png,Healthy,P0751,canine,0,Healthy,0.0001,0.9991,0.0000,0.0007
Healthy/lyria__P0751__b1.png,Healthy,P0751,incisor,0,Healthy,0.0000,1.0000,0.0000,0.0000
Healthy/lyria__P0751__b2.png,Healthy,P0751,incisor,0,Healthy,0.0001,0.9996,0.0000,0.0004
Healthy/lyria__P0751__b4.png,Healthy,P0751,incisor,0,Healthy,0.0000,1.0000,0.0000,0.0000
Healthy/lyria__P0751__b5.png,Healthy,P0751,canine,0,Healthy,0.0016,0.9982,0.0000,0.0001
Healthy/lyria__P0751__b6.png,Healthy,P0751,premolar,0,Healthy,0.0231,0.9762,0.0000,0.0006
Healthy/lyria__P0751__b7.png,Healthy,P0751,canine,0,Healthy,0.0000,1.0000,0.0000,0.0000
Healthy/lyria__P0751__b8.png,Healthy,P0751,incisor,0,Healthy,0.0000,0.9999,0.0000,0.0000
Healthy/lyria__P0751__b10.png,Healthy,P0751,incisor,0,Healthy,0.0000,0.9998,0.0000,0.0002
Healthy/lyria__P0751__b11.png,Healthy,P0751,canine,0,Healthy,0.0000,1.0000,0.0000,0.0000
Healthy/lyria__P0751__b12.png,Healthy,P0751,premolar,0,Healthy,0.0016,0.9982,0.0000,0.0002
Healthy/lyria__P0751__b13.png,Healthy,P0751,premolar,0,Healthy,0.0000,0.9998,0.0000,0.0002
Healthy/lyria__P0753__b0.png,Healthy,P0753,incisor,0,Healthy,0.0004,0.9991,0.0000,0.0005
Healthy/lyria__P0753__b1.png,Healthy,P0753,incisor,0,Healthy,0.0000,0.9999,0.0000,0.0001
Healthy/lyria__P0753__b2.png,Healthy,P0753,canine,0,Healthy,0.0000,0.9998,0.0000,0.0001
Healthy/lyria__P0753__b3.png,Healthy,P0753,incisor,0,Healthy,0.0000,0.9953,0.0043,0.0004
Healthy/lyria__P0753__b5.png,Healthy,P0753,incisor,0,Healthy,0.0000,0.9959,0.0041,0.0000
Healthy/lyria__P0753__b7.png,Healthy,P0753,canine,0,Healthy,0.0019,0.9976,0.0001,0.0005
Healthy/lyria__P0753__b8.png,Healthy,P0753,premolar,0,Healthy,0.0032,0.9567,0.0397,0.0004
Healthy/lyria__P0755__b1.png,Healthy,P0755,canine,0,Healthy,0.0001,0.9997,0.0002,0.0001
Healthy/lyria__P0755__b2.png,Healthy,P0755,incisor,0,Healthy,0.0004,0.9992,0.0004,0.0000
Healthy/lyria__P0755__b4.png,Healthy,P0755,incisor,0,Healthy,0.0035,0.9962,0.0002,0.0000
Healthy/lyria__P0755__b5.png,Healthy,P0755,canine,0,Healthy,0.1929,0.8068,0.0002,0.0001
Healthy/lyria__P0756__b0.png,Healthy,P0756,canine,0,Healthy,0.0354,0.9579,0.0010,0.0057
Healthy/lyria__P0756__b1.png,Healthy,P0756,incisor,0,Healthy,0.0001,0.9999,0.0000,0.0000
Healthy/lyria__P0756__b2.png,Healthy,P0756,incisor,0,Healthy,0.0000,0.9999,0.0000,0.0001
Healthy/lyria__P0756__b4.png,Healthy,P0756,premolar,0,Healthy,0.0067,0.9927,0.0005,0.0001
Healthy/lyria__P0756__b5.png,Healthy,P0756,premolar,0,Healthy,0.0053,0.9785,0.0039,0.0123
Healthy/lyria__P0756__b6.png,Healthy,P0756,incisor,0,Healthy,0.0000,0.9981,0.0015,0.0003
Healthy/lyria__P0756__b8.png,Healthy,P0756,incisor,0,Healthy,0.0000,0.9999,0.0000,0.0000
Healthy/lyria__P0756__b9.png,Healthy,P0756,incisor,0,Healthy,0.0000,1.0000,0.0000,0.0000
Healthy/lyria__P0756__b10.png,Healthy,P0756,premolar,0,Healthy,0.0007,0.9991,0.0001,0.0000
Healthy/lyria__P0756__b11.png,Healthy,P0756,1st molar,0,Healthy,0.0935,0.8946,0.0115,0.0004
Healthy/lyria__P0757__b1.png,Healthy,P0757,premolar,0,Healthy,0.2596,0.7395,0.0009,0.0000
Healthy/lyria__P0757__b2.png,Healthy,P0757,canine,0,Healthy,0.0493,0.9506,0.0000,0.0000
Healthy/lyria__P0757__b3.png,Healthy,P0757,incisor,0,Healthy,0.0012,0.9986,0.0000,0.0002
Healthy/lyria__P0757__b4.png,Healthy,P0757,incisor,0,Healthy,0.0015,0.9984,0.0000,0.0001
Healthy/lyria__P0757__b5.png,Healthy,P0757,incisor,0,Healthy,0.0001,0.9999,0.0000,0.0000
Healthy/lyria__P0757__b6.png,Healthy,P0757,canine,0,Healthy,0.0447,0.9551,0.0001,0.0001
Healthy/lyria__P0757__b7.png,Healthy,P0757,premolar,0,Healthy,0.1477,0.8521,0.0001,0.0001
Healthy/lyria__P0757__b8.png,Healthy,P0757,premolar,0,Healthy,0.0007,0.9992,0.0001,0.0000
Healthy/lyria__P0757__b9.png,Healthy,P0757,premolar,0,Healthy,0.0001,0.9998,0.0001,0.0000
Healthy/lyria__P0757__b10.png,Healthy,P0757,canine,0,Healthy,0.0000,0.9999,0.0001,0.0000
Healthy/lyria__P0757__b11.png,Healthy,P0757,incisor,0,Healthy,0.0000,0.9995,0.0004,0.0000
Healthy/lyria__P0757__b13.png,Healthy,P0757,incisor,0,Healthy,0.0001,0.9998,0.0000,0.0000
Healthy/lyria__P0757__b14.png,Healthy,P0757,incisor,0,Healthy,0.0000,0.9999,0.0001,0.0000
Healthy/lyria__P0757__b15.png,Healthy,P0757,canine,0,Healthy,0.0001,0.9997,0.0001,0.0000
Healthy/lyria__P0757__b16.png,Healthy,P0757,premolar,0,Healthy,0.0000,0.9998,0.0000,0.0001
Healthy/lyria__P0757__b17.png,Healthy,P0757,premolar,0,Healthy,0.0000,0.9999,0.0001,0.0000
Healthy/lyria__P0758__b0.png,Healthy,P0758,premolar,0,Healthy,0.0000,1.0000,0.0000,0.0000
Healthy/lyria__P0758__b1.png,Healthy,P0758,premolar,0,Healthy,0.0000,1.0000,0.0000,0.0000
Healthy/lyria__P0758__b2.png,Healthy,P0758,canine,0,Healthy,0.0001,0.9999,0.0000,0.0000
Healthy/lyria__P0758__b3.png,Healthy,P0758,incisor,0,Healthy,0.0000,1.0000,0.0000,0.0000
Healthy/lyria__P0758__b4.png,Healthy,P0758,incisor,0,Healthy,0.0000,1.0000,0.0000,0.0000
Healthy/lyria__P0758__b5.png,Healthy,P0758,canine,0,Healthy,0.0001,0.9998,0.0000,0.0001
Healthy/lyria__P0758__b6.png,Healthy,P0758,premolar,0,Healthy,0.0001,0.9999,0.0000,0.0000
Healthy/lyria__P0758__b7.png,Healthy,P0758,incisor,0,Healthy,0.0000,1.0000,0.0000,0.0000
Healthy/lyria__P0758__b8.png,Healthy,P0758,incisor,0,Healthy,0.0000,1.0000,0.0000,0.0000
Healthy/lyria__P0758__b9.png,Healthy,P0758,incisor,0,Healthy,0.0000,1.0000,0.0000,0.0000
Healthy/lyria__P0758__b10.png,Healthy,P0758,canine,0,Healthy,0.0000,1.0000,0.0000,0.0000
Healthy/lyria__P0758__b11.png,Healthy,P0758,premolar,0,Healthy,0.0005,0.9991,0.0004,0.0000
Healthy/lyria__P0758__b13.png,Healthy,P0758,premolar,0,Healthy,0.0001,0.9998,0.0000,0.0000
Healthy/lyria__P0760__b0.png,Healthy,P0760,canine,0,Healthy,0.0001,0.9327,0.0671,0.0000
Healthy/lyria__P0760__b1.png,Healthy,P0760,incisor,0,Healthy,0.0002,0.9256,0.0741,0.0001
Healthy/lyria__P0761__b0.png,Healthy,P0761,canine,0,Healthy,0.0738,0.9261,0.0000,0.0001
Healthy/lyria__P0761__b2.png,Healthy,P0761,canine,0,Healthy,0.0002,0.9943,0.0055,0.0000
Healthy/lyria__P0761__b3.png,Healthy,P0761,incisor,0,Healthy,0.0014,0.9986,0.0000,0.0000
Healthy/lyria__P0761__b4.png,Healthy,P0761,incisor,0,Healthy,0.0003,0.9982,0.0000,0.0015
Healthy/lyria__P0761__b6.png,Healthy,P0761,incisor,0,Healthy,0.0047,0.9951,0.0001,0.0000
Healthy/lyria__P0761__b7.png,Healthy,P0761,canine,0,Healthy,0.0144,0.9841,0.0012,0.0003
Healthy/lyria__P0762__b0.png,Healthy,P0762,canine,0,Healthy,0.0007,0.9989,0.0000,0.0004
Healthy/lyria__P0762__b2.png,Healthy,P0762,incisor,0,Healthy,0.1225,0.8772,0.0003,0.0000
Healthy/lyria__P0762__b3.png,Healthy,P0762,incisor,0,Healthy,0.0382,0.9607,0.0010,0.0000
Healthy/lyria__P0762__b5.png,Healthy,P0762,canine,0,Healthy,0.0017,0.9978,0.0004,0.0001
Healthy/lyria__P0762__b6.png,Healthy,P0762,canine,0,Healthy,0.4435,0.5563,0.0000,0.0002
Healthy/lyria__P0763__b0.png,Healthy,P0763,canine,0,Healthy,0.3693,0.4946,0.0001,0.1359
Healthy/lyria__P0763__b1.png,Healthy,P0763,canine,0,Healthy,0.0117,0.9853,0.0000,0.0030
Healthy/lyria__P0763__b3.png,Healthy,P0763,incisor,0,Healthy,0.0002,0.9997,0.0000,0.0001
Healthy/lyria__P0763__b4.png,Healthy,P0763,incisor,0,Healthy,0.0001,0.9984,0.0000,0.0014
Healthy/lyria__P0763__b6.png,Healthy,P0763,incisor,0,Healthy,0.0008,0.9991,0.0000,0.0001
Healthy/lyria__P0763__b7.png,Healthy,P0763,canine,0,Healthy,0.0001,0.9999,0.0000,0.0000
Healthy/lyria__P0764__b0.png,Healthy,P0764,incisor,0,Healthy,0.0001,0.9996,0.0000,0.0003
Healthy/lyria__P0764__b2.png,Healthy,P0764,premolar,0,Healthy,0.0002,0.9998,0.0000,0.0000
Healthy/lyria__P0764__b3.png,Healthy,P0764,2nd molar,0,Healthy,0.0007,0.9830,0.0160,0.0002
Healthy/lyria__P0764__b4.png,Healthy,P0764,premolar,0,Healthy,0.0056,0.9944,0.0000,0.0000
Healthy/lyria__P0764__b5.png,Healthy,P0764,canine,0,Healthy,0.0001,0.9999,0.0000,0.0000
Healthy/lyria__P0764__b6.png,Healthy,P0764,incisor,0,Healthy,0.0000,0.9985,0.0000,0.0015
Healthy/lyria__P0764__b8.png,Healthy,P0764,incisor,0,Healthy,0.0003,0.9997,0.0000,0.0001
Healthy/lyria__P0764__b9.png,Healthy,P0764,incisor,0,Healthy,0.0000,1.0000,0.0000,0.0000
Healthy/lyria__P0764__b10.png,Healthy,P0764,canine,0,Healthy,0.0000,1.0000,0.0000,0.0000
Healthy/lyria__P0764__b11.png,Healthy,P0764,premolar,0,Healthy,0.0000,0.9999,0.0000,0.0000
Healthy/lyria__P0764__b12.png,Healthy,P0764,1st molar,0,Healthy,0.0000,1.0000,0.0000,0.0000
Healthy/lyria__P0764__b13.png,Healthy,P0764,premolar,0,Healthy,0.0000,0.9999,0.0001,0.0000
Healthy/lyria__P0764__b14.png,Healthy,P0764,premolar,0,Healthy,0.0000,0.9982,0.0018,0.0000
Healthy/lyria__P0764__b15.png,Healthy,P0764,3rd molar,0,Healthy,0.0000,0.8781,0.1219,0.0000
Healthy/lyria__P0765__b0.png,Healthy,P0765,incisor,0,Healthy,0.0000,0.9982,0.0004,0.0014
Healthy/lyria__P0765__b1.png,Healthy,P0765,incisor,0,Healthy,0.0000,0.9987,0.0001,0.0012
Healthy/lyria__P0765__b2.png,Healthy,P0765,incisor,0,Healthy,0.0000,0.9905,0.0017,0.0078
Healthy/lyria__P0765__b3.png,Healthy,P0765,incisor,0,Healthy,0.0000,1.0000,0.0000,0.0000
Healthy/lyria__P0765__b4.png,Healthy,P0765,canine,0,Healthy,0.0000,1.0000,0.0000,0.0000
Healthy/lyria__P0766__b1.png,Healthy,P0766,incisor,0,Healthy,0.0000,0.9998,0.0000,0.0001
Healthy/lyria__P0766__b2.png,Healthy,P0766,incisor,0,Healthy,0.0011,0.9983,0.0003,0.0002
Healthy/lyria__P0766__b3.png,Healthy,P0766,incisor,0,Healthy,0.0012,0.9976,0.0011,0.0001
Healthy/lyria__P0766__b4.png,Healthy,P0766,canine,0,Healthy,0.4941,0.5047,0.0003,0.0008
Healthy/lyria__P0766__b5.png,Healthy,P0766,incisor,0,Healthy,0.0001,0.9998,0.0002,0.0000
Healthy/lyria__P0766__b7.png,Healthy,P0766,canine,0,Healthy,0.0653,0.9345,0.0001,0.0001
Healthy/lyria__P0079__b0.png,Healthy,P0079,2nd molar,0,Healthy,0.0000,1.0000,0.0000,0.0000
Healthy/lyria__P0079__b1.png,Healthy,P0079,premolar,0,Healthy,0.0010,0.9988,0.0000,0.0002
Healthy/lyria__P0079__b2.png,Healthy,P0079,canine,0,Healthy,0.0024,0.9975,0.0000,0.0001
Healthy/lyria__P0079__b3.png,Healthy,P0079,incisor,0,Healthy,0.0000,0.9992,0.0001,0.0007
Healthy/lyria__P0079__b4.png,Healthy,P0079,incisor,0,Healthy,0.0000,0.9996,0.0000,0.0004
Healthy/lyria__P0079__b5.png,Healthy,P0079,incisor,0,Healthy,0.0000,0.9998,0.0001,0.0001
Healthy/lyria__P0079__b6.png,Healthy,P0079,incisor,0,Healthy,0.0000,0.9996,0.0000,0.0004
Healthy/lyria__P0079__b7.png,Healthy,P0079,canine,0,Healthy,0.0000,1.0000,0.0000,0.0000
Healthy/lyria__P0079__b8.png,Healthy,P0079,premolar,0,Healthy,0.0003,0.9996,0.0000,0.0000
Healthy/lyria__P0079__b9.png,Healthy,P0079,2nd molar,0,Healthy,0.0000,1.0000,0.0000,0.0000
Healthy/lyria__P0079__b10.png,Healthy,P0079,2nd molar,0,Healthy,0.0000,1.0000,0.0000,0.0000
Healthy/lyria__P0079__b11.png,Healthy,P0079,premolar,0,Healthy,0.0000,1.0000,0.0000,0.0000
Healthy/lyria__P0079__b12.png,Healthy,P0079,premolar,0,Healthy,0.0001,0.9999,0.0000,0.0000
Healthy/lyria__P0079__b13.png,Healthy,P0079,canine,0,Healthy,0.0000,1.0000,0.0000,0.0000
Healthy/lyria__P0079__b14.png,Healthy,P0079,incisor,0,Healthy,0.0000,0.9998,0.0002,0.0000
Healthy/lyria__P0079__b15.png,Healthy,P0079,incisor,0,Healthy,0.0000,0.9999,0.0000,0.0001
Healthy/lyria__P0079__b17.png,Healthy,P0079,incisor,0,Healthy,0.0000,1.0000,0.0000,0.0000
Healthy/lyria__P0079__b18.png,Healthy,P0079,canine,0,Healthy,0.0000,1.0000,0.0000,0.0000
Healthy/lyria__P0079__b19.png,Healthy,P0079,premolar,0,Healthy,0.0000,1.0000,0.0000,0.0000
Healthy/lyria__P0079__b20.png,Healthy,P0079,premolar,0,Healthy,0.0000,1.0000,0.0000,0.0000
Healthy/lyria__P0079__b21.png,Healthy,P0079,2nd molar,0,Healthy,0.0000,1.0000,0.0000,0.0000
Healthy/lyria__P0768__b0.png,Healthy,P0768,2nd molar,0,Healthy,0.0000,0.9830,0.0161,0.0009
Healthy/lyria__P0768__b2.png,Healthy,P0768,incisor,0,Healthy,0.0002,0.9994,0.0000,0.0004
Healthy/lyria__P0768__b3.png,Healthy,P0768,incisor,0,Healthy,0.0000,0.9998,0.0000,0.0002
Healthy/lyria__P0768__b4.png,Healthy,P0768,canine,0,Healthy,0.0000,1.0000,0.0000,0.0000
Healthy/lyria__P0769__b1.png,Healthy,P0769,incisor,0,Healthy,0.0000,0.9997,0.0000,0.0002
Healthy/lyria__P0769__b3.png,Healthy,P0769,canine,0,Healthy,0.0183,0.9601,0.0216,0.0000
Healthy/lyria__P0770__b1.png,Healthy,P0770,incisor,0,Healthy,0.0000,0.9998,0.0000,0.0002
Healthy/lyria__P0770__b2.png,Healthy,P0770,incisor,0,Healthy,0.0000,0.9978,0.0000,0.0022
Healthy/lyria__P0771__b0.png,Healthy,P0771,incisor,0,Healthy,0.0000,0.9998,0.0000,0.0002
Healthy/lyria__P0771__b2.png,Healthy,P0771,incisor,0,Healthy,0.0001,0.9991,0.0006,0.0003
Healthy/lyria__P0771__b3.png,Healthy,P0771,incisor,0,Healthy,0.0003,0.9990,0.0003,0.0003
Healthy/lyria__P0771__b4.png,Healthy,P0771,canine,0,Healthy,0.0024,0.9910,0.0067,0.0000
Healthy/lyria__P0772__b0.png,Healthy,P0772,2nd molar,0,Healthy,0.0097,0.9890,0.0013,0.0001
Healthy/lyria__P0772__b2.png,Healthy,P0772,premolar,0,Healthy,0.0006,0.9994,0.0000,0.0000
Healthy/lyria__P0772__b3.png,Healthy,P0772,canine,0,Healthy,0.0032,0.9962,0.0002,0.0004
Healthy/lyria__P0772__b4.png,Healthy,P0772,incisor,0,Healthy,0.0008,0.9982,0.0000,0.0010
Healthy/lyria__P0772__b5.png,Healthy,P0772,incisor,0,Healthy,0.0000,0.9962,0.0000,0.0038
Healthy/lyria__P0772__b6.png,Healthy,P0772,incisor,0,Healthy,0.0001,0.9997,0.0001,0.0001
Healthy/lyria__P0772__b7.png,Healthy,P0772,incisor,0,Healthy,0.0000,0.9999,0.0000,0.0001
Healthy/lyria__P0772__b8.png,Healthy,P0772,canine,0,Healthy,0.0000,0.9999,0.0000,0.0000
Healthy/lyria__P0772__b9.png,Healthy,P0772,incisor,0,Healthy,0.0000,1.0000,0.0000,0.0000
Healthy/lyria__P0772__b11.png,Healthy,P0772,premolar,0,Healthy,0.0000,1.0000,0.0000,0.0000
Healthy/lyria__P0772__b12.png,Healthy,P0772,incisor,0,Healthy,0.0000,1.0000,0.0000,0.0000
Healthy/lyria__P0772__b13.png,Healthy,P0772,incisor,0,Healthy,0.0000,0.9999,0.0000,0.0001
Healthy/lyria__P0772__b14.png,Healthy,P0772,incisor,0,Healthy,0.0000,0.9999,0.0000,0.0001
Healthy/lyria__P0772__b15.png,Healthy,P0772,canine,0,Healthy,0.0002,0.9997,0.0000,0.0000
Healthy/lyria__P0772__b16.png,Healthy,P0772,premolar,0,Healthy,0.0000,0.9999,0.0000,0.0000
Healthy/lyria__P0772__b17.png,Healthy,P0772,premolar,0,Healthy,0.0000,0.9999,0.0000,0.0000
Healthy/lyria__P0773__b0.png,Healthy,P0773,canine,0,Healthy,0.0002,0.9975,0.0017,0.0006
Healthy/lyria__P0773__b1.png,Healthy,P0773,incisor,0,Healthy,0.0135,0.9852,0.0000,0.0012
Healthy/lyria__P0776__b0.png,Healthy,P0776,incisor,0,Healthy,0.0000,1.0000,0.0000,0.0000
Healthy/lyria__P0777__b0.png,Healthy,P0777,premolar,0,Healthy,0.0000,1.0000,0.0000,0.0000
Healthy/lyria__P0777__b1.png,Healthy,P0777,canine,0,Healthy,0.0000,1.0000,0.0000,0.0000
Healthy/lyria__P0777__b2.png,Healthy,P0777,incisor,0,Healthy,0.0001,0.9998,0.0000,0.0001
Healthy/lyria__P0777__b3.png,Healthy,P0777,canine,0,Healthy,0.0000,0.9983,0.0000,0.0016
Healthy/lyria__P0777__b4.png,Healthy,P0777,canine,0,Healthy,0.0015,0.9879,0.0105,0.0001
Healthy/lyria__P0777__b7.png,Healthy,P0777,incisor,0,Healthy,0.0003,0.9997,0.0000,0.0000
Healthy/lyria__P0777__b8.png,Healthy,P0777,incisor,0,Healthy,0.0000,1.0000,0.0000,0.0000
Healthy/lyria__P0777__b9.png,Healthy,P0777,canine,0,Healthy,0.0000,1.0000,0.0000,0.0000
Healthy/lyria__P0777__b10.png,Healthy,P0777,premolar,0,Healthy,0.0001,0.9999,0.0000,0.0000
Healthy/lyria__P0779__b0.png,Healthy,P0779,premolar,0,Healthy,0.1114,0.8877,0.0000,0.0009
Healthy/lyria__P0779__b1.png,Healthy,P0779,premolar,0,Healthy,0.0810,0.9166,0.0000,0.0024
Healthy/lyria__P0779__b2.png,Healthy,P0779,canine,0,Healthy,0.0020,0.9977,0.0000,0.0003
Healthy/lyria__P0779__b4.png,Healthy,P0779,incisor,0,Healthy,0.0000,0.9995,0.0000,0.0005
Healthy/lyria__P0779__b5.png,Healthy,P0779,incisor,0,Healthy,0.0000,0.9990,0.0000,0.0010
Healthy/lyria__P0779__b6.png,Healthy,P0779,incisor,0,Healthy,0.0001,0.9999,0.0000,0.0000
Healthy/lyria__P0779__b7.png,Healthy,P0779,canine,0,Healthy,0.0018,0.9981,0.0000,0.0001
Healthy/lyria__P0779__b8.png,Healthy,P0779,incisor,0,Healthy,0.0015,0.9974,0.0000,0.0011
Healthy/lyria__P0779__b9.png,Healthy,P0779,incisor,0,Healthy,0.0000,0.9994,0.0000,0.0006
Healthy/lyria__P0779__b10.png,Healthy,P0779,canine,0,Healthy,0.0001,0.9999,0.0000,0.0000
Healthy/lyria__P0779__b11.png,Healthy,P0779,incisor,0,Healthy,0.0000,1.0000,0.0000,0.0000
Healthy/lyria__P0779__b12.png,Healthy,P0779,incisor,0,Healthy,0.0000,1.0000,0.0000,0.0000
Healthy/lyria__P0779__b13.png,Healthy,P0779,canine,0,Healthy,0.0000,0.9998,0.0000,0.0002
Healthy/lyria__P0781__b0.png,Healthy,P0781,canine,0,Healthy,0.0000,0.9999,0.0000,0.0000
Healthy/lyria__P0781__b1.png,Healthy,P0781,2nd molar,0,Healthy,0.0035,0.9669,0.0175,0.0121
Healthy/lyria__P0781__b2.png,Healthy,P0781,3rd molar,0,Healthy,0.0000,1.0000,0.0000,0.0000
Healthy/lyria__P0781__b3.png,Healthy,P0781,canine,0,Healthy,0.0000,1.0000,0.0000,0.0000
Healthy/lyria__P0781__b4.png,Healthy,P0781,incisor,0,Healthy,0.0000,0.9994,0.0000,0.0006
Healthy/lyria__P0781__b5.png,Healthy,P0781,incisor,0,Healthy,0.0000,1.0000,0.0000,0.0000
Healthy/lyria__P0781__b6.png,Healthy,P0781,incisor,0,Healthy,0.0000,1.0000,0.0000,0.0000
Healthy/lyria__P0781__b7.png,Healthy,P0781,canine,0,Healthy,0.0000,1.0000,0.0000,0.0000
Healthy/lyria__P0781__b8.png,Healthy,P0781,premolar,0,Healthy,0.0000,0.9999,0.0000,0.0001
Healthy/lyria__P0781__b9.png,Healthy,P0781,premolar,0,Healthy,0.1075,0.8838,0.0000,0.0087
Healthy/lyria__P0782__b0.png,Healthy,P0782,1st molar,0,Healthy,0.0001,0.9999,0.0000,0.0000
Healthy/lyria__P0782__b1.png,Healthy,P0782,premolar,0,Healthy,0.0001,0.9999,0.0000,0.0000
Healthy/lyria__P0782__b2.png,Healthy,P0782,premolar,0,Healthy,0.0024,0.9975,0.0000,0.0000
Healthy/lyria__P0782__b3.png,Healthy,P0782,canine,0,Healthy,0.0045,0.9954,0.0000,0.0001
Healthy/lyria__P0782__b4.png,Healthy,P0782,canine,0,Healthy,0.0337,0.9651,0.0000,0.0012
Healthy/lyria__P0782__b5.png,Healthy,P0782,premolar,0,Healthy,0.0822,0.9178,0.0000,0.0000
Healthy/lyria__P0782__b7.png,Healthy,P0782,1st molar,0,Healthy,0.0001,0.9990,0.0006,0.0003
Healthy/lyria__P0782__b8.png,Healthy,P0782,2nd molar,0,Healthy,0.0008,0.9990,0.0002,0.0000
Healthy/lyria__P0782__b9.png,Healthy,P0782,canine,0,Healthy,0.0000,1.0000,0.0000,0.0000
Healthy/lyria__P0782__b10.png,Healthy,P0782,incisor,0,Healthy,0.0000,1.0000,0.0000,0.0000
Healthy/lyria__P0782__b11.png,Healthy,P0782,incisor,0,Healthy,0.0000,1.0000,0.0000,0.0000
Healthy/lyria__P0782__b12.png,Healthy,P0782,incisor,0,Healthy,0.0000,1.0000,0.0000,0.0000
Healthy/lyria__P0782__b13.png,Healthy,P0782,incisor,0,Healthy,0.0000,0.9998,0.0001,0.0001
Healthy/lyria__P0782__b14.png,Healthy,P0782,canine,0,Healthy,0.0000,0.9999,0.0001,0.0000
Healthy/lyria__P0782__b16.png,Healthy,P0782,1st molar,0,Healthy,0.0000,1.0000,0.0000,0.0000
Healthy/lyria__P0783__b0.png,Healthy,P0783,canine,0,Healthy,0.2315,0.7676,0.0007,0.0002
Healthy/lyria__P0783__b1.png,Healthy,P0783,canine,0,Healthy,0.0000,1.0000,0.0000,0.0000
Healthy/lyria__P0786__b0.png,Healthy,P0786,premolar,0,Healthy,0.0000,1.0000,0.0000,0.0000
Healthy/lyria__P0786__b1.png,Healthy,P0786,premolar,0,Healthy,0.0000,1.0000,0.0000,0.0000
Healthy/lyria__P0786__b3.png,Healthy,P0786,canine,0,Healthy,0.0000,0.9999,0.0001,0.0000
Healthy/lyria__P0786__b4.png,Healthy,P0786,incisor,0,Healthy,0.0000,0.9992,0.0008,0.0000
Healthy/lyria__P0786__b5.png,Healthy,P0786,incisor,0,Healthy,0.0000,0.9996,0.0004,0.0000
Healthy/lyria__P0786__b6.png,Healthy,P0786,incisor,0,Healthy,0.0000,0.9997,0.0002,0.0000
Healthy/lyria__P0786__b7.png,Healthy,P0786,incisor,0,Healthy,0.0000,0.9987,0.0011,0.0003
Healthy/lyria__P0786__b9.png,Healthy,P0786,premolar,0,Healthy,0.0000,0.9999,0.0001,0.0000
Healthy/lyria__P0786__b10.png,Healthy,P0786,premolar,0,Healthy,0.0122,0.9872,0.0002,0.0004
Healthy/lyria__P0787__b0.png,Healthy,P0787,1st molar,0,Healthy,0.0002,0.9998,0.0000,0.0000
Healthy/lyria__P0787__b1.png,Healthy,P0787,2nd molar,0,Healthy,0.0000,1.0000,0.0000,0.0000
Healthy/lyria__P0787__b2.png,Healthy,P0787,premolar,0,Healthy,0.0003,0.9996,0.0000,0.0000
Healthy/lyria__P0787__b3.png,Healthy,P0787,incisor,0,Healthy,0.0000,0.9999,0.0001,0.0000
Healthy/lyria__P0787__b4.png,Healthy,P0787,incisor,0,Healthy,0.0000,1.0000,0.0000,0.0000
Healthy/lyria__P0787__b5.png,Healthy,P0787,incisor,0,Healthy,0.0000,0.9998,0.0000,0.0001
Healthy/lyria__P0787__b6.png,Healthy,P0787,incisor,0,Healthy,0.0000,0.9999,0.0001,0.0000
Healthy/lyria__P0787__b7.png,Healthy,P0787,canine,0,Healthy,0.0000,1.0000,0.0000,0.0000
Healthy/lyria__P0787__b8.png,Healthy,P0787,premolar,0,Healthy,0.0009,0.9991,0.0000,0.0000
Healthy/lyria__P0787__b10.png,Healthy,P0787,1st molar,0,Healthy,0.0000,1.0000,0.0000,0.0000
Healthy/lyria__P0788__b1.png,Healthy,P0788,incisor,0,Healthy,0.0002,0.9998,0.0000,0.0000
Healthy/lyria__P0788__b2.png,Healthy,P0788,canine,0,Healthy,0.0000,1.0000,0.0000,0.0000
Healthy/lyria__P0788__b3.png,Healthy,P0788,incisor,0,Healthy,0.0000,0.9998,0.0000,0.0002
Healthy/lyria__P0788__b4.png,Healthy,P0788,incisor,0,Healthy,0.0000,0.9999,0.0000,0.0001
Healthy/lyria__P0788__b5.png,Healthy,P0788,incisor,0,Healthy,0.0000,0.9999,0.0000,0.0000
Healthy/lyria__P0788__b6.png,Healthy,P0788,incisor,0,Healthy,0.0000,0.9999,0.0000,0.0000
Healthy/lyria__P0788__b7.png,Healthy,P0788,canine,0,Healthy,0.0004,0.9996,0.0000,0.0000
Healthy/lyria__P0788__b8.png,Healthy,P0788,premolar,0,Healthy,0.0006,0.9994,0.0000,0.0000
Healthy/lyria__P0788__b9.png,Healthy,P0788,premolar,0,Healthy,0.0202,0.9765,0.0001,0.0032
Healthy/lyria__P0789__b0.png,Healthy,P0789,premolar,0,Healthy,0.0073,0.9921,0.0006,0.0000
Healthy/lyria__P0789__b1.png,Healthy,P0789,canine,0,Healthy,0.0118,0.9881,0.0000,0.0000
Healthy/lyria__P0789__b2.png,Healthy,P0789,incisor,0,Healthy,0.0002,0.9996,0.0000,0.0001
Healthy/lyria__P0789__b3.png,Healthy,P0789,incisor,0,Healthy,0.0006,0.9986,0.0003,0.0004
Healthy/lyria__P0789__b4.png,Healthy,P0789,incisor,0,Healthy,0.0002,0.9990,0.0001,0.0007
Healthy/lyria__P0789__b5.png,Healthy,P0789,incisor,0,Healthy,0.0018,0.9981,0.0000,0.0002
Healthy/lyria__P0789__b6.png,Healthy,P0789,canine,0,Healthy,0.0036,0.9964,0.0000,0.0000
Healthy/lyria__P0789__b7.png,Healthy,P0789,premolar,0,Healthy,0.0001,0.9998,0.0000,0.0000
Healthy/lyria__P0789__b8.png,Healthy,P0789,premolar,0,Healthy,0.0042,0.9958,0.0000,0.0000
Healthy/lyria__P0789__b9.png,Healthy,P0789,1st molar,0,Healthy,0.0000,0.9999,0.0000,0.0000
Healthy/lyria__P0789__b10.png,Healthy,P0789,2nd molar,0,Healthy,0.0000,1.0000,0.0000,0.0000
Healthy/lyria__P0789__b11.png,Healthy,P0789,3rd molar,0,Healthy,0.0000,1.0000,0.0000,0.0000
Healthy/lyria__P0789__b12.png,Healthy,P0789,incisor,0,Healthy,0.0000,0.9999,0.0000,0.0000
Healthy/lyria__P0789__b13.png,Healthy,P0789,incisor,0,Healthy,0.0000,1.0000,0.0000,0.0000
Healthy/lyria__P0789__b14.png,Healthy,P0789,incisor,0,Healthy,0.0000,0.9997,0.0000,0.0003
Healthy/lyria__P0789__b15.png,Healthy,P0789,incisor,0,Healthy,0.0000,0.9998,0.0000,0.0002
Healthy/lyria__P0789__b17.png,Healthy,P0789,canine,0,Healthy,0.0000,1.0000,0.0000,0.0000
Healthy/lyria__P0789__b18.png,Healthy,P0789,premolar,0,Healthy,0.0000,0.9825,0.0175,0.0000
Healthy/lyria__P0789__b19.png,Healthy,P0789,premolar,0,Healthy,0.0000,1.0000,0.0000,0.0000
Healthy/lyria__P0789__b20.png,Healthy,P0789,1st molar,0,Healthy,0.0000,1.0000,0.0000,0.0000
Healthy/lyria__P0789__b21.png,Healthy,P0789,2nd molar,0,Healthy,0.0000,1.0000,0.0000,0.0000
Healthy/lyria__P0789__b22.png,Healthy,P0789,3rd molar,0,Healthy,0.0000,0.9999,0.0001,0.0000
Healthy/lyria__P0789__b23.png,Healthy,P0789,premolar,0,Healthy,0.0000,1.0000,0.0000,0.0000
Healthy/lyria__P0789__b24.png,Healthy,P0789,premolar,0,Healthy,0.0018,0.9982,0.0000,0.0000
Healthy/lyria__P0789__b25.png,Healthy,P0789,1st molar,0,Healthy,0.0000,0.9851,0.0149,0.0000
Healthy/lyria__P0789__b26.png,Healthy,P0789,2nd molar,0,Healthy,0.0000,1.0000,0.0000,0.0000
Healthy/lyria__P0789__b27.png,Healthy,P0789,3rd molar,0,Healthy,0.0000,1.0000,0.0000,0.0000
Healthy/lyria__P0789__b28.png,Healthy,P0789,premolar,0,Healthy,0.0000,0.9998,0.0002,0.0000
Healthy/lyria__P0789__b29.png,Healthy,P0789,1st molar,0,Healthy,0.0000,1.0000,0.0000,0.0000
Healthy/lyria__P0789__b30.png,Healthy,P0789,2nd molar,0,Healthy,0.0000,1.0000,0.0000,0.0000
Healthy/lyria__P0789__b31.png,Healthy,P0789,3rd molar,0,Healthy,0.0000,0.9996,0.0004,0.0000
Healthy/lyria__P0791__b0.png,Healthy,P0791,premolar,0,Healthy,0.0171,0.9822,0.0001,0.0007
Healthy/lyria__P0791__b1.png,Healthy,P0791,canine,0,Healthy,0.0024,0.9975,0.0000,0.0001
Healthy/lyria__P0791__b2.png,Healthy,P0791,incisor,0,Healthy,0.0000,0.9998,0.0000,0.0001
Healthy/lyria__P0791__b3.png,Healthy,P0791,incisor,0,Healthy,0.0003,0.9985,0.0006,0.0006
Healthy/lyria__P0791__b4.png,Healthy,P0791,incisor,0,Healthy,0.0000,0.9998,0.0000,0.0001
Healthy/lyria__P0791__b5.png,Healthy,P0791,incisor,0,Healthy,0.0014,0.9981,0.0000,0.0005
Healthy/lyria__P0791__b6.png,Healthy,P0791,premolar,0,Healthy,0.0001,0.9998,0.0000,0.0000
Healthy/lyria__P0791__b7.png,Healthy,P0791,premolar,0,Healthy,0.0000,0.9999,0.0001,0.0000
Healthy/lyria__P0791__b8.png,Healthy,P0791,1st molar,0,Healthy,0.0000,1.0000,0.0000,0.0000
Healthy/lyria__P0791__b9.png,Healthy,P0791,2nd molar,0,Healthy,0.0000,0.9999,0.0000,0.0001
Healthy/lyria__P0791__b10.png,Healthy,P0791,3rd molar,0,Impacted,0.0066,0.4750,0.5140,0.0043
Healthy/lyria__P0791__b11.png,Healthy,P0791,incisor,0,Healthy,0.0005,0.9993,0.0002,0.0000
Healthy/lyria__P0791__b12.png,Healthy,P0791,incisor,0,Healthy,0.0001,0.9999,0.0000,0.0000
Healthy/lyria__P0791__b13.png,Healthy,P0791,premolar,0,Healthy,0.0000,1.0000,0.0000,0.0000
Healthy/lyria__P0791__b14.png,Healthy,P0791,canine,0,Healthy,0.0000,1.0000,0.0000,0.0000
Healthy/lyria__P0791__b15.png,Healthy,P0791,premolar,0,Healthy,0.0003,0.9997,0.0000,0.0000
Healthy/lyria__P0791__b16.png,Healthy,P0791,premolar,0,Healthy,0.0001,0.9998,0.0000,0.0000
Healthy/lyria__P0791__b17.png,Healthy,P0791,1st molar,0,Healthy,0.0000,1.0000,0.0000,0.0000
Healthy/lyria__P0791__b18.png,Healthy,P0791,2nd molar,0,Healthy,0.0000,1.0000,0.0000,0.0000
Healthy/lyria__P0791__b19.png,Healthy,P0791,3rd molar,0,Healthy,0.0000,1.0000,0.0000,0.0000
Healthy/lyria__P0791__b20.png,Healthy,P0791,1st molar,0,Healthy,0.0000,1.0000,0.0000,0.0000
Healthy/lyria__P0791__b21.png,Healthy,P0791,2nd molar,0,Healthy,0.0000,1.0000,0.0000,0.0000
Healthy/lyria__P0791__b22.png,Healthy,P0791,3rd molar,0,Impacted,0.0000,0.2713,0.7287,0.0000
Healthy/lyria__P0791__b25.png,Healthy,P0791,premolar,0,Healthy,0.0000,0.9962,0.0038,0.0000
Healthy/lyria__P0791__b26.png,Healthy,P0791,1st molar,0,Healthy,0.0000,1.0000,0.0000,0.0000
Healthy/lyria__P0791__b27.png,Healthy,P0791,2nd molar,0,Healthy,0.0000,1.0000,0.0000,0.0000
Healthy/lyria__P0791__b28.png,Healthy,P0791,3rd molar,0,Impacted,0.0001,0.3105,0.6894,0.0000
Healthy/lyria__P0792__b0.png,Healthy,P0792,incisor,0,Healthy,0.0016,0.9974,0.0000,0.0010
Healthy/lyria__P0792__b1.png,Healthy,P0792,incisor,0,Healthy,0.0276,0.9721,0.0000,0.0002
Healthy/lyria__P0792__b2.png,Healthy,P0792,incisor,0,Healthy,0.0021,0.9977,0.0000,0.0001
Healthy/lyria__P0792__b3.png,Healthy,P0792,incisor,0,Healthy,0.0000,0.9985,0.0000,0.0014
Healthy/lyria__P0792__b4.png,Healthy,P0792,incisor,0,Healthy,0.0001,0.9999,0.0000,0.0000
Healthy/lyria__P0792__b5.png,Healthy,P0792,incisor,0,Healthy,0.0000,1.0000,0.0000,0.0000
Healthy/lyria__P0792__b8.png,Healthy,P0792,canine,0,Healthy,0.0001,0.9999,0.0000,0.0000
Healthy/lyria__P0793__b0.png,Healthy,P0793,premolar,0,Healthy,0.0000,0.9990,0.0000,0.0010
Healthy/lyria__P0793__b1.png,Healthy,P0793,canine,0,Healthy,0.0010,0.9990,0.0000,0.0000
Healthy/lyria__P0793__b2.png,Healthy,P0793,incisor,0,Healthy,0.3179,0.6816,0.0000,0.0005
Healthy/lyria__P0793__b3.png,Healthy,P0793,incisor,0,Healthy,0.0000,1.0000,0.0000,0.0000
Healthy/lyria__P0793__b4.png,Healthy,P0793,incisor,0,Healthy,0.0086,0.9904,0.0000,0.0010
Healthy/lyria__P0793__b5.png,Healthy,P0793,canine,0,Healthy,0.0001,0.9999,0.0000,0.0000
Healthy/lyria__P0793__b6.png,Healthy,P0793,3rd molar,0,Healthy,0.0399,0.8481,0.1104,0.0016
Healthy/lyria__P0793__b7.png,Healthy,P0793,canine,0,Healthy,0.0000,0.9999,0.0000,0.0000
Healthy/lyria__P0793__b8.png,Healthy,P0793,incisor,0,Healthy,0.0000,1.0000,0.0000,0.0000
Healthy/lyria__P0793__b9.png,Healthy,P0793,incisor,0,Healthy,0.0000,1.0000,0.0000,0.0000
Healthy/lyria__P0793__b11.png,Healthy,P0793,incisor,0,Healthy,0.0001,0.9997,0.0002,0.0000
Healthy/lyria__P0793__b12.png,Healthy,P0793,canine,0,Healthy,0.0000,1.0000,0.0000,0.0000
Healthy/lyria__P0793__b13.png,Healthy,P0793,premolar,0,Healthy,0.0000,1.0000,0.0000,0.0000
Healthy/lyria__P0793__b14.png,Healthy,P0793,premolar,0,Healthy,0.0195,0.9787,0.0004,0.0014
Healthy/lyria__P0793__b15.png,Healthy,P0793,3rd molar,0,Healthy,0.0001,0.9999,0.0000,0.0000
Healthy/lyria__P0795__b0.png,Healthy,P0795,canine,0,Healthy,0.0005,0.9995,0.0000,0.0000
Healthy/lyria__P0795__b1.png,Healthy,P0795,incisor,0,Healthy,0.0001,0.9996,0.0000,0.0003
Healthy/lyria__P0795__b2.png,Healthy,P0795,incisor,0,Healthy,0.0000,0.9999,0.0000,0.0001
Healthy/lyria__P0795__b3.png,Healthy,P0795,incisor,0,Healthy,0.0000,0.9999,0.0000,0.0000
Healthy/lyria__P0795__b4.png,Healthy,P0795,incisor,0,Healthy,0.0000,0.9997,0.0000,0.0003
Healthy/lyria__P0795__b5.png,Healthy,P0795,canine,0,Healthy,0.0000,1.0000,0.0000,0.0000
Healthy/lyria__P0795__b7.png,Healthy,P0795,premolar,0,Healthy,0.0002,0.9996,0.0000,0.0002
Healthy/lyria__P0795__b8.png,Healthy,P0795,1st molar,0,Healthy,0.0000,1.0000,0.0000,0.0000
Healthy/lyria__P0795__b9.png,Healthy,P0795,2nd molar,0,Healthy,0.0000,0.9999,0.0001,0.0000
Healthy/lyria__P0795__b10.png,Healthy,P0795,3rd molar,0,Impacted,0.0000,0.0277,0.9723,0.0000
Healthy/lyria__P0795__b11.png,Healthy,P0795,premolar,0,Healthy,0.0003,0.9997,0.0000,0.0000
Healthy/lyria__P0795__b12.png,Healthy,P0795,premolar,0,Healthy,0.0005,0.9994,0.0001,0.0000
Healthy/lyria__P0795__b13.png,Healthy,P0795,1st molar,0,Healthy,0.0000,0.9993,0.0007,0.0000
Healthy/lyria__P0795__b14.png,Healthy,P0795,2nd molar,0,Healthy,0.0000,1.0000,0.0000,0.0000
Healthy/lyria__P0795__b15.png,Healthy,P0795,incisor,0,Healthy,0.0000,0.9999,0.0000,0.0001
Healthy/lyria__P0795__b16.png,Healthy,P0795,incisor,0,Healthy,0.0001,0.9998,0.0000,0.0001
Healthy/lyria__P0795__b17.png,Healthy,P0795,incisor,0,Healthy,0.0000,0.9999,0.0000,0.0001
Healthy/lyria__P0795__b18.png,Healthy,P0795,incisor,0,Healthy,0.0000,0.9999,0.0000,0.0000
Healthy/lyria__P0795__b19.png,Healthy,P0795,canine,0,Healthy,0.0001,0.9999,0.0000,0.0000
Healthy/lyria__P0795__b20.png,Healthy,P0795,premolar,0,Healthy,0.0043,0.9950,0.0002,0.0005
Healthy/lyria__P0795__b21.png,Healthy,P0795,canine,0,Healthy,0.0000,0.9999,0.0000,0.0000
Healthy/lyria__P0795__b22.png,Healthy,P0795,premolar,0,Healthy,0.0003,0.9996,0.0000,0.0000
Healthy/lyria__P0795__b23.png,Healthy,P0795,premolar,0,Healthy,0.0012,0.9987,0.0001,0.0000
Healthy/lyria__P0795__b24.png,Healthy,P0795,1st molar,0,Healthy,0.0000,1.0000,0.0000,0.0000
Healthy/lyria__P0795__b25.png,Healthy,P0795,1st molar,0,Healthy,0.0015,0.9985,0.0000,0.0000
Healthy/lyria__P0795__b26.png,Healthy,P0795,2nd molar,0,Healthy,0.0000,1.0000,0.0000,0.0000
Healthy/lyria__P0795__b28.png,Healthy,P0795,2nd molar,0,Healthy,0.0000,1.0000,0.0000,0.0000
Healthy/lyria__P0796__b0.png,Healthy,P0796,canine,0,Healthy,0.0019,0.9981,0.0000,0.0000
Healthy/lyria__P0796__b1.png,Healthy,P0796,incisor,0,Healthy,0.0001,0.9998,0.0000,0.0001
Healthy/lyria__P0796__b2.png,Healthy,P0796,incisor,0,Healthy,0.0000,1.0000,0.0000,0.0000
Healthy/lyria__P0796__b3.png,Healthy,P0796,incisor,0,Healthy,0.0001,0.9999,0.0000,0.0000
Healthy/lyria__P0796__b4.png,Healthy,P0796,incisor,0,Healthy,0.0000,0.9999,0.0000,0.0000
Healthy/lyria__P0796__b5.png,Healthy,P0796,canine,0,Healthy,0.0000,0.9999,0.0000,0.0001
Healthy/lyria__P0796__b6.png,Healthy,P0796,premolar,0,Healthy,0.0000,0.9999,0.0000,0.0000
Healthy/lyria__P0796__b7.png,Healthy,P0796,1st molar,0,Healthy,0.0000,1.0000,0.0000,0.0000
Healthy/lyria__P0796__b8.png,Healthy,P0796,2nd molar,0,Healthy,0.0000,1.0000,0.0000,0.0000
Healthy/lyria__P0796__b9.png,Healthy,P0796,3rd molar,0,Healthy,0.0000,1.0000,0.0000,0.0000
Healthy/lyria__P0796__b10.png,Healthy,P0796,premolar,0,Healthy,0.0006,0.9993,0.0000,0.0000
Healthy/lyria__P0796__b11.png,Healthy,P0796,premolar,0,Healthy,0.0010,0.9990,0.0000,0.0000
Healthy/lyria__P0796__b12.png,Healthy,P0796,1st molar,0,Healthy,0.0000,1.0000,0.0000,0.0000
Healthy/lyria__P0796__b13.png,Healthy,P0796,2nd molar,0,Healthy,0.0000,0.9999,0.0001,0.0000
Healthy/lyria__P0796__b14.png,Healthy,P0796,3rd molar,0,Healthy,0.0000,1.0000,0.0000,0.0000
Healthy/lyria__P0796__b16.png,Healthy,P0796,incisor,0,Healthy,0.0000,0.9999,0.0000,0.0001
Healthy/lyria__P0796__b17.png,Healthy,P0796,incisor,0,Healthy,0.0002,0.9998,0.0000,0.0000
Healthy/lyria__P0796__b18.png,Healthy,P0796,incisor,0,Healthy,0.0001,0.9999,0.0000,0.0000
Healthy/lyria__P0796__b19.png,Healthy,P0796,incisor,0,Healthy,0.0000,1.0000,0.0000,0.0000
Healthy/lyria__P0796__b21.png,Healthy,P0796,premolar,0,Healthy,0.0000,0.9998,0.0001,0.0000
Healthy/lyria__P0796__b22.png,Healthy,P0796,premolar,0,Healthy,0.0000,0.9999,0.0001,0.0000
Healthy/lyria__P0796__b23.png,Healthy,P0796,1st molar,0,Healthy,0.0000,1.0000,0.0000,0.0000
Healthy/lyria__P0796__b24.png,Healthy,P0796,2nd molar,0,Healthy,0.0000,1.0000,0.0000,0.0000
Healthy/lyria__P0796__b25.png,Healthy,P0796,3rd molar,0,Healthy,0.0000,0.9998,0.0002,0.0000
Healthy/lyria__P0796__b26.png,Healthy,P0796,premolar,0,Healthy,0.0010,0.9990,0.0000,0.0000
Healthy/lyria__P0796__b27.png,Healthy,P0796,premolar,0,Healthy,0.0000,1.0000,0.0000,0.0000
Healthy/lyria__P0796__b28.png,Healthy,P0796,2nd molar,0,Healthy,0.0000,1.0000,0.0000,0.0000
Healthy/lyria__P0796__b29.png,Healthy,P0796,3rd molar,0,Healthy,0.0000,0.9979,0.0021,0.0000
Healthy/lyria__P0083__b0.png,Healthy,P0083,premolar,0,Healthy,0.0024,0.9976,0.0000,0.0000
Healthy/lyria__P0083__b1.png,Healthy,P0083,canine,0,Healthy,0.0054,0.9946,0.0000,0.0001
Healthy/lyria__P0083__b2.png,Healthy,P0083,incisor,0,Healthy,0.0001,0.9999,0.0000,0.0000
Healthy/lyria__P0083__b3.png,Healthy,P0083,incisor,0,Healthy,0.0080,0.9883,0.0000,0.0036
Healthy/lyria__P0083__b4.png,Healthy,P0083,incisor,0,Healthy,0.0000,0.9999,0.0000,0.0000
Healthy/lyria__P0083__b5.png,Healthy,P0083,incisor,0,Healthy,0.0000,0.9999,0.0000,0.0001
Healthy/lyria__P0083__b6.png,Healthy,P0083,canine,0,Healthy,0.0001,0.9999,0.0000,0.0000
Healthy/lyria__P0083__b7.png,Healthy,P0083,premolar,0,Healthy,0.0001,0.9999,0.0000,0.0000
Healthy/lyria__P0083__b8.png,Healthy,P0083,premolar,0,Healthy,0.0199,0.9800,0.0000,0.0000
Healthy/lyria__P0083__b9.png,Healthy,P0083,2nd molar,0,Healthy,0.0007,0.8465,0.1526,0.0002
Healthy/lyria__P0083__b10.png,Healthy,P0083,canine,0,Healthy,0.0000,1.0000,0.0000,0.0000
Healthy/lyria__P0083__b11.png,Healthy,P0083,incisor,0,Healthy,0.0000,0.9963,0.0037,0.0000
Healthy/lyria__P0083__b12.png,Healthy,P0083,incisor,0,Healthy,0.0000,0.9990,0.0009,0.0000
Healthy/lyria__P0083__b13.png,Healthy,P0083,incisor,0,Healthy,0.0000,1.0000,0.0000,0.0000
Healthy/lyria__P0083__b15.png,Healthy,P0083,canine,0,Healthy,0.0000,1.0000,0.0000,0.0000
Healthy/lyria__P0083__b16.png,Healthy,P0083,premolar,0,Healthy,0.0000,0.9999,0.0000,0.0000
Healthy/lyria__P0798__b1.png,Healthy,P0798,canine,0,Healthy,0.0001,0.9999,0.0000,0.0000
Healthy/lyria__P0799__b0.png,Healthy,P0799,2nd molar,0,Healthy,0.0001,0.9999,0.0000,0.0000
Healthy/lyria__P0799__b1.png,Healthy,P0799,premolar,0,Healthy,0.0113,0.9863,0.0024,0.0001
Healthy/lyria__P0799__b2.png,Healthy,P0799,canine,0,Healthy,0.0002,0.9998,0.0001,0.0000
Healthy/lyria__P0799__b3.png,Healthy,P0799,incisor,0,Healthy,0.0003,0.9996,0.0000,0.0000
Healthy/lyria__P0799__b4.png,Healthy,P0799,incisor,0,Healthy,0.0004,0.9996,0.0000,0.0000
Healthy/lyria__P0799__b5.png,Healthy,P0799,incisor,0,Healthy,0.0000,0.9997,0.0000,0.0002
Healthy/lyria__P0802__b0.png,Healthy,P0802,premolar,0,Healthy,0.0000,0.9999,0.0000,0.0000
Healthy/lyria__P0802__b1.png,Healthy,P0802,canine,0,Healthy,0.0000,0.9995,0.0005,0.0000
Healthy/lyria__P0802__b3.png,Healthy,P0802,incisor,0,Healthy,0.0000,0.9999,0.0000,0.0001
Healthy/lyria__P0802__b4.png,Healthy,P0802,incisor,0,Healthy,0.0000,1.0000,0.0000,0.0000
Healthy/lyria__P0802__b5.png,Healthy,P0802,incisor,0,Healthy,0.0000,1.0000,0.0000,0.0000
Healthy/lyria__P0802__b6.png,Healthy,P0802,canine,0,Healthy,0.0000,1.0000,0.0000,0.0000
Healthy/lyria__P0803__b0.png,Healthy,P0803,incisor,0,Healthy,0.0000,0.9997,0.0001,0.0002
Healthy/lyria__P0804__b0.png,Healthy,P0804,canine,0,Healthy,0.0000,0.9999,0.0000,0.0000
Healthy/lyria__P0804__b3.png,Healthy,P0804,incisor,0,Healthy,0.0000,0.9999,0.0000,0.0000
Healthy/lyria__P0804__b4.png,Healthy,P0804,incisor,0,Healthy,0.0000,1.0000,0.0000,0.0000
Healthy/lyria__P0804__b5.png,Healthy,P0804,canine,0,Healthy,0.4626,0.5372,0.0002,0.0000
Healthy/lyria__P0805__b0.png,Healthy,P0805,premolar,0,Healthy,0.0000,1.0000,0.0000,0.0000
Healthy/lyria__P0805__b1.png,Healthy,P0805,canine,0,Healthy,0.0000,1.0000,0.0000,0.0000
Healthy/lyria__P0805__b2.png,Healthy,P0805,incisor,0,Healthy,0.0003,0.9997,0.0000,0.0000
Healthy/lyria__P0805__b3.png,Healthy,P0805,incisor,0,Healthy,0.0006,0.9994,0.0000,0.0000
Healthy/lyria__P0805__b4.png,Healthy,P0805,incisor,0,Healthy,0.0001,0.9999,0.0000,0.0000
Healthy/lyria__P0084__b1.png,Healthy,P0084,canine,0,Healthy,0.0000,0.9999,0.0000,0.0000
Healthy/lyria__P0084__b3.png,Healthy,P0084,canine,0,Healthy,0.0000,1.0000,0.0000,0.0000
Healthy/lyria__P0084__b4.png,Healthy,P0084,incisor,0,Healthy,0.0000,1.0000,0.0000,0.0000
Healthy/lyria__P0084__b5.png,Healthy,P0084,incisor,0,Healthy,0.0000,1.0000,0.0000,0.0000
Healthy/lyria__P0084__b6.png,Healthy,P0084,incisor,0,Healthy,0.0000,0.9992,0.0000,0.0008
Healthy/lyria__P0084__b7.png,Healthy,P0084,incisor,0,Healthy,0.0000,1.0000,0.0000,0.0000
Healthy/lyria__P0084__b8.png,Healthy,P0084,3rd molar,0,Endodontics,0.4211,0.3765,0.2023,0.0001
Healthy/lyria__P0806__b0.png,Healthy,P0806,premolar,0,Healthy,0.0005,0.9995,0.0000,0.0000
Healthy/lyria__P0806__b1.png,Healthy,P0806,canine,0,Healthy,0.0003,0.9994,0.0002,0.0000
Healthy/lyria__P0806__b2.png,Healthy,P0806,incisor,0,Healthy,0.0000,1.0000,0.0000,0.0000
Healthy/lyria__P0806__b5.png,Healthy,P0806,incisor,0,Healthy,0.0000,1.0000,0.0000,0.0000
Healthy/lyria__P0806__b6.png,Healthy,P0806,canine,0,Healthy,0.0000,1.0000,0.0000,0.0000
Healthy/lyria__P0806__b7.png,Healthy,P0806,premolar,0,Healthy,0.0020,0.9980,0.0000,0.0000
Healthy/lyria__P0807__b0.png,Healthy,P0807,canine,0,Healthy,0.2035,0.7963,0.0001,0.0001
Healthy/lyria__P0807__b1.png,Healthy,P0807,incisor,0,Healthy,0.0003,0.9991,0.0000,0.0005
Healthy/lyria__P0807__b2.png,Healthy,P0807,incisor,0,Healthy,0.0075,0.9923,0.0000,0.0001
Healthy/lyria__P0807__b3.png,Healthy,P0807,canine,0,Healthy,0.0002,0.9995,0.0004,0.0000
Healthy/lyria__P0807__b4.png,Healthy,P0807,incisor,0,Healthy,0.0000,0.9973,0.0027,0.0000
Healthy/lyria__P0807__b5.png,Healthy,P0807,incisor,0,Healthy,0.0000,0.9993,0.0006,0.0000
Healthy/lyria__P0807__b6.png,Healthy,P0807,incisor,0,Healthy,0.0003,0.9993,0.0004,0.0000
Healthy/lyria__P0807__b8.png,Healthy,P0807,canine,0,Healthy,0.0018,0.9894,0.0086,0.0002
Healthy/lyria__P0807__b9.png,Healthy,P0807,premolar,0,Healthy,0.0127,0.9757,0.0003,0.0113
Healthy/lyria__P0807__b10.png,Healthy,P0807,premolar,0,Endodontics,0.5580,0.3811,0.0595,0.0014
Healthy/lyria__P0807__b11.png,Healthy,P0807,premolar,0,Healthy,0.0002,0.9998,0.0000,0.0000
Healthy/lyria__P0807__b12.png,Healthy,P0807,premolar,0,Healthy,0.2493,0.6687,0.0818,0.0002
Healthy/lyria__P0808__b0.png,Healthy,P0808,canine,0,Healthy,0.0833,0.9165,0.0000,0.0001
Healthy/lyria__P0808__b2.png,Healthy,P0808,1st molar,0,Healthy,0.0003,0.9997,0.0000,0.0000
Healthy/lyria__P0808__b3.png,Healthy,P0808,canine,0,Healthy,0.0005,0.9995,0.0000,0.0000
Healthy/lyria__P0808__b4.png,Healthy,P0808,premolar,0,Healthy,0.0196,0.9765,0.0039,0.0000
Healthy/lyria__P0808__b5.png,Healthy,P0808,canine,0,Healthy,0.0000,0.9999,0.0000,0.0000
Healthy/lyria__P0808__b7.png,Healthy,P0808,incisor,0,Healthy,0.0001,0.9999,0.0000,0.0001
Healthy/lyria__P0808__b8.png,Healthy,P0808,incisor,0,Healthy,0.0000,0.9999,0.0000,0.0000
Healthy/lyria__P0808__b9.png,Healthy,P0808,incisor,0,Healthy,0.0032,0.9967,0.0000,0.0000
Healthy/lyria__P0808__b10.png,Healthy,P0808,canine,0,Healthy,0.0000,1.0000,0.0000,0.0000
Healthy/lyria__P0808__b11.png,Healthy,P0808,premolar,0,Healthy,0.0004,0.9960,0.0036,0.0000
Healthy/lyria__P0808__b12.png,Healthy,P0808,2nd molar,0,Healthy,0.0002,0.7122,0.2874,0.0001
Healthy/lyria__P0808__b13.png,Healthy,P0808,premolar,0,Healthy,0.0000,0.9939,0.0061,0.0000
Healthy/lyria__P0808__b14.png,Healthy,P0808,premolar,0,Healthy,0.0020,0.9980,0.0000,0.0000
Healthy/lyria__P0808__b15.png,Healthy,P0808,1st molar,0,Healthy,0.0138,0.9861,0.0001,0.0000
Healthy/lyria__P0809__b0.png,Healthy,P0809,incisor,0,Healthy,0.0000,0.9999,0.0000,0.0001
Healthy/lyria__P0809__b1.png,Healthy,P0809,incisor,0,Healthy,0.0000,1.0000,0.0000,0.0000
Healthy/lyria__P0809__b2.png,Healthy,P0809,incisor,0,Healthy,0.0000,0.9999,0.0000,0.0000
Healthy/lyria__P0809__b3.png,Healthy,P0809,incisor,0,Healthy,0.0000,0.9999,0.0000,0.0001
Healthy/lyria__P0809__b4.png,Healthy,P0809,canine,0,Healthy,0.0005,0.9995,0.0000,0.0000
Healthy/lyria__P0809__b5.png,Healthy,P0809,canine,0,Healthy,0.2056,0.7943,0.0000,0.0000
Healthy/lyria__P0809__b6.png,Healthy,P0809,premolar,0,Healthy,0.0000,1.0000,0.0000,0.0000
Healthy/lyria__P0809__b7.png,Healthy,P0809,canine,0,Healthy,0.0000,0.9998,0.0001,0.0001
Healthy/lyria__P0809__b8.png,Healthy,P0809,incisor,0,Healthy,0.0000,0.9999,0.0001,0.0000
Healthy/lyria__P0809__b9.png,Healthy,P0809,incisor,0,Healthy,0.0000,1.0000,0.0000,0.0000
Healthy/lyria__P0809__b10.png,Healthy,P0809,incisor,0,Healthy,0.0000,0.9999,0.0000,0.0001
Healthy/lyria__P0809__b11.png,Healthy,P0809,incisor,0,Healthy,0.0000,1.0000,0.0000,0.0000
Healthy/lyria__P0809__b12.png,Healthy,P0809,canine,0,Healthy,0.0000,1.0000,0.0000,0.0000
Healthy/lyria__P0810__b0.png,Healthy,P0810,canine,0,Healthy,0.0011,0.9987,0.0000,0.0002
Healthy/lyria__P0810__b1.png,Healthy,P0810,canine,0,Healthy,0.0123,0.9867,0.0005,0.0005
Healthy/lyria__P0810__b2.png,Healthy,P0810,incisor,0,Healthy,0.0010,0.9958,0.0007,0.0026
Healthy/lyria__P0810__b3.png,Healthy,P0810,incisor,0,Healthy,0.0000,0.9998,0.0001,0.0001
Healthy/lyria__P0810__b4.png,Healthy,P0810,incisor,0,Healthy,0.0000,0.9999,0.0001,0.0000
Healthy/lyria__P0810__b5.png,Healthy,P0810,incisor,0,Healthy,0.0004,0.9982,0.0014,0.0000
Healthy/lyria__P0810__b6.png,Healthy,P0810,canine,0,Healthy,0.0001,0.8381,0.1616,0.0002
Healthy/lyria__P0810__b7.png,Healthy,P0810,premolar,0,Healthy,0.0006,0.9986,0.0008,0.0000
Healthy/lyria__P0810__b8.png,Healthy,P0810,3rd molar,0,Impacted,0.0007,0.1101,0.8892,0.0000
Healthy/lyria__P0810__b9.png,Healthy,P0810,canine,0,Healthy,0.0005,0.9995,0.0001,0.0000
Healthy/lyria__P0810__b10.png,Healthy,P0810,premolar,0,Healthy,0.0012,0.9987,0.0001,0.0000
Healthy/lyria__P0085__b0.png,Healthy,P0085,2nd molar,0,Healthy,0.0002,0.9998,0.0000,0.0000
Healthy/lyria__P0085__b1.png,Healthy,P0085,1st molar,0,Healthy,0.0000,1.0000,0.0000,0.0000
Healthy/lyria__P0085__b2.png,Healthy,P0085,premolar,0,Healthy,0.0000,1.0000,0.0000,0.0000
Healthy/lyria__P0085__b3.png,Healthy,P0085,premolar,0,Healthy,0.0001,0.9999,0.0000,0.0000
Healthy/lyria__P0085__b4.png,Healthy,P0085,canine,0,Healthy,0.0000,1.0000,0.0000,0.0000
Healthy/lyria__P0085__b5.png,Healthy,P0085,incisor,0,Healthy,0.0000,1.0000,0.0000,0.0000
Healthy/lyria__P0085__b6.png,Healthy,P0085,incisor,0,Healthy,0.0000,1.0000,0.0000,0.0000
Healthy/lyria__P0085__b7.png,Healthy,P0085,canine,0,Healthy,0.0000,1.0000,0.0000,0.0000
Healthy/lyria__P0085__b8.png,Healthy,P0085,premolar,0,Healthy,0.2587,0.7407,0.0005,0.0000
Healthy/lyria__P0085__b9.png,Healthy,P0085,1st molar,0,Healthy,0.0000,1.0000,0.0000,0.0000
Healthy/lyria__P0085__b11.png,Healthy,P0085,premolar,0,Healthy,0.0000,1.0000,0.0000,0.0000
Healthy/lyria__P0085__b12.png,Healthy,P0085,canine,0,Healthy,0.0000,1.0000,0.0000,0.0000
Healthy/lyria__P0085__b13.png,Healthy,P0085,incisor,0,Healthy,0.0000,0.9997,0.0003,0.0000
Healthy/lyria__P0085__b14.png,Healthy,P0085,incisor,0,Healthy,0.0000,0.9996,0.0004,0.0000
Healthy/lyria__P0085__b15.png,Healthy,P0085,incisor,0,Healthy,0.0000,0.9999,0.0001,0.0000
Healthy/lyria__P0085__b16.png,Healthy,P0085,incisor,0,Healthy,0.0000,1.0000,0.0000,0.0000
Healthy/lyria__P0085__b17.png,Healthy,P0085,canine,0,Healthy,0.0000,1.0000,0.0000,0.0000
Healthy/lyria__P0085__b18.png,Healthy,P0085,premolar,0,Healthy,0.0000,1.0000,0.0000,0.0000
Healthy/lyria__P0085__b19.png,Healthy,P0085,premolar,0,Healthy,0.0000,1.0000,0.0000,0.0000
Healthy/lyria__P0085__b20.png,Healthy,P0085,3rd molar,0,Impacted,0.0000,0.3226,0.6774,0.0000
Healthy/lyria__P0088__b0.png,Healthy,P0088,premolar,0,Healthy,0.0431,0.9358,0.0000,0.0211
Healthy/lyria__P0088__b2.png,Healthy,P0088,3rd molar,0,Impacted,0.0004,0.2915,0.6200,0.0881
Healthy/lyria__P0088__b3.png,Healthy,P0088,premolar,0,Healthy,0.0000,1.0000,0.0000,0.0000
Healthy/lyria__P0088__b4.png,Healthy,P0088,incisor,0,Healthy,0.0000,1.0000,0.0000,0.0000
Healthy/lyria__P0088__b5.png,Healthy,P0088,incisor,0,Healthy,0.0000,0.9999,0.0000,0.0001
Healthy/lyria__P0088__b6.png,Healthy,P0088,incisor,0,Healthy,0.0000,0.9999,0.0000,0.0001
Healthy/lyria__P0089__b0.png,Healthy,P0089,premolar,0,Healthy,0.0831,0.9169,0.0000,0.0000
Healthy/lyria__P0089__b2.png,Healthy,P0089,incisor,0,Healthy,0.0000,1.0000,0.0000,0.0000
Healthy/lyria__P0089__b3.png,Healthy,P0089,incisor,0,Healthy,0.0000,1.0000,0.0000,0.0000
Healthy/lyria__P0089__b4.png,Healthy,P0089,canine,0,Healthy,0.0014,0.9986,0.0000,0.0000
Healthy/lyria__P0089__b5.png,Healthy,P0089,premolar,0,Healthy,0.0555,0.9444,0.0001,0.0000
Healthy/lyria__P0089__b6.png,Healthy,P0089,premolar,0,Healthy,0.0000,1.0000,0.0000,0.0000
Healthy/lyria__P0089__b7.png,Healthy,P0089,premolar,0,Healthy,0.0000,1.0000,0.0000,0.0000
Healthy/lyria__P0089__b8.png,Healthy,P0089,canine,0,Healthy,0.0000,1.0000,0.0000,0.0000
Healthy/lyria__P0089__b10.png,Healthy,P0089,incisor,0,Healthy,0.0000,0.9985,0.0000,0.0014
Healthy/lyria__P0089__b11.png,Healthy,P0089,incisor,0,Healthy,0.0002,0.9997,0.0000,0.0001
Healthy/lyria__P0089__b12.png,Healthy,P0089,incisor,0,Healthy,0.0000,0.9999,0.0000,0.0000
Healthy/lyria__P0089__b13.png,Healthy,P0089,canine,0,Healthy,0.0000,1.0000,0.0000,0.0000
Healthy/lyria__P0089__b14.png,Healthy,P0089,premolar,0,Healthy,0.0000,1.0000,0.0000,0.0000
Healthy/lyria__P0089__b15.png,Healthy,P0089,premolar,0,Healthy,0.0001,0.9998,0.0000,0.0001
Healthy/lyria__P0091__b0.png,Healthy,P0091,canine,0,Healthy,0.0000,1.0000,0.0000,0.0000
Healthy/lyria__P0091__b1.png,Healthy,P0091,incisor,0,Healthy,0.0001,0.9995,0.0000,0.0004
Healthy/lyria__P0091__b2.png,Healthy,P0091,incisor,0,Healthy,0.0013,0.9946,0.0001,0.0040
Healthy/lyria__P0091__b3.png,Healthy,P0091,incisor,0,Healthy,0.0000,0.9998,0.0000,0.0001
Healthy/lyria__P0091__b5.png,Healthy,P0091,premolar,0,Healthy,0.0000,0.9999,0.0000,0.0000
Healthy/lyria__P0091__b6.png,Healthy,P0091,canine,0,Healthy,0.0000,1.0000,0.0000,0.0000
Healthy/lyria__P0091__b8.png,Healthy,P0091,incisor,0,Healthy,0.0000,0.9977,0.0000,0.0022
Healthy/lyria__P0091__b9.png,Healthy,P0091,incisor,0,Healthy,0.0001,0.9999,0.0000,0.0000
Healthy/lyria__P0091__b10.png,Healthy,P0091,incisor,0,Healthy,0.0000,1.0000,0.0000,0.0000
Healthy/lyria__P0091__b11.png,Healthy,P0091,canine,0,Healthy,0.0000,1.0000,0.0000,0.0000
Healthy/lyria__P0091__b12.png,Healthy,P0091,premolar,0,Healthy,0.0000,1.0000,0.0000,0.0000
Healthy/lyria__P0091__b13.png,Healthy,P0091,premolar,0,Healthy,0.2788,0.7204,0.0000,0.0009
Healthy/lyria__P0092__b0.png,Healthy,P0092,3rd molar,0,Healthy,0.0002,0.8483,0.1514,0.0001
Healthy/lyria__P0092__b1.png,Healthy,P0092,3rd molar,0,Impacted,0.0346,0.1138,0.8508,0.0008
Healthy/lyria__P0092__b2.png,Healthy,P0092,premolar,0,Healthy,0.0014,0.9939,0.0042,0.0005
Healthy/lyria__P0092__b3.png,Healthy,P0092,premolar,0,Healthy,0.0016,0.9983,0.0000,0.0000
Healthy/lyria__P0092__b4.png,Healthy,P0092,incisor,0,Healthy,0.0001,0.9999,0.0000,0.0000
Healthy/lyria__P0092__b5.png,Healthy,P0092,incisor,0,Healthy,0.0000,0.9962,0.0000,0.0037
Healthy/lyria__P0092__b6.png,Healthy,P0092,incisor,0,Healthy,0.0000,0.9955,0.0000,0.0045
Healthy/lyria__P0092__b8.png,Healthy,P0092,premolar,0,Healthy,0.3219,0.6444,0.0287,0.0050
Healthy/lyria__P0092__b9.png,Healthy,P0092,3rd molar,0,Impacted,0.0954,0.4235,0.4811,0.0000
Healthy/lyria__P0093__b0.png,Healthy,P0093,premolar,0,Healthy,0.0001,0.9999,0.0000,0.0000
Healthy/lyria__P0093__b1.png,Healthy,P0093,canine,0,Healthy,0.0003,0.9997,0.0000,0.0000
Healthy/lyria__P0093__b2.png,Healthy,P0093,incisor,0,Healthy,0.0002,0.9994,0.0004,0.0000
Healthy/lyria__P0093__b4.png,Healthy,P0093,incisor,0,Healthy,0.0000,1.0000,0.0000,0.0000
Healthy/lyria__P0093__b5.png,Healthy,P0093,canine,0,Healthy,0.0004,0.9994,0.0000,0.0002
Healthy/lyria__P0093__b6.png,Healthy,P0093,premolar,0,Healthy,0.0129,0.9839,0.0014,0.0018
Healthy/lyria__P0093__b8.png,Healthy,P0093,canine,0,Healthy,0.0001,0.9999,0.0000,0.0000
Healthy/lyria__P0093__b9.png,Healthy,P0093,incisor,0,Healthy,0.0000,0.9998,0.0000,0.0002
Healthy/lyria__P0093__b10.png,Healthy,P0093,incisor,0,Healthy,0.0000,0.9999,0.0000,0.0001
Healthy/lyria__P0093__b11.png,Healthy,P0093,incisor,0,Healthy,0.0000,0.9998,0.0000,0.0002
Healthy/lyria__P0093__b12.png,Healthy,P0093,incisor,0,Healthy,0.0001,0.9993,0.0000,0.0007
Healthy/lyria__P0093__b13.png,Healthy,P0093,canine,0,Healthy,0.0007,0.9993,0.0000,0.0000
Healthy/lyria__P0093__b14.png,Healthy,P0093,premolar,0,Healthy,0.0004,0.9995,0.0001,0.0000
Healthy/lyria__P0093__b15.png,Healthy,P0093,premolar,0,Healthy,0.0000,1.0000,0.0000,0.0000
Healthy/lyria__P0004__b0.png,Healthy,P0004,canine,0,Healthy,0.0061,0.9938,0.0001,0.0000
Healthy/lyria__P0004__b2.png,Healthy,P0004,incisor,0,Healthy,0.0000,0.9985,0.0000,0.0014
Healthy/lyria__P0098__b0.png,Healthy,P0098,canine,0,Healthy,0.0112,0.9876,0.0000,0.0011
Healthy/lyria__P0098__b1.png,Healthy,P0098,3rd molar,0,Healthy,0.0000,0.8119,0.1881,0.0000
Healthy/lyria__P0098__b3.png,Healthy,P0098,canine,0,Healthy,0.0000,1.0000,0.0000,0.0000
Healthy/lyria__P0098__b4.png,Healthy,P0098,incisor,0,Healthy,0.0000,0.9999,0.0000,0.0000
Healthy/lyria__P0098__b5.png,Healthy,P0098,incisor,0,Healthy,0.0000,0.9999,0.0000,0.0001
Healthy/lyria__P0098__b6.png,Healthy,P0098,incisor,0,Healthy,0.0000,1.0000,0.0000,0.0000
Healthy/lyria__P0098__b7.png,Healthy,P0098,incisor,0,Healthy,0.0000,1.0000,0.0000,0.0000
Healthy/lyria__P0099__b0.png,Healthy,P0099,canine,0,Endodontics,0.5150,0.4841,0.0000,0.0009
Healthy/lyria__P0099__b2.png,Healthy,P0099,premolar,0,Healthy,0.0000,1.0000,0.0000,0.0000
Healthy/lyria__P0099__b3.png,Healthy,P0099,canine,0,Healthy,0.0000,1.0000,0.0000,0.0000
Healthy/lyria__P0099__b4.png,Healthy,P0099,incisor,0,Healthy,0.0000,1.0000,0.0000,0.0000
Healthy/lyria__P0099__b5.png,Healthy,P0099,incisor,0,Healthy,0.0000,1.0000,0.0000,0.0000
Healthy/lyria__P0099__b7.png,Healthy,P0099,incisor,0,Healthy,0.0000,0.9999,0.0000,0.0001
Healthy/lyria__P0099__b8.png,Healthy,P0099,canine,0,Healthy,0.0008,0.9992,0.0000,0.0000
Healthy/lyria__P0099__b9.png,Healthy,P0099,premolar,0,Healthy,0.0001,0.9999,0.0001,0.0000
Healthy/lyria__P0005__b0.png,Healthy,P0005,canine,0,Healthy,0.0000,0.9999,0.0000,0.0001
Healthy/lyria__P0005__b2.png,Healthy,P0005,incisor,0,Healthy,0.0000,0.9992,0.0008,0.0001
Healthy/lyria__P0005__b3.png,Healthy,P0005,incisor,0,Healthy,0.0001,0.9998,0.0001,0.0000
Healthy/lyria__P0102__b0.png,Healthy,P0102,2nd molar,0,Healthy,0.4916,0.5082,0.0001,0.0001
Healthy/lyria__P0102__b2.png,Healthy,P0102,incisor,0,Healthy,0.0004,0.9974,0.0000,0.0023
Healthy/lyria__P0102__b4.png,Healthy,P0102,incisor,0,Healthy,0.0000,1.0000,0.0000,0.0000
Healthy/lyria__P0102__b5.png,Healthy,P0102,incisor,0,Healthy,0.0000,0.9997,0.0000,0.0003
Healthy/lyria__P0102__b6.png,Healthy,P0102,canine,0,Healthy,0.0001,0.9999,0.0000,0.0000
Healthy/lyria__P0103__b0.png,Healthy,P0103,premolar,0,Healthy,0.0011,0.9988,0.0000,0.0001
Healthy/lyria__P0103__b1.png,Healthy,P0103,canine,0,Healthy,0.0000,0.9998,0.0000,0.0002
Healthy/lyria__P0103__b2.png,Healthy,P0103,incisor,0,Healthy,0.0000,0.9998,0.0000,0.0002
Healthy/lyria__P0103__b3.png,Healthy,P0103,incisor,0,Healthy,0.0000,0.9995,0.0000,0.0005
Healthy/lyria__P0103__b4.png,Healthy,P0103,incisor,0,Healthy,0.0000,0.9999,0.0000,0.0001
Healthy/lyria__P0103__b5.png,Healthy,P0103,incisor,0,Healthy,0.0010,0.9922,0.0000,0.0068
Healthy/lyria__P0103__b6.png,Healthy,P0103,canine,0,Healthy,0.0000,0.9999,0.0000,0.0001
Healthy/lyria__P0103__b7.png,Healthy,P0103,premolar,0,Healthy,0.0000,1.0000,0.0000,0.0000
Healthy/lyria__P0103__b9.png,Healthy,P0103,premolar,0,Healthy,0.0000,0.9999,0.0000,0.0000
Healthy/lyria__P0103__b10.png,Healthy,P0103,premolar,0,Healthy,0.0000,1.0000,0.0000,0.0000
Healthy/lyria__P0103__b11.png,Healthy,P0103,canine,0,Healthy,0.0000,1.0000,0.0000,0.0000
Healthy/lyria__P0103__b12.png,Healthy,P0103,incisor,0,Healthy,0.0000,0.9999,0.0000,0.0000
Healthy/lyria__P0103__b13.png,Healthy,P0103,incisor,0,Healthy,0.0001,0.9999,0.0000,0.0000
Healthy/lyria__P0103__b14.png,Healthy,P0103,incisor,0,Healthy,0.0000,1.0000,0.0000,0.0000
Healthy/lyria__P0103__b15.png,Healthy,P0103,incisor,0,Healthy,0.0000,1.0000,0.0000,0.0000
Healthy/lyria__P0103__b16.png,Healthy,P0103,canine,0,Healthy,0.0000,1.0000,0.0000,0.0000
Healthy/lyria__P0103__b17.png,Healthy,P0103,premolar,0,Healthy,0.0000,0.9999,0.0000,0.0000
Healthy/lyria__P0103__b18.png,Healthy,P0103,premolar,0,Healthy,0.0000,1.0000,0.0000,0.0000
Healthy/lyria__P0104__b0.png,Healthy,P0104,2nd molar,0,Healthy,0.0000,1.0000,0.0000,0.0000
Healthy/lyria__P0104__b1.png,Healthy,P0104,incisor,0,Healthy,0.0674,0.9325,0.0000,0.0000
Healthy/lyria__P0104__b3.png,Healthy,P0104,incisor,0,Healthy,0.0000,1.0000,0.0000,0.0000
Healthy/lyria__P0104__b4.png,Healthy,P0104,incisor,0,Healthy,0.0000,1.0000,0.0000,0.0000
Healthy/lyria__P0104__b6.png,Healthy,P0104,2nd molar,0,Healthy,0.0000,1.0000,0.0000,0.0000
Healthy/lyria__P0104__b7.png,Healthy,P0104,premolar,0,Healthy,0.2101,0.7898,0.0000,0.0000
Healthy/lyria__P0104__b8.png,Healthy,P0104,canine,0,Healthy,0.0000,1.0000,0.0000,0.0000
Healthy/lyria__P0104__b9.png,Healthy,P0104,incisor,0,Healthy,0.0000,1.0000,0.0000,0.0000
Healthy/lyria__P0104__b10.png,Healthy,P0104,incisor,0,Healthy,0.0000,0.9999,0.0000,0.0000
Healthy/lyria__P0104__b11.png,Healthy,P0104,incisor,0,Healthy,0.0000,0.9999,0.0000,0.0001
Healthy/lyria__P0104__b12.png,Healthy,P0104,incisor,0,Healthy,0.0001,0.9998,0.0000,0.0000
Healthy/lyria__P0104__b13.png,Healthy,P0104,canine,0,Healthy,0.0001,0.9998,0.0001,0.0000
Healthy/lyria__P0105__b0.png,Healthy,P0105,2nd molar,0,Healthy,0.0002,0.9959,0.0037,0.0003
Healthy/lyria__P0105__b1.png,Healthy,P0105,premolar,0,Healthy,0.0007,0.9992,0.0001,0.0000
Healthy/lyria__P0105__b2.png,Healthy,P0105,premolar,0,Healthy,0.2691,0.7303,0.0005,0.0000
Healthy/lyria__P0105__b3.png,Healthy,P0105,canine,0,Healthy,0.0001,0.9999,0.0000,0.0000
Healthy/lyria__P0105__b4.png,Healthy,P0105,incisor,0,Healthy,0.0001,0.9999,0.0000,0.0000
Healthy/lyria__P0105__b6.png,Healthy,P0105,1st molar,0,Healthy,0.0010,0.9874,0.0116,0.0000
Healthy/lyria__P0105__b7.png,Healthy,P0105,premolar,0,Healthy,0.0001,0.9996,0.0001,0.0001
Healthy/lyria__P0105__b8.png,Healthy,P0105,premolar,0,Healthy,0.0000,0.9998,0.0001,0.0000
Healthy/lyria__P0105__b9.png,Healthy,P0105,canine,0,Healthy,0.0000,1.0000,0.0000,0.0000
Healthy/lyria__P0105__b10.png,Healthy,P0105,incisor,0,Healthy,0.0003,0.9996,0.0000,0.0001
Healthy/lyria__P0105__b11.png,Healthy,P0105,incisor,0,Healthy,0.0000,1.0000,0.0000,0.0000
Healthy/lyria__P0105__b12.png,Healthy,P0105,incisor,0,Healthy,0.0000,1.0000,0.0000,0.0000
Healthy/lyria__P0105__b13.png,Healthy,P0105,incisor,0,Healthy,0.0000,1.0000,0.0000,0.0000
Healthy/lyria__P0105__b15.png,Healthy,P0105,premolar,0,Healthy,0.0000,1.0000,0.0000,0.0000
Healthy/lyria__P0105__b16.png,Healthy,P0105,premolar,0,Healthy,0.0008,0.9992,0.0000,0.0000
Healthy/lyria__P0006__b0.png,Healthy,P0006,canine,0,Healthy,0.0000,0.9998,0.0000,0.0002
Healthy/lyria__P0006__b1.png,Healthy,P0006,premolar,0,Healthy,0.0000,0.9999,0.0000,0.0000
Healthy/lyria__P0006__b2.png,Healthy,P0006,canine,0,Healthy,0.0003,0.9987,0.0000,0.0009
Healthy/lyria__P0006__b4.png,Healthy,P0006,incisor,0,Healthy,0.0000,0.9998,0.0000,0.0002
Healthy/lyria__P0006__b5.png,Healthy,P0006,incisor,0,Healthy,0.0000,0.9972,0.0000,0.0028
Healthy/lyria__P0006__b6.png,Healthy,P0006,incisor,0,Healthy,0.0000,0.9984,0.0000,0.0016
Healthy/lyria__P0006__b7.png,Healthy,P0006,canine,0,Healthy,0.0007,0.9989,0.0000,0.0004
Healthy/lyria__P0006__b8.png,Healthy,P0006,premolar,0,Healthy,0.0006,0.9993,0.0000,0.0000
Healthy/lyria__P0106__b1.png,Healthy,P0106,1st molar,0,Healthy,0.0000,1.0000,0.0000,0.0000
Healthy/lyria__P0106__b2.png,Healthy,P0106,premolar,0,Healthy,0.0000,0.9999,0.0000,0.0001
Healthy/lyria__P0106__b3.png,Healthy,P0106,premolar,0,Healthy,0.0001,0.9999,0.0000,0.0000
Healthy/lyria__P0106__b4.png,Healthy,P0106,canine,0,Healthy,0.0000,1.0000,0.0000,0.0000
Healthy/lyria__P0106__b5.png,Healthy,P0106,incisor,0,Healthy,0.0000,0.9992,0.0000,0.0007
Healthy/lyria__P0106__b6.png,Healthy,P0106,incisor,0,Healthy,0.0000,1.0000,0.0000,0.0000
Healthy/lyria__P0106__b7.png,Healthy,P0106,incisor,0,Healthy,0.0000,1.0000,0.0000,0.0000
Healthy/lyria__P0106__b8.png,Healthy,P0106,canine,0,Healthy,0.0000,1.0000,0.0000,0.0000
Healthy/lyria__P0106__b9.png,Healthy,P0106,premolar,0,Healthy,0.0143,0.9848,0.0001,0.0008
Healthy/lyria__P0106__b10.png,Healthy,P0106,premolar,0,Healthy,0.0001,0.9998,0.0000,0.0001
Healthy/lyria__P0106__b11.png,Healthy,P0106,1st molar,0,Healthy,0.0000,1.0000,0.0000,0.0000
Healthy/lyria__P0106__b12.png,Healthy,P0106,3rd molar,0,Healthy,0.0000,0.9867,0.0133,0.0000
Healthy/lyria__P0106__b13.png,Healthy,P0106,2nd molar,0,Healthy,0.0000,1.0000,0.0000,0.0000
Healthy/lyria__P0106__b14.png,Healthy,P0106,premolar,0,Healthy,0.0000,0.9999,0.0000,0.0001
Healthy/lyria__P0106__b15.png,Healthy,P0106,premolar,0,Healthy,0.0000,0.9999,0.0000,0.0001
Healthy/lyria__P0106__b16.png,Healthy,P0106,canine,0,Healthy,0.0000,1.0000,0.0000,0.0000
Healthy/lyria__P0106__b17.png,Healthy,P0106,incisor,0,Healthy,0.0000,1.0000,0.0000,0.0000
Healthy/lyria__P0106__b18.png,Healthy,P0106,incisor,0,Healthy,0.0000,1.0000,0.0000,0.0000
Healthy/lyria__P0106__b19.png,Healthy,P0106,incisor,0,Healthy,0.0000,1.0000,0.0000,0.0000
Healthy/lyria__P0106__b20.png,Healthy,P0106,incisor,0,Healthy,0.0000,1.0000,0.0000,0.0000
Healthy/lyria__P0106__b21.png,Healthy,P0106,canine,0,Healthy,0.0000,0.9999,0.0001,0.0000
Healthy/lyria__P0106__b22.png,Healthy,P0106,premolar,0,Healthy,0.0000,0.9999,0.0000,0.0001
Healthy/lyria__P0106__b23.png,Healthy,P0106,premolar,0,Healthy,0.0000,0.9999,0.0000,0.0001
Healthy/lyria__P0106__b24.png,Healthy,P0106,2nd molar,0,Healthy,0.0000,0.9999,0.0001,0.0000
Healthy/lyria__P0107__b0.png,Healthy,P0107,canine,0,Healthy,0.0525,0.9474,0.0000,0.0001
Healthy/lyria__P0107__b1.png,Healthy,P0107,canine,0,Healthy,0.2358,0.7582,0.0000,0.0060
Healthy/lyria__P0107__b2.png,Healthy,P0107,canine,0,Healthy,0.1177,0.8811,0.0011,0.0001
Healthy/lyria__P0107__b4.png,Healthy,P0107,incisor,0,Healthy,0.0002,0.9996,0.0000,0.0003
Healthy/lyria__P0107__b5.png,Healthy,P0107,incisor,0,Healthy,0.0000,0.9997,0.0000,0.0003
Healthy/lyria__P0107__b6.png,Healthy,P0107,canine,0,Healthy,0.0001,0.9999,0.0000,0.0000
Healthy/lyria__P0107__b7.png,Healthy,P0107,premolar,0,Healthy,0.0010,0.9989,0.0000,0.0000
Healthy/lyria__P0111__b0.png,Healthy,P0111,premolar,0,Healthy,0.0059,0.9941,0.0000,0.0000
Healthy/lyria__P0111__b1.png,Healthy,P0111,canine,0,Healthy,0.0000,1.0000,0.0000,0.0000
Healthy/lyria__P0111__b2.png,Healthy,P0111,incisor,0,Healthy,0.0000,1.0000,0.0000,0.0000
Healthy/lyria__P0111__b3.png,Healthy,P0111,incisor,0,Healthy,0.0000,0.9996,0.0003,0.0000
Healthy/lyria__P0111__b4.png,Healthy,P0111,incisor,0,Healthy,0.0000,1.0000,0.0000,0.0000
Healthy/lyria__P0111__b5.png,Healthy,P0111,incisor,0,Healthy,0.0000,1.0000,0.0000,0.0000
Healthy/lyria__P0111__b6.png,Healthy,P0111,canine,0,Healthy,0.0001,0.9998,0.0000,0.0001
Healthy/lyria__P0111__b8.png,Healthy,P0111,premolar,0,Healthy,0.3466,0.6533,0.0000,0.0001
Healthy/lyria__P0111__b9.png,Healthy,P0111,2nd molar,0,Healthy,0.0000,0.9998,0.0001,0.0000
Healthy/lyria__P0111__b10.png,Healthy,P0111,premolar,0,Healthy,0.0007,0.9992,0.0000,0.0001
Healthy/lyria__P0111__b12.png,Healthy,P0111,canine,0,Healthy,0.0000,1.0000,0.0000,0.0000
Healthy/lyria__P0111__b13.png,Healthy,P0111,incisor,0,Healthy,0.0000,0.9999,0.0000,0.0001
Healthy/lyria__P0111__b14.png,Healthy,P0111,incisor,0,Healthy,0.0000,0.9990,0.0000,0.0010
Healthy/lyria__P0111__b15.png,Healthy,P0111,incisor,0,Healthy,0.0000,0.9999,0.0000,0.0001
Healthy/lyria__P0111__b16.png,Healthy,P0111,incisor,0,Healthy,0.0005,0.9970,0.0012,0.0013
Healthy/lyria__P0111__b17.png,Healthy,P0111,canine,0,Healthy,0.0000,1.0000,0.0000,0.0000
Healthy/lyria__P0111__b18.png,Healthy,P0111,premolar,0,Healthy,0.0000,1.0000,0.0000,0.0000
Healthy/lyria__P0111__b19.png,Healthy,P0111,premolar,0,Healthy,0.0000,1.0000,0.0000,0.0000
Healthy/lyria__P0007__b1.png,Healthy,P0007,incisor,0,Healthy,0.0000,0.9908,0.0000,0.0092
Healthy/lyria__P0007__b2.png,Healthy,P0007,incisor,0,Healthy,0.0002,0.9991,0.0000,0.0007
Healthy/lyria__P0007__b4.png,Healthy,P0007,canine,0,Healthy,0.0001,0.9998,0.0000,0.0002
Healthy/lyria__P0112__b0.png,Healthy,P0112,3rd molar,0,Healthy,0.0000,0.9997,0.0003,0.0000
Healthy/lyria__P0112__b1.png,Healthy,P0112,2nd molar,0,Healthy,0.0002,0.9996,0.0000,0.0002
Healthy/lyria__P0112__b3.png,Healthy,P0112,incisor,0,Healthy,0.0000,0.9997,0.0001,0.0003
Healthy/lyria__P0112__b4.png,Healthy,P0112,incisor,0,Healthy,0.0000,0.9996,0.0004,0.0000
Healthy/lyria__P0112__b6.png,Healthy,P0112,canine,0,Healthy,0.0000,1.0000,0.0000,0.0000
Healthy/lyria__P0112__b7.png,Healthy,P0112,premolar,0,Healthy,0.0000,1.0000,0.0000,0.0000
Healthy/lyria__P0112__b8.png,Healthy,P0112,premolar,0,Healthy,0.0022,0.9971,0.0000,0.0007
Healthy/lyria__P0112__b9.png,Healthy,P0112,3rd molar,0,Impacted,0.0001,0.3886,0.6110,0.0003
Healthy/lyria__P0112__b10.png,Healthy,P0112,2nd molar,0,Healthy,0.0016,0.9117,0.0864,0.0003
Healthy/lyria__P0112__b11.png,Healthy,P0112,premolar,0,Healthy,0.0000,0.9998,0.0001,0.0001
Healthy/lyria__P0112__b12.png,Healthy,P0112,incisor,0,Healthy,0.0000,0.9763,0.0237,0.0000
Healthy/lyria__P0112__b13.png,Healthy,P0112,incisor,0,Healthy,0.0000,0.9087,0.0913,0.0000
Healthy/lyria__P0112__b14.png,Healthy,P0112,incisor,0,Healthy,0.0000,0.9990,0.0010,0.0000
Healthy/lyria__P0112__b15.png,Healthy,P0112,incisor,0,Healthy,0.0000,0.9792,0.0206,0.0002
Healthy/lyria__P0112__b16.png,Healthy,P0112,canine,0,Healthy,0.0000,0.9999,0.0000,0.0001
Healthy/lyria__P0112__b17.png,Healthy,P0112,premolar,0,Healthy,0.0000,1.0000,0.0000,0.0000
Healthy/lyria__P0114__b0.png,Healthy,P0114,premolar,0,Healthy,0.0000,1.0000,0.0000,0.0000
Healthy/lyria__P0114__b1.png,Healthy,P0114,premolar,0,Healthy,0.0000,1.0000,0.0000,0.0000
Healthy/lyria__P0114__b2.png,Healthy,P0114,canine,0,Healthy,0.0001,0.9999,0.0000,0.0000
Healthy/lyria__P0114__b3.png,Healthy,P0114,incisor,0,Healthy,0.0000,1.0000,0.0000,0.0000
Healthy/lyria__P0114__b4.png,Healthy,P0114,incisor,0,Healthy,0.0000,0.9995,0.0000,0.0005
Healthy/lyria__P0114__b5.png,Healthy,P0114,incisor,0,Healthy,0.0000,0.9982,0.0001,0.0017
Healthy/lyria__P0114__b6.png,Healthy,P0114,incisor,0,Healthy,0.0000,1.0000,0.0000,0.0000
Healthy/lyria__P0114__b7.png,Healthy,P0114,canine,0,Healthy,0.0000,1.0000,0.0000,0.0000
Healthy/lyria__P0114__b8.png,Healthy,P0114,premolar,0,Healthy,0.0000,1.0000,0.0000,0.0000
Healthy/lyria__P0114__b9.png,Healthy,P0114,premolar,0,Healthy,0.0000,1.0000,0.0000,0.0000
Healthy/lyria__P0114__b10.png,Healthy,P0114,1st molar,0,Healthy,0.0000,1.0000,0.0000,0.0000
Healthy/lyria__P0114__b11.png,Healthy,P0114,premolar,0,Healthy,0.0001,0.9999,0.0000,0.0000
Healthy/lyria__P0114__b12.png,Healthy,P0114,premolar,0,Healthy,0.0000,1.0000,0.0000,0.0000
Healthy/lyria__P0114__b14.png,Healthy,P0114,incisor,0,Healthy,0.0000,1.0000,0.0000,0.0000
Healthy/lyria__P0114__b16.png,Healthy,P0114,incisor,0,Healthy,0.0000,0.9996,0.0000,0.0004
Healthy/lyria__P0114__b17.png,Healthy,P0114,incisor,0,Healthy,0.0000,0.9999,0.0000,0.0001
Healthy/lyria__P0114__b18.png,Healthy,P0114,canine,0,Healthy,0.0000,1.0000,0.0000,0.0000
Healthy/lyria__P0114__b19.png,Healthy,P0114,premolar,0,Healthy,0.0000,1.0000,0.0000,0.0000
Healthy/lyria__P0114__b20.png,Healthy,P0114,premolar,0,Healthy,0.0008,0.9992,0.0000,0.0000
Healthy/lyria__P0116__b0.png,Healthy,P0116,2nd molar,0,Healthy,0.0001,0.9977,0.0022,0.0000
Healthy/lyria__P0116__b1.png,Healthy,P0116,1st molar,0,Healthy,0.0001,0.9998,0.0000,0.0000
Healthy/lyria__P0116__b2.png,Healthy,P0116,premolar,0,Healthy,0.2599,0.7401,0.0000,0.0001
Healthy/lyria__P0116__b3.png,Healthy,P0116,premolar,0,Healthy,0.3461,0.6539,0.0000,0.0000
Healthy/lyria__P0116__b4.png,Healthy,P0116,canine,0,Healthy,0.0010,0.9990,0.0000,0.0000
Healthy/lyria__P0116__b5.png,Healthy,P0116,incisor,0,Healthy,0.0000,1.0000,0.0000,0.0000
Healthy/lyria__P0116__b6.png,Healthy,P0116,incisor,0,Healthy,0.0000,1.0000,0.0000,0.0000
Healthy/lyria__P0116__b7.png,Healthy,P0116,incisor,0,Healthy,0.0000,1.0000,0.0000,0.0000
Healthy/lyria__P0116__b8.png,Healthy,P0116,canine,0,Healthy,0.0000,1.0000,0.0000,0.0000
Healthy/lyria__P0116__b10.png,Healthy,P0116,premolar,0,Healthy,0.0000,1.0000,0.0000,0.0000
Healthy/lyria__P0116__b11.png,Healthy,P0116,1st molar,0,Healthy,0.0000,1.0000,0.0000,0.0000
Healthy/lyria__P0116__b12.png,Healthy,P0116,2nd molar,0,Healthy,0.0008,0.9762,0.0019,0.0211
Healthy/lyria__P0116__b13.png,Healthy,P0116,2nd molar,0,Healthy,0.0005,0.8311,0.1672,0.0012
Healthy/lyria__P0116__b14.png,Healthy,P0116,premolar,0,Healthy,0.0000,1.0000,0.0000,0.0000
Healthy/lyria__P0116__b15.png,Healthy,P0116,premolar,0,Healthy,0.0000,1.0000,0.0000,0.0000
Healthy/lyria__P0116__b16.png,Healthy,P0116,canine,0,Healthy,0.0000,0.9999,0.0000,0.0000
Healthy/lyria__P0116__b17.png,Healthy,P0116,incisor,0,Healthy,0.0000,1.0000,0.0000,0.0000
Healthy/lyria__P0116__b18.png,Healthy,P0116,incisor,0,Healthy,0.0000,1.0000,0.0000,0.0000
Healthy/lyria__P0116__b19.png,Healthy,P0116,incisor,0,Healthy,0.0001,0.9999,0.0000,0.0000
Healthy/lyria__P0116__b20.png,Healthy,P0116,incisor,0,Healthy,0.0000,1.0000,0.0000,0.0000
Healthy/lyria__P0116__b21.png,Healthy,P0116,canine,0,Healthy,0.0000,0.9971,0.0027,0.0001
Healthy/lyria__P0116__b22.png,Healthy,P0116,premolar,0,Healthy,0.0008,0.9990,0.0001,0.0001
Healthy/lyria__P0116__b23.png,Healthy,P0116,premolar,0,Healthy,0.0002,0.9989,0.0009,0.0000
Healthy/lyria__P0116__b24.png,Healthy,P0116,1st molar,0,Healthy,0.0000,1.0000,0.0000,0.0000
Healthy/lyria__P0117__b0.png,Healthy,P0117,2nd molar,0,Healthy,0.0000,1.0000,0.0000,0.0000
Healthy/lyria__P0117__b1.png,Healthy,P0117,1st molar,0,Healthy,0.0000,1.0000,0.0000,0.0000
Healthy/lyria__P0117__b2.png,Healthy,P0117,premolar,0,Healthy,0.0007,0.9992,0.0000,0.0001
Healthy/lyria__P0117__b3.png,Healthy,P0117,premolar,0,Healthy,0.0353,0.9599,0.0001,0.0047
Healthy/lyria__P0117__b4.png,Healthy,P0117,canine,0,Healthy,0.0034,0.9941,0.0000,0.0025
Healthy/lyria__P0117__b5.png,Healthy,P0117,incisor,0,Healthy,0.0062,0.9923,0.0001,0.0015
Healthy/lyria__P0117__b6.png,Healthy,P0117,incisor,0,Healthy,0.0093,0.9890,0.0000,0.0017
Healthy/lyria__P0117__b7.png,Healthy,P0117,incisor,0,Healthy,0.0004,0.9942,0.0009,0.0045
Healthy/lyria__P0117__b8.png,Healthy,P0117,incisor,0,Healthy,0.0000,1.0000,0.0000,0.0000
Healthy/lyria__P0117__b9.png,Healthy,P0117,canine,0,Healthy,0.0047,0.9953,0.0000,0.0000
Healthy/lyria__P0117__b10.png,Healthy,P0117,premolar,0,Healthy,0.0046,0.9953,0.0000,0.0001
Healthy/lyria__P0117__b11.png,Healthy,P0117,premolar,0,Healthy,0.0001,0.9999,0.0000,0.0000
Healthy/lyria__P0117__b12.png,Healthy,P0117,1st molar,0,Healthy,0.0000,1.0000,0.0000,0.0000
Healthy/lyria__P0117__b13.png,Healthy,P0117,2nd molar,0,Healthy,0.0000,1.0000,0.0000,0.0000
Healthy/lyria__P0117__b14.png,Healthy,P0117,2nd molar,0,Healthy,0.0000,0.9997,0.0003,0.0000
Healthy/lyria__P0117__b15.png,Healthy,P0117,1st molar,0,Healthy,0.0000,1.0000,0.0000,0.0000
Healthy/lyria__P0117__b16.png,Healthy,P0117,premolar,0,Healthy,0.0000,1.0000,0.0000,0.0000
Healthy/lyria__P0117__b17.png,Healthy,P0117,premolar,0,Healthy,0.0000,1.0000,0.0000,0.0000
Healthy/lyria__P0117__b18.png,Healthy,P0117,canine,0,Healthy,0.0002,0.9998,0.0000,0.0000
Healthy/lyria__P0117__b19.png,Healthy,P0117,incisor,0,Healthy,0.0000,0.9998,0.0002,0.0000
Healthy/lyria__P0117__b20.png,Healthy,P0117,incisor,0,Healthy,0.0000,0.9999,0.0000,0.0000
Healthy/lyria__P0117__b21.png,Healthy,P0117,incisor,0,Healthy,0.0100,0.9899,0.0000,0.0000
Healthy/lyria__P0117__b23.png,Healthy,P0117,canine,0,Healthy,0.0007,0.9993,0.0000,0.0000
Healthy/lyria__P0117__b24.png,Healthy,P0117,premolar,0,Healthy,0.0000,0.9999,0.0001,0.0000
Healthy/lyria__P0117__b25.png,Healthy,P0117,premolar,0,Healthy,0.0000,1.0000,0.0000,0.0000
Healthy/lyria__P0117__b26.png,Healthy,P0117,1st molar,0,Healthy,0.0000,1.0000,0.0000,0.0000
Healthy/lyria__P0117__b27.png,Healthy,P0117,2nd molar,0,Healthy,0.0000,0.9998,0.0001,0.0000
Healthy/lyria__P0118__b0.png,Healthy,P0118,2nd molar,0,Healthy,0.0000,1.0000,0.0000,0.0000
Healthy/lyria__P0118__b1.png,Healthy,P0118,1st molar,0,Healthy,0.0000,1.0000,0.0000,0.0000
Healthy/lyria__P0118__b2.png,Healthy,P0118,premolar,0,Healthy,0.0010,0.9989,0.0001,0.0001
Healthy/lyria__P0118__b3.png,Healthy,P0118,premolar,0,Healthy,0.0093,0.9907,0.0000,0.0000
Healthy/lyria__P0118__b4.png,Healthy,P0118,canine,0,Healthy,0.0003,0.9997,0.0000,0.0000
Healthy/lyria__P0118__b6.png,Healthy,P0118,incisor,0,Healthy,0.0000,1.0000,0.0000,0.0000
Healthy/lyria__P0118__b7.png,Healthy,P0118,incisor,0,Healthy,0.0000,1.0000,0.0000,0.0000
Healthy/lyria__P0118__b8.png,Healthy,P0118,incisor,0,Healthy,0.0000,1.0000,0.0000,0.0000
Healthy/lyria__P0118__b9.png,Healthy,P0118,canine,0,Healthy,0.0003,0.9997,0.0000,0.0000
Healthy/lyria__P0118__b10.png,Healthy,P0118,premolar,0,Healthy,0.0005,0.9995,0.0000,0.0000
Healthy/lyria__P0118__b11.png,Healthy,P0118,premolar,0,Healthy,0.0006,0.9993,0.0000,0.0001
Healthy/lyria__P0118__b12.png,Healthy,P0118,2nd molar,0,Healthy,0.0000,1.0000,0.0000,0.0000
Healthy/lyria__P0118__b13.png,Healthy,P0118,premolar,0,Healthy,0.0310,0.9688,0.0001,0.0001
Healthy/lyria__P0118__b14.png,Healthy,P0118,premolar,0,Healthy,0.0000,1.0000,0.0000,0.0000
Healthy/lyria__P0118__b15.png,Healthy,P0118,canine,0,Healthy,0.0001,0.9999,0.0000,0.0000
Healthy/lyria__P0118__b16.png,Healthy,P0118,incisor,0,Healthy,0.0000,1.0000,0.0000,0.0000
Healthy/lyria__P0118__b17.png,Healthy,P0118,incisor,0,Healthy,0.0007,0.9993,0.0000,0.0000
Healthy/lyria__P0118__b18.png,Healthy,P0118,incisor,0,Healthy,0.0000,1.0000,0.0000,0.0000
Healthy/lyria__P0118__b19.png,Healthy,P0118,incisor,0,Healthy,0.0000,1.0000,0.0000,0.0000
Healthy/lyria__P0118__b20.png,Healthy,P0118,canine,0,Healthy,0.0000,1.0000,0.0000,0.0000
Healthy/lyria__P0118__b21.png,Healthy,P0118,premolar,0,Healthy,0.0000,1.0000,0.0000,0.0000
Healthy/lyria__P0118__b22.png,Healthy,P0118,premolar,0,Healthy,0.0001,0.9996,0.0003,0.0000
Healthy/lyria__P0118__b23.png,Healthy,P0118,2nd molar,0,Healthy,0.0000,0.9285,0.0714,0.0000
Healthy/lyria__P0119__b0.png,Healthy,P0119,canine,0,Healthy,0.0006,0.9994,0.0000,0.0000
Healthy/lyria__P0119__b1.png,Healthy,P0119,canine,0,Healthy,0.0030,0.9969,0.0000,0.0000
Healthy/lyria__P0119__b2.png,Healthy,P0119,canine,0,Healthy,0.0000,1.0000,0.0000,0.0000
Healthy/lyria__P0119__b3.png,Healthy,P0119,incisor,0,Healthy,0.0000,0.9996,0.0000,0.0003
Healthy/lyria__P0119__b4.png,Healthy,P0119,incisor,0,Healthy,0.0000,0.9998,0.0000,0.0002
Healthy/lyria__P0119__b6.png,Healthy,P0119,incisor,0,Healthy,0.0000,0.9999,0.0000,0.0001
Healthy/lyria__P0120__b0.png,Healthy,P0120,premolar,0,Healthy,0.0001,0.9769,0.0000,0.0230
Healthy/lyria__P0120__b1.png,Healthy,P0120,canine,0,Healthy,0.0000,0.9964,0.0000,0.0036
Healthy/lyria__P0120__b2.png,Healthy,P0120,incisor,0,Healthy,0.0001,0.9984,0.0000,0.0015
Healthy/lyria__P0120__b3.png,Healthy,P0120,incisor,0,Healthy,0.0000,0.9998,0.0000,0.0002
Healthy/lyria__P0120__b4.png,Healthy,P0120,incisor,0,Healthy,0.0000,0.9996,0.0000,0.0003
Healthy/lyria__P0120__b5.png,Healthy,P0120,canine,0,Healthy,0.0000,0.9725,0.0000,0.0275
Healthy/lyria__P0120__b6.png,Healthy,P0120,premolar,0,Healthy,0.0003,0.9964,0.0000,0.0033
Healthy/lyria__P0120__b7.png,Healthy,P0120,premolar,0,Healthy,0.0001,0.9875,0.0000,0.0124
Healthy/lyria__P0120__b8.png,Healthy,P0120,1st molar,0,Healthy,0.0002,0.9993,0.0000,0.0005
Healthy/lyria__P0120__b9.png,Healthy,P0120,premolar,0,Healthy,0.0001,0.9972,0.0000,0.0027
Healthy/lyria__P0120__b10.png,Healthy,P0120,premolar,0,Healthy,0.0000,0.9996,0.0000,0.0004
Healthy/lyria__P0120__b11.png,Healthy,P0120,canine,0,Healthy,0.0000,0.9978,0.0000,0.0022
Healthy/lyria__P0120__b12.png,Healthy,P0120,incisor,0,Healthy,0.0000,0.9982,0.0000,0.0018
Healthy/lyria__P0120__b13.png,Healthy,P0120,incisor,0,Healthy,0.0000,0.9800,0.0000,0.0200
Healthy/lyria__P0120__b15.png,Healthy,P0120,incisor,0,Healthy,0.0000,0.8992,0.0000,0.1008
Healthy/lyria__P0120__b16.png,Healthy,P0120,canine,0,Healthy,0.0000,0.9985,0.0000,0.0015
Healthy/lyria__P0121__b0.png,Healthy,P0121,premolar,0,Healthy,0.1006,0.8991,0.0000,0.0002
Healthy/lyria__P0121__b1.png,Healthy,P0121,canine,0,Healthy,0.0001,0.9995,0.0000,0.0004
Healthy/lyria__P0121__b3.png,Healthy,P0121,incisor,0,Healthy,0.0000,0.9801,0.0000,0.0199
Healthy/lyria__P0121__b4.png,Healthy,P0121,incisor,0,Healthy,0.0000,0.9889,0.0000,0.0111
Healthy/lyria__P0121__b5.png,Healthy,P0121,incisor,0,Healthy,0.0000,0.8251,0.0000,0.1749
Healthy/lyria__P0121__b6.png,Healthy,P0121,incisor,0,Healthy,0.0000,0.9820,0.0000,0.0180
Healthy/lyria__P0121__b8.png,Healthy,P0121,premolar,0,Healthy,0.0000,1.0000,0.0000,0.0000
Healthy/lyria__P0124__b0.png,Healthy,P0124,premolar,0,Healthy,0.0001,0.9998,0.0000,0.0000
Healthy/lyria__P0124__b1.png,Healthy,P0124,premolar,0,Healthy,0.0001,0.9996,0.0000,0.0002
Healthy/lyria__P0124__b2.png,Healthy,P0124,canine,0,Healthy,0.0002,0.9997,0.0000,0.0001
Healthy/lyria__P0124__b3.png,Healthy,P0124,incisor,0,Healthy,0.0001,0.9943,0.0001,0.0055
Healthy/lyria__P0124__b4.png,Healthy,P0124,incisor,0,Healthy,0.0001,0.9822,0.0000,0.0178
Healthy/lyria__P0124__b5.png,Healthy,P0124,incisor,0,Healthy,0.0000,0.9996,0.0000,0.0003
Healthy/lyria__P0124__b6.png,Healthy,P0124,incisor,0,Healthy,0.0000,1.0000,0.0000,0.0000
Healthy/lyria__P0124__b7.png,Healthy,P0124,canine,0,Healthy,0.0000,0.9999,0.0000,0.0001
Healthy/lyria__P0124__b9.png,Healthy,P0124,premolar,0,Healthy,0.0022,0.9900,0.0000,0.0078
Healthy/lyria__P0124__b11.png,Healthy,P0124,premolar,0,Healthy,0.0000,1.0000,0.0000,0.0000
Healthy/lyria__P0124__b12.png,Healthy,P0124,canine,0,Healthy,0.0000,1.0000,0.0000,0.0000
Healthy/lyria__P0124__b13.png,Healthy,P0124,incisor,0,Healthy,0.0000,1.0000,0.0000,0.0000
Healthy/lyria__P0124__b14.png,Healthy,P0124,incisor,0,Healthy,0.0000,1.0000,0.0000,0.0000
Healthy/lyria__P0124__b15.png,Healthy,P0124,incisor,0,Healthy,0.0000,0.9999,0.0000,0.0001
Healthy/lyria__P0124__b16.png,Healthy,P0124,incisor,0,Healthy,0.0000,1.0000,0.0000,0.0000
Healthy/lyria__P0124__b17.png,Healthy,P0124,canine,0,Healthy,0.0000,1.0000,0.0000,0.0000
Healthy/lyria__P0124__b18.png,Healthy,P0124,premolar,0,Healthy,0.0005,0.9994,0.0000,0.0000
Healthy/lyria__P0124__b19.png,Healthy,P0124,premolar,0,Healthy,0.0002,0.9981,0.0000,0.0017
Healthy/lyria__P0125__b0.png,Healthy,P0125,premolar,0,Healthy,0.0139,0.9566,0.0270,0.0025
Healthy/lyria__P0125__b3.png,Healthy,P0125,incisor,0,Healthy,0.0000,0.9992,0.0001,0.0007
Healthy/lyria__P0125__b4.png,Healthy,P0125,incisor,0,Healthy,0.0000,0.9997,0.0002,0.0001
Healthy/lyria__P0125__b5.png,Healthy,P0125,incisor,0,Healthy,0.0000,1.0000,0.0000,0.0000
Healthy/lyria__P0009__b0.png,Healthy,P0009,2nd molar,0,Healthy,0.0001,0.9829,0.0167,0.0003
Healthy/lyria__P0009__b1.png,Healthy,P0009,1st molar,0,Healthy,0.0043,0.9662,0.0198,0.0097
Healthy/lyria__P0009__b3.png,Healthy,P0009,incisor,0,Healthy,0.0001,0.9997,0.0000,0.0003
Healthy/lyria__P0009__b4.png,Healthy,P0009,incisor,0,Healthy,0.0001,0.9999,0.0000,0.0000
Healthy/lyria__P0009__b6.png,Healthy,P0009,premolar,0,Healthy,0.0340,0.9659,0.0000,0.0001
Healthy/lyria__P0009__b7.png,Healthy,P0009,2nd molar,0,Healthy,0.0040,0.9911,0.0047,0.0002
Healthy/lyria__P0009__b8.png,Healthy,P0009,canine,0,Healthy,0.0000,1.0000,0.0000,0.0000
Healthy/lyria__P0009__b9.png,Healthy,P0009,incisor,0,Healthy,0.0000,1.0000,0.0000,0.0000
Healthy/lyria__P0009__b10.png,Healthy,P0009,incisor,0,Healthy,0.0000,0.9999,0.0000,0.0001
Healthy/lyria__P0009__b11.png,Healthy,P0009,incisor,0,Healthy,0.0000,0.9985,0.0014,0.0001
Healthy/lyria__P0009__b12.png,Healthy,P0009,incisor,0,Healthy,0.0000,0.9996,0.0001,0.0003
Healthy/lyria__P0009__b13.png,Healthy,P0009,canine,0,Healthy,0.0000,0.9999,0.0001,0.0000
Healthy/lyria__P0126__b2.png,Healthy,P0126,canine,0,Healthy,0.0000,1.0000,0.0000,0.0000
Healthy/lyria__P0128__b0.png,Healthy,P0128,3rd molar,0,Healthy,0.0000,1.0000,0.0000,0.0000
Healthy/lyria__P0128__b1.png,Healthy,P0128,2nd molar,0,Healthy,0.0000,1.0000,0.0000,0.0000
Healthy/lyria__P0128__b2.png,Healthy,P0128,1st molar,0,Healthy,0.0000,1.0000,0.0000,0.0000
Healthy/lyria__P0128__b3.png,Healthy,P0128,premolar,0,Healthy,0.0000,1.0000,0.0000,0.0000
Healthy/lyria__P0128__b4.png,Healthy,P0128,canine,0,Healthy,0.0001,0.9992,0.0005,0.0002
Healthy/lyria__P0128__b5.png,Healthy,P0128,incisor,0,Healthy,0.0000,0.9999,0.0000,0.0001
Healthy/lyria__P0128__b6.png,Healthy,P0128,incisor,0,Healthy,0.0001,0.9980,0.0000,0.0019
Healthy/lyria__P0128__b8.png,Healthy,P0128,incisor,0,Healthy,0.0002,0.9991,0.0000,0.0007
Healthy/lyria__P0128__b9.png,Healthy,P0128,canine,0,Healthy,0.0000,1.0000,0.0000,0.0000
Healthy/lyria__P0128__b10.png,Healthy,P0128,premolar,0,Healthy,0.0000,1.0000,0.0000,0.0000
Healthy/lyria__P0128__b11.png,Healthy,P0128,1st molar,0,Healthy,0.0000,1.0000,0.0000,0.0000
Healthy/lyria__P0128__b13.png,Healthy,P0128,3rd molar,0,Healthy,0.0000,1.0000,0.0000,0.0000
Healthy/lyria__P0128__b14.png,Healthy,P0128,3rd molar,0,Healthy,0.0000,1.0000,0.0000,0.0000
Healthy/lyria__P0128__b15.png,Healthy,P0128,2nd molar,0,Healthy,0.0000,1.0000,0.0000,0.0000
Healthy/lyria__P0128__b16.png,Healthy,P0128,1st molar,0,Healthy,0.0000,1.0000,0.0000,0.0000
Healthy/lyria__P0128__b17.png,Healthy,P0128,premolar,0,Healthy,0.0000,1.0000,0.0000,0.0000
Healthy/lyria__P0128__b18.png,Healthy,P0128,canine,0,Healthy,0.0000,1.0000,0.0000,0.0000
Healthy/lyria__P0128__b19.png,Healthy,P0128,incisor,0,Healthy,0.0001,0.9998,0.0000,0.0000
Healthy/lyria__P0128__b20.png,Healthy,P0128,incisor,0,Healthy,0.0000,1.0000,0.0000,0.0000
Healthy/lyria__P0128__b21.png,Healthy,P0128,incisor,0,Healthy,0.0002,0.9998,0.0000,0.0000
Healthy/lyria__P0128__b22.png,Healthy,P0128,incisor,0,Healthy,0.0000,0.9999,0.0000,0.0001
Healthy/lyria__P0128__b23.png,Healthy,P0128,canine,0,Healthy,0.0000,1.0000,0.0000,0.0000
Healthy/lyria__P0128__b24.png,Healthy,P0128,premolar,0,Healthy,0.0000,0.9999,0.0001,0.0000
Healthy/lyria__P0128__b25.png,Healthy,P0128,1st molar,0,Healthy,0.0000,1.0000,0.0000,0.0000
Healthy/lyria__P0128__b26.png,Healthy,P0128,2nd molar,0,Healthy,0.0000,1.0000,0.0000,0.0000
Healthy/lyria__P0128__b27.png,Healthy,P0128,3rd molar,0,Healthy,0.0000,0.9999,0.0001,0.0000
Healthy/lyria__P0130__b0.png,Healthy,P0130,2nd molar,0,Healthy,0.0000,0.9999,0.0001,0.0000
Healthy/lyria__P0130__b1.png,Healthy,P0130,premolar,0,Healthy,0.0025,0.9975,0.0000,0.0000
Healthy/lyria__P0130__b2.png,Healthy,P0130,canine,0,Healthy,0.0003,0.9997,0.0000,0.0000
Healthy/lyria__P0130__b3.png,Healthy,P0130,incisor,0,Healthy,0.0000,1.0000,0.0000,0.0000
Healthy/lyria__P0130__b4.png,Healthy,P0130,incisor,0,Healthy,0.0001,0.9991,0.0000,0.0008
Healthy/lyria__P0130__b5.png,Healthy,P0130,incisor,0,Healthy,0.0000,0.9994,0.0000,0.0005
Healthy/lyria__P0130__b7.png,Healthy,P0130,canine,0,Healthy,0.0000,1.0000,0.0000,0.0000
Healthy/lyria__P0130__b8.png,Healthy,P0130,incisor,0,Healthy,0.0001,0.9999,0.0000,0.0000
Healthy/lyria__P0130__b9.png,Healthy,P0130,incisor,0,Healthy,0.0002,0.9981,0.0000,0.0017
Healthy/lyria__P0130__b10.png,Healthy,P0130,incisor,0,Healthy,0.0001,0.9999,0.0000,0.0000
Healthy/lyria__P0130__b11.png,Healthy,P0130,incisor,0,Healthy,0.0004,0.9993,0.0001,0.0001
Healthy/lyria__P0130__b13.png,Healthy,P0130,premolar,0,Healthy,0.0000,1.0000,0.0000,0.0000
Healthy/lyria__P0130__b14.png,Healthy,P0130,2nd molar,0,Healthy,0.1497,0.5027,0.3474,0.0002
Healthy/lyria__P0131__b0.png,Healthy,P0131,premolar,0,Endodontics,0.6688,0.3309,0.0003,0.0001
Healthy/lyria__P0131__b2.png,Healthy,P0131,incisor,0,Healthy,0.0001,0.9999,0.0000,0.0000
Healthy/lyria__P0131__b3.png,Healthy,P0131,incisor,0,Healthy,0.0026,0.9972,0.0000,0.0001
Healthy/lyria__P0131__b4.png,Healthy,P0131,incisor,0,Healthy,0.0000,1.0000,0.0000,0.0000
Healthy/lyria__P0131__b5.png,Healthy,P0131,incisor,0,Healthy,0.0000,0.9999,0.0000,0.0000
Healthy/lyria__P0131__b6.png,Healthy,P0131,canine,0,Healthy,0.0000,1.0000,0.0000,0.0000
Healthy/lyria__P0131__b7.png,Healthy,P0131,premolar,0,Healthy,0.0001,0.9999,0.0000,0.0001
Healthy/lyria__P0131__b8.png,Healthy,P0131,canine,0,Healthy,0.0025,0.9975,0.0000,0.0001
Healthy/lyria__P0131__b9.png,Healthy,P0131,canine,0,Endodontics,0.6810,0.3189,0.0000,0.0001
Healthy/lyria__P0010__b0.png,Healthy,P0010,canine,0,Healthy,0.0002,0.9997,0.0000,0.0001
Healthy/lyria__P0010__b1.png,Healthy,P0010,canine,0,Healthy,0.0000,0.9989,0.0000,0.0011
Healthy/lyria__P0010__b3.png,Healthy,P0010,canine,0,Healthy,0.0022,0.9977,0.0001,0.0000
Healthy/lyria__P0010__b4.png,Healthy,P0010,incisor,0,Healthy,0.0010,0.9973,0.0000,0.0017
Healthy/lyria__P0010__b5.png,Healthy,P0010,incisor,0,Healthy,0.0005,0.9986,0.0000,0.0009
Healthy/lyria__P0010__b7.png,Healthy,P0010,incisor,0,Healthy,0.0000,0.9996,0.0000,0.0004
Healthy/lyria__P0010__b8.png,Healthy,P0010,canine,0,Healthy,0.0000,1.0000,0.0000,0.0000
Healthy/lyria__P0132__b1.png,Healthy,P0132,1st molar,0,Healthy,0.0000,1.0000,0.0000,0.0000
Healthy/lyria__P0132__b2.png,Healthy,P0132,premolar,0,Healthy,0.0024,0.9974,0.0000,0.0002
Healthy/lyria__P0132__b3.png,Healthy,P0132,premolar,0,Healthy,0.0047,0.9924,0.0000,0.0029
Healthy/lyria__P0132__b4.png,Healthy,P0132,canine,0,Healthy,0.0003,0.9996,0.0000,0.0001
Healthy/lyria__P0132__b5.png,Healthy,P0132,incisor,0,Healthy,0.0000,0.9990,0.0000,0.0010
Healthy/lyria__P0132__b6.png,Healthy,P0132,incisor,0,Healthy,0.0000,0.9997,0.0000,0.0002
Healthy/lyria__P0132__b7.png,Healthy,P0132,incisor,0,Healthy,0.0106,0.9894,0.0000,0.0000
Healthy/lyria__P0132__b8.png,Healthy,P0132,incisor,0,Healthy,0.0000,0.9995,0.0000,0.0005
Healthy/lyria__P0132__b9.png,Healthy,P0132,canine,0,Healthy,0.0007,0.9958,0.0000,0.0035
Healthy/lyria__P0132__b10.png,Healthy,P0132,premolar,0,Healthy,0.0154,0.9684,0.0001,0.0161
Healthy/lyria__P0132__b11.png,Healthy,P0132,premolar,0,Healthy,0.0007,0.9990,0.0000,0.0003
Healthy/lyria__P0132__b12.png,Healthy,P0132,1st molar,0,Healthy,0.0001,0.9999,0.0000,0.0000
Healthy/lyria__P0132__b13.png,Healthy,P0132,2nd molar,0,Healthy,0.0000,1.0000,0.0000,0.0000
Healthy/lyria__P0132__b15.png,Healthy,P0132,1st molar,0,Healthy,0.0000,1.0000,0.0000,0.0000
Healthy/lyria__P0132__b16.png,Healthy,P0132,premolar,0,Healthy,0.0018,0.9979,0.0003,0.0000
Healthy/lyria__P0132__b17.png,Healthy,P0132,premolar,0,Healthy,0.0061,0.9939,0.0000,0.0000
Healthy/lyria__P0132__b18.png,Healthy,P0132,canine,0,Healthy,0.0000,1.0000,0.0000,0.0000
Healthy/lyria__P0132__b19.png,Healthy,P0132,incisor,0,Healthy,0.0000,1.0000,0.0000,0.0000
Healthy/lyria__P0132__b20.png,Healthy,P0132,incisor,0,Healthy,0.0001,0.9998,0.0000,0.0001
Healthy/lyria__P0132__b21.png,Healthy,P0132,incisor,0,Healthy,0.0000,0.9998,0.0000,0.0002
Healthy/lyria__P0132__b22.png,Healthy,P0132,incisor,0,Healthy,0.0003,0.9995,0.0001,0.0001
Healthy/lyria__P0132__b23.png,Healthy,P0132,canine,0,Healthy,0.0000,1.0000,0.0000,0.0000
Healthy/lyria__P0132__b24.png,Healthy,P0132,premolar,0,Healthy,0.0105,0.9893,0.0001,0.0001
Healthy/lyria__P0132__b25.png,Healthy,P0132,premolar,0,Healthy,0.0000,1.0000,0.0000,0.0000
Healthy/lyria__P0132__b26.png,Healthy,P0132,1st molar,0,Healthy,0.0000,1.0000,0.0000,0.0000
Healthy/lyria__P0132__b27.png,Healthy,P0132,2nd molar,0,Healthy,0.0000,0.6411,0.3588,0.0001
Healthy/lyria__P0133__b0.png,Healthy,P0133,1st molar,0,Healthy,0.0000,0.7429,0.2570,0.0000
Healthy/lyria__P0133__b2.png,Healthy,P0133,canine,0,Healthy,0.0002,0.9997,0.0001,0.0000
Healthy/lyria__P0133__b3.png,Healthy,P0133,incisor,0,Healthy,0.0004,0.9977,0.0018,0.0000
Healthy/lyria__P0133__b4.png,Healthy,P0133,incisor,0,Healthy,0.0000,0.9973,0.0027,0.0000
Healthy/lyria__P0133__b5.png,Healthy,P0133,incisor,0,Healthy,0.0000,0.9993,0.0007,0.0000
Healthy/lyria__P0133__b6.png,Healthy,P0133,incisor,0,Healthy,0.0000,0.9998,0.0000,0.0001
Healthy/lyria__P0134__b0.png,Healthy,P0134,3rd molar,0,Healthy,0.0002,0.9899,0.0098,0.0000
Healthy/lyria__P0134__b1.png,Healthy,P0134,2nd molar,0,Healthy,0.0000,1.0000,0.0000,0.0000
Healthy/lyria__P0134__b3.png,Healthy,P0134,premolar,0,Healthy,0.0000,1.0000,0.0000,0.0000
Healthy/lyria__P0134__b4.png,Healthy,P0134,premolar,0,Healthy,0.0000,1.0000,0.0000,0.0000
Healthy/lyria__P0134__b5.png,Healthy,P0134,canine,0,Healthy,0.0000,1.0000,0.0000,0.0000
Healthy/lyria__P0134__b6.png,Healthy,P0134,incisor,0,Healthy,0.0000,1.0000,0.0000,0.0000
Healthy/lyria__P0134__b7.png,Healthy,P0134,incisor,0,Healthy,0.0000,0.9998,0.0000,0.0002
Healthy/lyria__P0134__b8.png,Healthy,P0134,incisor,0,Healthy,0.0000,0.9999,0.0000,0.0001
Healthy/lyria__P0134__b10.png,Healthy,P0134,canine,0,Healthy,0.0148,0.9851,0.0000,0.0001
Healthy/lyria__P0134__b11.png,Healthy,P0134,premolar,0,Healthy,0.0000,1.0000,0.0000,0.0000
Healthy/lyria__P0134__b12.png,Healthy,P0134,premolar,0,Healthy,0.0000,1.0000,0.0000,0.0000
Healthy/lyria__P0134__b13.png,Healthy,P0134,1st molar,0,Healthy,0.0000,1.0000,0.0000,0.0000
Healthy/lyria__P0134__b14.png,Healthy,P0134,2nd molar,0,Healthy,0.0000,1.0000,0.0000,0.0000
Healthy/lyria__P0134__b15.png,Healthy,P0134,2nd molar,0,Healthy,0.0001,0.9991,0.0009,0.0000
Healthy/lyria__P0134__b16.png,Healthy,P0134,1st molar,0,Healthy,0.0000,1.0000,0.0000,0.0000
Healthy/lyria__P0134__b17.png,Healthy,P0134,premolar,0,Healthy,0.0062,0.9751,0.0000,0.0187
Healthy/lyria__P0134__b18.png,Healthy,P0134,canine,0,Healthy,0.0000,1.0000,0.0000,0.0000
Healthy/lyria__P0134__b19.png,Healthy,P0134,incisor,0,Healthy,0.0000,1.0000,0.0000,0.0000
Healthy/lyria__P0134__b20.png,Healthy,P0134,incisor,0,Healthy,0.0000,0.9998,0.0000,0.0002
Healthy/lyria__P0134__b21.png,Healthy,P0134,canine,0,Healthy,0.0000,1.0000,0.0000,0.0000
Healthy/lyria__P0134__b22.png,Healthy,P0134,premolar,0,Healthy,0.0000,1.0000,0.0000,0.0000
Healthy/lyria__P0134__b23.png,Healthy,P0134,premolar,0,Healthy,0.0000,1.0000,0.0000,0.0000
Healthy/lyria__P0134__b24.png,Healthy,P0134,1st molar,0,Healthy,0.0000,1.0000,0.0000,0.0000
Healthy/lyria__P0134__b25.png,Healthy,P0134,2nd molar,0,Healthy,0.0000,0.9999,0.0000,0.0000
Healthy/lyria__P0134__b26.png,Healthy,P0134,3rd molar,0,Healthy,0.0000,0.9980,0.0020,0.0000
Healthy/lyria__P0135__b0.png,Healthy,P0135,premolar,0,Healthy,0.0000,1.0000,0.0000,0.0000
Healthy/lyria__P0135__b3.png,Healthy,P0135,incisor,0,Healthy,0.0000,0.9999,0.0000,0.0000
Healthy/lyria__P0135__b4.png,Healthy,P0135,incisor,0,Healthy,0.0000,0.9998,0.0000,0.0002
Healthy/lyria__P0135__b5.png,Healthy,P0135,incisor,0,Healthy,0.0000,1.0000,0.0000,0.0000
Healthy/lyria__P0135__b6.png,Healthy,P0135,incisor,0,Healthy,0.0000,1.0000,0.0000,0.0000
Healthy/lyria__P0135__b7.png,Healthy,P0135,premolar,0,Healthy,0.0000,0.9999,0.0001,0.0000
Healthy/lyria__P0138__b1.png,Healthy,P0138,canine,0,Healthy,0.0000,0.9999,0.0000,0.0000
Healthy/lyria__P0138__b2.png,Healthy,P0138,premolar,0,Healthy,0.0011,0.9794,0.0189,0.0005
Healthy/lyria__P0138__b3.png,Healthy,P0138,premolar,0,Healthy,0.0000,1.0000,0.0000,0.0000
Healthy/lyria__P0138__b4.png,Healthy,P0138,canine,0,Healthy,0.0000,0.9997,0.0002,0.0000
Healthy/lyria__P0138__b6.png,Healthy,P0138,incisor,0,Healthy,0.0000,0.9999,0.0001,0.0000
Healthy/lyria__P0138__b7.png,Healthy,P0138,canine,0,Healthy,0.0006,0.9984,0.0010,0.0001
Healthy/lyria__P0138__b8.png,Healthy,P0138,premolar,0,Healthy,0.0002,0.9990,0.0007,0.0001
Healthy/lyria__P0140__b2.png,Healthy,P0140,canine,0,Healthy,0.0000,1.0000,0.0000,0.0000
Healthy/lyria__P0140__b3.png,Healthy,P0140,incisor,0,Healthy,0.0064,0.9935,0.0001,0.0000
Healthy/lyria__P0140__b4.png,Healthy,P0140,canine,0,Healthy,0.0001,0.9998,0.0001,0.0000
Healthy/lyria__P0140__b5.png,Healthy,P0140,premolar,0,Healthy,0.0002,0.9994,0.0002,0.0002
Healthy/lyria__P0140__b6.png,Healthy,P0140,premolar,0,Healthy,0.0011,0.9982,0.0006,0.0001
Healthy/lyria__P0142__b0.png,Healthy,P0142,canine,0,Healthy,0.0003,0.9997,0.0000,0.0000
Healthy/lyria__P0142__b1.png,Healthy,P0142,incisor,0,Healthy,0.0000,0.9999,0.0001,0.0000
Healthy/lyria__P0142__b2.png,Healthy,P0142,canine,0,Healthy,0.0000,0.9998,0.0002,0.0000
Healthy/lyria__P0142__b3.png,Healthy,P0142,premolar,0,Healthy,0.0001,0.9999,0.0000,0.0000
Healthy/lyria__P0142__b5.png,Healthy,P0142,incisor,0,Healthy,0.0000,1.0000,0.0000,0.0000
Healthy/lyria__P0142__b6.png,Healthy,P0142,incisor,0,Healthy,0.0000,0.9999,0.0001,0.0000
Healthy/lyria__P0146__b0.png,Healthy,P0146,canine,0,Healthy,0.0024,0.9963,0.0000,0.0012
Healthy/lyria__P0146__b1.png,Healthy,P0146,incisor,0,Healthy,0.0000,1.0000,0.0000,0.0000
Healthy/lyria__P0146__b3.png,Healthy,P0146,incisor,0,Healthy,0.0000,0.9999,0.0000,0.0001
Healthy/lyria__P0146__b4.png,Healthy,P0146,incisor,0,Healthy,0.0004,0.9990,0.0000,0.0006
Healthy/lyria__P0146__b5.png,Healthy,P0146,canine,0,Healthy,0.1758,0.8211,0.0000,0.0031
Healthy/lyria__P0146__b6.png,Healthy,P0146,canine,0,Healthy,0.0000,1.0000,0.0000,0.0000
Healthy/lyria__P0146__b7.png,Healthy,P0146,incisor,0,Healthy,0.0001,0.9999,0.0000,0.0000
Healthy/lyria__P0146__b8.png,Healthy,P0146,incisor,0,Healthy,0.0000,0.9999,0.0000,0.0001
Healthy/lyria__P0146__b10.png,Healthy,P0146,incisor,0,Healthy,0.0001,0.9999,0.0000,0.0000
Healthy/lyria__P0146__b11.png,Healthy,P0146,canine,0,Healthy,0.0000,1.0000,0.0000,0.0000
Healthy/lyria__P0146__b12.png,Healthy,P0146,premolar,0,Healthy,0.0033,0.9966,0.0000,0.0001
Healthy/lyria__P0146__b13.png,Healthy,P0146,premolar,0,Healthy,0.0012,0.9711,0.0275,0.0002
Healthy/lyria__P0148__b0.png,Healthy,P0148,canine,0,Healthy,0.0000,0.9999,0.0001,0.0000
Healthy/lyria__P0148__b1.png,Healthy,P0148,incisor,0,Healthy,0.0011,0.9988,0.0001,0.0000
Healthy/lyria__P0148__b2.png,Healthy,P0148,incisor,0,Healthy,0.0000,1.0000,0.0000,0.0000
Healthy/lyria__P0148__b4.png,Healthy,P0148,incisor,0,Healthy,0.0000,0.9998,0.0002,0.0000
Healthy/lyria__P0149__b0.png,Healthy,P0149,canine,0,Healthy,0.0001,0.9999,0.0000,0.0001
Healthy/lyria__P0149__b1.png,Healthy,P0149,incisor,0,Healthy,0.0000,1.0000,0.0000,0.0000
Healthy/lyria__P0149__b2.png,Healthy,P0149,incisor,0,Healthy,0.0000,0.9998,0.0000,0.0002
Healthy/lyria__P0149__b3.png,Healthy,P0149,incisor,0,Healthy,0.0001,0.9998,0.0000,0.0000
Healthy/lyria__P0149__b5.png,Healthy,P0149,canine,0,Healthy,0.0000,1.0000,0.0000,0.0000
Healthy/lyria__P0149__b6.png,Healthy,P0149,incisor,0,Healthy,0.0002,0.9997,0.0000,0.0001
Healthy/lyria__P0152__b1.png,Healthy,P0152,incisor,0,Healthy,0.0000,0.8600,0.1399,0.0000
Healthy/lyria__P0153__b0.png,Healthy,P0153,3rd molar,0,Healthy,0.0000,1.0000,0.0000,0.0000
Healthy/lyria__P0153__b2.png,Healthy,P0153,canine,0,Healthy,0.0000,1.0000,0.0000,0.0000
Healthy/lyria__P0153__b3.png,Healthy,P0153,incisor,0,Healthy,0.0000,1.0000,0.0000,0.0000
Healthy/lyria__P0153__b4.png,Healthy,P0153,incisor,0,Healthy,0.0025,0.9956,0.0000,0.0019
Healthy/lyria__P0153__b5.png,Healthy,P0153,incisor,0,Healthy,0.0000,1.0000,0.0000,0.0000
Healthy/lyria__P0153__b6.png,Healthy,P0153,incisor,0,Healthy,0.0000,1.0000,0.0000,0.0000
Healthy/lyria__P0153__b7.png,Healthy,P0153,canine,0,Healthy,0.0000,1.0000,0.0000,0.0000
Healthy/lyria__P0153__b8.png,Healthy,P0153,premolar,0,Healthy,0.0000,1.0000,0.0000,0.0000
Healthy/lyria__P0153__b9.png,Healthy,P0153,2nd molar,0,Healthy,0.0000,1.0000,0.0000,0.0000
Healthy/lyria__P0153__b10.png,Healthy,P0153,3rd molar,0,Healthy,0.0000,0.9992,0.0008,0.0000
Healthy/lyria__P0153__b11.png,Healthy,P0153,3rd molar,0,Healthy,0.0000,1.0000,0.0000,0.0000
Healthy/lyria__P0153__b12.png,Healthy,P0153,premolar,0,Healthy,0.0000,0.9999,0.0000,0.0000
Healthy/lyria__P0153__b13.png,Healthy,P0153,canine,0,Healthy,0.0000,1.0000,0.0000,0.0000
Healthy/lyria__P0153__b14.png,Healthy,P0153,incisor,0,Healthy,0.0000,0.9999,0.0000,0.0001
Healthy/lyria__P0153__b15.png,Healthy,P0153,incisor,0,Healthy,0.0000,0.9999,0.0000,0.0001
Healthy/lyria__P0153__b16.png,Healthy,P0153,incisor,0,Healthy,0.0000,0.9997,0.0000,0.0002
Healthy/lyria__P0153__b17.png,Healthy,P0153,incisor,0,Healthy,0.0001,0.9999,0.0000,0.0000
Healthy/lyria__P0153__b18.png,Healthy,P0153,canine,0,Healthy,0.0000,1.0000,0.0000,0.0000
Healthy/lyria__P0153__b20.png,Healthy,P0153,premolar,0,Healthy,0.0001,0.9999,0.0000,0.0000
Healthy/lyria__P0153__b21.png,Healthy,P0153,2nd molar,0,Healthy,0.0000,1.0000,0.0000,0.0000
Healthy/lyria__P0153__b22.png,Healthy,P0153,3rd molar,0,Healthy,0.0002,0.9491,0.0506,0.0000
Healthy/lyria__P0154__b0.png,Healthy,P0154,incisor,0,Healthy,0.0000,0.9972,0.0002,0.0026
Healthy/lyria__P0154__b1.png,Healthy,P0154,canine,0,Healthy,0.0061,0.9939,0.0000,0.0000
Healthy/lyria__P0154__b3.png,Healthy,P0154,incisor,0,Healthy,0.0000,0.9458,0.0000,0.0542
Healthy/lyria__P0154__b4.png,Healthy,P0154,incisor,0,Healthy,0.0000,0.9999,0.0000,0.0001
Healthy/lyria__P0155__b0.png,Healthy,P0155,canine,0,Healthy,0.0091,0.9909,0.0000,0.0000
Healthy/lyria__P0155__b1.png,Healthy,P0155,incisor,0,Healthy,0.0001,0.9998,0.0000,0.0000
Healthy/lyria__P0155__b2.png,Healthy,P0155,incisor,0,Healthy,0.0012,0.9965,0.0001,0.0022
Healthy/lyria__P0155__b4.png,Healthy,P0155,incisor,0,Healthy,0.0001,0.9999,0.0000,0.0000
Healthy/lyria__P0155__b5.png,Healthy,P0155,canine,0,Healthy,0.0000,1.0000,0.0000,0.0000
Healthy/lyria__P0155__b6.png,Healthy,P0155,premolar,0,Healthy,0.0000,1.0000,0.0000,0.0000
Healthy/lyria__P0155__b7.png,Healthy,P0155,3rd molar,0,Healthy,0.0001,0.9995,0.0004,0.0000
Healthy/lyria__P0155__b8.png,Healthy,P0155,2nd molar,0,Healthy,0.0000,1.0000,0.0000,0.0000
Healthy/lyria__P0155__b9.png,Healthy,P0155,premolar,0,Healthy,0.0078,0.9910,0.0002,0.0010
Healthy/lyria__P0155__b10.png,Healthy,P0155,canine,0,Healthy,0.0000,0.9986,0.0013,0.0001
Healthy/lyria__P0155__b11.png,Healthy,P0155,incisor,0,Healthy,0.0071,0.8174,0.1737,0.0018
Healthy/lyria__P0155__b12.png,Healthy,P0155,incisor,0,Healthy,0.0000,0.9618,0.0017,0.0365
Healthy/lyria__P0155__b13.png,Healthy,P0155,incisor,0,Healthy,0.0000,1.0000,0.0000,0.0000
Healthy/lyria__P0156__b0.png,Healthy,P0156,2nd molar,0,Healthy,0.0062,0.9672,0.0145,0.0121
Healthy/lyria__P0156__b1.png,Healthy,P0156,premolar,0,Healthy,0.0019,0.9972,0.0000,0.0009
Healthy/lyria__P0156__b2.png,Healthy,P0156,premolar,0,Healthy,0.3336,0.6664,0.0000,0.0000
Healthy/lyria__P0156__b3.png,Healthy,P0156,canine,0,Healthy,0.0036,0.9963,0.0000,0.0001
Healthy/lyria__P0156__b4.png,Healthy,P0156,canine,0,Healthy,0.0002,0.9996,0.0001,0.0002
Healthy/lyria__P0156__b6.png,Healthy,P0156,incisor,0,Healthy,0.0000,0.9994,0.0000,0.0006
Healthy/lyria__P0156__b7.png,Healthy,P0156,incisor,0,Healthy,0.0001,0.9998,0.0000,0.0001
Healthy/lyria__P0156__b8.png,Healthy,P0156,incisor,0,Healthy,0.0018,0.9972,0.0000,0.0010
Healthy/lyria__P0156__b9.png,Healthy,P0156,canine,0,Healthy,0.0000,1.0000,0.0000,0.0000
Healthy/lyria__P0156__b11.png,Healthy,P0156,3rd molar,0,Impacted,0.1721,0.3765,0.4490,0.0024
Healthy/lyria__P0157__b0.png,Healthy,P0157,premolar,0,Healthy,0.0017,0.9983,0.0000,0.0000
Healthy/lyria__P0157__b1.png,Healthy,P0157,premolar,0,Healthy,0.0054,0.9942,0.0003,0.0002
Healthy/lyria__P0157__b4.png,Healthy,P0157,incisor,0,Healthy,0.0000,0.9999,0.0000,0.0001
Healthy/lyria__P0157__b5.png,Healthy,P0157,incisor,0,Healthy,0.0003,0.9994,0.0000,0.0002
Healthy/lyria__P0157__b6.png,Healthy,P0157,incisor,0,Healthy,0.0000,0.9998,0.0000,0.0002
Healthy/lyria__P0157__b7.png,Healthy,P0157,canine,0,Healthy,0.0002,0.9998,0.0000,0.0000
Healthy/lyria__P0157__b8.png,Healthy,P0157,premolar,0,Healthy,0.0029,0.9971,0.0000,0.0000
Healthy/lyria__P0157__b9.png,Healthy,P0157,premolar,0,Healthy,0.0006,0.9994,0.0000,0.0000
Healthy/lyria__P0157__b10.png,Healthy,P0157,3rd molar,0,Impacted,0.0047,0.4599,0.5352,0.0003
Healthy/lyria__P0157__b11.png,Healthy,P0157,2nd molar,0,Healthy,0.2069,0.5898,0.2033,0.0000
Healthy/lyria__P0013__b1.png,Healthy,P0013,incisor,0,Healthy,0.0000,0.9200,0.0787,0.0013
Healthy/lyria__P0013__b2.png,Healthy,P0013,incisor,0,Healthy,0.0006,0.9033,0.0950,0.0010
Healthy/lyria__P0013__b3.png,Healthy,P0013,incisor,0,Healthy,0.0000,0.9886,0.0112,0.0001
Healthy/lyria__P0159__b0.png,Healthy,P0159,canine,0,Healthy,0.2086,0.5543,0.0021,0.2351
Healthy/lyria__P0159__b1.png,Healthy,P0159,premolar,0,Healthy,0.0040,0.9955,0.0004,0.0001
Healthy/lyria__P0159__b2.png,Healthy,P0159,premolar,0,Healthy,0.0092,0.9908,0.0000,0.0000
Healthy/lyria__P0159__b3.png,Healthy,P0159,premolar,0,Healthy,0.0003,0.9997,0.0000,0.0000
Healthy/lyria__P0159__b4.png,Healthy,P0159,premolar,0,Healthy,0.0000,1.0000,0.0000,0.0000
Healthy/lyria__P0159__b5.png,Healthy,P0159,canine,0,Healthy,0.0000,1.0000,0.0000,0.0000
Healthy/lyria__P0159__b6.png,Healthy,P0159,incisor,0,Healthy,0.0001,0.9727,0.0221,0.0050
Healthy/lyria__P0159__b7.png,Healthy,P0159,incisor,0,Healthy,0.0001,0.9771,0.0224,0.0004
Healthy/lyria__P0159__b9.png,Healthy,P0159,incisor,0,Healthy,0.0000,0.9991,0.0008,0.0001
Healthy/lyria__P0159__b11.png,Healthy,P0159,premolar,0,Healthy,0.0041,0.8676,0.1243,0.0040
Healthy/lyria__P0160__b1.png,Healthy,P0160,canine,0,Healthy,0.0045,0.9955,0.0000,0.0000
Healthy/lyria__P0160__b2.png,Healthy,P0160,canine,0,Healthy,0.0010,0.9987,0.0001,0.0002
Healthy/lyria__P0160__b3.png,Healthy,P0160,incisor,0,Healthy,0.0002,0.9998,0.0000,0.0000
Healthy/lyria__P0160__b5.png,Healthy,P0160,incisor,0,Healthy,0.0000,0.9997,0.0000,0.0003
Healthy/lyria__P0160__b6.png,Healthy,P0160,incisor,0,Healthy,0.0000,1.0000,0.0000,0.0000
Healthy/lyria__P0160__b7.png,Healthy,P0160,canine,0,Healthy,0.0001,0.9998,0.0000,0.0000
Healthy/lyria__P0161__b1.png,Healthy,P0161,incisor,0,Healthy,0.0000,1.0000,0.0000,0.0000
Healthy/lyria__P0161__b2.png,Healthy,P0161,incisor,0,Healthy,0.0000,1.0000,0.0000,0.0000
Healthy/lyria__P0162__b0.png,Healthy,P0162,3rd molar,0,Healthy,0.0000,1.0000,0.0000,0.0000
Healthy/lyria__P0162__b1.png,Healthy,P0162,premolar,0,Healthy,0.1097,0.8902,0.0001,0.0001
Healthy/lyria__P0162__b2.png,Healthy,P0162,premolar,0,Healthy,0.0096,0.9902,0.0002,0.0000
Healthy/lyria__P0162__b3.png,Healthy,P0162,canine,0,Healthy,0.0002,0.9998,0.0000,0.0000
Healthy/lyria__P0162__b4.png,Healthy,P0162,incisor,0,Healthy,0.0003,0.9996,0.0001,0.0001
Healthy/lyria__P0162__b5.png,Healthy,P0162,incisor,0,Healthy,0.0001,0.9982,0.0016,0.0001
Healthy/lyria__P0162__b6.png,Healthy,P0162,incisor,0,Healthy,0.0001,0.9990,0.0001,0.0008
Healthy/lyria__P0162__b8.png,Healthy,P0162,canine,0,Healthy,0.0012,0.9988,0.0000,0.0000
Healthy/lyria__P0162__b10.png,Healthy,P0162,premolar,0,Healthy,0.1894,0.8105,0.0000,0.0000
Healthy/lyria__P0162__b11.png,Healthy,P0162,3rd molar,0,Healthy,0.0000,0.9941,0.0059,0.0000
Healthy/lyria__P0162__b12.png,Healthy,P0162,2nd molar,0,Healthy,0.0000,1.0000,0.0000,0.0000
Healthy/lyria__P0162__b13.png,Healthy,P0162,premolar,0,Healthy,0.0000,1.0000,0.0000,0.0000
Healthy/lyria__P0162__b14.png,Healthy,P0162,premolar,0,Healthy,0.0000,1.0000,0.0000,0.0000
Healthy/lyria__P0162__b15.png,Healthy,P0162,canine,0,Healthy,0.0000,1.0000,0.0000,0.0000
Healthy/lyria__P0162__b16.png,Healthy,P0162,incisor,0,Healthy,0.0070,0.9927,0.0000,0.0003
Healthy/lyria__P0162__b17.png,Healthy,P0162,incisor,0,Healthy,0.0000,0.9997,0.0003,0.0000
Healthy/lyria__P0162__b18.png,Healthy,P0162,incisor,0,Healthy,0.0001,0.9997,0.0000,0.0002
Healthy/lyria__P0162__b19.png,Healthy,P0162,canine,0,Healthy,0.0000,0.9999,0.0000,0.0000
Healthy/lyria__P0162__b20.png,Healthy,P0162,premolar,0,Healthy,0.0001,0.9999,0.0000,0.0000
Healthy/lyria__P0162__b21.png,Healthy,P0162,premolar,0,Healthy,0.0001,0.9998,0.0001,0.0000
Healthy/lyria__P0162__b22.png,Healthy,P0162,2nd molar,0,Healthy,0.0000,1.0000,0.0000,0.0000
Healthy/lyria__P0162__b23.png,Healthy,P0162,3rd molar,0,Healthy,0.0000,0.5742,0.4258,0.0000
Healthy/lyria__P0163__b0.png,Healthy,P0163,2nd molar,0,Healthy,0.0001,0.9998,0.0001,0.0000
Healthy/lyria__P0163__b1.png,Healthy,P0163,1st molar,0,Healthy,0.0000,0.9999,0.0000,0.0000
Healthy/lyria__P0163__b2.png,Healthy,P0163,premolar,0,Healthy,0.0002,0.9998,0.0000,0.0000
Healthy/lyria__P0163__b3.png,Healthy,P0163,premolar,0,Healthy,0.0003,0.9997,0.0000,0.0000
Healthy/lyria__P0163__b4.png,Healthy,P0163,canine,0,Healthy,0.0001,0.9999,0.0000,0.0000
Healthy/lyria__P0163__b5.png,Healthy,P0163,incisor,0,Healthy,0.0000,1.0000,0.0000,0.0000
Healthy/lyria__P0163__b6.png,Healthy,P0163,incisor,0,Healthy,0.0000,0.9998,0.0000,0.0002
Healthy/lyria__P0163__b7.png,Healthy,P0163,incisor,0,Healthy,0.0002,0.9936,0.0001,0.0061
Healthy/lyria__P0163__b8.png,Healthy,P0163,incisor,0,Healthy,0.0000,0.9999,0.0001,0.0000
Healthy/lyria__P0163__b9.png,Healthy,P0163,canine,0,Healthy,0.0000,1.0000,0.0000,0.0000
Healthy/lyria__P0163__b10.png,Healthy,P0163,premolar,0,Healthy,0.0001,0.9997,0.0003,0.0000
Healthy/lyria__P0163__b11.png,Healthy,P0163,premolar,0,Healthy,0.0360,0.9609,0.0031,0.0001
Healthy/lyria__P0163__b12.png,Healthy,P0163,1st molar,0,Healthy,0.0069,0.9330,0.0601,0.0000
Healthy/lyria__P0163__b13.png,Healthy,P0163,2nd molar,0,Healthy,0.0009,0.7772,0.2218,0.0000
Healthy/lyria__P0163__b15.png,Healthy,P0163,premolar,0,Healthy,0.0323,0.9675,0.0001,0.0001
Healthy/lyria__P0163__b16.png,Healthy,P0163,premolar,0,Healthy,0.0000,0.9999,0.0000,0.0000
Healthy/lyria__P0163__b17.png,Healthy,P0163,canine,0,Healthy,0.0000,1.0000,0.0000,0.0000
Healthy/lyria__P0163__b18.png,Healthy,P0163,incisor,0,Healthy,0.0000,1.0000,0.0000,0.0000
Healthy/lyria__P0163__b19.png,Healthy,P0163,incisor,0,Healthy,0.0000,1.0000,0.0000,0.0000
Healthy/lyria__P0163__b20.png,Healthy,P0163,incisor,0,Healthy,0.0001,0.9999,0.0000,0.0000
Healthy/lyria__P0163__b21.png,Healthy,P0163,incisor,0,Healthy,0.0000,1.0000,0.0000,0.0000
Healthy/lyria__P0163__b22.png,Healthy,P0163,canine,0,Healthy,0.0000,1.0000,0.0000,0.0000
Healthy/lyria__P0163__b23.png,Healthy,P0163,premolar,0,Healthy,0.0000,1.0000,0.0000,0.0000
Healthy/lyria__P0163__b24.png,Healthy,P0163,premolar,0,Healthy,0.0005,0.9971,0.0024,0.0000
Healthy/lyria__P0163__b25.png,Healthy,P0163,2nd molar,0,Healthy,0.0002,0.9641,0.0357,0.0000
Healthy/lyria__P0014__b0.png,Healthy,P0014,premolar,0,Healthy,0.0706,0.9280,0.0008,0.0005
Healthy/lyria__P0014__b2.png,Healthy,P0014,incisor,0,Healthy,0.0005,0.9976,0.0002,0.0017
Healthy/lyria__P0014__b3.png,Healthy,P0014,canine,0,Healthy,0.0002,0.9998,0.0000,0.0000
Healthy/lyria__P0164__b2.png,Healthy,P0164,incisor,0,Healthy,0.0000,1.0000,0.0000,0.0000
Healthy/lyria__P0166__b0.png,Healthy,P0166,canine,0,Healthy,0.0000,1.0000,0.0000,0.0000
Healthy/lyria__P0166__b1.png,Healthy,P0166,incisor,0,Healthy,0.0005,0.9992,0.0000,0.0002
Healthy/lyria__P0166__b2.png,Healthy,P0166,2nd molar,0,Healthy,0.0000,1.0000,0.0000,0.0000
Healthy/lyria__P0166__b3.png,Healthy,P0166,premolar,0,Healthy,0.0030,0.9941,0.0023,0.0005
Healthy/lyria__P0166__b5.png,Healthy,P0166,incisor,0,Healthy,0.0000,0.9999,0.0000,0.0001
Healthy/lyria__P0166__b6.png,Healthy,P0166,incisor,0,Healthy,0.0000,0.9997,0.0000,0.0003
Healthy/lyria__P0166__b7.png,Healthy,P0166,incisor,0,Healthy,0.0000,0.9997,0.0000,0.0003
Healthy/lyria__P0166__b9.png,Healthy,P0166,premolar,0,Healthy,0.0003,0.9995,0.0000,0.0001
Healthy/lyria__P0168__b1.png,Healthy,P0168,incisor,0,Healthy,0.0020,0.9980,0.0000,0.0000
Healthy/lyria__P0168__b2.png,Healthy,P0168,incisor,0,Healthy,0.0000,1.0000,0.0000,0.0000
Healthy/lyria__P0168__b3.png,Healthy,P0168,incisor,0,Healthy,0.0000,0.9998,0.0000,0.0002
Healthy/lyria__P0168__b4.png,Healthy,P0168,incisor,0,Healthy,0.0000,0.9999,0.0000,0.0001
Healthy/lyria__P0168__b5.png,Healthy,P0168,canine,0,Healthy,0.0000,1.0000,0.0000,0.0000
Healthy/lyria__P0168__b6.png,Healthy,P0168,canine,0,Healthy,0.0055,0.9934,0.0009,0.0003
Healthy/lyria__P0168__b7.png,Healthy,P0168,incisor,0,Healthy,0.0000,1.0000,0.0000,0.0000
Healthy/lyria__P0168__b8.png,Healthy,P0168,incisor,0,Healthy,0.0000,0.9999,0.0000,0.0001
Healthy/lyria__P0168__b9.png,Healthy,P0168,incisor,0,Healthy,0.0000,1.0000,0.0000,0.0000
Healthy/lyria__P0168__b10.png,Healthy,P0168,incisor,0,Healthy,0.0000,1.0000,0.0000,0.0000
Healthy/lyria__P0168__b11.png,Healthy,P0168,canine,0,Healthy,0.0002,0.9996,0.0002,0.0001
Healthy/lyria__P0169__b0.png,Healthy,P0169,2nd molar,0,Healthy,0.0000,1.0000,0.0000,0.0000
Healthy/lyria__P0169__b1.png,Healthy,P0169,1st molar,0,Healthy,0.0000,1.0000,0.0000,0.0000
Healthy/lyria__P0169__b2.png,Healthy,P0169,canine,0,Healthy,0.0000,1.0000,0.0000,0.0000
Healthy/lyria__P0169__b3.png,Healthy,P0169,incisor,0,Healthy,0.0001,0.9997,0.0000,0.0002
Healthy/lyria__P0169__b4.png,Healthy,P0169,incisor,0,Healthy,0.0034,0.8332,0.0003,0.1630
Healthy/lyria__P0169__b5.png,Healthy,P0169,incisor,0,Healthy,0.0001,0.9996,0.0000,0.0003
Healthy/lyria__P0169__b6.png,Healthy,P0169,incisor,0,Healthy,0.0000,1.0000,0.0000,0.0000
Healthy/lyria__P0169__b7.png,Healthy,P0169,canine,0,Healthy,0.0001,0.9999,0.0000,0.0000
Healthy/lyria__P0169__b8.png,Healthy,P0169,premolar,0,Healthy,0.0000,1.0000,0.0000,0.0000
Healthy/lyria__P0169__b9.png,Healthy,P0169,canine,0,Healthy,0.0000,1.0000,0.0000,0.0000
Healthy/lyria__P0169__b11.png,Healthy,P0169,incisor,0,Healthy,0.0003,0.9990,0.0000,0.0007
Healthy/lyria__P0169__b12.png,Healthy,P0169,incisor,0,Healthy,0.0000,0.9992,0.0001,0.0007
Healthy/lyria__P0169__b13.png,Healthy,P0169,canine,0,Healthy,0.0000,1.0000,0.0000,0.0000
Healthy/lyria__P0172__b0.png,Healthy,P0172,3rd molar,0,Healthy,0.0000,1.0000,0.0000,0.0000
Healthy/lyria__P0172__b1.png,Healthy,P0172,2nd molar,0,Healthy,0.0000,1.0000,0.0000,0.0000
Healthy/lyria__P0172__b2.png,Healthy,P0172,1st molar,0,Healthy,0.0000,1.0000,0.0000,0.0000
Healthy/lyria__P0172__b3.png,Healthy,P0172,premolar,0,Healthy,0.0000,1.0000,0.0000,0.0000
Healthy/lyria__P0172__b4.png,Healthy,P0172,premolar,0,Healthy,0.0000,1.0000,0.0000,0.0000
Healthy/lyria__P0172__b5.png,Healthy,P0172,canine,0,Healthy,0.0000,1.0000,0.0000,0.0000
Healthy/lyria__P0172__b6.png,Healthy,P0172,incisor,0,Healthy,0.0000,1.0000,0.0000,0.0000
Healthy/lyria__P0172__b7.png,Healthy,P0172,incisor,0,Healthy,0.0002,0.9997,0.0001,0.0001
Healthy/lyria__P0172__b8.png,Healthy,P0172,canine,0,Healthy,0.0000,1.0000,0.0000,0.0000
Healthy/lyria__P0172__b9.png,Healthy,P0172,premolar,0,Healthy,0.0000,1.0000,0.0000,0.0000
Healthy/lyria__P0172__b10.png,Healthy,P0172,premolar,0,Healthy,0.0000,1.0000,0.0000,0.0000
Healthy/lyria__P0172__b12.png,Healthy,P0172,2nd molar,0,Healthy,0.0000,1.0000,0.0000,0.0000
Healthy/lyria__P0172__b13.png,Healthy,P0172,2nd molar,0,Healthy,0.0000,0.9995,0.0005,0.0000
Healthy/lyria__P0172__b14.png,Healthy,P0172,1st molar,0,Healthy,0.0000,1.0000,0.0000,0.0000
Healthy/lyria__P0172__b15.png,Healthy,P0172,premolar,0,Healthy,0.0000,0.9999,0.0000,0.0001
Healthy/lyria__P0172__b16.png,Healthy,P0172,canine,0,Healthy,0.0000,1.0000,0.0000,0.0000
Healthy/lyria__P0172__b17.png,Healthy,P0172,canine,0,Healthy,0.0000,1.0000,0.0000,0.0000
Healthy/lyria__P0172__b18.png,Healthy,P0172,premolar,0,Healthy,0.0000,1.0000,0.0000,0.0000
Healthy/lyria__P0172__b19.png,Healthy,P0172,premolar,0,Healthy,0.0000,1.0000,0.0000,0.0000
Healthy/lyria__P0172__b20.png,Healthy,P0172,1st molar,0,Healthy,0.0000,1.0000,0.0000,0.0000
Healthy/lyria__P0172__b22.png,Healthy,P0172,3rd molar,0,Healthy,0.0000,0.9998,0.0002,0.0000
Healthy/lyria__P0173__b1.png,Healthy,P0173,canine,0,Healthy,0.0002,0.9998,0.0000,0.0000
Healthy/lyria__P0173__b2.png,Healthy,P0173,incisor,0,Healthy,0.0001,0.9999,0.0000,0.0000
Healthy/lyria__P0173__b3.png,Healthy,P0173,incisor,0,Healthy,0.0076,0.9787,0.0136,0.0001
Healthy/lyria__P0173__b4.png,Healthy,P0173,incisor,0,Healthy,0.0013,0.9980,0.0005,0.0002
Healthy/lyria__P0173__b6.png,Healthy,P0173,canine,0,Healthy,0.3918,0.6078,0.0003,0.0000
Healthy/lyria__P0173__b7.png,Healthy,P0173,2nd molar,0,Healthy,0.0000,1.0000,0.0000,0.0000
Healthy/lyria__P0175__b0.png,Healthy,P0175,premolar,0,Healthy,0.0004,0.9996,0.0000,0.0000
Healthy/lyria__P0175__b1.png,Healthy,P0175,premolar,0,Healthy,0.0485,0.9506,0.0008,0.0001
Healthy/lyria__P0175__b2.png,Healthy,P0175,canine,0,Healthy,0.0002,0.9997,0.0002,0.0000
Healthy/lyria__P0175__b3.png,Healthy,P0175,incisor,0,Healthy,0.0001,0.9999,0.0000,0.0000
Healthy/lyria__P0175__b4.png,Healthy,P0175,incisor,0,Healthy,0.0000,0.9999,0.0000,0.0000
Healthy/lyria__P0175__b5.png,Healthy,P0175,incisor,0,Healthy,0.0000,0.9999,0.0000,0.0000
Healthy/lyria__P0175__b6.png,Healthy,P0175,incisor,0,Healthy,0.0000,1.0000,0.0000,0.0000
Healthy/lyria__P0175__b7.png,Healthy,P0175,canine,0,Healthy,0.0111,0.9888,0.0000,0.0000
Healthy/lyria__P0175__b9.png,Healthy,P0175,premolar,0,Healthy,0.0000,1.0000,0.0000,0.0000
Healthy/lyria__P0175__b10.png,Healthy,P0175,incisor,0,Healthy,0.0000,0.9999,0.0000,0.0000
Healthy/lyria__P0175__b11.png,Healthy,P0175,incisor,0,Healthy,0.0000,1.0000,0.0000,0.0000
Healthy/lyria__P0175__b12.png,Healthy,P0175,incisor,0,Healthy,0.0000,1.0000,0.0000,0.0000
Healthy/lyria__P0175__b13.png,Healthy,P0175,canine,0,Healthy,0.0000,1.0000,0.0000,0.0000
Healthy/lyria__P0175__b14.png,Healthy,P0175,canine,0,Healthy,0.0000,1.0000,0.0000,0.0000
Healthy/lyria__P0175__b15.png,Healthy,P0175,premolar,0,Healthy,0.0000,1.0000,0.0000,0.0000
Healthy/lyria__P0175__b16.png,Healthy,P0175,premolar,0,Healthy,0.0000,1.0000,0.0000,0.0000
Healthy/lyria__P0176__b1.png,Healthy,P0176,canine,0,Endodontics,0.9760,0.0182,0.0006,0.0053
Healthy/lyria__P0176__b2.png,Healthy,P0176,incisor,0,Healthy,0.0026,0.9769,0.0203,0.0001
Healthy/lyria__P0176__b3.png,Healthy,P0176,incisor,0,Healthy,0.0000,0.7507,0.2488,0.0004
Healthy/lyria__P0176__b4.png,Healthy,P0176,canine,0,Healthy,0.0225,0.9773,0.0001,0.0000
Healthy/lyria__P0178__b0.png,Healthy,P0178,canine,0,Healthy,0.4863,0.5137,0.0000,0.0000
Healthy/lyria__P0178__b1.png,Healthy,P0178,canine,0,Healthy,0.0002,0.9968,0.0000,0.0030
Healthy/lyria__P0178__b2.png,Healthy,P0178,premolar,0,Endodontics,0.5152,0.4846,0.0000,0.0002
Healthy/lyria__P0178__b3.png,Healthy,P0178,premolar,0,Healthy,0.0001,0.9997,0.0001,0.0001
Healthy/lyria__P0178__b4.png,Healthy,P0178,canine,0,Healthy,0.0019,0.9977,0.0001,0.0003
Healthy/lyria__P0178__b5.png,Healthy,P0178,incisor,0,Healthy,0.0006,0.9989,0.0000,0.0006
Healthy/lyria__P0178__b6.png,Healthy,P0178,incisor,0,Healthy,0.0000,0.9960,0.0000,0.0040
Healthy/lyria__P0178__b7.png,Healthy,P0178,incisor,0,Healthy,0.0000,0.9977,0.0000,0.0023
Healthy/lyria__P0178__b8.png,Healthy,P0178,incisor,0,Healthy,0.0000,0.9997,0.0000,0.0003
Healthy/lyria__P0179__b0.png,Healthy,P0179,incisor,0,Healthy,0.0000,1.0000,0.0000,0.0000
Healthy/lyria__P0179__b1.png,Healthy,P0179,canine,0,Healthy,0.0000,1.0000,0.0000,0.0000
Healthy/lyria__P0179__b2.png,Healthy,P0179,premolar,0,Healthy,0.0000,1.0000,0.0000,0.0000
Healthy/lyria__P0179__b4.png,Healthy,P0179,incisor,0,Healthy,0.0001,0.9995,0.0000,0.0003
Healthy/lyria__P0179__b5.png,Healthy,P0179,incisor,0,Healthy,0.0001,0.9981,0.0000,0.0018
Healthy/lyria__P0179__b6.png,Healthy,P0179,incisor,0,Healthy,0.0002,0.9959,0.0000,0.0039
Healthy/lyria__P0179__b8.png,Healthy,P0179,canine,0,Healthy,0.0000,0.9999,0.0000,0.0000
Healthy/lyria__P0180__b0.png,Healthy,P0180,3rd molar,0,Healthy,0.0000,1.0000,0.0000,0.0000
Healthy/lyria__P0180__b1.png,Healthy,P0180,2nd molar,0,Healthy,0.0000,1.0000,0.0000,0.0000
Healthy/lyria__P0180__b2.png,Healthy,P0180,1st molar,0,Healthy,0.0000,1.0000,0.0000,0.0000
Healthy/lyria__P0180__b3.png,Healthy,P0180,premolar,0,Healthy,0.0155,0.9844,0.0000,0.0001
Healthy/lyria__P0180__b4.png,Healthy,P0180,premolar,0,Healthy,0.0000,1.0000,0.0000,0.0000
Healthy/lyria__P0180__b5.png,Healthy,P0180,canine,0,Healthy,0.0010,0.9987,0.0003,0.0000
Healthy/lyria__P0180__b6.png,Healthy,P0180,incisor,0,Healthy,0.0004,0.9995,0.0000,0.0002
Healthy/lyria__P0180__b8.png,Healthy,P0180,incisor,0,Healthy,0.0000,0.9997,0.0000,0.0003
Healthy/lyria__P0180__b9.png,Healthy,P0180,incisor,0,Healthy,0.0011,0.9989,0.0000,0.0000
Healthy/lyria__P0180__b10.png,Healthy,P0180,canine,0,Healthy,0.0011,0.9988,0.0000,0.0000
Healthy/lyria__P0180__b11.png,Healthy,P0180,premolar,0,Healthy,0.0000,0.9999,0.0000,0.0000
Healthy/lyria__P0180__b13.png,Healthy,P0180,1st molar,0,Healthy,0.0000,1.0000,0.0000,0.0000
Healthy/lyria__P0180__b14.png,Healthy,P0180,2nd molar,0,Healthy,0.0000,1.0000,0.0000,0.0000
Healthy/lyria__P0180__b15.png,Healthy,P0180,3rd molar,0,Healthy,0.0000,0.9942,0.0058,0.0000
Healthy/lyria__P0180__b16.png,Healthy,P0180,2nd molar,0,Healthy,0.0000,1.0000,0.0000,0.0000
Healthy/lyria__P0180__b17.png,Healthy,P0180,1st molar,0,Healthy,0.0000,1.0000,0.0000,0.0000
Healthy/lyria__P0180__b18.png,Healthy,P0180,premolar,0,Healthy,0.0000,1.0000,0.0000,0.0000
Healthy/lyria__P0180__b19.png,Healthy,P0180,premolar,0,Healthy,0.0000,1.0000,0.0000,0.0000
Healthy/lyria__P0180__b20.png,Healthy,P0180,canine,0,Healthy,0.0000,1.0000,0.0000,0.0000
Healthy/lyria__P0180__b21.png,Healthy,P0180,incisor,0,Healthy,0.0000,1.0000,0.0000,0.0000
Healthy/lyria__P0180__b22.png,Healthy,P0180,incisor,0,Healthy,0.0000,0.9996,0.0000,0.0004
Healthy/lyria__P0180__b23.png,Healthy,P0180,incisor,0,Healthy,0.0001,0.9983,0.0000,0.0016
Healthy/lyria__P0180__b24.png,Healthy,P0180,incisor,0,Healthy,0.0000,0.9995,0.0000,0.0005
Healthy/lyria__P0180__b25.png,Healthy,P0180,canine,0,Healthy,0.0000,1.0000,0.0000,0.0000
Healthy/lyria__P0180__b26.png,Healthy,P0180,premolar,0,Healthy,0.0000,1.0000,0.0000,0.0000
Healthy/lyria__P0180__b27.png,Healthy,P0180,premolar,0,Healthy,0.0000,1.0000,0.0000,0.0000
Healthy/lyria__P0180__b28.png,Healthy,P0180,1st molar,0,Healthy,0.0000,1.0000,0.0000,0.0000
Healthy/lyria__P0180__b29.png,Healthy,P0180,2nd molar,0,Healthy,0.0000,1.0000,0.0000,0.0000
Healthy/lyria__P0180__b30.png,Healthy,P0180,3rd molar,0,Healthy,0.0000,0.9995,0.0005,0.0000
Healthy/lyria__P0181__b0.png,Healthy,P0181,2nd molar,0,Healthy,0.0000,0.9999,0.0001,0.0000
Healthy/lyria__P0181__b1.png,Healthy,P0181,1st molar,0,Healthy,0.0000,1.0000,0.0000,0.0000
Healthy/lyria__P0181__b2.png,Healthy,P0181,premolar,0,Healthy,0.0021,0.9979,0.0000,0.0000
Healthy/lyria__P0181__b3.png,Healthy,P0181,premolar,0,Healthy,0.0001,0.9999,0.0000,0.0000
Healthy/lyria__P0181__b4.png,Healthy,P0181,canine,0,Healthy,0.1080,0.8916,0.0000,0.0003
Healthy/lyria__P0181__b5.png,Healthy,P0181,incisor,0,Healthy,0.0000,0.9989,0.0000,0.0011
Healthy/lyria__P0181__b7.png,Healthy,P0181,canine,0,Healthy,0.0202,0.9766,0.0004,0.0027
Healthy/lyria__P0181__b9.png,Healthy,P0181,1st molar,0,Healthy,0.0000,1.0000,0.0000,0.0000
Healthy/lyria__P0181__b10.png,Healthy,P0181,2nd molar,0,Healthy,0.0000,0.9839,0.0160,0.0001
Healthy/lyria__P0181__b11.png,Healthy,P0181,premolar,0,Healthy,0.0001,0.9998,0.0001,0.0000
Healthy/lyria__P0181__b12.png,Healthy,P0181,premolar,0,Healthy,0.0000,1.0000,0.0000,0.0000
Healthy/lyria__P0181__b13.png,Healthy,P0181,canine,0,Healthy,0.0000,1.0000,0.0000,0.0000
Healthy/lyria__P0181__b14.png,Healthy,P0181,incisor,0,Healthy,0.0005,0.9994,0.0000,0.0000
Healthy/lyria__P0181__b15.png,Healthy,P0181,incisor,0,Healthy,0.0000,0.9995,0.0000,0.0005
Healthy/lyria__P0181__b16.png,Healthy,P0181,incisor,0,Healthy,0.0000,0.9999,0.0000,0.0001
Healthy/lyria__P0181__b17.png,Healthy,P0181,incisor,0,Healthy,0.0000,1.0000,0.0000,0.0000
Healthy/lyria__P0181__b18.png,Healthy,P0181,canine,0,Healthy,0.0000,0.9999,0.0001,0.0000
Healthy/lyria__P0181__b19.png,Healthy,P0181,2nd molar,0,Healthy,0.0001,0.9851,0.0148,0.0000
Healthy/lyria__P0181__b20.png,Healthy,P0181,3rd molar,0,Impacted,0.0000,0.0006,0.9994,0.0000
Healthy/lyria__P0182__b0.png,Healthy,P0182,1st molar,0,Healthy,0.0000,1.0000,0.0000,0.0000
Healthy/lyria__P0182__b1.png,Healthy,P0182,2nd molar,0,Healthy,0.0000,1.0000,0.0000,0.0000
Healthy/lyria__P0182__b2.png,Healthy,P0182,premolar,0,Healthy,0.0009,0.9991,0.0000,0.0000
Healthy/lyria__P0182__b3.png,Healthy,P0182,premolar,0,Healthy,0.0003,0.9997,0.0000,0.0000
Healthy/lyria__P0182__b4.png,Healthy,P0182,canine,0,Healthy,0.0003,0.9997,0.0000,0.0000
Healthy/lyria__P0182__b5.png,Healthy,P0182,incisor,0,Healthy,0.0000,1.0000,0.0000,0.0000
Healthy/lyria__P0182__b6.png,Healthy,P0182,incisor,0,Healthy,0.0000,0.9994,0.0001,0.0004
Healthy/lyria__P0182__b7.png,Healthy,P0182,incisor,0,Healthy,0.0003,0.9975,0.0003,0.0019
Healthy/lyria__P0182__b8.png,Healthy,P0182,incisor,0,Healthy,0.0005,0.9989,0.0000,0.0006
Healthy/lyria__P0182__b9.png,Healthy,P0182,canine,0,Healthy,0.0029,0.9969,0.0000,0.0001
Healthy/lyria__P0182__b10.png,Healthy,P0182,premolar,0,Healthy,0.0002,0.9998,0.0000,0.0000
Healthy/lyria__P0182__b12.png,Healthy,P0182,1st molar,0,Healthy,0.0000,1.0000,0.0000,0.0000
Healthy/lyria__P0182__b13.png,Healthy,P0182,2nd molar,0,Healthy,0.0000,1.0000,0.0000,0.0000
Healthy/lyria__P0182__b15.png,Healthy,P0182,premolar,0,Healthy,0.0001,0.9997,0.0001,0.0001
Healthy/lyria__P0182__b16.png,Healthy,P0182,premolar,0,Healthy,0.0000,0.9999,0.0001,0.0000
Healthy/lyria__P0182__b17.png,Healthy,P0182,canine,0,Healthy,0.0000,1.0000,0.0000,0.0000
Healthy/lyria__P0182__b18.png,Healthy,P0182,incisor,0,Healthy,0.0000,1.0000,0.0000,0.0000
Healthy/lyria__P0182__b19.png,Healthy,P0182,incisor,0,Healthy,0.0014,0.9985,0.0000,0.0000
Healthy/lyria__P0182__b20.png,Healthy,P0182,incisor,0,Healthy,0.0001,0.9969,0.0030,0.0000
Healthy/lyria__P0182__b21.png,Healthy,P0182,incisor,0,Healthy,0.0000,1.0000,0.0000,0.0000
Healthy/lyria__P0182__b22.png,Healthy,P0182,canine,0,Healthy,0.0000,0.9999,0.0000,0.0000
Healthy/lyria__P0182__b23.png,Healthy,P0182,premolar,0,Healthy,0.0000,1.0000,0.0000,0.0000
Healthy/lyria__P0182__b24.png,Healthy,P0182,premolar,0,Healthy,0.0000,1.0000,0.0000,0.0000
Healthy/lyria__P0182__b25.png,Healthy,P0182,2nd molar,0,Healthy,0.0000,1.0000,0.0000,0.0000
Healthy/lyria__P0184__b0.png,Healthy,P0184,canine,0,Healthy,0.2028,0.7970,0.0002,0.0000
Healthy/lyria__P0184__b2.png,Healthy,P0184,incisor,0,Healthy,0.0000,0.9973,0.0026,0.0001
Healthy/lyria__P0184__b3.png,Healthy,P0184,incisor,0,Healthy,0.0000,0.9989,0.0011,0.0001
Healthy/lyria__P0184__b4.png,Healthy,P0184,canine,0,Healthy,0.0000,0.9992,0.0008,0.0000
Healthy/lyria__P0189__b0.png,Healthy,P0189,canine,0,Healthy,0.0018,0.9979,0.0000,0.0003
Healthy/lyria__P0189__b1.png,Healthy,P0189,incisor,0,Healthy,0.0000,1.0000,0.0000,0.0000
Healthy/lyria__P0189__b3.png,Healthy,P0189,incisor,0,Healthy,0.0004,0.9995,0.0000,0.0001
Healthy/lyria__P0189__b4.png,Healthy,P0189,incisor,0,Healthy,0.0000,1.0000,0.0000,0.0000
Healthy/lyria__P0189__b5.png,Healthy,P0189,canine,0,Healthy,0.0000,0.9999,0.0000,0.0000
Healthy/lyria__P0189__b6.png,Healthy,P0189,premolar,0,Healthy,0.0001,0.9999,0.0000,0.0000
Healthy/lyria__P0189__b7.png,Healthy,P0189,premolar,0,Healthy,0.2083,0.7916,0.0000,0.0001
Healthy/lyria__P0189__b8.png,Healthy,P0189,premolar,0,Healthy,0.0000,1.0000,0.0000,0.0000
Healthy/lyria__P0189__b9.png,Healthy,P0189,canine,0,Healthy,0.0000,1.0000,0.0000,0.0000
Healthy/lyria__P0189__b10.png,Healthy,P0189,incisor,0,Healthy,0.0000,0.9998,0.0000,0.0002
Healthy/lyria__P0189__b11.png,Healthy,P0189,incisor,0,Healthy,0.0000,0.9995,0.0000,0.0004
Healthy/lyria__P0189__b12.png,Healthy,P0189,incisor,0,Healthy,0.0008,0.9990,0.0000,0.0002
Healthy/lyria__P0189__b14.png,Healthy,P0189,canine,0,Healthy,0.0000,1.0000,0.0000,0.0000
Healthy/lyria__P0189__b15.png,Healthy,P0189,premolar,0,Healthy,0.0000,1.0000,0.0000,0.0000
Healthy/lyria__P0190__b1.png,Healthy,P0190,premolar,0,Healthy,0.0000,1.0000,0.0000,0.0000
Healthy/lyria__P0190__b2.png,Healthy,P0190,premolar,0,Healthy,0.0000,1.0000,0.0000,0.0000
Healthy/lyria__P0190__b3.png,Healthy,P0190,canine,0,Healthy,0.0020,0.9980,0.0000,0.0000
Healthy/lyria__P0190__b4.png,Healthy,P0190,incisor,0,Healthy,0.0000,1.0000,0.0000,0.0000
Healthy/lyria__P0190__b5.png,Healthy,P0190,incisor,0,Healthy,0.0000,1.0000,0.0000,0.0000
Healthy/lyria__P0190__b6.png,Healthy,P0190,incisor,0,Healthy,0.0000,0.9999,0.0000,0.0000
Healthy/lyria__P0190__b7.png,Healthy,P0190,incisor,0,Healthy,0.0000,1.0000,0.0000,0.0000
Healthy/lyria__P0190__b8.png,Healthy,P0190,canine,0,Healthy,0.0001,0.9999,0.0000,0.0000
Healthy/lyria__P0190__b9.png,Healthy,P0190,premolar,0,Healthy,0.0000,1.0000,0.0000,0.0000
Healthy/lyria__P0190__b10.png,Healthy,P0190,premolar,0,Healthy,0.0005,0.9989,0.0000,0.0005
Healthy/lyria__P0190__b11.png,Healthy,P0190,1st molar,0,Healthy,0.0000,0.9999,0.0000,0.0000
Healthy/lyria__P0190__b12.png,Healthy,P0190,2nd molar,0,Healthy,0.0000,0.9998,0.0002,0.0000
Healthy/lyria__P0190__b13.png,Healthy,P0190,2nd molar,0,Healthy,0.0000,1.0000,0.0000,0.0000
Healthy/lyria__P0190__b14.png,Healthy,P0190,premolar,0,Healthy,0.0000,0.9999,0.0000,0.0000
Healthy/lyria__P0190__b15.png,Healthy,P0190,premolar,0,Healthy,0.0000,1.0000,0.0000,0.0000
Healthy/lyria__P0190__b16.png,Healthy,P0190,canine,0,Healthy,0.0006,0.9992,0.0001,0.0001
Healthy/lyria__P0190__b17.png,Healthy,P0190,incisor,0,Healthy,0.0000,1.0000,0.0000,0.0000
Healthy/lyria__P0190__b18.png,Healthy,P0190,incisor,0,Healthy,0.0000,1.0000,0.0000,0.0000
Healthy/lyria__P0190__b19.png,Healthy,P0190,incisor,0,Healthy,0.0000,0.9999,0.0000,0.0001
Healthy/lyria__P0190__b20.png,Healthy,P0190,incisor,0,Healthy,0.0000,0.9999,0.0000,0.0000
Healthy/lyria__P0190__b21.png,Healthy,P0190,canine,0,Healthy,0.0000,1.0000,0.0000,0.0000
Healthy/lyria__P0190__b22.png,Healthy,P0190,premolar,0,Healthy,0.0000,1.0000,0.0000,0.0000
Healthy/lyria__P0190__b23.png,Healthy,P0190,premolar,0,Healthy,0.0000,1.0000,0.0000,0.0000
Healthy/lyria__P0191__b0.png,Healthy,P0191,premolar,0,Healthy,0.0000,1.0000,0.0000,0.0000
Healthy/lyria__P0191__b1.png,Healthy,P0191,premolar,0,Healthy,0.0000,1.0000,0.0000,0.0000
Healthy/lyria__P0191__b2.png,Healthy,P0191,canine,0,Healthy,0.0000,1.0000,0.0000,0.0000
Healthy/lyria__P0191__b4.png,Healthy,P0191,incisor,0,Healthy,0.0006,0.9993,0.0000,0.0000
Healthy/lyria__P0191__b5.png,Healthy,P0191,incisor,0,Healthy,0.0001,0.9999,0.0000,0.0001
Healthy/lyria__P0191__b6.png,Healthy,P0191,incisor,0,Healthy,0.0000,0.9999,0.0000,0.0000
Healthy/lyria__P0191__b7.png,Healthy,P0191,canine,0,Healthy,0.0000,0.9998,0.0002,0.0000
Healthy/lyria__P0191__b8.png,Healthy,P0191,premolar,0,Healthy,0.0000,1.0000,0.0000,0.0000
Healthy/lyria__P0191__b9.png,Healthy,P0191,premolar,0,Healthy,0.0007,0.9993,0.0000,0.0000
Healthy/lyria__P0191__b10.png,Healthy,P0191,2nd molar,0,Healthy,0.0000,0.9999,0.0001,0.0000
Healthy/lyria__P0191__b11.png,Healthy,P0191,premolar,0,Healthy,0.0000,0.9999,0.0000,0.0001
Healthy/lyria__P0191__b12.png,Healthy,P0191,premolar,0,Healthy,0.0000,1.0000,0.0000,0.0000
Healthy/lyria__P0191__b13.png,Healthy,P0191,canine,0,Healthy,0.0000,1.0000,0.0000,0.0000
Healthy/lyria__P0191__b14.png,Healthy,P0191,incisor,0,Healthy,0.0000,1.0000,0.0000,0.0000
Healthy/lyria__P0191__b15.png,Healthy,P0191,incisor,0,Healthy,0.0002,0.9995,0.0000,0.0002
Healthy/lyria__P0191__b16.png,Healthy,P0191,incisor,0,Healthy,0.0000,1.0000,0.0000,0.0000
Healthy/lyria__P0191__b17.png,Healthy,P0191,incisor,0,Healthy,0.0000,1.0000,0.0000,0.0000
Healthy/lyria__P0192__b0.png,Healthy,P0192,premolar,0,Healthy,0.0242,0.9753,0.0000,0.0005
Healthy/lyria__P0192__b1.png,Healthy,P0192,premolar,0,Healthy,0.0064,0.9936,0.0000,0.0000
Healthy/lyria__P0192__b2.png,Healthy,P0192,canine,0,Healthy,0.1140,0.8849,0.0000,0.0010
Healthy/lyria__P0192__b3.png,Healthy,P0192,incisor,0,Healthy,0.0721,0.9277,0.0000,0.0002
Healthy/lyria__P0192__b4.png,Healthy,P0192,incisor,0,Healthy,0.0003,0.9960,0.0000,0.0037
Healthy/lyria__P0192__b5.png,Healthy,P0192,incisor,0,Healthy,0.0000,0.9996,0.0002,0.0003
Healthy/lyria__P0192__b6.png,Healthy,P0192,canine,0,Healthy,0.0332,0.9666,0.0000,0.0002
Healthy/lyria__P0192__b7.png,Healthy,P0192,premolar,0,Healthy,0.2226,0.7770,0.0001,0.0003
Healthy/lyria__P0192__b8.png,Healthy,P0192,premolar,0,Healthy,0.1616,0.8380,0.0000,0.0004
Healthy/lyria__P0192__b10.png,Healthy,P0192,canine,0,Healthy,0.0000,1.0000,0.0000,0.0000
Healthy/lyria__P0192__b11.png,Healthy,P0192,incisor,0,Healthy,0.0000,1.0000,0.0000,0.0000
Healthy/lyria__P0192__b12.png,Healthy,P0192,incisor,0,Healthy,0.0000,1.0000,0.0000,0.0000
Healthy/lyria__P0192__b13.png,Healthy,P0192,incisor,0,Healthy,0.0000,0.9999,0.0000,0.0001
Healthy/lyria__P0192__b14.png,Healthy,P0192,incisor,0,Healthy,0.0001,0.9998,0.0000,0.0001
Healthy/lyria__P0192__b15.png,Healthy,P0192,canine,0,Healthy,0.0000,1.0000,0.0000,0.0000
Healthy/lyria__P0192__b17.png,Healthy,P0192,premolar,0,Healthy,0.0000,1.0000,0.0000,0.0000
Healthy/lyria__P0193__b0.png,Healthy,P0193,canine,0,Healthy,0.0000,0.9999,0.0001,0.0000
Healthy/lyria__P0193__b1.png,Healthy,P0193,incisor,0,Healthy,0.0000,1.0000,0.0000,0.0000
Healthy/lyria__P0193__b3.png,Healthy,P0193,incisor,0,Healthy,0.0000,0.9921,0.0000,0.0079
Healthy/lyria__P0193__b4.png,Healthy,P0193,incisor,0,Healthy,0.0001,0.9999,0.0000,0.0000
Healthy/lyria__P0193__b5.png,Healthy,P0193,canine,0,Healthy,0.0000,1.0000,0.0000,0.0000
Healthy/lyria__P0194__b0.png,Healthy,P0194,premolar,0,Healthy,0.0017,0.9722,0.0000,0.0261
Healthy/lyria__P0194__b1.png,Healthy,P0194,canine,0,Healthy,0.0149,0.9837,0.0000,0.0014
Healthy/lyria__P0194__b2.png,Healthy,P0194,canine,0,Healthy,0.0003,0.9996,0.0000,0.0001
Healthy/lyria__P0194__b3.png,Healthy,P0194,premolar,0,Healthy,0.0000,1.0000,0.0000,0.0000
Healthy/lyria__P0194__b4.png,Healthy,P0194,premolar,0,Healthy,0.0000,1.0000,0.0000,0.0000
Healthy/lyria__P0194__b6.png,Healthy,P0194,canine,0,Healthy,0.0000,1.0000,0.0000,0.0000
Healthy/lyria__P0194__b7.png,Healthy,P0194,incisor,0,Healthy,0.0000,1.0000,0.0000,0.0000
Healthy/lyria__P0194__b8.png,Healthy,P0194,incisor,0,Healthy,0.0007,0.9991,0.0000,0.0002
Healthy/lyria__P0194__b9.png,Healthy,P0194,incisor,0,Healthy,0.0000,1.0000,0.0000,0.0000
Healthy/lyria__P0194__b11.png,Healthy,P0194,canine,0,Healthy,0.0000,1.0000,0.0000,0.0000
Healthy/lyria__P0195__b0.png,Healthy,P0195,premolar,0,Healthy,0.0323,0.9676,0.0000,0.0001
Healthy/lyria__P0195__b1.png,Healthy,P0195,canine,0,Healthy,0.0001,0.9998,0.0000,0.0000
Healthy/lyria__P0195__b2.png,Healthy,P0195,incisor,0,Healthy,0.0000,1.0000,0.0000,0.0000
Healthy/lyria__P0195__b3.png,Healthy,P0195,incisor,0,Healthy,0.0002,0.9994,0.0000,0.0003
Healthy/lyria__P0195__b4.png,Healthy,P0195,incisor,0,Healthy,0.0000,0.9987,0.0000,0.0013
Healthy/lyria__P0195__b5.png,Healthy,P0195,incisor,0,Healthy,0.0000,0.9960,0.0000,0.0040
Healthy/lyria__P0195__b6.png,Healthy,P0195,canine,0,Healthy,0.0005,0.9994,0.0000,0.0001
Healthy/lyria__P0195__b7.png,Healthy,P0195,premolar,0,Healthy,0.1205,0.8795,0.0000,0.0000
Healthy/lyria__P0195__b8.png,Healthy,P0195,incisor,0,Healthy,0.0000,0.9994,0.0000,0.0005
Healthy/lyria__P0195__b11.png,Healthy,P0195,canine,0,Healthy,0.2986,0.6995,0.0019,0.0000
Healthy/lyria__P0195__b12.png,Healthy,P0195,3rd molar,0,Healthy,0.0000,0.9997,0.0003,0.0000
Healthy/lyria__P0197__b0.png,Healthy,P0197,premolar,0,Healthy,0.0019,0.9981,0.0000,0.0000
Healthy/lyria__P0197__b1.png,Healthy,P0197,canine,0,Healthy,0.0000,1.0000,0.0000,0.0000
Healthy/lyria__P0197__b2.png,Healthy,P0197,incisor,0,Healthy,0.0006,0.9991,0.0002,0.0000
Healthy/lyria__P0197__b3.png,Healthy,P0197,incisor,0,Healthy,0.0000,0.9999,0.0000,0.0000
Healthy/lyria__P0197__b4.png,Healthy,P0197,incisor,0,Healthy,0.0003,0.9996,0.0000,0.0001
Healthy/lyria__P0197__b6.png,Healthy,P0197,canine,0,Healthy,0.0000,1.0000,0.0000,0.0000
Healthy/lyria__P0197__b7.png,Healthy,P0197,premolar,0,Healthy,0.0000,1.0000,0.0000,0.0000
Healthy/lyria__P0197__b8.png,Healthy,P0197,premolar,0,Healthy,0.0000,1.0000,0.0000,0.0000
Healthy/lyria__P0197__b9.png,Healthy,P0197,premolar,0,Healthy,0.0000,0.9999,0.0000,0.0000
Healthy/lyria__P0197__b10.png,Healthy,P0197,premolar,0,Healthy,0.0060,0.9940,0.0000,0.0000
Healthy/lyria__P0197__b11.png,Healthy,P0197,canine,0,Healthy,0.0001,0.9999,0.0000,0.0000
Healthy/lyria__P0197__b12.png,Healthy,P0197,incisor,0,Healthy,0.0002,0.9993,0.0002,0.0003
Healthy/lyria__P0197__b14.png,Healthy,P0197,incisor,0,Healthy,0.0000,0.9999,0.0000,0.0001
Healthy/lyria__P0197__b15.png,Healthy,P0197,canine,0,Healthy,0.0000,1.0000,0.0000,0.0000
Healthy/lyria__P0197__b16.png,Healthy,P0197,premolar,0,Healthy,0.0000,1.0000,0.0000,0.0000
Healthy/lyria__P0197__b17.png,Healthy,P0197,premolar,0,Healthy,0.0000,1.0000,0.0000,0.0000
Healthy/lyria__P0019__b0.png,Healthy,P0019,canine,0,Healthy,0.0883,0.7722,0.0002,0.1393
Healthy/lyria__P0019__b2.png,Healthy,P0019,incisor,0,Healthy,0.0001,0.9990,0.0000,0.0009
Healthy/lyria__P0019__b3.png,Healthy,P0019,incisor,0,Healthy,0.0000,0.9986,0.0000,0.0014
Healthy/lyria__P0019__b5.png,Healthy,P0019,canine,0,Healthy,0.0000,0.9999,0.0000,0.0001
Healthy/lyria__P0200__b0.png,Healthy,P0200,canine,0,Healthy,0.0001,0.9988,0.0003,0.0007
Healthy/lyria__P0200__b1.png,Healthy,P0200,incisor,0,Healthy,0.0000,1.0000,0.0000,0.0000
Healthy/lyria__P0200__b2.png,Healthy,P0200,incisor,0,Healthy,0.0000,0.9999,0.0000,0.0001
Healthy/lyria__P0200__b3.png,Healthy,P0200,incisor,0,Healthy,0.0000,0.9999,0.0000,0.0001
Healthy/lyria__P0200__b4.png,Healthy,P0200,incisor,0,Healthy,0.0000,1.0000,0.0000,0.0000
Healthy/lyria__P0200__b6.png,Healthy,P0200,2nd molar,0,Healthy,0.0031,0.8940,0.1028,0.0001
Healthy/lyria__P0200__b8.png,Healthy,P0200,premolar,0,Healthy,0.0000,1.0000,0.0000,0.0000
Healthy/lyria__P0200__b9.png,Healthy,P0200,canine,0,Healthy,0.0000,0.9999,0.0000,0.0000
Healthy/lyria__P0200__b10.png,Healthy,P0200,incisor,0,Healthy,0.0000,1.0000,0.0000,0.0000
Healthy/lyria__P0200__b11.png,Healthy,P0200,incisor,0,Healthy,0.0000,0.9997,0.0000,0.0003
Healthy/lyria__P0200__b12.png,Healthy,P0200,incisor,0,Healthy,0.0001,0.9999,0.0000,0.0000
Healthy/lyria__P0200__b13.png,Healthy,P0200,canine,0,Healthy,0.0000,1.0000,0.0000,0.0000
Healthy/lyria__P0200__b14.png,Healthy,P0200,premolar,0,Healthy,0.0014,0.9958,0.0002,0.0027
Healthy/lyria__P0200__b15.png,Healthy,P0200,premolar,0,Healthy,0.0108,0.9889,0.0001,0.0002
Healthy/lyria__P0201__b0.png,Healthy,P0201,incisor,0,Healthy,0.0276,0.9717,0.0000,0.0006
Healthy/lyria__P0201__b1.png,Healthy,P0201,incisor,0,Healthy,0.0005,0.9989,0.0000,0.0006
Healthy/lyria__P0201__b2.png,Healthy,P0201,incisor,0,Healthy,0.0000,0.9997,0.0000,0.0003
Healthy/lyria__P0201__b3.png,Healthy,P0201,incisor,0,Healthy,0.0001,0.9996,0.0000,0.0003
Healthy/lyria__P0201__b4.png,Healthy,P0201,incisor,0,Healthy,0.0000,0.9998,0.0002,0.0000
Healthy/lyria__P0201__b6.png,Healthy,P0201,premolar,0,Healthy,0.0000,1.0000,0.0000,0.0000
Healthy/lyria__P0203__b0.png,Healthy,P0203,canine,0,Healthy,0.0008,0.9987,0.0000,0.0005
Healthy/lyria__P0203__b1.png,Healthy,P0203,incisor,0,Healthy,0.0001,0.9997,0.0000,0.0002
Healthy/lyria__P0203__b2.png,Healthy,P0203,incisor,0,Healthy,0.0012,0.9988,0.0000,0.0000
Healthy/lyria__P0203__b3.png,Healthy,P0203,incisor,0,Healthy,0.0000,0.9999,0.0000,0.0001
Healthy/lyria__P0203__b4.png,Healthy,P0203,canine,0,Healthy,0.0000,0.9999,0.0000,0.0001
Healthy/lyria__P0203__b5.png,Healthy,P0203,2nd molar,0,Healthy,0.0046,0.9951,0.0002,0.0001
Healthy/lyria__P0203__b6.png,Healthy,P0203,premolar,0,Healthy,0.0000,0.9996,0.0004,0.0000
Healthy/lyria__P0203__b7.png,Healthy,P0203,premolar,0,Healthy,0.0000,1.0000,0.0000,0.0000
Healthy/lyria__P0203__b9.png,Healthy,P0203,incisor,0,Healthy,0.0001,0.9999,0.0000,0.0000
Healthy/lyria__P0203__b10.png,Healthy,P0203,incisor,0,Healthy,0.0001,0.9997,0.0001,0.0002
Healthy/lyria__P0203__b11.png,Healthy,P0203,incisor,0,Healthy,0.0001,0.9997,0.0000,0.0003
Healthy/lyria__P0203__b12.png,Healthy,P0203,incisor,0,Healthy,0.0198,0.9799,0.0000,0.0003
Healthy/lyria__P0203__b14.png,Healthy,P0203,premolar,0,Healthy,0.0002,0.9998,0.0000,0.0000
Healthy/lyria__P0204__b0.png,Healthy,P0204,premolar,0,Healthy,0.2717,0.7271,0.0000,0.0012
Healthy/lyria__P0204__b1.png,Healthy,P0204,premolar,0,Healthy,0.0148,0.9844,0.0000,0.0008
Healthy/lyria__P0204__b2.png,Healthy,P0204,canine,0,Healthy,0.0116,0.9882,0.0000,0.0002
Healthy/lyria__P0204__b4.png,Healthy,P0204,incisor,0,Healthy,0.0000,0.9979,0.0000,0.0021
Healthy/lyria__P0204__b5.png,Healthy,P0204,incisor,0,Healthy,0.0000,0.9977,0.0000,0.0022
Healthy/lyria__P0204__b6.png,Healthy,P0204,incisor,0,Healthy,0.0000,0.9999,0.0000,0.0000
Healthy/lyria__P0204__b7.png,Healthy,P0204,canine,0,Healthy,0.3020,0.6978,0.0000,0.0002
Healthy/lyria__P0204__b8.png,Healthy,P0204,canine,0,Healthy,0.0000,1.0000,0.0000,0.0000
Healthy/lyria__P0204__b9.png,Healthy,P0204,incisor,0,Healthy,0.0000,1.0000,0.0000,0.0000
Healthy/lyria__P0204__b10.png,Healthy,P0204,incisor,0,Healthy,0.0000,0.9998,0.0000,0.0002
Healthy/lyria__P0204__b11.png,Healthy,P0204,incisor,0,Healthy,0.0097,0.9897,0.0000,0.0006
Healthy/lyria__P0204__b12.png,Healthy,P0204,incisor,0,Healthy,0.0000,0.9985,0.0000,0.0014
Healthy/lyria__P0205__b0.png,Healthy,P0205,incisor,0,Healthy,0.0000,0.9999,0.0000,0.0000
Healthy/lyria__P0205__b2.png,Healthy,P0205,incisor,0,Healthy,0.0000,0.9999,0.0000,0.0001
Healthy/lyria__P0205__b3.png,Healthy,P0205,incisor,0,Healthy,0.0000,0.9995,0.0000,0.0005
Healthy/lyria__P0206__b0.png,Healthy,P0206,3rd molar,0,Healthy,0.0000,1.0000,0.0000,0.0000
Healthy/lyria__P0206__b1.png,Healthy,P0206,canine,0,Healthy,0.0001,0.9998,0.0000,0.0000
Healthy/lyria__P0206__b2.png,Healthy,P0206,2nd molar,0,Healthy,0.0095,0.9875,0.0012,0.0019
Healthy/lyria__P0206__b4.png,Healthy,P0206,premolar,0,Healthy,0.0000,1.0000,0.0000,0.0000
Healthy/lyria__P0206__b5.png,Healthy,P0206,canine,0,Healthy,0.0000,1.0000,0.0000,0.0000
Healthy/lyria__P0206__b7.png,Healthy,P0206,incisor,0,Healthy,0.0000,0.9998,0.0000,0.0002
Healthy/lyria__P0206__b8.png,Healthy,P0206,incisor,0,Healthy,0.0000,0.9999,0.0000,0.0001
Healthy/lyria__P0206__b9.png,Healthy,P0206,canine,0,Healthy,0.0000,1.0000,0.0000,0.0000
Healthy/lyria__P0206__b10.png,Healthy,P0206,premolar,0,Healthy,0.0029,0.9971,0.0000,0.0000
Healthy/lyria__P0206__b11.png,Healthy,P0206,3rd molar,0,Healthy,0.0000,0.9999,0.0001,0.0000
Healthy/lyria__P0208__b0.png,Healthy,P0208,canine,0,Healthy,0.3573,0.6426,0.0001,0.0000
Healthy/lyria__P0208__b1.png,Healthy,P0208,canine,0,Healthy,0.0000,0.9999,0.0000,0.0000
Healthy/lyria__P0208__b2.png,Healthy,P0208,canine,0,Healthy,0.0000,1.0000,0.0000,0.0000
Healthy/lyria__P0210__b1.png,Healthy,P0210,3rd molar,0,Healthy,0.0532,0.9432,0.0036,0.0001
Healthy/lyria__P0211__b0.png,Healthy,P0211,canine,0,Healthy,0.0000,1.0000,0.0000,0.0000
Healthy/lyria__P0211__b2.png,Healthy,P0211,incisor,0,Healthy,0.0000,1.0000,0.0000,0.0000
Healthy/lyria__P0211__b3.png,Healthy,P0211,incisor,0,Healthy,0.0000,1.0000,0.0000,0.0000
Healthy/lyria__P0211__b4.png,Healthy,P0211,incisor,0,Healthy,0.0000,1.0000,0.0000,0.0000
Healthy/lyria__P0211__b5.png,Healthy,P0211,canine,0,Healthy,0.0000,0.9993,0.0007,0.0000
Healthy/lyria__P0212__b0.png,Healthy,P0212,premolar,0,Healthy,0.0000,1.0000,0.0000,0.0000
Healthy/lyria__P0212__b1.png,Healthy,P0212,incisor,0,Healthy,0.0001,0.9996,0.0000,0.0003
Healthy/lyria__P0212__b2.png,Healthy,P0212,incisor,0,Healthy,0.0009,0.9990,0.0000,0.0000
Healthy/lyria__P0212__b3.png,Healthy,P0212,incisor,0,Healthy,0.0000,0.9993,0.0000,0.0007
Healthy/lyria__P0214__b0.png,Healthy,P0214,premolar,0,Healthy,0.0003,0.9996,0.0000,0.0000
Healthy/lyria__P0214__b2.png,Healthy,P0214,incisor,0,Healthy,0.0003,0.9996,0.0000,0.0000
Healthy/lyria__P0214__b3.png,Healthy,P0214,incisor,0,Healthy,0.0000,1.0000,0.0000,0.0000
Healthy/lyria__P0214__b4.png,Healthy,P0214,incisor,0,Healthy,0.0000,0.9999,0.0000,0.0001
Healthy/lyria__P0214__b5.png,Healthy,P0214,incisor,0,Healthy,0.0000,1.0000,0.0000,0.0000
Healthy/lyria__P0214__b6.png,Healthy,P0214,canine,0,Healthy,0.0003,0.9997,0.0000,0.0000
Healthy/lyria__P0214__b7.png,Healthy,P0214,premolar,0,Healthy,0.0004,0.9996,0.0000,0.0000
Healthy/lyria__P0215__b0.png,Healthy,P0215,canine,0,Healthy,0.1807,0.8155,0.0037,0.0001
Healthy/lyria__P0215__b1.png,Healthy,P0215,incisor,0,Healthy,0.0009,0.9968,0.0021,0.0002
Healthy/lyria__P0215__b2.png,Healthy,P0215,incisor,0,Healthy,0.0001,0.9999,0.0000,0.0000
Healthy/lyria__P0215__b4.png,Healthy,P0215,premolar,0,Healthy,0.0009,0.9990,0.0001,0.0001
Healthy/lyria__P0215__b5.png,Healthy,P0215,canine,0,Healthy,0.0002,0.9998,0.0000,0.0000
Healthy/lyria__P0215__b6.png,Healthy,P0215,incisor,0,Healthy,0.0000,1.0000,0.0000,0.0000
Healthy/lyria__P0215__b8.png,Healthy,P0215,incisor,0,Healthy,0.0005,0.9995,0.0001,0.0000
Healthy/lyria__P0215__b9.png,Healthy,P0215,incisor,0,Healthy,0.0001,0.9991,0.0008,0.0000
Healthy/lyria__P0215__b10.png,Healthy,P0215,canine,0,Healthy,0.0007,0.9985,0.0007,0.0001
Healthy/lyria__P0215__b11.png,Healthy,P0215,premolar,0,Healthy,0.0010,0.9979,0.0008,0.0004
Healthy/lyria__P0215__b12.png,Healthy,P0215,premolar,0,Healthy,0.0854,0.7170,0.1974,0.0002
Healthy/lyria__P0217__b0.png,Healthy,P0217,canine,0,Healthy,0.0151,0.9847,0.0000,0.0001
Healthy/lyria__P0217__b1.png,Healthy,P0217,incisor,0,Healthy,0.0001,0.9996,0.0000,0.0003
Healthy/lyria__P0217__b2.png,Healthy,P0217,incisor,0,Healthy,0.0000,1.0000,0.0000,0.0000
Healthy/lyria__P0217__b3.png,Healthy,P0217,incisor,0,Healthy,0.0000,1.0000,0.0000,0.0000
Healthy/lyria__P0217__b5.png,Healthy,P0217,canine,0,Healthy,0.0000,1.0000,0.0000,0.0000
Healthy/lyria__P0217__b6.png,Healthy,P0217,premolar,0,Healthy,0.0173,0.9827,0.0000,0.0000
Healthy/lyria__P0217__b7.png,Healthy,P0217,canine,0,Healthy,0.0000,1.0000,0.0000,0.0000
Healthy/lyria__P0217__b8.png,Healthy,P0217,incisor,0,Healthy,0.0000,1.0000,0.0000,0.0000
Healthy/lyria__P0217__b9.png,Healthy,P0217,incisor,0,Healthy,0.0000,0.9997,0.0000,0.0003
Healthy/lyria__P0217__b10.png,Healthy,P0217,incisor,0,Healthy,0.0000,0.9999,0.0000,0.0001
Healthy/lyria__P0217__b11.png,Healthy,P0217,incisor,0,Healthy,0.0000,0.9999,0.0000,0.0000
Healthy/lyria__P0217__b12.png,Healthy,P0217,canine,0,Healthy,0.0000,1.0000,0.0000,0.0000
Healthy/lyria__P0217__b13.png,Healthy,P0217,premolar,0,Healthy,0.0012,0.9988,0.0000,0.0000
Healthy/lyria__P0219__b0.png,Healthy,P0219,canine,0,Healthy,0.3061,0.6934,0.0000,0.0004
Healthy/lyria__P0219__b1.png,Healthy,P0219,canine,0,Healthy,0.0000,0.9998,0.0000,0.0001
Healthy/lyria__P0219__b3.png,Healthy,P0219,incisor,0,Healthy,0.0000,1.0000,0.0000,0.0000
Healthy/lyria__P0219__b4.png,Healthy,P0219,incisor,0,Healthy,0.0000,0.9994,0.0006,0.0000
Healthy/lyria__P0219__b5.png,Healthy,P0219,incisor,0,Healthy,0.0000,1.0000,0.0000,0.0000
Healthy/lyria__P0220__b0.png,Healthy,P0220,3rd molar,0,Healthy,0.0002,0.9996,0.0001,0.0000
Healthy/lyria__P0220__b1.png,Healthy,P0220,1st molar,0,Healthy,0.0001,0.9999,0.0000,0.0000
Healthy/lyria__P0220__b2.png,Healthy,P0220,premolar,0,Healthy,0.1053,0.8946,0.0000,0.0000
Healthy/lyria__P0220__b3.png,Healthy,P0220,premolar,0,Healthy,0.0111,0.9889,0.0000,0.0000
Healthy/lyria__P0220__b4.png,Healthy,P0220,canine,0,Healthy,0.0162,0.9838,0.0000,0.0000
Healthy/lyria__P0220__b5.png,Healthy,P0220,incisor,0,Healthy,0.0001,0.9999,0.0000,0.0000
Healthy/lyria__P0220__b6.png,Healthy,P0220,incisor,0,Healthy,0.0000,0.9999,0.0000,0.0000
Healthy/lyria__P0220__b7.png,Healthy,P0220,incisor,0,Healthy,0.0000,1.0000,0.0000,0.0000
Healthy/lyria__P0220__b8.png,Healthy,P0220,incisor,0,Healthy,0.0000,1.0000,0.0000,0.0000
Healthy/lyria__P0220__b9.png,Healthy,P0220,canine,0,Healthy,0.0005,0.9995,0.0000,0.0000
Healthy/lyria__P0220__b10.png,Healthy,P0220,canine,0,Healthy,0.0000,1.0000,0.0000,0.0000
Healthy/lyria__P0220__b12.png,Healthy,P0220,incisor,0,Healthy,0.0000,1.0000,0.0000,0.0000
Healthy/lyria__P0220__b13.png,Healthy,P0220,incisor,0,Healthy,0.0000,0.9999,0.0001,0.0000
Healthy/lyria__P0220__b14.png,Healthy,P0220,incisor,0,Healthy,0.0000,0.9997,0.0002,0.0000
Healthy/lyria__P0220__b15.png,Healthy,P0220,canine,0,Healthy,0.0000,1.0000,0.0000,0.0000
Healthy/lyria__P0220__b16.png,Healthy,P0220,premolar,0,Healthy,0.0000,1.0000,0.0000,0.0000
Healthy/lyria__P0221__b0.png,Healthy,P0221,3rd molar,0,Healthy,0.0000,0.9995,0.0004,0.0000
Healthy/lyria__P0221__b1.png,Healthy,P0221,3rd molar,0,Healthy,0.0004,0.5555,0.4441,0.0001
Healthy/lyria__P0221__b2.png,Healthy,P0221,premolar,0,Healthy,0.0001,0.9999,0.0000,0.0000
Healthy/lyria__P0221__b3.png,Healthy,P0221,premolar,0,Healthy,0.0000,1.0000,0.0000,0.0000
Healthy/lyria__P0221__b4.png,Healthy,P0221,canine,0,Healthy,0.0000,1.0000,0.0000,0.0000
Healthy/lyria__P0221__b5.png,Healthy,P0221,incisor,0,Healthy,0.0000,1.0000,0.0000,0.0000
Healthy/lyria__P0221__b8.png,Healthy,P0221,incisor,0,Healthy,0.0000,0.9999,0.0000,0.0000
Healthy/lyria__P0221__b9.png,Healthy,P0221,canine,0,Healthy,0.0000,1.0000,0.0000,0.0000
Healthy/lyria__P0221__b10.png,Healthy,P0221,premolar,0,Healthy,0.0000,1.0000,0.0000,0.0000
Healthy/lyria__P0221__b11.png,Healthy,P0221,premolar,0,Healthy,0.0005,0.9994,0.0000,0.0000
Healthy/lyria__P0223__b0.png,Healthy,P0223,premolar,0,Healthy,0.0216,0.9563,0.0007,0.0214
Healthy/lyria__P0223__b1.png,Healthy,P0223,canine,0,Healthy,0.0119,0.9881,0.0000,0.0000
Healthy/lyria__P0223__b2.png,Healthy,P0223,incisor,0,Healthy,0.0000,1.0000,0.0000,0.0000
Healthy/lyria__P0223__b3.png,Healthy,P0223,incisor,0,Healthy,0.0000,0.9998,0.0001,0.0001
Healthy/lyria__P0223__b4.png,Healthy,P0223,incisor,0,Healthy,0.0000,1.0000,0.0000,0.0000
Healthy/lyria__P0223__b5.png,Healthy,P0223,incisor,0,Healthy,0.0000,0.9999,0.0000,0.0000
Healthy/lyria__P0223__b6.png,Healthy,P0223,canine,0,Healthy,0.0000,1.0000,0.0000,0.0000
Healthy/lyria__P0223__b8.png,Healthy,P0223,premolar,0,Healthy,0.0835,0.9163,0.0002,0.0000
Healthy/lyria__P0223__b9.png,Healthy,P0223,premolar,0,Healthy,0.0000,0.9999,0.0000,0.0000
Healthy/lyria__P0223__b10.png,Healthy,P0223,canine,0,Healthy,0.0000,1.0000,0.0000,0.0000
Healthy/lyria__P0223__b11.png,Healthy,P0223,incisor,0,Healthy,0.0000,0.9999,0.0001,0.0000
Healthy/lyria__P0223__b12.png,Healthy,P0223,incisor,0,Healthy,0.0000,0.9987,0.0000,0.0012
Healthy/lyria__P0223__b13.png,Healthy,P0223,incisor,0,Healthy,0.0000,1.0000,0.0000,0.0000
Healthy/lyria__P0223__b14.png,Healthy,P0223,incisor,0,Healthy,0.0000,1.0000,0.0000,0.0000
Healthy/lyria__P0223__b15.png,Healthy,P0223,canine,0,Healthy,0.0000,1.0000,0.0000,0.0000
Healthy/lyria__P0223__b16.png,Healthy,P0223,premolar,0,Healthy,0.0010,0.9990,0.0000,0.0000
Healthy/lyria__P0021__b0.png,Healthy,P0021,canine,0,Healthy,0.0180,0.9794,0.0000,0.0026
Healthy/lyria__P0021__b1.png,Healthy,P0021,incisor,0,Healthy,0.0000,0.9999,0.0000,0.0001
Healthy/lyria__P0021__b2.png,Healthy,P0021,incisor,0,Healthy,0.0000,0.9998,0.0000,0.0002
Healthy/lyria__P0021__b4.png,Healthy,P0021,canine,0,Healthy,0.0011,0.9987,0.0000,0.0002
Healthy/lyria__P0021__b5.png,Healthy,P0021,incisor,0,Healthy,0.0000,0.9999,0.0000,0.0001
Healthy/lyria__P0021__b6.png,Healthy,P0021,incisor,0,Healthy,0.0578,0.9179,0.0000,0.0244
Healthy/lyria__P0021__b7.png,Healthy,P0021,incisor,0,Healthy,0.0000,0.9994,0.0000,0.0006
Healthy/lyria__P0021__b9.png,Healthy,P0021,incisor,0,Healthy,0.0000,1.0000,0.0000,0.0000
Healthy/lyria__P0225__b0.png,Healthy,P0225,premolar,0,Healthy,0.0019,0.9959,0.0019,0.0002
Healthy/lyria__P0225__b1.png,Healthy,P0225,premolar,0,Healthy,0.0010,0.9989,0.0001,0.0000
Healthy/lyria__P0225__b2.png,Healthy,P0225,canine,0,Healthy,0.0000,0.9999,0.0000,0.0000
Healthy/lyria__P0225__b5.png,Healthy,P0225,incisor,0,Healthy,0.0000,0.9999,0.0000,0.0000
Healthy/lyria__P0225__b6.png,Healthy,P0225,incisor,0,Healthy,0.0000,0.9999,0.0000,0.0001
Healthy/lyria__P0225__b7.png,Healthy,P0225,canine,0,Healthy,0.0001,0.9998,0.0001,0.0000
Healthy/lyria__P0225__b8.png,Healthy,P0225,premolar,0,Healthy,0.0013,0.9976,0.0004,0.0007
Healthy/lyria__P0225__b9.png,Healthy,P0225,premolar,0,Healthy,0.0211,0.9620,0.0135,0.0034
Healthy/lyria__P0227__b0.png,Healthy,P0227,canine,0,Healthy,0.0000,1.0000,0.0000,0.0000
Healthy/lyria__P0227__b1.png,Healthy,P0227,incisor,0,Healthy,0.0000,1.0000,0.0000,0.0000
Healthy/lyria__P0227__b2.png,Healthy,P0227,incisor,0,Healthy,0.0000,1.0000,0.0000,0.0000
Healthy/lyria__P0227__b3.png,Healthy,P0227,incisor,0,Healthy,0.0000,1.0000,0.0000,0.0000
Healthy/lyria__P0227__b5.png,Healthy,P0227,canine,0,Healthy,0.0000,0.9999,0.0000,0.0001
Healthy/lyria__P0230__b1.png,Healthy,P0230,incisor,0,Healthy,0.0000,1.0000,0.0000,0.0000
Healthy/lyria__P0230__b2.png,Healthy,P0230,incisor,0,Healthy,0.0000,1.0000,0.0000,0.0000
Healthy/lyria__P0230__b4.png,Healthy,P0230,canine,0,Healthy,0.0000,1.0000,0.0000,0.0000
Healthy/lyria__P0231__b0.png,Healthy,P0231,3rd molar,0,Healthy,0.0005,0.9993,0.0002,0.0000
Healthy/lyria__P0231__b1.png,Healthy,P0231,premolar,0,Healthy,0.0003,0.9997,0.0000,0.0000
Healthy/lyria__P0231__b2.png,Healthy,P0231,premolar,0,Healthy,0.0000,1.0000,0.0000,0.0000
Healthy/lyria__P0231__b3.png,Healthy,P0231,canine,0,Healthy,0.0000,1.0000,0.0000,0.0000
Healthy/lyria__P0231__b4.png,Healthy,P0231,incisor,0,Healthy,0.0000,0.9998,0.0000,0.0001
Healthy/lyria__P0231__b7.png,Healthy,P0231,premolar,0,Healthy,0.3254,0.6746,0.0000,0.0000
Healthy/lyria__P0022__b1.png,Healthy,P0022,incisor,0,Healthy,0.0000,1.0000,0.0000,0.0000
Healthy/lyria__P0232__b1.png,Healthy,P0232,canine,0,Healthy,0.0032,0.9967,0.0000,0.0001
Healthy/lyria__P0232__b2.png,Healthy,P0232,canine,0,Healthy,0.0000,1.0000,0.0000,0.0000
Healthy/lyria__P0232__b4.png,Healthy,P0232,incisor,0,Healthy,0.0000,1.0000,0.0000,0.0000
Healthy/lyria__P0233__b0.png,Healthy,P0233,canine,0,Healthy,0.0001,0.9999,0.0000,0.0000
Healthy/lyria__P0233__b1.png,Healthy,P0233,incisor,0,Healthy,0.0000,1.0000,0.0000,0.0000
Healthy/lyria__P0233__b4.png,Healthy,P0233,incisor,0,Healthy,0.0000,0.9996,0.0002,0.0001
Healthy/lyria__P0233__b5.png,Healthy,P0233,canine,0,Healthy,0.0000,0.9918,0.0082,0.0000
Healthy/lyria__P0234__b1.png,Healthy,P0234,incisor,0,Healthy,0.0000,1.0000,0.0000,0.0000
Healthy/lyria__P0234__b2.png,Healthy,P0234,incisor,0,Healthy,0.0000,1.0000,0.0000,0.0000
Healthy/lyria__P0234__b3.png,Healthy,P0234,incisor,0,Healthy,0.0000,0.9998,0.0000,0.0002
Healthy/lyria__P0234__b4.png,Healthy,P0234,incisor,0,Healthy,0.0000,0.9998,0.0000,0.0002
Healthy/lyria__P0023__b0.png,Healthy,P0023,premolar,0,Healthy,0.0010,0.9970,0.0018,0.0002
Healthy/lyria__P0023__b1.png,Healthy,P0023,canine,0,Healthy,0.0000,0.9999,0.0000,0.0000
Healthy/lyria__P0023__b2.png,Healthy,P0023,incisor,0,Healthy,0.0000,0.9999,0.0000,0.0001
Healthy/lyria__P0023__b5.png,Healthy,P0023,canine,0,Healthy,0.0000,0.9851,0.0142,0.0007
Healthy/lyria__P0023__b6.png,Healthy,P0023,premolar,0,Healthy,0.0004,0.7655,0.2331,0.0009
Healthy/lyria__P0236__b1.png,Healthy,P0236,premolar,0,Healthy,0.0000,1.0000,0.0000,0.0000
Healthy/lyria__P0236__b2.png,Healthy,P0236,canine,0,Healthy,0.0000,1.0000,0.0000,0.0000
Healthy/lyria__P0236__b3.png,Healthy,P0236,incisor,0,Healthy,0.0000,1.0000,0.0000,0.0000
Healthy/lyria__P0236__b5.png,Healthy,P0236,incisor,0,Healthy,0.0000,0.9999,0.0000,0.0001
Healthy/lyria__P0236__b6.png,Healthy,P0236,incisor,0,Healthy,0.0000,1.0000,0.0000,0.0000
Healthy/lyria__P0236__b7.png,Healthy,P0236,canine,0,Healthy,0.0000,1.0000,0.0000,0.0000
Healthy/lyria__P0236__b8.png,Healthy,P0236,premolar,0,Healthy,0.0014,0.9986,0.0000,0.0000
Healthy/lyria__P0236__b9.png,Healthy,P0236,canine,0,Healthy,0.0000,0.9999,0.0000,0.0000
Healthy/lyria__P0236__b10.png,Healthy,P0236,incisor,0,Healthy,0.0000,1.0000,0.0000,0.0000
Healthy/lyria__P0236__b11.png,Healthy,P0236,canine,0,Healthy,0.0001,0.9998,0.0000,0.0001
Healthy/lyria__P0238__b1.png,Healthy,P0238,premolar,0,Healthy,0.0003,0.9996,0.0001,0.0000
Healthy/lyria__P0238__b2.png,Healthy,P0238,canine,0,Healthy,0.0000,0.9999,0.0000,0.0000
Healthy/lyria__P0238__b3.png,Healthy,P0238,incisor,0,Healthy,0.0000,1.0000,0.0000,0.0000
Healthy/lyria__P0238__b5.png,Healthy,P0238,incisor,0,Healthy,0.0000,1.0000,0.0000,0.0000
Healthy/lyria__P0238__b6.png,Healthy,P0238,incisor,0,Healthy,0.0000,0.9997,0.0002,0.0001
Healthy/lyria__P0238__b7.png,Healthy,P0238,canine,0,Healthy,0.0000,1.0000,0.0000,0.0000
Healthy/lyria__P0238__b8.png,Healthy,P0238,premolar,0,Healthy,0.0000,1.0000,0.0000,0.0000
Healthy/lyria__P0239__b0.png,Healthy,P0239,canine,0,Healthy,0.0560,0.9440,0.0000,0.0000
Healthy/lyria__P0239__b1.png,Healthy,P0239,incisor,0,Healthy,0.2174,0.7788,0.0001,0.0037
Healthy/lyria__P0239__b3.png,Healthy,P0239,canine,0,Healthy,0.0000,1.0000,0.0000,0.0000
Healthy/lyria__P0239__b4.png,Healthy,P0239,incisor,0,Healthy,0.0000,1.0000,0.0000,0.0000
Healthy/lyria__P0239__b5.png,Healthy,P0239,incisor,0,Healthy,0.0000,1.0000,0.0000,0.0000
Healthy/lyria__P0239__b7.png,Healthy,P0239,incisor,0,Healthy,0.0000,1.0000,0.0000,0.0000
Healthy/lyria__P0239__b8.png,Healthy,P0239,canine,0,Healthy,0.0000,1.0000,0.0000,0.0000
Healthy/lyria__P0239__b9.png,Healthy,P0239,premolar,0,Healthy,0.0000,1.0000,0.0000,0.0000
Healthy/lyria__P0240__b0.png,Healthy,P0240,1st molar,0,Healthy,0.0008,0.9987,0.0000,0.0005
Healthy/lyria__P0240__b1.png,Healthy,P0240,premolar,0,Healthy,0.0010,0.9989,0.0000,0.0001
Healthy/lyria__P0240__b2.png,Healthy,P0240,canine,0,Healthy,0.0003,0.9997,0.0000,0.0000
Healthy/lyria__P0240__b4.png,Healthy,P0240,incisor,0,Healthy,0.0000,0.9999,0.0000,0.0000
Healthy/lyria__P0240__b5.png,Healthy,P0240,incisor,0,Healthy,0.0000,1.0000,0.0000,0.0000
Healthy/lyria__P0240__b6.png,Healthy,P0240,canine,0,Healthy,0.0002,0.9998,0.0000,0.0000
Healthy/lyria__P0240__b8.png,Healthy,P0240,2nd molar,0,Healthy,0.0000,1.0000,0.0000,0.0000
Healthy/lyria__P0240__b9.png,Healthy,P0240,3rd molar,0,Healthy,0.0000,1.0000,0.0000,0.0000
Healthy/lyria__P0240__b10.png,Healthy,P0240,3rd molar,0,Healthy,0.0000,0.9999,0.0001,0.0000
Healthy/lyria__P0240__b11.png,Healthy,P0240,premolar,0,Healthy,0.0001,0.9995,0.0004,0.0000
Healthy/lyria__P0240__b12.png,Healthy,P0240,premolar,0,Healthy,0.0000,1.0000,0.0000,0.0000
Healthy/lyria__P0240__b13.png,Healthy,P0240,canine,0,Healthy,0.0000,1.0000,0.0000,0.0000
Healthy/lyria__P0240__b14.png,Healthy,P0240,incisor,0,Healthy,0.0000,1.0000,0.0000,0.0000
Healthy/lyria__P0240__b15.png,Healthy,P0240,incisor,0,Healthy,0.0000,0.9999,0.0001,0.0000
Healthy/lyria__P0240__b16.png,Healthy,P0240,incisor,0,Healthy,0.0000,1.0000,0.0000,0.0000
Healthy/lyria__P0240__b17.png,Healthy,P0240,incisor,0,Healthy,0.0000,1.0000,0.0000,0.0000
Healthy/lyria__P0240__b18.png,Healthy,P0240,canine,0,Healthy,0.0000,1.0000,0.0000,0.0000
Healthy/lyria__P0240__b19.png,Healthy,P0240,premolar,0,Healthy,0.0000,1.0000,0.0000,0.0000
Healthy/lyria__P0240__b20.png,Healthy,P0240,premolar,0,Healthy,0.0000,1.0000,0.0000,0.0000
Healthy/lyria__P0240__b21.png,Healthy,P0240,2nd molar,0,Healthy,0.0000,1.0000,0.0000,0.0000
Healthy/lyria__P0240__b22.png,Healthy,P0240,3rd molar,0,Healthy,0.0002,0.9743,0.0245,0.0011
Healthy/lyria__P0241__b1.png,Healthy,P0241,incisor,0,Healthy,0.0000,0.9999,0.0000,0.0001
Healthy/lyria__P0241__b2.png,Healthy,P0241,incisor,0,Healthy,0.0000,0.9991,0.0000,0.0008
Healthy/lyria__P0241__b3.png,Healthy,P0241,canine,0,Healthy,0.2705,0.7295,0.0000,0.0001
Healthy/lyria__P0241__b4.png,Healthy,P0241,canine,0,Healthy,0.0000,1.0000,0.0000,0.0000
Healthy/lyria__P0241__b5.png,Healthy,P0241,incisor,0,Healthy,0.0000,1.0000,0.0000,0.0000
Healthy/lyria__P0241__b6.png,Healthy,P0241,incisor,0,Healthy,0.0000,1.0000,0.0000,0.0000
Healthy/lyria__P0241__b8.png,Healthy,P0241,incisor,0,Healthy,0.0000,1.0000,0.0000,0.0000
Healthy/lyria__P0242__b2.png,Healthy,P0242,incisor,0,Healthy,0.0001,0.9985,0.0006,0.0008
Healthy/lyria__P0245__b0.png,Healthy,P0245,2nd molar,0,Healthy,0.0000,0.9985,0.0015,0.0000
Healthy/lyria__P0245__b1.png,Healthy,P0245,1st molar,0,Healthy,0.0000,1.0000,0.0000,0.0000
Healthy/lyria__P0245__b2.png,Healthy,P0245,2nd molar,0,Healthy,0.0000,1.0000,0.0000,0.0000
Healthy/lyria__P0245__b3.png,Healthy,P0245,premolar,0,Endodontics,0.9412,0.0586,0.0002,0.0000
Healthy/lyria__P0245__b4.png,Healthy,P0245,premolar,0,Healthy,0.0000,1.0000,0.0000,0.0000
Healthy/lyria__P0245__b5.png,Healthy,P0245,canine,0,Healthy,0.0000,1.0000,0.0000,0.0000
Healthy/lyria__P0245__b6.png,Healthy,P0245,incisor,0,Healthy,0.0000,1.0000,0.0000,0.0000
Healthy/lyria__P0245__b7.png,Healthy,P0245,incisor,0,Healthy,0.0000,0.9998,0.0000,0.0001
Healthy/lyria__P0245__b8.png,Healthy,P0245,incisor,0,Healthy,0.0000,0.9999,0.0001,0.0000
Healthy/lyria__P0245__b9.png,Healthy,P0245,incisor,0,Healthy,0.0000,0.9996,0.0004,0.0000
Healthy/lyria__P0245__b10.png,Healthy,P0245,canine,0,Healthy,0.0000,1.0000,0.0000,0.0000
Healthy/lyria__P0245__b12.png,Healthy,P0245,2nd molar,0,Healthy,0.0000,0.9908,0.0092,0.0000
Healthy/lyria__P0249__b0.png,Healthy,P0249,incisor,0,Healthy,0.0001,0.9999,0.0000,0.0000
Healthy/lyria__P0024__b1.png,Healthy,P0024,2nd molar,0,Healthy,0.0078,0.5035,0.4887,0.0000
Healthy/lyria__P0024__b3.png,Healthy,P0024,canine,0,Healthy,0.0000,1.0000,0.0000,0.0000
Healthy/lyria__P0024__b4.png,Healthy,P0024,canine,0,Healthy,0.0000,1.0000,0.0000,0.0000
Healthy/lyria__P0024__b5.png,Healthy,P0024,3rd molar,0,Healthy,0.0182,0.6609,0.3208,0.0001
Healthy/lyria__P0251__b0.png,Healthy,P0251,canine,0,Healthy,0.0007,0.9993,0.0000,0.0000
Healthy/lyria__P0251__b1.png,Healthy,P0251,canine,0,Healthy,0.0000,1.0000,0.0000,0.0000
Healthy/lyria__P0251__b3.png,Healthy,P0251,canine,0,Healthy,0.0000,1.0000,0.0000,0.0000
Healthy/lyria__P0251__b4.png,Healthy,P0251,premolar,0,Healthy,0.0994,0.9004,0.0000,0.0002
Healthy/lyria__P0251__b5.png,Healthy,P0251,canine,0,Healthy,0.0001,0.9999,0.0000,0.0000
Healthy/lyria__P0252__b0.png,Healthy,P0252,canine,0,Healthy,0.0044,0.9950,0.0005,0.0000
Healthy/lyria__P0252__b1.png,Healthy,P0252,incisor,0,Healthy,0.0000,0.9997,0.0002,0.0001
Healthy/lyria__P0252__b2.png,Healthy,P0252,incisor,0,Healthy,0.0000,0.9998,0.0002,0.0000
Healthy/lyria__P0252__b3.png,Healthy,P0252,incisor,0,Healthy,0.0003,0.9917,0.0079,0.0000
Healthy/lyria__P0252__b4.png,Healthy,P0252,incisor,0,Healthy,0.0004,0.9993,0.0003,0.0000
Healthy/lyria__P0253__b0.png,Healthy,P0253,2nd molar,0,Healthy,0.0000,1.0000,0.0000,0.0000
Healthy/lyria__P0253__b1.png,Healthy,P0253,3rd molar,0,Healthy,0.0000,0.9999,0.0001,0.0000
Healthy/lyria__P0253__b2.png,Healthy,P0253,3rd molar,0,Healthy,0.0022,0.8780,0.1197,0.0001
Healthy/lyria__P0253__b3.png,Healthy,P0253,2nd molar,0,Healthy,0.0000,1.0000,0.0000,0.0000
Healthy/lyria__P0253__b4.png,Healthy,P0253,1st molar,0,Healthy,0.0000,1.0000,0.0000,0.0000
Healthy/lyria__P0253__b5.png,Healthy,P0253,premolar,0,Healthy,0.0000,1.0000,0.0000,0.0000
Healthy/lyria__P0253__b6.png,Healthy,P0253,premolar,0,Healthy,0.0001,0.9999,0.0000,0.0000
Healthy/lyria__P0253__b7.png,Healthy,P0253,premolar,0,Healthy,0.0000,0.9998,0.0000,0.0002
Healthy/lyria__P0253__b8.png,Healthy,P0253,premolar,0,Healthy,0.0000,1.0000,0.0000,0.0000
Healthy/lyria__P0253__b9.png,Healthy,P0253,canine,0,Healthy,0.0000,1.0000,0.0000,0.0000
Healthy/lyria__P0253__b10.png,Healthy,P0253,incisor,0,Healthy,0.0000,1.0000,0.0000,0.0000
Healthy/lyria__P0253__b11.png,Healthy,P0253,incisor,0,Healthy,0.0001,0.9998,0.0001,0.0000
Healthy/lyria__P0253__b12.png,Healthy,P0253,incisor,0,Healthy,0.0001,0.9998,0.0001,0.0000
Healthy/lyria__P0253__b13.png,Healthy,P0253,incisor,0,Healthy,0.0001,0.9999,0.0000,0.0000
Healthy/lyria__P0253__b14.png,Healthy,P0253,2nd molar,0,Healthy,0.0000,1.0000,0.0000,0.0000
Healthy/lyria__P0253__b15.png,Healthy,P0253,premolar,0,Healthy,0.0278,0.9717,0.0003,0.0001
Healthy/lyria__P0253__b16.png,Healthy,P0253,premolar,0,Healthy,0.0327,0.9670,0.0003,0.0000
Healthy/lyria__P0253__b17.png,Healthy,P0253,canine,0,Healthy,0.0000,1.0000,0.0000,0.0000
Healthy/lyria__P0253__b18.png,Healthy,P0253,incisor,0,Healthy,0.0000,1.0000,0.0000,0.0000
Healthy/lyria__P0253__b19.png,Healthy,P0253,incisor,0,Healthy,0.0000,1.0000,0.0000,0.0000
Healthy/lyria__P0253__b20.png,Healthy,P0253,incisor,0,Healthy,0.0000,1.0000,0.0000,0.0000
Healthy/lyria__P0253__b22.png,Healthy,P0253,canine,0,Healthy,0.0000,1.0000,0.0000,0.0000
Healthy/lyria__P0253__b23.png,Healthy,P0253,premolar,0,Healthy,0.0000,1.0000,0.0000,0.0000
Healthy/lyria__P0253__b24.png,Healthy,P0253,premolar,0,Healthy,0.0000,1.0000,0.0000,0.0000
Healthy/lyria__P0253__b25.png,Healthy,P0253,1st molar,0,Healthy,0.0000,0.9999,0.0001,0.0000
Healthy/lyria__P0253__b26.png,Healthy,P0253,3rd molar,0,Healthy,0.0006,0.9557,0.0436,0.0000
Healthy/lyria__P0254__b0.png,Healthy,P0254,1st molar,0,Healthy,0.0005,0.9544,0.0451,0.0000
Healthy/lyria__P0254__b2.png,Healthy,P0254,premolar,0,Healthy,0.0006,0.9994,0.0000,0.0000
Healthy/lyria__P0254__b3.png,Healthy,P0254,incisor,0,Healthy,0.0000,1.0000,0.0000,0.0000
Healthy/lyria__P0254__b4.png,Healthy,P0254,incisor,0,Healthy,0.0000,1.0000,0.0000,0.0000
Healthy/lyria__P0254__b5.png,Healthy,P0254,canine,0,Healthy,0.0005,0.9995,0.0000,0.0000
Healthy/lyria__P0254__b6.png,Healthy,P0254,premolar,0,Healthy,0.0018,0.9786,0.0180,0.0016
Healthy/lyria__P0254__b7.png,Healthy,P0254,incisor,0,Healthy,0.0001,0.9998,0.0000,0.0001
Healthy/lyria__P0254__b8.png,Healthy,P0254,incisor,0,Healthy,0.0000,1.0000,0.0000,0.0000
Healthy/lyria__P0254__b9.png,Healthy,P0254,incisor,0,Healthy,0.0000,1.0000,0.0000,0.0000
Healthy/lyria__P0254__b10.png,Healthy,P0254,incisor,0,Healthy,0.0000,0.9985,0.0000,0.0014
Healthy/lyria__P0254__b12.png,Healthy,P0254,premolar,0,Healthy,0.2724,0.7265,0.0003,0.0008
Healthy/lyria__P0254__b13.png,Healthy,P0254,premolar,0,Healthy,0.0000,0.9999,0.0000,0.0000
Healthy/lyria__P0256__b0.png,Healthy,P0256,incisor,0,Healthy,0.0005,0.9993,0.0002,0.0000
Healthy/lyria__P0256__b2.png,Healthy,P0256,incisor,0,Healthy,0.0000,0.9999,0.0000,0.0001
Healthy/lyria__P0256__b3.png,Healthy,P0256,incisor,0,Healthy,0.0006,0.9994,0.0000,0.0000
Healthy/lyria__P0256__b5.png,Healthy,P0256,premolar,0,Healthy,0.0003,0.9996,0.0001,0.0000
Healthy/lyria__P0256__b6.png,Healthy,P0256,premolar,0,Healthy,0.0036,0.9962,0.0001,0.0000
Healthy/lyria__P0256__b7.png,Healthy,P0256,canine,0,Healthy,0.0041,0.9959,0.0000,0.0000
Healthy/lyria__P0026__b0.png,Healthy,P0026,3rd molar,0,Healthy,0.0000,1.0000,0.0000,0.0000
Healthy/lyria__P0026__b1.png,Healthy,P0026,premolar,0,Healthy,0.0005,0.9995,0.0000,0.0000
Healthy/lyria__P0026__b2.png,Healthy,P0026,canine,0,Healthy,0.0000,1.0000,0.0000,0.0000
Healthy/lyria__P0026__b3.png,Healthy,P0026,incisor,0,Healthy,0.0000,0.9998,0.0000,0.0002
Healthy/lyria__P0026__b4.png,Healthy,P0026,incisor,0,Healthy,0.0002,0.9978,0.0000,0.0020
Healthy/lyria__P0026__b5.png,Healthy,P0026,incisor,0,Healthy,0.0001,0.9963,0.0000,0.0036
Healthy/lyria__P0026__b8.png,Healthy,P0026,premolar,0,Healthy,0.0034,0.9965,0.0000,0.0001
Healthy/lyria__P0026__b9.png,Healthy,P0026,1st molar,0,Healthy,0.0000,0.9894,0.0106,0.0000
Healthy/lyria__P0026__b10.png,Healthy,P0026,3rd molar,0,Healthy,0.0000,0.9999,0.0001,0.0000
Healthy/lyria__P0026__b11.png,Healthy,P0026,3rd molar,0,Healthy,0.0000,0.9738,0.0262,0.0000
Healthy/lyria__P0026__b12.png,Healthy,P0026,1st molar,0,Healthy,0.0000,1.0000,0.0000,0.0000
Healthy/lyria__P0026__b13.png,Healthy,P0026,premolar,0,Healthy,0.0000,0.9997,0.0003,0.0000
Healthy/lyria__P0026__b14.png,Healthy,P0026,premolar,0,Healthy,0.0000,0.9999,0.0001,0.0000
Healthy/lyria__P0026__b15.png,Healthy,P0026,canine,0,Healthy,0.0000,1.0000,0.0000,0.0000
Healthy/lyria__P0026__b16.png,Healthy,P0026,incisor,0,Healthy,0.0000,0.9998,0.0001,0.0001
Healthy/lyria__P0026__b17.png,Healthy,P0026,incisor,0,Healthy,0.0000,0.9999,0.0000,0.0001
Healthy/lyria__P0026__b18.png,Healthy,P0026,incisor,0,Healthy,0.0000,0.9999,0.0000,0.0001
Healthy/lyria__P0026__b19.png,Healthy,P0026,incisor,0,Healthy,0.0000,1.0000,0.0000,0.0000
Healthy/lyria__P0026__b20.png,Healthy,P0026,canine,0,Healthy,0.0005,0.9995,0.0000,0.0000
Healthy/lyria__P0026__b21.png,Healthy,P0026,premolar,0,Healthy,0.0000,1.0000,0.0000,0.0000
Healthy/lyria__P0026__b22.png,Healthy,P0026,premolar,0,Healthy,0.0001,0.9997,0.0002,0.0000
Healthy/lyria__P0026__b23.png,Healthy,P0026,3rd molar,0,Healthy,0.0000,0.6683,0.3317,0.0000
Healthy/lyria__P0257__b2.png,Healthy,P0257,incisor,0,Healthy,0.0000,0.9996,0.0000,0.0004
Healthy/lyria__P0257__b3.png,Healthy,P0257,incisor,0,Healthy,0.0002,0.9996,0.0000,0.0001
Healthy/lyria__P0257__b4.png,Healthy,P0257,premolar,0,Healthy,0.0000,1.0000,0.0000,0.0000
Healthy/lyria__P0257__b5.png,Healthy,P0257,premolar,0,Healthy,0.0021,0.9925,0.0047,0.0006
Healthy/lyria__P0259__b1.png,Healthy,P0259,incisor,0,Healthy,0.0003,0.9988,0.0000,0.0009
Healthy/lyria__P0260__b0.png,Healthy,P0260,canine,0,Healthy,0.0028,0.9920,0.0000,0.0052
Healthy/lyria__P0260__b1.png,Healthy,P0260,incisor,0,Healthy,0.4414,0.5231,0.0020,0.0334
Healthy/lyria__P0260__b3.png,Healthy,P0260,premolar,0,Healthy,0.1023,0.8973,0.0002,0.0001
Healthy/lyria__P0260__b4.png,Healthy,P0260,premolar,0,Endodontics,0.6519,0.3480,0.0001,0.0000
Healthy/lyria__P0260__b5.png,Healthy,P0260,canine,0,Healthy,0.0002,0.9998,0.0000,0.0000
Healthy/lyria__P0260__b6.png,Healthy,P0260,incisor,0,Healthy,0.0001,0.9997,0.0000,0.0001
Healthy/lyria__P0260__b7.png,Healthy,P0260,incisor,0,Healthy,0.0000,0.9997,0.0002,0.0001
Healthy/lyria__P0260__b8.png,Healthy,P0260,incisor,0,Healthy,0.0000,0.9765,0.0233,0.0002
Healthy/lyria__P0260__b10.png,Healthy,P0260,canine,0,Healthy,0.0000,0.9999,0.0001,0.0000
Healthy/lyria__P0260__b11.png,Healthy,P0260,premolar,0,Healthy,0.0005,0.9992,0.0003,0.0000
Healthy/lyria__P0260__b12.png,Healthy,P0260,premolar,0,Healthy,0.1029,0.8960,0.0011,0.0000
Healthy/lyria__P0260__b13.png,Healthy,P0260,premolar,0,Healthy,0.0000,1.0000,0.0000,0.0000
Healthy/lyria__P0260__b14.png,Healthy,P0260,premolar,0,Healthy,0.0002,0.9994,0.0004,0.0000
Healthy/lyria__P0261__b1.png,Healthy,P0261,canine,0,Healthy,0.0004,0.9986,0.0009,0.0001
Healthy/lyria__P0261__b3.png,Healthy,P0261,incisor,0,Healthy,0.0005,0.9839,0.0154,0.0002
Healthy/lyria__P0261__b4.png,Healthy,P0261,incisor,0,Healthy,0.0034,0.7720,0.2236,0.0010
Healthy/lyria__P0261__b5.png,Healthy,P0261,incisor,0,Healthy,0.0000,0.5569,0.4431,0.0000
Healthy/lyria__P0261__b6.png,Healthy,P0261,canine,0,Healthy,0.0000,0.9670,0.0330,0.0000
Healthy/lyria__P0027__b1.png,Healthy,P0027,canine,0,Healthy,0.2293,0.7598,0.0003,0.0106
Healthy/lyria__P0027__b2.png,Healthy,P0027,canine,0,Healthy,0.0000,1.0000,0.0000,0.0000
Healthy/lyria__P0027__b3.png,Healthy,P0027,incisor,0,Healthy,0.0000,0.9999,0.0000,0.0001
Healthy/lyria__P0027__b4.png,Healthy,P0027,incisor,0,Healthy,0.0001,0.9995,0.0000,0.0005
Healthy/lyria__P0027__b5.png,Healthy,P0027,incisor,0,Healthy,0.0000,0.9998,0.0000,0.0002
Healthy/lyria__P0027__b6.png,Healthy,P0027,incisor,0,Healthy,0.0003,0.9996,0.0000,0.0001
Healthy/lyria__P0027__b7.png,Healthy,P0027,canine,0,Healthy,0.0018,0.9982,0.0000,0.0000
Healthy/lyria__P0264__b0.png,Healthy,P0264,2nd molar,0,Healthy,0.0000,1.0000,0.0000,0.0000
Healthy/lyria__P0264__b1.png,Healthy,P0264,1st molar,0,Healthy,0.0000,1.0000,0.0000,0.0000
Healthy/lyria__P0264__b2.png,Healthy,P0264,premolar,0,Healthy,0.0001,0.9999,0.0000,0.0000
Healthy/lyria__P0264__b3.png,Healthy,P0264,premolar,0,Healthy,0.0001,0.9999,0.0000,0.0000
Healthy/lyria__P0264__b4.png,Healthy,P0264,canine,0,Healthy,0.0000,1.0000,0.0000,0.0000
Healthy/lyria__P0264__b5.png,Healthy,P0264,incisor,0,Healthy,0.0000,0.9999,0.0000,0.0000
Healthy/lyria__P0264__b6.png,Healthy,P0264,incisor,0,Healthy,0.0000,0.9999,0.0001,0.0000
Healthy/lyria__P0264__b7.png,Healthy,P0264,incisor,0,Healthy,0.0000,0.9996,0.0004,0.0000
Healthy/lyria__P0264__b8.png,Healthy,P0264,incisor,0,Healthy,0.0000,1.0000,0.0000,0.0000
Healthy/lyria__P0264__b10.png,Healthy,P0264,premolar,0,Healthy,0.0000,1.0000,0.0000,0.0000
Healthy/lyria__P0264__b11.png,Healthy,P0264,premolar,0,Healthy,0.0000,1.0000,0.0000,0.0000
Healthy/lyria__P0264__b12.png,Healthy,P0264,1st molar,0,Healthy,0.0000,1.0000,0.0000,0.0000
Healthy/lyria__P0264__b13.png,Healthy,P0264,2nd molar,0,Healthy,0.0000,1.0000,0.0000,0.0000
Healthy/lyria__P0264__b15.png,Healthy,P0264,3rd molar,0,Healthy,0.0000,0.7273,0.2727,0.0000
Healthy/lyria__P0264__b16.png,Healthy,P0264,2nd molar,0,Healthy,0.0000,1.0000,0.0000,0.0000
Healthy/lyria__P0264__b17.png,Healthy,P0264,1st molar,0,Healthy,0.0000,1.0000,0.0000,0.0000
Healthy/lyria__P0264__b18.png,Healthy,P0264,premolar,0,Healthy,0.0000,1.0000,0.0000,0.0000
Healthy/lyria__P0264__b19.png,Healthy,P0264,premolar,0,Healthy,0.0000,1.0000,0.0000,0.0000
Healthy/lyria__P0264__b20.png,Healthy,P0264,canine,0,Healthy,0.0000,1.0000,0.0000,0.0000
Healthy/lyria__P0264__b21.png,Healthy,P0264,incisor,0,Healthy,0.0000,1.0000,0.0000,0.0000
Healthy/lyria__P0264__b22.png,Healthy,P0264,incisor,0,Healthy,0.0000,1.0000,0.0000,0.0000
Healthy/lyria__P0264__b23.png,Healthy,P0264,incisor,0,Healthy,0.0000,1.0000,0.0000,0.0000
Healthy/lyria__P0264__b24.png,Healthy,P0264,incisor,0,Healthy,0.0000,0.9999,0.0000,0.0001
Healthy/lyria__P0264__b25.png,Healthy,P0264,canine,0,Healthy,0.0000,1.0000,0.0000,0.0000
Healthy/lyria__P0264__b26.png,Healthy,P0264,premolar,0,Healthy,0.0000,1.0000,0.0000,0.0000
Healthy/lyria__P0264__b27.png,Healthy,P0264,premolar,0,Healthy,0.0000,1.0000,0.0000,0.0000
Healthy/lyria__P0264__b28.png,Healthy,P0264,1st molar,0,Healthy,0.0000,1.0000,0.0000,0.0000
Healthy/lyria__P0264__b29.png,Healthy,P0264,3rd molar,0,Healthy,0.0000,0.9995,0.0005,0.0000
Healthy/lyria__P0265__b0.png,Healthy,P0265,3rd molar,0,Healthy,0.0000,0.9999,0.0001,0.0000
Healthy/lyria__P0265__b1.png,Healthy,P0265,2nd molar,0,Healthy,0.0000,1.0000,0.0000,0.0000
Healthy/lyria__P0265__b2.png,Healthy,P0265,premolar,0,Healthy,0.0004,0.9996,0.0000,0.0000
Healthy/lyria__P0265__b4.png,Healthy,P0265,incisor,0,Healthy,0.0000,1.0000,0.0000,0.0000
Healthy/lyria__P0265__b5.png,Healthy,P0265,incisor,0,Healthy,0.0000,0.9999,0.0001,0.0000
Healthy/lyria__P0265__b6.png,Healthy,P0265,incisor,0,Healthy,0.0000,0.9966,0.0033,0.0001
Healthy/lyria__P0265__b7.png,Healthy,P0265,incisor,0,Healthy,0.0000,1.0000,0.0000,0.0000
Healthy/lyria__P0265__b8.png,Healthy,P0265,canine,0,Healthy,0.0000,1.0000,0.0000,0.0000
Healthy/lyria__P0265__b9.png,Healthy,P0265,premolar,0,Healthy,0.0001,0.9999,0.0000,0.0000
Healthy/lyria__P0265__b10.png,Healthy,P0265,2nd molar,0,Healthy,0.0000,1.0000,0.0000,0.0000
Healthy/lyria__P0265__b11.png,Healthy,P0265,1st molar,0,Healthy,0.0000,1.0000,0.0000,0.0000
Healthy/lyria__P0265__b12.png,Healthy,P0265,premolar,0,Healthy,0.0000,1.0000,0.0000,0.0000
Healthy/lyria__P0265__b13.png,Healthy,P0265,premolar,0,Healthy,0.0000,1.0000,0.0000,0.0000
Healthy/lyria__P0265__b14.png,Healthy,P0265,canine,0,Healthy,0.0000,1.0000,0.0000,0.0000
Healthy/lyria__P0265__b15.png,Healthy,P0265,incisor,0,Healthy,0.0000,1.0000,0.0000,0.0000
Healthy/lyria__P0265__b16.png,Healthy,P0265,incisor,0,Healthy,0.0000,1.0000,0.0000,0.0000
Healthy/lyria__P0265__b17.png,Healthy,P0265,incisor,0,Healthy,0.0000,1.0000,0.0000,0.0000
Healthy/lyria__P0265__b18.png,Healthy,P0265,incisor,0,Healthy,0.0000,0.9996,0.0004,0.0000
Healthy/lyria__P0265__b19.png,Healthy,P0265,premolar,0,Healthy,0.0000,1.0000,0.0000,0.0000
Healthy/lyria__P0265__b20.png,Healthy,P0265,premolar,0,Healthy,0.0000,1.0000,0.0000,0.0000
Healthy/lyria__P0265__b21.png,Healthy,P0265,1st molar,0,Healthy,0.0000,1.0000,0.0000,0.0000
Healthy/lyria__P0266__b1.png,Healthy,P0266,incisor,0,Healthy,0.0051,0.9946,0.0000,0.0003
Healthy/lyria__P0266__b2.png,Healthy,P0266,incisor,0,Healthy,0.0083,0.9916,0.0000,0.0001
Healthy/lyria__P0266__b3.png,Healthy,P0266,canine,0,Healthy,0.0001,0.9999,0.0000,0.0000
Healthy/lyria__P0266__b4.png,Healthy,P0266,incisor,0,Healthy,0.0000,0.9999,0.0000,0.0001
Healthy/lyria__P0266__b5.png,Healthy,P0266,incisor,0,Healthy,0.0000,0.9984,0.0000,0.0015
Healthy/lyria__P0266__b6.png,Healthy,P0266,incisor,0,Healthy,0.0001,0.9996,0.0000,0.0003
Healthy/lyria__P0266__b7.png,Healthy,P0266,incisor,0,Healthy,0.0000,0.9999,0.0000,0.0001
Healthy/lyria__P0266__b8.png,Healthy,P0266,canine,0,Healthy,0.0069,0.9931,0.0000,0.0000
Healthy/lyria__P0267__b0.png,Healthy,P0267,canine,0,Healthy,0.0510,0.9489,0.0001,0.0000
Healthy/lyria__P0267__b2.png,Healthy,P0267,incisor,0,Healthy,0.0000,1.0000,0.0000,0.0000
Healthy/lyria__P0267__b4.png,Healthy,P0267,premolar,0,Healthy,0.0000,1.0000,0.0000,0.0000
Healthy/lyria__P0268__b0.png,Healthy,P0268,canine,0,Healthy,0.0001,0.9998,0.0000,0.0001
Healthy/lyria__P0268__b2.png,Healthy,P0268,incisor,0,Healthy,0.0000,1.0000,0.0000,0.0000
Healthy/lyria__P0268__b3.png,Healthy,P0268,incisor,0,Healthy,0.0000,0.9998,0.0000,0.0002
Healthy/lyria__P0268__b5.png,Healthy,P0268,canine,0,Healthy,0.0156,0.9844,0.0000,0.0000
Healthy/lyria__P0271__b2.png,Healthy,P0271,incisor,0,Healthy,0.0000,0.9999,0.0000,0.0001
Healthy/lyria__P0271__b3.png,Healthy,P0271,canine,0,Healthy,0.0000,1.0000,0.0000,0.0000
Healthy/lyria__P0271__b4.png,Healthy,P0271,canine,0,Healthy,0.0000,1.0000,0.0000,0.0000
Healthy/lyria__P0271__b5.png,Healthy,P0271,incisor,0,Healthy,0.0000,0.9998,0.0000,0.0002
Healthy/lyria__P0271__b6.png,Healthy,P0271,incisor,0,Healthy,0.0000,0.9999,0.0001,0.0001
Healthy/lyria__P0271__b7.png,Healthy,P0271,incisor,0,Healthy,0.0000,0.9999,0.0001,0.0000
Healthy/lyria__P0271__b8.png,Healthy,P0271,incisor,0,Healthy,0.0000,0.9997,0.0000,0.0003
Healthy/lyria__P0271__b9.png,Healthy,P0271,canine,0,Healthy,0.0000,0.9999,0.0000,0.0000
Healthy/lyria__P0272__b0.png,Healthy,P0272,incisor,0,Healthy,0.0000,0.9995,0.0005,0.0000
Healthy/lyria__P0272__b1.png,Healthy,P0272,incisor,0,Healthy,0.0000,0.9999,0.0001,0.0000
Healthy/lyria__P0272__b2.png,Healthy,P0272,incisor,0,Healthy,0.0000,0.9982,0.0018,0.0000
Healthy/lyria__P0272__b3.png,Healthy,P0272,incisor,0,Healthy,0.0001,0.9999,0.0000,0.0000
Healthy/lyria__P0272__b5.png,Healthy,P0272,canine,0,Healthy,0.0000,1.0000,0.0000,0.0000
Healthy/lyria__P0272__b6.png,Healthy,P0272,premolar,0,Healthy,0.0000,1.0000,0.0000,0.0000
Healthy/lyria__P0272__b7.png,Healthy,P0272,2nd molar,0,Healthy,0.0000,0.9994,0.0005,0.0000
Healthy/lyria__P0272__b9.png,Healthy,P0272,canine,0,Healthy,0.0000,1.0000,0.0000,0.0000
Healthy/lyria__P0272__b10.png,Healthy,P0272,2nd molar,0,Healthy,0.0002,0.9975,0.0023,0.0000
Healthy/lyria__P0272__b11.png,Healthy,P0272,3rd molar,0,Healthy,0.0000,0.9987,0.0013,0.0000
Healthy/lyria__P0273__b0.png,Healthy,P0273,premolar,0,Healthy,0.2914,0.7086,0.0000,0.0000
Healthy/lyria__P0273__b1.png,Healthy,P0273,canine,0,Endodontics,0.5589,0.4409,0.0000,0.0002
Healthy/lyria__P0273__b2.png,Healthy,P0273,incisor,0,Healthy,0.0016,0.9980,0.0000,0.0004
Healthy/lyria__P0273__b3.png,Healthy,P0273,incisor,0,Healthy,0.0003,0.9990,0.0000,0.0007
Healthy/lyria__P0273__b4.png,Healthy,P0273,canine,0,Endodontics,0.6399,0.3594,0.0000,0.0007
Healthy/lyria__P0273__b5.png,Healthy,P0273,2nd molar,0,Healthy,0.0143,0.7216,0.2640,0.0001
Healthy/lyria__P0273__b6.png,Healthy,P0273,1st molar,0,Healthy,0.0012,0.9987,0.0000,0.0000
Healthy/lyria__P0273__b7.png,Healthy,P0273,premolar,0,Healthy,0.0000,1.0000,0.0000,0.0000
Healthy/lyria__P0273__b8.png,Healthy,P0273,premolar,0,Healthy,0.0000,1.0000,0.0000,0.0000
Healthy/lyria__P0273__b9.png,Healthy,P0273,canine,0,Healthy,0.0001,0.9995,0.0003,0.0001
Healthy/lyria__P0273__b10.png,Healthy,P0273,incisor,0,Healthy,0.0003,0.9714,0.0281,0.0002
Healthy/lyria__P0273__b11.png,Healthy,P0273,incisor,0,Healthy,0.0000,0.9999,0.0001,0.0000
Healthy/lyria__P0273__b13.png,Healthy,P0273,incisor,0,Healthy,0.0002,0.9997,0.0000,0.0000
Healthy/lyria__P0273__b14.png,Healthy,P0273,canine,0,Healthy,0.0009,0.9928,0.0063,0.0000
Healthy/lyria__P0273__b15.png,Healthy,P0273,premolar,0,Healthy,0.0003,0.9996,0.0001,0.0000
Healthy/lyria__P0273__b16.png,Healthy,P0273,premolar,0,Healthy,0.3100,0.6719,0.0176,0.0005
Healthy/lyria__P0273__b17.png,Healthy,P0273,2nd molar,0,Healthy,0.1273,0.6387,0.2329,0.0011
Healthy/lyria__P0273__b18.png,Healthy,P0273,3rd molar,0,Impacted,0.0003,0.1079,0.8918,0.0000
Healthy/lyria__P0274__b0.png,Healthy,P0274,2nd molar,0,Healthy,0.0001,0.9998,0.0001,0.0000
Healthy/lyria__P0274__b1.png,Healthy,P0274,premolar,0,Healthy,0.0000,0.9999,0.0000,0.0000
Healthy/lyria__P0274__b2.png,Healthy,P0274,premolar,0,Healthy,0.0000,1.0000,0.0000,0.0000
Healthy/lyria__P0274__b4.png,Healthy,P0274,incisor,0,Healthy,0.0000,0.9997,0.0000,0.0003
Healthy/lyria__P0274__b6.png,Healthy,P0274,incisor,0,Healthy,0.0001,0.9971,0.0027,0.0002
Healthy/lyria__P0274__b7.png,Healthy,P0274,canine,0,Healthy,0.0000,1.0000,0.0000,0.0000
Healthy/lyria__P0274__b8.png,Healthy,P0274,premolar,0,Healthy,0.0001,0.9998,0.0000,0.0000
Healthy/lyria__P0274__b9.png,Healthy,P0274,premolar,0,Healthy,0.0058,0.9942,0.0000,0.0000
Healthy/lyria__P0275__b0.png,Healthy,P0275,incisor,0,Healthy,0.0000,0.9993,0.0000,0.0006
Healthy/lyria__P0275__b1.png,Healthy,P0275,incisor,0,Healthy,0.0000,0.9999,0.0000,0.0000
Healthy/lyria__P0275__b2.png,Healthy,P0275,incisor,0,Healthy,0.0000,1.0000,0.0000,0.0000
Healthy/lyria__P0275__b3.png,Healthy,P0275,canine,0,Healthy,0.0000,1.0000,0.0000,0.0000
Healthy/lyria__P0275__b4.png,Healthy,P0275,premolar,0,Healthy,0.1363,0.8487,0.0001,0.0149
Healthy/lyria__P0275__b6.png,Healthy,P0275,incisor,0,Healthy,0.0000,1.0000,0.0000,0.0000
Healthy/lyria__P0275__b7.png,Healthy,P0275,canine,0,Healthy,0.0000,0.9999,0.0000,0.0000
Healthy/lyria__P0275__b8.png,Healthy,P0275,premolar,0,Healthy,0.0000,0.9991,0.0000,0.0009
Healthy/lyria__P0275__b9.png,Healthy,P0275,premolar,0,Healthy,0.0000,0.9999,0.0000,0.0000
Healthy/lyria__P0275__b10.png,Healthy,P0275,3rd molar,0,Healthy,0.0002,0.9968,0.0031,0.0000
Healthy/lyria__P0275__b11.png,Healthy,P0275,incisor,0,Healthy,0.0000,0.9998,0.0000,0.0002
Healthy/lyria__P0275__b12.png,Healthy,P0275,incisor,0,Healthy,0.0000,0.9995,0.0000,0.0005
Healthy/lyria__P0275__b13.png,Healthy,P0275,canine,0,Healthy,0.0000,1.0000,0.0000,0.0000
Healthy/lyria__P0275__b14.png,Healthy,P0275,premolar,0,Healthy,0.0000,0.9994,0.0002,0.0004
Healthy/lyria__P0275__b15.png,Healthy,P0275,premolar,0,Healthy,0.0001,0.9998,0.0001,0.0000
Healthy/lyria__P0276__b1.png,Healthy,P0276,incisor,0,Healthy,0.0004,0.9991,0.0002,0.0004
Healthy/lyria__P0276__b3.png,Healthy,P0276,incisor,0,Healthy,0.0000,0.9995,0.0000,0.0005
Healthy/lyria__P0276__b4.png,Healthy,P0276,incisor,0,Healthy,0.0000,1.0000,0.0000,0.0000
Healthy/lyria__P0276__b5.png,Healthy,P0276,canine,0,Healthy,0.0001,0.9992,0.0008,0.0000
Healthy/lyria__P0277__b0.png,Healthy,P0277,canine,0,Healthy,0.0000,1.0000,0.0000,0.0000
Healthy/lyria__P0277__b1.png,Healthy,P0277,incisor,0,Healthy,0.0000,1.0000,0.0000,0.0000
Healthy/lyria__P0277__b3.png,Healthy,P0277,incisor,0,Healthy,0.0000,1.0000,0.0000,0.0000
Healthy/lyria__P0277__b4.png,Healthy,P0277,incisor,0,Healthy,0.0000,1.0000,0.0000,0.0000
Healthy/lyria__P0277__b6.png,Healthy,P0277,incisor,0,Healthy,0.0000,0.9995,0.0000,0.0004
Healthy/lyria__P0278__b0.png,Healthy,P0278,incisor,0,Healthy,0.0001,0.9894,0.0104,0.0001
Healthy/lyria__P0278__b1.png,Healthy,P0278,incisor,0,Healthy,0.0000,0.9765,0.0234,0.0001
Healthy/lyria__P0278__b2.png,Healthy,P0278,canine,0,Healthy,0.0000,1.0000,0.0000,0.0000
Healthy/lyria__P0278__b3.png,Healthy,P0278,premolar,0,Healthy,0.0000,1.0000,0.0000,0.0000
Healthy/lyria__P0278__b4.png,Healthy,P0278,premolar,0,Healthy,0.0053,0.9946,0.0000,0.0001
Healthy/lyria__P0278__b5.png,Healthy,P0278,3rd molar,0,Impacted,0.0001,0.4631,0.5368,0.0001
Healthy/lyria__P0278__b7.png,Healthy,P0278,2nd molar,0,Healthy,0.2674,0.7323,0.0003,0.0000
Healthy/lyria__P0278__b8.png,Healthy,P0278,premolar,0,Healthy,0.0000,1.0000,0.0000,0.0000
Healthy/lyria__P0278__b9.png,Healthy,P0278,premolar,0,Healthy,0.0004,0.9996,0.0000,0.0000
Healthy/lyria__P0278__b10.png,Healthy,P0278,canine,0,Healthy,0.0000,1.0000,0.0000,0.0000
Healthy/lyria__P0278__b11.png,Healthy,P0278,canine,0,Healthy,0.0000,1.0000,0.0000,0.0000
Healthy/lyria__P0278__b12.png,Healthy,P0278,incisor,0,Healthy,0.0000,0.9322,0.0677,0.0000
Healthy/lyria__P0278__b13.png,Healthy,P0278,incisor,0,Healthy,0.0000,0.9994,0.0006,0.0000
Healthy/lyria__P0278__b14.png,Healthy,P0278,canine,0,Healthy,0.0000,1.0000,0.0000,0.0000
Healthy/lyria__P0278__b15.png,Healthy,P0278,premolar,0,Healthy,0.0000,1.0000,0.0000,0.0000
Healthy/lyria__P0279__b0.png,Healthy,P0279,incisor,0,Healthy,0.0000,0.9999,0.0000,0.0000
Healthy/lyria__P0279__b1.png,Healthy,P0279,incisor,0,Healthy,0.0000,0.9997,0.0000,0.0003
Healthy/lyria__P0279__b2.png,Healthy,P0279,incisor,0,Healthy,0.0003,0.9997,0.0000,0.0000
Healthy/lyria__P0279__b3.png,Healthy,P0279,canine,0,Healthy,0.0000,1.0000,0.0000,0.0000
Healthy/lyria__P0279__b4.png,Healthy,P0279,premolar,0,Healthy,0.0009,0.9972,0.0018,0.0000
Healthy/lyria__P0279__b5.png,Healthy,P0279,premolar,0,Healthy,0.0000,1.0000,0.0000,0.0000
Healthy/lyria__P0279__b6.png,Healthy,P0279,3rd molar,0,Impacted,0.0000,0.0000,1.0000,0.0000
Healthy/lyria__P0279__b7.png,Healthy,P0279,premolar,0,Healthy,0.0174,0.9824,0.0002,0.0001
Healthy/lyria__P0279__b9.png,Healthy,P0279,incisor,0,Healthy,0.0109,0.9890,0.0000,0.0000
Healthy/lyria__P0279__b10.png,Healthy,P0279,incisor,0,Healthy,0.0000,0.9988,0.0010,0.0001
Healthy/lyria__P0279__b12.png,Healthy,P0279,incisor,0,Healthy,0.0010,0.9989,0.0000,0.0001
Healthy/lyria__P0279__b13.png,Healthy,P0279,canine,0,Healthy,0.0000,1.0000,0.0000,0.0000
Healthy/lyria__P0279__b14.png,Healthy,P0279,premolar,0,Healthy,0.0000,1.0000,0.0000,0.0000
Healthy/lyria__P0279__b15.png,Healthy,P0279,premolar,0,Healthy,0.2033,0.7967,0.0000,0.0000
Healthy/lyria__P0279__b16.png,Healthy,P0279,incisor,0,Healthy,0.0002,0.9998,0.0000,0.0000
Healthy/lyria__P0279__b17.png,Healthy,P0279,canine,0,Healthy,0.0078,0.9922,0.0001,0.0000
Healthy/lyria__P0279__b18.png,Healthy,P0279,3rd molar,0,Healthy,0.0000,1.0000,0.0000,0.0000
Healthy/lyria__P0280__b0.png,Healthy,P0280,premolar,0,Healthy,0.0007,0.9991,0.0001,0.0001
Healthy/lyria__P0280__b2.png,Healthy,P0280,canine,0,Healthy,0.0005,0.9995,0.0000,0.0000
Healthy/lyria__P0280__b3.png,Healthy,P0280,premolar,0,Healthy,0.0000,0.9996,0.0004,0.0000
Healthy/lyria__P0280__b4.png,Healthy,P0280,canine,0,Healthy,0.0000,1.0000,0.0000,0.0000
Healthy/lyria__P0280__b5.png,Healthy,P0280,incisor,0,Healthy,0.0000,1.0000,0.0000,0.0000
Healthy/lyria__P0280__b6.png,Healthy,P0280,incisor,0,Healthy,0.0000,0.9999,0.0000,0.0000
Healthy/lyria__P0280__b7.png,Healthy,P0280,incisor,0,Healthy,0.0000,1.0000,0.0000,0.0000
Healthy/lyria__P0280__b8.png,Healthy,P0280,incisor,0,Healthy,0.0000,1.0000,0.0000,0.0000
Healthy/lyria__P0281__b0.png,Healthy,P0281,canine,0,Healthy,0.0001,0.9999,0.0000,0.0000
Healthy/lyria__P0281__b1.png,Healthy,P0281,incisor,0,Healthy,0.0000,1.0000,0.0000,0.0000
Healthy/lyria__P0281__b2.png,Healthy,P0281,incisor,0,Healthy,0.0001,0.9999,0.0000,0.0000
Healthy/lyria__P0281__b3.png,Healthy,P0281,incisor,0,Healthy,0.0000,1.0000,0.0000,0.0000
Healthy/lyria__P0281__b4.png,Healthy,P0281,incisor,0,Healthy,0.0000,1.0000,0.0000,0.0000
Healthy/lyria__P0281__b6.png,Healthy,P0281,canine,0,Healthy,0.0003,0.9995,0.0000,0.0001
Healthy/lyria__P0281__b7.png,Healthy,P0281,incisor,0,Healthy,0.0000,1.0000,0.0000,0.0000
Healthy/lyria__P0281__b8.png,Healthy,P0281,incisor,0,Healthy,0.0000,0.9999,0.0000,0.0000
Healthy/lyria__P0282__b0.png,Healthy,P0282,canine,0,Healthy,0.0006,0.9994,0.0000,0.0000
Healthy/lyria__P0282__b1.png,Healthy,P0282,incisor,0,Healthy,0.0000,1.0000,0.0000,0.0000
Healthy/lyria__P0282__b2.png,Healthy,P0282,incisor,0,Healthy,0.0000,1.0000,0.0000,0.0000
Healthy/lyria__P0282__b3.png,Healthy,P0282,incisor,0,Healthy,0.0000,0.9998,0.0000,0.0002
Healthy/lyria__P0282__b4.png,Healthy,P0282,incisor,0,Healthy,0.0000,1.0000,0.0000,0.0000
Healthy/lyria__P0282__b5.png,Healthy,P0282,canine,0,Healthy,0.0015,0.9985,0.0000,0.0000
Healthy/lyria__P0282__b7.png,Healthy,P0282,incisor,0,Healthy,0.0000,1.0000,0.0000,0.0000
Healthy/lyria__P0282__b9.png,Healthy,P0282,incisor,0,Healthy,0.0000,1.0000,0.0000,0.0000
Healthy/lyria__P0282__b10.png,Healthy,P0282,incisor,0,Healthy,0.0000,1.0000,0.0000,0.0000
Healthy/lyria__P0282__b11.png,Healthy,P0282,canine,0,Healthy,0.0000,1.0000,0.0000,0.0000
Healthy/lyria__P0283__b0.png,Healthy,P0283,canine,0,Healthy,0.0000,0.9997,0.0002,0.0001
Healthy/lyria__P0283__b2.png,Healthy,P0283,canine,0,Healthy,0.0000,0.9996,0.0004,0.0000
Healthy/lyria__P0283__b3.png,Healthy,P0283,incisor,0,Healthy,0.0000,0.9996,0.0001,0.0002
Healthy/lyria__P0283__b4.png,Healthy,P0283,incisor,0,Healthy,0.0000,0.9997,0.0000,0.0002
Healthy/lyria__P0283__b6.png,Healthy,P0283,incisor,0,Healthy,0.0000,1.0000,0.0000,0.0000
Healthy/lyria__P0283__b7.png,Healthy,P0283,canine,0,Healthy,0.0000,1.0000,0.0000,0.0000
Healthy/lyria__P0283__b8.png,Healthy,P0283,premolar,0,Healthy,0.0002,0.9998,0.0000,0.0000
Healthy/lyria__P0285__b0.png,Healthy,P0285,premolar,0,Healthy,0.0002,0.9994,0.0000,0.0003
Healthy/lyria__P0285__b1.png,Healthy,P0285,canine,0,Healthy,0.0000,1.0000,0.0000,0.0000
Healthy/lyria__P0285__b3.png,Healthy,P0285,incisor,0,Healthy,0.0000,0.9998,0.0000,0.0002
Healthy/lyria__P0285__b4.png,Healthy,P0285,incisor,0,Healthy,0.0000,0.9998,0.0000,0.0002
Healthy/lyria__P0285__b5.png,Healthy,P0285,incisor,0,Healthy,0.0000,0.9997,0.0000,0.0003
Healthy/lyria__P0285__b6.png,Healthy,P0285,canine,0,Healthy,0.0000,1.0000,0.0000,0.0000
Healthy/lyria__P0285__b7.png,Healthy,P0285,premolar,0,Healthy,0.0582,0.9401,0.0004,0.0013
Healthy/lyria__P0288__b0.png,Healthy,P0288,canine,0,Healthy,0.0001,0.9998,0.0000,0.0000
Healthy/lyria__P0288__b1.png,Healthy,P0288,incisor,0,Healthy,0.0001,0.9999,0.0000,0.0000
Healthy/lyria__P0288__b2.png,Healthy,P0288,incisor,0,Healthy,0.0000,1.0000,0.0000,0.0000
Healthy/lyria__P0288__b3.png,Healthy,P0288,incisor,0,Healthy,0.0000,0.9999,0.0000,0.0001
Healthy/lyria__P0288__b4.png,Healthy,P0288,incisor,0,Healthy,0.0000,0.9999,0.0001,0.0001
Healthy/lyria__P0288__b5.png,Healthy,P0288,canine,0,Healthy,0.0000,1.0000,0.0000,0.0000
Healthy/lyria__P0288__b6.png,Healthy,P0288,premolar,0,Healthy,0.0088,0.9905,0.0003,0.0004
Healthy/lyria__P0288__b7.png,Healthy,P0288,3rd molar,0,Healthy,0.0002,0.9414,0.0583,0.0001
Healthy/lyria__P0288__b8.png,Healthy,P0288,incisor,0,Healthy,0.0000,1.0000,0.0000,0.0000
Healthy/lyria__P0288__b9.png,Healthy,P0288,incisor,0,Healthy,0.0000,0.9999,0.0000,0.0001
Healthy/lyria__P0288__b10.png,Healthy,P0288,incisor,0,Healthy,0.0030,0.9966,0.0000,0.0004
Healthy/lyria__P0288__b11.png,Healthy,P0288,incisor,0,Healthy,0.0004,0.9996,0.0000,0.0000
Healthy/lyria__P0288__b12.png,Healthy,P0288,canine,0,Endodontics,0.7265,0.2730,0.0000,0.0005
Healthy/lyria__P0288__b13.png,Healthy,P0288,canine,0,Healthy,0.0013,0.9987,0.0000,0.0000
Healthy/lyria__P0288__b14.png,Healthy,P0288,premolar,0,Healthy,0.0023,0.9975,0.0000,0.0001
Healthy/lyria__P0288__b15.png,Healthy,P0288,premolar,0,Healthy,0.0162,0.9827,0.0000,0.0011
Healthy/lyria__P0288__b17.png,Healthy,P0288,1st molar,0,Healthy,0.0029,0.9971,0.0000,0.0000
Healthy/lyria__P0288__b18.png,Healthy,P0288,2nd molar,0,Healthy,0.0005,0.9995,0.0000,0.0000
Healthy/lyria__P0288__b19.png,Healthy,P0288,3rd molar,0,Healthy,0.0001,0.9998,0.0001,0.0000
Healthy/lyria__P0289__b1.png,Healthy,P0289,incisor,0,Healthy,0.0000,1.0000,0.0000,0.0000
Healthy/lyria__P0289__b2.png,Healthy,P0289,incisor,0,Healthy,0.0000,1.0000,0.0000,0.0000
Healthy/lyria__P0289__b3.png,Healthy,P0289,incisor,0,Healthy,0.0000,0.9999,0.0000,0.0001
Healthy/lyria__P0289__b4.png,Healthy,P0289,canine,0,Healthy,0.0000,0.9999,0.0000,0.0000
Healthy/lyria__P0290__b0.png,Healthy,P0290,canine,0,Healthy,0.0001,0.9999,0.0000,0.0000
Healthy/lyria__P0290__b1.png,Healthy,P0290,incisor,0,Healthy,0.0000,0.9999,0.0000,0.0001
Healthy/lyria__P0290__b3.png,Healthy,P0290,incisor,0,Healthy,0.0000,1.0000,0.0000,0.0000
Healthy/lyria__P0290__b4.png,Healthy,P0290,incisor,0,Healthy,0.0000,0.9997,0.0000,0.0003
Healthy/lyria__P0290__b5.png,Healthy,P0290,premolar,0,Healthy,0.0000,0.9999,0.0000,0.0000
Healthy/lyria__P0290__b7.png,Healthy,P0290,incisor,0,Healthy,0.0000,1.0000,0.0000,0.0000
Healthy/lyria__P0290__b8.png,Healthy,P0290,incisor,0,Healthy,0.0000,1.0000,0.0000,0.0000
Healthy/lyria__P0290__b9.png,Healthy,P0290,incisor,0,Healthy,0.0000,1.0000,0.0000,0.0000
Healthy/lyria__P0290__b10.png,Healthy,P0290,incisor,0,Healthy,0.0000,1.0000,0.0000,0.0000
Healthy/lyria__P0290__b11.png,Healthy,P0290,canine,0,Healthy,0.0000,1.0000,0.0000,0.0000
Healthy/lyria__P0293__b0.png,Healthy,P0293,2nd molar,0,Healthy,0.0000,1.0000,0.0000,0.0000
Healthy/lyria__P0293__b1.png,Healthy,P0293,1st molar,0,Healthy,0.0000,1.0000,0.0000,0.0000
Healthy/lyria__P0293__b2.png,Healthy,P0293,premolar,0,Healthy,0.0000,1.0000,0.0000,0.0000
Healthy/lyria__P0293__b3.png,Healthy,P0293,premolar,0,Healthy,0.0000,1.0000,0.0000,0.0000
Healthy/lyria__P0293__b4.png,Healthy,P0293,canine,0,Healthy,0.0000,1.0000,0.0000,0.0000
Healthy/lyria__P0293__b5.png,Healthy,P0293,incisor,0,Healthy,0.0000,1.0000,0.0000,0.0000
Healthy/lyria__P0293__b6.png,Healthy,P0293,incisor,0,Healthy,0.0000,0.9979,0.0000,0.0020
Healthy/lyria__P0293__b7.png,Healthy,P0293,incisor,0,Healthy,0.0000,0.9999,0.0000,0.0000
Healthy/lyria__P0293__b8.png,Healthy,P0293,incisor,0,Healthy,0.0000,0.9997,0.0000,0.0003
Healthy/lyria__P0293__b9.png,Healthy,P0293,canine,0,Healthy,0.0000,0.9997,0.0000,0.0003
Healthy/lyria__P0293__b10.png,Healthy,P0293,premolar,0,Healthy,0.0000,0.9999,0.0000,0.0001
Healthy/lyria__P0293__b11.png,Healthy,P0293,premolar,0,Healthy,0.0002,0.9991,0.0001,0.0006
Healthy/lyria__P0293__b12.png,Healthy,P0293,2nd molar,0,Healthy,0.0000,1.0000,0.0000,0.0000
Healthy/lyria__P0293__b13.png,Healthy,P0293,3rd molar,0,Healthy,0.0000,1.0000,0.0000,0.0000
Healthy/lyria__P0293__b14.png,Healthy,P0293,incisor,0,Healthy,0.0000,1.0000,0.0000,0.0000
Healthy/lyria__P0293__b15.png,Healthy,P0293,incisor,0,Healthy,0.0000,0.9998,0.0000,0.0002
Healthy/lyria__P0293__b16.png,Healthy,P0293,incisor,0,Healthy,0.0000,0.9999,0.0000,0.0001
Healthy/lyria__P0293__b17.png,Healthy,P0293,incisor,0,Healthy,0.0000,1.0000,0.0000,0.0000
Healthy/lyria__P0293__b18.png,Healthy,P0293,canine,0,Healthy,0.0000,1.0000,0.0000,0.0000
Healthy/lyria__P0293__b19.png,Healthy,P0293,premolar,0,Healthy,0.0000,1.0000,0.0000,0.0000
Healthy/lyria__P0293__b20.png,Healthy,P0293,premolar,0,Healthy,0.0003,0.9985,0.0011,0.0001
Healthy/lyria__P0293__b22.png,Healthy,P0293,premolar,0,Healthy,0.0000,1.0000,0.0000,0.0000
Healthy/lyria__P0293__b23.png,Healthy,P0293,premolar,0,Healthy,0.0000,0.9998,0.0000,0.0001
Healthy/lyria__P0294__b1.png,Healthy,P0294,canine,0,Healthy,0.0000,0.9997,0.0003,0.0000
Healthy/lyria__P0294__b2.png,Healthy,P0294,incisor,0,Healthy,0.0000,1.0000,0.0000,0.0000
Healthy/lyria__P0294__b3.png,Healthy,P0294,incisor,0,Healthy,0.0000,0.9998,0.0000,0.0001
Healthy/lyria__P0294__b4.png,Healthy,P0294,incisor,0,Healthy,0.0000,0.9996,0.0000,0.0004
Healthy/lyria__P0294__b5.png,Healthy,P0294,canine,0,Healthy,0.0000,0.9999,0.0001,0.0000
Healthy/lyria__P0294__b7.png,Healthy,P0294,premolar,0,Healthy,0.1254,0.8746,0.0000,0.0000
Healthy/lyria__P0294__b8.png,Healthy,P0294,incisor,0,Healthy,0.0000,1.0000,0.0000,0.0000
Healthy/lyria__P0294__b9.png,Healthy,P0294,canine,0,Healthy,0.0045,0.9955,0.0000,0.0000
Healthy/lyria__P0294__b10.png,Healthy,P0294,premolar,0,Healthy,0.0039,0.9961,0.0000,0.0000
Healthy/lyria__P0294__b11.png,Healthy,P0294,3rd molar,0,Healthy,0.0437,0.7119,0.2440,0.0003
Healthy/lyria__P0294__b12.png,Healthy,P0294,premolar,0,Healthy,0.0020,0.9979,0.0001,0.0000
Healthy/lyria__P0295__b0.png,Healthy,P0295,canine,0,Healthy,0.0000,1.0000,0.0000,0.0000
Healthy/lyria__P0295__b1.png,Healthy,P0295,incisor,0,Healthy,0.0000,0.9994,0.0000,0.0006
Healthy/lyria__P0295__b2.png,Healthy,P0295,incisor,0,Healthy,0.0000,0.9996,0.0000,0.0004
Healthy/lyria__P0295__b5.png,Healthy,P0295,canine,0,Healthy,0.0002,0.9997,0.0000,0.0001
Healthy/lyria__P0296__b1.png,Healthy,P0296,premolar,0,Healthy,0.0000,1.0000,0.0000,0.0000
Healthy/lyria__P0296__b2.png,Healthy,P0296,3rd molar,0,Healthy,0.0000,1.0000,0.0000,0.0000
Healthy/lyria__P0296__b3.png,Healthy,P0296,canine,0,Healthy,0.0000,1.0000,0.0000,0.0000
Healthy/lyria__P0296__b4.png,Healthy,P0296,premolar,0,Healthy,0.0000,0.9998,0.0000,0.0001
Healthy/lyria__P0296__b5.png,Healthy,P0296,3rd molar,0,Healthy,0.0000,1.0000,0.0000,0.0000
Healthy/lyria__P0296__b6.png,Healthy,P0296,incisor,0,Healthy,0.0000,0.9999,0.0000,0.0001
Healthy/lyria__P0296__b7.png,Healthy,P0296,incisor,0,Healthy,0.0000,1.0000,0.0000,0.0000
Healthy/lyria__P0296__b8.png,Healthy,P0296,canine,0,Healthy,0.0000,1.0000,0.0000,0.0000
Healthy/lyria__P0296__b9.png,Healthy,P0296,premolar,0,Healthy,0.0000,1.0000,0.0000,0.0000
Healthy/lyria__P0296__b10.png,Healthy,P0296,3rd molar,0,Healthy,0.0002,0.9997,0.0001,0.0000
Healthy/lyria__P0296__b11.png,Healthy,P0296,incisor,0,Healthy,0.0000,0.9999,0.0000,0.0001
Healthy/lyria__P0296__b12.png,Healthy,P0296,incisor,0,Healthy,0.0000,1.0000,0.0000,0.0000
Healthy/lyria__P0296__b14.png,Healthy,P0296,premolar,0,Healthy,0.0000,1.0000,0.0000,0.0000
Healthy/lyria__P0296__b15.png,Healthy,P0296,premolar,0,Endodontics,0.7289,0.2702,0.0009,0.0001
Healthy/lyria__P0298__b0.png,Healthy,P0298,canine,0,Healthy,0.0038,0.9808,0.0149,0.0005
Healthy/lyria__P0298__b2.png,Healthy,P0298,incisor,0,Healthy,0.0053,0.8601,0.0051,0.1295
Healthy/lyria__P0298__b4.png,Healthy,P0298,incisor,0,Healthy,0.0350,0.9529,0.0017,0.0105
Healthy/lyria__P0298__b5.png,Healthy,P0298,canine,0,Healthy,0.0008,0.9841,0.0000,0.0151
Healthy/lyria__P0298__b6.png,Healthy,P0298,premolar,0,Healthy,0.0362,0.9630,0.0006,0.0003
Healthy/lyria__P0298__b7.png,Healthy,P0298,premolar,0,Healthy,0.0000,1.0000,0.0000,0.0000
Healthy/lyria__P0298__b8.png,Healthy,P0298,canine,0,Healthy,0.0000,1.0000,0.0000,0.0000
Healthy/lyria__P0298__b9.png,Healthy,P0298,incisor,0,Healthy,0.0000,1.0000,0.0000,0.0000
Healthy/lyria__P0298__b10.png,Healthy,P0298,incisor,0,Healthy,0.0000,0.9999,0.0000,0.0000
Healthy/lyria__P0298__b11.png,Healthy,P0298,canine,0,Healthy,0.0000,1.0000,0.0000,0.0000
Healthy/lyria__P0298__b12.png,Healthy,P0298,premolar,0,Healthy,0.0002,0.9997,0.0001,0.0000
Healthy/lyria__P0298__b13.png,Healthy,P0298,premolar,0,Healthy,0.0120,0.9822,0.0054,0.0003
Healthy/lyria__P0299__b1.png,Healthy,P0299,2nd molar,0,Healthy,0.0000,1.0000,0.0000,0.0000
Healthy/lyria__P0299__b2.png,Healthy,P0299,1st molar,0,Healthy,0.0000,1.0000,0.0000,0.0000
Healthy/lyria__P0299__b3.png,Healthy,P0299,premolar,0,Healthy,0.0000,1.0000,0.0000,0.0000
Healthy/lyria__P0299__b4.png,Healthy,P0299,premolar,0,Healthy,0.0000,1.0000,0.0000,0.0000
Healthy/lyria__P0299__b5.png,Healthy,P0299,canine,0,Healthy,0.0001,0.9999,0.0000,0.0000
Healthy/lyria__P0299__b6.png,Healthy,P0299,incisor,0,Healthy,0.0839,0.9152,0.0008,0.0000
Healthy/lyria__P0299__b7.png,Healthy,P0299,incisor,0,Healthy,0.0092,0.9903,0.0001,0.0004
Healthy/lyria__P0299__b8.png,Healthy,P0299,incisor,0,Healthy,0.0023,0.9975,0.0002,0.0000
Healthy/lyria__P0299__b9.png,Healthy,P0299,incisor,0,Healthy,0.0084,0.9916,0.0000,0.0000
Healthy/lyria__P0299__b10.png,Healthy,P0299,canine,0,Healthy,0.0000,1.0000,0.0000,0.0000
Healthy/lyria__P0299__b12.png,Healthy,P0299,premolar,0,Healthy,0.0002,0.9979,0.0019,0.0000
Healthy/lyria__P0299__b13.png,Healthy,P0299,1st molar,0,Healthy,0.0000,1.0000,0.0000,0.0000
Healthy/lyria__P0299__b14.png,Healthy,P0299,2nd molar,0,Healthy,0.0000,0.9998,0.0002,0.0000
Healthy/lyria__P0299__b15.png,Healthy,P0299,3rd molar,0,Healthy,0.0000,1.0000,0.0000,0.0000
Healthy/lyria__P0299__b16.png,Healthy,P0299,3rd molar,0,Healthy,0.0000,0.9995,0.0005,0.0000
Healthy/lyria__P0299__b17.png,Healthy,P0299,2nd molar,0,Healthy,0.0000,1.0000,0.0000,0.0000
Healthy/lyria__P0299__b18.png,Healthy,P0299,1st molar,0,Healthy,0.0000,1.0000,0.0000,0.0000
Healthy/lyria__P0299__b19.png,Healthy,P0299,premolar,0,Healthy,0.0000,0.9999,0.0001,0.0000
Healthy/lyria__P0299__b20.png,Healthy,P0299,premolar,0,Healthy,0.0000,1.0000,0.0000,0.0000
Healthy/lyria__P0299__b21.png,Healthy,P0299,canine,0,Healthy,0.0000,1.0000,0.0000,0.0000
Healthy/lyria__P0299__b22.png,Healthy,P0299,incisor,0,Healthy,0.0004,0.9996,0.0000,0.0000
Healthy/lyria__P0299__b23.png,Healthy,P0299,incisor,0,Healthy,0.0000,0.9999,0.0000,0.0001
Healthy/lyria__P0299__b24.png,Healthy,P0299,incisor,0,Healthy,0.0001,0.9976,0.0000,0.0023
Healthy/lyria__P0299__b25.png,Healthy,P0299,incisor,0,Healthy,0.0000,1.0000,0.0000,0.0000
Healthy/lyria__P0299__b26.png,Healthy,P0299,canine,0,Healthy,0.0020,0.9979,0.0000,0.0000
Healthy/lyria__P0299__b27.png,Healthy,P0299,premolar,0,Healthy,0.0567,0.9433,0.0000,0.0000
Healthy/lyria__P0299__b28.png,Healthy,P0299,premolar,0,Healthy,0.0000,1.0000,0.0000,0.0000
Healthy/lyria__P0299__b29.png,Healthy,P0299,1st molar,0,Healthy,0.0000,1.0000,0.0000,0.0000
Healthy/lyria__P0299__b30.png,Healthy,P0299,2nd molar,0,Healthy,0.0000,1.0000,0.0000,0.0000
Healthy/lyria__P0299__b31.png,Healthy,P0299,3rd molar,0,Healthy,0.0001,0.6041,0.3958,0.0000
Healthy/lyria__P0300__b0.png,Healthy,P0300,2nd molar,0,Healthy,0.0000,1.0000,0.0000,0.0000
Healthy/lyria__P0300__b1.png,Healthy,P0300,1st molar,0,Healthy,0.0000,1.0000,0.0000,0.0000
Healthy/lyria__P0300__b2.png,Healthy,P0300,premolar,0,Healthy,0.0001,0.9999,0.0000,0.0000
Healthy/lyria__P0300__b3.png,Healthy,P0300,premolar,0,Healthy,0.0001,0.9999,0.0000,0.0000
Healthy/lyria__P0300__b4.png,Healthy,P0300,canine,0,Healthy,0.0002,0.9998,0.0000,0.0000
Healthy/lyria__P0300__b5.png,Healthy,P0300,incisor,0,Healthy,0.0001,0.9999,0.0000,0.0000
Healthy/lyria__P0300__b6.png,Healthy,P0300,incisor,0,Healthy,0.0000,1.0000,0.0000,0.0000
Healthy/lyria__P0300__b7.png,Healthy,P0300,incisor,0,Healthy,0.0006,0.9994,0.0000,0.0000
Healthy/lyria__P0300__b8.png,Healthy,P0300,incisor,0,Healthy,0.0000,1.0000,0.0000,0.0000
Healthy/lyria__P0300__b9.png,Healthy,P0300,canine,0,Healthy,0.0000,1.0000,0.0000,0.0000
Healthy/lyria__P0300__b10.png,Healthy,P0300,premolar,0,Healthy,0.0000,1.0000,0.0000,0.0000
Healthy/lyria__P0300__b11.png,Healthy,P0300,premolar,0,Healthy,0.0000,1.0000,0.0000,0.0000
Healthy/lyria__P0300__b12.png,Healthy,P0300,1st molar,0,Healthy,0.0000,1.0000,0.0000,0.0000
Healthy/lyria__P0300__b13.png,Healthy,P0300,2nd molar,0,Healthy,0.0000,1.0000,0.0000,0.0000
Healthy/lyria__P0300__b14.png,Healthy,P0300,3rd molar,0,Healthy,0.0000,0.8631,0.1369,0.0000
Healthy/lyria__P0300__b15.png,Healthy,P0300,incisor,0,Healthy,0.0000,1.0000,0.0000,0.0000
Healthy/lyria__P0300__b16.png,Healthy,P0300,incisor,0,Healthy,0.0000,0.9989,0.0011,0.0000
Healthy/lyria__P0300__b17.png,Healthy,P0300,incisor,0,Healthy,0.0000,1.0000,0.0000,0.0000
Healthy/lyria__P0300__b18.png,Healthy,P0300,incisor,0,Healthy,0.0000,1.0000,0.0000,0.0000
Healthy/lyria__P0300__b19.png,Healthy,P0300,canine,0,Healthy,0.0000,1.0000,0.0000,0.0000
Healthy/lyria__P0300__b20.png,Healthy,P0300,canine,0,Healthy,0.0000,1.0000,0.0000,0.0000
Healthy/lyria__P0300__b21.png,Healthy,P0300,premolar,0,Healthy,0.0000,1.0000,0.0000,0.0000
Healthy/lyria__P0300__b22.png,Healthy,P0300,premolar,0,Healthy,0.0000,1.0000,0.0000,0.0000
Healthy/lyria__P0300__b24.png,Healthy,P0300,2nd molar,0,Healthy,0.0000,1.0000,0.0000,0.0000
Healthy/lyria__P0300__b26.png,Healthy,P0300,premolar,0,Healthy,0.0000,1.0000,0.0000,0.0000
Healthy/lyria__P0300__b27.png,Healthy,P0300,premolar,0,Healthy,0.0000,1.0000,0.0000,0.0000
Healthy/lyria__P0300__b28.png,Healthy,P0300,1st molar,0,Healthy,0.0000,1.0000,0.0000,0.0000
Healthy/lyria__P0300__b29.png,Healthy,P0300,2nd molar,0,Healthy,0.0000,0.9998,0.0002,0.0000
Healthy/lyria__P0302__b0.png,Healthy,P0302,2nd molar,0,Healthy,0.0000,1.0000,0.0000,0.0000
Healthy/lyria__P0302__b1.png,Healthy,P0302,1st molar,0,Healthy,0.0001,0.9868,0.0098,0.0032
Healthy/lyria__P0302__b3.png,Healthy,P0302,premolar,0,Healthy,0.0144,0.9833,0.0019,0.0004
Healthy/lyria__P0302__b4.png,Healthy,P0302,canine,0,Healthy,0.0184,0.9768,0.0015,0.0032
Healthy/lyria__P0302__b5.png,Healthy,P0302,incisor,0,Healthy,0.0003,0.9997,0.0000,0.0000
Healthy/lyria__P0302__b6.png,Healthy,P0302,incisor,0,Healthy,0.0000,0.9998,0.0000,0.0002
Healthy/lyria__P0302__b7.png,Healthy,P0302,incisor,0,Healthy,0.0000,0.9998,0.0000,0.0002
Healthy/lyria__P0302__b8.png,Healthy,P0302,incisor,0,Healthy,0.0000,0.9998,0.0000,0.0002
Healthy/lyria__P0302__b9.png,Healthy,P0302,canine,0,Healthy,0.0002,0.9997,0.0001,0.0000
Healthy/lyria__P0302__b11.png,Healthy,P0302,premolar,0,Healthy,0.0475,0.9440,0.0001,0.0083
Healthy/lyria__P0302__b12.png,Healthy,P0302,1st molar,0,Healthy,0.0000,1.0000,0.0000,0.0000
Healthy/lyria__P0302__b13.png,Healthy,P0302,2nd molar,0,Healthy,0.0000,0.9999,0.0001,0.0000
Healthy/lyria__P0302__b14.png,Healthy,P0302,premolar,0,Healthy,0.0003,0.9994,0.0002,0.0000
Healthy/lyria__P0302__b15.png,Healthy,P0302,premolar,0,Healthy,0.0000,1.0000,0.0000,0.0000
Healthy/lyria__P0302__b16.png,Healthy,P0302,canine,0,Healthy,0.0000,1.0000,0.0000,0.0000
Healthy/lyria__P0302__b17.png,Healthy,P0302,incisor,0,Healthy,0.0000,0.9966,0.0001,0.0033
Healthy/lyria__P0302__b18.png,Healthy,P0302,incisor,0,Healthy,0.0000,1.0000,0.0000,0.0000
Healthy/lyria__P0302__b19.png,Healthy,P0302,incisor,0,Healthy,0.0000,0.9997,0.0000,0.0002
Healthy/lyria__P0302__b20.png,Healthy,P0302,canine,0,Healthy,0.0000,1.0000,0.0000,0.0000
Healthy/lyria__P0302__b21.png,Healthy,P0302,premolar,0,Healthy,0.0001,0.9999,0.0000,0.0000
Healthy/lyria__P0302__b22.png,Healthy,P0302,premolar,0,Healthy,0.0002,0.9998,0.0000,0.0000
Healthy/lyria__P0030__b0.png,Healthy,P0030,incisor,0,Healthy,0.0000,0.9973,0.0000,0.0027
Healthy/lyria__P0030__b1.png,Healthy,P0030,incisor,0,Healthy,0.0000,0.9746,0.0000,0.0254
Healthy/lyria__P0030__b2.png,Healthy,P0030,incisor,0,Healthy,0.0000,0.9996,0.0000,0.0004
Healthy/lyria__P0306__b1.png,Healthy,P0306,1st molar,0,Healthy,0.0000,1.0000,0.0000,0.0000
Healthy/lyria__P0306__b2.png,Healthy,P0306,premolar,0,Healthy,0.0000,1.0000,0.0000,0.0000
Healthy/lyria__P0306__b4.png,Healthy,P0306,canine,0,Healthy,0.0000,1.0000,0.0000,0.0000
Healthy/lyria__P0306__b5.png,Healthy,P0306,incisor,0,Healthy,0.0000,0.9999,0.0000,0.0001
Healthy/lyria__P0306__b6.png,Healthy,P0306,incisor,0,Healthy,0.0000,0.9948,0.0000,0.0052
Healthy/lyria__P0306__b7.png,Healthy,P0306,incisor,0,Healthy,0.0000,1.0000,0.0000,0.0000
Healthy/lyria__P0306__b8.png,Healthy,P0306,incisor,0,Healthy,0.0000,1.0000,0.0000,0.0000
Healthy/lyria__P0306__b9.png,Healthy,P0306,canine,0,Healthy,0.0031,0.9966,0.0003,0.0000
Healthy/lyria__P0306__b10.png,Healthy,P0306,premolar,0,Healthy,0.0001,0.9998,0.0000,0.0000
Healthy/lyria__P0306__b11.png,Healthy,P0306,premolar,0,Healthy,0.0000,1.0000,0.0000,0.0000
Healthy/lyria__P0306__b12.png,Healthy,P0306,1st molar,0,Healthy,0.0001,0.9999,0.0000,0.0000
Healthy/lyria__P0306__b13.png,Healthy,P0306,2nd molar,0,Healthy,0.0000,1.0000,0.0000,0.0000
Healthy/lyria__P0306__b14.png,Healthy,P0306,2nd molar,0,Healthy,0.0000,1.0000,0.0000,0.0000
Healthy/lyria__P0306__b15.png,Healthy,P0306,1st molar,0,Healthy,0.0000,0.9997,0.0003,0.0000
Healthy/lyria__P0306__b16.png,Healthy,P0306,premolar,0,Healthy,0.0007,0.9981,0.0000,0.0012
Healthy/lyria__P0306__b17.png,Healthy,P0306,premolar,0,Healthy,0.0007,0.9988,0.0002,0.0003
Healthy/lyria__P0306__b18.png,Healthy,P0306,canine,0,Healthy,0.0004,0.9986,0.0000,0.0010
Healthy/lyria__P0306__b19.png,Healthy,P0306,incisor,0,Healthy,0.0000,1.0000,0.0000,0.0000
Healthy/lyria__P0306__b20.png,Healthy,P0306,incisor,0,Healthy,0.0000,0.9996,0.0000,0.0004
Healthy/lyria__P0306__b21.png,Healthy,P0306,incisor,0,Healthy,0.0000,1.0000,0.0000,0.0000
Healthy/lyria__P0306__b22.png,Healthy,P0306,canine,0,Healthy,0.0007,0.9992,0.0000,0.0001
Healthy/lyria__P0306__b23.png,Healthy,P0306,premolar,0,Healthy,0.0001,0.9998,0.0000,0.0001
Healthy/lyria__P0306__b24.png,Healthy,P0306,premolar,0,Healthy,0.0001,0.9999,0.0000,0.0000
Healthy/lyria__P0306__b25.png,Healthy,P0306,1st molar,0,Healthy,0.0000,1.0000,0.0000,0.0000
Healthy/lyria__P0306__b26.png,Healthy,P0306,2nd molar,0,Healthy,0.0000,1.0000,0.0000,0.0000
Healthy/lyria__P0306__b27.png,Healthy,P0306,3rd molar,0,Healthy,0.0001,0.8705,0.1294,0.0000
Healthy/lyria__P0307__b0.png,Healthy,P0307,incisor,0,Healthy,0.0000,0.9999,0.0000,0.0001
Healthy/lyria__P0307__b1.png,Healthy,P0307,incisor,0,Healthy,0.0002,0.9998,0.0000,0.0000
Healthy/lyria__P0307__b3.png,Healthy,P0307,incisor,0,Healthy,0.0000,0.9999,0.0000,0.0001
Healthy/lyria__P0309__b0.png,Healthy,P0309,canine,0,Healthy,0.0000,0.9999,0.0000,0.0000
Healthy/lyria__P0309__b1.png,Healthy,P0309,premolar,0,Healthy,0.0455,0.9420,0.0120,0.0006
Healthy/lyria__P0309__b2.png,Healthy,P0309,premolar,0,Healthy,0.0000,1.0000,0.0000,0.0000
Healthy/lyria__P0309__b3.png,Healthy,P0309,canine,0,Healthy,0.0000,1.0000,0.0000,0.0000
Healthy/lyria__P0309__b4.png,Healthy,P0309,incisor,0,Healthy,0.0000,1.0000,0.0000,0.0000
Healthy/lyria__P0309__b5.png,Healthy,P0309,incisor,0,Healthy,0.0000,1.0000,0.0000,0.0000
Healthy/lyria__P0309__b7.png,Healthy,P0309,incisor,0,Healthy,0.0000,1.0000,0.0000,0.0000
Healthy/lyria__P0309__b9.png,Healthy,P0309,premolar,0,Healthy,0.0000,0.9999,0.0000,0.0000
Healthy/lyria__P0031__b0.png,Healthy,P0031,incisor,0,Healthy,0.0000,0.9999,0.0000,0.0000
Healthy/lyria__P0031__b1.png,Healthy,P0031,incisor,0,Healthy,0.0000,1.0000,0.0000,0.0000
Healthy/lyria__P0312__b0.png,Healthy,P0312,1st molar,0,Healthy,0.0023,0.8461,0.1507,0.0008
Healthy/lyria__P0312__b1.png,Healthy,P0312,canine,0,Healthy,0.0000,1.0000,0.0000,0.0000
Healthy/lyria__P0312__b3.png,Healthy,P0312,incisor,0,Healthy,0.0000,0.9978,0.0000,0.0022
Healthy/lyria__P0312__b4.png,Healthy,P0312,incisor,0,Healthy,0.0000,1.0000,0.0000,0.0000
Healthy/lyria__P0312__b5.png,Healthy,P0312,canine,0,Healthy,0.1402,0.8595,0.0000,0.0002
Healthy/lyria__P0312__b6.png,Healthy,P0312,canine,0,Healthy,0.0000,1.0000,0.0000,0.0000
Healthy/lyria__P0312__b7.png,Healthy,P0312,incisor,0,Healthy,0.0000,0.9998,0.0000,0.0002
Healthy/lyria__P0312__b8.png,Healthy,P0312,incisor,0,Healthy,0.0000,0.9997,0.0000,0.0002
Healthy/lyria__P0312__b9.png,Healthy,P0312,incisor,0,Healthy,0.0000,0.9990,0.0000,0.0010
Healthy/lyria__P0312__b11.png,Healthy,P0312,canine,0,Healthy,0.0000,0.9999,0.0001,0.0000
Healthy/lyria__P0312__b12.png,Healthy,P0312,premolar,0,Healthy,0.0000,0.9999,0.0000,0.0000
Healthy/lyria__P0313__b1.png,Healthy,P0313,incisor,0,Healthy,0.0002,0.9998,0.0000,0.0000
Healthy/lyria__P0314__b0.png,Healthy,P0314,canine,0,Healthy,0.0005,0.9884,0.0111,0.0001
Healthy/lyria__P0314__b1.png,Healthy,P0314,incisor,0,Healthy,0.0014,0.9213,0.0774,0.0000
Healthy/lyria__P0314__b2.png,Healthy,P0314,incisor,0,Healthy,0.0001,0.9392,0.0607,0.0000
Healthy/lyria__P0314__b3.png,Healthy,P0314,incisor,0,Healthy,0.0002,0.9853,0.0144,0.0000
Healthy/lyria__P0315__b0.png,Healthy,P0315,2nd molar,0,Healthy,0.0000,1.0000,0.0000,0.0000
Healthy/lyria__P0315__b1.png,Healthy,P0315,canine,0,Healthy,0.0002,0.9997,0.0000,0.0002
Healthy/lyria__P0315__b2.png,Healthy,P0315,incisor,0,Healthy,0.0001,0.9998,0.0000,0.0002
Healthy/lyria__P0315__b3.png,Healthy,P0315,incisor,0,Healthy,0.0030,0.9970,0.0000,0.0000
Healthy/lyria__P0315__b4.png,Healthy,P0315,incisor,0,Healthy,0.0018,0.9961,0.0000,0.0021
Healthy/lyria__P0315__b5.png,Healthy,P0315,incisor,0,Healthy,0.0000,1.0000,0.0000,0.0000
Healthy/lyria__P0316__b1.png,Healthy,P0316,1st molar,0,Healthy,0.0000,1.0000,0.0000,0.0000
Healthy/lyria__P0316__b2.png,Healthy,P0316,premolar,0,Healthy,0.1126,0.8866,0.0000,0.0008
Healthy/lyria__P0316__b3.png,Healthy,P0316,premolar,0,Healthy,0.0054,0.9946,0.0000,0.0000
Healthy/lyria__P0316__b4.png,Healthy,P0316,canine,0,Healthy,0.0002,0.9997,0.0000,0.0000
Healthy/lyria__P0316__b5.png,Healthy,P0316,canine,0,Healthy,0.3585,0.6411,0.0000,0.0004
Healthy/lyria__P0316__b6.png,Healthy,P0316,premolar,0,Healthy,0.0067,0.9922,0.0001,0.0010
Healthy/lyria__P0316__b7.png,Healthy,P0316,premolar,0,Healthy,0.0120,0.9867,0.0001,0.0012
Healthy/lyria__P0316__b8.png,Healthy,P0316,1st molar,0,Healthy,0.0000,1.0000,0.0000,0.0000
Healthy/lyria__P0316__b9.png,Healthy,P0316,3rd molar,0,Healthy,0.0000,1.0000,0.0000,0.0000
Healthy/lyria__P0316__b11.png,Healthy,P0316,canine,0,Healthy,0.0000,1.0000,0.0000,0.0000
Healthy/lyria__P0316__b12.png,Healthy,P0316,premolar,0,Healthy,0.0000,0.9997,0.0000,0.0002
Healthy/lyria__P0032__b0.png,Healthy,P0032,canine,0,Healthy,0.0756,0.9243,0.0000,0.0001
Healthy/lyria__P0032__b1.png,Healthy,P0032,canine,0,Healthy,0.0000,1.0000,0.0000,0.0000
Healthy/lyria__P0032__b4.png,Healthy,P0032,incisor,0,Healthy,0.0000,0.9987,0.0000,0.0012
Healthy/lyria__P0032__b5.png,Healthy,P0032,incisor,0,Healthy,0.0007,0.9990,0.0000,0.0003
Healthy/lyria__P0032__b6.png,Healthy,P0032,canine,0,Healthy,0.0003,0.9996,0.0000,0.0001
Healthy/lyria__P0319__b0.png,Healthy,P0319,canine,0,Healthy,0.0003,0.9997,0.0000,0.0000
Healthy/lyria__P0319__b1.png,Healthy,P0319,incisor,0,Healthy,0.0001,0.9999,0.0000,0.0000
Healthy/lyria__P0319__b2.png,Healthy,P0319,1st molar,0,Healthy,0.0000,1.0000,0.0000,0.0000
Healthy/lyria__P0319__b3.png,Healthy,P0319,2nd molar,0,Healthy,0.0000,1.0000,0.0000,0.0000
Healthy/lyria__P0319__b5.png,Healthy,P0319,incisor,0,Healthy,0.0024,0.9878,0.0000,0.0097
Healthy/lyria__P0319__b6.png,Healthy,P0319,incisor,0,Healthy,0.0003,0.9965,0.0000,0.0032
Healthy/lyria__P0319__b7.png,Healthy,P0319,incisor,0,Healthy,0.0002,0.9966,0.0000,0.0032
Healthy/lyria__P0319__b9.png,Healthy,P0319,canine,0,Healthy,0.0001,0.9999,0.0000,0.0000
Healthy/lyria__P0320__b0.png,Healthy,P0320,2nd molar,0,Impacted,0.0022,0.4632,0.5339,0.0007
Healthy/lyria__P0320__b1.png,Healthy,P0320,1st molar,0,Healthy,0.0000,0.9999,0.0000,0.0000
Healthy/lyria__P0320__b2.png,Healthy,P0320,premolar,0,Healthy,0.0000,0.9999,0.0000,0.0000
Healthy/lyria__P0320__b3.png,Healthy,P0320,premolar,0,Healthy,0.0004,0.9996,0.0000,0.0000
Healthy/lyria__P0320__b4.png,Healthy,P0320,canine,0,Healthy,0.0000,1.0000,0.0000,0.0000
Healthy/lyria__P0320__b5.png,Healthy,P0320,incisor,0,Healthy,0.0000,1.0000,0.0000,0.0000
Healthy/lyria__P0320__b6.png,Healthy,P0320,incisor,0,Healthy,0.0001,0.9997,0.0001,0.0000
Healthy/lyria__P0320__b7.png,Healthy,P0320,incisor,0,Healthy,0.0000,1.0000,0.0000,0.0000
Healthy/lyria__P0320__b8.png,Healthy,P0320,incisor,0,Healthy,0.0000,0.9998,0.0001,0.0001
Healthy/lyria__P0320__b9.png,Healthy,P0320,canine,0,Healthy,0.0000,1.0000,0.0000,0.0000
Healthy/lyria__P0320__b10.png,Healthy,P0320,premolar,0,Healthy,0.0000,1.0000,0.0000,0.0000
Healthy/lyria__P0320__b11.png,Healthy,P0320,premolar,0,Healthy,0.0000,1.0000,0.0000,0.0000
Healthy/lyria__P0320__b12.png,Healthy,P0320,1st molar,0,Healthy,0.0001,0.9697,0.0300,0.0002
Healthy/lyria__P0320__b13.png,Healthy,P0320,2nd molar,0,Impacted,0.0000,0.0300,0.9699,0.0000
Healthy/lyria__P0320__b14.png,Healthy,P0320,1st molar,0,Healthy,0.0002,0.9447,0.0548,0.0003
Healthy/lyria__P0320__b15.png,Healthy,P0320,premolar,0,Healthy,0.0004,0.9983,0.0012,0.0001
Healthy/lyria__P0320__b16.png,Healthy,P0320,premolar,0,Healthy,0.0005,0.9991,0.0004,0.0000
Healthy/lyria__P0320__b17.png,Healthy,P0320,canine,0,Healthy,0.0002,0.9971,0.0026,0.0000
Healthy/lyria__P0320__b18.png,Healthy,P0320,incisor,0,Healthy,0.0004,0.9996,0.0000,0.0000
Healthy/lyria__P0320__b19.png,Healthy,P0320,incisor,0,Healthy,0.0000,1.0000,0.0000,0.0000
Healthy/lyria__P0320__b20.png,Healthy,P0320,incisor,0,Healthy,0.0000,1.0000,0.0000,0.0000
Healthy/lyria__P0320__b21.png,Healthy,P0320,incisor,0,Healthy,0.0000,0.9993,0.0007,0.0000
Healthy/lyria__P0320__b22.png,Healthy,P0320,canine,0,Healthy,0.0006,0.9886,0.0108,0.0000
Healthy/lyria__P0320__b23.png,Healthy,P0320,premolar,0,Healthy,0.0001,0.9999,0.0000,0.0000
Healthy/lyria__P0320__b25.png,Healthy,P0320,1st molar,0,Healthy,0.0000,1.0000,0.0000,0.0000
Healthy/lyria__P0320__b26.png,Healthy,P0320,2nd molar,0,Healthy,0.0001,0.9808,0.0192,0.0000
Healthy/lyria__P0321__b0.png,Healthy,P0321,canine,0,Healthy,0.0006,0.9991,0.0001,0.0002
Healthy/lyria__P0321__b1.png,Healthy,P0321,premolar,0,Healthy,0.0056,0.8208,0.1735,0.0002
Healthy/lyria__P0321__b2.png,Healthy,P0321,canine,0,Healthy,0.0002,0.9998,0.0000,0.0000
Healthy/lyria__P0321__b4.png,Healthy,P0321,incisor,0,Healthy,0.0000,1.0000,0.0000,0.0000
Healthy/lyria__P0321__b6.png,Healthy,P0321,incisor,0,Healthy,0.0000,1.0000,0.0000,0.0000
Healthy/lyria__P0321__b7.png,Healthy,P0321,canine,0,Healthy,0.0001,0.9905,0.0093,0.0001
Healthy/lyria__P0321__b8.png,Healthy,P0321,premolar,0,Healthy,0.0022,0.9897,0.0079,0.0002
Healthy/lyria__P0322__b1.png,Healthy,P0322,1st molar,0,Healthy,0.0000,1.0000,0.0000,0.0000
Healthy/lyria__P0322__b2.png,Healthy,P0322,premolar,0,Healthy,0.0000,1.0000,0.0000,0.0000
Healthy/lyria__P0322__b3.png,Healthy,P0322,premolar,0,Healthy,0.0002,0.9997,0.0000,0.0000
Healthy/lyria__P0322__b4.png,Healthy,P0322,canine,0,Healthy,0.0004,0.9996,0.0000,0.0000
Healthy/lyria__P0322__b5.png,Healthy,P0322,incisor,0,Healthy,0.0000,1.0000,0.0000,0.0000
Healthy/lyria__P0322__b6.png,Healthy,P0322,incisor,0,Healthy,0.0000,0.9996,0.0000,0.0004
Healthy/lyria__P0322__b7.png,Healthy,P0322,incisor,0,Healthy,0.0000,0.9980,0.0002,0.0017
Healthy/lyria__P0322__b8.png,Healthy,P0322,incisor,0,Healthy,0.0000,0.9991,0.0000,0.0009
Healthy/lyria__P0322__b9.png,Healthy,P0322,canine,0,Healthy,0.0000,0.9999,0.0000,0.0001
Healthy/lyria__P0322__b11.png,Healthy,P0322,premolar,0,Healthy,0.0002,0.9997,0.0000,0.0000
Healthy/lyria__P0322__b12.png,Healthy,P0322,1st molar,0,Healthy,0.0000,1.0000,0.0000,0.0000
Healthy/lyria__P0322__b13.png,Healthy,P0322,2nd molar,0,Healthy,0.0000,1.0000,0.0000,0.0000
Healthy/lyria__P0322__b14.png,Healthy,P0322,3rd molar,0,Healthy,0.0001,0.9998,0.0001,0.0000
Healthy/lyria__P0322__b15.png,Healthy,P0322,incisor,0,Healthy,0.0000,1.0000,0.0000,0.0000
Healthy/lyria__P0322__b16.png,Healthy,P0322,canine,0,Healthy,0.0000,1.0000,0.0000,0.0000
Healthy/lyria__P0322__b17.png,Healthy,P0322,premolar,0,Healthy,0.0000,1.0000,0.0000,0.0000
Healthy/lyria__P0322__b18.png,Healthy,P0322,premolar,0,Healthy,0.0000,1.0000,0.0000,0.0000
Healthy/lyria__P0322__b19.png,Healthy,P0322,1st molar,0,Healthy,0.0000,1.0000,0.0000,0.0000
Healthy/lyria__P0322__b20.png,Healthy,P0322,2nd molar,0,Healthy,0.0000,1.0000,0.0000,0.0000
Healthy/lyria__P0322__b21.png,Healthy,P0322,3rd molar,0,Healthy,0.0000,1.0000,0.0000,0.0000
Healthy/lyria__P0322__b22.png,Healthy,P0322,incisor,0,Healthy,0.0000,1.0000,0.0000,0.0000
Healthy/lyria__P0322__b23.png,Healthy,P0322,incisor,0,Healthy,0.0000,0.9957,0.0000,0.0042
Healthy/lyria__P0322__b24.png,Healthy,P0322,incisor,0,Healthy,0.0000,0.9999,0.0000,0.0001
Healthy/lyria__P0322__b25.png,Healthy,P0322,canine,0,Healthy,0.0000,1.0000,0.0000,0.0000
Healthy/lyria__P0322__b26.png,Healthy,P0322,premolar,0,Healthy,0.0000,1.0000,0.0000,0.0000
Healthy/lyria__P0322__b27.png,Healthy,P0322,premolar,0,Healthy,0.0000,1.0000,0.0000,0.0000
Healthy/lyria__P0322__b28.png,Healthy,P0322,2nd molar,0,Healthy,0.0000,1.0000,0.0000,0.0000
Healthy/lyria__P0322__b29.png,Healthy,P0322,3rd molar,0,Healthy,0.0000,0.9998,0.0002,0.0000
Healthy/lyria__P0323__b0.png,Healthy,P0323,2nd molar,0,Healthy,0.0000,1.0000,0.0000,0.0000
Healthy/lyria__P0323__b1.png,Healthy,P0323,1st molar,0,Healthy,0.0000,1.0000,0.0000,0.0000
Healthy/lyria__P0323__b2.png,Healthy,P0323,premolar,0,Healthy,0.0036,0.9964,0.0000,0.0000
Healthy/lyria__P0323__b3.png,Healthy,P0323,premolar,0,Healthy,0.0004,0.9989,0.0000,0.0006
Healthy/lyria__P0323__b5.png,Healthy,P0323,incisor,0,Healthy,0.0030,0.9968,0.0001,0.0000
Healthy/lyria__P0323__b6.png,Healthy,P0323,incisor,0,Healthy,0.0310,0.9679,0.0001,0.0011
Healthy/lyria__P0323__b7.png,Healthy,P0323,incisor,0,Healthy,0.0001,0.9998,0.0000,0.0000
Healthy/lyria__P0323__b8.png,Healthy,P0323,incisor,0,Healthy,0.0001,0.9999,0.0000,0.0000
Healthy/lyria__P0323__b9.png,Healthy,P0323,canine,0,Healthy,0.0011,0.9988,0.0000,0.0001
Healthy/lyria__P0323__b10.png,Healthy,P0323,premolar,0,Healthy,0.0015,0.9985,0.0000,0.0000
Healthy/lyria__P0323__b12.png,Healthy,P0323,1st molar,0,Healthy,0.0068,0.9932,0.0000,0.0000
Healthy/lyria__P0323__b13.png,Healthy,P0323,2nd molar,0,Healthy,0.0006,0.9888,0.0098,0.0009
Healthy/lyria__P0323__b14.png,Healthy,P0323,2nd molar,0,Healthy,0.0000,0.9974,0.0026,0.0000
Healthy/lyria__P0323__b15.png,Healthy,P0323,premolar,0,Healthy,0.0000,1.0000,0.0000,0.0000
Healthy/lyria__P0323__b16.png,Healthy,P0323,premolar,0,Healthy,0.0000,1.0000,0.0000,0.0000
Healthy/lyria__P0323__b17.png,Healthy,P0323,canine,0,Healthy,0.0000,0.9999,0.0001,0.0000
Healthy/lyria__P0323__b18.png,Healthy,P0323,incisor,0,Healthy,0.0000,0.9998,0.0001,0.0000
Healthy/lyria__P0323__b19.png,Healthy,P0323,incisor,0,Healthy,0.0003,0.9996,0.0001,0.0000
Healthy/lyria__P0323__b20.png,Healthy,P0323,incisor,0,Healthy,0.0000,0.9997,0.0002,0.0000
Healthy/lyria__P0323__b21.png,Healthy,P0323,incisor,0,Healthy,0.0001,0.9998,0.0001,0.0000
Healthy/lyria__P0323__b22.png,Healthy,P0323,canine,0,Healthy,0.0000,0.9990,0.0010,0.0000
Healthy/lyria__P0323__b23.png,Healthy,P0323,premolar,0,Healthy,0.0000,1.0000,0.0000,0.0000
Healthy/lyria__P0323__b24.png,Healthy,P0323,premolar,0,Healthy,0.0000,1.0000,0.0000,0.0000
Healthy/lyria__P0324__b0.png,Healthy,P0324,3rd molar,0,Healthy,0.0000,1.0000,0.0000,0.0000
Healthy/lyria__P0324__b1.png,Healthy,P0324,2nd molar,0,Healthy,0.0000,1.0000,0.0000,0.0000
Healthy/lyria__P0324__b2.png,Healthy,P0324,premolar,0,Healthy,0.0000,0.9999,0.0000,0.0000
Healthy/lyria__P0324__b3.png,Healthy,P0324,premolar,0,Healthy,0.0003,0.9997,0.0000,0.0000
Healthy/lyria__P0324__b4.png,Healthy,P0324,canine,0,Healthy,0.0001,0.9999,0.0000,0.0000
Healthy/lyria__P0324__b5.png,Healthy,P0324,incisor,0,Healthy,0.0000,0.9999,0.0000,0.0000
Healthy/lyria__P0324__b6.png,Healthy,P0324,incisor,0,Healthy,0.0000,0.9999,0.0000,0.0000
Healthy/lyria__P0324__b7.png,Healthy,P0324,incisor,0,Healthy,0.0000,0.9992,0.0000,0.0008
Healthy/lyria__P0324__b8.png,Healthy,P0324,incisor,0,Healthy,0.0000,1.0000,0.0000,0.0000
Healthy/lyria__P0324__b9.png,Healthy,P0324,canine,0,Healthy,0.0000,0.9999,0.0000,0.0000
Healthy/lyria__P0324__b10.png,Healthy,P0324,premolar,0,Healthy,0.0001,0.9999,0.0000,0.0000
Healthy/lyria__P0324__b11.png,Healthy,P0324,premolar,0,Healthy,0.0080,0.9920,0.0000,0.0000
Healthy/lyria__P0324__b12.png,Healthy,P0324,2nd molar,0,Healthy,0.0000,1.0000,0.0000,0.0000
Healthy/lyria__P0324__b13.png,Healthy,P0324,3rd molar,0,Healthy,0.0000,1.0000,0.0000,0.0000
Healthy/lyria__P0324__b14.png,Healthy,P0324,3rd molar,0,Healthy,0.0000,0.9737,0.0263,0.0000
Healthy/lyria__P0324__b15.png,Healthy,P0324,premolar,0,Healthy,0.0000,1.0000,0.0000,0.0000
Healthy/lyria__P0324__b16.png,Healthy,P0324,premolar,0,Healthy,0.0000,0.9999,0.0000,0.0000
Healthy/lyria__P0324__b17.png,Healthy,P0324,canine,0,Healthy,0.0001,0.9999,0.0000,0.0000
Healthy/lyria__P0324__b18.png,Healthy,P0324,incisor,0,Healthy,0.0001,0.9999,0.0000,0.0000
Healthy/lyria__P0324__b19.png,Healthy,P0324,incisor,0,Healthy,0.0000,1.0000,0.0000,0.0000
Healthy/lyria__P0324__b20.png,Healthy,P0324,incisor,0,Healthy,0.0000,1.0000,0.0000,0.0000
Healthy/lyria__P0324__b21.png,Healthy,P0324,incisor,0,Healthy,0.0000,1.0000,0.0000,0.0000
Healthy/lyria__P0324__b22.png,Healthy,P0324,canine,0,Healthy,0.0003,0.9996,0.0001,0.0000
Healthy/lyria__P0324__b23.png,Healthy,P0324,premolar,0,Healthy,0.0000,1.0000,0.0000,0.0000
Healthy/lyria__P0324__b24.png,Healthy,P0324,premolar,0,Healthy,0.0000,1.0000,0.0000,0.0000
Healthy/lyria__P0328__b0.png,Healthy,P0328,premolar,0,Healthy,0.0129,0.9871,0.0000,0.0000
Healthy/lyria__P0328__b3.png,Healthy,P0328,incisor,0,Healthy,0.0000,0.9998,0.0000,0.0002
Healthy/lyria__P0328__b4.png,Healthy,P0328,incisor,0,Healthy,0.0000,1.0000,0.0000,0.0000
Healthy/lyria__P0328__b5.png,Healthy,P0328,incisor,0,Healthy,0.0000,0.9998,0.0001,0.0001
Healthy/lyria__P0033__b0.png,Healthy,P0033,premolar,0,Healthy,0.0098,0.9868,0.0000,0.0034
Healthy/lyria__P0033__b1.png,Healthy,P0033,premolar,0,Healthy,0.0022,0.9976,0.0000,0.0002
Healthy/lyria__P0033__b2.png,Healthy,P0033,canine,0,Healthy,0.0001,0.9998,0.0000,0.0000
Healthy/lyria__P0033__b3.png,Healthy,P0033,2nd molar,0,Healthy,0.0000,0.9999,0.0001,0.0000
Healthy/lyria__P0033__b4.png,Healthy,P0033,2nd molar,0,Healthy,0.0269,0.4974,0.4756,0.0001
Healthy/lyria__P0033__b6.png,Healthy,P0033,incisor,0,Healthy,0.0000,0.9999,0.0000,0.0001
Healthy/lyria__P0033__b7.png,Healthy,P0033,incisor,0,Healthy,0.0000,0.9999,0.0000,0.0001
Healthy/lyria__P0033__b8.png,Healthy,P0033,incisor,0,Healthy,0.0000,1.0000,0.0000,0.0000
Healthy/lyria__P0033__b9.png,Healthy,P0033,incisor,0,Healthy,0.0000,0.9999,0.0000,0.0001
Healthy/lyria__P0033__b10.png,Healthy,P0033,canine,0,Healthy,0.0000,0.9999,0.0000,0.0001
Healthy/lyria__P0033__b11.png,Healthy,P0033,premolar,0,Healthy,0.0000,1.0000,0.0000,0.0000
Healthy/lyria__P0033__b12.png,Healthy,P0033,premolar,0,Healthy,0.0000,0.9999,0.0000,0.0001
Healthy/lyria__P0033__b13.png,Healthy,P0033,2nd molar,0,Healthy,0.2052,0.7869,0.0079,0.0001
Healthy/lyria__P0332__b0.png,Healthy,P0332,canine,0,Healthy,0.0003,0.9972,0.0023,0.0003
Healthy/lyria__P0332__b1.png,Healthy,P0332,incisor,0,Healthy,0.0000,0.9999,0.0000,0.0000
Healthy/lyria__P0332__b4.png,Healthy,P0332,incisor,0,Healthy,0.0001,0.9990,0.0005,0.0004
Healthy/lyria__P0332__b5.png,Healthy,P0332,canine,0,Healthy,0.0002,0.9853,0.0144,0.0002
Healthy/lyria__P0333__b0.png,Healthy,P0333,2nd molar,0,Healthy,0.0001,0.9989,0.0010,0.0000
Healthy/lyria__P0333__b1.png,Healthy,P0333,1st molar,0,Healthy,0.0000,0.9998,0.0002,0.0000
Healthy/lyria__P0333__b2.png,Healthy,P0333,premolar,0,Healthy,0.0003,0.9996,0.0000,0.0000
Healthy/lyria__P0333__b3.png,Healthy,P0333,premolar,0,Healthy,0.0023,0.9973,0.0003,0.0001
Healthy/lyria__P0333__b4.png,Healthy,P0333,canine,0,Healthy,0.0009,0.9991,0.0000,0.0000
Healthy/lyria__P0333__b5.png,Healthy,P0333,incisor,0,Healthy,0.0000,1.0000,0.0000,0.0000
Healthy/lyria__P0333__b6.png,Healthy,P0333,incisor,0,Healthy,0.0047,0.9937,0.0007,0.0009
Healthy/lyria__P0333__b7.png,Healthy,P0333,incisor,0,Healthy,0.0000,0.9960,0.0000,0.0039
Healthy/lyria__P0333__b8.png,Healthy,P0333,incisor,0,Healthy,0.0034,0.9960,0.0000,0.0006
Healthy/lyria__P0333__b9.png,Healthy,P0333,canine,0,Healthy,0.0001,0.9998,0.0000,0.0001
Healthy/lyria__P0333__b10.png,Healthy,P0333,premolar,0,Healthy,0.0003,0.9969,0.0000,0.0028
Healthy/lyria__P0333__b11.png,Healthy,P0333,premolar,0,Healthy,0.0001,0.9933,0.0006,0.0060
Healthy/lyria__P0333__b12.png,Healthy,P0333,1st molar,0,Healthy,0.0005,0.9987,0.0007,0.0001
Healthy/lyria__P0333__b13.png,Healthy,P0333,2nd molar,0,Healthy,0.0000,0.9964,0.0035,0.0000
Healthy/lyria__P0333__b14.png,Healthy,P0333,2nd molar,0,Healthy,0.0012,0.6416,0.3571,0.0002
Healthy/lyria__P0333__b15.png,Healthy,P0333,1st molar,0,Healthy,0.0000,0.9990,0.0010,0.0000
Healthy/lyria__P0333__b16.png,Healthy,P0333,premolar,0,Healthy,0.0002,0.9987,0.0011,0.0000
Healthy/lyria__P0333__b17.png,Healthy,P0333,premolar,0,Healthy,0.0004,0.9996,0.0001,0.0000
Healthy/lyria__P0333__b18.png,Healthy,P0333,canine,0,Healthy,0.0003,0.9997,0.0000,0.0000
Healthy/lyria__P0333__b20.png,Healthy,P0333,incisor,0,Healthy,0.0011,0.9826,0.0163,0.0000
Healthy/lyria__P0333__b21.png,Healthy,P0333,incisor,0,Healthy,0.0002,0.9901,0.0096,0.0000
Healthy/lyria__P0333__b22.png,Healthy,P0333,incisor,0,Healthy,0.0000,0.9997,0.0000,0.0003
Healthy/lyria__P0333__b23.png,Healthy,P0333,canine,0,Healthy,0.0000,0.9997,0.0003,0.0000
Healthy/lyria__P0333__b24.png,Healthy,P0333,premolar,0,Healthy,0.0000,0.9999,0.0000,0.0000
Healthy/lyria__P0333__b25.png,Healthy,P0333,premolar,0,Healthy,0.0003,0.9995,0.0002,0.0000
Healthy/lyria__P0333__b26.png,Healthy,P0333,1st molar,0,Healthy,0.0000,0.9981,0.0013,0.0006
Healthy/lyria__P0333__b27.png,Healthy,P0333,2nd molar,0,Healthy,0.0000,1.0000,0.0000,0.0000
Healthy/lyria__P0034__b0.png,Healthy,P0034,3rd molar,0,Healthy,0.0000,0.9417,0.0578,0.0004
Healthy/lyria__P0034__b1.png,Healthy,P0034,incisor,0,Healthy,0.0000,0.9997,0.0000,0.0002
Healthy/lyria__P0034__b2.png,Healthy,P0034,incisor,0,Healthy,0.0000,0.9985,0.0003,0.0012
Healthy/lyria__P0034__b3.png,Healthy,P0034,incisor,0,Healthy,0.0000,1.0000,0.0000,0.0000
Healthy/lyria__P0335__b0.png,Healthy,P0335,3rd molar,0,Healthy,0.0001,0.9994,0.0002,0.0004
Healthy/lyria__P0335__b1.png,Healthy,P0335,2nd molar,0,Healthy,0.0002,0.9986,0.0000,0.0012
Healthy/lyria__P0335__b2.png,Healthy,P0335,premolar,0,Healthy,0.0001,0.9999,0.0000,0.0000
Healthy/lyria__P0335__b3.png,Healthy,P0335,premolar,0,Healthy,0.0002,0.9998,0.0000,0.0000
Healthy/lyria__P0335__b4.png,Healthy,P0335,canine,0,Healthy,0.0000,0.9992,0.0000,0.0008
Healthy/lyria__P0335__b5.png,Healthy,P0335,incisor,0,Healthy,0.0001,0.9992,0.0000,0.0007
Healthy/lyria__P0335__b7.png,Healthy,P0335,incisor,0,Healthy,0.0000,0.9999,0.0000,0.0001
Healthy/lyria__P0335__b8.png,Healthy,P0335,canine,0,Healthy,0.0003,0.9960,0.0000,0.0037
Healthy/lyria__P0335__b9.png,Healthy,P0335,premolar,0,Healthy,0.0000,0.9999,0.0000,0.0000
Healthy/lyria__P0335__b10.png,Healthy,P0335,premolar,0,Healthy,0.0001,0.9997,0.0000,0.0002
Healthy/lyria__P0335__b11.png,Healthy,P0335,3rd molar,0,Healthy,0.0006,0.9984,0.0008,0.0003
Healthy/lyria__P0335__b12.png,Healthy,P0335,2nd molar,0,Healthy,0.0004,0.9988,0.0008,0.0001
Healthy/lyria__P0335__b13.png,Healthy,P0335,premolar,0,Healthy,0.0001,0.9999,0.0000,0.0000
Healthy/lyria__P0335__b14.png,Healthy,P0335,premolar,0,Healthy,0.0000,1.0000,0.0000,0.0000
Healthy/lyria__P0335__b15.png,Healthy,P0335,canine,0,Healthy,0.0000,0.9999,0.0000,0.0001
Healthy/lyria__P0335__b16.png,Healthy,P0335,incisor,0,Healthy,0.0000,0.9997,0.0000,0.0002
Healthy/lyria__P0335__b17.png,Healthy,P0335,incisor,0,Healthy,0.0000,0.9999,0.0000,0.0001
Healthy/lyria__P0335__b18.png,Healthy,P0335,incisor,0,Healthy,0.0000,0.9999,0.0000,0.0001
Healthy/lyria__P0335__b19.png,Healthy,P0335,incisor,0,Healthy,0.0001,0.9999,0.0000,0.0001
Healthy/lyria__P0335__b20.png,Healthy,P0335,canine,0,Healthy,0.0000,0.9999,0.0000,0.0001
Healthy/lyria__P0335__b21.png,Healthy,P0335,premolar,0,Healthy,0.0000,1.0000,0.0000,0.0000
Healthy/lyria__P0335__b22.png,Healthy,P0335,premolar,0,Healthy,0.0003,0.9997,0.0000,0.0000
Healthy/lyria__P0335__b23.png,Healthy,P0335,3rd molar,0,Healthy,0.0000,0.9999,0.0000,0.0000
Healthy/lyria__P0336__b0.png,Healthy,P0336,3rd molar,0,Healthy,0.0001,0.9999,0.0000,0.0000
Healthy/lyria__P0336__b1.png,Healthy,P0336,2nd molar,0,Healthy,0.0012,0.9947,0.0000,0.0040
Healthy/lyria__P0336__b2.png,Healthy,P0336,premolar,0,Healthy,0.0000,1.0000,0.0000,0.0000
Healthy/lyria__P0336__b3.png,Healthy,P0336,premolar,0,Healthy,0.0000,0.9999,0.0000,0.0000
Healthy/lyria__P0336__b4.png,Healthy,P0336,canine,0,Healthy,0.0000,0.9998,0.0000,0.0001
Healthy/lyria__P0336__b5.png,Healthy,P0336,incisor,0,Healthy,0.0000,0.9992,0.0000,0.0007
Healthy/lyria__P0336__b6.png,Healthy,P0336,incisor,0,Healthy,0.0000,0.9993,0.0000,0.0006
Healthy/lyria__P0336__b7.png,Healthy,P0336,incisor,0,Healthy,0.0000,0.9999,0.0000,0.0001
Healthy/lyria__P0336__b8.png,Healthy,P0336,canine,0,Healthy,0.0002,0.9993,0.0000,0.0005
Healthy/lyria__P0336__b9.png,Healthy,P0336,premolar,0,Healthy,0.0004,0.9977,0.0000,0.0019
Healthy/lyria__P0336__b10.png,Healthy,P0336,premolar,0,Healthy,0.0005,0.9913,0.0000,0.0082
Healthy/lyria__P0336__b11.png,Healthy,P0336,3rd molar,0,Healthy,0.0012,0.9984,0.0003,0.0002
Healthy/lyria__P0336__b12.png,Healthy,P0336,3rd molar,0,Healthy,0.0017,0.9978,0.0001,0.0003
Healthy/lyria__P0336__b14.png,Healthy,P0336,premolar,0,Healthy,0.0000,0.9999,0.0000,0.0001
Healthy/lyria__P0336__b15.png,Healthy,P0336,canine,0,Healthy,0.0000,1.0000,0.0000,0.0000
Healthy/lyria__P0336__b16.png,Healthy,P0336,incisor,0,Healthy,0.0000,1.0000,0.0000,0.0000
Healthy/lyria__P0336__b17.png,Healthy,P0336,incisor,0,Healthy,0.0000,0.9994,0.0000,0.0006
Healthy/lyria__P0336__b18.png,Healthy,P0336,incisor,0,Healthy,0.0000,1.0000,0.0000,0.0000
Healthy/lyria__P0336__b19.png,Healthy,P0336,incisor,0,Healthy,0.0000,0.9999,0.0000,0.0001
Healthy/lyria__P0336__b21.png,Healthy,P0336,premolar,0,Healthy,0.0000,1.0000,0.0000,0.0000
Healthy/lyria__P0336__b22.png,Healthy,P0336,premolar,0,Healthy,0.0008,0.9980,0.0012,0.0000
Healthy/lyria__P0336__b23.png,Healthy,P0336,3rd molar,0,Healthy,0.0003,0.9994,0.0001,0.0002
Healthy/lyria__P0337__b0.png,Healthy,P0337,3rd molar,0,Healthy,0.0001,0.9999,0.0000,0.0000
Healthy/lyria__P0337__b1.png,Healthy,P0337,premolar,0,Healthy,0.0099,0.9901,0.0000,0.0000
Healthy/lyria__P0337__b2.png,Healthy,P0337,canine,0,Healthy,0.0001,0.9999,0.0000,0.0000
Healthy/lyria__P0337__b3.png,Healthy,P0337,incisor,0,Healthy,0.0000,1.0000,0.0000,0.0000
Healthy/lyria__P0337__b4.png,Healthy,P0337,incisor,0,Healthy,0.0000,1.0000,0.0000,0.0000
Healthy/lyria__P0337__b5.png,Healthy,P0337,incisor,0,Healthy,0.0002,0.9994,0.0004,0.0000
Healthy/lyria__P0337__b6.png,Healthy,P0337,incisor,0,Healthy,0.0000,1.0000,0.0000,0.0000
Healthy/lyria__P0337__b7.png,Healthy,P0337,canine,0,Healthy,0.0528,0.9472,0.0000,0.0000
Healthy/lyria__P0337__b8.png,Healthy,P0337,premolar,0,Healthy,0.0000,1.0000,0.0000,0.0000
Healthy/lyria__P0337__b9.png,Healthy,P0337,premolar,0,Healthy,0.0000,0.9999,0.0000,0.0000
Healthy/lyria__P0337__b10.png,Healthy,P0337,canine,0,Healthy,0.0000,1.0000,0.0000,0.0000
Healthy/lyria__P0337__b11.png,Healthy,P0337,incisor,0,Healthy,0.0000,0.9999,0.0000,0.0001
Healthy/lyria__P0337__b12.png,Healthy,P0337,incisor,0,Healthy,0.0000,0.9997,0.0001,0.0002
Healthy/lyria__P0337__b13.png,Healthy,P0337,incisor,0,Healthy,0.0000,1.0000,0.0000,0.0000
Healthy/lyria__P0337__b15.png,Healthy,P0337,canine,0,Healthy,0.0000,1.0000,0.0000,0.0000
Healthy/lyria__P0337__b16.png,Healthy,P0337,premolar,0,Healthy,0.0000,1.0000,0.0000,0.0000
Healthy/lyria__P0337__b17.png,Healthy,P0337,premolar,0,Healthy,0.0000,1.0000,0.0000,0.0000
Healthy/lyria__P0339__b0.png,Healthy,P0339,2nd molar,0,Healthy,0.0000,1.0000,0.0000,0.0000
Healthy/lyria__P0339__b1.png,Healthy,P0339,1st molar,0,Healthy,0.0000,1.0000,0.0000,0.0000
Healthy/lyria__P0339__b2.png,Healthy,P0339,premolar,0,Healthy,0.0047,0.9950,0.0000,0.0003
Healthy/lyria__P0339__b3.png,Healthy,P0339,premolar,0,Healthy,0.0071,0.9929,0.0000,0.0000
Healthy/lyria__P0339__b4.png,Healthy,P0339,canine,0,Healthy,0.0028,0.9972,0.0000,0.0000
Healthy/lyria__P0339__b6.png,Healthy,P0339,incisor,0,Healthy,0.0000,0.9994,0.0000,0.0005
Healthy/lyria__P0339__b7.png,Healthy,P0339,incisor,0,Healthy,0.0000,1.0000,0.0000,0.0000
Healthy/lyria__P0339__b8.png,Healthy,P0339,incisor,0,Healthy,0.0000,1.0000,0.0000,0.0000
Healthy/lyria__P0339__b9.png,Healthy,P0339,canine,0,Healthy,0.0002,0.9998,0.0000,0.0000
Healthy/lyria__P0339__b10.png,Healthy,P0339,premolar,0,Healthy,0.0057,0.9943,0.0000,0.0000
Healthy/lyria__P0339__b11.png,Healthy,P0339,premolar,0,Healthy,0.0001,0.9999,0.0000,0.0000
Healthy/lyria__P0339__b12.png,Healthy,P0339,2nd molar,0,Healthy,0.0001,0.9999,0.0000,0.0000
Healthy/lyria__P0339__b13.png,Healthy,P0339,2nd molar,0,Healthy,0.0000,1.0000,0.0000,0.0000
Healthy/lyria__P0339__b14.png,Healthy,P0339,1st molar,0,Healthy,0.0000,1.0000,0.0000,0.0000
Healthy/lyria__P0339__b15.png,Healthy,P0339,premolar,0,Healthy,0.0000,1.0000,0.0000,0.0000
Healthy/lyria__P0339__b16.png,Healthy,P0339,premolar,0,Healthy,0.0202,0.9797,0.0001,0.0000
Healthy/lyria__P0339__b17.png,Healthy,P0339,canine,0,Healthy,0.0005,0.9995,0.0000,0.0000
Healthy/lyria__P0339__b18.png,Healthy,P0339,incisor,0,Healthy,0.0000,0.9999,0.0000,0.0000
Healthy/lyria__P0339__b19.png,Healthy,P0339,incisor,0,Healthy,0.0000,1.0000,0.0000,0.0000
Healthy/lyria__P0339__b21.png,Healthy,P0339,incisor,0,Healthy,0.0000,1.0000,0.0000,0.0000
Healthy/lyria__P0339__b22.png,Healthy,P0339,canine,0,Healthy,0.0000,1.0000,0.0000,0.0000
Healthy/lyria__P0339__b23.png,Healthy,P0339,premolar,0,Healthy,0.0000,1.0000,0.0000,0.0000
Healthy/lyria__P0339__b24.png,Healthy,P0339,premolar,0,Healthy,0.0000,1.0000,0.0000,0.0000
Healthy/lyria__P0339__b25.png,Healthy,P0339,1st molar,0,Healthy,0.0000,1.0000,0.0000,0.0000
Healthy/lyria__P0339__b26.png,Healthy,P0339,2nd molar,0,Healthy,0.0000,1.0000,0.0000,0.0000
Healthy/lyria__P0342__b0.png,Healthy,P0342,premolar,0,Healthy,0.2987,0.6969,0.0000,0.0044
Healthy/lyria__P0342__b2.png,Healthy,P0342,premolar,0,Healthy,0.0003,0.9879,0.0003,0.0115
Healthy/lyria__P0342__b4.png,Healthy,P0342,premolar,0,Healthy,0.0030,0.9952,0.0000,0.0018
Healthy/lyria__P0342__b5.png,Healthy,P0342,premolar,0,Healthy,0.0000,1.0000,0.0000,0.0000
Healthy/lyria__P0343__b0.png,Healthy,P0343,canine,0,Healthy,0.1816,0.8174,0.0010,0.0001
Healthy/lyria__P0343__b1.png,Healthy,P0343,incisor,0,Healthy,0.0000,0.9999,0.0000,0.0000
Healthy/lyria__P0343__b3.png,Healthy,P0343,incisor,0,Healthy,0.0000,1.0000,0.0000,0.0000
Healthy/lyria__P0343__b4.png,Healthy,P0343,incisor,0,Healthy,0.0000,0.9999,0.0000,0.0001
Healthy/lyria__P0343__b5.png,Healthy,P0343,canine,0,Healthy,0.0000,1.0000,0.0000,0.0000
Healthy/lyria__P0344__b1.png,Healthy,P0344,premolar,0,Healthy,0.0002,0.9994,0.0003,0.0000
Healthy/lyria__P0344__b2.png,Healthy,P0344,canine,0,Healthy,0.0000,1.0000,0.0000,0.0000
Healthy/lyria__P0344__b3.png,Healthy,P0344,incisor,0,Healthy,0.0003,0.9995,0.0002,0.0000
Healthy/lyria__P0344__b4.png,Healthy,P0344,incisor,0,Healthy,0.0004,0.9894,0.0062,0.0041
Healthy/lyria__P0344__b5.png,Healthy,P0344,incisor,0,Healthy,0.0000,0.9996,0.0004,0.0000
Healthy/lyria__P0344__b6.png,Healthy,P0344,incisor,0,Healthy,0.0000,0.9999,0.0001,0.0001
Healthy/lyria__P0344__b7.png,Healthy,P0344,canine,0,Healthy,0.0000,1.0000,0.0000,0.0000
Healthy/lyria__P0344__b8.png,Healthy,P0344,premolar,0,Healthy,0.0001,0.9999,0.0000,0.0000
Healthy/lyria__P0344__b9.png,Healthy,P0344,premolar,0,Healthy,0.0007,0.9990,0.0003,0.0000
Healthy/lyria__P0344__b10.png,Healthy,P0344,2nd molar,0,Healthy,0.0000,1.0000,0.0000,0.0000
Healthy/lyria__P0344__b11.png,Healthy,P0344,premolar,0,Healthy,0.0000,0.9999,0.0001,0.0000
Healthy/lyria__P0344__b12.png,Healthy,P0344,premolar,0,Healthy,0.0000,1.0000,0.0000,0.0000
Healthy/lyria__P0344__b13.png,Healthy,P0344,canine,0,Healthy,0.0000,0.9997,0.0002,0.0001
Healthy/lyria__P0344__b14.png,Healthy,P0344,incisor,0,Healthy,0.0000,1.0000,0.0000,0.0000
Healthy/lyria__P0344__b15.png,Healthy,P0344,incisor,0,Healthy,0.0000,1.0000,0.0000,0.0000
Healthy/lyria__P0344__b16.png,Healthy,P0344,incisor,0,Healthy,0.0000,0.9999,0.0000,0.0000
Healthy/lyria__P0344__b17.png,Healthy,P0344,incisor,0,Healthy,0.0001,0.9999,0.0000,0.0000
Healthy/lyria__P0344__b18.png,Healthy,P0344,canine,0,Healthy,0.0000,1.0000,0.0000,0.0000
Healthy/lyria__P0344__b19.png,Healthy,P0344,premolar,0,Healthy,0.0000,1.0000,0.0000,0.0000
Healthy/lyria__P0344__b20.png,Healthy,P0344,premolar,0,Healthy,0.0008,0.9880,0.0113,0.0000
Healthy/lyria__P0344__b21.png,Healthy,P0344,2nd molar,0,Healthy,0.0000,0.9937,0.0063,0.0000
Healthy/lyria__P0345__b0.png,Healthy,P0345,3rd molar,0,Healthy,0.0000,0.9984,0.0016,0.0000
Healthy/lyria__P0345__b1.png,Healthy,P0345,2nd molar,0,Healthy,0.0000,0.9999,0.0001,0.0000
Healthy/lyria__P0345__b2.png,Healthy,P0345,1st molar,0,Healthy,0.0001,0.9999,0.0000,0.0000
Healthy/lyria__P0345__b3.png,Healthy,P0345,premolar,0,Healthy,0.0016,0.9981,0.0003,0.0000
Healthy/lyria__P0345__b4.png,Healthy,P0345,premolar,0,Healthy,0.0003,0.9996,0.0000,0.0000
Healthy/lyria__P0345__b5.png,Healthy,P0345,canine,0,Healthy,0.0228,0.9772,0.0000,0.0000
Healthy/lyria__P0345__b6.png,Healthy,P0345,incisor,0,Healthy,0.0001,0.9996,0.0000,0.0003
Healthy/lyria__P0345__b7.png,Healthy,P0345,incisor,0,Healthy,0.0001,0.9998,0.0001,0.0000
Healthy/lyria__P0345__b8.png,Healthy,P0345,incisor,0,Healthy,0.0000,0.9998,0.0000,0.0002
Healthy/lyria__P0345__b9.png,Healthy,P0345,incisor,0,Healthy,0.0001,0.9995,0.0000,0.0004
Healthy/lyria__P0345__b10.png,Healthy,P0345,canine,0,Healthy,0.0008,0.9991,0.0000,0.0000
Healthy/lyria__P0345__b11.png,Healthy,P0345,premolar,0,Healthy,0.0042,0.9958,0.0000,0.0000
Healthy/lyria__P0345__b13.png,Healthy,P0345,2nd molar,0,Healthy,0.0000,1.0000,0.0000,0.0000
Healthy/lyria__P0345__b14.png,Healthy,P0345,3rd molar,0,Healthy,0.0000,1.0000,0.0000,0.0000
Healthy/lyria__P0345__b15.png,Healthy,P0345,2nd molar,0,Healthy,0.0000,1.0000,0.0000,0.0000
Healthy/lyria__P0345__b17.png,Healthy,P0345,premolar,0,Healthy,0.0001,0.9999,0.0000,0.0000
Healthy/lyria__P0345__b18.png,Healthy,P0345,canine,0,Healthy,0.0000,1.0000,0.0000,0.0000
Healthy/lyria__P0345__b19.png,Healthy,P0345,incisor,0,Healthy,0.0000,1.0000,0.0000,0.0000
Healthy/lyria__P0345__b20.png,Healthy,P0345,incisor,0,Healthy,0.0000,0.9998,0.0000,0.0002
Healthy/lyria__P0345__b21.png,Healthy,P0345,incisor,0,Healthy,0.0000,0.9998,0.0000,0.0002
Healthy/lyria__P0345__b22.png,Healthy,P0345,incisor,0,Healthy,0.0000,1.0000,0.0000,0.0000
Healthy/lyria__P0345__b23.png,Healthy,P0345,canine,0,Healthy,0.0024,0.9975,0.0000,0.0001
Healthy/lyria__P0345__b24.png,Healthy,P0345,premolar,0,Healthy,0.0006,0.9993,0.0000,0.0000
Healthy/lyria__P0345__b25.png,Healthy,P0345,premolar,0,Healthy,0.0001,0.9998,0.0001,0.0000
Healthy/lyria__P0345__b26.png,Healthy,P0345,2nd molar,0,Healthy,0.0000,1.0000,0.0000,0.0000
Healthy/lyria__P0035__b0.png,Healthy,P0035,premolar,0,Healthy,0.0001,0.9818,0.0173,0.0008
Healthy/lyria__P0035__b1.png,Healthy,P0035,canine,0,Healthy,0.0000,1.0000,0.0000,0.0000
Healthy/lyria__P0035__b2.png,Healthy,P0035,incisor,0,Healthy,0.0001,0.9996,0.0000,0.0003
Healthy/lyria__P0035__b5.png,Healthy,P0035,incisor,0,Healthy,0.0001,0.9987,0.0000,0.0012
Healthy/lyria__P0035__b6.png,Healthy,P0035,canine,0,Healthy,0.0000,0.9943,0.0053,0.0004
Healthy/lyria__P0346__b0.png,Healthy,P0346,2nd molar,0,Healthy,0.0008,0.9858,0.0134,0.0001
Healthy/lyria__P0346__b1.png,Healthy,P0346,canine,0,Healthy,0.0001,0.9999,0.0000,0.0000
Healthy/lyria__P0346__b2.png,Healthy,P0346,incisor,0,Healthy,0.0000,1.0000,0.0000,0.0000
Healthy/lyria__P0346__b3.png,Healthy,P0346,canine,0,Healthy,0.0000,1.0000,0.0000,0.0000
Healthy/lyria__P0346__b4.png,Healthy,P0346,canine,0,Healthy,0.0000,0.9996,0.0004,0.0000
Healthy/lyria__P0346__b5.png,Healthy,P0346,incisor,0,Healthy,0.0000,1.0000,0.0000,0.0000
Healthy/lyria__P0346__b6.png,Healthy,P0346,incisor,0,Healthy,0.0000,0.9999,0.0001,0.0000
Healthy/lyria__P0346__b8.png,Healthy,P0346,incisor,0,Healthy,0.0000,1.0000,0.0000,0.0000
Healthy/lyria__P0346__b9.png,Healthy,P0346,canine,0,Healthy,0.0000,0.9996,0.0004,0.0000
Healthy/lyria__P0347__b0.png,Healthy,P0347,1st molar,0,Healthy,0.0005,0.9994,0.0000,0.0000
Healthy/lyria__P0347__b1.png,Healthy,P0347,canine,0,Healthy,0.0004,0.9996,0.0000,0.0000
Healthy/lyria__P0347__b2.png,Healthy,P0347,incisor,0,Healthy,0.0000,1.0000,0.0000,0.0000
Healthy/lyria__P0347__b3.png,Healthy,P0347,incisor,0,Healthy,0.0000,0.9997,0.0000,0.0002
Healthy/lyria__P0347__b5.png,Healthy,P0347,incisor,0,Healthy,0.0000,1.0000,0.0000,0.0000
Healthy/lyria__P0347__b6.png,Healthy,P0347,canine,0,Healthy,0.0000,1.0000,0.0000,0.0000
Healthy/lyria__P0347__b7.png,Healthy,P0347,premolar,0,Healthy,0.0031,0.9969,0.0000,0.0000
Healthy/lyria__P0347__b8.png,Healthy,P0347,2nd molar,0,Healthy,0.0000,1.0000,0.0000,0.0000
Healthy/lyria__P0347__b9.png,Healthy,P0347,premolar,0,Healthy,0.0000,1.0000,0.0000,0.0000
Healthy/lyria__P0347__b10.png,Healthy,P0347,canine,0,Healthy,0.0000,1.0000,0.0000,0.0000
Healthy/lyria__P0347__b11.png,Healthy,P0347,incisor,0,Healthy,0.0000,1.0000,0.0000,0.0000
Healthy/lyria__P0347__b12.png,Healthy,P0347,incisor,0,Healthy,0.0000,0.9997,0.0001,0.0001
Healthy/lyria__P0347__b13.png,Healthy,P0347,incisor,0,Healthy,0.0003,0.9997,0.0000,0.0000
Healthy/lyria__P0347__b14.png,Healthy,P0347,incisor,0,Healthy,0.0000,0.9999,0.0001,0.0000
Healthy/lyria__P0347__b15.png,Healthy,P0347,canine,0,Healthy,0.0000,1.0000,0.0000,0.0000
Healthy/lyria__P0347__b16.png,Healthy,P0347,premolar,0,Healthy,0.0000,1.0000,0.0000,0.0000
Healthy/lyria__P0347__b17.png,Healthy,P0347,premolar,0,Healthy,0.0018,0.9977,0.0004,0.0000
Healthy/lyria__P0348__b1.png,Healthy,P0348,canine,0,Healthy,0.0000,1.0000,0.0000,0.0000
Healthy/lyria__P0348__b3.png,Healthy,P0348,incisor,0,Healthy,0.0000,1.0000,0.0000,0.0000
Healthy/lyria__P0348__b4.png,Healthy,P0348,incisor,0,Healthy,0.0000,1.0000,0.0000,0.0000
Healthy/lyria__P0348__b5.png,Healthy,P0348,incisor,0,Healthy,0.0000,1.0000,0.0000,0.0000
Healthy/lyria__P0348__b6.png,Healthy,P0348,canine,0,Healthy,0.0000,0.9999,0.0000,0.0000
Healthy/lyria__P0348__b7.png,Healthy,P0348,premolar,0,Healthy,0.0000,1.0000,0.0000,0.0000
Healthy/lyria__P0348__b8.png,Healthy,P0348,premolar,0,Healthy,0.0000,0.9999,0.0000,0.0000
Healthy/lyria__P0349__b0.png,Healthy,P0349,premolar,0,Healthy,0.2014,0.7984,0.0002,0.0000
Healthy/lyria__P0349__b1.png,Healthy,P0349,canine,0,Healthy,0.0001,0.9995,0.0000,0.0003
Healthy/lyria__P0349__b2.png,Healthy,P0349,incisor,0,Healthy,0.0000,1.0000,0.0000,0.0000
Healthy/lyria__P0349__b3.png,Healthy,P0349,incisor,0,Healthy,0.0000,0.9999,0.0000,0.0001
Healthy/lyria__P0349__b4.png,Healthy,P0349,incisor,0,Healthy,0.0000,0.9999,0.0000,0.0001
Healthy/lyria__P0349__b5.png,Healthy,P0349,incisor,0,Healthy,0.0000,1.0000,0.0000,0.0000
Healthy/lyria__P0349__b6.png,Healthy,P0349,canine,0,Healthy,0.0000,1.0000,0.0000,0.0000
Healthy/lyria__P0349__b7.png,Healthy,P0349,premolar,0,Healthy,0.0000,0.9919,0.0000,0.0081
Healthy/lyria__P0349__b8.png,Healthy,P0349,2nd molar,0,Healthy,0.0030,0.9964,0.0000,0.0005
Healthy/lyria__P0349__b9.png,Healthy,P0349,canine,0,Healthy,0.0000,0.9999,0.0000,0.0000
Healthy/lyria__P0349__b10.png,Healthy,P0349,incisor,0,Healthy,0.0000,0.9999,0.0001,0.0000
Healthy/lyria__P0349__b11.png,Healthy,P0349,incisor,0,Healthy,0.0000,0.9993,0.0007,0.0000
Healthy/lyria__P0349__b13.png,Healthy,P0349,incisor,0,Healthy,0.0000,1.0000,0.0000,0.0000
Healthy/lyria__P0349__b14.png,Healthy,P0349,canine,0,Healthy,0.0000,1.0000,0.0000,0.0000
Healthy/lyria__P0353__b0.png,Healthy,P0353,canine,0,Healthy,0.0000,0.9999,0.0000,0.0001
Healthy/lyria__P0353__b1.png,Healthy,P0353,premolar,0,Healthy,0.0000,1.0000,0.0000,0.0000
Healthy/lyria__P0353__b2.png,Healthy,P0353,premolar,0,Healthy,0.0000,1.0000,0.0000,0.0000
Healthy/lyria__P0353__b3.png,Healthy,P0353,premolar,0,Healthy,0.0000,0.9999,0.0000,0.0000
Healthy/lyria__P0353__b4.png,Healthy,P0353,canine,0,Healthy,0.0004,0.9996,0.0000,0.0000
Healthy/lyria__P0353__b5.png,Healthy,P0353,incisor,0,Healthy,0.0001,0.9996,0.0002,0.0000
Healthy/lyria__P0353__b7.png,Healthy,P0353,incisor,0,Healthy,0.0001,0.9999,0.0000,0.0000
Healthy/lyria__P0353__b8.png,Healthy,P0353,premolar,0,Healthy,0.0004,0.9988,0.0008,0.0000
Healthy/lyria__P0353__b9.png,Healthy,P0353,premolar,0,Healthy,0.3012,0.6931,0.0037,0.0020
Healthy/lyria__P0354__b1.png,Healthy,P0354,canine,0,Healthy,0.0000,0.9999,0.0000,0.0001
Healthy/lyria__P0354__b2.png,Healthy,P0354,premolar,0,Healthy,0.0000,0.9999,0.0000,0.0000
Healthy/lyria__P0354__b3.png,Healthy,P0354,canine,0,Healthy,0.0000,1.0000,0.0000,0.0000
Healthy/lyria__P0354__b4.png,Healthy,P0354,incisor,0,Healthy,0.0028,0.9972,0.0000,0.0000
Healthy/lyria__P0354__b5.png,Healthy,P0354,incisor,0,Healthy,0.0000,0.9998,0.0000,0.0001
Healthy/lyria__P0354__b7.png,Healthy,P0354,incisor,0,Healthy,0.0000,1.0000,0.0000,0.0000
Healthy/lyria__P0354__b8.png,Healthy,P0354,canine,0,Healthy,0.0000,1.0000,0.0000,0.0000
Healthy/lyria__P0354__b9.png,Healthy,P0354,premolar,0,Healthy,0.0001,0.9999,0.0000,0.0000
Healthy/lyria__P0354__b10.png,Healthy,P0354,premolar,0,Healthy,0.0000,1.0000,0.0000,0.0000
Healthy/lyria__P0356__b0.png,Healthy,P0356,2nd molar,0,Healthy,0.0002,0.9992,0.0007,0.0000
Healthy/lyria__P0356__b1.png,Healthy,P0356,1st molar,0,Healthy,0.0000,0.9999,0.0001,0.0000
Healthy/lyria__P0356__b3.png,Healthy,P0356,premolar,0,Healthy,0.0000,1.0000,0.0000,0.0000
Healthy/lyria__P0356__b4.png,Healthy,P0356,canine,0,Healthy,0.0000,1.0000,0.0000,0.0000
Healthy/lyria__P0356__b5.png,Healthy,P0356,incisor,0,Healthy,0.0000,0.9999,0.0000,0.0001
Healthy/lyria__P0356__b6.png,Healthy,P0356,incisor,0,Healthy,0.0000,1.0000,0.0000,0.0000
Healthy/lyria__P0356__b7.png,Healthy,P0356,canine,0,Healthy,0.0000,1.0000,0.0000,0.0000
Healthy/lyria__P0356__b8.png,Healthy,P0356,premolar,0,Healthy,0.0000,1.0000,0.0000,0.0000
Healthy/lyria__P0356__b9.png,Healthy,P0356,premolar,0,Healthy,0.0000,1.0000,0.0000,0.0000
Healthy/lyria__P0356__b10.png,Healthy,P0356,2nd molar,0,Healthy,0.0001,0.9975,0.0023,0.0002
Healthy/lyria__P0356__b12.png,Healthy,P0356,premolar,0,Healthy,0.0000,1.0000,0.0000,0.0000
Healthy/lyria__P0356__b13.png,Healthy,P0356,premolar,0,Healthy,0.0000,1.0000,0.0000,0.0000
Healthy/lyria__P0356__b14.png,Healthy,P0356,canine,0,Healthy,0.0000,1.0000,0.0000,0.0000
Healthy/lyria__P0356__b15.png,Healthy,P0356,incisor,0,Healthy,0.0000,0.9999,0.0000,0.0000
Healthy/lyria__P0356__b16.png,Healthy,P0356,incisor,0,Healthy,0.0000,1.0000,0.0000,0.0000
Healthy/lyria__P0356__b17.png,Healthy,P0356,incisor,0,Healthy,0.0000,1.0000,0.0000,0.0000
Healthy/lyria__P0356__b18.png,Healthy,P0356,incisor,0,Healthy,0.0000,1.0000,0.0000,0.0000
Healthy/lyria__P0356__b19.png,Healthy,P0356,premolar,0,Healthy,0.0001,0.9999,0.0000,0.0000
Healthy/lyria__P0356__b20.png,Healthy,P0356,premolar,0,Healthy,0.0153,0.9826,0.0017,0.0004
Healthy/lyria__P0359__b0.png,Healthy,P0359,2nd molar,0,Healthy,0.0001,0.8701,0.1296,0.0002
Healthy/lyria__P0359__b1.png,Healthy,P0359,canine,0,Healthy,0.0012,0.9988,0.0000,0.0000
Healthy/lyria__P0359__b2.png,Healthy,P0359,canine,0,Healthy,0.0001,0.9999,0.0000,0.0000
Healthy/lyria__P0359__b3.png,Healthy,P0359,premolar,0,Healthy,0.0009,0.9991,0.0000,0.0000
Healthy/lyria__P0359__b4.png,Healthy,P0359,2nd molar,0,Healthy,0.0004,0.9875,0.0034,0.0087
Healthy/lyria__P0359__b5.png,Healthy,P0359,premolar,0,Healthy,0.0003,0.9996,0.0000,0.0001
Healthy/lyria__P0359__b6.png,Healthy,P0359,premolar,0,Healthy,0.0000,1.0000,0.0000,0.0000
Healthy/lyria__P0359__b7.png,Healthy,P0359,canine,0,Healthy,0.0000,1.0000,0.0000,0.0000
Healthy/lyria__P0359__b9.png,Healthy,P0359,incisor,0,Healthy,0.0000,1.0000,0.0000,0.0000
Healthy/lyria__P0359__b10.png,Healthy,P0359,premolar,0,Healthy,0.0000,1.0000,0.0000,0.0000
Healthy/lyria__P0359__b11.png,Healthy,P0359,premolar,0,Healthy,0.0039,0.9952,0.0006,0.0003
Healthy/lyria__P0359__b12.png,Healthy,P0359,2nd molar,0,Healthy,0.0016,0.9904,0.0079,0.0000
Healthy/lyria__P0361__b0.png,Healthy,P0361,canine,0,Healthy,0.0000,1.0000,0.0000,0.0000
Healthy/lyria__P0361__b2.png,Healthy,P0361,incisor,0,Healthy,0.0000,1.0000,0.0000,0.0000
Healthy/lyria__P0361__b3.png,Healthy,P0361,incisor,0,Healthy,0.0000,1.0000,0.0000,0.0000
Healthy/lyria__P0361__b4.png,Healthy,P0361,incisor,0,Healthy,0.0000,0.9995,0.0001,0.0004
Healthy/lyria__P0361__b5.png,Healthy,P0361,canine,0,Healthy,0.0000,0.9999,0.0000,0.0000
Healthy/lyria__P0362__b0.png,Healthy,P0362,canine,0,Healthy,0.1251,0.6665,0.0000,0.2084
Healthy/lyria__P0362__b3.png,Healthy,P0362,incisor,0,Healthy,0.0000,0.9999,0.0000,0.0001
Healthy/lyria__P0362__b4.png,Healthy,P0362,incisor,0,Healthy,0.0000,0.9999,0.0000,0.0001
Healthy/lyria__P0362__b5.png,Healthy,P0362,incisor,0,Healthy,0.0003,0.9992,0.0000,0.0005
Healthy/lyria__P0037__b0.png,Healthy,P0037,incisor,0,Healthy,0.0000,0.9980,0.0000,0.0020
Healthy/lyria__P0037__b2.png,Healthy,P0037,premolar,0,Healthy,0.0001,0.9996,0.0001,0.0001
Healthy/lyria__P0037__b3.png,Healthy,P0037,canine,0,Healthy,0.0000,0.9999,0.0000,0.0000
Healthy/lyria__P0037__b5.png,Healthy,P0037,incisor,0,Healthy,0.0007,0.9960,0.0000,0.0033
Healthy/lyria__P0037__b6.png,Healthy,P0037,canine,0,Healthy,0.0000,0.9998,0.0000,0.0001
Healthy/lyria__P0364__b0.png,Healthy,P0364,3rd molar,0,Healthy,0.0000,0.9965,0.0035,0.0000
Healthy/lyria__P0364__b1.png,Healthy,P0364,2nd molar,0,Healthy,0.0000,1.0000,0.0000,0.0000
Healthy/lyria__P0364__b2.png,Healthy,P0364,canine,0,Healthy,0.0000,1.0000,0.0000,0.0000
Healthy/lyria__P0364__b3.png,Healthy,P0364,incisor,0,Healthy,0.0000,0.9999,0.0000,0.0001
Healthy/lyria__P0364__b4.png,Healthy,P0364,incisor,0,Healthy,0.0000,0.9980,0.0002,0.0018
Healthy/lyria__P0364__b5.png,Healthy,P0364,canine,0,Healthy,0.0000,1.0000,0.0000,0.0000
Healthy/lyria__P0364__b6.png,Healthy,P0364,canine,0,Healthy,0.0000,1.0000,0.0000,0.0000
Healthy/lyria__P0364__b7.png,Healthy,P0364,incisor,0,Healthy,0.0005,0.9995,0.0000,0.0000
Healthy/lyria__P0364__b8.png,Healthy,P0364,incisor,0,Healthy,0.0001,0.9998,0.0000,0.0001
Healthy/lyria__P0364__b10.png,Healthy,P0364,incisor,0,Healthy,0.0005,0.9995,0.0000,0.0000
Healthy/lyria__P0367__b1.png,Healthy,P0367,2nd molar,0,Healthy,0.0029,0.9920,0.0014,0.0036
Healthy/lyria__P0367__b2.png,Healthy,P0367,premolar,0,Healthy,0.0000,0.9995,0.0000,0.0004
Healthy/lyria__P0367__b3.png,Healthy,P0367,premolar,0,Healthy,0.0000,0.9998,0.0000,0.0001
Healthy/lyria__P0367__b4.png,Healthy,P0367,canine,0,Healthy,0.0001,0.9998,0.0000,0.0001
Healthy/lyria__P0367__b5.png,Healthy,P0367,incisor,0,Healthy,0.0012,0.9983,0.0000,0.0005
Healthy/lyria__P0367__b6.png,Healthy,P0367,incisor,0,Healthy,0.0012,0.9936,0.0004,0.0048
Healthy/lyria__P0367__b7.png,Healthy,P0367,canine,0,Healthy,0.0000,0.9998,0.0000,0.0001
Healthy/lyria__P0367__b8.png,Healthy,P0367,premolar,0,Healthy,0.0021,0.9978,0.0000,0.0001
Healthy/lyria__P0367__b9.png,Healthy,P0367,premolar,0,Healthy,0.0258,0.9717,0.0000,0.0025
Healthy/lyria__P0367__b10.png,Healthy,P0367,2nd molar,0,Healthy,0.2088,0.5822,0.0023,0.2067
Healthy/lyria__P0367__b11.png,Healthy,P0367,3rd molar,0,Healthy,0.1244,0.5929,0.0974,0.1852
Healthy/lyria__P0368__b0.png,Healthy,P0368,2nd molar,0,Healthy,0.1516,0.6927,0.1553,0.0004
Healthy/lyria__P0368__b1.png,Healthy,P0368,premolar,0,Healthy,0.0793,0.9201,0.0001,0.0005
Healthy/lyria__P0368__b2.png,Healthy,P0368,premolar,0,Healthy,0.0019,0.9981,0.0000,0.0000
Healthy/lyria__P0368__b3.png,Healthy,P0368,canine,0,Healthy,0.0004,0.9996,0.0000,0.0000
Healthy/lyria__P0368__b4.png,Healthy,P0368,incisor,0,Healthy,0.0000,1.0000,0.0000,0.0000
Healthy/lyria__P0368__b5.png,Healthy,P0368,premolar,0,Healthy,0.0004,0.9994,0.0000,0.0002
Healthy/lyria__P0368__b6.png,Healthy,P0368,premolar,0,Healthy,0.0108,0.9853,0.0001,0.0038
Healthy/lyria__P0368__b7.png,Healthy,P0368,3rd molar,0,Impacted,0.0003,0.1983,0.8011,0.0003
Healthy/lyria__P0368__b8.png,Healthy,P0368,premolar,0,Healthy,0.0058,0.9593,0.0340,0.0008
Healthy/lyria__P0368__b10.png,Healthy,P0368,canine,0,Healthy,0.0073,0.9903,0.0013,0.0011
Healthy/lyria__P0368__b11.png,Healthy,P0368,incisor,0,Healthy,0.0002,0.9995,0.0000,0.0002
Healthy/lyria__P0368__b12.png,Healthy,P0368,incisor,0,Healthy,0.0001,0.9997,0.0000,0.0002
Healthy/lyria__P0368__b14.png,Healthy,P0368,incisor,0,Healthy,0.0000,1.0000,0.0000,0.0000
Healthy/lyria__P0368__b15.png,Healthy,P0368,canine,0,Healthy,0.0000,0.9999,0.0000,0.0000
Healthy/lyria__P0368__b16.png,Healthy,P0368,premolar,0,Healthy,0.0000,1.0000,0.0000,0.0000
Healthy/lyria__P0368__b17.png,Healthy,P0368,premolar,0,Healthy,0.0001,0.9999,0.0000,0.0000
Healthy/lyria__P0370__b1.png,Healthy,P0370,canine,0,Healthy,0.0203,0.9794,0.0000,0.0002
Healthy/lyria__P0370__b2.png,Healthy,P0370,canine,0,Healthy,0.2941,0.7055,0.0001,0.0003
Healthy/lyria__P0370__b3.png,Healthy,P0370,incisor,0,Healthy,0.0000,0.9999,0.0000,0.0000
Healthy/lyria__P0370__b4.png,Healthy,P0370,incisor,0,Healthy,0.0001,0.9995,0.0003,0.0000
Healthy/lyria__P0370__b5.png,Healthy,P0370,incisor,0,Healthy,0.0079,0.9900,0.0016,0.0005
Healthy/lyria__P0370__b6.png,Healthy,P0370,incisor,0,Healthy,0.0002,0.9993,0.0005,0.0000
Healthy/lyria__P0370__b7.png,Healthy,P0370,canine,0,Healthy,0.0551,0.9441,0.0004,0.0004
Healthy/lyria__P0038__b0.png,Healthy,P0038,2nd molar,0,Healthy,0.0000,1.0000,0.0000,0.0000
Healthy/lyria__P0038__b1.png,Healthy,P0038,1st molar,0,Healthy,0.0000,1.0000,0.0000,0.0000
Healthy/lyria__P0038__b2.png,Healthy,P0038,premolar,0,Healthy,0.0002,0.9990,0.0000,0.0008
Healthy/lyria__P0038__b3.png,Healthy,P0038,premolar,0,Healthy,0.0000,0.9993,0.0000,0.0007
Healthy/lyria__P0038__b4.png,Healthy,P0038,canine,0,Healthy,0.0000,0.9999,0.0000,0.0001
Healthy/lyria__P0038__b5.png,Healthy,P0038,incisor,0,Healthy,0.0000,0.9759,0.0000,0.0240
Healthy/lyria__P0038__b6.png,Healthy,P0038,incisor,0,Healthy,0.0000,0.9967,0.0000,0.0033
Healthy/lyria__P0038__b7.png,Healthy,P0038,incisor,0,Healthy,0.0000,0.9985,0.0000,0.0014
Healthy/lyria__P0038__b8.png,Healthy,P0038,incisor,0,Healthy,0.0001,0.9901,0.0000,0.0098
Healthy/lyria__P0038__b10.png,Healthy,P0038,premolar,0,Healthy,0.0002,0.9998,0.0000,0.0000
Healthy/lyria__P0038__b11.png,Healthy,P0038,premolar,0,Healthy,0.0001,0.9998,0.0001,0.0000
Healthy/lyria__P0038__b12.png,Healthy,P0038,1st molar,0,Healthy,0.0002,0.9998,0.0000,0.0000
Healthy/lyria__P0038__b13.png,Healthy,P0038,2nd molar,0,Healthy,0.0001,0.9999,0.0000,0.0000
Healthy/lyria__P0038__b14.png,Healthy,P0038,1st molar,0,Healthy,0.0001,0.9999,0.0000,0.0000
Healthy/lyria__P0038__b15.png,Healthy,P0038,premolar,0,Healthy,0.0003,0.9984,0.0001,0.0012
Healthy/lyria__P0038__b16.png,Healthy,P0038,premolar,0,Healthy,0.0000,0.9999,0.0000,0.0001
Healthy/lyria__P0038__b17.png,Healthy,P0038,canine,0,Healthy,0.0000,1.0000,0.0000,0.0000
Healthy/lyria__P0038__b18.png,Healthy,P0038,incisor,0,Healthy,0.0000,0.9999,0.0000,0.0001
Healthy/lyria__P0038__b20.png,Healthy,P0038,incisor,0,Healthy,0.0000,0.9994,0.0000,0.0006
Healthy/lyria__P0038__b21.png,Healthy,P0038,incisor,0,Healthy,0.0000,0.9998,0.0000,0.0002
Healthy/lyria__P0038__b22.png,Healthy,P0038,canine,0,Healthy,0.0000,1.0000,0.0000,0.0000
Healthy/lyria__P0038__b23.png,Healthy,P0038,premolar,0,Healthy,0.0000,0.9998,0.0000,0.0002
Healthy/lyria__P0038__b24.png,Healthy,P0038,premolar,0,Healthy,0.0000,0.9998,0.0001,0.0001
Healthy/lyria__P0038__b25.png,Healthy,P0038,1st molar,0,Healthy,0.0000,0.9996,0.0004,0.0001
Healthy/lyria__P0374__b0.png,Healthy,P0374,canine,0,Healthy,0.0009,0.9991,0.0000,0.0000
Healthy/lyria__P0374__b1.png,Healthy,P0374,2nd molar,0,Healthy,0.0000,0.9997,0.0003,0.0000
Healthy/lyria__P0374__b2.png,Healthy,P0374,premolar,0,Healthy,0.0000,1.0000,0.0000,0.0000
Healthy/lyria__P0374__b3.png,Healthy,P0374,premolar,0,Healthy,0.0000,1.0000,0.0000,0.0000
Healthy/lyria__P0374__b4.png,Healthy,P0374,canine,0,Healthy,0.0000,1.0000,0.0000,0.0000
Healthy/lyria__P0374__b5.png,Healthy,P0374,incisor,0,Healthy,0.0000,1.0000,0.0000,0.0000
Healthy/lyria__P0374__b6.png,Healthy,P0374,incisor,0,Healthy,0.0000,0.9999,0.0000,0.0001
Healthy/lyria__P0374__b7.png,Healthy,P0374,incisor,0,Healthy,0.0000,1.0000,0.0000,0.0000
Healthy/lyria__P0374__b8.png,Healthy,P0374,incisor,0,Healthy,0.0000,0.9997,0.0000,0.0003
Healthy/lyria__P0374__b9.png,Healthy,P0374,canine,0,Healthy,0.0000,1.0000,0.0000,0.0000
Healthy/lyria__P0374__b10.png,Healthy,P0374,premolar,0,Healthy,0.0000,0.9999,0.0000,0.0000
Healthy/lyria__P0380__b1.png,Healthy,P0380,incisor,0,Healthy,0.0000,1.0000,0.0000,0.0000
Healthy/lyria__P0380__b2.png,Healthy,P0380,canine,0,Healthy,0.0005,0.9995,0.0000,0.0000
Healthy/lyria__P0382__b1.png,Healthy,P0382,3rd molar,0,Healthy,0.0001,0.9992,0.0007,0.0000
Healthy/lyria__P0382__b2.png,Healthy,P0382,canine,0,Healthy,0.0007,0.9993,0.0000,0.0000
Healthy/lyria__P0382__b3.png,Healthy,P0382,premolar,0,Healthy,0.0000,0.9999,0.0000,0.0000
Healthy/lyria__P0382__b4.png,Healthy,P0382,3rd molar,0,Healthy,0.0144,0.7933,0.1921,0.0002
Healthy/lyria__P0382__b5.png,Healthy,P0382,premolar,0,Healthy,0.0631,0.9369,0.0000,0.0000
Healthy/lyria__P0382__b6.png,Healthy,P0382,canine,0,Healthy,0.1022,0.8936,0.0001,0.0041
Healthy/lyria__P0382__b7.png,Healthy,P0382,incisor,0,Healthy,0.0028,0.9971,0.0000,0.0001
Healthy/lyria__P0382__b8.png,Healthy,P0382,canine,0,Healthy,0.0001,0.9999,0.0000,0.0000
Healthy/lyria__P0384__b1.png,Healthy,P0384,premolar,0,Healthy,0.2197,0.7800,0.0000,0.0003
Healthy/lyria__P0384__b2.png,Healthy,P0384,canine,0,Healthy,0.0020,0.9980,0.0000,0.0000
Healthy/lyria__P0384__b3.png,Healthy,P0384,incisor,0,Healthy,0.0122,0.9870,0.0000,0.0007
Healthy/lyria__P0384__b4.png,Healthy,P0384,incisor,0,Healthy,0.0011,0.9974,0.0000,0.0015
Healthy/lyria__P0384__b5.png,Healthy,P0384,canine,0,Healthy,0.0000,1.0000,0.0000,0.0000
Healthy/lyria__P0384__b6.png,Healthy,P0384,3rd molar,0,Endodontics,0.4729,0.4634,0.0633,0.0005
Healthy/lyria__P0384__b7.png,Healthy,P0384,premolar,0,Healthy,0.0000,1.0000,0.0000,0.0000
Healthy/lyria__P0384__b8.png,Healthy,P0384,premolar,0,Healthy,0.0113,0.9880,0.0000,0.0007
Healthy/lyria__P0384__b10.png,Healthy,P0384,incisor,0,Healthy,0.0000,0.9999,0.0001,0.0000
Healthy/lyria__P0384__b11.png,Healthy,P0384,incisor,0,Healthy,0.0000,1.0000,0.0000,0.0000
Healthy/lyria__P0384__b12.png,Healthy,P0384,incisor,0,Healthy,0.0000,0.9998,0.0000,0.0002
Healthy/lyria__P0384__b13.png,Healthy,P0384,incisor,0,Healthy,0.0000,1.0000,0.0000,0.0000
Healthy/lyria__P0384__b14.png,Healthy,P0384,incisor,0,Healthy,0.0000,0.9999,0.0000,0.0000
Healthy/lyria__P0384__b15.png,Healthy,P0384,canine,0,Healthy,0.0001,0.9999,0.0000,0.0000
Healthy/lyria__P0039__b0.png,Healthy,P0039,2nd molar,0,Healthy,0.0000,0.9508,0.0491,0.0000
Healthy/lyria__P0039__b1.png,Healthy,P0039,premolar,0,Healthy,0.0001,0.9999,0.0000,0.0000
Healthy/lyria__P0039__b2.png,Healthy,P0039,premolar,0,Healthy,0.0000,1.0000,0.0000,0.0000
Healthy/lyria__P0039__b3.png,Healthy,P0039,canine,0,Healthy,0.0000,1.0000,0.0000,0.0000
Healthy/lyria__P0039__b4.png,Healthy,P0039,incisor,0,Healthy,0.0000,1.0000,0.0000,0.0000
Healthy/lyria__P0039__b6.png,Healthy,P0039,incisor,0,Healthy,0.0001,0.9998,0.0001,0.0000
Healthy/lyria__P0039__b7.png,Healthy,P0039,incisor,0,Healthy,0.0000,1.0000,0.0000,0.0000
Healthy/lyria__P0039__b8.png,Healthy,P0039,canine,0,Healthy,0.0001,0.9999,0.0000,0.0000
Healthy/lyria__P0039__b10.png,Healthy,P0039,premolar,0,Healthy,0.0000,1.0000,0.0000,0.0000
Healthy/lyria__P0039__b11.png,Healthy,P0039,2nd molar,0,Healthy,0.0000,0.9586,0.0411,0.0003
Healthy/lyria__P0039__b12.png,Healthy,P0039,2nd molar,0,Healthy,0.0000,0.9992,0.0007,0.0001
Healthy/lyria__P0039__b13.png,Healthy,P0039,premolar,0,Healthy,0.0002,0.9998,0.0000,0.0000
Healthy/lyria__P0039__b14.png,Healthy,P0039,premolar,0,Healthy,0.0000,0.9999,0.0000,0.0001
Healthy/lyria__P0039__b15.png,Healthy,P0039,canine,0,Healthy,0.0000,1.0000,0.0000,0.0000
Healthy/lyria__P0039__b16.png,Healthy,P0039,incisor,0,Healthy,0.0000,0.9999,0.0001,0.0000
Healthy/lyria__P0039__b17.png,Healthy,P0039,incisor,0,Healthy,0.0000,1.0000,0.0000,0.0000
Healthy/lyria__P0039__b18.png,Healthy,P0039,incisor,0,Healthy,0.0001,0.9984,0.0001,0.0014
Healthy/lyria__P0039__b19.png,Healthy,P0039,incisor,0,Healthy,0.0000,1.0000,0.0000,0.0000
Healthy/lyria__P0039__b20.png,Healthy,P0039,canine,0,Healthy,0.0000,1.0000,0.0000,0.0000
Healthy/lyria__P0039__b21.png,Healthy,P0039,premolar,0,Healthy,0.0000,1.0000,0.0000,0.0000
Healthy/lyria__P0039__b22.png,Healthy,P0039,premolar,0,Healthy,0.0000,0.9999,0.0000,0.0000
Healthy/lyria__P0039__b23.png,Healthy,P0039,2nd molar,0,Healthy,0.0000,1.0000,0.0000,0.0000
Healthy/lyria__P0385__b0.png,Healthy,P0385,premolar,0,Healthy,0.0001,0.9999,0.0000,0.0000
Healthy/lyria__P0385__b1.png,Healthy,P0385,premolar,0,Healthy,0.0001,0.9999,0.0000,0.0000
Healthy/lyria__P0385__b3.png,Healthy,P0385,incisor,0,Healthy,0.0000,0.9996,0.0004,0.0000
Healthy/lyria__P0385__b4.png,Healthy,P0385,incisor,0,Healthy,0.0000,0.9999,0.0000,0.0001
Healthy/lyria__P0385__b5.png,Healthy,P0385,incisor,0,Healthy,0.0000,0.9999,0.0000,0.0001
Healthy/lyria__P0385__b6.png,Healthy,P0385,canine,0,Healthy,0.0000,0.9999,0.0000,0.0000
Healthy/lyria__P0385__b7.png,Healthy,P0385,premolar,0,Healthy,0.0001,0.9999,0.0000,0.0000
Healthy/lyria__P0385__b8.png,Healthy,P0385,premolar,0,Healthy,0.0003,0.9994,0.0000,0.0002
Healthy/lyria__P0385__b9.png,Healthy,P0385,3rd molar,0,Healthy,0.0000,1.0000,0.0000,0.0000
Healthy/lyria__P0385__b10.png,Healthy,P0385,3rd molar,0,Impacted,0.0000,0.4280,0.5718,0.0001
Healthy/lyria__P0385__b11.png,Healthy,P0385,2nd molar,0,Healthy,0.0000,1.0000,0.0000,0.0000
Healthy/lyria__P0385__b12.png,Healthy,P0385,premolar,0,Healthy,0.0000,1.0000,0.0000,0.0000
Healthy/lyria__P0385__b13.png,Healthy,P0385,canine,0,Healthy,0.0000,1.0000,0.0000,0.0000
Healthy/lyria__P0385__b14.png,Healthy,P0385,incisor,0,Healthy,0.0000,1.0000,0.0000,0.0000
Healthy/lyria__P0385__b15.png,Healthy,P0385,incisor,0,Healthy,0.0000,1.0000,0.0000,0.0000
Healthy/lyria__P0385__b16.png,Healthy,P0385,incisor,0,Healthy,0.0000,1.0000,0.0000,0.0000
Healthy/lyria__P0385__b18.png,Healthy,P0385,canine,0,Healthy,0.0000,1.0000,0.0000,0.0000
Healthy/lyria__P0385__b19.png,Healthy,P0385,premolar,0,Healthy,0.0000,1.0000,0.0000,0.0000
Healthy/lyria__P0385__b20.png,Healthy,P0385,premolar,0,Healthy,0.0001,0.9998,0.0000,0.0000
Healthy/lyria__P0385__b21.png,Healthy,P0385,2nd molar,0,Healthy,0.0001,0.9967,0.0032,0.0000
Healthy/lyria__P0386__b0.png,Healthy,P0386,premolar,0,Healthy,0.0000,1.0000,0.0000,0.0000
Healthy/lyria__P0386__b1.png,Healthy,P0386,canine,0,Healthy,0.0000,1.0000,0.0000,0.0000
Healthy/lyria__P0386__b2.png,Healthy,P0386,incisor,0,Healthy,0.0000,0.9995,0.0005,0.0000
Healthy/lyria__P0386__b3.png,Healthy,P0386,incisor,0,Healthy,0.0000,0.9993,0.0005,0.0002
Healthy/lyria__P0386__b5.png,Healthy,P0386,incisor,0,Healthy,0.0000,0.9988,0.0011,0.0001
Healthy/lyria__P0386__b6.png,Healthy,P0386,canine,0,Healthy,0.0000,1.0000,0.0000,0.0000
Healthy/lyria__P0386__b7.png,Healthy,P0386,premolar,0,Healthy,0.0009,0.9991,0.0000,0.0001
Healthy/lyria__P0386__b8.png,Healthy,P0386,1st molar,0,Healthy,0.0190,0.9810,0.0000,0.0001
Healthy/lyria__P0386__b10.png,Healthy,P0386,premolar,0,Healthy,0.0000,1.0000,0.0000,0.0000
Healthy/lyria__P0386__b11.png,Healthy,P0386,premolar,0,Healthy,0.0000,1.0000,0.0000,0.0000
Healthy/lyria__P0387__b0.png,Healthy,P0387,1st molar,0,Healthy,0.0000,1.0000,0.0000,0.0000
Healthy/lyria__P0387__b2.png,Healthy,P0387,1st molar,0,Healthy,0.0001,0.9999,0.0000,0.0000
Healthy/lyria__P0387__b3.png,Healthy,P0387,2nd molar,0,Healthy,0.0000,1.0000,0.0000,0.0000
Healthy/lyria__P0387__b4.png,Healthy,P0387,premolar,0,Healthy,0.0010,0.9989,0.0001,0.0000
Healthy/lyria__P0387__b5.png,Healthy,P0387,incisor,0,Healthy,0.0000,1.0000,0.0000,0.0000
Healthy/lyria__P0387__b6.png,Healthy,P0387,incisor,0,Healthy,0.0000,1.0000,0.0000,0.0000
Healthy/lyria__P0387__b7.png,Healthy,P0387,incisor,0,Healthy,0.0001,0.9999,0.0000,0.0001
Healthy/lyria__P0387__b8.png,Healthy,P0387,incisor,0,Healthy,0.0000,1.0000,0.0000,0.0000
Healthy/lyria__P0387__b10.png,Healthy,P0387,premolar,0,Healthy,0.0001,0.9999,0.0000,0.0000
Healthy/lyria__P0040__b0.png,Healthy,P0040,2nd molar,0,Healthy,0.0000,1.0000,0.0000,0.0000
Healthy/lyria__P0040__b1.png,Healthy,P0040,premolar,0,Healthy,0.0005,0.9995,0.0000,0.0000
Healthy/lyria__P0040__b2.png,Healthy,P0040,premolar,0,Healthy,0.0006,0.9979,0.0001,0.0014
Healthy/lyria__P0040__b3.png,Healthy,P0040,canine,0,Healthy,0.0000,1.0000,0.0000,0.0000
Healthy/lyria__P0040__b5.png,Healthy,P0040,incisor,0,Healthy,0.0000,0.9993,0.0000,0.0006
Healthy/lyria__P0040__b6.png,Healthy,P0040,incisor,0,Healthy,0.0001,0.9891,0.0001,0.0107
Healthy/lyria__P0040__b7.png,Healthy,P0040,incisor,0,Healthy,0.0000,1.0000,0.0000,0.0000
Healthy/lyria__P0040__b8.png,Healthy,P0040,canine,0,Healthy,0.0003,0.9996,0.0001,0.0000
Healthy/lyria__P0040__b9.png,Healthy,P0040,premolar,0,Healthy,0.0364,0.9628,0.0001,0.0007
Healthy/lyria__P0040__b10.png,Healthy,P0040,premolar,0,Healthy,0.0094,0.9895,0.0003,0.0008
Healthy/lyria__P0040__b11.png,Healthy,P0040,2nd molar,0,Healthy,0.0000,0.9995,0.0005,0.0000
Healthy/lyria__P0040__b13.png,Healthy,P0040,premolar,0,Healthy,0.0000,1.0000,0.0000,0.0000
Healthy/lyria__P0040__b14.png,Healthy,P0040,canine,0,Healthy,0.0000,1.0000,0.0000,0.0000
Healthy/lyria__P0040__b15.png,Healthy,P0040,incisor,0,Healthy,0.0000,1.0000,0.0000,0.0000
Healthy/lyria__P0040__b16.png,Healthy,P0040,incisor,0,Healthy,0.0000,0.9998,0.0000,0.0001
Healthy/lyria__P0040__b17.png,Healthy,P0040,incisor,0,Healthy,0.0000,1.0000,0.0000,0.0000
Healthy/lyria__P0040__b18.png,Healthy,P0040,incisor,0,Healthy,0.0004,0.9995,0.0001,0.0000
Healthy/lyria__P0040__b19.png,Healthy,P0040,canine,0,Healthy,0.0003,0.9996,0.0002,0.0000
Healthy/lyria__P0040__b20.png,Healthy,P0040,premolar,0,Healthy,0.0055,0.9945,0.0000,0.0000
Healthy/lyria__P0040__b21.png,Healthy,P0040,premolar,0,Healthy,0.0000,1.0000,0.0000,0.0000
Healthy/lyria__P0040__b22.png,Healthy,P0040,1st molar,0,Healthy,0.0000,1.0000,0.0000,0.0000
Healthy/lyria__P0388__b0.png,Healthy,P0388,3rd molar,0,Healthy,0.0000,1.0000,0.0000,0.0000
Healthy/lyria__P0388__b1.png,Healthy,P0388,2nd molar,0,Healthy,0.0000,1.0000,0.0000,0.0000
Healthy/lyria__P0388__b2.png,Healthy,P0388,1st molar,0,Healthy,0.0000,0.9999,0.0001,0.0000
Healthy/lyria__P0388__b3.png,Healthy,P0388,premolar,0,Healthy,0.2242,0.7757,0.0001,0.0000
Healthy/lyria__P0388__b4.png,Healthy,P0388,premolar,0,Healthy,0.0165,0.9834,0.0001,0.0000
Healthy/lyria__P0388__b5.png,Healthy,P0388,canine,0,Healthy,0.0018,0.9982,0.0000,0.0000
Healthy/lyria__P0388__b6.png,Healthy,P0388,incisor,0,Healthy,0.0002,0.9995,0.0000,0.0003
Healthy/lyria__P0388__b8.png,Healthy,P0388,incisor,0,Healthy,0.0000,0.9999,0.0000,0.0000
Healthy/lyria__P0388__b9.png,Healthy,P0388,incisor,0,Healthy,0.0001,0.9998,0.0000,0.0001
Healthy/lyria__P0388__b10.png,Healthy,P0388,canine,0,Healthy,0.0001,0.9999,0.0000,0.0000
Healthy/lyria__P0388__b11.png,Healthy,P0388,premolar,0,Healthy,0.0006,0.9994,0.0000,0.0000
Healthy/lyria__P0388__b12.png,Healthy,P0388,premolar,0,Healthy,0.0012,0.9986,0.0001,0.0000
Healthy/lyria__P0388__b13.png,Healthy,P0388,1st molar,0,Healthy,0.0000,1.0000,0.0000,0.0000
Healthy/lyria__P0388__b14.png,Healthy,P0388,2nd molar,0,Healthy,0.0000,1.0000,0.0000,0.0000
Healthy/lyria__P0388__b15.png,Healthy,P0388,3rd molar,0,Healthy,0.0000,1.0000,0.0000,0.0000
Healthy/lyria__P0388__b17.png,Healthy,P0388,incisor,0,Healthy,0.0000,0.9999,0.0000,0.0001
Healthy/lyria__P0388__b18.png,Healthy,P0388,incisor,0,Healthy,0.0000,0.9999,0.0000,0.0001
Healthy/lyria__P0388__b19.png,Healthy,P0388,incisor,0,Healthy,0.0000,0.9999,0.0001,0.0000
Healthy/lyria__P0388__b20.png,Healthy,P0388,canine,0,Healthy,0.0007,0.9993,0.0000,0.0000
Healthy/lyria__P0388__b21.png,Healthy,P0388,canine,0,Healthy,0.0000,1.0000,0.0000,0.0000
Healthy/lyria__P0388__b22.png,Healthy,P0388,premolar,0,Healthy,0.0000,1.0000,0.0000,0.0000
Healthy/lyria__P0388__b23.png,Healthy,P0388,premolar,0,Healthy,0.0000,1.0000,0.0000,0.0000
Healthy/lyria__P0388__b24.png,Healthy,P0388,1st molar,0,Healthy,0.0000,1.0000,0.0000,0.0000
Healthy/lyria__P0388__b25.png,Healthy,P0388,2nd molar,0,Healthy,0.0000,1.0000,0.0000,0.0000
Healthy/lyria__P0388__b26.png,Healthy,P0388,3rd molar,0,Healthy,0.0000,1.0000,0.0000,0.0000
Healthy/lyria__P0388__b27.png,Healthy,P0388,premolar,0,Healthy,0.0000,1.0000,0.0000,0.0000
Healthy/lyria__P0388__b28.png,Healthy,P0388,premolar,0,Healthy,0.0000,1.0000,0.0000,0.0000
Healthy/lyria__P0388__b29.png,Healthy,P0388,1st molar,0,Healthy,0.0000,1.0000,0.0000,0.0000
Healthy/lyria__P0388__b30.png,Healthy,P0388,2nd molar,0,Healthy,0.0000,1.0000,0.0000,0.0000
Healthy/lyria__P0388__b31.png,Healthy,P0388,3rd molar,0,Healthy,0.0000,0.9998,0.0002,0.0000
Healthy/lyria__P0390__b0.png,Healthy,P0390,2nd molar,0,Healthy,0.0000,1.0000,0.0000,0.0000
Healthy/lyria__P0390__b1.png,Healthy,P0390,1st molar,0,Healthy,0.0019,0.9978,0.0002,0.0001
Healthy/lyria__P0390__b2.png,Healthy,P0390,premolar,0,Healthy,0.0003,0.9993,0.0003,0.0001
Healthy/lyria__P0390__b3.png,Healthy,P0390,premolar,0,Healthy,0.0011,0.9958,0.0030,0.0000
Healthy/lyria__P0390__b4.png,Healthy,P0390,canine,0,Healthy,0.0005,0.9988,0.0007,0.0000
Healthy/lyria__P0390__b5.png,Healthy,P0390,incisor,0,Healthy,0.0385,0.9602,0.0011,0.0003
Healthy/lyria__P0390__b6.png,Healthy,P0390,incisor,0,Healthy,0.0009,0.9990,0.0001,0.0000
Healthy/lyria__P0390__b7.png,Healthy,P0390,incisor,0,Healthy,0.0001,0.9992,0.0000,0.0006
Healthy/lyria__P0390__b8.png,Healthy,P0390,incisor,0,Healthy,0.0000,0.9999,0.0000,0.0000
Healthy/lyria__P0390__b9.png,Healthy,P0390,canine,0,Healthy,0.0000,1.0000,0.0000,0.0000
Healthy/lyria__P0390__b10.png,Healthy,P0390,premolar,0,Healthy,0.0008,0.9984,0.0007,0.0000
Healthy/lyria__P0390__b11.png,Healthy,P0390,premolar,0,Healthy,0.0178,0.9437,0.0000,0.0385
Healthy/lyria__P0390__b12.png,Healthy,P0390,2nd molar,0,Healthy,0.0001,0.9999,0.0000,0.0000
Healthy/lyria__P0390__b13.png,Healthy,P0390,2nd molar,0,Healthy,0.0000,1.0000,0.0000,0.0000
Healthy/lyria__P0390__b14.png,Healthy,P0390,premolar,0,Healthy,0.0000,1.0000,0.0000,0.0000
Healthy/lyria__P0390__b15.png,Healthy,P0390,premolar,0,Healthy,0.0001,0.9999,0.0000,0.0000
Healthy/lyria__P0390__b16.png,Healthy,P0390,canine,0,Healthy,0.0000,1.0000,0.0000,0.0000
Healthy/lyria__P0390__b17.png,Healthy,P0390,incisor,0,Healthy,0.0000,0.9998,0.0001,0.0000
Healthy/lyria__P0390__b19.png,Healthy,P0390,incisor,0,Healthy,0.0000,1.0000,0.0000,0.0000
Healthy/lyria__P0390__b20.png,Healthy,P0390,incisor,0,Healthy,0.0001,0.9998,0.0001,0.0000
Healthy/lyria__P0390__b21.png,Healthy,P0390,canine,0,Healthy,0.0000,0.9992,0.0006,0.0001
Healthy/lyria__P0390__b23.png,Healthy,P0390,premolar,0,Healthy,0.0004,0.9996,0.0000,0.0000
Healthy/lyria__P0390__b24.png,Healthy,P0390,1st molar,0,Healthy,0.0000,1.0000,0.0000,0.0000
Healthy/lyria__P0390__b25.png,Healthy,P0390,2nd molar,0,Healthy,0.0000,1.0000,0.0000,0.0000
Healthy/lyria__P0391__b0.png,Healthy,P0391,premolar,0,Healthy,0.0032,0.9923,0.0002,0.0042
Healthy/lyria__P0391__b1.png,Healthy,P0391,premolar,0,Healthy,0.0423,0.9516,0.0007,0.0054
Healthy/lyria__P0391__b2.png,Healthy,P0391,canine,0,Healthy,0.0116,0.9874,0.0000,0.0010
Healthy/lyria__P0391__b3.png,Healthy,P0391,incisor,0,Healthy,0.0001,0.9992,0.0000,0.0008
Healthy/lyria__P0391__b4.png,Healthy,P0391,incisor,0,Healthy,0.0012,0.9985,0.0000,0.0003
Healthy/lyria__P0391__b5.png,Healthy,P0391,incisor,0,Healthy,0.0001,0.9999,0.0000,0.0000
Healthy/lyria__P0391__b6.png,Healthy,P0391,premolar,0,Healthy,0.0001,0.9995,0.0000,0.0004
Healthy/lyria__P0391__b7.png,Healthy,P0391,premolar,0,Healthy,0.0011,0.9988,0.0000,0.0000
Healthy/lyria__P0391__b8.png,Healthy,P0391,2nd molar,0,Healthy,0.0002,0.9990,0.0008,0.0000
Healthy/lyria__P0391__b9.png,Healthy,P0391,3rd molar,0,Healthy,0.0000,0.9997,0.0003,0.0000
Healthy/lyria__P0391__b10.png,Healthy,P0391,premolar,0,Healthy,0.0000,1.0000,0.0000,0.0000
Healthy/lyria__P0391__b11.png,Healthy,P0391,premolar,0,Healthy,0.0000,1.0000,0.0000,0.0000
Healthy/lyria__P0391__b12.png,Healthy,P0391,canine,0,Healthy,0.0000,1.0000,0.0000,0.0000
Healthy/lyria__P0391__b13.png,Healthy,P0391,incisor,0,Healthy,0.0002,0.9997,0.0000,0.0001
Healthy/lyria__P0391__b14.png,Healthy,P0391,incisor,0,Healthy,0.0000,0.9999,0.0000,0.0001
Healthy/lyria__P0391__b15.png,Healthy,P0391,incisor,0,Healthy,0.0000,0.9998,0.0000,0.0001
Healthy/lyria__P0391__b16.png,Healthy,P0391,incisor,0,Healthy,0.0000,0.9999,0.0000,0.0001
Healthy/lyria__P0391__b17.png,Healthy,P0391,canine,0,Healthy,0.0000,1.0000,0.0000,0.0000
Healthy/lyria__P0391__b19.png,Healthy,P0391,premolar,0,Healthy,0.0001,0.9996,0.0002,0.0001
Healthy/lyria__P0393__b1.png,Healthy,P0393,incisor,0,Healthy,0.0000,1.0000,0.0000,0.0000
Healthy/lyria__P0393__b2.png,Healthy,P0393,incisor,0,Healthy,0.0000,0.9999,0.0000,0.0001
Healthy/lyria__P0393__b3.png,Healthy,P0393,incisor,0,Healthy,0.0000,0.9990,0.0000,0.0010
Healthy/lyria__P0393__b4.png,Healthy,P0393,incisor,0,Healthy,0.0000,0.9999,0.0000,0.0001
Healthy/lyria__P0393__b5.png,Healthy,P0393,canine,0,Healthy,0.0013,0.9987,0.0000,0.0000
Healthy/lyria__P0394__b0.png,Healthy,P0394,2nd molar,0,Healthy,0.0000,0.9999,0.0001,0.0000
Healthy/lyria__P0394__b1.png,Healthy,P0394,premolar,0,Healthy,0.0007,0.9993,0.0000,0.0000
Healthy/lyria__P0394__b2.png,Healthy,P0394,premolar,0,Healthy,0.0000,1.0000,0.0000,0.0000
Healthy/lyria__P0394__b3.png,Healthy,P0394,canine,0,Healthy,0.0000,0.9999,0.0000,0.0000
Healthy/lyria__P0394__b4.png,Healthy,P0394,incisor,0,Healthy,0.0000,0.9997,0.0000,0.0003
Healthy/lyria__P0394__b5.png,Healthy,P0394,incisor,0,Healthy,0.0000,1.0000,0.0000,0.0000
Healthy/lyria__P0394__b6.png,Healthy,P0394,canine,0,Healthy,0.0000,1.0000,0.0000,0.0000
Healthy/lyria__P0394__b7.png,Healthy,P0394,premolar,0,Healthy,0.0000,1.0000,0.0000,0.0000
Healthy/lyria__P0394__b8.png,Healthy,P0394,premolar,0,Healthy,0.0008,0.9990,0.0000,0.0002
Healthy/lyria__P0394__b9.png,Healthy,P0394,1st molar,0,Healthy,0.0000,1.0000,0.0000,0.0000
Healthy/lyria__P0394__b10.png,Healthy,P0394,2nd molar,0,Healthy,0.0001,0.8832,0.1167,0.0000
Healthy/lyria__P0394__b11.png,Healthy,P0394,3rd molar,0,Impacted,0.0000,0.4084,0.5916,0.0000
Healthy/lyria__P0394__b12.png,Healthy,P0394,premolar,0,Healthy,0.0000,1.0000,0.0000,0.0000
Healthy/lyria__P0394__b13.png,Healthy,P0394,premolar,0,Healthy,0.0000,1.0000,0.0000,0.0000
Healthy/lyria__P0394__b14.png,Healthy,P0394,canine,0,Healthy,0.0000,1.0000,0.0000,0.0000
Healthy/lyria__P0394__b16.png,Healthy,P0394,incisor,0,Healthy,0.0000,1.0000,0.0000,0.0000
Healthy/lyria__P0394__b17.png,Healthy,P0394,incisor,0,Healthy,0.0001,0.9986,0.0000,0.0014
Healthy/lyria__P0394__b18.png,Healthy,P0394,incisor,0,Healthy,0.0004,0.9985,0.0000,0.0011
Healthy/lyria__P0394__b19.png,Healthy,P0394,canine,0,Healthy,0.0000,1.0000,0.0000,0.0000
Healthy/lyria__P0394__b20.png,Healthy,P0394,premolar,0,Healthy,0.0004,0.9994,0.0000,0.0002
Healthy/lyria__P0041__b2.png,Healthy,P0041,canine,0,Healthy,0.0000,0.9999,0.0000,0.0001
Healthy/lyria__P0041__b3.png,Healthy,P0041,premolar,0,Healthy,0.0004,0.9995,0.0000,0.0000
Healthy/lyria__P0041__b4.png,Healthy,P0041,premolar,0,Healthy,0.0005,0.9995,0.0000,0.0001
Healthy/lyria__P0041__b5.png,Healthy,P0041,premolar,0,Healthy,0.0003,0.9993,0.0003,0.0000
Healthy/lyria__P0041__b6.png,Healthy,P0041,premolar,0,Healthy,0.0001,0.9999,0.0000,0.0000
Healthy/lyria__P0041__b7.png,Healthy,P0041,canine,0,Healthy,0.0000,1.0000,0.0000,0.0000
Healthy/lyria__P0041__b8.png,Healthy,P0041,incisor,0,Healthy,0.0000,1.0000,0.0000,0.0000
Healthy/lyria__P0041__b9.png,Healthy,P0041,incisor,0,Healthy,0.0005,0.9981,0.0011,0.0004
Healthy/lyria__P0041__b10.png,Healthy,P0041,incisor,0,Healthy,0.0000,0.9997,0.0001,0.0002
Healthy/lyria__P0041__b11.png,Healthy,P0041,incisor,0,Healthy,0.0000,0.9998,0.0000,0.0002
Healthy/lyria__P0041__b12.png,Healthy,P0041,canine,0,Healthy,0.0000,1.0000,0.0000,0.0000
Healthy/lyria__P0395__b0.png,Healthy,P0395,canine,0,Healthy,0.0001,0.9996,0.0002,0.0001
Healthy/lyria__P0395__b1.png,Healthy,P0395,incisor,0,Healthy,0.0000,0.9999,0.0000,0.0001
Healthy/lyria__P0395__b2.png,Healthy,P0395,incisor,0,Healthy,0.0009,0.9972,0.0001,0.0018
Healthy/lyria__P0395__b3.png,Healthy,P0395,canine,0,Healthy,0.0100,0.9890,0.0009,0.0001
Healthy/lyria__P0395__b4.png,Healthy,P0395,premolar,0,Healthy,0.0006,0.9993,0.0000,0.0000
Healthy/lyria__P0395__b5.png,Healthy,P0395,canine,0,Healthy,0.0003,0.9995,0.0002,0.0000
Healthy/lyria__P0395__b6.png,Healthy,P0395,incisor,0,Healthy,0.0001,0.9999,0.0000,0.0000
Healthy/lyria__P0395__b7.png,Healthy,P0395,incisor,0,Healthy,0.0000,0.9999,0.0000,0.0001
Healthy/lyria__P0395__b8.png,Healthy,P0395,incisor,0,Healthy,0.0001,0.9992,0.0007,0.0001
Healthy/lyria__P0395__b9.png,Healthy,P0395,incisor,0,Healthy,0.0000,0.9998,0.0001,0.0001
Healthy/lyria__P0395__b11.png,Healthy,P0395,premolar,0,Healthy,0.0014,0.9975,0.0000,0.0011
Healthy/lyria__P0396__b0.png,Healthy,P0396,3rd molar,0,Healthy,0.0000,1.0000,0.0000,0.0000
Healthy/lyria__P0396__b1.png,Healthy,P0396,2nd molar,0,Healthy,0.0000,1.0000,0.0000,0.0000
Healthy/lyria__P0396__b2.png,Healthy,P0396,1st molar,0,Healthy,0.0115,0.9881,0.0003,0.0001
Healthy/lyria__P0396__b3.png,Healthy,P0396,premolar,0,Healthy,0.0002,0.9998,0.0000,0.0000
Healthy/lyria__P0396__b4.png,Healthy,P0396,premolar,0,Healthy,0.0004,0.9996,0.0000,0.0000
Healthy/lyria__P0396__b5.png,Healthy,P0396,canine,0,Healthy,0.0001,0.9999,0.0000,0.0000
Healthy/lyria__P0396__b6.png,Healthy,P0396,incisor,0,Healthy,0.0001,0.9998,0.0000,0.0000
Healthy/lyria__P0396__b7.png,Healthy,P0396,incisor,0,Healthy,0.0000,1.0000,0.0000,0.0000
Healthy/lyria__P0396__b8.png,Healthy,P0396,incisor,0,Healthy,0.0000,0.9999,0.0000,0.0000
Healthy/lyria__P0396__b9.png,Healthy,P0396,incisor,0,Healthy,0.0001,0.9998,0.0000,0.0000
Healthy/lyria__P0396__b10.png,Healthy,P0396,canine,0,Healthy,0.0002,0.9997,0.0000,0.0000
Healthy/lyria__P0396__b11.png,Healthy,P0396,premolar,0,Healthy,0.0079,0.9920,0.0001,0.0000
Healthy/lyria__P0396__b12.png,Healthy,P0396,premolar,0,Healthy,0.0755,0.9243,0.0001,0.0002
Healthy/lyria__P0396__b13.png,Healthy,P0396,1st molar,0,Healthy,0.0121,0.9871,0.0004,0.0004
Healthy/lyria__P0396__b14.png,Healthy,P0396,2nd molar,0,Healthy,0.0000,1.0000,0.0000,0.0000
Healthy/lyria__P0396__b16.png,Healthy,P0396,incisor,0,Healthy,0.0003,0.9997,0.0000,0.0000
Healthy/lyria__P0396__b17.png,Healthy,P0396,canine,0,Healthy,0.0001,0.9999,0.0000,0.0000
Healthy/lyria__P0396__b18.png,Healthy,P0396,premolar,0,Healthy,0.0000,1.0000,0.0000,0.0000
Healthy/lyria__P0396__b19.png,Healthy,P0396,premolar,0,Healthy,0.0001,0.9997,0.0002,0.0000
Healthy/lyria__P0396__b20.png,Healthy,P0396,1st molar,0,Healthy,0.0000,1.0000,0.0000,0.0000
Healthy/lyria__P0396__b21.png,Healthy,P0396,2nd molar,0,Healthy,0.0000,1.0000,0.0000,0.0000
Healthy/lyria__P0396__b22.png,Healthy,P0396,3rd molar,0,Healthy,0.0010,0.9963,0.0006,0.0021
Healthy/lyria__P0396__b24.png,Healthy,P0396,incisor,0,Healthy,0.0000,1.0000,0.0000,0.0000
Healthy/lyria__P0396__b25.png,Healthy,P0396,incisor,0,Healthy,0.0000,1.0000,0.0000,0.0000
Healthy/lyria__P0396__b26.png,Healthy,P0396,canine,0,Healthy,0.0000,1.0000,0.0000,0.0000
Healthy/lyria__P0396__b27.png,Healthy,P0396,premolar,0,Healthy,0.0000,1.0000,0.0000,0.0000
Healthy/lyria__P0396__b28.png,Healthy,P0396,premolar,0,Healthy,0.0000,1.0000,0.0000,0.0000
Healthy/lyria__P0396__b29.png,Healthy,P0396,1st molar,0,Healthy,0.0000,1.0000,0.0000,0.0000
Healthy/lyria__P0396__b30.png,Healthy,P0396,2nd molar,0,Healthy,0.0000,1.0000,0.0000,0.0000
Healthy/lyria__P0396__b31.png,Healthy,P0396,3rd molar,0,Healthy,0.0000,0.9599,0.0397,0.0003
Healthy/lyria__P0397__b0.png,Healthy,P0397,2nd molar,0,Healthy,0.0000,1.0000,0.0000,0.0000
Healthy/lyria__P0397__b1.png,Healthy,P0397,1st molar,0,Healthy,0.0000,1.0000,0.0000,0.0000
Healthy/lyria__P0397__b2.png,Healthy,P0397,premolar,0,Healthy,0.0001,0.9998,0.0000,0.0001
Healthy/lyria__P0397__b3.png,Healthy,P0397,premolar,0,Healthy,0.0000,0.9999,0.0000,0.0000
Healthy/lyria__P0397__b4.png,Healthy,P0397,canine,0,Healthy,0.0000,1.0000,0.0000,0.0000
Healthy/lyria__P0397__b5.png,Healthy,P0397,incisor,0,Healthy,0.0001,0.9999,0.0000,0.0000
Healthy/lyria__P0397__b6.png,Healthy,P0397,incisor,0,Healthy,0.0000,0.9998,0.0000,0.0001
Healthy/lyria__P0397__b7.png,Healthy,P0397,incisor,0,Healthy,0.0000,0.9999,0.0000,0.0001
Healthy/lyria__P0397__b8.png,Healthy,P0397,incisor,0,Healthy,0.0001,0.9998,0.0000,0.0001
Healthy/lyria__P0397__b9.png,Healthy,P0397,canine,0,Healthy,0.0000,0.9999,0.0000,0.0000
Healthy/lyria__P0397__b10.png,Healthy,P0397,premolar,0,Healthy,0.0001,0.9998,0.0000,0.0000
Healthy/lyria__P0397__b11.png,Healthy,P0397,premolar,0,Healthy,0.0086,0.9906,0.0003,0.0006
Healthy/lyria__P0397__b12.png,Healthy,P0397,1st molar,0,Healthy,0.0000,1.0000,0.0000,0.0000
Healthy/lyria__P0397__b13.png,Healthy,P0397,2nd molar,0,Healthy,0.0001,0.9998,0.0001,0.0000
Healthy/lyria__P0397__b14.png,Healthy,P0397,2nd molar,0,Healthy,0.0000,1.0000,0.0000,0.0000
Healthy/lyria__P0397__b15.png,Healthy,P0397,1st molar,0,Healthy,0.0000,1.0000,0.0000,0.0000
Healthy/lyria__P0397__b16.png,Healthy,P0397,premolar,0,Healthy,0.0003,0.9997,0.0000,0.0000
Healthy/lyria__P0397__b17.png,Healthy,P0397,premolar,0,Healthy,0.0000,1.0000,0.0000,0.0000
Healthy/lyria__P0397__b18.png,Healthy,P0397,canine,0,Healthy,0.0000,1.0000,0.0000,0.0000
Healthy/lyria__P0397__b19.png,Healthy,P0397,incisor,0,Healthy,0.0000,1.0000,0.0000,0.0000
Healthy/lyria__P0397__b20.png,Healthy,P0397,incisor,0,Healthy,0.0000,0.9999,0.0000,0.0001
Healthy/lyria__P0397__b21.png,Healthy,P0397,incisor,0,Healthy,0.0000,1.0000,0.0000,0.0000
Healthy/lyria__P0397__b22.png,Healthy,P0397,incisor,0,Healthy,0.0000,0.9999,0.0000,0.0000
Healthy/lyria__P0397__b25.png,Healthy,P0397,premolar,0,Healthy,0.0002,0.9996,0.0002,0.0000
Healthy/lyria__P0397__b26.png,Healthy,P0397,1st molar,0,Healthy,0.0000,1.0000,0.0000,0.0000
Healthy/lyria__P0397__b27.png,Healthy,P0397,2nd molar,0,Healthy,0.0000,0.9441,0.0551,0.0008
Healthy/lyria__P0042__b0.png,Healthy,P0042,canine,0,Healthy,0.3258,0.6722,0.0000,0.0020
Healthy/lyria__P0042__b1.png,Healthy,P0042,3rd molar,0,Healthy,0.0031,0.9535,0.0433,0.0001
Healthy/lyria__P0042__b2.png,Healthy,P0042,premolar,0,Healthy,0.0000,0.9998,0.0001,0.0001
Healthy/lyria__P0042__b3.png,Healthy,P0042,premolar,0,Healthy,0.0000,1.0000,0.0000,0.0000
Healthy/lyria__P0042__b4.png,Healthy,P0042,canine,0,Healthy,0.0000,1.0000,0.0000,0.0000
Healthy/lyria__P0042__b5.png,Healthy,P0042,incisor,0,Healthy,0.0001,0.9999,0.0000,0.0001
Healthy/lyria__P0042__b6.png,Healthy,P0042,incisor,0,Healthy,0.0000,0.9996,0.0000,0.0004
Healthy/lyria__P0042__b7.png,Healthy,P0042,incisor,0,Healthy,0.0000,0.9999,0.0000,0.0001
Healthy/lyria__P0042__b8.png,Healthy,P0042,incisor,0,Healthy,0.0000,1.0000,0.0000,0.0000
Healthy/lyria__P0042__b9.png,Healthy,P0042,canine,0,Healthy,0.0000,0.9999,0.0000,0.0001
Healthy/lyria__P0042__b10.png,Healthy,P0042,premolar,0,Healthy,0.0000,0.9999,0.0000,0.0000
Healthy/lyria__P0399__b1.png,Healthy,P0399,incisor,0,Healthy,0.0018,0.9907,0.0059,0.0016
Healthy/lyria__P0400__b0.png,Healthy,P0400,canine,0,Healthy,0.0028,0.9971,0.0000,0.0002
Healthy/lyria__P0400__b1.png,Healthy,P0400,incisor,0,Healthy,0.0000,1.0000,0.0000,0.0000
Healthy/lyria__P0400__b2.png,Healthy,P0400,incisor,0,Healthy,0.0000,1.0000,0.0000,0.0000
Healthy/lyria__P0400__b3.png,Healthy,P0400,incisor,0,Healthy,0.0000,0.9983,0.0000,0.0017
Healthy/lyria__P0401__b0.png,Healthy,P0401,3rd molar,0,Healthy,0.0020,0.9980,0.0000,0.0000
Healthy/lyria__P0401__b2.png,Healthy,P0401,2nd molar,0,Healthy,0.0001,0.9860,0.0138,0.0002
Healthy/lyria__P0401__b3.png,Healthy,P0401,3rd molar,0,Healthy,0.0007,0.9942,0.0050,0.0001
Healthy/lyria__P0401__b4.png,Healthy,P0401,canine,0,Healthy,0.0001,0.9999,0.0000,0.0000
Healthy/lyria__P0401__b5.png,Healthy,P0401,incisor,0,Healthy,0.0000,1.0000,0.0000,0.0000
Healthy/lyria__P0401__b7.png,Healthy,P0401,incisor,0,Healthy,0.0000,1.0000,0.0000,0.0000
Healthy/lyria__P0401__b8.png,Healthy,P0401,incisor,0,Healthy,0.0002,0.9998,0.0000,0.0000
Healthy/lyria__P0402__b0.png,Healthy,P0402,premolar,0,Healthy,0.0000,0.9996,0.0000,0.0003
Healthy/lyria__P0402__b1.png,Healthy,P0402,canine,0,Healthy,0.0000,0.9999,0.0000,0.0001
Healthy/lyria__P0402__b2.png,Healthy,P0402,incisor,0,Healthy,0.0000,1.0000,0.0000,0.0000
Healthy/lyria__P0402__b3.png,Healthy,P0402,incisor,0,Healthy,0.0013,0.9985,0.0001,0.0000
Healthy/lyria__P0402__b4.png,Healthy,P0402,incisor,0,Endodontics,0.8035,0.1940,0.0001,0.0025
Healthy/lyria__P0402__b6.png,Healthy,P0402,premolar,0,Healthy,0.2236,0.7760,0.0000,0.0004
Healthy/lyria__P0402__b7.png,Healthy,P0402,canine,0,Healthy,0.0086,0.9879,0.0035,0.0000
Healthy/lyria__P0402__b8.png,Healthy,P0402,incisor,0,Healthy,0.0047,0.9952,0.0000,0.0001
Healthy/lyria__P0402__b9.png,Healthy,P0402,incisor,0,Healthy,0.1676,0.8323,0.0001,0.0000
Healthy/lyria__P0402__b10.png,Healthy,P0402,incisor,0,Healthy,0.0001,0.9999,0.0000,0.0000
Healthy/lyria__P0402__b11.png,Healthy,P0402,incisor,0,Healthy,0.0001,0.9980,0.0000,0.0019
Healthy/lyria__P0402__b12.png,Healthy,P0402,canine,0,Healthy,0.0000,1.0000,0.0000,0.0000
Healthy/lyria__P0403__b0.png,Healthy,P0403,2nd molar,0,Healthy,0.0115,0.9885,0.0000,0.0001
Healthy/lyria__P0403__b1.png,Healthy,P0403,canine,0,Healthy,0.0001,0.9998,0.0000,0.0000
Healthy/lyria__P0403__b2.png,Healthy,P0403,incisor,0,Healthy,0.0002,0.9995,0.0000,0.0002
Healthy/lyria__P0403__b3.png,Healthy,P0403,canine,0,Healthy,0.0000,0.9999,0.0000,0.0000
Healthy/lyria__P0403__b4.png,Healthy,P0403,3rd molar,0,Healthy,0.0000,1.0000,0.0000,0.0000
Healthy/lyria__P0403__b5.png,Healthy,P0403,premolar,0,Healthy,0.0024,0.9874,0.0086,0.0017
Healthy/lyria__P0403__b6.png,Healthy,P0403,canine,0,Healthy,0.0000,1.0000,0.0000,0.0000
Healthy/lyria__P0403__b7.png,Healthy,P0403,incisor,0,Healthy,0.0000,0.9999,0.0000,0.0000
Healthy/lyria__P0403__b9.png,Healthy,P0403,incisor,0,Healthy,0.0000,0.9997,0.0003,0.0000
Healthy/lyria__P0403__b10.png,Healthy,P0403,incisor,0,Healthy,0.0000,1.0000,0.0000,0.0000
Healthy/lyria__P0403__b11.png,Healthy,P0403,canine,0,Healthy,0.0003,0.9996,0.0001,0.0000
Healthy/lyria__P0403__b12.png,Healthy,P0403,premolar,0,Healthy,0.0102,0.9898,0.0000,0.0000
Healthy/lyria__P0404__b1.png,Healthy,P0404,premolar,0,Healthy,0.0019,0.9980,0.0001,0.0000
Healthy/lyria__P0404__b2.png,Healthy,P0404,canine,0,Healthy,0.0000,0.9999,0.0000,0.0000
Healthy/lyria__P0404__b3.png,Healthy,P0404,incisor,0,Healthy,0.0000,0.9973,0.0020,0.0006
Healthy/lyria__P0404__b4.png,Healthy,P0404,incisor,0,Healthy,0.0001,0.9985,0.0007,0.0007
Healthy/lyria__P0404__b5.png,Healthy,P0404,canine,0,Healthy,0.0000,1.0000,0.0000,0.0000
Healthy/lyria__P0404__b6.png,Healthy,P0404,premolar,0,Healthy,0.0001,0.9999,0.0000,0.0000
Healthy/lyria__P0404__b7.png,Healthy,P0404,2nd molar,0,Healthy,0.0004,0.9959,0.0032,0.0005
Healthy/lyria__P0404__b9.png,Healthy,P0404,canine,0,Healthy,0.0358,0.9589,0.0049,0.0004
Healthy/lyria__P0404__b10.png,Healthy,P0404,incisor,0,Healthy,0.0006,0.9981,0.0002,0.0011
Healthy/lyria__P0404__b11.png,Healthy,P0404,incisor,0,Healthy,0.0006,0.9982,0.0011,0.0001
Healthy/lyria__P0404__b12.png,Healthy,P0404,canine,0,Healthy,0.0271,0.9727,0.0000,0.0001
Healthy/lyria__P0405__b0.png,Healthy,P0405,canine,0,Healthy,0.0000,1.0000,0.0000,0.0000
Healthy/lyria__P0405__b1.png,Healthy,P0405,incisor,0,Healthy,0.0000,1.0000,0.0000,0.0000
Healthy/lyria__P0405__b3.png,Healthy,P0405,incisor,0,Healthy,0.0001,0.9998,0.0000,0.0001
Healthy/lyria__P0405__b4.png,Healthy,P0405,incisor,0,Healthy,0.0005,0.9994,0.0000,0.0001
Healthy/lyria__P0405__b6.png,Healthy,P0405,canine,0,Healthy,0.0000,0.9999,0.0000,0.0000
Healthy/lyria__P0405__b7.png,Healthy,P0405,premolar,0,Healthy,0.0025,0.9975,0.0000,0.0000
Healthy/lyria__P0405__b8.png,Healthy,P0405,3rd molar,0,Impacted,0.0157,0.0023,0.9815,0.0005
Healthy/lyria__P0405__b9.png,Healthy,P0405,2nd molar,0,Healthy,0.0739,0.4846,0.4414,0.0001
Healthy/lyria__P0406__b0.png,Healthy,P0406,incisor,0,Healthy,0.0000,1.0000,0.0000,0.0000
Healthy/lyria__P0406__b1.png,Healthy,P0406,premolar,0,Healthy,0.0001,0.9999,0.0000,0.0000
Healthy/lyria__P0406__b2.png,Healthy,P0406,canine,0,Healthy,0.0000,1.0000,0.0000,0.0000
Healthy/lyria__P0406__b3.png,Healthy,P0406,incisor,0,Healthy,0.0000,0.9974,0.0026,0.0000
Healthy/lyria__P0406__b5.png,Healthy,P0406,canine,0,Healthy,0.0000,1.0000,0.0000,0.0000
Healthy/lyria__P0407__b0.png,Healthy,P0407,3rd molar,0,Healthy,0.1043,0.8953,0.0000,0.0004
Healthy/lyria__P0407__b1.png,Healthy,P0407,canine,0,Healthy,0.0016,0.9983,0.0000,0.0001
Healthy/lyria__P0407__b2.png,Healthy,P0407,incisor,0,Healthy,0.0000,1.0000,0.0000,0.0000
Healthy/lyria__P0407__b3.png,Healthy,P0407,incisor,0,Healthy,0.0000,1.0000,0.0000,0.0000
Healthy/lyria__P0407__b4.png,Healthy,P0407,canine,0,Endodontics,0.6700,0.3300,0.0000,0.0000
Healthy/lyria__P0407__b5.png,Healthy,P0407,canine,0,Healthy,0.0001,0.9999,0.0000,0.0000
Healthy/lyria__P0407__b7.png,Healthy,P0407,incisor,0,Healthy,0.0000,0.9999,0.0000,0.0001
Healthy/lyria__P0407__b8.png,Healthy,P0407,incisor,0,Healthy,0.0000,1.0000,0.0000,0.0000
Healthy/lyria__P0407__b9.png,Healthy,P0407,incisor,0,Healthy,0.0000,1.0000,0.0000,0.0000
Healthy/lyria__P0407__b10.png,Healthy,P0407,canine,0,Healthy,0.0000,1.0000,0.0000,0.0000
Healthy/lyria__P0043__b1.png,Healthy,P0043,premolar,0,Healthy,0.0000,1.0000,0.0000,0.0000
Healthy/lyria__P0408__b1.png,Healthy,P0408,canine,0,Healthy,0.0000,1.0000,0.0000,0.0000
Healthy/lyria__P0408__b2.png,Healthy,P0408,incisor,0,Healthy,0.0000,0.9999,0.0000,0.0001
Healthy/lyria__P0408__b4.png,Healthy,P0408,incisor,0,Endodontics,0.6624,0.3374,0.0000,0.0002
Healthy/lyria__P0408__b5.png,Healthy,P0408,premolar,0,Healthy,0.4046,0.5226,0.0040,0.0689
Healthy/lyria__P0408__b6.png,Healthy,P0408,premolar,0,Healthy,0.0442,0.9556,0.0000,0.0002
Healthy/lyria__P0408__b7.png,Healthy,P0408,canine,0,Healthy,0.1398,0.8560,0.0033,0.0008
Healthy/lyria__P0408__b8.png,Healthy,P0408,incisor,0,Healthy,0.0241,0.9759,0.0000,0.0000
Healthy/lyria__P0408__b9.png,Healthy,P0408,incisor,0,Healthy,0.0009,0.9990,0.0000,0.0000
Healthy/lyria__P0408__b10.png,Healthy,P0408,incisor,0,Healthy,0.0000,0.9999,0.0000,0.0000
Healthy/lyria__P0408__b11.png,Healthy,P0408,incisor,0,Healthy,0.0000,0.9998,0.0000,0.0002
Healthy/lyria__P0408__b12.png,Healthy,P0408,canine,0,Healthy,0.0000,1.0000,0.0000,0.0000
Healthy/lyria__P0408__b13.png,Healthy,P0408,premolar,0,Healthy,0.0000,0.9998,0.0000,0.0001
Healthy/lyria__P0409__b0.png,Healthy,P0409,incisor,0,Healthy,0.0000,1.0000,0.0000,0.0000
Healthy/lyria__P0409__b2.png,Healthy,P0409,incisor,0,Healthy,0.0000,1.0000,0.0000,0.0000
Healthy/lyria__P0409__b3.png,Healthy,P0409,canine,0,Healthy,0.0000,1.0000,0.0000,0.0000
Healthy/lyria__P0409__b4.png,Healthy,P0409,incisor,0,Healthy,0.0000,0.9997,0.0001,0.0002
Healthy/lyria__P0409__b5.png,Healthy,P0409,incisor,0,Healthy,0.0000,0.9998,0.0000,0.0002
Healthy/lyria__P0409__b6.png,Healthy,P0409,incisor,0,Healthy,0.0000,0.9999,0.0000,0.0001
Healthy/lyria__P0409__b7.png,Healthy,P0409,incisor,0,Healthy,0.0000,0.9997,0.0000,0.0003
Healthy/lyria__P0409__b8.png,Healthy,P0409,canine,0,Healthy,0.0022,0.9976,0.0002,0.0000
Healthy/lyria__P0410__b0.png,Healthy,P0410,premolar,0,Healthy,0.4032,0.5931,0.0001,0.0036
Healthy/lyria__P0410__b2.png,Healthy,P0410,canine,0,Healthy,0.0001,0.9999,0.0000,0.0000
Healthy/lyria__P0410__b3.png,Healthy,P0410,incisor,0,Healthy,0.0000,0.9999,0.0000,0.0001
Healthy/lyria__P0410__b4.png,Healthy,P0410,incisor,0,Healthy,0.0002,0.9996,0.0001,0.0001
Healthy/lyria__P0410__b5.png,Healthy,P0410,incisor,0,Healthy,0.0330,0.9389,0.0003,0.0278
Healthy/lyria__P0410__b6.png,Healthy,P0410,canine,0,Healthy,0.0002,0.9998,0.0000,0.0000
Healthy/lyria__P0410__b7.png,Healthy,P0410,premolar,0,Healthy,0.0122,0.9851,0.0026,0.0000
Healthy/lyria__P0410__b8.png,Healthy,P0410,2nd molar,0,Healthy,0.0000,1.0000,0.0000,0.0000
Healthy/lyria__P0410__b9.png,Healthy,P0410,premolar,0,Healthy,0.0003,0.9974,0.0020,0.0004
Healthy/lyria__P0410__b10.png,Healthy,P0410,premolar,0,Healthy,0.0001,0.9676,0.0323,0.0000
Healthy/lyria__P0410__b11.png,Healthy,P0410,canine,0,Healthy,0.0002,0.9998,0.0000,0.0000
Healthy/lyria__P0410__b12.png,Healthy,P0410,incisor,0,Healthy,0.0018,0.9978,0.0000,0.0004
Healthy/lyria__P0410__b13.png,Healthy,P0410,incisor,0,Healthy,0.0006,0.9994,0.0000,0.0000
Healthy/lyria__P0410__b14.png,Healthy,P0410,incisor,0,Healthy,0.0001,0.9998,0.0000,0.0001
Healthy/lyria__P0410__b15.png,Healthy,P0410,incisor,0,Healthy,0.0011,0.9980,0.0003,0.0007
Healthy/lyria__P0410__b16.png,Healthy,P0410,canine,0,Healthy,0.0007,0.9987,0.0004,0.0001
Healthy/lyria__P0410__b17.png,Healthy,P0410,premolar,0,Healthy,0.0076,0.9923,0.0001,0.0000
Healthy/lyria__P0410__b18.png,Healthy,P0410,premolar,0,Healthy,0.0328,0.9667,0.0003,0.0001
Healthy/lyria__P0413__b0.png,Healthy,P0413,canine,0,Healthy,0.0459,0.9535,0.0000,0.0006
Healthy/lyria__P0413__b2.png,Healthy,P0413,incisor,0,Healthy,0.0001,0.9999,0.0000,0.0000
Healthy/lyria__P0413__b3.png,Healthy,P0413,incisor,0,Healthy,0.0003,0.9996,0.0002,0.0000
Healthy/lyria__P0413__b4.png,Healthy,P0413,premolar,0,Healthy,0.0062,0.9936,0.0001,0.0001
Healthy/lyria__P0414__b2.png,Healthy,P0414,incisor,0,Healthy,0.0020,0.9932,0.0000,0.0048
Healthy/lyria__P0414__b3.png,Healthy,P0414,incisor,0,Healthy,0.0004,0.9994,0.0000,0.0001
Healthy/lyria__P0414__b4.png,Healthy,P0414,canine,0,Healthy,0.2830,0.7149,0.0000,0.0021
Healthy/lyria__P0414__b5.png,Healthy,P0414,premolar,0,Healthy,0.0717,0.9279,0.0000,0.0004
Healthy/lyria__P0414__b6.png,Healthy,P0414,incisor,0,Healthy,0.0000,0.9999,0.0001,0.0000
Healthy/lyria__P0414__b7.png,Healthy,P0414,incisor,0,Healthy,0.0000,0.9999,0.0000,0.0000
Healthy/lyria__P0414__b8.png,Healthy,P0414,incisor,0,Healthy,0.0000,0.9994,0.0004,0.0002
Healthy/lyria__P0414__b9.png,Healthy,P0414,incisor,0,Healthy,0.0000,0.9999,0.0001,0.0000
Healthy/lyria__P0414__b10.png,Healthy,P0414,canine,0,Healthy,0.0000,0.9999,0.0000,0.0000
Healthy/lyria__P0414__b11.png,Healthy,P0414,premolar,0,Healthy,0.0004,0.9996,0.0000,0.0000
Healthy/lyria__P0414__b12.png,Healthy,P0414,premolar,0,Healthy,0.0003,0.9997,0.0000,0.0000
Healthy/lyria__P0414__b13.png,Healthy,P0414,canine,0,Healthy,0.0000,1.0000,0.0000,0.0000
Healthy/lyria__P0414__b14.png,Healthy,P0414,premolar,0,Healthy,0.0000,1.0000,0.0000,0.0000
Healthy/lyria__P0414__b15.png,Healthy,P0414,premolar,0,Healthy,0.0671,0.9329,0.0000,0.0000
Healthy/lyria__P0415__b0.png,Healthy,P0415,incisor,0,Healthy,0.0114,0.9864,0.0000,0.0022
Healthy/lyria__P0415__b3.png,Healthy,P0415,premolar,0,Healthy,0.0001,0.9994,0.0001,0.0005
Healthy/lyria__P0415__b4.png,Healthy,P0415,premolar,0,Healthy,0.0002,0.9996,0.0001,0.0001
Healthy/lyria__P0415__b5.png,Healthy,P0415,incisor,0,Healthy,0.0000,0.9998,0.0000,0.0002
Healthy/lyria__P0415__b6.png,Healthy,P0415,incisor,0,Healthy,0.0001,0.9999,0.0000,0.0000
Healthy/lyria__P0415__b7.png,Healthy,P0415,premolar,0,Endodontics,0.6621,0.3379,0.0000,0.0000
Healthy/lyria__P0415__b8.png,Healthy,P0415,3rd molar,0,Healthy,0.0115,0.8948,0.0935,0.0003
Healthy/lyria__P0415__b9.png,Healthy,P0415,3rd molar,0,Impacted,0.0000,0.3191,0.6809,0.0000
Healthy/lyria__P0417__b0.png,Healthy,P0417,3rd molar,0,Healthy,0.0001,0.9958,0.0040,0.0001
Healthy/lyria__P0417__b1.png,Healthy,P0417,premolar,0,Healthy,0.0000,1.0000,0.0000,0.0000
Healthy/lyria__P0417__b2.png,Healthy,P0417,premolar,0,Healthy,0.0000,1.0000,0.0000,0.0000
Healthy/lyria__P0417__b3.png,Healthy,P0417,canine,0,Healthy,0.0000,1.0000,0.0000,0.0000
Healthy/lyria__P0417__b4.png,Healthy,P0417,incisor,0,Healthy,0.0000,1.0000,0.0000,0.0000
Healthy/lyria__P0417__b5.png,Healthy,P0417,incisor,0,Healthy,0.0000,0.9999,0.0000,0.0001
Healthy/lyria__P0417__b6.png,Healthy,P0417,canine,0,Healthy,0.0000,1.0000,0.0000,0.0000
Healthy/lyria__P0417__b7.png,Healthy,P0417,premolar,0,Healthy,0.0000,0.9999,0.0001,0.0000
Healthy/lyria__P0417__b8.png,Healthy,P0417,premolar,0,Healthy,0.2970,0.6980,0.0001,0.0049
Healthy/lyria__P0417__b9.png,Healthy,P0417,2nd molar,0,Healthy,0.2292,0.7687,0.0009,0.0013
Healthy/lyria__P0417__b10.png,Healthy,P0417,3rd molar,0,Healthy,0.0047,0.9716,0.0206,0.0031
Healthy/lyria__P0417__b11.png,Healthy,P0417,3rd molar,0,Impacted,0.0006,0.2276,0.7417,0.0302
Healthy/lyria__P0417__b12.png,Healthy,P0417,2nd molar,0,Healthy,0.0012,0.9977,0.0009,0.0002
Healthy/lyria__P0417__b13.png,Healthy,P0417,premolar,0,Healthy,0.0000,0.9999,0.0001,0.0000
Healthy/lyria__P0417__b14.png,Healthy,P0417,canine,0,Healthy,0.0001,0.9996,0.0004,0.0000
Healthy/lyria__P0417__b15.png,Healthy,P0417,incisor,0,Healthy,0.0000,0.9994,0.0006,0.0000
Healthy/lyria__P0417__b16.png,Healthy,P0417,incisor,0,Healthy,0.0000,0.9990,0.0009,0.0001
Healthy/lyria__P0417__b17.png,Healthy,P0417,incisor,0,Healthy,0.0000,0.9999,0.0000,0.0001
Healthy/lyria__P0417__b18.png,Healthy,P0417,incisor,0,Healthy,0.0000,1.0000,0.0000,0.0000
Healthy/lyria__P0417__b20.png,Healthy,P0417,premolar,0,Healthy,0.0000,0.9999,0.0000,0.0000
Healthy/lyria__P0417__b21.png,Healthy,P0417,premolar,0,Healthy,0.0000,0.9993,0.0007,0.0000
Healthy/lyria__P0417__b22.png,Healthy,P0417,3rd molar,0,Impacted,0.0016,0.0011,0.9973,0.0001
Healthy/lyria__P0421__b0.png,Healthy,P0421,premolar,0,Healthy,0.0004,0.9996,0.0000,0.0000
Healthy/lyria__P0421__b2.png,Healthy,P0421,incisor,0,Healthy,0.0013,0.9983,0.0004,0.0000
Healthy/lyria__P0421__b3.png,Healthy,P0421,incisor,0,Healthy,0.0000,0.9978,0.0020,0.0001
Healthy/lyria__P0421__b4.png,Healthy,P0421,incisor,0,Healthy,0.0003,0.9978,0.0007,0.0013
Healthy/lyria__P0421__b5.png,Healthy,P0421,incisor,0,Healthy,0.0001,0.9991,0.0008,0.0000
Healthy/lyria__P0421__b6.png,Healthy,P0421,canine,0,Healthy,0.0001,0.9998,0.0001,0.0000
Healthy/lyria__P0421__b7.png,Healthy,P0421,premolar,0,Healthy,0.0846,0.9152,0.0001,0.0001
Healthy/lyria__P0423__b0.png,Healthy,P0423,canine,0,Healthy,0.0002,0.9997,0.0001,0.0000
Healthy/lyria__P0423__b1.png,Healthy,P0423,incisor,0,Healthy,0.0002,0.9998,0.0000,0.0000
Healthy/lyria__P0423__b3.png,Healthy,P0423,incisor,0,Healthy,0.0001,0.9730,0.0268,0.0001
Healthy/lyria__P0424__b0.png,Healthy,P0424,premolar,0,Healthy,0.1338,0.8642,0.0019,0.0001
Healthy/lyria__P0424__b1.png,Healthy,P0424,canine,0,Healthy,0.0002,0.9968,0.0030,0.0000
Healthy/lyria__P0424__b3.png,Healthy,P0424,incisor,0,Healthy,0.0000,0.9999,0.0000,0.0000
Healthy/lyria__P0424__b4.png,Healthy,P0424,incisor,0,Healthy,0.0000,1.0000,0.0000,0.0000
Healthy/lyria__P0424__b5.png,Healthy,P0424,incisor,0,Healthy,0.0000,1.0000,0.0000,0.0000
Healthy/lyria__P0424__b6.png,Healthy,P0424,canine,0,Healthy,0.0000,0.9998,0.0002,0.0000
Healthy/lyria__P0425__b0.png,Healthy,P0425,3rd molar,0,Healthy,0.0000,0.9992,0.0008,0.0000
Healthy/lyria__P0425__b1.png,Healthy,P0425,premolar,0,Healthy,0.2202,0.7798,0.0000,0.0000
Healthy/lyria__P0425__b2.png,Healthy,P0425,premolar,0,Healthy,0.0000,0.9999,0.0000,0.0000
Healthy/lyria__P0425__b3.png,Healthy,P0425,canine,0,Healthy,0.0000,1.0000,0.0000,0.0000
Healthy/lyria__P0425__b4.png,Healthy,P0425,incisor,0,Healthy,0.0000,0.9999,0.0000,0.0000
Healthy/lyria__P0425__b5.png,Healthy,P0425,incisor,0,Healthy,0.0000,0.9999,0.0000,0.0001
Healthy/lyria__P0425__b6.png,Healthy,P0425,incisor,0,Healthy,0.0000,1.0000,0.0000,0.0000
Healthy/lyria__P0425__b7.png,Healthy,P0425,incisor,0,Healthy,0.0000,0.9999,0.0000,0.0000
Healthy/lyria__P0425__b8.png,Healthy,P0425,canine,0,Healthy,0.0000,0.9999,0.0000,0.0000
Healthy/lyria__P0425__b9.png,Healthy,P0425,premolar,0,Healthy,0.0002,0.9998,0.0000,0.0000
Healthy/lyria__P0425__b11.png,Healthy,P0425,2nd molar,0,Healthy,0.0000,1.0000,0.0000,0.0000
Healthy/lyria__P0425__b12.png,Healthy,P0425,3rd molar,0,Healthy,0.0000,1.0000,0.0000,0.0000
Healthy/lyria__P0425__b13.png,Healthy,P0425,incisor,0,Healthy,0.0000,1.0000,0.0000,0.0000
Healthy/lyria__P0425__b14.png,Healthy,P0425,incisor,0,Healthy,0.0000,1.0000,0.0000,0.0000
Healthy/lyria__P0425__b15.png,Healthy,P0425,incisor,0,Healthy,0.0000,0.9999,0.0000,0.0001
Healthy/lyria__P0425__b16.png,Healthy,P0425,incisor,0,Healthy,0.0000,1.0000,0.0000,0.0000
Healthy/lyria__P0425__b17.png,Healthy,P0425,canine,0,Healthy,0.0000,1.0000,0.0000,0.0000
Healthy/lyria__P0425__b18.png,Healthy,P0425,premolar,0,Healthy,0.0000,0.9998,0.0001,0.0000
Healthy/lyria__P0425__b19.png,Healthy,P0425,3rd molar,0,Healthy,0.0000,0.9968,0.0032,0.0000
Healthy/lyria__P0425__b20.png,Healthy,P0425,canine,0,Healthy,0.0000,1.0000,0.0000,0.0000
Healthy/lyria__P0425__b21.png,Healthy,P0425,premolar,0,Healthy,0.0000,1.0000,0.0000,0.0000
Healthy/lyria__P0425__b23.png,Healthy,P0425,1st molar,0,Healthy,0.0000,1.0000,0.0000,0.0000
Healthy/lyria__P0425__b24.png,Healthy,P0425,3rd molar,0,Healthy,0.0002,0.8822,0.1176,0.0000
Healthy/lyria__P0426__b0.png,Healthy,P0426,3rd molar,0,Healthy,0.0000,1.0000,0.0000,0.0000
Healthy/lyria__P0426__b1.png,Healthy,P0426,premolar,0,Healthy,0.0000,1.0000,0.0000,0.0000
Healthy/lyria__P0426__b2.png,Healthy,P0426,premolar,0,Healthy,0.0001,0.9999,0.0000,0.0000
Healthy/lyria__P0426__b3.png,Healthy,P0426,canine,0,Healthy,0.0000,1.0000,0.0000,0.0000
Healthy/lyria__P0426__b5.png,Healthy,P0426,incisor,0,Healthy,0.0000,1.0000,0.0000,0.0000
Healthy/lyria__P0426__b6.png,Healthy,P0426,incisor,0,Healthy,0.0001,0.9999,0.0000,0.0000
Healthy/lyria__P0426__b7.png,Healthy,P0426,incisor,0,Healthy,0.0005,0.9995,0.0000,0.0001
Healthy/lyria__P0426__b8.png,Healthy,P0426,canine,0,Healthy,0.0000,0.9998,0.0001,0.0001
Healthy/lyria__P0426__b9.png,Healthy,P0426,premolar,0,Healthy,0.0000,0.9999,0.0001,0.0000
Healthy/lyria__P0426__b10.png,Healthy,P0426,premolar,0,Healthy,0.0000,0.9999,0.0001,0.0000
Healthy/lyria__P0426__b11.png,Healthy,P0426,2nd molar,0,Healthy,0.0000,0.9999,0.0001,0.0000
Healthy/lyria__P0426__b12.png,Healthy,P0426,3rd molar,0,Healthy,0.0000,0.9142,0.0858,0.0000
Healthy/lyria__P0426__b13.png,Healthy,P0426,canine,0,Healthy,0.0005,0.9995,0.0000,0.0000
Healthy/lyria__P0426__b14.png,Healthy,P0426,incisor,0,Healthy,0.0027,0.9973,0.0000,0.0000
Healthy/lyria__P0426__b15.png,Healthy,P0426,incisor,0,Healthy,0.0000,0.9997,0.0000,0.0003
Healthy/lyria__P0426__b16.png,Healthy,P0426,incisor,0,Healthy,0.0000,0.9999,0.0000,0.0001
Healthy/lyria__P0426__b17.png,Healthy,P0426,incisor,0,Healthy,0.0000,1.0000,0.0000,0.0000
Healthy/lyria__P0426__b18.png,Healthy,P0426,canine,0,Healthy,0.0000,1.0000,0.0000,0.0000
Healthy/lyria__P0426__b19.png,Healthy,P0426,premolar,0,Healthy,0.0000,1.0000,0.0000,0.0000
Healthy/lyria__P0426__b20.png,Healthy,P0426,premolar,0,Healthy,0.0000,0.9998,0.0002,0.0000
Healthy/lyria__P0426__b21.png,Healthy,P0426,premolar,0,Healthy,0.0000,1.0000,0.0000,0.0000
Healthy/lyria__P0426__b22.png,Healthy,P0426,premolar,0,Healthy,0.0000,0.9998,0.0002,0.0000
Healthy/lyria__P0426__b23.png,Healthy,P0426,3rd molar,0,Healthy,0.0000,0.9973,0.0027,0.0000
Healthy/lyria__P0426__b24.png,Healthy,P0426,2nd molar,0,Healthy,0.0000,0.9975,0.0025,0.0000
Healthy/lyria__P0426__b25.png,Healthy,P0426,3rd molar,0,Healthy,0.0000,0.8533,0.1467,0.0000
Healthy/lyria__P0427__b0.png,Healthy,P0427,3rd molar,0,Healthy,0.0003,0.9972,0.0024,0.0001
Healthy/lyria__P0427__b3.png,Healthy,P0427,canine,0,Healthy,0.0000,1.0000,0.0000,0.0000
Healthy/lyria__P0427__b4.png,Healthy,P0427,incisor,0,Healthy,0.0000,1.0000,0.0000,0.0000
Healthy/lyria__P0427__b5.png,Healthy,P0427,incisor,0,Healthy,0.0000,0.9984,0.0000,0.0015
Healthy/lyria__P0427__b6.png,Healthy,P0427,incisor,0,Healthy,0.0001,0.9995,0.0000,0.0004
Healthy/lyria__P0427__b7.png,Healthy,P0427,incisor,0,Healthy,0.0003,0.9997,0.0000,0.0000
Healthy/lyria__P0427__b8.png,Healthy,P0427,canine,0,Healthy,0.0146,0.9845,0.0002,0.0007
Healthy/lyria__P0428__b0.png,Healthy,P0428,premolar,0,Healthy,0.0021,0.9977,0.0001,0.0000
Healthy/lyria__P0428__b1.png,Healthy,P0428,incisor,0,Healthy,0.0045,0.9955,0.0000,0.0000
Healthy/lyria__P0428__b2.png,Healthy,P0428,incisor,0,Healthy,0.0001,0.9995,0.0004,0.0001
Healthy/lyria__P0429__b0.png,Healthy,P0429,2nd molar,0,Healthy,0.0000,1.0000,0.0000,0.0000
Healthy/lyria__P0429__b1.png,Healthy,P0429,1st molar,0,Healthy,0.0000,1.0000,0.0000,0.0000
Healthy/lyria__P0429__b2.png,Healthy,P0429,premolar,0,Healthy,0.1215,0.8781,0.0001,0.0003
Healthy/lyria__P0429__b3.png,Healthy,P0429,premolar,0,Healthy,0.0003,0.9995,0.0001,0.0001
Healthy/lyria__P0429__b4.png,Healthy,P0429,canine,0,Healthy,0.0001,0.9998,0.0001,0.0000
Healthy/lyria__P0429__b5.png,Healthy,P0429,incisor,0,Healthy,0.0000,0.9995,0.0000,0.0005
Healthy/lyria__P0429__b6.png,Healthy,P0429,incisor,0,Healthy,0.0000,0.9999,0.0000,0.0001
Healthy/lyria__P0429__b7.png,Healthy,P0429,incisor,0,Healthy,0.0006,0.9927,0.0001,0.0065
Healthy/lyria__P0429__b8.png,Healthy,P0429,incisor,0,Healthy,0.0002,0.9997,0.0000,0.0001
Healthy/lyria__P0429__b9.png,Healthy,P0429,canine,0,Healthy,0.0001,0.9999,0.0000,0.0000
Healthy/lyria__P0429__b10.png,Healthy,P0429,premolar,0,Healthy,0.0000,1.0000,0.0000,0.0000
Healthy/lyria__P0429__b11.png,Healthy,P0429,premolar,0,Healthy,0.0001,0.9999,0.0000,0.0000
Healthy/lyria__P0429__b12.png,Healthy,P0429,1st molar,0,Healthy,0.0000,0.9998,0.0002,0.0000
Healthy/lyria__P0429__b13.png,Healthy,P0429,2nd molar,0,Healthy,0.0000,1.0000,0.0000,0.0000
Healthy/lyria__P0429__b14.png,Healthy,P0429,2nd molar,0,Healthy,0.0000,1.0000,0.0000,0.0000
Healthy/lyria__P0429__b15.png,Healthy,P0429,1st molar,0,Healthy,0.0000,1.0000,0.0000,0.0000
Healthy/lyria__P0429__b16.png,Healthy,P0429,premolar,0,Healthy,0.0000,0.9998,0.0002,0.0000
Healthy/lyria__P0429__b17.png,Healthy,P0429,premolar,0,Healthy,0.0000,1.0000,0.0000,0.0000
Healthy/lyria__P0429__b18.png,Healthy,P0429,canine,0,Healthy,0.0000,0.9999,0.0000,0.0000
Healthy/lyria__P0429__b19.png,Healthy,P0429,incisor,0,Healthy,0.0001,0.9998,0.0001,0.0000
Healthy/lyria__P0429__b20.png,Healthy,P0429,incisor,0,Healthy,0.0040,0.9940,0.0019,0.0001
Healthy/lyria__P0429__b21.png,Healthy,P0429,incisor,0,Healthy,0.0002,0.9982,0.0010,0.0006
Healthy/lyria__P0429__b22.png,Healthy,P0429,incisor,0,Healthy,0.0000,0.9991,0.0008,0.0000
Healthy/lyria__P0429__b24.png,Healthy,P0429,premolar,0,Healthy,0.0000,0.9999,0.0000,0.0000
Healthy/lyria__P0429__b25.png,Healthy,P0429,premolar,0,Healthy,0.0004,0.9894,0.0001,0.0101
Healthy/lyria__P0429__b26.png,Healthy,P0429,1st molar,0,Healthy,0.0000,1.0000,0.0000,0.0000
Healthy/lyria__P0429__b27.png,Healthy,P0429,2nd molar,0,Healthy,0.0000,0.9956,0.0044,0.0000
Healthy/lyria__P0045__b0.png,Healthy,P0045,3rd molar,0,Healthy,0.3767,0.5660,0.0568,0.0004
Healthy/lyria__P0045__b1.png,Healthy,P0045,1st molar,0,Healthy,0.1811,0.8185,0.0004,0.0000
Healthy/lyria__P0045__b3.png,Healthy,P0045,incisor,0,Healthy,0.0000,0.9999,0.0000,0.0000
Healthy/lyria__P0045__b4.png,Healthy,P0045,2nd molar,0,Healthy,0.0000,1.0000,0.0000,0.0000
Healthy/lyria__P0045__b5.png,Healthy,P0045,3rd molar,0,Healthy,0.0000,0.9999,0.0001,0.0000
Healthy/lyria__P0045__b6.png,Healthy,P0045,2nd molar,0,Healthy,0.0002,0.9997,0.0000,0.0000
Healthy/lyria__P0045__b7.png,Healthy,P0045,premolar,0,Healthy,0.0001,0.9998,0.0000,0.0000
Healthy/lyria__P0045__b8.png,Healthy,P0045,incisor,0,Healthy,0.0000,0.9998,0.0000,0.0002
Healthy/lyria__P0045__b10.png,Healthy,P0045,incisor,0,Healthy,0.0000,0.9999,0.0000,0.0001
Healthy/lyria__P0045__b11.png,Healthy,P0045,incisor,0,Healthy,0.0000,0.9999,0.0000,0.0000
Healthy/lyria__P0045__b12.png,Healthy,P0045,canine,0,Healthy,0.0000,0.9998,0.0001,0.0001
Healthy/lyria__P0045__b13.png,Healthy,P0045,premolar,0,Healthy,0.0000,0.9998,0.0001,0.0000
Healthy/lyria__P0045__b14.png,Healthy,P0045,3rd molar,0,Impacted,0.0011,0.4035,0.5953,0.0001
Healthy/lyria__P0431__b0.png,Healthy,P0431,canine,0,Healthy,0.2616,0.7382,0.0000,0.0002
Healthy/lyria__P0431__b3.png,Healthy,P0431,incisor,0,Healthy,0.0002,0.9985,0.0012,0.0001
Healthy/lyria__P0431__b4.png,Healthy,P0431,incisor,0,Healthy,0.0001,0.9993,0.0007,0.0000
Healthy/lyria__P0431__b5.png,Healthy,P0431,canine,0,Healthy,0.0001,0.9989,0.0009,0.0001
Healthy/lyria__P0432__b0.png,Healthy,P0432,canine,0,Healthy,0.1240,0.8717,0.0008,0.0035
Healthy/lyria__P0432__b1.png,Healthy,P0432,incisor,0,Healthy,0.0006,0.9992,0.0000,0.0001
Healthy/lyria__P0432__b3.png,Healthy,P0432,incisor,0,Healthy,0.0000,0.9998,0.0000,0.0001
Healthy/lyria__P0432__b4.png,Healthy,P0432,canine,0,Healthy,0.0000,1.0000,0.0000,0.0000
Healthy/lyria__P0432__b5.png,Healthy,P0432,premolar,0,Healthy,0.0009,0.9985,0.0006,0.0001
Healthy/lyria__P0432__b6.png,Healthy,P0432,1st molar,0,Healthy,0.0057,0.9800,0.0137,0.0006
Healthy/lyria__P0432__b7.png,Healthy,P0432,canine,0,Healthy,0.0000,1.0000,0.0000,0.0000
Healthy/lyria__P0432__b9.png,Healthy,P0432,incisor,0,Healthy,0.0000,0.9999,0.0000,0.0000
Healthy/lyria__P0432__b10.png,Healthy,P0432,incisor,0,Healthy,0.0001,0.9990,0.0008,0.0000
Healthy/lyria__P0432__b11.png,Healthy,P0432,incisor,0,Healthy,0.0000,0.9997,0.0003,0.0001
Healthy/lyria__P0432__b12.png,Healthy,P0432,premolar,0,Healthy,0.0059,0.9858,0.0006,0.0076
Healthy/lyria__P0433__b0.png,Healthy,P0433,premolar,0,Healthy,0.0003,0.9997,0.0000,0.0000
Healthy/lyria__P0433__b1.png,Healthy,P0433,premolar,0,Healthy,0.1737,0.8249,0.0014,0.0001
Healthy/lyria__P0433__b2.png,Healthy,P0433,canine,0,Healthy,0.0035,0.9964,0.0000,0.0000
Healthy/lyria__P0433__b3.png,Healthy,P0433,incisor,0,Healthy,0.0052,0.9914,0.0001,0.0033
Healthy/lyria__P0433__b4.png,Healthy,P0433,incisor,0,Healthy,0.0015,0.9979,0.0000,0.0005
Healthy/lyria__P0433__b5.png,Healthy,P0433,incisor,0,Healthy,0.0005,0.9995,0.0000,0.0000
Healthy/lyria__P0433__b6.png,Healthy,P0433,canine,0,Healthy,0.0323,0.9676,0.0000,0.0000
Healthy/lyria__P0433__b7.png,Healthy,P0433,premolar,0,Healthy,0.0013,0.9986,0.0000,0.0000
Healthy/lyria__P0433__b8.png,Healthy,P0433,premolar,0,Healthy,0.0004,0.9996,0.0000,0.0000
Healthy/lyria__P0433__b10.png,Healthy,P0433,canine,0,Healthy,0.0000,0.9998,0.0002,0.0000
Healthy/lyria__P0433__b12.png,Healthy,P0433,incisor,0,Healthy,0.0000,0.9999,0.0000,0.0000
Healthy/lyria__P0433__b13.png,Healthy,P0433,incisor,0,Healthy,0.0002,0.9989,0.0000,0.0008
Healthy/lyria__P0433__b14.png,Healthy,P0433,incisor,0,Healthy,0.0000,0.9998,0.0002,0.0000
Healthy/lyria__P0433__b15.png,Healthy,P0433,canine,0,Healthy,0.0000,1.0000,0.0000,0.0000
Healthy/lyria__P0433__b16.png,Healthy,P0433,premolar,0,Healthy,0.0000,1.0000,0.0000,0.0000
Healthy/lyria__P0433__b17.png,Healthy,P0433,premolar,0,Healthy,0.0000,0.9999,0.0001,0.0000
Healthy/lyria__P0434__b0.png,Healthy,P0434,premolar,0,Healthy,0.0002,0.9998,0.0000,0.0000
Healthy/lyria__P0434__b1.png,Healthy,P0434,premolar,0,Healthy,0.0000,1.0000,0.0000,0.0000
Healthy/lyria__P0434__b3.png,Healthy,P0434,incisor,0,Healthy,0.0000,1.0000,0.0000,0.0000
Healthy/lyria__P0434__b4.png,Healthy,P0434,incisor,0,Healthy,0.0000,1.0000,0.0000,0.0000
Healthy/lyria__P0434__b5.png,Healthy,P0434,canine,0,Healthy,0.0000,0.9999,0.0000,0.0001
Healthy/lyria__P0434__b6.png,Healthy,P0434,premolar,0,Healthy,0.0024,0.9963,0.0000,0.0013
Healthy/lyria__P0434__b7.png,Healthy,P0434,premolar,0,Healthy,0.0001,0.9998,0.0001,0.0000
Healthy/lyria__P0434__b8.png,Healthy,P0434,canine,0,Healthy,0.0000,1.0000,0.0000,0.0000
Healthy/lyria__P0434__b9.png,Healthy,P0434,incisor,0,Healthy,0.0000,1.0000,0.0000,0.0000
Healthy/lyria__P0434__b10.png,Healthy,P0434,incisor,0,Healthy,0.0000,1.0000,0.0000,0.0000
Healthy/lyria__P0434__b11.png,Healthy,P0434,incisor,0,Healthy,0.0000,1.0000,0.0000,0.0000
Healthy/lyria__P0434__b13.png,Healthy,P0434,premolar,0,Healthy,0.0003,0.9997,0.0000,0.0000
Healthy/lyria__P0436__b0.png,Healthy,P0436,canine,0,Healthy,0.0001,0.9701,0.0297,0.0000
Healthy/lyria__P0436__b1.png,Healthy,P0436,incisor,0,Healthy,0.0300,0.8296,0.1390,0.0014
Healthy/lyria__P0437__b0.png,Healthy,P0437,premolar,0,Endodontics,0.5265,0.4733,0.0000,0.0002
Healthy/lyria__P0437__b1.png,Healthy,P0437,canine,0,Healthy,0.0096,0.9675,0.0000,0.0228
Healthy/lyria__P0437__b2.png,Healthy,P0437,incisor,0,Healthy,0.3651,0.6341,0.0005,0.0003
Healthy/lyria__P0437__b3.png,Healthy,P0437,premolar,0,Endodontics,0.6158,0.3841,0.0000,0.0001
Healthy/lyria__P0437__b4.png,Healthy,P0437,canine,0,Healthy,0.0288,0.9699,0.0012,0.0001
Healthy/lyria__P0437__b6.png,Healthy,P0437,incisor,0,Healthy,0.0102,0.9892,0.0000,0.0005
Healthy/lyria__P0437__b7.png,Healthy,P0437,incisor,0,Healthy,0.0009,0.9972,0.0000,0.0019
Healthy/lyria__P0437__b8.png,Healthy,P0437,incisor,0,Healthy,0.0001,0.9982,0.0016,0.0001
Healthy/lyria__P0437__b9.png,Healthy,P0437,canine,0,Healthy,0.0001,0.9979,0.0020,0.0000
Healthy/lyria__P0437__b10.png,Healthy,P0437,2nd molar,0,Healthy,0.1528,0.6665,0.1804,0.0003
Healthy/lyria__P0438__b0.png,Healthy,P0438,canine,0,Healthy,0.3937,0.4930,0.0002,0.1131
Healthy/lyria__P0438__b1.png,Healthy,P0438,canine,0,Healthy,0.1709,0.8238,0.0008,0.0045
Healthy/lyria__P0438__b2.png,Healthy,P0438,canine,0,Healthy,0.0000,1.0000,0.0000,0.0000
Healthy/lyria__P0438__b4.png,Healthy,P0438,incisor,0,Healthy,0.0000,0.9967,0.0000,0.0032
Healthy/lyria__P0438__b6.png,Healthy,P0438,incisor,0,Healthy,0.0002,0.9995,0.0000,0.0002
Healthy/lyria__P0439__b1.png,Healthy,P0439,incisor,0,Healthy,0.2409,0.7586,0.0005,0.0000
Healthy/lyria__P0439__b2.png,Healthy,P0439,incisor,0,Healthy,0.2144,0.7835,0.0020,0.0001
Healthy/lyria__P0439__b4.png,Healthy,P0439,incisor,0,Healthy,0.0047,0.9949,0.0005,0.0000
Healthy/lyria__P0439__b5.png,Healthy,P0439,canine,0,Healthy,0.2588,0.7379,0.0032,0.0000
Healthy/lyria__P0440__b0.png,Healthy,P0440,1st molar,0,Healthy,0.0022,0.9975,0.0003,0.0000
Healthy/lyria__P0440__b2.png,Healthy,P0440,incisor,0,Healthy,0.0000,1.0000,0.0000,0.0000
Healthy/lyria__P0440__b3.png,Healthy,P0440,incisor,0,Healthy,0.0006,0.9991,0.0000,0.0003
Healthy/lyria__P0440__b5.png,Healthy,P0440,canine,0,Healthy,0.0228,0.9734,0.0036,0.0002
Healthy/lyria__P0441__b0.png,Healthy,P0441,incisor,0,Healthy,0.0001,0.9995,0.0000,0.0004
Healthy/lyria__P0441__b2.png,Healthy,P0441,incisor,0,Healthy,0.0001,0.9997,0.0000,0.0002
Healthy/lyria__P0445__b1.png,Healthy,P0445,premolar,0,Healthy,0.0001,0.9998,0.0000,0.0000
Healthy/lyria__P0445__b3.png,Healthy,P0445,incisor,0,Healthy,0.0002,0.9997,0.0000,0.0001
Healthy/lyria__P0445__b4.png,Healthy,P0445,incisor,0,Healthy,0.0000,0.9997,0.0000,0.0002
Healthy/lyria__P0445__b5.png,Healthy,P0445,incisor,0,Healthy,0.0000,1.0000,0.0000,0.0000
Healthy/lyria__P0445__b6.png,Healthy,P0445,incisor,0,Healthy,0.0002,0.9997,0.0000,0.0000
Healthy/lyria__P0445__b7.png,Healthy,P0445,canine,0,Healthy,0.0000,1.0000,0.0000,0.0000
Healthy/lyria__P0445__b8.png,Healthy,P0445,premolar,0,Healthy,0.0000,1.0000,0.0000,0.0000
Healthy/lyria__P0447__b0.png,Healthy,P0447,2nd molar,0,Healthy,0.0000,1.0000,0.0000,0.0000
Healthy/lyria__P0447__b1.png,Healthy,P0447,1st molar,0,Healthy,0.0000,1.0000,0.0000,0.0000
Healthy/lyria__P0447__b2.png,Healthy,P0447,premolar,0,Healthy,0.0002,0.9990,0.0000,0.0008
Healthy/lyria__P0447__b3.png,Healthy,P0447,premolar,0,Healthy,0.0004,0.9996,0.0000,0.0000
Healthy/lyria__P0447__b4.png,Healthy,P0447,canine,0,Healthy,0.0000,0.9999,0.0000,0.0000
Healthy/lyria__P0447__b5.png,Healthy,P0447,incisor,0,Healthy,0.0001,0.9996,0.0000,0.0002
Healthy/lyria__P0447__b6.png,Healthy,P0447,incisor,0,Healthy,0.0001,0.9983,0.0000,0.0016
Healthy/lyria__P0447__b7.png,Healthy,P0447,incisor,0,Healthy,0.0000,1.0000,0.0000,0.0000
Healthy/lyria__P0447__b9.png,Healthy,P0447,canine,0,Healthy,0.0000,1.0000,0.0000,0.0000
Healthy/lyria__P0447__b10.png,Healthy,P0447,premolar,0,Healthy,0.0001,0.9998,0.0000,0.0001
Healthy/lyria__P0447__b11.png,Healthy,P0447,premolar,0,Healthy,0.0020,0.9951,0.0023,0.0005
Healthy/lyria__P0447__b12.png,Healthy,P0447,1st molar,0,Healthy,0.0000,1.0000,0.0000,0.0000
Healthy/lyria__P0447__b13.png,Healthy,P0447,2nd molar,0,Healthy,0.0000,1.0000,0.0000,0.0000
Healthy/lyria__P0447__b14.png,Healthy,P0447,2nd molar,0,Healthy,0.0000,1.0000,0.0000,0.0000
Healthy/lyria__P0447__b15.png,Healthy,P0447,1st molar,0,Healthy,0.0000,0.9998,0.0001,0.0001
Healthy/lyria__P0447__b16.png,Healthy,P0447,premolar,0,Healthy,0.0003,0.9969,0.0026,0.0002
Healthy/lyria__P0447__b17.png,Healthy,P0447,premolar,0,Healthy,0.0000,1.0000,0.0000,0.0000
Healthy/lyria__P0447__b18.png,Healthy,P0447,canine,0,Healthy,0.0000,1.0000,0.0000,0.0000
Healthy/lyria__P0447__b19.png,Healthy,P0447,incisor,0,Healthy,0.0000,1.0000,0.0000,0.0000
Healthy/lyria__P0447__b20.png,Healthy,P0447,incisor,0,Healthy,0.0000,0.9999,0.0000,0.0000
Healthy/lyria__P0447__b21.png,Healthy,P0447,incisor,0,Healthy,0.0000,0.9999,0.0000,0.0000
Healthy/lyria__P0447__b22.png,Healthy,P0447,incisor,0,Healthy,0.0000,1.0000,0.0000,0.0000
Healthy/lyria__P0447__b24.png,Healthy,P0447,premolar,0,Healthy,0.0001,0.9998,0.0001,0.0000
Healthy/lyria__P0447__b25.png,Healthy,P0447,premolar,0,Healthy,0.0000,1.0000,0.0000,0.0000
Healthy/lyria__P0447__b26.png,Healthy,P0447,1st molar,0,Healthy,0.0000,1.0000,0.0000,0.0000
Healthy/lyria__P0447__b27.png,Healthy,P0447,2nd molar,0,Healthy,0.0000,1.0000,0.0000,0.0000
Healthy/lyria__P0449__b0.png,Healthy,P0449,1st molar,0,Healthy,0.0000,1.0000,0.0000,0.0000
Healthy/lyria__P0449__b1.png,Healthy,P0449,premolar,0,Healthy,0.0001,0.9996,0.0000,0.0003
Healthy/lyria__P0449__b3.png,Healthy,P0449,canine,0,Healthy,0.0000,0.9999,0.0000,0.0001
Healthy/lyria__P0449__b4.png,Healthy,P0449,incisor,0,Healthy,0.0000,1.0000,0.0000,0.0000
Healthy/lyria__P0449__b5.png,Healthy,P0449,incisor,0,Healthy,0.0000,0.9997,0.0000,0.0002
Healthy/lyria__P0449__b6.png,Healthy,P0449,incisor,0,Healthy,0.0000,1.0000,0.0000,0.0000
Healthy/lyria__P0449__b7.png,Healthy,P0449,incisor,0,Healthy,0.0000,1.0000,0.0000,0.0000
Healthy/lyria__P0449__b8.png,Healthy,P0449,canine,0,Healthy,0.0000,0.9999,0.0000,0.0001
Healthy/lyria__P0449__b9.png,Healthy,P0449,2nd molar,0,Healthy,0.0000,1.0000,0.0000,0.0000
Healthy/lyria__P0449__b10.png,Healthy,P0449,premolar,0,Healthy,0.0000,1.0000,0.0000,0.0000
Healthy/lyria__P0449__b11.png,Healthy,P0449,premolar,0,Healthy,0.0000,0.9998,0.0000,0.0002
Healthy/lyria__P0449__b12.png,Healthy,P0449,1st molar,0,Healthy,0.0000,0.9999,0.0000,0.0000
Healthy/lyria__P0449__b13.png,Healthy,P0449,2nd molar,0,Healthy,0.0000,0.9989,0.0011,0.0000
Healthy/lyria__P0449__b14.png,Healthy,P0449,incisor,0,Healthy,0.0000,1.0000,0.0000,0.0000
Healthy/lyria__P0449__b15.png,Healthy,P0449,incisor,0,Healthy,0.0000,1.0000,0.0000,0.0000
Healthy/lyria__P0449__b16.png,Healthy,P0449,incisor,0,Healthy,0.0000,1.0000,0.0000,0.0000
Healthy/lyria__P0449__b17.png,Healthy,P0449,incisor,0,Healthy,0.0000,1.0000,0.0000,0.0000
Healthy/lyria__P0449__b18.png,Healthy,P0449,canine,0,Healthy,0.0000,1.0000,0.0000,0.0000
Healthy/lyria__P0449__b19.png,Healthy,P0449,premolar,0,Healthy,0.0005,0.9994,0.0000,0.0000
Healthy/lyria__P0449__b20.png,Healthy,P0449,premolar,0,Healthy,0.0000,1.0000,0.0000,0.0000
Healthy/lyria__P0449__b21.png,Healthy,P0449,1st molar,0,Healthy,0.0000,1.0000,0.0000,0.0000
Healthy/lyria__P0449__b22.png,Healthy,P0449,canine,0,Healthy,0.0000,1.0000,0.0000,0.0000
Healthy/lyria__P0449__b24.png,Healthy,P0449,premolar,0,Healthy,0.0000,0.9998,0.0002,0.0000
Healthy/lyria__P0449__b25.png,Healthy,P0449,1st molar,0,Healthy,0.0000,1.0000,0.0000,0.0000
Healthy/lyria__P0449__b26.png,Healthy,P0449,2nd molar,0,Healthy,0.0001,0.9971,0.0028,0.0000
Healthy/lyria__P0450__b0.png,Healthy,P0450,canine,0,Healthy,0.0008,0.9991,0.0000,0.0001
Healthy/lyria__P0450__b1.png,Healthy,P0450,incisor,0,Healthy,0.0000,1.0000,0.0000,0.0000
Healthy/lyria__P0450__b2.png,Healthy,P0450,incisor,0,Healthy,0.0000,0.9999,0.0000,0.0000
Healthy/lyria__P0450__b3.png,Healthy,P0450,incisor,0,Healthy,0.0001,0.9988,0.0001,0.0010
Healthy/lyria__P0450__b5.png,Healthy,P0450,incisor,0,Healthy,0.0000,1.0000,0.0000,0.0000
Healthy/lyria__P0450__b6.png,Healthy,P0450,incisor,0,Healthy,0.0001,0.9998,0.0000,0.0001
Healthy/lyria__P0450__b7.png,Healthy,P0450,incisor,0,Healthy,0.0000,0.9999,0.0000,0.0001
Healthy/lyria__P0450__b8.png,Healthy,P0450,incisor,0,Healthy,0.0000,1.0000,0.0000,0.0000
Healthy/lyria__P0450__b9.png,Healthy,P0450,canine,0,Healthy,0.0006,0.9993,0.0000,0.0000
Healthy/lyria__P0450__b10.png,Healthy,P0450,canine,0,Healthy,0.0001,0.9999,0.0000,0.0000
Healthy/lyria__P0450__b11.png,Healthy,P0450,premolar,0,Healthy,0.0001,0.9998,0.0000,0.0000
Healthy/lyria__P0046__b0.png,Healthy,P0046,premolar,0,Healthy,0.0000,1.0000,0.0000,0.0000
Healthy/lyria__P0046__b1.png,Healthy,P0046,premolar,0,Healthy,0.0001,0.9999,0.0000,0.0000
Healthy/lyria__P0046__b4.png,Healthy,P0046,incisor,0,Healthy,0.0007,0.9147,0.0000,0.0846
Healthy/lyria__P0046__b5.png,Healthy,P0046,canine,0,Healthy,0.0000,0.9999,0.0000,0.0001
Healthy/lyria__P0046__b6.png,Healthy,P0046,canine,0,Healthy,0.0000,1.0000,0.0000,0.0000
Healthy/lyria__P0046__b7.png,Healthy,P0046,incisor,0,Healthy,0.0000,1.0000,0.0000,0.0000
Healthy/lyria__P0046__b8.png,Healthy,P0046,incisor,0,Healthy,0.0000,0.9949,0.0000,0.0051
Healthy/lyria__P0046__b9.png,Healthy,P0046,incisor,0,Healthy,0.0000,0.9992,0.0000,0.0007
Healthy/lyria__P0046__b10.png,Healthy,P0046,incisor,0,Healthy,0.0002,0.9959,0.0000,0.0039
Healthy/lyria__P0046__b11.png,Healthy,P0046,canine,0,Healthy,0.0000,0.9999,0.0000,0.0000
Healthy/lyria__P0046__b12.png,Healthy,P0046,premolar,0,Healthy,0.0000,1.0000,0.0000,0.0000
Healthy/lyria__P0454__b0.png,Healthy,P0454,premolar,0,Healthy,0.0000,0.9997,0.0002,0.0000
Healthy/lyria__P0454__b1.png,Healthy,P0454,premolar,0,Healthy,0.0000,1.0000,0.0000,0.0000
Healthy/lyria__P0454__b2.png,Healthy,P0454,canine,0,Healthy,0.0000,1.0000,0.0000,0.0000
Healthy/lyria__P0454__b3.png,Healthy,P0454,incisor,0,Healthy,0.0002,0.9998,0.0000,0.0000
Healthy/lyria__P0454__b4.png,Healthy,P0454,incisor,0,Healthy,0.0000,1.0000,0.0000,0.0000
Healthy/lyria__P0454__b5.png,Healthy,P0454,incisor,0,Healthy,0.0000,1.0000,0.0000,0.0000
Healthy/lyria__P0454__b6.png,Healthy,P0454,incisor,0,Healthy,0.0000,1.0000,0.0000,0.0000
Healthy/lyria__P0454__b7.png,Healthy,P0454,canine,0,Healthy,0.0000,1.0000,0.0000,0.0000
Healthy/lyria__P0454__b8.png,Healthy,P0454,premolar,0,Healthy,0.0000,1.0000,0.0000,0.0000
Healthy/lyria__P0454__b9.png,Healthy,P0454,premolar,0,Healthy,0.0000,1.0000,0.0000,0.0000
Healthy/lyria__P0454__b10.png,Healthy,P0454,premolar,0,Healthy,0.0001,0.9999,0.0001,0.0000
Healthy/lyria__P0454__b12.png,Healthy,P0454,canine,0,Healthy,0.0000,1.0000,0.0000,0.0000
Healthy/lyria__P0454__b13.png,Healthy,P0454,incisor,0,Healthy,0.0000,1.0000,0.0000,0.0000
Healthy/lyria__P0454__b14.png,Healthy,P0454,incisor,0,Healthy,0.0000,1.0000,0.0000,0.0000
Healthy/lyria__P0454__b15.png,Healthy,P0454,incisor,0,Healthy,0.0000,1.0000,0.0000,0.0000
Healthy/lyria__P0454__b16.png,Healthy,P0454,incisor,0,Healthy,0.0000,1.0000,0.0000,0.0000
Healthy/lyria__P0454__b17.png,Healthy,P0454,canine,0,Healthy,0.0000,1.0000,0.0000,0.0000
Healthy/lyria__P0454__b19.png,Healthy,P0454,premolar,0,Healthy,0.0000,1.0000,0.0000,0.0000
Healthy/lyria__P0455__b0.png,Healthy,P0455,3rd molar,0,Healthy,0.0000,1.0000,0.0000,0.0000
Healthy/lyria__P0455__b1.png,Healthy,P0455,2nd molar,0,Healthy,0.0000,1.0000,0.0000,0.0000
Healthy/lyria__P0455__b2.png,Healthy,P0455,premolar,0,Healthy,0.0000,0.9999,0.0000,0.0000
Healthy/lyria__P0455__b4.png,Healthy,P0455,canine,0,Healthy,0.0000,0.9999,0.0000,0.0000
Healthy/lyria__P0455__b5.png,Healthy,P0455,incisor,0,Healthy,0.0000,0.9997,0.0000,0.0003
Healthy/lyria__P0455__b6.png,Healthy,P0455,incisor,0,Healthy,0.0000,0.9999,0.0000,0.0001
Healthy/lyria__P0455__b8.png,Healthy,P0455,incisor,0,Healthy,0.0000,0.9999,0.0000,0.0000
Healthy/lyria__P0455__b9.png,Healthy,P0455,canine,0,Healthy,0.0002,0.9981,0.0008,0.0009
Healthy/lyria__P0455__b10.png,Healthy,P0455,premolar,0,Healthy,0.0025,0.9971,0.0001,0.0003
Healthy/lyria__P0455__b11.png,Healthy,P0455,premolar,0,Healthy,0.0010,0.9989,0.0000,0.0001
Healthy/lyria__P0455__b12.png,Healthy,P0455,3rd molar,0,Healthy,0.0000,1.0000,0.0000,0.0000
Healthy/lyria__P0455__b13.png,Healthy,P0455,3rd molar,0,Healthy,0.0000,1.0000,0.0000,0.0000
Healthy/lyria__P0455__b14.png,Healthy,P0455,1st molar,0,Healthy,0.0000,0.9999,0.0001,0.0000
Healthy/lyria__P0455__b15.png,Healthy,P0455,premolar,0,Healthy,0.0002,0.9997,0.0000,0.0001
Healthy/lyria__P0455__b16.png,Healthy,P0455,premolar,0,Healthy,0.0000,0.9999,0.0000,0.0000
Healthy/lyria__P0455__b17.png,Healthy,P0455,canine,0,Healthy,0.0000,1.0000,0.0000,0.0000
Healthy/lyria__P0455__b18.png,Healthy,P0455,incisor,0,Healthy,0.0000,1.0000,0.0000,0.0000
Healthy/lyria__P0455__b19.png,Healthy,P0455,incisor,0,Healthy,0.0000,0.9999,0.0000,0.0001
Healthy/lyria__P0455__b20.png,Healthy,P0455,incisor,0,Healthy,0.0000,0.9999,0.0000,0.0001
Healthy/lyria__P0455__b21.png,Healthy,P0455,incisor,0,Healthy,0.0000,0.9983,0.0000,0.0016
Healthy/lyria__P0455__b22.png,Healthy,P0455,canine,0,Healthy,0.0009,0.9989,0.0001,0.0000
Healthy/lyria__P0455__b23.png,Healthy,P0455,premolar,0,Healthy,0.0000,0.9999,0.0000,0.0001
Healthy/lyria__P0455__b24.png,Healthy,P0455,premolar,0,Healthy,0.0000,0.9998,0.0000,0.0002
Healthy/lyria__P0455__b25.png,Healthy,P0455,3rd molar,0,Healthy,0.0000,0.7374,0.2626,0.0000
Healthy/lyria__P0456__b0.png,Healthy,P0456,3rd molar,0,Healthy,0.0000,0.6952,0.3048,0.0000
Healthy/lyria__P0456__b1.png,Healthy,P0456,2nd molar,0,Healthy,0.0000,1.0000,0.0000,0.0000
Healthy/lyria__P0456__b2.png,Healthy,P0456,1st molar,0,Healthy,0.0001,0.9998,0.0000,0.0000
Healthy/lyria__P0456__b3.png,Healthy,P0456,premolar,0,Healthy,0.0280,0.9715,0.0000,0.0004
Healthy/lyria__P0456__b4.png,Healthy,P0456,premolar,0,Healthy,0.0094,0.9866,0.0001,0.0039
Healthy/lyria__P0456__b5.png,Healthy,P0456,canine,0,Healthy,0.1137,0.8861,0.0000,0.0002
Healthy/lyria__P0456__b6.png,Healthy,P0456,incisor,0,Healthy,0.0020,0.9947,0.0000,0.0033
Healthy/lyria__P0456__b7.png,Healthy,P0456,incisor,0,Healthy,0.0002,0.9998,0.0000,0.0000
Healthy/lyria__P0456__b8.png,Healthy,P0456,incisor,0,Healthy,0.0000,0.9986,0.0000,0.0013
Healthy/lyria__P0456__b9.png,Healthy,P0456,incisor,0,Healthy,0.0019,0.9980,0.0000,0.0002
Healthy/lyria__P0456__b10.png,Healthy,P0456,canine,0,Healthy,0.0001,0.9999,0.0000,0.0000
Healthy/lyria__P0456__b11.png,Healthy,P0456,premolar,0,Healthy,0.0002,0.9998,0.0000,0.0000
Healthy/lyria__P0456__b12.png,Healthy,P0456,premolar,0,Healthy,0.1417,0.8573,0.0000,0.0009
Healthy/lyria__P0456__b13.png,Healthy,P0456,1st molar,0,Healthy,0.0001,0.9999,0.0000,0.0000
Healthy/lyria__P0456__b14.png,Healthy,P0456,3rd molar,0,Healthy,0.0000,0.9995,0.0005,0.0000
Healthy/lyria__P0456__b15.png,Healthy,P0456,3rd molar,0,Impacted,0.0000,0.0030,0.9969,0.0001
Healthy/lyria__P0456__b16.png,Healthy,P0456,2nd molar,0,Healthy,0.0000,1.0000,0.0000,0.0000
Healthy/lyria__P0456__b17.png,Healthy,P0456,1st molar,0,Healthy,0.0000,1.0000,0.0000,0.0000
Healthy/lyria__P0456__b19.png,Healthy,P0456,premolar,0,Healthy,0.0000,1.0000,0.0000,0.0000
Healthy/lyria__P0456__b20.png,Healthy,P0456,canine,0,Healthy,0.0000,1.0000,0.0000,0.0000
Healthy/lyria__P0456__b21.png,Healthy,P0456,incisor,0,Healthy,0.0000,1.0000,0.0000,0.0000
Healthy/lyria__P0456__b22.png,Healthy,P0456,incisor,0,Healthy,0.0000,1.0000,0.0000,0.0000
Healthy/lyria__P0456__b23.png,Healthy,P0456,incisor,0,Healthy,0.0000,0.9998,0.0000,0.0001
Healthy/lyria__P0456__b24.png,Healthy,P0456,incisor,0,Healthy,0.0000,1.0000,0.0000,0.0000
Healthy/lyria__P0456__b25.png,Healthy,P0456,premolar,0,Healthy,0.0001,0.9998,0.0000,0.0000
Healthy/lyria__P0456__b26.png,Healthy,P0456,canine,0,Healthy,0.0004,0.9996,0.0000,0.0000
Healthy/lyria__P0456__b27.png,Healthy,P0456,premolar,0,Healthy,0.0002,0.9993,0.0001,0.0004
Healthy/lyria__P0456__b28.png,Healthy,P0456,1st molar,0,Healthy,0.0000,1.0000,0.0000,0.0000
Healthy/lyria__P0456__b29.png,Healthy,P0456,2nd molar,0,Healthy,0.0000,1.0000,0.0000,0.0000
Healthy/lyria__P0458__b0.png,Healthy,P0458,3rd molar,0,Healthy,0.0007,0.9816,0.0177,0.0000
Healthy/lyria__P0458__b1.png,Healthy,P0458,2nd molar,0,Healthy,0.0000,1.0000,0.0000,0.0000
Healthy/lyria__P0458__b2.png,Healthy,P0458,1st molar,0,Healthy,0.0000,1.0000,0.0000,0.0000
Healthy/lyria__P0458__b3.png,Healthy,P0458,premolar,0,Healthy,0.0616,0.9383,0.0001,0.0001
Healthy/lyria__P0458__b4.png,Healthy,P0458,premolar,0,Healthy,0.2629,0.7364,0.0001,0.0005
Healthy/lyria__P0458__b6.png,Healthy,P0458,incisor,0,Healthy,0.0086,0.9897,0.0015,0.0001
Healthy/lyria__P0458__b7.png,Healthy,P0458,incisor,0,Healthy,0.0129,0.9770,0.0055,0.0046
Healthy/lyria__P0458__b8.png,Healthy,P0458,incisor,0,Healthy,0.0149,0.9849,0.0000,0.0001
Healthy/lyria__P0458__b9.png,Healthy,P0458,incisor,0,Healthy,0.0006,0.9964,0.0000,0.0029
Healthy/lyria__P0458__b10.png,Healthy,P0458,canine,0,Healthy,0.0199,0.9736,0.0000,0.0065
Healthy/lyria__P0458__b11.png,Healthy,P0458,premolar,0,Healthy,0.0068,0.9894,0.0002,0.0036
Healthy/lyria__P0458__b12.png,Healthy,P0458,premolar,0,Healthy,0.0106,0.9320,0.0115,0.0459
Healthy/lyria__P0458__b13.png,Healthy,P0458,1st molar,0,Healthy,0.0010,0.9989,0.0000,0.0001
Healthy/lyria__P0458__b14.png,Healthy,P0458,2nd molar,0,Healthy,0.0000,1.0000,0.0000,0.0000
Healthy/lyria__P0458__b15.png,Healthy,P0458,3rd molar,0,Healthy,0.0008,0.9985,0.0007,0.0000
Healthy/lyria__P0458__b16.png,Healthy,P0458,3rd molar,0,Healthy,0.0000,0.6508,0.3492,0.0000
Healthy/lyria__P0458__b17.png,Healthy,P0458,2nd molar,0,Healthy,0.0000,0.9982,0.0018,0.0000
Healthy/lyria__P0458__b18.png,Healthy,P0458,1st molar,0,Healthy,0.0000,1.0000,0.0000,0.0000
Healthy/lyria__P0458__b19.png,Healthy,P0458,premolar,0,Healthy,0.0000,0.9998,0.0002,0.0000
Healthy/lyria__P0458__b20.png,Healthy,P0458,premolar,0,Healthy,0.0000,1.0000,0.0000,0.0000
Healthy/lyria__P0458__b21.png,Healthy,P0458,canine,0,Healthy,0.0000,1.0000,0.0000,0.0000
Healthy/lyria__P0458__b23.png,Healthy,P0458,incisor,0,Healthy,0.0000,1.0000,0.0000,0.0000
Healthy/lyria__P0458__b24.png,Healthy,P0458,incisor,0,Healthy,0.0000,1.0000,0.0000,0.0000
Healthy/lyria__P0458__b25.png,Healthy,P0458,incisor,0,Healthy,0.0000,1.0000,0.0000,0.0000
Healthy/lyria__P0458__b26.png,Healthy,P0458,canine,0,Healthy,0.0000,0.9997,0.0002,0.0000
Healthy/lyria__P0458__b27.png,Healthy,P0458,premolar,0,Healthy,0.0000,0.9999,0.0001,0.0000
Healthy/lyria__P0458__b28.png,Healthy,P0458,premolar,0,Healthy,0.0000,0.9999,0.0001,0.0000
Healthy/lyria__P0458__b29.png,Healthy,P0458,1st molar,0,Healthy,0.0000,1.0000,0.0000,0.0000
Healthy/lyria__P0458__b30.png,Healthy,P0458,2nd molar,0,Healthy,0.0000,1.0000,0.0000,0.0000
Healthy/lyria__P0458__b31.png,Healthy,P0458,3rd molar,0,Healthy,0.0000,0.8566,0.1429,0.0004
Healthy/lyria__P0460__b0.png,Healthy,P0460,2nd molar,0,Healthy,0.0000,1.0000,0.0000,0.0000
Healthy/lyria__P0460__b1.png,Healthy,P0460,1st molar,0,Healthy,0.0000,1.0000,0.0000,0.0000
Healthy/lyria__P0460__b2.png,Healthy,P0460,premolar,0,Healthy,0.0000,1.0000,0.0000,0.0000
Healthy/lyria__P0460__b3.png,Healthy,P0460,premolar,0,Healthy,0.0001,0.9999,0.0000,0.0000
Healthy/lyria__P0460__b4.png,Healthy,P0460,canine,0,Healthy,0.0000,1.0000,0.0000,0.0000
Healthy/lyria__P0460__b5.png,Healthy,P0460,incisor,0,Healthy,0.0000,0.9999,0.0000,0.0000
Healthy/lyria__P0460__b6.png,Healthy,P0460,incisor,0,Healthy,0.0000,1.0000,0.0000,0.0000
Healthy/lyria__P0460__b7.png,Healthy,P0460,incisor,0,Healthy,0.0000,1.0000,0.0000,0.0000
Healthy/lyria__P0460__b9.png,Healthy,P0460,canine,0,Healthy,0.0000,1.0000,0.0000,0.0000
Healthy/lyria__P0460__b10.png,Healthy,P0460,premolar,0,Healthy,0.0001,0.9999,0.0000,0.0000
Healthy/lyria__P0460__b11.png,Healthy,P0460,premolar,0,Healthy,0.0000,0.9992,0.0000,0.0008
Healthy/lyria__P0460__b12.png,Healthy,P0460,1st molar,0,Healthy,0.0000,1.0000,0.0000,0.0000
Healthy/lyria__P0460__b13.png,Healthy,P0460,2nd molar,0,Healthy,0.0000,1.0000,0.0000,0.0000
Healthy/lyria__P0460__b14.png,Healthy,P0460,incisor,0,Healthy,0.0000,0.9998,0.0002,0.0000
Healthy/lyria__P0460__b15.png,Healthy,P0460,incisor,0,Healthy,0.0000,1.0000,0.0000,0.0000
Healthy/lyria__P0460__b16.png,Healthy,P0460,incisor,0,Healthy,0.0000,1.0000,0.0000,0.0000
Healthy/lyria__P0460__b17.png,Healthy,P0460,incisor,0,Healthy,0.0000,1.0000,0.0000,0.0000
Healthy/lyria__P0460__b18.png,Healthy,P0460,canine,0,Healthy,0.0000,1.0000,0.0000,0.0000
Healthy/lyria__P0460__b19.png,Healthy,P0460,premolar,0,Healthy,0.0001,0.9999,0.0000,0.0000
Healthy/lyria__P0460__b20.png,Healthy,P0460,premolar,0,Healthy,0.0000,0.9999,0.0000,0.0001
Healthy/lyria__P0460__b21.png,Healthy,P0460,canine,0,Healthy,0.0000,1.0000,0.0000,0.0000
Healthy/lyria__P0460__b22.png,Healthy,P0460,premolar,0,Healthy,0.0000,1.0000,0.0000,0.0000
Healthy/lyria__P0460__b24.png,Healthy,P0460,2nd molar,0,Healthy,0.0000,0.8275,0.1723,0.0002
Healthy/lyria__P0461__b0.png,Healthy,P0461,3rd molar,0,Healthy,0.0000,1.0000,0.0000,0.0000
Healthy/lyria__P0461__b1.png,Healthy,P0461,2nd molar,0,Healthy,0.0000,1.0000,0.0000,0.0000
Healthy/lyria__P0461__b2.png,Healthy,P0461,1st molar,0,Healthy,0.0000,1.0000,0.0000,0.0000
Healthy/lyria__P0461__b3.png,Healthy,P0461,premolar,0,Healthy,0.0000,1.0000,0.0000,0.0000
Healthy/lyria__P0461__b4.png,Healthy,P0461,premolar,0,Healthy,0.0305,0.9695,0.0000,0.0000
Healthy/lyria__P0461__b5.png,Healthy,P0461,canine,0,Healthy,0.0128,0.9872,0.0000,0.0000
Healthy/lyria__P0461__b6.png,Healthy,P0461,incisor,0,Healthy,0.0000,0.9991,0.0007,0.0003
Healthy/lyria__P0461__b7.png,Healthy,P0461,incisor,0,Healthy,0.0003,0.9949,0.0019,0.0029
Healthy/lyria__P0461__b8.png,Healthy,P0461,incisor,0,Healthy,0.0001,0.9995,0.0002,0.0002
Healthy/lyria__P0461__b9.png,Healthy,P0461,incisor,0,Healthy,0.0232,0.9763,0.0000,0.0005
Healthy/lyria__P0461__b10.png,Healthy,P0461,canine,0,Healthy,0.0004,0.9996,0.0000,0.0000
Healthy/lyria__P0461__b11.png,Healthy,P0461,premolar,0,Healthy,0.0000,1.0000,0.0000,0.0000
Healthy/lyria__P0461__b12.png,Healthy,P0461,premolar,0,Healthy,0.0001,0.9999,0.0000,0.0000
Healthy/lyria__P0461__b13.png,Healthy,P0461,1st molar,0,Healthy,0.0000,1.0000,0.0000,0.0000
Healthy/lyria__P0461__b14.png,Healthy,P0461,2nd molar,0,Healthy,0.0000,1.0000,0.0000,0.0000
Healthy/lyria__P0461__b15.png,Healthy,P0461,3rd molar,0,Healthy,0.0054,0.6385,0.3451,0.0110
Healthy/lyria__P0461__b16.png,Healthy,P0461,incisor,0,Healthy,0.0026,0.9962,0.0012,0.0000
Healthy/lyria__P0461__b17.png,Healthy,P0461,incisor,0,Healthy,0.0029,0.9970,0.0001,0.0000
Healthy/lyria__P0461__b18.png,Healthy,P0461,canine,0,Healthy,0.0000,1.0000,0.0000,0.0000
Healthy/lyria__P0461__b19.png,Healthy,P0461,incisor,0,Healthy,0.0000,0.9999,0.0001,0.0000
Healthy/lyria__P0461__b21.png,Healthy,P0461,premolar,0,Healthy,0.0003,0.9997,0.0000,0.0000
Healthy/lyria__P0461__b22.png,Healthy,P0461,premolar,0,Healthy,0.0000,1.0000,0.0000,0.0000
Healthy/lyria__P0461__b23.png,Healthy,P0461,premolar,0,Healthy,0.0004,0.9939,0.0057,0.0000
Healthy/lyria__P0461__b24.png,Healthy,P0461,1st molar,0,Healthy,0.0000,1.0000,0.0000,0.0000
Healthy/lyria__P0461__b25.png,Healthy,P0461,2nd molar,0,Healthy,0.0000,1.0000,0.0000,0.0000
Healthy/lyria__P0461__b26.png,Healthy,P0461,3rd molar,0,Impacted,0.0001,0.3458,0.6540,0.0001
Healthy/lyria__P0461__b27.png,Healthy,P0461,premolar,0,Healthy,0.0001,0.9997,0.0001,0.0000
Healthy/lyria__P0461__b28.png,Healthy,P0461,1st molar,0,Healthy,0.0000,1.0000,0.0000,0.0000
Healthy/lyria__P0461__b29.png,Healthy,P0461,2nd molar,0,Healthy,0.0000,1.0000,0.0000,0.0000
Healthy/lyria__P0461__b30.png,Healthy,P0461,3rd molar,0,Healthy,0.0000,0.9690,0.0309,0.0000
Healthy/lyria__P0462__b0.png,Healthy,P0462,3rd molar,0,Healthy,0.0000,1.0000,0.0000,0.0000
Healthy/lyria__P0462__b1.png,Healthy,P0462,2nd molar,0,Healthy,0.0000,1.0000,0.0000,0.0000
Healthy/lyria__P0462__b2.png,Healthy,P0462,premolar,0,Healthy,0.0001,0.9999,0.0000,0.0000
Healthy/lyria__P0462__b3.png,Healthy,P0462,premolar,0,Healthy,0.0000,1.0000,0.0000,0.0000
Healthy/lyria__P0462__b4.png,Healthy,P0462,canine,0,Healthy,0.0000,1.0000,0.0000,0.0000
Healthy/lyria__P0462__b5.png,Healthy,P0462,incisor,0,Healthy,0.0000,1.0000,0.0000,0.0000
Healthy/lyria__P0462__b6.png,Healthy,P0462,incisor,0,Healthy,0.0000,0.9999,0.0000,0.0001
Healthy/lyria__P0462__b7.png,Healthy,P0462,incisor,0,Healthy,0.0000,0.9996,0.0003,0.0001
Healthy/lyria__P0462__b8.png,Healthy,P0462,incisor,0,Healthy,0.0000,1.0000,0.0000,0.0000
Healthy/lyria__P0462__b9.png,Healthy,P0462,canine,0,Healthy,0.0000,1.0000,0.0000,0.0000
Healthy/lyria__P0462__b11.png,Healthy,P0462,2nd molar,0,Healthy,0.0000,1.0000,0.0000,0.0000
Healthy/lyria__P0462__b12.png,Healthy,P0462,1st molar,0,Healthy,0.0000,1.0000,0.0000,0.0000
Healthy/lyria__P0462__b13.png,Healthy,P0462,premolar,0,Healthy,0.0000,1.0000,0.0000,0.0000
Healthy/lyria__P0462__b14.png,Healthy,P0462,premolar,0,Healthy,0.0000,1.0000,0.0000,0.0000
Healthy/lyria__P0462__b15.png,Healthy,P0462,canine,0,Healthy,0.0000,1.0000,0.0000,0.0000
Healthy/lyria__P0462__b16.png,Healthy,P0462,incisor,0,Healthy,0.0000,0.9999,0.0001,0.0000
Healthy/lyria__P0462__b17.png,Healthy,P0462,incisor,0,Healthy,0.0000,1.0000,0.0000,0.0000
Healthy/lyria__P0462__b18.png,Healthy,P0462,incisor,0,Healthy,0.0000,1.0000,0.0000,0.0000
Healthy/lyria__P0462__b20.png,Healthy,P0462,premolar,0,Healthy,0.0001,0.9999,0.0000,0.0000
Healthy/lyria__P0462__b21.png,Healthy,P0462,premolar,0,Healthy,0.0000,1.0000,0.0000,0.0000
Healthy/lyria__P0462__b22.png,Healthy,P0462,1st molar,0,Healthy,0.0000,1.0000,0.0000,0.0000
Healthy/lyria__P0462__b23.png,Healthy,P0462,2nd molar,0,Healthy,0.0000,1.0000,0.0000,0.0000
Healthy/lyria__P0463__b0.png,Healthy,P0463,3rd molar,0,Healthy,0.0001,0.9997,0.0002,0.0000
Healthy/lyria__P0463__b1.png,Healthy,P0463,2nd molar,0,Healthy,0.0000,1.0000,0.0000,0.0000
Healthy/lyria__P0463__b2.png,Healthy,P0463,premolar,0,Healthy,0.0000,1.0000,0.0000,0.0000
Healthy/lyria__P0463__b3.png,Healthy,P0463,1st molar,0,Healthy,0.0033,0.9967,0.0001,0.0000
Healthy/lyria__P0463__b4.png,Healthy,P0463,premolar,0,Healthy,0.0001,0.9999,0.0000,0.0000
Healthy/lyria__P0463__b5.png,Healthy,P0463,canine,0,Healthy,0.0000,1.0000,0.0000,0.0000
Healthy/lyria__P0463__b6.png,Healthy,P0463,incisor,0,Healthy,0.0000,0.9999,0.0000,0.0000
Healthy/lyria__P0463__b7.png,Healthy,P0463,incisor,0,Healthy,0.0000,1.0000,0.0000,0.0000
Healthy/lyria__P0463__b8.png,Healthy,P0463,incisor,0,Healthy,0.0000,1.0000,0.0000,0.0000
Healthy/lyria__P0463__b9.png,Healthy,P0463,incisor,0,Healthy,0.0000,1.0000,0.0000,0.0000
Healthy/lyria__P0463__b11.png,Healthy,P0463,premolar,0,Healthy,0.0000,1.0000,0.0000,0.0000
Healthy/lyria__P0463__b12.png,Healthy,P0463,premolar,0,Healthy,0.0000,1.0000,0.0000,0.0000
Healthy/lyria__P0463__b13.png,Healthy,P0463,1st molar,0,Healthy,0.0000,1.0000,0.0000,0.0000
Healthy/lyria__P0463__b14.png,Healthy,P0463,2nd molar,0,Healthy,0.0000,1.0000,0.0000,0.0000
Healthy/lyria__P0463__b15.png,Healthy,P0463,3rd molar,0,Healthy,0.0000,1.0000,0.0000,0.0000
Healthy/lyria__P0463__b16.png,Healthy,P0463,incisor,0,Healthy,0.0000,0.9999,0.0000,0.0000
Healthy/lyria__P0463__b17.png,Healthy,P0463,incisor,0,Healthy,0.0000,1.0000,0.0000,0.0000
Healthy/lyria__P0463__b18.png,Healthy,P0463,canine,0,Healthy,0.0000,1.0000,0.0000,0.0000
Healthy/lyria__P0463__b19.png,Healthy,P0463,incisor,0,Healthy,0.0000,0.9998,0.0000,0.0002
Healthy/lyria__P0463__b20.png,Healthy,P0463,canine,0,Healthy,0.0000,1.0000,0.0000,0.0000
Healthy/lyria__P0463__b21.png,Healthy,P0463,incisor,0,Healthy,0.0000,1.0000,0.0000,0.0000
Healthy/lyria__P0463__b22.png,Healthy,P0463,premolar,0,Healthy,0.0000,1.0000,0.0000,0.0000
Healthy/lyria__P0463__b23.png,Healthy,P0463,premolar,0,Healthy,0.0000,1.0000,0.0000,0.0000
Healthy/lyria__P0463__b24.png,Healthy,P0463,1st molar,0,Healthy,0.0000,1.0000,0.0000,0.0000
Healthy/lyria__P0463__b25.png,Healthy,P0463,3rd molar,0,Healthy,0.0000,0.6231,0.3769,0.0000
Healthy/lyria__P0463__b27.png,Healthy,P0463,premolar,0,Healthy,0.0000,1.0000,0.0000,0.0000
Healthy/lyria__P0463__b28.png,Healthy,P0463,1st molar,0,Healthy,0.0000,1.0000,0.0000,0.0000
Healthy/lyria__P0463__b29.png,Healthy,P0463,2nd molar,0,Healthy,0.0000,1.0000,0.0000,0.0000
Healthy/lyria__P0463__b30.png,Healthy,P0463,3rd molar,0,Healthy,0.0000,0.9718,0.0282,0.0000
Healthy/lyria__P0047__b2.png,Healthy,P0047,incisor,0,Healthy,0.0000,0.9963,0.0033,0.0004
Healthy/lyria__P0047__b3.png,Healthy,P0047,canine,0,Healthy,0.0013,0.9413,0.0571,0.0002
Healthy/lyria__P0465__b0.png,Healthy,P0465,2nd molar,0,Healthy,0.0000,1.0000,0.0000,0.0000
Healthy/lyria__P0465__b1.png,Healthy,P0465,1st molar,0,Healthy,0.0000,0.9999,0.0000,0.0001
Healthy/lyria__P0465__b2.png,Healthy,P0465,premolar,0,Healthy,0.0000,1.0000,0.0000,0.0000
Healthy/lyria__P0465__b3.png,Healthy,P0465,premolar,0,Healthy,0.0002,0.9998,0.0000,0.0000
Healthy/lyria__P0465__b4.png,Healthy,P0465,canine,0,Healthy,0.0000,0.9997,0.0000,0.0003
Healthy/lyria__P0465__b5.png,Healthy,P0465,incisor,0,Healthy,0.0000,0.9999,0.0000,0.0000
Healthy/lyria__P0465__b6.png,Healthy,P0465,incisor,0,Healthy,0.0000,0.9999,0.0000,0.0001
Healthy/lyria__P0465__b7.png,Healthy,P0465,incisor,0,Healthy,0.0000,0.9994,0.0000,0.0006
Healthy/lyria__P0465__b8.png,Healthy,P0465,incisor,0,Healthy,0.0000,1.0000,0.0000,0.0000
Healthy/lyria__P0465__b9.png,Healthy,P0465,canine,0,Healthy,0.0001,0.9999,0.0000,0.0000
Healthy/lyria__P0465__b10.png,Healthy,P0465,premolar,0,Healthy,0.0007,0.9993,0.0000,0.0000
Healthy/lyria__P0465__b11.png,Healthy,P0465,premolar,0,Healthy,0.0007,0.9993,0.0000,0.0000
Healthy/lyria__P0465__b12.png,Healthy,P0465,1st molar,0,Healthy,0.0000,1.0000,0.0000,0.0000
Healthy/lyria__P0465__b13.png,Healthy,P0465,2nd molar,0,Healthy,0.0000,1.0000,0.0000,0.0000
Healthy/lyria__P0465__b15.png,Healthy,P0465,premolar,0,Healthy,0.0000,0.9997,0.0002,0.0000
Healthy/lyria__P0465__b16.png,Healthy,P0465,premolar,0,Healthy,0.0000,0.9998,0.0001,0.0000
Healthy/lyria__P0465__b17.png,Healthy,P0465,incisor,0,Healthy,0.0000,0.9999,0.0000,0.0001
Healthy/lyria__P0465__b18.png,Healthy,P0465,incisor,0,Healthy,0.0000,0.9999,0.0000,0.0000
Healthy/lyria__P0465__b19.png,Healthy,P0465,incisor,0,Healthy,0.0000,0.9995,0.0000,0.0005
Healthy/lyria__P0465__b20.png,Healthy,P0465,incisor,0,Healthy,0.0000,0.9999,0.0000,0.0000
Healthy/lyria__P0465__b21.png,Healthy,P0465,canine,0,Healthy,0.0001,0.9999,0.0000,0.0000
Healthy/lyria__P0465__b22.png,Healthy,P0465,premolar,0,Healthy,0.0000,1.0000,0.0000,0.0000
Healthy/lyria__P0465__b23.png,Healthy,P0465,premolar,0,Healthy,0.0000,1.0000,0.0000,0.0000
Healthy/lyria__P0465__b24.png,Healthy,P0465,1st molar,0,Healthy,0.0000,1.0000,0.0000,0.0000
Healthy/lyria__P0466__b0.png,Healthy,P0466,3rd molar,0,Healthy,0.0000,0.9998,0.0002,0.0000
Healthy/lyria__P0466__b1.png,Healthy,P0466,2nd molar,0,Healthy,0.0000,1.0000,0.0000,0.0000
Healthy/lyria__P0466__b2.png,Healthy,P0466,1st molar,0,Healthy,0.0000,1.0000,0.0000,0.0000
Healthy/lyria__P0466__b3.png,Healthy,P0466,premolar,0,Healthy,0.0000,1.0000,0.0000,0.0000
Healthy/lyria__P0466__b4.png,Healthy,P0466,premolar,0,Healthy,0.0000,1.0000,0.0000,0.0000
Healthy/lyria__P0466__b5.png,Healthy,P0466,canine,0,Healthy,0.0000,1.0000,0.0000,0.0000
Healthy/lyria__P0466__b6.png,Healthy,P0466,incisor,0,Healthy,0.0002,0.9976,0.0000,0.0023
Healthy/lyria__P0466__b7.png,Healthy,P0466,incisor,0,Healthy,0.0000,1.0000,0.0000,0.0000
Healthy/lyria__P0466__b8.png,Healthy,P0466,incisor,0,Healthy,0.0000,0.9997,0.0002,0.0001
Healthy/lyria__P0466__b9.png,Healthy,P0466,incisor,0,Healthy,0.0000,1.0000,0.0000,0.0000
Healthy/lyria__P0466__b11.png,Healthy,P0466,premolar,0,Healthy,0.0000,1.0000,0.0000,0.0000
Healthy/lyria__P0466__b12.png,Healthy,P0466,premolar,0,Healthy,0.0000,1.0000,0.0000,0.0000
Healthy/lyria__P0466__b13.png,Healthy,P0466,1st molar,0,Healthy,0.0000,1.0000,0.0000,0.0000
Healthy/lyria__P0466__b14.png,Healthy,P0466,2nd molar,0,Healthy,0.0000,1.0000,0.0000,0.0000
Healthy/lyria__P0466__b15.png,Healthy,P0466,3rd molar,0,Healthy,0.0000,0.9975,0.0025,0.0000
Healthy/lyria__P0466__b16.png,Healthy,P0466,2nd molar,0,Healthy,0.0000,1.0000,0.0000,0.0000
Healthy/lyria__P0466__b17.png,Healthy,P0466,1st molar,0,Healthy,0.0000,1.0000,0.0000,0.0000
Healthy/lyria__P0466__b18.png,Healthy,P0466,premolar,0,Healthy,0.0000,1.0000,0.0000,0.0000
Healthy/lyria__P0466__b19.png,Healthy,P0466,premolar,0,Healthy,0.0000,1.0000,0.0000,0.0000
Healthy/lyria__P0466__b20.png,Healthy,P0466,canine,0,Healthy,0.0000,1.0000,0.0000,0.0000
Healthy/lyria__P0466__b21.png,Healthy,P0466,incisor,0,Healthy,0.0000,1.0000,0.0000,0.0000
Healthy/lyria__P0466__b22.png,Healthy,P0466,incisor,0,Healthy,0.0000,0.9999,0.0000,0.0001
Healthy/lyria__P0466__b23.png,Healthy,P0466,incisor,0,Healthy,0.0000,0.9999,0.0000,0.0000
Healthy/lyria__P0466__b24.png,Healthy,P0466,incisor,0,Healthy,0.0000,0.9999,0.0000,0.0000
Healthy/lyria__P0466__b25.png,Healthy,P0466,canine,0,Healthy,0.0000,1.0000,0.0000,0.0000
Healthy/lyria__P0466__b27.png,Healthy,P0466,premolar,0,Healthy,0.0001,0.9998,0.0000,0.0001
Healthy/lyria__P0466__b28.png,Healthy,P0466,1st molar,0,Healthy,0.0000,1.0000,0.0000,0.0000
Healthy/lyria__P0466__b29.png,Healthy,P0466,2nd molar,0,Healthy,0.0000,1.0000,0.0000,0.0000
Healthy/lyria__P0466__b30.png,Healthy,P0466,3rd molar,0,Impacted,0.0000,0.0167,0.9833,0.0000
Healthy/lyria__P0470__b0.png,Healthy,P0470,3rd molar,0,Healthy,0.0000,1.0000,0.0000,0.0000
Healthy/lyria__P0470__b1.png,Healthy,P0470,1st molar,0,Healthy,0.0001,0.9999,0.0000,0.0000
Healthy/lyria__P0470__b2.png,Healthy,P0470,premolar,0,Healthy,0.0002,0.9997,0.0000,0.0000
Healthy/lyria__P0470__b3.png,Healthy,P0470,canine,0,Healthy,0.0000,1.0000,0.0000,0.0000
Healthy/lyria__P0470__b4.png,Healthy,P0470,incisor,0,Healthy,0.0000,1.0000,0.0000,0.0000
Healthy/lyria__P0470__b5.png,Healthy,P0470,incisor,0,Healthy,0.0000,0.9999,0.0000,0.0001
Healthy/lyria__P0470__b6.png,Healthy,P0470,incisor,0,Healthy,0.0000,1.0000,0.0000,0.0000
Healthy/lyria__P0470__b7.png,Healthy,P0470,canine,0,Healthy,0.0000,0.9997,0.0002,0.0000
Healthy/lyria__P0470__b8.png,Healthy,P0470,premolar,0,Healthy,0.0000,1.0000,0.0000,0.0000
Healthy/lyria__P0470__b9.png,Healthy,P0470,premolar,0,Healthy,0.0000,0.9999,0.0000,0.0000
Healthy/lyria__P0470__b10.png,Healthy,P0470,1st molar,0,Healthy,0.0000,1.0000,0.0000,0.0000
Healthy/lyria__P0470__b13.png,Healthy,P0470,2nd molar,0,Healthy,0.0000,1.0000,0.0000,0.0000
Healthy/lyria__P0470__b14.png,Healthy,P0470,premolar,0,Healthy,0.0000,1.0000,0.0000,0.0000
Healthy/lyria__P0470__b15.png,Healthy,P0470,premolar,0,Healthy,0.0001,0.9998,0.0000,0.0000
Healthy/lyria__P0470__b16.png,Healthy,P0470,canine,0,Healthy,0.0000,1.0000,0.0000,0.0000
Healthy/lyria__P0470__b17.png,Healthy,P0470,incisor,0,Healthy,0.0000,1.0000,0.0000,0.0000
Healthy/lyria__P0470__b18.png,Healthy,P0470,incisor,0,Healthy,0.0000,1.0000,0.0000,0.0000
Healthy/lyria__P0470__b19.png,Healthy,P0470,incisor,0,Healthy,0.0000,1.0000,0.0000,0.0000
Healthy/lyria__P0470__b20.png,Healthy,P0470,incisor,0,Healthy,0.0000,1.0000,0.0000,0.0000
Healthy/lyria__P0470__b21.png,Healthy,P0470,canine,0,Healthy,0.0004,0.9995,0.0000,0.0000
Healthy/lyria__P0470__b22.png,Healthy,P0470,premolar,0,Healthy,0.0002,0.9998,0.0000,0.0000
Healthy/lyria__P0470__b23.png,Healthy,P0470,premolar,0,Healthy,0.0079,0.9904,0.0017,0.0000
Healthy/lyria__P0470__b24.png,Healthy,P0470,2nd molar,0,Healthy,0.0000,1.0000,0.0000,0.0000
Healthy/lyria__P0471__b0.png,Healthy,P0471,2nd molar,0,Healthy,0.0000,1.0000,0.0000,0.0000
Healthy/lyria__P0471__b1.png,Healthy,P0471,premolar,0,Healthy,0.0001,0.9999,0.0000,0.0000
Healthy/lyria__P0471__b2.png,Healthy,P0471,premolar,0,Healthy,0.0001,0.9999,0.0000,0.0000
Healthy/lyria__P0471__b3.png,Healthy,P0471,canine,0,Healthy,0.0004,0.9996,0.0000,0.0000
Healthy/lyria__P0471__b4.png,Healthy,P0471,incisor,0,Healthy,0.0000,1.0000,0.0000,0.0000
Healthy/lyria__P0471__b5.png,Healthy,P0471,incisor,0,Healthy,0.0000,1.0000,0.0000,0.0000
Healthy/lyria__P0471__b6.png,Healthy,P0471,incisor,0,Healthy,0.0000,1.0000,0.0000,0.0000
Healthy/lyria__P0471__b8.png,Healthy,P0471,canine,0,Healthy,0.0001,0.9999,0.0000,0.0000
Healthy/lyria__P0471__b9.png,Healthy,P0471,premolar,0,Healthy,0.0021,0.9979,0.0000,0.0000
Healthy/lyria__P0471__b10.png,Healthy,P0471,premolar,0,Healthy,0.0052,0.9947,0.0000,0.0001
Healthy/lyria__P0471__b11.png,Healthy,P0471,2nd molar,0,Healthy,0.0000,1.0000,0.0000,0.0000
Healthy/lyria__P0471__b12.png,Healthy,P0471,canine,0,Healthy,0.0000,1.0000,0.0000,0.0000
Healthy/lyria__P0471__b13.png,Healthy,P0471,incisor,0,Healthy,0.0000,1.0000,0.0000,0.0000
Healthy/lyria__P0471__b14.png,Healthy,P0471,incisor,0,Healthy,0.0000,1.0000,0.0000,0.0000
Healthy/lyria__P0471__b15.png,Healthy,P0471,incisor,0,Healthy,0.0000,0.9999,0.0000,0.0000
Healthy/lyria__P0471__b16.png,Healthy,P0471,incisor,0,Healthy,0.0000,1.0000,0.0000,0.0000
Healthy/lyria__P0471__b17.png,Healthy,P0471,canine,0,Healthy,0.0000,0.9999,0.0000,0.0001
Healthy/lyria__P0471__b18.png,Healthy,P0471,premolar,0,Healthy,0.0000,1.0000,0.0000,0.0000
Healthy/lyria__P0471__b19.png,Healthy,P0471,premolar,0,Healthy,0.0000,0.9999,0.0000,0.0000
Healthy/lyria__P0471__b20.png,Healthy,P0471,premolar,0,Healthy,0.0000,1.0000,0.0000,0.0000
Healthy/lyria__P0471__b21.png,Healthy,P0471,premolar,0,Healthy,0.0000,1.0000,0.0000,0.0000
Healthy/lyria__P0471__b22.png,Healthy,P0471,2nd molar,0,Healthy,0.0000,0.9988,0.0012,0.0000
Healthy/lyria__P0471__b23.png,Healthy,P0471,2nd molar,0,Healthy,0.0000,0.9044,0.0956,0.0000
Healthy/lyria__P0476__b0.png,Healthy,P0476,1st molar,0,Healthy,0.0000,1.0000,0.0000,0.0000
Healthy/lyria__P0476__b1.png,Healthy,P0476,premolar,0,Healthy,0.0000,1.0000,0.0000,0.0000
Healthy/lyria__P0476__b2.png,Healthy,P0476,premolar,0,Healthy,0.0004,0.9996,0.0000,0.0000
Healthy/lyria__P0476__b3.png,Healthy,P0476,canine,0,Healthy,0.0011,0.9988,0.0000,0.0000
Healthy/lyria__P0476__b4.png,Healthy,P0476,incisor,0,Healthy,0.0002,0.9998,0.0000,0.0000
Healthy/lyria__P0476__b5.png,Healthy,P0476,incisor,0,Healthy,0.0000,0.9999,0.0000,0.0001
Healthy/lyria__P0476__b6.png,Healthy,P0476,incisor,0,Healthy,0.0000,0.9980,0.0002,0.0018
Healthy/lyria__P0476__b7.png,Healthy,P0476,incisor,0,Healthy,0.0002,0.9996,0.0000,0.0003
Healthy/lyria__P0476__b8.png,Healthy,P0476,canine,0,Healthy,0.0001,0.9998,0.0000,0.0001
Healthy/lyria__P0476__b10.png,Healthy,P0476,premolar,0,Healthy,0.0000,1.0000,0.0000,0.0000
Healthy/lyria__P0476__b11.png,Healthy,P0476,1st molar,0,Healthy,0.0000,1.0000,0.0000,0.0000
Healthy/lyria__P0476__b12.png,Healthy,P0476,incisor,0,Healthy,0.0000,0.9997,0.0001,0.0002
Healthy/lyria__P0476__b13.png,Healthy,P0476,3rd molar,0,Healthy,0.0000,0.6682,0.3318,0.0000
Healthy/lyria__P0476__b14.png,Healthy,P0476,premolar,0,Healthy,0.0000,0.9998,0.0000,0.0002
Healthy/lyria__P0476__b15.png,Healthy,P0476,canine,0,Healthy,0.0000,1.0000,0.0000,0.0000
Healthy/lyria__P0476__b16.png,Healthy,P0476,incisor,0,Healthy,0.0004,0.9993,0.0000,0.0003
Healthy/lyria__P0476__b17.png,Healthy,P0476,incisor,0,Healthy,0.0000,0.9999,0.0000,0.0001
Healthy/lyria__P0476__b18.png,Healthy,P0476,incisor,0,Healthy,0.0001,0.9998,0.0000,0.0001
Healthy/lyria__P0476__b19.png,Healthy,P0476,canine,0,Healthy,0.0000,0.9999,0.0000,0.0000
Healthy/lyria__P0476__b20.png,Healthy,P0476,premolar,0,Healthy,0.0000,1.0000,0.0000,0.0000
Healthy/lyria__P0476__b22.png,Healthy,P0476,3rd molar,0,Impacted,0.0006,0.2584,0.7410,0.0000
Healthy/lyria__P0477__b0.png,Healthy,P0477,2nd molar,0,Healthy,0.0000,1.0000,0.0000,0.0000
Healthy/lyria__P0477__b1.png,Healthy,P0477,1st molar,0,Healthy,0.0000,1.0000,0.0000,0.0000
Healthy/lyria__P0477__b2.png,Healthy,P0477,premolar,0,Healthy,0.0027,0.9973,0.0000,0.0000
Healthy/lyria__P0477__b3.png,Healthy,P0477,premolar,0,Healthy,0.0009,0.9990,0.0001,0.0000
Healthy/lyria__P0477__b4.png,Healthy,P0477,canine,0,Healthy,0.0000,0.9999,0.0000,0.0000
Healthy/lyria__P0477__b5.png,Healthy,P0477,incisor,0,Healthy,0.0000,0.9998,0.0000,0.0001
Healthy/lyria__P0477__b6.png,Healthy,P0477,incisor,0,Healthy,0.0000,0.9993,0.0007,0.0000
Healthy/lyria__P0477__b7.png,Healthy,P0477,incisor,0,Healthy,0.0000,0.9998,0.0001,0.0000
Healthy/lyria__P0477__b9.png,Healthy,P0477,canine,0,Healthy,0.0000,1.0000,0.0000,0.0000
Healthy/lyria__P0477__b10.png,Healthy,P0477,premolar,0,Healthy,0.0004,0.9996,0.0000,0.0000
Healthy/lyria__P0477__b11.png,Healthy,P0477,premolar,0,Healthy,0.0026,0.9974,0.0000,0.0000
Healthy/lyria__P0477__b12.png,Healthy,P0477,1st molar,0,Healthy,0.0000,1.0000,0.0000,0.0000
Healthy/lyria__P0477__b13.png,Healthy,P0477,2nd molar,0,Healthy,0.0000,1.0000,0.0000,0.0000
Healthy/lyria__P0477__b14.png,Healthy,P0477,2nd molar,0,Healthy,0.0000,0.9997,0.0002,0.0000
Healthy/lyria__P0477__b15.png,Healthy,P0477,1st molar,0,Healthy,0.0000,1.0000,0.0000,0.0000
Healthy/lyria__P0477__b16.png,Healthy,P0477,premolar,0,Healthy,0.0000,1.0000,0.0000,0.0000
Healthy/lyria__P0477__b17.png,Healthy,P0477,premolar,0,Healthy,0.0000,1.0000,0.0000,0.0000
Healthy/lyria__P0477__b18.png,Healthy,P0477,canine,0,Healthy,0.0000,1.0000,0.0000,0.0000
Healthy/lyria__P0477__b19.png,Healthy,P0477,incisor,0,Healthy,0.0000,1.0000,0.0000,0.0000
Healthy/lyria__P0477__b20.png,Healthy,P0477,incisor,0,Healthy,0.0000,1.0000,0.0000,0.0000
Healthy/lyria__P0477__b22.png,Healthy,P0477,incisor,0,Healthy,0.0000,1.0000,0.0000,0.0000
Healthy/lyria__P0477__b23.png,Healthy,P0477,canine,0,Healthy,0.0000,1.0000,0.0000,0.0000
Healthy/lyria__P0477__b24.png,Healthy,P0477,premolar,0,Healthy,0.0001,0.9987,0.0012,0.0000
Healthy/lyria__P0477__b25.png,Healthy,P0477,premolar,0,Healthy,0.0002,0.9998,0.0000,0.0000
Healthy/lyria__P0477__b26.png,Healthy,P0477,1st molar,0,Healthy,0.0000,1.0000,0.0000,0.0000
Healthy/lyria__P0477__b27.png,Healthy,P0477,2nd molar,0,Healthy,0.0000,1.0000,0.0000,0.0000
Healthy/lyria__P0478__b0.png,Healthy,P0478,2nd molar,0,Healthy,0.0000,1.0000,0.0000,0.0000
Healthy/lyria__P0478__b1.png,Healthy,P0478,premolar,0,Healthy,0.0057,0.9943,0.0000,0.0000
Healthy/lyria__P0478__b2.png,Healthy,P0478,premolar,0,Healthy,0.2508,0.7492,0.0000,0.0000
Healthy/lyria__P0478__b3.png,Healthy,P0478,canine,0,Healthy,0.0003,0.9997,0.0000,0.0000
Healthy/lyria__P0478__b4.png,Healthy,P0478,incisor,0,Healthy,0.0000,0.9999,0.0000,0.0000
Healthy/lyria__P0478__b5.png,Healthy,P0478,incisor,0,Healthy,0.0000,0.9991,0.0000,0.0008
Healthy/lyria__P0478__b6.png,Healthy,P0478,incisor,0,Healthy,0.0000,0.9978,0.0000,0.0022
Healthy/lyria__P0478__b7.png,Healthy,P0478,incisor,0,Healthy,0.0000,1.0000,0.0000,0.0000
Healthy/lyria__P0478__b8.png,Healthy,P0478,canine,0,Healthy,0.0012,0.9985,0.0000,0.0003
Healthy/lyria__P0478__b9.png,Healthy,P0478,premolar,0,Healthy,0.0203,0.9797,0.0000,0.0000
Healthy/lyria__P0478__b10.png,Healthy,P0478,premolar,0,Healthy,0.0008,0.9992,0.0000,0.0000
Healthy/lyria__P0478__b12.png,Healthy,P0478,3rd molar,0,Healthy,0.0007,0.5575,0.4418,0.0001
Healthy/lyria__P0478__b13.png,Healthy,P0478,2nd molar,0,Healthy,0.0000,1.0000,0.0000,0.0000
Healthy/lyria__P0478__b14.png,Healthy,P0478,premolar,0,Healthy,0.0000,1.0000,0.0000,0.0000
Healthy/lyria__P0478__b15.png,Healthy,P0478,premolar,0,Healthy,0.0006,0.9994,0.0000,0.0000
Healthy/lyria__P0478__b16.png,Healthy,P0478,canine,0,Healthy,0.0002,0.9998,0.0000,0.0000
Healthy/lyria__P0478__b17.png,Healthy,P0478,incisor,0,Healthy,0.0000,0.9999,0.0000,0.0001
Healthy/lyria__P0478__b18.png,Healthy,P0478,incisor,0,Healthy,0.0000,0.9998,0.0000,0.0002
Healthy/lyria__P0478__b19.png,Healthy,P0478,incisor,0,Healthy,0.0000,0.9999,0.0000,0.0001
Healthy/lyria__P0478__b20.png,Healthy,P0478,incisor,0,Healthy,0.0000,0.9999,0.0000,0.0001
Healthy/lyria__P0478__b21.png,Healthy,P0478,canine,0,Healthy,0.0003,0.9997,0.0000,0.0000
Healthy/lyria__P0478__b22.png,Healthy,P0478,premolar,0,Healthy,0.3101,0.6897,0.0000,0.0002
Healthy/lyria__P0478__b23.png,Healthy,P0478,premolar,0,Healthy,0.0035,0.9965,0.0000,0.0000
Healthy/lyria__P0480__b0.png,Healthy,P0480,1st molar,0,Healthy,0.0000,1.0000,0.0000,0.0000
Healthy/lyria__P0480__b1.png,Healthy,P0480,premolar,0,Healthy,0.0003,0.9996,0.0000,0.0000
Healthy/lyria__P0480__b2.png,Healthy,P0480,canine,0,Healthy,0.0007,0.9976,0.0002,0.0015
Healthy/lyria__P0480__b3.png,Healthy,P0480,incisor,0,Healthy,0.0001,0.9998,0.0000,0.0000
Healthy/lyria__P0480__b4.png,Healthy,P0480,incisor,0,Healthy,0.0000,0.9997,0.0001,0.0002
Healthy/lyria__P0480__b5.png,Healthy,P0480,incisor,0,Healthy,0.0008,0.9987,0.0003,0.0002
Healthy/lyria__P0480__b6.png,Healthy,P0480,incisor,0,Healthy,0.0000,0.9995,0.0000,0.0005
Healthy/lyria__P0480__b7.png,Healthy,P0480,canine,0,Healthy,0.0000,0.9999,0.0000,0.0000
Healthy/lyria__P0480__b8.png,Healthy,P0480,premolar,0,Healthy,0.0075,0.9915,0.0001,0.0009
Healthy/lyria__P0480__b9.png,Healthy,P0480,1st molar,0,Healthy,0.0000,0.9997,0.0001,0.0001
Healthy/lyria__P0480__b10.png,Healthy,P0480,1st molar,0,Healthy,0.0000,0.9999,0.0001,0.0000
Healthy/lyria__P0480__b11.png,Healthy,P0480,premolar,0,Healthy,0.0000,1.0000,0.0000,0.0000
Healthy/lyria__P0480__b12.png,Healthy,P0480,premolar,0,Healthy,0.0000,0.9999,0.0000,0.0000
Healthy/lyria__P0480__b13.png,Healthy,P0480,canine,0,Healthy,0.0000,1.0000,0.0000,0.0000
Healthy/lyria__P0480__b14.png,Healthy,P0480,incisor,0,Healthy,0.0001,0.9999,0.0000,0.0000
Healthy/lyria__P0480__b15.png,Healthy,P0480,incisor,0,Healthy,0.0000,1.0000,0.0000,0.0000
Healthy/lyria__P0480__b17.png,Healthy,P0480,incisor,0,Healthy,0.0000,0.9518,0.0481,0.0001
Healthy/lyria__P0480__b18.png,Healthy,P0480,canine,0,Healthy,0.0000,0.9782,0.0217,0.0000
Healthy/lyria__P0480__b19.png,Healthy,P0480,premolar,0,Healthy,0.0000,1.0000,0.0000,0.0000
Healthy/lyria__P0480__b20.png,Healthy,P0480,premolar,0,Healthy,0.0000,1.0000,0.0000,0.0000
Healthy/lyria__P0481__b0.png,Healthy,P0481,incisor,0,Healthy,0.0000,0.9994,0.0002,0.0003
Healthy/lyria__P0481__b1.png,Healthy,P0481,incisor,0,Healthy,0.0000,1.0000,0.0000,0.0000
Healthy/lyria__P0481__b2.png,Healthy,P0481,incisor,0,Healthy,0.0001,0.9993,0.0004,0.0002
Healthy/lyria__P0481__b3.png,Healthy,P0481,canine,0,Healthy,0.0001,0.9998,0.0000,0.0001
Healthy/lyria__P0481__b4.png,Healthy,P0481,premolar,0,Healthy,0.0003,0.9996,0.0000,0.0000
Healthy/lyria__P0481__b5.png,Healthy,P0481,premolar,0,Healthy,0.0000,1.0000,0.0000,0.0000
Healthy/lyria__P0481__b6.png,Healthy,P0481,2nd molar,0,Healthy,0.0003,0.9997,0.0000,0.0000
Healthy/lyria__P0481__b7.png,Healthy,P0481,canine,0,Healthy,0.0000,0.9999,0.0000,0.0001
Healthy/lyria__P0481__b8.png,Healthy,P0481,premolar,0,Healthy,0.0000,0.9999,0.0000,0.0001
Healthy/lyria__P0481__b9.png,Healthy,P0481,premolar,0,Healthy,0.0000,0.9997,0.0000,0.0002
Healthy/lyria__P0481__b11.png,Healthy,P0481,incisor,0,Healthy,0.0000,0.9999,0.0000,0.0001
Healthy/lyria__P0481__b12.png,Healthy,P0481,incisor,0,Healthy,0.0001,0.9999,0.0000,0.0000
Healthy/lyria__P0481__b13.png,Healthy,P0481,incisor,0,Healthy,0.0001,0.9999,0.0000,0.0000
Healthy/lyria__P0481__b14.png,Healthy,P0481,premolar,0,Healthy,0.0000,1.0000,0.0000,0.0000
Healthy/lyria__P0481__b15.png,Healthy,P0481,premolar,0,Healthy,0.0033,0.9967,0.0000,0.0000
Healthy/lyria__P0481__b16.png,Healthy,P0481,incisor,0,Healthy,0.0000,1.0000,0.0000,0.0000
Healthy/lyria__P0481__b17.png,Healthy,P0481,canine,0,Healthy,0.0002,0.9997,0.0000,0.0001
Healthy/lyria__P0481__b18.png,Healthy,P0481,premolar,0,Healthy,0.0001,0.9999,0.0000,0.0000
Healthy/lyria__P0481__b19.png,Healthy,P0481,premolar,0,Healthy,0.0042,0.9958,0.0000,0.0000
Healthy/lyria__P0483__b0.png,Healthy,P0483,1st molar,0,Healthy,0.0002,0.9998,0.0000,0.0000
Healthy/lyria__P0483__b1.png,Healthy,P0483,premolar,0,Healthy,0.0002,0.9998,0.0000,0.0000
Healthy/lyria__P0483__b2.png,Healthy,P0483,premolar,0,Healthy,0.0006,0.9992,0.0001,0.0000
Healthy/lyria__P0483__b3.png,Healthy,P0483,canine,0,Healthy,0.0001,0.9996,0.0002,0.0000
Healthy/lyria__P0483__b5.png,Healthy,P0483,incisor,0,Healthy,0.0001,0.9997,0.0000,0.0002
Healthy/lyria__P0483__b6.png,Healthy,P0483,incisor,0,Healthy,0.0000,1.0000,0.0000,0.0000
Healthy/lyria__P0483__b7.png,Healthy,P0483,incisor,0,Healthy,0.0000,0.9999,0.0000,0.0000
Healthy/lyria__P0483__b8.png,Healthy,P0483,canine,0,Healthy,0.0000,1.0000,0.0000,0.0000
Healthy/lyria__P0483__b9.png,Healthy,P0483,premolar,0,Healthy,0.0000,1.0000,0.0000,0.0000
Healthy/lyria__P0483__b10.png,Healthy,P0483,premolar,0,Healthy,0.0000,0.9998,0.0000,0.0001
Healthy/lyria__P0483__b12.png,Healthy,P0483,premolar,0,Healthy,0.0006,0.9990,0.0003,0.0000
Healthy/lyria__P0483__b13.png,Healthy,P0483,premolar,0,Healthy,0.0000,1.0000,0.0000,0.0000
Healthy/lyria__P0483__b14.png,Healthy,P0483,canine,0,Healthy,0.0000,1.0000,0.0000,0.0000
Healthy/lyria__P0483__b15.png,Healthy,P0483,incisor,0,Healthy,0.0000,1.0000,0.0000,0.0000
Healthy/lyria__P0483__b16.png,Healthy,P0483,incisor,0,Healthy,0.0000,0.9999,0.0000,0.0001
Healthy/lyria__P0483__b17.png,Healthy,P0483,incisor,0,Healthy,0.0000,0.9994,0.0000,0.0006
Healthy/lyria__P0483__b18.png,Healthy,P0483,incisor,0,Healthy,0.0000,1.0000,0.0000,0.0000
Healthy/lyria__P0483__b19.png,Healthy,P0483,canine,0,Healthy,0.0001,0.9999,0.0001,0.0000
Healthy/lyria__P0483__b20.png,Healthy,P0483,premolar,0,Healthy,0.0004,0.9996,0.0000,0.0000
Healthy/lyria__P0483__b21.png,Healthy,P0483,premolar,0,Healthy,0.0001,0.9998,0.0000,0.0000
Healthy/lyria__P0483__b22.png,Healthy,P0483,1st molar,0,Healthy,0.0000,1.0000,0.0000,0.0000
Healthy/lyria__P0485__b0.png,Healthy,P0485,3rd molar,0,Healthy,0.0000,0.9968,0.0032,0.0000
Healthy/lyria__P0485__b1.png,Healthy,P0485,2nd molar,0,Healthy,0.0000,1.0000,0.0000,0.0000
Healthy/lyria__P0485__b2.png,Healthy,P0485,premolar,0,Healthy,0.0003,0.9997,0.0000,0.0000
Healthy/lyria__P0485__b3.png,Healthy,P0485,premolar,0,Healthy,0.0011,0.9989,0.0000,0.0000
Healthy/lyria__P0485__b5.png,Healthy,P0485,incisor,0,Healthy,0.0000,1.0000,0.0000,0.0000
Healthy/lyria__P0485__b6.png,Healthy,P0485,incisor,0,Healthy,0.0000,1.0000,0.0000,0.0000
Healthy/lyria__P0485__b7.png,Healthy,P0485,incisor,0,Healthy,0.0000,1.0000,0.0000,0.0000
Healthy/lyria__P0485__b8.png,Healthy,P0485,incisor,0,Healthy,0.0000,1.0000,0.0000,0.0000
Healthy/lyria__P0485__b9.png,Healthy,P0485,canine,0,Healthy,0.0000,1.0000,0.0000,0.0000
Healthy/lyria__P0485__b10.png,Healthy,P0485,premolar,0,Healthy,0.0001,0.9999,0.0000,0.0000
Healthy/lyria__P0485__b12.png,Healthy,P0485,2nd molar,0,Healthy,0.0000,1.0000,0.0000,0.0000
Healthy/lyria__P0485__b13.png,Healthy,P0485,2nd molar,0,Healthy,0.0000,0.9764,0.0236,0.0000
Healthy/lyria__P0485__b14.png,Healthy,P0485,premolar,0,Healthy,0.0000,0.9999,0.0001,0.0000
Healthy/lyria__P0485__b15.png,Healthy,P0485,premolar,0,Healthy,0.0000,0.9980,0.0020,0.0000
Healthy/lyria__P0485__b16.png,Healthy,P0485,canine,0,Healthy,0.0000,1.0000,0.0000,0.0000
Healthy/lyria__P0485__b17.png,Healthy,P0485,incisor,0,Healthy,0.0000,1.0000,0.0000,0.0000
Healthy/lyria__P0485__b18.png,Healthy,P0485,incisor,0,Healthy,0.0000,1.0000,0.0000,0.0000
Healthy/lyria__P0485__b19.png,Healthy,P0485,incisor,0,Healthy,0.0000,0.9999,0.0000,0.0001
Healthy/lyria__P0485__b20.png,Healthy,P0485,incisor,0,Healthy,0.0000,0.9999,0.0000,0.0000
Healthy/lyria__P0485__b21.png,Healthy,P0485,canine,0,Healthy,0.0000,1.0000,0.0000,0.0000
Healthy/lyria__P0485__b22.png,Healthy,P0485,premolar,0,Healthy,0.0000,1.0000,0.0000,0.0000
Healthy/lyria__P0485__b23.png,Healthy,P0485,premolar,0,Healthy,0.0000,0.9999,0.0001,0.0000
Healthy/lyria__P0486__b0.png,Healthy,P0486,2nd molar,0,Healthy,0.0000,0.9823,0.0177,0.0000
Healthy/lyria__P0486__b1.png,Healthy,P0486,premolar,0,Healthy,0.0000,1.0000,0.0000,0.0000
Healthy/lyria__P0486__b2.png,Healthy,P0486,premolar,0,Healthy,0.0320,0.9653,0.0024,0.0003
Healthy/lyria__P0486__b3.png,Healthy,P0486,incisor,0,Healthy,0.0000,1.0000,0.0000,0.0000
Healthy/lyria__P0486__b4.png,Healthy,P0486,incisor,0,Healthy,0.0000,1.0000,0.0000,0.0000
Healthy/lyria__P0486__b5.png,Healthy,P0486,incisor,0,Healthy,0.0000,1.0000,0.0000,0.0000
Healthy/lyria__P0486__b6.png,Healthy,P0486,incisor,0,Healthy,0.0000,1.0000,0.0000,0.0000
Healthy/lyria__P0486__b7.png,Healthy,P0486,canine,0,Healthy,0.0001,0.9998,0.0000,0.0001
Healthy/lyria__P0486__b8.png,Healthy,P0486,premolar,0,Healthy,0.0001,0.9999,0.0000,0.0000
Healthy/lyria__P0486__b9.png,Healthy,P0486,premolar,0,Healthy,0.0003,0.9991,0.0006,0.0000
Healthy/lyria__P0486__b10.png,Healthy,P0486,1st molar,0,Healthy,0.0000,0.9998,0.0002,0.0000
Healthy/lyria__P0486__b11.png,Healthy,P0486,2nd molar,0,Healthy,0.0000,0.9998,0.0002,0.0000
Healthy/lyria__P0486__b12.png,Healthy,P0486,canine,0,Healthy,0.0000,1.0000,0.0000,0.0000
Healthy/lyria__P0486__b13.png,Healthy,P0486,2nd molar,0,Healthy,0.0005,0.8969,0.1020,0.0007
Healthy/lyria__P0486__b14.png,Healthy,P0486,premolar,0,Healthy,0.0000,1.0000,0.0000,0.0000
Healthy/lyria__P0486__b16.png,Healthy,P0486,canine,0,Healthy,0.0000,1.0000,0.0000,0.0000
Healthy/lyria__P0486__b18.png,Healthy,P0486,incisor,0,Healthy,0.0000,0.9995,0.0000,0.0004
Healthy/lyria__P0486__b19.png,Healthy,P0486,incisor,0,Healthy,0.0000,0.9998,0.0000,0.0002
Healthy/lyria__P0486__b20.png,Healthy,P0486,incisor,0,Healthy,0.0013,0.9987,0.0000,0.0000
Healthy/lyria__P0486__b21.png,Healthy,P0486,canine,0,Healthy,0.0029,0.9971,0.0000,0.0000
Healthy/lyria__P0486__b22.png,Healthy,P0486,premolar,0,Healthy,0.0001,0.9999,0.0000,0.0000
Healthy/lyria__P0486__b23.png,Healthy,P0486,premolar,0,Healthy,0.0000,0.9996,0.0004,0.0000
Healthy/lyria__P0486__b24.png,Healthy,P0486,2nd molar,0,Healthy,0.0000,1.0000,0.0000,0.0000
