filepath,class,patient_id,in_capped_test,pred,p_Endodontics,p_Healthy,p_Impacted,p_Implant
Impacted/lyria__P0353__b0.png,Impacted,P0353,1,Impacted,0.0042,0.1161,0.8733,0.0064
Healthy/lyria__P0353__b6.png,Healthy,P0353,1,Healthy,0.0000,1.0000,0.0000,0.0000
Endodontics/lyria__P0169__b0.png,Endodontics,P0169,1,Endodontics,1.0000,0.0000,0.0000,0.0000
Healthy/lyria__P0169__b10.png,Healthy,P0169,1,Healthy,0.0000,1.0000,0.0000,0.0000
Healthy/lyria__P0623__b1.png,Healthy,P0623,1,Healthy,0.0001,0.9992,0.0005,0.0001
Endodontics/lyria__P0799__b0.png,Endodontics,P0799,1,Endodontics,0.9874,0.0001,0.0009,0.0116
Endodontics/lyria__P0799__b1.png,Endodontics,P0799,1,Endodontics,0.8949,0.0012,0.0001,0.1039
Endodontics/lyria__P0799__b2.png,Endodontics,P0799,1,Endodontics,0.9982,0.0000,0.0000,0.0018
Endodontics/lyria__P0799__b3.png,Endodontics,P0799,1,Endodontics,0.9941,0.0000,0.0000,0.0059
Endodontics/lyria__P0799__b4.png,Endodontics,P0799,1,Endodontics,0.9998,0.0000,0.0001,0.0002
Endodontics/lyria__P0799__b5.png,Endodontics,P0799,1,Endodontics,0.9970,0.0000,0.0000,0.0029
Endodontics/lyria__P0799__b6.png,Endodontics,P0799,1,Endodontics,1.0000,0.0000,0.0000,0.0000
Endodontics/lyria__P0799__b7.png,Endodontics,P0799,1,Endodontics,0.9984,0.0001,0.0000,0.0015
Endodontics/lyria__P0799__b8.png,Endodontics,P0799,1,Endodontics,0.9946,0.0004,0.0037,0.0013
Healthy/lyria__P0799__b7.png,Healthy,P0799,1,Healthy,0.0000,0.9956,0.0044,0.0000
Healthy/lyria__P0799__b6.png,Healthy,P0799,1,Healthy,0.0000,0.9997,0.0002,0.0000
Endodontics/lyria__P0010__b0.png,Endodontics,P0010,1,Endodontics,0.9994,0.0004,0.0000,0.0002
Endodontics/lyria__P0010__b1.png,Endodontics,P0010,1,Endodontics,0.9999,0.0000,0.0000,0.0001
Endodontics/lyria__P0010__b2.png,Endodontics,P0010,1,Endodontics,0.9861,0.0008,0.0001,0.0130
Healthy/lyria__P0010__b2.png,Healthy,P0010,1,Healthy,0.0089,0.6310,0.3598,0.0003
Healthy/lyria__P0010__b6.png,Healthy,P0010,1,Healthy,0.0001,0.9988,0.0011,0.0000
Healthy/lyria__P0219__b6.png,Healthy,P0219,1,Endodontics,0.5850,0.2833,0.0021,0.1296
Healthy/lyria__P0219__b2.png,Healthy,P0219,1,Healthy,0.0000,1.0000,0.0000,0.0000
Endodontics/lyria__P0578__b0.png,Endodontics,P0578,1,Endodontics,0.9949,0.0049,0.0002,0.0001
Endodontics/lyria__P0578__b1.png,Endodontics,P0578,1,Endodontics,0.9995,0.0000,0.0001,0.0004
Endodontics/lyria__P0578__b2.png,Endodontics,P0578,1,Endodontics,1.0000,0.0000,0.0000,0.0000
Healthy/lyria__P0578__b8.png,Healthy,P0578,1,Impacted,0.0000,0.0635,0.9365,0.0000
Healthy/lyria__P0578__b1.png,Healthy,P0578,1,Impacted,0.0003,0.0364,0.9618,0.0014
Healthy/lyria__P0155__b3.png,Healthy,P0155,1,Healthy,0.0089,0.9901,0.0008,0.0002
Healthy/lyria__P0155__b14.png,Healthy,P0155,1,Healthy,0.0033,0.9962,0.0005,0.0000
Endodontics/lyria__P0628__b0.png,Endodontics,P0628,1,Endodontics,0.9995,0.0003,0.0003,0.0000
Endodontics/lyria__P0628__b1.png,Endodontics,P0628,1,Endodontics,0.9756,0.0225,0.0016,0.0003
Healthy/lyria__P0628__b16.png,Healthy,P0628,1,Healthy,0.0003,0.9987,0.0010,0.0000
Healthy/lyria__P0628__b5.png,Healthy,P0628,1,Healthy,0.0000,0.9999,0.0000,0.0000
Healthy/lyria__P0226__b0.png,Healthy,P0226,1,Healthy,0.0158,0.9817,0.0025,0.0000
Healthy/lyria__P0226__b1.png,Healthy,P0226,1,Healthy,0.0016,0.9966,0.0017,0.0001
Impacted/lyria__P0795__b0.png,Impacted,P0795,1,Impacted,0.0002,0.0007,0.9991,0.0000
Impacted/lyria__P0795__b1.png,Impacted,P0795,1,Impacted,0.0001,0.0007,0.9992,0.0000
Healthy/lyria__P0795__b6.png,Healthy,P0795,1,Healthy,0.0028,0.9967,0.0005,0.0000
Healthy/lyria__P0795__b27.png,Healthy,P0795,1,Impacted,0.0008,0.2213,0.7779,0.0001
Endodontics/lyria__P0718__b0.png,Endodontics,P0718,1,Endodontics,1.0000,0.0000,0.0000,0.0000
Endodontics/lyria__P0718__b1.png,Endodontics,P0718,1,Endodontics,1.0000,0.0000,0.0000,0.0000
Healthy/lyria__P0718__b3.png,Healthy,P0718,1,Healthy,0.0000,0.9982,0.0018,0.0000
Endodontics/lyria__P0804__b0.png,Endodontics,P0804,1,Endodontics,0.9998,0.0000,0.0000,0.0002
Endodontics/lyria__P0804__b1.png,Endodontics,P0804,1,Endodontics,0.9978,0.0021,0.0000,0.0000
Endodontics/lyria__P0804__b2.png,Endodontics,P0804,1,Endodontics,0.9999,0.0000,0.0000,0.0001
Endodontics/lyria__P0804__b3.png,Endodontics,P0804,1,Endodontics,0.9999,0.0000,0.0000,0.0001
Endodontics/lyria__P0804__b4.png,Endodontics,P0804,1,Endodontics,0.9986,0.0009,0.0001,0.0003
Endodontics/lyria__P0804__b5.png,Endodontics,P0804,1,Endodontics,1.0000,0.0000,0.0000,0.0000
Endodontics/lyria__P0804__b6.png,Endodontics,P0804,1,Endodontics,0.9997,0.0000,0.0000,0.0003
Endodontics/lyria__P0804__b7.png,Endodontics,P0804,1,Endodontics,0.9998,0.0000,0.0000,0.0002
Implant/lyria__P0804__b0.png,Implant,P0804,1,Implant,0.0000,0.0000,0.0000,1.0000
Endodontics/lyria__P0804__b8.png,Endodontics,P0804,1,Endodontics,0.9725,0.0013,0.0146,0.0116
Endodontics/lyria__P0804__b9.png,Endodontics,P0804,1,Endodontics,0.9778,0.0045,0.0175,0.0002
Endodontics/lyria__P0804__b10.png,Endodontics,P0804,1,Endodontics,0.9992,0.0000,0.0006,0.0002
Healthy/lyria__P0804__b2.png,Healthy,P0804,1,Healthy,0.0008,0.9992,0.0000,0.0000
Healthy/lyria__P0804__b1.png,Healthy,P0804,1,Healthy,0.0002,0.9996,0.0002,0.0000
Impacted/lyria__P0188__b0.png,Impacted,P0188,1,Impacted,0.0003,0.0061,0.9935,0.0001
Endodontics/lyria__P0188__b0.png,Endodontics,P0188,1,Endodontics,0.9999,0.0000,0.0000,0.0001
Endodontics/lyria__P0777__b0.png,Endodontics,P0777,1,Endodontics,0.7949,0.0004,0.0001,0.2046
Endodontics/lyria__P0777__b1.png,Endodontics,P0777,1,Endodontics,0.9874,0.0083,0.0037,0.0006
Healthy/lyria__P0777__b5.png,Healthy,P0777,1,Healthy,0.0000,0.9999,0.0001,0.0000
Healthy/lyria__P0777__b6.png,Healthy,P0777,1,Healthy,0.0005,0.9889,0.0013,0.0093
Healthy/lyria__P0126__b0.png,Healthy,P0126,1,Healthy,0.0959,0.9039,0.0000,0.0002
Healthy/lyria__P0126__b1.png,Healthy,P0126,1,Healthy,0.0003,0.9994,0.0002,0.0000
Impacted/lyria__P0596__b0.png,Impacted,P0596,1,Impacted,0.0000,0.0000,0.9996,0.0004
Endodontics/lyria__P0596__b0.png,Endodontics,P0596,1,Endodontics,0.9998,0.0000,0.0000,0.0002
Endodontics/lyria__P0596__b1.png,Endodontics,P0596,1,Endodontics,1.0000,0.0000,0.0000,0.0000
Endodontics/lyria__P0596__b2.png,Endodontics,P0596,1,Endodontics,0.9962,0.0001,0.0030,0.0007
Endodontics/lyria__P0596__b3.png,Endodontics,P0596,1,Endodontics,0.9999,0.0001,0.0000,0.0001
Impacted/lyria__P0596__b1.png,Impacted,P0596,1,Impacted,0.0000,0.0011,0.9989,0.0000
Healthy/lyria__P0596__b2.png,Healthy,P0596,1,Impacted,0.0003,0.0014,0.9959,0.0024
Healthy/lyria__P0596__b0.png,Healthy,P0596,1,Healthy,0.0012,0.9986,0.0002,0.0001
Endodontics/lyria__P0808__b0.png,Endodontics,P0808,1,Endodontics,1.0000,0.0000,0.0000,0.0000
Endodontics/lyria__P0808__b1.png,Endodontics,P0808,1,Endodontics,1.0000,0.0000,0.0000,0.0000
Healthy/lyria__P0808__b1.png,Healthy,P0808,1,Healthy,0.0670,0.9327,0.0002,0.0001
Healthy/lyria__P0808__b6.png,Healthy,P0808,1,Healthy,0.0000,0.9999,0.0001,0.0000
Healthy/lyria__P0319__b8.png,Healthy,P0319,1,Healthy,0.0000,0.9999,0.0001,0.0000
Healthy/lyria__P0319__b4.png,Healthy,P0319,1,Healthy,0.0001,0.9999,0.0000,0.0000
Endodontics/lyria__P0538__b0.png,Endodontics,P0538,1,Endodontics,0.9988,0.0012,0.0000,0.0000
Endodontics/lyria__P0538__b1.png,Endodontics,P0538,1,Endodontics,0.8513,0.1421,0.0062,0.0004
Healthy/lyria__P0538__b8.png,Healthy,P0538,1,Healthy,0.0002,0.9998,0.0000,0.0000
Healthy/lyria__P0538__b3.png,Healthy,P0538,1,Healthy,0.0064,0.7275,0.1418,0.1242
Endodontics/lyria__P0061__b0.png,Endodontics,P0061,1,Endodontics,1.0000,0.0000,0.0000,0.0000
Endodontics/lyria__P0061__b1.png,Endodontics,P0061,1,Endodontics,1.0000,0.0000,0.0000,0.0000
Endodontics/lyria__P0061__b2.png,Endodontics,P0061,1,Endodontics,0.9995,0.0003,0.0000,0.0001
Healthy/lyria__P0061__b1.png,Healthy,P0061,1,Endodontics,0.5053,0.4942,0.0005,0.0001
Healthy/lyria__P0061__b5.png,Healthy,P0061,1,Healthy,0.0541,0.9445,0.0009,0.0004
Endodontics/lyria__P0665__b0.png,Endodontics,P0665,1,Endodontics,0.9998,0.0000,0.0001,0.0001
Endodontics/lyria__P0665__b1.png,Endodontics,P0665,1,Endodontics,0.9999,0.0000,0.0000,0.0000
Endodontics/lyria__P0665__b2.png,Endodontics,P0665,1,Endodontics,0.9999,0.0001,0.0000,0.0000
Endodontics/lyria__P0665__b3.png,Endodontics,P0665,1,Endodontics,0.9999,0.0000,0.0000,0.0001
Healthy/lyria__P0665__b6.png,Healthy,P0665,1,Healthy,0.0003,0.9062,0.0935,0.0000
Healthy/lyria__P0665__b12.png,Healthy,P0665,1,Healthy,0.0007,0.9210,0.0780,0.0003
Endodontics/lyria__P0247__b0.png,Endodontics,P0247,1,Endodontics,1.0000,0.0000,0.0000,0.0000
Endodontics/lyria__P0247__b1.png,Endodontics,P0247,1,Endodontics,0.9982,0.0018,0.0000,0.0000
Endodontics/lyria__P0247__b2.png,Endodontics,P0247,1,Endodontics,1.0000,0.0000,0.0000,0.0000
Endodontics/lyria__P0247__b3.png,Endodontics,P0247,1,Endodontics,0.9967,0.0000,0.0030,0.0002
Endodontics/lyria__P0247__b4.png,Endodontics,P0247,1,Endodontics,1.0000,0.0000,0.0000,0.0000
Endodontics/lyria__P0247__b5.png,Endodontics,P0247,1,Endodontics,0.9993,0.0007,0.0000,0.0000
Endodontics/lyria__P0247__b6.png,Endodontics,P0247,1,Endodontics,0.9989,0.0000,0.0001,0.0010
Endodontics/lyria__P0247__b7.png,Endodontics,P0247,1,Endodontics,0.9991,0.0000,0.0000,0.0009
Endodontics/lyria__P0247__b8.png,Endodontics,P0247,1,Endodontics,0.9991,0.0003,0.0001,0.0005
Endodontics/lyria__P0247__b9.png,Endodontics,P0247,1,Endodontics,1.0000,0.0000,0.0000,0.0000
Impacted/lyria__P0676__b0.png,Impacted,P0676,1,Impacted,0.0000,0.0000,1.0000,0.0000
Impacted/lyria__P0676__b1.png,Impacted,P0676,1,Impacted,0.0002,0.0003,0.9995,0.0000
Healthy/lyria__P0676__b10.png,Healthy,P0676,1,Healthy,0.0015,0.9799,0.0186,0.0000
Healthy/lyria__P0676__b21.png,Healthy,P0676,1,Impacted,0.0001,0.0202,0.9794,0.0003
Endodontics/lyria__P0070__b0.png,Endodontics,P0070,1,Endodontics,0.6747,0.3149,0.0103,0.0001
Healthy/lyria__P0070__b0.png,Healthy,P0070,1,Healthy,0.0001,0.9339,0.0658,0.0002
Endodontics/lyria__P0645__b0.png,Endodontics,P0645,1,Healthy,0.1727,0.7569,0.0662,0.0043
Endodontics/lyria__P0645__b1.png,Endodontics,P0645,1,Endodontics,0.9994,0.0000,0.0000,0.0006
Endodontics/lyria__P0645__b2.png,Endodontics,P0645,1,Endodontics,1.0000,0.0000,0.0000,0.0000
Endodontics/lyria__P0645__b3.png,Endodontics,P0645,1,Endodontics,0.9923,0.0000,0.0001,0.0076
Endodontics/lyria__P0645__b4.png,Endodontics,P0645,1,Endodontics,1.0000,0.0000,0.0000,0.0000
Endodontics/lyria__P0645__b5.png,Endodontics,P0645,1,Endodontics,0.9819,0.0160,0.0002,0.0019
Endodontics/lyria__P0645__b6.png,Endodontics,P0645,1,Endodontics,1.0000,0.0000,0.0000,0.0000
Healthy/lyria__P0745__b4.png,Healthy,P0745,1,Healthy,0.0031,0.9655,0.0313,0.0000
Healthy/lyria__P0745__b10.png,Healthy,P0745,1,Healthy,0.0038,0.9954,0.0008,0.0000
Endodontics/lyria__P0568__b0.png,Endodontics,P0568,1,Endodontics,0.9998,0.0001,0.0000,0.0000
Endodontics/lyria__P0568__b1.png,Endodontics,P0568,1,Endodontics,0.9403,0.0532,0.0055,0.0010
Healthy/lyria__P0568__b0.png,Healthy,P0568,1,Healthy,0.0001,0.9998,0.0001,0.0000
Healthy/lyria__P0568__b2.png,Healthy,P0568,1,Healthy,0.0012,0.9980,0.0008,0.0000
Impacted/lyria__P0192__b0.png,Impacted,P0192,1,Healthy,0.2728,0.5983,0.1215,0.0074
Healthy/lyria__P0192__b9.png,Healthy,P0192,1,Healthy,0.0010,0.9990,0.0000,0.0000
Healthy/lyria__P0192__b16.png,Healthy,P0192,1,Healthy,0.1077,0.8912,0.0011,0.0000
Endodontics/lyria__P0782__b0.png,Endodontics,P0782,1,Endodontics,1.0000,0.0000,0.0000,0.0000
Endodontics/lyria__P0782__b1.png,Endodontics,P0782,1,Endodontics,0.9813,0.0174,0.0001,0.0012
Healthy/lyria__P0782__b15.png,Healthy,P0782,1,Healthy,0.0000,0.9980,0.0019,0.0000
Healthy/lyria__P0782__b6.png,Healthy,P0782,1,Healthy,0.0000,0.9999,0.0000,0.0000
Healthy/lyria__P0426__b4.png,Healthy,P0426,1,Healthy,0.0000,0.9998,0.0002,0.0000
Healthy/lyria__P0344__b0.png,Healthy,P0344,1,Healthy,0.0027,0.7112,0.2856,0.0005
Endodontics/lyria__P0734__b0.png,Endodontics,P0734,1,Endodontics,1.0000,0.0000,0.0000,0.0000
Endodontics/lyria__P0734__b1.png,Endodontics,P0734,1,Endodontics,1.0000,0.0000,0.0000,0.0000
Endodontics/lyria__P0734__b2.png,Endodontics,P0734,1,Endodontics,1.0000,0.0000,0.0000,0.0000
Endodontics/lyria__P0734__b3.png,Endodontics,P0734,1,Endodontics,0.9997,0.0000,0.0000,0.0003
Healthy/lyria__P0734__b2.png,Healthy,P0734,1,Healthy,0.0001,0.9999,0.0000,0.0000
Healthy/lyria__P0734__b6.png,Healthy,P0734,1,Healthy,0.0001,0.9994,0.0005,0.0000
Healthy/lyria__P0180__b7.png,Healthy,P0180,1,Healthy,0.0010,0.9981,0.0005,0.0004
Healthy/lyria__P0180__b12.png,Healthy,P0180,1,Healthy,0.0006,0.9993,0.0001,0.0000
Endodontics/lyria__P0029__b0.png,Endodontics,P0029,1,Endodontics,0.9990,0.0000,0.0000,0.0010
Endodontics/lyria__P0029__b1.png,Endodontics,P0029,1,Endodontics,0.9904,0.0031,0.0001,0.0064
Endodontics/lyria__P0029__b2.png,Endodontics,P0029,1,Endodontics,0.9999,0.0000,0.0000,0.0001
Endodontics/lyria__P0559__b0.png,Endodontics,P0559,1,Endodontics,0.9993,0.0005,0.0000,0.0002
Healthy/lyria__P0559__b11.png,Healthy,P0559,1,Healthy,0.0005,0.9987,0.0007,0.0000
Endodontics/lyria__P0034__b0.png,Endodontics,P0034,1,Endodontics,0.7357,0.0776,0.1764,0.0104
Endodontics/lyria__P0034__b1.png,Endodontics,P0034,1,Healthy,0.3609,0.6216,0.0173,0.0002
Endodontics/lyria__P0034__b2.png,Endodontics,P0034,1,Endodontics,0.9993,0.0006,0.0000,0.0001
Endodontics/lyria__P0034__b3.png,Endodontics,P0034,1,Endodontics,0.5740,0.3102,0.1101,0.0057
Endodontics/lyria__P0034__b4.png,Endodontics,P0034,1,Endodontics,0.9984,0.0016,0.0000,0.0000
Healthy/lyria__P0034__b4.png,Healthy,P0034,1,Healthy,0.0000,1.0000,0.0000,0.0000
Healthy/lyria__P0034__b5.png,Healthy,P0034,1,Healthy,0.0016,0.9982,0.0003,0.0000
Healthy/lyria__P0625__b0.png,Healthy,P0625,1,Healthy,0.0006,0.9983,0.0009,0.0002
Healthy/lyria__P0625__b5.png,Healthy,P0625,1,Healthy,0.0008,0.9986,0.0006,0.0000
Endodontics/lyria__P0193__b0.png,Endodontics,P0193,1,Endodontics,0.9925,0.0020,0.0006,0.0049
Endodontics/lyria__P0193__b1.png,Endodontics,P0193,1,Endodontics,1.0000,0.0000,0.0000,0.0000
Endodontics/lyria__P0193__b2.png,Endodontics,P0193,1,Healthy,0.1696,0.8300,0.0003,0.0001
Endodontics/lyria__P0193__b3.png,Endodontics,P0193,1,Endodontics,1.0000,0.0000,0.0000,0.0000
Endodontics/lyria__P0193__b4.png,Endodontics,P0193,1,Endodontics,1.0000,0.0000,0.0000,0.0000
Endodontics/lyria__P0193__b5.png,Endodontics,P0193,1,Endodontics,1.0000,0.0000,0.0000,0.0000
Endodontics/lyria__P0193__b6.png,Endodontics,P0193,1,Endodontics,1.0000,0.0000,0.0000,0.0000
Endodontics/lyria__P0193__b7.png,Endodontics,P0193,1,Endodontics,0.9978,0.0000,0.0000,0.0022
Endodontics/lyria__P0193__b8.png,Endodontics,P0193,1,Endodontics,0.9950,0.0034,0.0000,0.0017
Endodontics/lyria__P0193__b9.png,Endodontics,P0193,1,Endodontics,0.6803,0.2802,0.0390,0.0005
Healthy/lyria__P0193__b2.png,Healthy,P0193,1,Healthy,0.0000,0.9999,0.0000,0.0000
Healthy/lyria__P0810__b11.png,Healthy,P0810,1,Healthy,0.0612,0.8823,0.0561,0.0005
Impacted/lyria__P0509__b0.png,Impacted,P0509,1,Impacted,0.0000,0.0002,0.9998,0.0000
Impacted/lyria__P0509__b1.png,Impacted,P0509,1,Impacted,0.0000,0.0001,0.9999,0.0000
Healthy/lyria__P0509__b14.png,Healthy,P0509,1,Healthy,0.0000,0.9999,0.0000,0.0000
Endodontics/lyria__P0751__b0.png,Endodontics,P0751,1,Endodontics,1.0000,0.0000,0.0000,0.0000
Endodontics/lyria__P0751__b1.png,Endodontics,P0751,1,Healthy,0.2148,0.5992,0.1770,0.0090
Healthy/lyria__P0751__b3.png,Healthy,P0751,1,Healthy,0.0003,0.9990,0.0006,0.0001
Healthy/lyria__P0751__b9.png,Healthy,P0751,1,Healthy,0.0000,0.9999,0.0001,0.0000
Endodontics/lyria__P0599__b0.png,Endodontics,P0599,1,Endodontics,0.9998,0.0000,0.0000,0.0002
Healthy/lyria__P0599__b1.png,Healthy,P0599,1,Healthy,0.0003,0.9965,0.0032,0.0000
Healthy/lyria__P0285__b2.png,Healthy,P0285,1,Healthy,0.0001,0.9974,0.0025,0.0000
Impacted/lyria__P0662__b0.png,Impacted,P0662,1,Impacted,0.0002,0.0003,0.9995,0.0000
Impacted/lyria__P0662__b1.png,Impacted,P0662,1,Impacted,0.0000,0.0002,0.9998,0.0000
Impacted/lyria__P0662__b2.png,Impacted,P0662,1,Impacted,0.0003,0.0001,0.9994,0.0002
Healthy/lyria__P0662__b1.png,Healthy,P0662,1,Healthy,0.0027,0.9836,0.0134,0.0003
Endodontics/lyria__P0666__b0.png,Endodontics,P0666,1,Endodontics,0.9997,0.0003,0.0000,0.0000
Healthy/lyria__P0666__b5.png,Healthy,P0666,1,Healthy,0.0801,0.5791,0.3330,0.0077
Endodontics/lyria__P0045__b0.png,Endodontics,P0045,1,Endodontics,1.0000,0.0000,0.0000,0.0000
Endodontics/lyria__P0045__b1.png,Endodontics,P0045,1,Endodontics,0.9999,0.0000,0.0000,0.0001
Endodontics/lyria__P0045__b2.png,Endodontics,P0045,1,Endodontics,0.9917,0.0008,0.0013,0.0062
Healthy/lyria__P0045__b9.png,Healthy,P0045,1,Healthy,0.0000,0.9998,0.0002,0.0000
Healthy/lyria__P0045__b2.png,Healthy,P0045,1,Healthy,0.0003,0.9972,0.0025,0.0000
Endodontics/lyria__P0546__b0.png,Endodontics,P0546,1,Endodontics,0.9982,0.0000,0.0000,0.0017
Endodontics/lyria__P0546__b1.png,Endodontics,P0546,1,Endodontics,1.0000,0.0000,0.0000,0.0000
Endodontics/lyria__P0546__b2.png,Endodontics,P0546,1,Endodontics,0.9997,0.0002,0.0000,0.0000
Endodontics/lyria__P0546__b3.png,Endodontics,P0546,1,Endodontics,0.9994,0.0000,0.0000,0.0006
Endodontics/lyria__P0546__b4.png,Endodontics,P0546,1,Endodontics,0.9997,0.0002,0.0000,0.0001
Endodontics/lyria__P0546__b5.png,Endodontics,P0546,1,Endodontics,0.9983,0.0014,0.0000,0.0003
Healthy/lyria__P0546__b2.png,Healthy,P0546,1,Healthy,0.0050,0.9946,0.0000,0.0003
Endodontics/lyria__P0544__b0.png,Endodontics,P0544,1,Healthy,0.0442,0.5429,0.4118,0.0011
Healthy/lyria__P0544__b1.png,Healthy,P0544,1,Healthy,0.0001,0.9995,0.0004,0.0000
Healthy/lyria__P0203__b13.png,Healthy,P0203,1,Healthy,0.0010,0.9981,0.0006,0.0003
Healthy/lyria__P0203__b8.png,Healthy,P0203,1,Healthy,0.0000,1.0000,0.0000,0.0000
Endodontics/lyria__P0266__b0.png,Endodontics,P0266,1,Endodontics,0.9884,0.0098,0.0013,0.0004
Healthy/lyria__P0266__b0.png,Healthy,P0266,1,Healthy,0.0596,0.9402,0.0000,0.0001
Healthy/lyria__P0077__b3.png,Healthy,P0077,1,Healthy,0.0001,0.9999,0.0000,0.0000
Healthy/lyria__P0077__b2.png,Healthy,P0077,1,Healthy,0.0002,0.9996,0.0001,0.0001
Healthy/lyria__P0534__b0.png,Healthy,P0534,1,Healthy,0.0000,0.9999,0.0000,0.0000
Healthy/lyria__P0534__b22.png,Healthy,P0534,1,Healthy,0.1389,0.5051,0.3546,0.0014
Healthy/lyria__P0513__b2.png,Healthy,P0513,1,Healthy,0.0000,1.0000,0.0000,0.0000
Healthy/lyria__P0513__b21.png,Healthy,P0513,1,Healthy,0.0003,0.8711,0.1286,0.0000
Impacted/lyria__P0434__b0.png,Impacted,P0434,1,Impacted,0.0005,0.0042,0.9952,0.0000
Healthy/lyria__P0434__b2.png,Healthy,P0434,1,Healthy,0.0003,0.9994,0.0002,0.0000
Healthy/lyria__P0434__b12.png,Healthy,P0434,1,Healthy,0.0000,0.9997,0.0002,0.0000
Impacted/lyria__P0485__b0.png,Impacted,P0485,1,Impacted,0.0000,0.0001,0.9999,0.0000
Impacted/lyria__P0485__b1.png,Impacted,P0485,1,Impacted,0.0000,0.0006,0.9994,0.0000
Impacted/lyria__P0485__b2.png,Impacted,P0485,1,Impacted,0.0003,0.1591,0.8406,0.0000
Healthy/lyria__P0485__b4.png,Healthy,P0485,1,Healthy,0.0000,0.9999,0.0001,0.0000
Healthy/lyria__P0485__b11.png,Healthy,P0485,1,Healthy,0.0006,0.9838,0.0156,0.0000
Impacted/lyria__P0027__b0.png,Impacted,P0027,1,Impacted,0.0018,0.0001,0.9981,0.0000
Impacted/lyria__P0027__b1.png,Impacted,P0027,1,Impacted,0.0000,0.0004,0.9996,0.0000
Endodontics/lyria__P0027__b0.png,Endodontics,P0027,1,Endodontics,0.9998,0.0001,0.0000,0.0001
Healthy/lyria__P0027__b0.png,Healthy,P0027,1,Healthy,0.4016,0.5982,0.0000,0.0001
Implant/dentex__130.png,Implant,dentex_130,1,Implant,0.0000,0.0000,0.0000,1.0000
Endodontics/lyria__P0770__b0.png,Endodontics,P0770,1,Endodontics,1.0000,0.0000,0.0000,0.0000
Endodontics/lyria__P0770__b1.png,Endodontics,P0770,1,Endodontics,0.9997,0.0000,0.0001,0.0002
Endodontics/lyria__P0770__b2.png,Endodontics,P0770,1,Endodontics,0.9991,0.0000,0.0000,0.0009
Endodontics/lyria__P0770__b3.png,Endodontics,P0770,1,Endodontics,1.0000,0.0000,0.0000,0.0000
Endodontics/lyria__P0770__b4.png,Endodontics,P0770,1,Endodontics,1.0000,0.0000,0.0000,0.0000
Endodontics/lyria__P0770__b5.png,Endodontics,P0770,1,Endodontics,0.9999,0.0000,0.0000,0.0001
Endodontics/lyria__P0770__b6.png,Endodontics,P0770,1,Endodontics,0.9999,0.0000,0.0000,0.0000
Endodontics/lyria__P0770__b7.png,Endodontics,P0770,1,Endodontics,0.9966,0.0005,0.0013,0.0016
Endodontics/lyria__P0770__b8.png,Endodontics,P0770,1,Endodontics,0.9999,0.0000,0.0000,0.0001
Endodontics/lyria__P0770__b9.png,Endodontics,P0770,1,Endodontics,0.9999,0.0000,0.0000,0.0001
Endodontics/lyria__P0770__b10.png,Endodontics,P0770,1,Endodontics,1.0000,0.0000,0.0000,0.0000
Healthy/lyria__P0770__b0.png,Healthy,P0770,1,Healthy,0.0010,0.9988,0.0001,0.0000
Healthy/lyria__P0770__b3.png,Healthy,P0770,1,Healthy,0.0000,1.0000,0.0000,0.0000
Healthy/lyria__P0409__b1.png,Healthy,P0409,1,Healthy,0.0009,0.9979,0.0012,0.0000
Endodontics/lyria__P0105__b0.png,Endodontics,P0105,1,Endodontics,1.0000,0.0000,0.0000,0.0000
Endodontics/lyria__P0105__b1.png,Endodontics,P0105,1,Endodontics,0.9997,0.0000,0.0001,0.0002
Healthy/lyria__P0105__b14.png,Healthy,P0105,1,Healthy,0.0000,0.9999,0.0001,0.0000
Healthy/lyria__P0105__b5.png,Healthy,P0105,1,Healthy,0.0012,0.9976,0.0012,0.0000
Healthy/lyria__P0242__b0.png,Healthy,P0242,1,Healthy,0.0000,1.0000,0.0000,0.0000
Healthy/lyria__P0242__b1.png,Healthy,P0242,1,Healthy,0.0000,0.9990,0.0010,0.0000
Healthy/lyria__P0153__b1.png,Healthy,P0153,1,Healthy,0.0742,0.9257,0.0000,0.0000
Healthy/lyria__P0153__b19.png,Healthy,P0153,1,Healthy,0.0000,0.9999,0.0000,0.0000
Healthy/lyria__P0104__b5.png,Healthy,P0104,1,Healthy,0.0008,0.9991,0.0001,0.0000
Healthy/lyria__P0104__b2.png,Healthy,P0104,1,Healthy,0.0088,0.9909,0.0003,0.0000
Endodontics/lyria__P0401__b0.png,Endodontics,P0401,1,Endodontics,1.0000,0.0000,0.0000,0.0000
Healthy/lyria__P0401__b1.png,Healthy,P0401,1,Healthy,0.3459,0.6526,0.0014,0.0001
Healthy/lyria__P0401__b6.png,Healthy,P0401,1,Healthy,0.0000,1.0000,0.0000,0.0000
Impacted/lyria__P0663__b0.png,Impacted,P0663,1,Impacted,0.0000,0.0001,0.9999,0.0000
Healthy/lyria__P0663__b0.png,Healthy,P0663,1,Healthy,0.0001,0.9998,0.0001,0.0000
Healthy/lyria__P0663__b2.png,Healthy,P0663,1,Healthy,0.0002,0.9995,0.0003,0.0000
Endodontics/lyria__P0562__b0.png,Endodontics,P0562,1,Endodontics,0.9994,0.0001,0.0000,0.0005
Endodontics/lyria__P0562__b1.png,Endodontics,P0562,1,Endodontics,1.0000,0.0000,0.0000,0.0000
Healthy/lyria__P0562__b9.png,Healthy,P0562,1,Healthy,0.0001,0.9998,0.0001,0.0000
Healthy/lyria__P0562__b10.png,Healthy,P0562,1,Healthy,0.0002,0.9994,0.0004,0.0000
Healthy/lyria__P0501__b4.png,Healthy,P0501,1,Healthy,0.0067,0.9917,0.0016,0.0000
Endodontics/lyria__P0713__b0.png,Endodontics,P0713,1,Endodontics,0.9998,0.0000,0.0000,0.0002
Healthy/lyria__P0713__b1.png,Healthy,P0713,1,Healthy,0.0068,0.9929,0.0000,0.0003
Healthy/lyria__P0601__b8.png,Healthy,P0601,1,Healthy,0.0004,0.9984,0.0012,0.0000
Implant/dentex__158.png,Implant,dentex_158,1,Implant,0.0000,0.0000,0.0000,1.0000
Healthy/lyria__P0058__b0.png,Healthy,P0058,1,Healthy,0.0001,0.9939,0.0059,0.0000
Healthy/lyria__P0058__b3.png,Healthy,P0058,1,Healthy,0.0000,0.9999,0.0001,0.0000
Healthy/lyria__P0789__b16.png,Healthy,P0789,1,Healthy,0.0002,0.9995,0.0004,0.0000
Healthy/lyria__P0672__b12.png,Healthy,P0672,1,Healthy,0.0024,0.9936,0.0035,0.0004
Healthy/lyria__P0614__b15.png,Healthy,P0614,1,Healthy,0.0000,0.9995,0.0005,0.0000
Healthy/lyria__P0614__b7.png,Healthy,P0614,1,Healthy,0.0016,0.9984,0.0000,0.0000
Healthy/lyria__P0653__b7.png,Healthy,P0653,1,Healthy,0.0955,0.6088,0.2910,0.0047
Healthy/lyria__P0336__b13.png,Healthy,P0336,1,Healthy,0.0265,0.9312,0.0104,0.0319
Healthy/lyria__P0336__b20.png,Healthy,P0336,1,Healthy,0.0063,0.9936,0.0002,0.0000
Endodontics/lyria__P0154__b0.png,Endodontics,P0154,1,Endodontics,0.9913,0.0060,0.0001,0.0026
Endodontics/lyria__P0154__b1.png,Endodontics,P0154,1,Endodontics,0.9988,0.0011,0.0000,0.0001
Endodontics/lyria__P0154__b2.png,Endodontics,P0154,1,Endodontics,0.9980,0.0006,0.0002,0.0012
Endodontics/lyria__P0154__b3.png,Endodontics,P0154,1,Endodontics,0.9998,0.0000,0.0000,0.0002
Endodontics/lyria__P0154__b4.png,Endodontics,P0154,1,Endodontics,0.9996,0.0004,0.0000,0.0000
Endodontics/lyria__P0154__b5.png,Endodontics,P0154,1,Endodontics,0.9232,0.0768,0.0000,0.0000
Endodontics/lyria__P0154__b6.png,Endodontics,P0154,1,Endodontics,0.9986,0.0012,0.0000,0.0001
Healthy/lyria__P0154__b2.png,Healthy,P0154,1,Healthy,0.0005,0.9990,0.0000,0.0004
Endodontics/lyria__P0019__b0.png,Endodontics,P0019,1,Endodontics,1.0000,0.0000,0.0000,0.0000
Endodontics/lyria__P0019__b1.png,Endodontics,P0019,1,Endodontics,0.8485,0.1430,0.0022,0.0063
Healthy/lyria__P0019__b1.png,Healthy,P0019,1,Healthy,0.0004,0.9995,0.0001,0.0000
Healthy/lyria__P0019__b4.png,Healthy,P0019,1,Healthy,0.0000,1.0000,0.0000,0.0000
Endodontics/lyria__P0241__b0.png,Endodontics,P0241,1,Endodontics,1.0000,0.0000,0.0000,0.0000
Endodontics/lyria__P0241__b1.png,Endodontics,P0241,1,Endodontics,0.9992,0.0002,0.0000,0.0006
Endodontics/lyria__P0241__b2.png,Endodontics,P0241,1,Endodontics,0.9999,0.0001,0.0000,0.0000
Endodontics/lyria__P0241__b3.png,Endodontics,P0241,1,Endodontics,0.9950,0.0012,0.0000,0.0037
Healthy/lyria__P0241__b7.png,Healthy,P0241,1,Healthy,0.0000,0.9999,0.0000,0.0000
Healthy/lyria__P0241__b0.png,Healthy,P0241,1,Healthy,0.0049,0.9943,0.0001,0.0007
Impacted/lyria__P0511__b0.png,Impacted,P0511,1,Impacted,0.0000,0.0001,0.9999,0.0000
Impacted/lyria__P0511__b1.png,Impacted,P0511,1,Impacted,0.0057,0.0497,0.9442,0.0005
Healthy/lyria__P0511__b1.png,Healthy,P0511,1,Healthy,0.0002,0.9997,0.0001,0.0000
Healthy/lyria__P0511__b7.png,Healthy,P0511,1,Healthy,0.0006,0.9409,0.0584,0.0000
Healthy/lyria__P0116__b9.png,Healthy,P0116,1,Healthy,0.0131,0.9813,0.0056,0.0000
Healthy/lyria__P0116__b25.png,Healthy,P0116,1,Healthy,0.0037,0.7886,0.2076,0.0001
Endodontics/lyria__P0696__b0.png,Endodontics,P0696,1,Endodontics,1.0000,0.0000,0.0000,0.0000
Healthy/lyria__P0696__b9.png,Healthy,P0696,1,Healthy,0.0019,0.9973,0.0006,0.0002
Impacted/lyria__P0460__b0.png,Impacted,P0460,1,Impacted,0.0000,0.0000,0.9999,0.0000
Healthy/lyria__P0460__b23.png,Healthy,P0460,1,Healthy,0.0000,1.0000,0.0000,0.0000
Healthy/lyria__P0460__b8.png,Healthy,P0460,1,Healthy,0.0001,0.9998,0.0001,0.0000
Endodontics/lyria__P0572__b0.png,Endodontics,P0572,1,Endodontics,1.0000,0.0000,0.0000,0.0000
Healthy/lyria__P0572__b6.png,Healthy,P0572,1,Healthy,0.0000,0.9999,0.0000,0.0000
Healthy/lyria__P0572__b2.png,Healthy,P0572,1,Healthy,0.0018,0.9981,0.0001,0.0000
Endodontics/lyria__P0719__b0.png,Endodontics,P0719,1,Endodontics,1.0000,0.0000,0.0000,0.0000
Endodontics/lyria__P0719__b1.png,Endodontics,P0719,1,Endodontics,0.9999,0.0000,0.0000,0.0001
Impacted/lyria__P0719__b0.png,Impacted,P0719,1,Impacted,0.0043,0.0019,0.9922,0.0017
Healthy/lyria__P0719__b9.png,Healthy,P0719,1,Healthy,0.0000,0.9999,0.0001,0.0000
Endodontics/lyria__P0085__b0.png,Endodontics,P0085,1,Endodontics,0.9999,0.0000,0.0001,0.0000
Healthy/lyria__P0085__b10.png,Healthy,P0085,1,Healthy,0.0000,1.0000,0.0000,0.0000
Healthy/lyria__P0064__b6.png,Healthy,P0064,1,Healthy,0.0001,0.9996,0.0003,0.0000
Endodontics/lyria__P0439__b0.png,Endodontics,P0439,1,Endodontics,0.9999,0.0000,0.0000,0.0001
Endodontics/lyria__P0439__b1.png,Endodontics,P0439,1,Endodontics,0.9999,0.0000,0.0000,0.0001
Endodontics/lyria__P0439__b2.png,Endodontics,P0439,1,Endodontics,0.4909,0.4897,0.0042,0.0152
Endodontics/lyria__P0439__b3.png,Endodontics,P0439,1,Endodontics,0.9938,0.0034,0.0001,0.0027
Endodontics/lyria__P0439__b4.png,Endodontics,P0439,1,Healthy,0.4943,0.5050,0.0006,0.0001
Healthy/lyria__P0439__b3.png,Healthy,P0439,1,Healthy,0.0001,0.9995,0.0004,0.0000
Healthy/lyria__P0439__b0.png,Healthy,P0439,1,Endodontics,0.5323,0.4519,0.0020,0.0137
Healthy/lyria__P0757__b12.png,Healthy,P0757,1,Healthy,0.0220,0.9745,0.0034,0.0000
Healthy/lyria__P0757__b0.png,Healthy,P0757,1,Healthy,0.0126,0.9852,0.0022,0.0000
Endodontics/lyria__P0214__b0.png,Endodontics,P0214,1,Endodontics,1.0000,0.0000,0.0000,0.0000
Impacted/lyria__P0214__b0.png,Impacted,P0214,1,Impacted,0.0011,0.0024,0.9962,0.0003
Endodontics/lyria__P0214__b1.png,Endodontics,P0214,1,Endodontics,0.9999,0.0000,0.0000,0.0001
Healthy/lyria__P0214__b1.png,Healthy,P0214,1,Healthy,0.0013,0.9979,0.0007,0.0001
Impacted/lyria__P0677__b0.png,Impacted,P0677,1,Impacted,0.0008,0.0018,0.9938,0.0036
Impacted/lyria__P0677__b1.png,Impacted,P0677,1,Impacted,0.0011,0.0592,0.9395,0.0001
Healthy/lyria__P0677__b4.png,Healthy,P0677,1,Healthy,0.0001,0.9999,0.0000,0.0000
Healthy/lyria__P0677__b5.png,Healthy,P0677,1,Healthy,0.0001,0.9998,0.0001,0.0000
Healthy/lyria__P0642__b1.png,Healthy,P0642,1,Healthy,0.0001,0.9995,0.0005,0.0000
Healthy/lyria__P0642__b3.png,Healthy,P0642,1,Healthy,0.0035,0.9389,0.0575,0.0000
Endodontics/lyria__P0005__b0.png,Endodontics,P0005,1,Endodontics,0.9974,0.0000,0.0000,0.0026
Healthy/lyria__P0005__b4.png,Healthy,P0005,1,Healthy,0.0006,0.9994,0.0000,0.0000
Healthy/lyria__P0005__b1.png,Healthy,P0005,1,Healthy,0.0002,0.9985,0.0013,0.0000
Healthy/lyria__P0515__b15.png,Healthy,P0515,1,Healthy,0.0001,0.9996,0.0003,0.0000
Healthy/lyria__P0515__b7.png,Healthy,P0515,1,Healthy,0.0005,0.9991,0.0003,0.0002
Healthy/lyria__P0367__b12.png,Healthy,P0367,1,Healthy,0.0022,0.9971,0.0005,0.0002
Healthy/lyria__P0367__b0.png,Healthy,P0367,1,Healthy,0.1090,0.7554,0.1323,0.0033
Healthy/lyria__P0159__b10.png,Healthy,P0159,1,Healthy,0.0003,0.9995,0.0002,0.0000
Healthy/lyria__P0159__b8.png,Healthy,P0159,1,Healthy,0.0003,0.9978,0.0018,0.0001
Endodontics/lyria__P0573__b0.png,Endodontics,P0573,1,Endodontics,0.9998,0.0000,0.0001,0.0001
Endodontics/lyria__P0573__b1.png,Endodontics,P0573,1,Endodontics,1.0000,0.0000,0.0000,0.0000
Healthy/lyria__P0573__b2.png,Healthy,P0573,1,Healthy,0.0000,0.9999,0.0001,0.0000
Healthy/lyria__P0573__b1.png,Healthy,P0573,1,Healthy,0.0000,0.9909,0.0091,0.0000
Impacted/lyria__P0505__b0.png,Impacted,P0505,1,Impacted,0.0000,0.0000,0.9999,0.0000
Impacted/lyria__P0505__b1.png,Impacted,P0505,1,Impacted,0.0003,0.0014,0.9983,0.0000
Impacted/lyria__P0505__b2.png,Impacted,P0505,1,Impacted,0.0000,0.0265,0.9734,0.0000
Impacted/lyria__P0505__b3.png,Impacted,P0505,1,Impacted,0.0000,0.0764,0.9236,0.0000
Healthy/lyria__P0505__b7.png,Healthy,P0505,1,Healthy,0.0001,0.9993,0.0002,0.0004
Healthy/lyria__P0505__b3.png,Healthy,P0505,1,Healthy,0.0009,0.9982,0.0009,0.0000
Healthy/lyria__P0756__b7.png,Healthy,P0756,1,Healthy,0.0081,0.9902,0.0017,0.0001
Healthy/lyria__P0756__b3.png,Healthy,P0756,1,Healthy,0.0017,0.9977,0.0006,0.0000
Endodontics/lyria__P0303__b0.png,Endodontics,P0303,1,Endodontics,1.0000,0.0000,0.0000,0.0000
Endodontics/lyria__P0342__b0.png,Endodontics,P0342,1,Endodontics,1.0000,0.0000,0.0000,0.0000
Endodontics/lyria__P0342__b1.png,Endodontics,P0342,1,Endodontics,1.0000,0.0000,0.0000,0.0000
Endodontics/lyria__P0342__b2.png,Endodontics,P0342,1,Endodontics,0.9964,0.0013,0.0022,0.0001
Healthy/lyria__P0342__b3.png,Healthy,P0342,1,Healthy,0.0001,0.9998,0.0000,0.0000
Healthy/lyria__P0342__b1.png,Healthy,P0342,1,Healthy,0.0009,0.9985,0.0005,0.0001
Impacted/lyria__P0722__b0.png,Impacted,P0722,1,Impacted,0.1492,0.1704,0.6792,0.0013
Impacted/lyria__P0722__b1.png,Impacted,P0722,1,Impacted,0.0186,0.2010,0.7732,0.0072
Impacted/lyria__P0722__b2.png,Impacted,P0722,1,Impacted,0.0001,0.0017,0.9981,0.0002
Healthy/lyria__P0722__b0.png,Healthy,P0722,1,Healthy,0.0008,0.9991,0.0001,0.0000
Healthy/lyria__P0722__b8.png,Healthy,P0722,1,Impacted,0.0485,0.2134,0.7329,0.0051
Healthy/lyria__P0015__b0.png,Healthy,P0015,1,Healthy,0.0008,0.9884,0.0108,0.0000
Healthy/lyria__P0052__b10.png,Healthy,P0052,1,Healthy,0.2985,0.7014,0.0001,0.0000
Healthy/lyria__P0052__b5.png,Healthy,P0052,1,Healthy,0.0051,0.9894,0.0008,0.0046
Endodontics/lyria__P0435__b0.png,Endodontics,P0435,1,Endodontics,1.0000,0.0000,0.0000,0.0000
Endodontics/lyria__P0435__b1.png,Endodontics,P0435,1,Endodontics,0.9999,0.0000,0.0000,0.0000
Endodontics/lyria__P0435__b2.png,Endodontics,P0435,1,Endodontics,0.9999,0.0000,0.0000,0.0001
Implant/lyria__P0435__b0.png,Implant,P0435,1,Implant,0.0000,0.0000,0.0000,0.9999
Implant/lyria__P0435__b1.png,Implant,P0435,1,Implant,0.0000,0.0000,0.0000,1.0000
Endodontics/lyria__P0435__b3.png,Endodontics,P0435,1,Endodontics,0.9963,0.0000,0.0004,0.0032
Implant/lyria__P0435__b2.png,Implant,P0435,1,Implant,0.0003,0.0000,0.0000,0.9996
Implant/lyria__P0435__b3.png,Implant,P0435,1,Implant,0.0000,0.0000,0.0000,1.0000
Implant/lyria__P0435__b4.png,Implant,P0435,1,Implant,0.0000,0.0000,0.0000,1.0000
Implant/lyria__P0435__b5.png,Implant,P0435,1,Implant,0.0002,0.0000,0.0000,0.9998
Endodontics/lyria__P0435__b4.png,Endodontics,P0435,1,Endodontics,0.9569,0.0000,0.0000,0.0430
Endodontics/lyria__P0435__b5.png,Endodontics,P0435,1,Endodontics,0.9870,0.0090,0.0040,0.0000
Endodontics/lyria__P0435__b6.png,Endodontics,P0435,1,Endodontics,0.9995,0.0000,0.0000,0.0004
Endodontics/lyria__P0435__b7.png,Endodontics,P0435,1,Endodontics,0.9999,0.0000,0.0000,0.0000
Endodontics/lyria__P0435__b8.png,Endodontics,P0435,1,Endodontics,0.9999,0.0000,0.0000,0.0000
Healthy/lyria__P0435__b1.png,Healthy,P0435,1,Healthy,0.0025,0.9975,0.0001,0.0000
Healthy/lyria__P0435__b0.png,Healthy,P0435,1,Endodontics,0.7974,0.2026,0.0000,0.0000
Healthy/lyria__P0526__b8.png,Healthy,P0526,1,Healthy,0.0157,0.9843,0.0000,0.0000
Endodontics/lyria__P0161__b0.png,Endodontics,P0161,1,Endodontics,0.8749,0.1164,0.0085,0.0002
Endodontics/lyria__P0161__b1.png,Endodontics,P0161,1,Endodontics,1.0000,0.0000,0.0000,0.0000
Endodontics/lyria__P0161__b2.png,Endodontics,P0161,1,Endodontics,0.9988,0.0000,0.0012,0.0000
Endodontics/lyria__P0161__b3.png,Endodontics,P0161,1,Endodontics,0.9985,0.0012,0.0000,0.0002
Endodontics/lyria__P0161__b4.png,Endodontics,P0161,1,Endodontics,1.0000,0.0000,0.0000,0.0000
Healthy/lyria__P0161__b3.png,Healthy,P0161,1,Healthy,0.0000,1.0000,0.0000,0.0000
Healthy/lyria__P0161__b0.png,Healthy,P0161,1,Healthy,0.0005,0.9985,0.0006,0.0005
Healthy/lyria__P0128__b12.png,Healthy,P0128,1,Healthy,0.0061,0.9673,0.0264,0.0002
Healthy/lyria__P0128__b7.png,Healthy,P0128,1,Healthy,0.0015,0.9975,0.0009,0.0001
Endodontics/lyria__P0272__b0.png,Endodontics,P0272,1,Impacted,0.0022,0.0081,0.9892,0.0005
Endodontics/lyria__P0272__b1.png,Endodontics,P0272,1,Endodontics,0.9992,0.0000,0.0001,0.0008
Healthy/lyria__P0272__b4.png,Healthy,P0272,1,Healthy,0.0003,0.9976,0.0021,0.0000
Healthy/lyria__P0272__b8.png,Healthy,P0272,1,Healthy,0.0010,0.9943,0.0047,0.0000
Impacted/lyria__P0060__b0.png,Impacted,P0060,1,Impacted,0.0011,0.0126,0.9861,0.0002
Impacted/lyria__P0060__b1.png,Impacted,P0060,1,Impacted,0.0002,0.3199,0.6799,0.0001
Impacted/lyria__P0060__b2.png,Impacted,P0060,1,Impacted,0.0008,0.0001,0.9991,0.0000
Impacted/lyria__P0060__b3.png,Impacted,P0060,1,Impacted,0.0005,0.0190,0.9802,0.0003
Impacted/lyria__P0060__b4.png,Impacted,P0060,1,Impacted,0.0001,0.0000,0.9996,0.0002
Healthy/lyria__P0060__b21.png,Healthy,P0060,1,Healthy,0.0004,0.9983,0.0013,0.0000
Healthy/lyria__P0060__b19.png,Healthy,P0060,1,Healthy,0.0000,1.0000,0.0000,0.0000
Endodontics/lyria__P0611__b0.png,Endodontics,P0611,1,Endodontics,0.9996,0.0004,0.0000,0.0000
Healthy/lyria__P0611__b9.png,Healthy,P0611,1,Healthy,0.0000,1.0000,0.0000,0.0000
Healthy/lyria__P0611__b15.png,Healthy,P0611,1,Healthy,0.0001,0.9946,0.0052,0.0000
Healthy/lyria__P0387__b1.png,Healthy,P0387,1,Healthy,0.0033,0.9420,0.0537,0.0010
Healthy/lyria__P0387__b9.png,Healthy,P0387,1,Healthy,0.0002,0.9989,0.0009,0.0000
Healthy/lyria__P0093__b7.png,Healthy,P0093,1,Healthy,0.0421,0.6303,0.3226,0.0051
Healthy/lyria__P0093__b3.png,Healthy,P0093,1,Healthy,0.0032,0.9850,0.0117,0.0002
Healthy/lyria__P0118__b5.png,Healthy,P0118,1,Healthy,0.0009,0.9989,0.0002,0.0000
Endodontics/lyria__P0778__b0.png,Endodontics,P0778,1,Endodontics,0.9648,0.0000,0.0000,0.0352
Endodontics/lyria__P0778__b1.png,Endodontics,P0778,1,Endodontics,1.0000,0.0000,0.0000,0.0000
Endodontics/lyria__P0778__b2.png,Endodontics,P0778,1,Endodontics,0.9999,0.0000,0.0000,0.0001
Endodontics/lyria__P0778__b3.png,Endodontics,P0778,1,Endodontics,0.9957,0.0000,0.0000,0.0043
Endodontics/lyria__P0778__b4.png,Endodontics,P0778,1,Endodontics,0.9939,0.0001,0.0000,0.0060
Implant/dentex__141.png,Implant,dentex_141,1,Implant,0.0002,0.0000,0.0000,0.9998
Healthy/lyria__P0088__b7.png,Healthy,P0088,1,Healthy,0.0433,0.7991,0.0313,0.1262
Healthy/lyria__P0088__b1.png,Healthy,P0088,1,Healthy,0.0860,0.9107,0.0020,0.0013
Endodontics/lyria__P0215__b0.png,Endodontics,P0215,1,Endodontics,0.9969,0.0001,0.0002,0.0028
Healthy/lyria__P0215__b7.png,Healthy,P0215,1,Healthy,0.0000,0.9999,0.0001,0.0000
Healthy/lyria__P0215__b3.png,Healthy,P0215,1,Healthy,0.0871,0.9122,0.0007,0.0000
Endodontics/lyria__P0704__b0.png,Endodontics,P0704,1,Endodontics,0.9987,0.0003,0.0004,0.0007
Impacted/lyria__P0704__b0.png,Impacted,P0704,1,Impacted,0.0000,0.0007,0.9992,0.0001
Healthy/lyria__P0704__b13.png,Healthy,P0704,1,Healthy,0.0002,0.9998,0.0000,0.0000
Healthy/lyria__P0704__b9.png,Healthy,P0704,1,Healthy,0.0003,0.9989,0.0007,0.0002
Endodontics/lyria__P0279__b0.png,Endodontics,P0279,1,Endodontics,0.7151,0.0455,0.2302,0.0092
Healthy/lyria__P0279__b8.png,Healthy,P0279,1,Healthy,0.0004,0.9993,0.0003,0.0000
Healthy/lyria__P0279__b11.png,Healthy,P0279,1,Healthy,0.0000,1.0000,0.0000,0.0000
Endodontics/lyria__P0783__b0.png,Endodontics,P0783,1,Endodontics,1.0000,0.0000,0.0000,0.0000
Endodontics/lyria__P0783__b1.png,Endodontics,P0783,1,Endodontics,0.9983,0.0000,0.0005,0.0011
Endodontics/lyria__P0783__b2.png,Endodontics,P0783,1,Endodontics,0.9991,0.0002,0.0001,0.0006
Endodontics/lyria__P0783__b3.png,Endodontics,P0783,1,Impacted,0.2504,0.0083,0.7398,0.0014
Healthy/lyria__P0783__b2.png,Healthy,P0783,1,Healthy,0.0000,0.9999,0.0001,0.0000
Healthy/lyria__P0783__b3.png,Healthy,P0783,1,Healthy,0.0000,1.0000,0.0000,0.0000
Healthy/lyria__P0424__b2.png,Healthy,P0424,1,Healthy,0.0021,0.9963,0.0014,0.0002
Healthy/lyria__P0424__b7.png,Healthy,P0424,1,Healthy,0.0029,0.9760,0.0210,0.0000
Healthy/lyria__P0618__b0.png,Healthy,P0618,1,Healthy,0.0000,0.9990,0.0008,0.0001
Healthy/lyria__P0618__b1.png,Healthy,P0618,1,Healthy,0.0000,1.0000,0.0000,0.0000
Impacted/lyria__P0496__b0.png,Impacted,P0496,1,Impacted,0.0000,0.0000,1.0000,0.0000
Impacted/lyria__P0496__b1.png,Impacted,P0496,1,Impacted,0.0016,0.0012,0.9972,0.0000
Healthy/lyria__P0496__b20.png,Healthy,P0496,1,Healthy,0.0010,0.9990,0.0000,0.0000
Healthy/lyria__P0496__b26.png,Healthy,P0496,1,Healthy,0.0000,0.9998,0.0002,0.0000
Healthy/lyria__P0617__b3.png,Healthy,P0617,1,Healthy,0.0000,1.0000,0.0000,0.0000
Healthy/lyria__P0490__b15.png,Healthy,P0490,1,Healthy,0.0025,0.9783,0.0192,0.0000
Healthy/lyria__P0490__b0.png,Healthy,P0490,1,Healthy,0.0022,0.9446,0.0531,0.0001
Healthy/lyria__P0388__b16.png,Healthy,P0388,1,Healthy,0.0000,1.0000,0.0000,0.0000
Healthy/lyria__P0388__b7.png,Healthy,P0388,1,Healthy,0.0009,0.9989,0.0002,0.0000
Endodontics/lyria__P0743__b0.png,Endodontics,P0743,1,Endodontics,1.0000,0.0000,0.0000,0.0000
Endodontics/lyria__P0743__b1.png,Endodontics,P0743,1,Endodontics,0.9995,0.0000,0.0000,0.0005
Endodontics/lyria__P0743__b2.png,Endodontics,P0743,1,Endodontics,1.0000,0.0000,0.0000,0.0000
Endodontics/lyria__P0743__b3.png,Endodontics,P0743,1,Endodontics,0.9999,0.0000,0.0001,0.0001
Endodontics/lyria__P0743__b4.png,Endodontics,P0743,1,Endodontics,0.9985,0.0000,0.0000,0.0015
Endodontics/lyria__P0743__b5.png,Endodontics,P0743,1,Endodontics,0.9989,0.0000,0.0000,0.0011
Endodontics/lyria__P0743__b6.png,Endodontics,P0743,1,Endodontics,1.0000,0.0000,0.0000,0.0000
Endodontics/lyria__P0743__b7.png,Endodontics,P0743,1,Endodontics,1.0000,0.0000,0.0000,0.0000
Endodontics/lyria__P0743__b8.png,Endodontics,P0743,1,Endodontics,0.7010,0.2916,0.0024,0.0050
Endodontics/lyria__P0743__b9.png,Endodontics,P0743,1,Endodontics,0.9913,0.0008,0.0057,0.0021
Endodontics/lyria__P0743__b10.png,Endodontics,P0743,1,Endodontics,0.9691,0.0084,0.0052,0.0173
Healthy/lyria__P0743__b0.png,Healthy,P0743,1,Healthy,0.0003,0.9995,0.0002,0.0000
Healthy/lyria__P0743__b1.png,Healthy,P0743,1,Healthy,0.0012,0.9967,0.0012,0.0010
Endodontics/lyria__P0407__b0.png,Endodontics,P0407,1,Endodontics,1.0000,0.0000,0.0000,0.0000
Endodontics/lyria__P0407__b1.png,Endodontics,P0407,1,Endodontics,0.9991,0.0000,0.0000,0.0009
Endodontics/lyria__P0407__b2.png,Endodontics,P0407,1,Endodontics,0.9993,0.0000,0.0000,0.0007
Healthy/lyria__P0407__b6.png,Healthy,P0407,1,Healthy,0.0000,0.9999,0.0000,0.0000
Endodontics/lyria__P0254__b0.png,Endodontics,P0254,1,Endodontics,0.7220,0.0008,0.2768,0.0003
Healthy/lyria__P0254__b11.png,Healthy,P0254,1,Healthy,0.0002,0.9991,0.0007,0.0000
Healthy/lyria__P0254__b1.png,Healthy,P0254,1,Healthy,0.0002,0.9959,0.0039,0.0000
Healthy/lyria__P0143__b0.png,Healthy,P0143,1,Healthy,0.2642,0.3619,0.3430,0.0310
Healthy/lyria__P0143__b1.png,Healthy,P0143,1,Healthy,0.0102,0.9440,0.0455,0.0004
Endodontics/lyria__P0121__b0.png,Endodontics,P0121,1,Endodontics,0.7309,0.2641,0.0002,0.0048
Endodontics/lyria__P0121__b1.png,Endodontics,P0121,1,Endodontics,0.7625,0.0492,0.0001,0.1882
Endodontics/lyria__P0121__b2.png,Endodontics,P0121,1,Endodontics,0.9545,0.0029,0.0000,0.0425
Endodontics/lyria__P0121__b3.png,Endodontics,P0121,1,Endodontics,0.8503,0.1427,0.0044,0.0025
Endodontics/lyria__P0121__b4.png,Endodontics,P0121,1,Endodontics,0.8902,0.0640,0.0422,0.0036
Healthy/lyria__P0121__b2.png,Healthy,P0121,1,Healthy,0.0031,0.9957,0.0007,0.0005
Healthy/lyria__P0121__b7.png,Healthy,P0121,1,Healthy,0.0003,0.9996,0.0000,0.0000
Endodontics/lyria__P0803__b0.png,Endodontics,P0803,1,Endodontics,0.9999,0.0000,0.0000,0.0000
Endodontics/lyria__P0803__b1.png,Endodontics,P0803,1,Endodontics,1.0000,0.0000,0.0000,0.0000
Endodontics/lyria__P0803__b2.png,Endodontics,P0803,1,Endodontics,0.9776,0.0003,0.0004,0.0217
Endodontics/lyria__P0803__b3.png,Endodontics,P0803,1,Endodontics,0.9972,0.0011,0.0003,0.0014
Endodontics/lyria__P0803__b4.png,Endodontics,P0803,1,Endodontics,0.5700,0.4203,0.0011,0.0087
Healthy/lyria__P0803__b1.png,Healthy,P0803,1,Healthy,0.0001,0.9998,0.0000,0.0000
Endodontics/lyria__P0256__b0.png,Endodontics,P0256,1,Endodontics,1.0000,0.0000,0.0000,0.0000
Endodontics/lyria__P0256__b1.png,Endodontics,P0256,1,Endodontics,0.9825,0.0173,0.0001,0.0000
Healthy/lyria__P0256__b1.png,Healthy,P0256,1,Healthy,0.0000,1.0000,0.0000,0.0000
Healthy/lyria__P0256__b4.png,Healthy,P0256,1,Healthy,0.0001,0.9998,0.0000,0.0000
Endodontics/lyria__P0274__b0.png,Endodontics,P0274,1,Endodontics,0.9981,0.0017,0.0001,0.0002
Endodontics/lyria__P0274__b1.png,Endodontics,P0274,1,Endodontics,1.0000,0.0000,0.0000,0.0000
Healthy/lyria__P0274__b5.png,Healthy,P0274,1,Healthy,0.0000,0.9999,0.0001,0.0000
Healthy/lyria__P0274__b3.png,Healthy,P0274,1,Healthy,0.0001,0.9999,0.0000,0.0000
Endodontics/lyria__P0620__b0.png,Endodontics,P0620,1,Endodontics,0.9996,0.0000,0.0000,0.0004
Healthy/lyria__P0620__b3.png,Healthy,P0620,1,Healthy,0.0121,0.9879,0.0000,0.0000
Endodontics/lyria__P0536__b0.png,Endodontics,P0536,1,Endodontics,0.7634,0.2365,0.0000,0.0001
Endodontics/lyria__P0536__b1.png,Endodontics,P0536,1,Implant,0.3176,0.0007,0.0014,0.6803
Healthy/lyria__P0536__b1.png,Healthy,P0536,1,Healthy,0.0000,1.0000,0.0000,0.0000
Healthy/lyria__P0536__b2.png,Healthy,P0536,1,Healthy,0.0189,0.9782,0.0026,0.0003
Endodontics/lyria__P0309__b0.png,Endodontics,P0309,1,Endodontics,0.9347,0.0565,0.0084,0.0003
Endodontics/lyria__P0309__b1.png,Endodontics,P0309,1,Endodontics,0.9983,0.0001,0.0007,0.0009
Healthy/lyria__P0309__b8.png,Healthy,P0309,1,Healthy,0.0000,1.0000,0.0000,0.0000
Healthy/lyria__P0309__b6.png,Healthy,P0309,1,Healthy,0.0006,0.9991,0.0003,0.0000
Endodontics/lyria__P0712__b0.png,Endodontics,P0712,1,Endodontics,1.0000,0.0000,0.0000,0.0000
Endodontics/lyria__P0712__b1.png,Endodontics,P0712,1,Endodontics,0.9550,0.0010,0.0006,0.0434
Healthy/lyria__P0712__b1.png,Healthy,P0712,1,Healthy,0.0000,0.9997,0.0003,0.0000
Healthy/lyria__P0712__b2.png,Healthy,P0712,1,Healthy,0.0000,0.9999,0.0000,0.0000
Endodontics/lyria__P0440__b0.png,Endodontics,P0440,1,Endodontics,0.9978,0.0001,0.0001,0.0021
Endodontics/lyria__P0440__b1.png,Endodontics,P0440,1,Endodontics,0.9999,0.0000,0.0000,0.0001
Endodontics/lyria__P0440__b2.png,Endodontics,P0440,1,Endodontics,1.0000,0.0000,0.0000,0.0000
Endodontics/lyria__P0440__b3.png,Endodontics,P0440,1,Endodontics,0.9994,0.0000,0.0000,0.0006
Healthy/lyria__P0440__b1.png,Healthy,P0440,1,Healthy,0.0001,0.9988,0.0011,0.0000
Healthy/lyria__P0440__b4.png,Healthy,P0440,1,Healthy,0.0000,1.0000,0.0000,0.0000
Endodontics/lyria__P0362__b0.png,Endodontics,P0362,1,Endodontics,0.9982,0.0000,0.0000,0.0018
Endodontics/lyria__P0362__b1.png,Endodontics,P0362,1,Endodontics,0.9993,0.0001,0.0000,0.0006
Endodontics/lyria__P0362__b2.png,Endodontics,P0362,1,Endodontics,0.9996,0.0000,0.0000,0.0004
Healthy/lyria__P0362__b2.png,Healthy,P0362,1,Healthy,0.0011,0.9981,0.0008,0.0000
Healthy/lyria__P0362__b1.png,Healthy,P0362,1,Healthy,0.0003,0.9979,0.0018,0.0000
Endodontics/lyria__P0278__b0.png,Endodontics,P0278,1,Endodontics,1.0000,0.0000,0.0000,0.0000
Healthy/lyria__P0278__b16.png,Healthy,P0278,1,Healthy,0.0005,0.9989,0.0005,0.0001
Healthy/lyria__P0278__b6.png,Healthy,P0278,1,Impacted,0.0008,0.3236,0.6755,0.0001
Healthy/lyria__P0480__b16.png,Healthy,P0480,1,Healthy,0.0000,0.9999,0.0001,0.0000
Healthy/lyria__P0480__b21.png,Healthy,P0480,1,Healthy,0.0017,0.9950,0.0033,0.0000
Endodontics/lyria__P0731__b0.png,Endodontics,P0731,1,Endodontics,0.9970,0.0006,0.0001,0.0023
Impacted/lyria__P0731__b0.png,Impacted,P0731,1,Impacted,0.0038,0.1212,0.8308,0.0442
Healthy/lyria__P0731__b18.png,Healthy,P0731,1,Healthy,0.0009,0.9990,0.0001,0.0001
Healthy/lyria__P0731__b10.png,Healthy,P0731,1,Healthy,0.0125,0.9838,0.0005,0.0032
Endodontics/lyria__P0211__b0.png,Endodontics,P0211,1,Endodontics,0.9971,0.0002,0.0027,0.0000
Healthy/lyria__P0211__b6.png,Healthy,P0211,1,Healthy,0.0000,0.9997,0.0003,0.0000
Healthy/lyria__P0211__b1.png,Healthy,P0211,1,Healthy,0.0000,0.9999,0.0001,0.0000
Healthy/lyria__P0120__b14.png,Healthy,P0120,1,Healthy,0.0003,0.9993,0.0001,0.0003
Healthy/lyria__P0120__b17.png,Healthy,P0120,1,Healthy,0.0102,0.9774,0.0095,0.0030
Healthy/lyria__P0528__b12.png,Healthy,P0528,1,Healthy,0.0002,0.9993,0.0005,0.0000
Healthy/lyria__P0528__b16.png,Healthy,P0528,1,Healthy,0.0026,0.9968,0.0006,0.0000
Healthy/lyria__P0283__b5.png,Healthy,P0283,1,Healthy,0.0001,0.9995,0.0003,0.0000
Healthy/lyria__P0283__b1.png,Healthy,P0283,1,Healthy,0.0079,0.9876,0.0045,0.0000
Healthy/lyria__P0397__b24.png,Healthy,P0397,1,Healthy,0.0078,0.9808,0.0106,0.0008
Healthy/lyria__P0397__b23.png,Healthy,P0397,1,Healthy,0.0122,0.9867,0.0004,0.0007
Healthy/lyria__P0103__b8.png,Healthy,P0103,1,Healthy,0.0030,0.9966,0.0002,0.0002
Endodontics/lyria__P0084__b0.png,Endodontics,P0084,1,Endodontics,0.9997,0.0000,0.0000,0.0003
Endodontics/lyria__P0084__b1.png,Endodontics,P0084,1,Endodontics,1.0000,0.0000,0.0000,0.0000
Healthy/lyria__P0084__b0.png,Healthy,P0084,1,Healthy,0.0023,0.9975,0.0001,0.0000
Healthy/lyria__P0084__b2.png,Healthy,P0084,1,Impacted,0.0004,0.3615,0.6372,0.0009
Implant/dentex__118.png,Implant,dentex_118,1,Implant,0.0000,0.0000,0.0000,1.0000
Impacted/lyria__P0280__b0.png,Impacted,P0280,1,Impacted,0.0002,0.0010,0.9985,0.0002
Endodontics/lyria__P0280__b0.png,Endodontics,P0280,1,Endodontics,1.0000,0.0000,0.0000,0.0000
Endodontics/lyria__P0280__b1.png,Endodontics,P0280,1,Endodontics,1.0000,0.0000,0.0000,0.0000
Endodontics/lyria__P0280__b2.png,Endodontics,P0280,1,Endodontics,0.9981,0.0000,0.0000,0.0018
Healthy/lyria__P0280__b9.png,Healthy,P0280,1,Healthy,0.0000,1.0000,0.0000,0.0000
Healthy/lyria__P0280__b1.png,Healthy,P0280,1,Healthy,0.0049,0.9931,0.0020,0.0000
Endodontics/lyria__P0403__b0.png,Endodontics,P0403,1,Endodontics,0.9993,0.0001,0.0006,0.0000
Healthy/lyria__P0403__b8.png,Healthy,P0403,1,Healthy,0.0045,0.9894,0.0061,0.0000
Healthy/lyria__P0009__b2.png,Healthy,P0009,1,Healthy,0.0005,0.9995,0.0000,0.0000
Healthy/lyria__P0009__b5.png,Healthy,P0009,1,Healthy,0.0025,0.9971,0.0004,0.0000
Healthy/lyria__P0399__b2.png,Healthy,P0399,1,Healthy,0.2509,0.7204,0.0249,0.0038
Healthy/lyria__P0399__b0.png,Healthy,P0399,1,Healthy,0.0011,0.9591,0.0398,0.0000
Impacted/lyria__P0040__b0.png,Impacted,P0040,1,Impacted,0.0012,0.4019,0.5967,0.0002
Impacted/lyria__P0040__b1.png,Impacted,P0040,1,Impacted,0.0011,0.3578,0.6411,0.0000
Impacted/lyria__P0040__b2.png,Impacted,P0040,1,Impacted,0.0001,0.0068,0.9931,0.0001
Healthy/lyria__P0040__b4.png,Healthy,P0040,1,Healthy,0.0097,0.9875,0.0028,0.0001
Healthy/lyria__P0040__b12.png,Healthy,P0040,1,Healthy,0.0005,0.9985,0.0010,0.0000
Impacted/lyria__P0038__b0.png,Impacted,P0038,1,Impacted,0.0001,0.0000,0.9999,0.0000
Impacted/lyria__P0038__b1.png,Impacted,P0038,1,Impacted,0.0001,0.0004,0.9994,0.0001
Healthy/lyria__P0038__b19.png,Healthy,P0038,1,Healthy,0.0000,0.9999,0.0000,0.0000
Healthy/lyria__P0038__b9.png,Healthy,P0038,1,Healthy,0.0034,0.9771,0.0182,0.0014
Endodontics/lyria__P0395__b0.png,Endodontics,P0395,1,Endodontics,0.9999,0.0000,0.0000,0.0000
Healthy/lyria__P0395__b10.png,Healthy,P0395,1,Healthy,0.0037,0.9962,0.0000,0.0000
Healthy/lyria__P0165__b1.png,Healthy,P0165,1,Healthy,0.1829,0.7646,0.0514,0.0010
Healthy/lyria__P0165__b0.png,Healthy,P0165,1,Healthy,0.0005,0.9994,0.0001,0.0000
Endodontics/lyria__P0537__b0.png,Endodontics,P0537,1,Endodontics,0.4707,0.2216,0.0076,0.3001
Healthy/lyria__P0537__b17.png,Healthy,P0537,1,Healthy,0.0253,0.9734,0.0014,0.0000
Healthy/lyria__P0537__b11.png,Healthy,P0537,1,Healthy,0.0008,0.9986,0.0006,0.0000
Endodontics/lyria__P0259__b0.png,Endodontics,P0259,1,Endodontics,0.9977,0.0004,0.0000,0.0020
Healthy/lyria__P0259__b0.png,Healthy,P0259,1,Healthy,0.0000,1.0000,0.0000,0.0000
Healthy/lyria__P0259__b2.png,Healthy,P0259,1,Healthy,0.0000,1.0000,0.0000,0.0000
Endodontics/lyria__P0683__b0.png,Endodontics,P0683,1,Endodontics,0.9992,0.0000,0.0007,0.0001
Healthy/lyria__P0683__b7.png,Healthy,P0683,1,Healthy,0.0001,0.9997,0.0002,0.0000
Endodontics/lyria__P0208__b0.png,Endodontics,P0208,1,Endodontics,0.9993,0.0000,0.0001,0.0006
Endodontics/lyria__P0208__b1.png,Endodontics,P0208,1,Endodontics,1.0000,0.0000,0.0000,0.0000
Endodontics/lyria__P0208__b2.png,Endodontics,P0208,1,Endodontics,0.9969,0.0029,0.0002,0.0001
Endodontics/lyria__P0208__b3.png,Endodontics,P0208,1,Impacted,0.4312,0.0388,0.5251,0.0049
Healthy/lyria__P0208__b3.png,Healthy,P0208,1,Healthy,0.0003,0.9987,0.0010,0.0000
Endodontics/lyria__P0417__b0.png,Endodontics,P0417,1,Endodontics,0.9998,0.0000,0.0001,0.0001
Endodontics/lyria__P0417__b1.png,Endodontics,P0417,1,Healthy,0.4499,0.5214,0.0282,0.0005
Healthy/lyria__P0417__b19.png,Healthy,P0417,1,Healthy,0.0000,0.9999,0.0000,0.0000
Endodontics/lyria__P0580__b0.png,Endodontics,P0580,1,Endodontics,0.9990,0.0008,0.0000,0.0002
Endodontics/lyria__P0580__b1.png,Endodontics,P0580,1,Healthy,0.0889,0.7833,0.1275,0.0003
Endodontics/lyria__P0580__b2.png,Endodontics,P0580,1,Endodontics,0.8577,0.0858,0.0544,0.0021
Healthy/lyria__P0580__b1.png,Healthy,P0580,1,Healthy,0.0000,0.9998,0.0001,0.0001
Healthy/lyria__P0580__b0.png,Healthy,P0580,1,Healthy,0.0131,0.9857,0.0011,0.0000
Endodontics/lyria__P0414__b0.png,Endodontics,P0414,1,Endodontics,0.9051,0.0003,0.0083,0.0863
Healthy/lyria__P0414__b0.png,Healthy,P0414,1,Healthy,0.0254,0.9717,0.0025,0.0003
Healthy/lyria__P0414__b1.png,Healthy,P0414,1,Healthy,0.0060,0.9888,0.0051,0.0000
Endodontics/lyria__P0627__b0.png,Endodontics,P0627,1,Endodontics,0.8998,0.0029,0.0003,0.0969
Endodontics/lyria__P0627__b1.png,Endodontics,P0627,1,Endodontics,0.6380,0.1804,0.1468,0.0348
Healthy/lyria__P0627__b0.png,Healthy,P0627,1,Healthy,0.0000,1.0000,0.0000,0.0000
Healthy/lyria__P0627__b1.png,Healthy,P0627,1,Healthy,0.0771,0.9064,0.0003,0.0162
Healthy/lyria__P0364__b9.png,Healthy,P0364,1,Healthy,0.0283,0.9708,0.0009,0.0000
Healthy/lyria__P0364__b11.png,Healthy,P0364,1,Healthy,0.0003,0.9992,0.0005,0.0000
Healthy/lyria__P0404__b0.png,Healthy,P0404,1,Healthy,0.0008,0.9992,0.0000,0.0000
Healthy/lyria__P0404__b8.png,Healthy,P0404,1,Healthy,0.0761,0.9233,0.0005,0.0001
Endodontics/lyria__P0773__b0.png,Endodontics,P0773,1,Endodontics,0.8436,0.0002,0.0012,0.1549
Endodontics/lyria__P0773__b1.png,Endodontics,P0773,1,Endodontics,0.9999,0.0000,0.0000,0.0000
Endodontics/lyria__P0773__b2.png,Endodontics,P0773,1,Endodontics,0.9983,0.0012,0.0005,0.0000
Endodontics/lyria__P0773__b3.png,Endodontics,P0773,1,Endodontics,0.9562,0.0006,0.0089,0.0342
Endodontics/lyria__P0773__b4.png,Endodontics,P0773,1,Endodontics,0.9986,0.0001,0.0006,0.0006
Endodontics/lyria__P0773__b5.png,Endodontics,P0773,1,Endodontics,0.9994,0.0000,0.0000,0.0005
Endodontics/lyria__P0773__b6.png,Endodontics,P0773,1,Endodontics,0.9984,0.0000,0.0015,0.0001
Healthy/lyria__P0773__b2.png,Healthy,P0773,1,Healthy,0.0005,0.9995,0.0000,0.0000
Healthy/lyria__P0773__b3.png,Healthy,P0773,1,Healthy,0.0001,0.9996,0.0001,0.0002
Endodontics/lyria__P0230__b0.png,Endodontics,P0230,1,Endodontics,1.0000,0.0000,0.0000,0.0000
Endodontics/lyria__P0230__b1.png,Endodontics,P0230,1,Endodontics,0.9855,0.0142,0.0002,0.0001
Healthy/lyria__P0230__b0.png,Healthy,P0230,1,Healthy,0.0761,0.9132,0.0107,0.0001
Healthy/lyria__P0230__b3.png,Healthy,P0230,1,Healthy,0.0000,1.0000,0.0000,0.0000
Endodontics/lyria__P0425__b0.png,Endodontics,P0425,1,Endodontics,0.9930,0.0051,0.0017,0.0001
Healthy/lyria__P0425__b10.png,Healthy,P0425,1,Healthy,0.0008,0.9987,0.0005,0.0000
Healthy/lyria__P0425__b22.png,Healthy,P0425,1,Healthy,0.0012,0.9881,0.0106,0.0000
Healthy/lyria__P0356__b11.png,Healthy,P0356,1,Healthy,0.0006,0.9797,0.0196,0.0001
Healthy/lyria__P0356__b2.png,Healthy,P0356,1,Healthy,0.0002,0.9995,0.0003,0.0000
Healthy/lyria__P0396__b23.png,Healthy,P0396,1,Healthy,0.0001,0.9999,0.0000,0.0000
Healthy/lyria__P0396__b15.png,Healthy,P0396,1,Healthy,0.0241,0.5201,0.4351,0.0207
Endodontics/lyria__P0382__b0.png,Endodontics,P0382,1,Endodontics,1.0000,0.0000,0.0000,0.0000
Healthy/lyria__P0382__b0.png,Healthy,P0382,1,Healthy,0.0134,0.9738,0.0057,0.0071
Healthy/lyria__P0382__b9.png,Healthy,P0382,1,Impacted,0.0029,0.2400,0.7569,0.0001
Healthy/lyria__P0059__b4.png,Healthy,P0059,1,Healthy,0.0002,0.9995,0.0004,0.0000
Endodontics/lyria__P0748__b0.png,Endodontics,P0748,1,Endodontics,0.9949,0.0002,0.0001,0.0048
Healthy/lyria__P0748__b4.png,Healthy,P0748,1,Healthy,0.0005,0.9994,0.0000,0.0001
Healthy/lyria__P0299__b0.png,Healthy,P0299,1,Healthy,0.0111,0.6349,0.3521,0.0018
Healthy/lyria__P0299__b11.png,Healthy,P0299,1,Healthy,0.0032,0.9968,0.0000,0.0000
Implant/dentex__103.png,Implant,dentex_103,1,Implant,0.0000,0.0000,0.0000,1.0000
Endodontics/lyria__P0637__b0.png,Endodontics,P0637,1,Endodontics,0.9779,0.0005,0.0014,0.0202
Healthy/lyria__P0637__b3.png,Healthy,P0637,1,Healthy,0.0000,0.9999,0.0001,0.0000
Implant/dentex__58.png,Implant,dentex_58,1,Implant,0.0040,0.0001,0.0000,0.9959
Endodontics/lyria__P0223__b0.png,Endodontics,P0223,1,Endodontics,0.9999,0.0000,0.0001,0.0000
Healthy/lyria__P0223__b7.png,Healthy,P0223,1,Healthy,0.1097,0.8902,0.0000,0.0000
Impacted/lyria__P0525__b0.png,Impacted,P0525,1,Impacted,0.0000,0.0060,0.9934,0.0005
Impacted/lyria__P0525__b1.png,Impacted,P0525,1,Impacted,0.0022,0.3255,0.6721,0.0002
Impacted/lyria__P0525__b2.png,Impacted,P0525,1,Impacted,0.0017,0.2223,0.7759,0.0001
Impacted/lyria__P0525__b3.png,Impacted,P0525,1,Impacted,0.0000,0.1641,0.8358,0.0000
Healthy/lyria__P0525__b1.png,Healthy,P0525,1,Healthy,0.0001,0.9943,0.0056,0.0000
Implant/dentex__162.png,Implant,dentex_162,1,Implant,0.0000,0.0000,0.0000,1.0000
Impacted/lyria__P0711__b0.png,Impacted,P0711,1,Impacted,0.0000,0.0002,0.9997,0.0001
Endodontics/lyria__P0711__b0.png,Endodontics,P0711,1,Endodontics,0.9999,0.0000,0.0000,0.0001
Healthy/lyria__P0711__b8.png,Healthy,P0711,1,Healthy,0.0018,0.9982,0.0000,0.0000
Healthy/lyria__P0711__b6.png,Healthy,P0711,1,Healthy,0.0002,0.9994,0.0004,0.0000
Endodontics/lyria__P0687__b0.png,Endodontics,P0687,1,Endodontics,0.9951,0.0002,0.0002,0.0045
Endodontics/lyria__P0687__b1.png,Endodontics,P0687,1,Endodontics,0.5338,0.3210,0.0003,0.1449
Healthy/lyria__P0687__b12.png,Healthy,P0687,1,Healthy,0.0002,0.9994,0.0002,0.0002
Healthy/lyria__P0687__b4.png,Healthy,P0687,1,Healthy,0.0002,0.9905,0.0003,0.0089
Endodontics/lyria__P0348__b0.png,Endodontics,P0348,1,Endodontics,0.9998,0.0002,0.0000,0.0000
Impacted/lyria__P0348__b0.png,Impacted,P0348,1,Impacted,0.0000,0.0000,1.0000,0.0000
Healthy/lyria__P0348__b0.png,Healthy,P0348,1,Healthy,0.0271,0.9728,0.0000,0.0000
Healthy/lyria__P0348__b2.png,Healthy,P0348,1,Healthy,0.0000,0.9997,0.0002,0.0000
Endodontics/lyria__P0703__b0.png,Endodontics,P0703,1,Endodontics,0.9756,0.0181,0.0004,0.0059
Healthy/lyria__P0703__b0.png,Healthy,P0703,1,Healthy,0.0001,0.9997,0.0002,0.0000
Healthy/lyria__P0703__b1.png,Healthy,P0703,1,Healthy,0.0000,0.9999,0.0000,0.0000
Endodontics/lyria__P0771__b0.png,Endodontics,P0771,1,Endodontics,1.0000,0.0000,0.0000,0.0000
Endodontics/lyria__P0771__b1.png,Endodontics,P0771,1,Endodontics,0.9999,0.0000,0.0000,0.0000
Endodontics/lyria__P0771__b2.png,Endodontics,P0771,1,Endodontics,1.0000,0.0000,0.0000,0.0000
Endodontics/lyria__P0771__b3.png,Endodontics,P0771,1,Endodontics,1.0000,0.0000,0.0000,0.0000
Endodontics/lyria__P0771__b4.png,Endodontics,P0771,1,Endodontics,1.0000,0.0000,0.0000,0.0000
Endodontics/lyria__P0771__b5.png,Endodontics,P0771,1,Endodontics,1.0000,0.0000,0.0000,0.0000
Endodontics/lyria__P0771__b6.png,Endodontics,P0771,1,Endodontics,1.0000,0.0000,0.0000,0.0000
Healthy/lyria__P0771__b1.png,Healthy,P0771,1,Healthy,0.0001,0.9996,0.0003,0.0000
Healthy/lyria__P0771__b5.png,Healthy,P0771,1,Endodontics,0.8830,0.1101,0.0019,0.0049
Impacted/lyria__P0190__b0.png,Impacted,P0190,1,Impacted,0.0000,0.0000,1.0000,0.0000
Healthy/lyria__P0190__b0.png,Healthy,P0190,1,Impacted,0.0058,0.3361,0.6363,0.0218
Endodontics/lyria__P0293__b0.png,Endodontics,P0293,1,Endodontics,0.8952,0.0946,0.0001,0.0101
Healthy/lyria__P0293__b21.png,Healthy,P0293,1,Healthy,0.0002,0.9980,0.0018,0.0000
Endodontics/lyria__P0119__b0.png,Endodontics,P0119,1,Endodontics,1.0000,0.0000,0.0000,0.0000
Endodontics/lyria__P0119__b1.png,Endodontics,P0119,1,Endodontics,0.9996,0.0000,0.0000,0.0003
Healthy/lyria__P0119__b7.png,Healthy,P0119,1,Healthy,0.0000,1.0000,0.0000,0.0000
Healthy/lyria__P0119__b5.png,Healthy,P0119,1,Healthy,0.0001,0.9995,0.0004,0.0000
Endodontics/lyria__P0069__b0.png,Endodontics,P0069,1,Endodontics,0.8091,0.1832,0.0075,0.0002
Endodontics/lyria__P0069__b1.png,Endodontics,P0069,1,Endodontics,0.9996,0.0000,0.0000,0.0004
Healthy/lyria__P0069__b0.png,Healthy,P0069,1,Healthy,0.0000,1.0000,0.0000,0.0000
Endodontics/lyria__P0695__b0.png,Endodontics,P0695,1,Endodontics,1.0000,0.0000,0.0000,0.0000
Endodontics/lyria__P0695__b1.png,Endodontics,P0695,1,Endodontics,1.0000,0.0000,0.0000,0.0000
Endodontics/lyria__P0695__b2.png,Endodontics,P0695,1,Endodontics,0.9974,0.0004,0.0021,0.0002
Endodontics/lyria__P0695__b3.png,Endodontics,P0695,1,Endodontics,1.0000,0.0000,0.0000,0.0000
Healthy/lyria__P0695__b3.png,Healthy,P0695,1,Healthy,0.0000,0.9999,0.0001,0.0000
Healthy/lyria__P0695__b4.png,Healthy,P0695,1,Healthy,0.0000,1.0000,0.0000,0.0000
Endodontics/lyria__P0201__b0.png,Endodontics,P0201,1,Endodontics,1.0000,0.0000,0.0000,0.0000
Healthy/lyria__P0201__b5.png,Healthy,P0201,1,Healthy,0.0066,0.9924,0.0010,0.0000
Healthy/lyria__P0201__b7.png,Healthy,P0201,1,Healthy,0.0028,0.9964,0.0008,0.0000
Endodontics/lyria__P0206__b0.png,Endodontics,P0206,1,Endodontics,1.0000,0.0000,0.0000,0.0000
Endodontics/lyria__P0206__b1.png,Endodontics,P0206,1,Endodontics,0.9977,0.0022,0.0001,0.0000
Healthy/lyria__P0206__b3.png,Healthy,P0206,1,Healthy,0.0609,0.9391,0.0000,0.0000
Healthy/lyria__P0206__b6.png,Healthy,P0206,1,Healthy,0.0000,1.0000,0.0000,0.0000
Endodontics/lyria__P0518__b0.png,Endodontics,P0518,1,Endodontics,0.9613,0.0386,0.0001,0.0001
Endodontics/lyria__P0518__b1.png,Endodontics,P0518,1,Endodontics,0.6889,0.2972,0.0138,0.0000
Healthy/lyria__P0518__b5.png,Healthy,P0518,1,Healthy,0.0000,0.9999,0.0001,0.0000
Healthy/lyria__P0518__b4.png,Healthy,P0518,1,Healthy,0.0000,0.9999,0.0001,0.0000
Endodontics/lyria__P0639__b0.png,Endodontics,P0639,1,Endodontics,0.9995,0.0004,0.0000,0.0001
Endodontics/lyria__P0639__b1.png,Endodontics,P0639,1,Endodontics,0.9823,0.0159,0.0001,0.0017
Endodontics/lyria__P0639__b2.png,Endodontics,P0639,1,Endodontics,0.9885,0.0079,0.0035,0.0001
Healthy/lyria__P0639__b10.png,Healthy,P0639,1,Healthy,0.0000,0.9999,0.0000,0.0000
Healthy/lyria__P0639__b17.png,Healthy,P0639,1,Healthy,0.0190,0.6827,0.2982,0.0001
Healthy/lyria__P0779__b3.png,Healthy,P0779,1,Healthy,0.0001,0.9999,0.0000,0.0000
Endodontics/lyria__P0112__b0.png,Endodontics,P0112,1,Endodontics,1.0000,0.0000,0.0000,0.0000
Endodontics/lyria__P0112__b1.png,Endodontics,P0112,1,Endodontics,1.0000,0.0000,0.0000,0.0000
Healthy/lyria__P0112__b5.png,Healthy,P0112,1,Healthy,0.0004,0.9996,0.0000,0.0000
Healthy/lyria__P0112__b2.png,Healthy,P0112,1,Healthy,0.0533,0.9121,0.0234,0.0111
Healthy/lyria__P0471__b7.png,Healthy,P0471,1,Healthy,0.0000,1.0000,0.0000,0.0000
Endodontics/lyria__P0421__b0.png,Endodontics,P0421,1,Endodontics,1.0000,0.0000,0.0000,0.0000
Healthy/lyria__P0421__b1.png,Healthy,P0421,1,Healthy,0.0034,0.9901,0.0062,0.0002
Endodontics/lyria__P0622__b0.png,Endodontics,P0622,1,Endodontics,0.9996,0.0000,0.0000,0.0004
Endodontics/lyria__P0622__b1.png,Endodontics,P0622,1,Endodontics,0.9064,0.0023,0.0000,0.0912
Endodontics/lyria__P0622__b2.png,Endodontics,P0622,1,Endodontics,0.9518,0.0028,0.0000,0.0453
Healthy/lyria__P0622__b0.png,Healthy,P0622,1,Healthy,0.0001,0.9998,0.0001,0.0000
Healthy/lyria__P0622__b2.png,Healthy,P0622,1,Healthy,0.0000,1.0000,0.0000,0.0000
Implant/dentex__105.png,Implant,dentex_105,1,Implant,0.0001,0.0000,0.0001,0.9999
Endodontics/lyria__P0130__b0.png,Endodontics,P0130,1,Endodontics,1.0000,0.0000,0.0000,0.0000
Endodontics/lyria__P0130__b1.png,Endodontics,P0130,1,Endodontics,0.9999,0.0000,0.0001,0.0000
Healthy/lyria__P0130__b6.png,Healthy,P0130,1,Healthy,0.0486,0.9497,0.0017,0.0000
Healthy/lyria__P0130__b12.png,Healthy,P0130,1,Healthy,0.0628,0.9370,0.0002,0.0000
Healthy/lyria__P0335__b6.png,Healthy,P0335,1,Healthy,0.0311,0.9648,0.0040,0.0002
Healthy/lyria__P0516__b19.png,Healthy,P0516,1,Healthy,0.0004,0.9995,0.0001,0.0000
Healthy/lyria__P0516__b17.png,Healthy,P0516,1,Healthy,0.0015,0.9984,0.0001,0.0000
Healthy/lyria__P0431__b1.png,Healthy,P0431,1,Healthy,0.0015,0.9957,0.0000,0.0028
Healthy/lyria__P0431__b2.png,Healthy,P0431,1,Healthy,0.0001,0.9999,0.0000,0.0000
Endodontics/lyria__P0140__b0.png,Endodontics,P0140,1,Endodontics,1.0000,0.0000,0.0000,0.0000
Endodontics/lyria__P0140__b1.png,Endodontics,P0140,1,Endodontics,1.0000,0.0000,0.0000,0.0000
Endodontics/lyria__P0140__b2.png,Endodontics,P0140,1,Endodontics,1.0000,0.0000,0.0000,0.0000
Healthy/lyria__P0140__b1.png,Healthy,P0140,1,Healthy,0.0434,0.9557,0.0007,0.0001
Healthy/lyria__P0140__b0.png,Healthy,P0140,1,Healthy,0.0038,0.9393,0.0486,0.0083
Healthy/lyria__P0345__b16.png,Healthy,P0345,1,Healthy,0.0013,0.9930,0.0057,0.0000
Healthy/lyria__P0345__b12.png,Healthy,P0345,1,Healthy,0.0000,0.9999,0.0000,0.0000
Healthy/lyria__P0044__b0.png,Healthy,P0044,1,Healthy,0.0073,0.9909,0.0002,0.0017
Implant/dentex__153.png,Implant,dentex_153,1,Implant,0.0001,0.0000,0.0000,0.9999
Healthy/lyria__P0324__b25.png,Healthy,P0324,1,Healthy,0.0009,0.9763,0.0228,0.0000
Healthy/lyria__P0483__b11.png,Healthy,P0483,1,Healthy,0.0005,0.8668,0.1326,0.0001
Healthy/lyria__P0483__b4.png,Healthy,P0483,1,Healthy,0.0004,0.9986,0.0010,0.0000
Healthy/lyria__P0179__b7.png,Healthy,P0179,1,Healthy,0.0001,0.9999,0.0000,0.0000
Healthy/lyria__P0179__b3.png,Healthy,P0179,1,Healthy,0.0000,1.0000,0.0000,0.0000
Endodontics/lyria__P0649__b0.png,Endodontics,P0649,1,Endodontics,1.0000,0.0000,0.0000,0.0000
Endodontics/lyria__P0649__b1.png,Endodontics,P0649,1,Endodontics,0.9957,0.0001,0.0000,0.0042
Healthy/lyria__P0649__b8.png,Healthy,P0649,1,Healthy,0.0000,0.9998,0.0002,0.0000
Healthy/lyria__P0649__b15.png,Healthy,P0649,1,Healthy,0.0199,0.9619,0.0182,0.0001
Impacted/lyria__P0320__b0.png,Impacted,P0320,1,Impacted,0.0001,0.0014,0.9985,0.0000
Healthy/lyria__P0320__b24.png,Healthy,P0320,1,Healthy,0.0362,0.9575,0.0056,0.0007
Endodontics/lyria__P0315__b0.png,Endodontics,P0315,1,Endodontics,1.0000,0.0000,0.0000,0.0000
Endodontics/lyria__P0315__b1.png,Endodontics,P0315,1,Endodontics,0.9955,0.0000,0.0000,0.0045
Endodontics/lyria__P0315__b2.png,Endodontics,P0315,1,Endodontics,1.0000,0.0000,0.0000,0.0000
Endodontics/lyria__P0315__b3.png,Endodontics,P0315,1,Endodontics,1.0000,0.0000,0.0000,0.0000
Endodontics/lyria__P0315__b4.png,Endodontics,P0315,1,Endodontics,1.0000,0.0000,0.0000,0.0000
Endodontics/lyria__P0315__b5.png,Endodontics,P0315,1,Endodontics,0.9997,0.0002,0.0000,0.0002
Healthy/lyria__P0315__b6.png,Healthy,P0315,1,Healthy,0.0000,0.9999,0.0001,0.0000
Endodontics/lyria__P0551__b0.png,Endodontics,P0551,1,Endodontics,0.9936,0.0001,0.0002,0.0061
Endodontics/lyria__P0551__b1.png,Endodontics,P0551,1,Endodontics,0.9976,0.0011,0.0000,0.0013
Endodontics/lyria__P0551__b2.png,Endodontics,P0551,1,Endodontics,1.0000,0.0000,0.0000,0.0000
Endodontics/lyria__P0551__b3.png,Endodontics,P0551,1,Endodontics,1.0000,0.0000,0.0000,0.0000
Healthy/lyria__P0551__b5.png,Healthy,P0551,1,Healthy,0.0001,0.9967,0.0033,0.0000
Healthy/lyria__P0551__b0.png,Healthy,P0551,1,Healthy,0.0000,0.9999,0.0001,0.0000
Endodontics/lyria__P0776__b0.png,Endodontics,P0776,1,Endodontics,1.0000,0.0000,0.0000,0.0000
Endodontics/lyria__P0776__b1.png,Endodontics,P0776,1,Endodontics,1.0000,0.0000,0.0000,0.0000
Endodontics/lyria__P0776__b2.png,Endodontics,P0776,1,Endodontics,0.9994,0.0000,0.0004,0.0002
Endodontics/lyria__P0776__b3.png,Endodontics,P0776,1,Endodontics,0.9998,0.0000,0.0000,0.0001
Healthy/lyria__P0776__b1.png,Healthy,P0776,1,Healthy,0.0000,0.9999,0.0001,0.0000
Healthy/lyria__P0776__b2.png,Healthy,P0776,1,Healthy,0.0000,0.9997,0.0003,0.0000
Endodontics/lyria__P0166__b0.png,Endodontics,P0166,1,Endodontics,0.9847,0.0057,0.0002,0.0094
Endodontics/lyria__P0166__b1.png,Endodontics,P0166,1,Endodontics,1.0000,0.0000,0.0000,0.0000
Healthy/lyria__P0166__b8.png,Healthy,P0166,1,Healthy,0.0002,0.9996,0.0002,0.0000
Healthy/lyria__P0166__b4.png,Healthy,P0166,1,Healthy,0.0000,0.9999,0.0001,0.0000
Endodontics/lyria__P0763__b0.png,Endodontics,P0763,1,Endodontics,0.9994,0.0000,0.0002,0.0003
Endodontics/lyria__P0763__b1.png,Endodontics,P0763,1,Endodontics,0.9763,0.0228,0.0002,0.0007
Endodontics/lyria__P0763__b2.png,Endodontics,P0763,1,Endodontics,0.9951,0.0001,0.0047,0.0001
Healthy/lyria__P0763__b2.png,Healthy,P0763,1,Healthy,0.0003,0.9991,0.0006,0.0000
Healthy/lyria__P0763__b5.png,Healthy,P0763,1,Healthy,0.0001,0.9989,0.0010,0.0000
Endodontics/lyria__P0149__b0.png,Endodontics,P0149,1,Endodontics,0.9992,0.0000,0.0000,0.0008
Endodontics/lyria__P0149__b1.png,Endodontics,P0149,1,Endodontics,1.0000,0.0000,0.0000,0.0000
Endodontics/lyria__P0149__b2.png,Endodontics,P0149,1,Endodontics,1.0000,0.0000,0.0000,0.0000
Healthy/lyria__P0149__b4.png,Healthy,P0149,1,Healthy,0.0000,0.9999,0.0001,0.0000
Healthy/lyria__P0149__b7.png,Healthy,P0149,1,Healthy,0.0013,0.9986,0.0000,0.0000
Healthy/lyria__P0619__b19.png,Healthy,P0619,1,Healthy,0.0001,0.9997,0.0002,0.0000
Healthy/lyria__P0619__b3.png,Healthy,P0619,1,Healthy,0.0274,0.9115,0.0268,0.0343
Healthy/lyria__P0091__b7.png,Healthy,P0091,1,Healthy,0.0001,0.9999,0.0001,0.0000
Healthy/lyria__P0091__b4.png,Healthy,P0091,1,Healthy,0.0031,0.9825,0.0142,0.0003
Healthy/lyria__P0231__b5.png,Healthy,P0231,1,Healthy,0.0010,0.9989,0.0001,0.0000
Healthy/lyria__P0231__b6.png,Healthy,P0231,1,Healthy,0.0002,0.9998,0.0000,0.0000
Endodontics/lyria__P0792__b0.png,Endodontics,P0792,1,Endodontics,0.9438,0.0030,0.0532,0.0000
Healthy/lyria__P0792__b6.png,Healthy,P0792,1,Healthy,0.0000,0.9999,0.0000,0.0000
Healthy/lyria__P0792__b7.png,Healthy,P0792,1,Healthy,0.0001,0.9976,0.0024,0.0000
Endodontics/lyria__P0523__b0.png,Endodontics,P0523,1,Endodontics,0.9999,0.0000,0.0000,0.0001
Endodontics/lyria__P0523__b1.png,Endodontics,P0523,1,Endodontics,1.0000,0.0000,0.0000,0.0000
Endodontics/lyria__P0523__b2.png,Endodontics,P0523,1,Endodontics,0.9759,0.0000,0.0000,0.0240
Endodontics/lyria__P0523__b3.png,Endodontics,P0523,1,Endodontics,0.9916,0.0000,0.0000,0.0084
Endodontics/lyria__P0523__b4.png,Endodontics,P0523,1,Endodontics,1.0000,0.0000,0.0000,0.0000
Endodontics/lyria__P0523__b5.png,Endodontics,P0523,1,Endodontics,1.0000,0.0000,0.0000,0.0000
Endodontics/lyria__P0523__b6.png,Endodontics,P0523,1,Endodontics,1.0000,0.0000,0.0000,0.0000
Healthy/lyria__P0523__b4.png,Healthy,P0523,1,Healthy,0.0008,0.9988,0.0003,0.0001
Endodontics/lyria__P0273__b0.png,Endodontics,P0273,1,Endodontics,0.9959,0.0041,0.0000,0.0000
Endodontics/lyria__P0273__b1.png,Endodontics,P0273,1,Endodontics,0.9952,0.0006,0.0042,0.0000
Endodontics/lyria__P0273__b2.png,Endodontics,P0273,1,Impacted,0.3352,0.1833,0.4815,0.0001
Endodontics/lyria__P0273__b3.png,Endodontics,P0273,1,Endodontics,0.9852,0.0063,0.0079,0.0007
Healthy/lyria__P0273__b12.png,Healthy,P0273,1,Healthy,0.0004,0.9963,0.0027,0.0005
Healthy/lyria__P0182__b11.png,Healthy,P0182,1,Healthy,0.0006,0.9992,0.0001,0.0000
Healthy/lyria__P0182__b14.png,Healthy,P0182,1,Healthy,0.0001,0.8109,0.1889,0.0001
Healthy/lyria__P0014__b1.png,Healthy,P0014,1,Healthy,0.0001,0.9998,0.0002,0.0000
Healthy/lyria__P0117__b22.png,Healthy,P0117,1,Healthy,0.0001,0.9999,0.0000,0.0000
Endodontics/lyria__P0184__b0.png,Endodontics,P0184,1,Endodontics,0.9854,0.0065,0.0077,0.0004
Endodontics/lyria__P0184__b1.png,Endodontics,P0184,1,Endodontics,0.8583,0.0604,0.0809,0.0004
Endodontics/lyria__P0184__b2.png,Endodontics,P0184,1,Endodontics,0.9997,0.0000,0.0000,0.0003
Healthy/lyria__P0184__b1.png,Healthy,P0184,1,Healthy,0.0003,0.9996,0.0000,0.0000
Endodontics/lyria__P0235__b0.png,Endodontics,P0235,1,Endodontics,1.0000,0.0000,0.0000,0.0000
Healthy/lyria__P0235__b0.png,Healthy,P0235,1,Healthy,0.0000,0.9995,0.0005,0.0000
Endodontics/lyria__P0644__b0.png,Endodontics,P0644,1,Endodontics,1.0000,0.0000,0.0000,0.0000
Endodontics/lyria__P0644__b1.png,Endodontics,P0644,1,Endodontics,1.0000,0.0000,0.0000,0.0000
Endodontics/lyria__P0644__b2.png,Endodontics,P0644,1,Endodontics,1.0000,0.0000,0.0000,0.0000
Endodontics/lyria__P0644__b3.png,Endodontics,P0644,1,Endodontics,1.0000,0.0000,0.0000,0.0000
Endodontics/lyria__P0644__b4.png,Endodontics,P0644,1,Endodontics,0.9994,0.0001,0.0000,0.0005
Endodontics/lyria__P0644__b5.png,Endodontics,P0644,1,Endodontics,1.0000,0.0000,0.0000,0.0000
Endodontics/lyria__P0644__b6.png,Endodontics,P0644,1,Endodontics,1.0000,0.0000,0.0000,0.0000
Healthy/lyria__P0644__b0.png,Healthy,P0644,1,Healthy,0.0004,0.9819,0.0177,0.0000
Healthy/lyria__P0644__b5.png,Healthy,P0644,1,Healthy,0.0004,0.9970,0.0026,0.0000
Endodontics/lyria__P0212__b0.png,Endodontics,P0212,1,Endodontics,1.0000,0.0000,0.0000,0.0000
Endodontics/lyria__P0212__b1.png,Endodontics,P0212,1,Endodontics,0.9997,0.0001,0.0000,0.0002
Endodontics/lyria__P0212__b2.png,Endodontics,P0212,1,Endodontics,1.0000,0.0000,0.0000,0.0000
Endodontics/lyria__P0212__b3.png,Endodontics,P0212,1,Endodontics,0.6834,0.3164,0.0002,0.0000
Healthy/lyria__P0212__b4.png,Healthy,P0212,1,Healthy,0.0005,0.9971,0.0024,0.0000
Healthy/lyria__P0030__b4.png,Healthy,P0030,1,Healthy,0.0097,0.9890,0.0012,0.0001
Healthy/lyria__P0030__b3.png,Healthy,P0030,1,Healthy,0.0001,0.9999,0.0000,0.0000
Healthy/lyria__P0661__b4.png,Healthy,P0661,1,Healthy,0.0030,0.9963,0.0006,0.0001
Healthy/lyria__P0661__b0.png,Healthy,P0661,1,Healthy,0.0219,0.9680,0.0088,0.0013
Endodontics/lyria__P0805__b0.png,Endodontics,P0805,1,Endodontics,0.9998,0.0002,0.0000,0.0000
Endodontics/lyria__P0805__b1.png,Endodontics,P0805,1,Endodontics,1.0000,0.0000,0.0000,0.0000
Endodontics/lyria__P0805__b2.png,Endodontics,P0805,1,Endodontics,1.0000,0.0000,0.0000,0.0000
Endodontics/lyria__P0805__b3.png,Endodontics,P0805,1,Endodontics,0.6979,0.2790,0.0226,0.0006
Healthy/lyria__P0805__b5.png,Healthy,P0805,1,Healthy,0.0000,0.9995,0.0005,0.0000
Healthy/lyria__P0805__b6.png,Healthy,P0805,1,Healthy,0.0001,0.9998,0.0001,0.0000
Healthy/lyria__P0428__b3.png,Healthy,P0428,1,Healthy,0.0004,0.9990,0.0004,0.0002
Healthy/lyria__P0042__b11.png,Healthy,P0042,1,Healthy,0.0072,0.9859,0.0068,0.0001
Implant/lyria__P0325__b0.png,Implant,P0325,1,Implant,0.0003,0.0001,0.0001,0.9995
Implant/lyria__P0325__b1.png,Implant,P0325,1,Implant,0.0000,0.0000,0.0000,1.0000
Implant/lyria__P0325__b2.png,Implant,P0325,1,Implant,0.0000,0.0000,0.0000,0.9999
Implant/lyria__P0325__b3.png,Implant,P0325,1,Implant,0.0000,0.0000,0.0000,1.0000
Implant/lyria__P0325__b4.png,Implant,P0325,1,Implant,0.0000,0.0000,0.0000,1.0000
Endodontics/lyria__P0325__b0.png,Endodontics,P0325,1,Endodontics,0.9931,0.0000,0.0000,0.0068
Implant/dentex__67.png,Implant,dentex_67,1,Implant,0.0000,0.0000,0.0000,1.0000
Endodontics/lyria__P0762__b0.png,Endodontics,P0762,1,Endodontics,0.9504,0.0000,0.0000,0.0496
Endodontics/lyria__P0762__b1.png,Endodontics,P0762,1,Endodontics,0.9981,0.0006,0.0001,0.0012
Endodontics/lyria__P0762__b2.png,Endodontics,P0762,1,Endodontics,0.7348,0.1458,0.0171,0.1023
Endodontics/lyria__P0762__b3.png,Endodontics,P0762,1,Endodontics,0.9876,0.0106,0.0001,0.0017
Endodontics/lyria__P0762__b4.png,Endodontics,P0762,1,Endodontics,0.9697,0.0244,0.0058,0.0001
Healthy/lyria__P0762__b1.png,Healthy,P0762,1,Healthy,0.0211,0.9604,0.0085,0.0099
Healthy/lyria__P0762__b4.png,Healthy,P0762,1,Healthy,0.0006,0.9971,0.0023,0.0000
Implant/dentex__64.png,Implant,dentex_64,1,Implant,0.0000,0.0000,0.0000,1.0000
Endodontics/lyria__P0178__b0.png,Endodontics,P0178,1,Endodontics,1.0000,0.0000,0.0000,0.0000
Endodontics/lyria__P0178__b1.png,Endodontics,P0178,1,Endodontics,0.9947,0.0000,0.0000,0.0053
Healthy/lyria__P0178__b9.png,Healthy,P0178,1,Healthy,0.0091,0.9573,0.0336,0.0001
Healthy/lyria__P0688__b2.png,Healthy,P0688,1,Healthy,0.0007,0.9993,0.0000,0.0000
Healthy/lyria__P0688__b9.png,Healthy,P0688,1,Impacted,0.0045,0.3440,0.6509,0.0006
Endodontics/lyria__P0022__b0.png,Endodontics,P0022,1,Endodontics,0.9896,0.0051,0.0005,0.0048
Healthy/lyria__P0022__b0.png,Healthy,P0022,1,Healthy,0.0001,0.9982,0.0017,0.0000
Endodontics/lyria__P0310__b0.png,Endodontics,P0310,1,Endodontics,1.0000,0.0000,0.0000,0.0000
Endodontics/lyria__P0310__b1.png,Endodontics,P0310,1,Endodontics,1.0000,0.0000,0.0000,0.0000
Endodontics/lyria__P0310__b2.png,Endodontics,P0310,1,Endodontics,1.0000,0.0000,0.0000,0.0000
Endodontics/lyria__P0310__b3.png,Endodontics,P0310,1,Endodontics,1.0000,0.0000,0.0000,0.0000
Endodontics/lyria__P0310__b4.png,Endodontics,P0310,1,Endodontics,1.0000,0.0000,0.0000,0.0000
Endodontics/lyria__P0310__b5.png,Endodontics,P0310,1,Endodontics,0.9998,0.0001,0.0000,0.0001
Endodontics/lyria__P0310__b6.png,Endodontics,P0310,1,Endodontics,1.0000,0.0000,0.0000,0.0000
Endodontics/lyria__P0310__b7.png,Endodontics,P0310,1,Endodontics,0.9970,0.0023,0.0000,0.0007
Healthy/lyria__P0310__b1.png,Healthy,P0310,1,Healthy,0.0000,0.9999,0.0001,0.0000
Healthy/lyria__P0310__b0.png,Healthy,P0310,1,Healthy,0.0000,0.9999,0.0001,0.0000
Implant/dentex__149.png,Implant,dentex_149,1,Implant,0.0001,0.0021,0.0001,0.9977
Impacted/lyria__P0106__b0.png,Impacted,P0106,1,Impacted,0.0001,0.0010,0.9989,0.0000
Impacted/lyria__P0106__b1.png,Impacted,P0106,1,Impacted,0.0000,0.0069,0.9931,0.0000
Impacted/lyria__P0106__b2.png,Impacted,P0106,1,Impacted,0.0000,0.0001,0.9999,0.0000
Healthy/lyria__P0106__b0.png,Healthy,P0106,1,Impacted,0.0128,0.4469,0.5396,0.0007
Endodontics/lyria__P0732__b0.png,Endodontics,P0732,1,Endodontics,0.9859,0.0000,0.0000,0.0141
Endodontics/lyria__P0732__b1.png,Endodontics,P0732,1,Endodontics,0.9476,0.0022,0.0500,0.0002
Endodontics/lyria__P0732__b2.png,Endodontics,P0732,1,Endodontics,1.0000,0.0000,0.0000,0.0000
Endodontics/lyria__P0732__b3.png,Endodontics,P0732,1,Endodontics,0.9976,0.0009,0.0013,0.0002
Impacted/lyria__P0732__b0.png,Impacted,P0732,1,Impacted,0.0003,0.0043,0.9954,0.0000
Endodontics/lyria__P0732__b4.png,Endodontics,P0732,1,Endodontics,0.5704,0.0702,0.3478,0.0116
Healthy/lyria__P0732__b10.png,Healthy,P0732,1,Impacted,0.0467,0.1015,0.8387,0.0131
Healthy/lyria__P0732__b0.png,Healthy,P0732,1,Healthy,0.3340,0.6638,0.0017,0.0004
Healthy/lyria__P0621__b5.png,Healthy,P0621,1,Healthy,0.0004,0.9996,0.0000,0.0000
Healthy/lyria__P0621__b17.png,Healthy,P0621,1,Healthy,0.0000,1.0000,0.0000,0.0000
Impacted/lyria__P0585__b0.png,Impacted,P0585,1,Impacted,0.0001,0.0002,0.9997,0.0000
Impacted/lyria__P0585__b1.png,Impacted,P0585,1,Impacted,0.0000,0.0010,0.9990,0.0000
Impacted/lyria__P0585__b2.png,Impacted,P0585,1,Impacted,0.0003,0.0006,0.9991,0.0000
Healthy/lyria__P0585__b11.png,Healthy,P0585,1,Healthy,0.0002,0.6322,0.3665,0.0011
Healthy/lyria__P0585__b17.png,Healthy,P0585,1,Healthy,0.0000,1.0000,0.0000,0.0000
Healthy/lyria__P0684__b12.png,Healthy,P0684,1,Healthy,0.0000,1.0000,0.0000,0.0000
Healthy/lyria__P0684__b9.png,Healthy,P0684,1,Healthy,0.0017,0.9978,0.0005,0.0001
Healthy/lyria__P0163__b14.png,Healthy,P0163,1,Healthy,0.0036,0.8570,0.1392,0.0003
Healthy/lyria__P0152__b2.png,Healthy,P0152,1,Healthy,0.0000,1.0000,0.0000,0.0000
Healthy/lyria__P0152__b0.png,Healthy,P0152,1,Healthy,0.3515,0.6466,0.0014,0.0004
Endodontics/lyria__P0051__b0.png,Endodontics,P0051,1,Endodontics,1.0000,0.0000,0.0000,0.0000
Endodontics/lyria__P0051__b1.png,Endodontics,P0051,1,Endodontics,1.0000,0.0000,0.0000,0.0000
Endodontics/lyria__P0051__b2.png,Endodontics,P0051,1,Endodontics,0.9951,0.0000,0.0000,0.0049
Endodontics/lyria__P0051__b3.png,Endodontics,P0051,1,Endodontics,1.0000,0.0000,0.0000,0.0000
Endodontics/lyria__P0051__b4.png,Endodontics,P0051,1,Endodontics,1.0000,0.0000,0.0000,0.0000
Endodontics/lyria__P0051__b5.png,Endodontics,P0051,1,Endodontics,0.9997,0.0000,0.0000,0.0003
Endodontics/lyria__P0051__b6.png,Endodontics,P0051,1,Endodontics,1.0000,0.0000,0.0000,0.0000
Endodontics/lyria__P0051__b7.png,Endodontics,P0051,1,Endodontics,0.9992,0.0007,0.0001,0.0000
Endodontics/lyria__P0051__b8.png,Endodontics,P0051,1,Endodontics,0.9874,0.0117,0.0004,0.0005
Healthy/lyria__P0051__b0.png,Healthy,P0051,1,Healthy,0.0009,0.9991,0.0000,0.0000
Endodontics/lyria__P0189__b0.png,Endodontics,P0189,1,Endodontics,1.0000,0.0000,0.0000,0.0000
Endodontics/lyria__P0189__b1.png,Endodontics,P0189,1,Endodontics,1.0000,0.0000,0.0000,0.0000
Endodontics/lyria__P0189__b2.png,Endodontics,P0189,1,Endodontics,0.9999,0.0000,0.0000,0.0001
Endodontics/lyria__P0189__b3.png,Endodontics,P0189,1,Endodontics,0.9999,0.0001,0.0000,0.0000
Healthy/lyria__P0189__b13.png,Healthy,P0189,1,Healthy,0.0000,0.9999,0.0001,0.0000
Healthy/lyria__P0189__b2.png,Healthy,P0189,1,Healthy,0.0036,0.9955,0.0009,0.0000
Endodontics/lyria__P0555__b0.png,Endodontics,P0555,1,Endodontics,1.0000,0.0000,0.0000,0.0000
Endodontics/lyria__P0555__b1.png,Endodontics,P0555,1,Endodontics,1.0000,0.0000,0.0000,0.0000
Endodontics/lyria__P0555__b2.png,Endodontics,P0555,1,Endodontics,0.9996,0.0001,0.0001,0.0003
Healthy/lyria__P0555__b11.png,Healthy,P0555,1,Healthy,0.0269,0.9730,0.0001,0.0000
Endodontics/lyria__P0784__b0.png,Endodontics,P0784,1,Endodontics,0.7408,0.2575,0.0001,0.0017
Endodontics/lyria__P0784__b1.png,Endodontics,P0784,1,Endodontics,1.0000,0.0000,0.0000,0.0000
Endodontics/lyria__P0784__b2.png,Endodontics,P0784,1,Endodontics,0.9985,0.0014,0.0002,0.0000
Endodontics/lyria__P0784__b3.png,Endodontics,P0784,1,Endodontics,0.9841,0.0132,0.0009,0.0019
Endodontics/lyria__P0698__b0.png,Endodontics,P0698,1,Endodontics,0.9609,0.0003,0.0000,0.0388
Endodontics/lyria__P0698__b1.png,Endodontics,P0698,1,Endodontics,0.9923,0.0003,0.0000,0.0074
Healthy/lyria__P0698__b1.png,Healthy,P0698,1,Healthy,0.0000,0.9984,0.0016,0.0000
Endodontics/lyria__P0772__b0.png,Endodontics,P0772,1,Endodontics,0.9994,0.0000,0.0000,0.0005
Endodontics/lyria__P0772__b1.png,Endodontics,P0772,1,Endodontics,0.7643,0.1126,0.0981,0.0249
Endodontics/lyria__P0772__b2.png,Endodontics,P0772,1,Endodontics,0.7136,0.0254,0.2590,0.0020
Healthy/lyria__P0772__b10.png,Healthy,P0772,1,Healthy,0.0001,0.9997,0.0002,0.0000
Healthy/lyria__P0772__b1.png,Healthy,P0772,1,Healthy,0.0077,0.7162,0.2754,0.0007
Healthy/lyria__P0636__b8.png,Healthy,P0636,1,Healthy,0.0000,0.9998,0.0001,0.0000
Healthy/lyria__P0636__b12.png,Healthy,P0636,1,Healthy,0.0000,1.0000,0.0000,0.0000
Endodontics/lyria__P0685__b0.png,Endodontics,P0685,1,Healthy,0.0226,0.9770,0.0003,0.0000
Endodontics/lyria__P0685__b1.png,Endodontics,P0685,1,Endodontics,0.8807,0.0244,0.0020,0.0928
Healthy/lyria__P0685__b3.png,Healthy,P0685,1,Healthy,0.1270,0.8723,0.0006,0.0002
Healthy/lyria__P0685__b5.png,Healthy,P0685,1,Healthy,0.0001,0.9998,0.0001,0.0000
Implant/dentex__135.png,Implant,dentex_135,1,Implant,0.0000,0.0000,0.0000,1.0000
Endodontics/lyria__P0224__b0.png,Endodontics,P0224,1,Endodontics,1.0000,0.0000,0.0000,0.0000
Endodontics/lyria__P0224__b1.png,Endodontics,P0224,1,Endodontics,0.6688,0.0000,0.0000,0.3312
Endodontics/lyria__P0615__b0.png,Endodontics,P0615,1,Endodontics,0.9963,0.0003,0.0000,0.0035
Endodontics/lyria__P0615__b1.png,Endodontics,P0615,1,Endodontics,1.0000,0.0000,0.0000,0.0000
Healthy/lyria__P0615__b2.png,Healthy,P0615,1,Healthy,0.0001,0.9999,0.0000,0.0000
Endodontics/lyria__P0549__b0.png,Endodontics,P0549,1,Endodontics,0.6520,0.0008,0.0000,0.3471
Healthy/lyria__P0549__b16.png,Healthy,P0549,1,Healthy,0.0000,0.9988,0.0011,0.0000
Healthy/lyria__P0549__b24.png,Healthy,P0549,1,Healthy,0.0001,0.7066,0.2933,0.0000
Endodontics/lyria__P0412__b0.png,Endodontics,P0412,1,Endodontics,0.9424,0.0515,0.0048,0.0013
Endodontics/lyria__P0412__b1.png,Endodontics,P0412,1,Endodontics,0.9967,0.0016,0.0016,0.0001
Endodontics/lyria__P0412__b2.png,Endodontics,P0412,1,Endodontics,0.9999,0.0000,0.0001,0.0000
Endodontics/lyria__P0412__b3.png,Endodontics,P0412,1,Endodontics,0.7500,0.0230,0.0533,0.1737
Endodontics/lyria__P0412__b4.png,Endodontics,P0412,1,Endodontics,0.9997,0.0000,0.0003,0.0000
Endodontics/lyria__P0412__b5.png,Endodontics,P0412,1,Endodontics,0.9996,0.0001,0.0001,0.0002
Endodontics/lyria__P0412__b6.png,Endodontics,P0412,1,Endodontics,0.8173,0.1628,0.0184,0.0015
Endodontics/lyria__P0412__b7.png,Endodontics,P0412,1,Endodontics,0.9998,0.0000,0.0000,0.0002
Endodontics/lyria__P0148__b0.png,Endodontics,P0148,1,Endodontics,1.0000,0.0000,0.0000,0.0000
Endodontics/lyria__P0148__b1.png,Endodontics,P0148,1,Endodontics,0.9997,0.0000,0.0002,0.0000
Healthy/lyria__P0148__b3.png,Healthy,P0148,1,Healthy,0.0000,0.9997,0.0003,0.0000
Healthy/lyria__P0148__b5.png,Healthy,P0148,1,Healthy,0.0078,0.9920,0.0001,0.0000
Endodontics/lyria__P0680__b0.png,Endodontics,P0680,1,Endodontics,0.9969,0.0005,0.0003,0.0022
Healthy/lyria__P0680__b7.png,Healthy,P0680,1,Healthy,0.0002,0.9997,0.0001,0.0000
Healthy/lyria__P0680__b3.png,Healthy,P0680,1,Healthy,0.0001,0.9995,0.0004,0.0000
Healthy/lyria__P0048__b0.png,Healthy,P0048,1,Healthy,0.0716,0.8610,0.0666,0.0007
Implant/dentex__112.png,Implant,dentex_112,1,Implant,0.0000,0.0000,0.0000,1.0000
Endodontics/lyria__P0271__b0.png,Endodontics,P0271,1,Endodontics,1.0000,0.0000,0.0000,0.0000
Endodontics/lyria__P0271__b1.png,Endodontics,P0271,1,Endodontics,1.0000,0.0000,0.0000,0.0000
Healthy/lyria__P0271__b0.png,Healthy,P0271,1,Healthy,0.0009,0.9991,0.0000,0.0000
Healthy/lyria__P0271__b1.png,Healthy,P0271,1,Healthy,0.0002,0.9997,0.0001,0.0000
Impacted/lyria__P0512__b0.png,Impacted,P0512,1,Impacted,0.0001,0.0000,0.9999,0.0000
Impacted/lyria__P0512__b1.png,Impacted,P0512,1,Impacted,0.0000,0.0000,1.0000,0.0000
Healthy/lyria__P0512__b10.png,Healthy,P0512,1,Healthy,0.0000,0.9999,0.0001,0.0000
Healthy/lyria__P0512__b13.png,Healthy,P0512,1,Healthy,0.0018,0.6260,0.3720,0.0002
Endodontics/lyria__P0102__b0.png,Endodontics,P0102,1,Endodontics,0.9966,0.0000,0.0000,0.0034
Healthy/lyria__P0102__b1.png,Healthy,P0102,1,Healthy,0.0001,0.9997,0.0002,0.0000
Healthy/lyria__P0102__b3.png,Healthy,P0102,1,Healthy,0.0000,0.9997,0.0002,0.0000
Endodontics/lyria__P0450__b0.png,Endodontics,P0450,1,Endodontics,0.9909,0.0073,0.0005,0.0013
Healthy/lyria__P0450__b4.png,Healthy,P0450,1,Healthy,0.1521,0.8446,0.0029,0.0003
Endodontics/lyria__P0240__b0.png,Endodontics,P0240,1,Endodontics,1.0000,0.0000,0.0000,0.0000
Healthy/lyria__P0240__b7.png,Healthy,P0240,1,Healthy,0.0048,0.9950,0.0001,0.0000
Healthy/lyria__P0240__b3.png,Healthy,P0240,1,Healthy,0.0020,0.9955,0.0025,0.0000
Endodontics/lyria__P0381__b0.png,Endodontics,P0381,1,Endodontics,0.9844,0.0013,0.0006,0.0137
Endodontics/lyria__P0381__b1.png,Endodontics,P0381,1,Endodontics,1.0000,0.0000,0.0000,0.0000
Endodontics/lyria__P0381__b2.png,Endodontics,P0381,1,Endodontics,1.0000,0.0000,0.0000,0.0000
Endodontics/lyria__P0381__b3.png,Endodontics,P0381,1,Endodontics,0.9992,0.0000,0.0000,0.0008
Endodontics/lyria__P0381__b4.png,Endodontics,P0381,1,Endodontics,0.9998,0.0000,0.0000,0.0001
Healthy/lyria__P0691__b0.png,Healthy,P0691,1,Healthy,0.0036,0.9962,0.0002,0.0000
Healthy/lyria__P0691__b3.png,Healthy,P0691,1,Healthy,0.0001,0.9997,0.0002,0.0000
Healthy/lyria__P0047__b1.png,Healthy,P0047,1,Healthy,0.0001,0.9993,0.0006,0.0000
Healthy/lyria__P0047__b0.png,Healthy,P0047,1,Healthy,0.0002,0.9994,0.0003,0.0001
Endodontics/lyria__P0766__b0.png,Endodontics,P0766,1,Endodontics,1.0000,0.0000,0.0000,0.0000
Endodontics/lyria__P0766__b1.png,Endodontics,P0766,1,Endodontics,0.9979,0.0018,0.0000,0.0003
Endodontics/lyria__P0766__b2.png,Endodontics,P0766,1,Endodontics,1.0000,0.0000,0.0000,0.0000
Endodontics/lyria__P0766__b3.png,Endodontics,P0766,1,Endodontics,0.9940,0.0001,0.0001,0.0059
Healthy/lyria__P0766__b6.png,Healthy,P0766,1,Endodontics,0.6541,0.3457,0.0001,0.0001
Healthy/lyria__P0766__b0.png,Healthy,P0766,1,Healthy,0.0349,0.9644,0.0006,0.0000
Healthy/lyria__P0294__b0.png,Healthy,P0294,1,Healthy,0.0470,0.9231,0.0278,0.0021
Healthy/lyria__P0294__b6.png,Healthy,P0294,1,Healthy,0.0002,0.9998,0.0000,0.0000
Endodontics/lyria__P0175__b0.png,Endodontics,P0175,1,Endodontics,0.9887,0.0001,0.0112,0.0000
Healthy/lyria__P0175__b8.png,Healthy,P0175,1,Healthy,0.0015,0.9978,0.0006,0.0001
Healthy/lyria__P0175__b17.png,Healthy,P0175,1,Healthy,0.0004,0.9838,0.0157,0.0000
Healthy/lyria__P0337__b14.png,Healthy,P0337,1,Healthy,0.0000,1.0000,0.0000,0.0000
Endodontics/lyria__P0001__b0.png,Endodontics,P0001,1,Healthy,0.1099,0.8369,0.0486,0.0046
Endodontics/lyria__P0569__b0.png,Endodontics,P0569,1,Endodontics,1.0000,0.0000,0.0000,0.0000
Endodontics/lyria__P0569__b1.png,Endodontics,P0569,1,Endodontics,0.9999,0.0000,0.0000,0.0001
Healthy/lyria__P0569__b8.png,Healthy,P0569,1,Healthy,0.0000,0.9999,0.0000,0.0000
Healthy/lyria__P0569__b2.png,Healthy,P0569,1,Healthy,0.0002,0.9996,0.0001,0.0000
Healthy/lyria__P0023__b4.png,Healthy,P0023,1,Healthy,0.0000,1.0000,0.0000,0.0000
Healthy/lyria__P0023__b3.png,Healthy,P0023,1,Healthy,0.0000,0.9998,0.0001,0.0001
Endodontics/lyria__P0807__b0.png,Endodontics,P0807,1,Endodontics,0.9764,0.0001,0.0019,0.0217
Healthy/lyria__P0807__b7.png,Healthy,P0807,1,Healthy,0.0023,0.9973,0.0002,0.0002
Endodontics/lyria__P0705__b0.png,Endodontics,P0705,1,Endodontics,0.7993,0.1982,0.0023,0.0002
Endodontics/lyria__P0705__b1.png,Endodontics,P0705,1,Endodontics,0.8708,0.0008,0.1284,0.0000
Endodontics/lyria__P0705__b2.png,Endodontics,P0705,1,Endodontics,0.9665,0.0017,0.0318,0.0001
Endodontics/lyria__P0705__b3.png,Endodontics,P0705,1,Endodontics,0.6926,0.3033,0.0022,0.0019
Healthy/lyria__P0705__b6.png,Healthy,P0705,1,Healthy,0.1231,0.8762,0.0007,0.0000
Healthy/lyria__P0705__b4.png,Healthy,P0705,1,Healthy,0.0000,0.9999,0.0001,0.0000
Healthy/lyria__P0333__b19.png,Healthy,P0333,1,Healthy,0.0006,0.9904,0.0090,0.0000
Endodontics/lyria__P0209__b0.png,Endodontics,P0209,1,Endodontics,0.9910,0.0086,0.0003,0.0001
Endodontics/lyria__P0209__b1.png,Endodontics,P0209,1,Endodontics,1.0000,0.0000,0.0000,0.0000
Endodontics/lyria__P0209__b2.png,Endodontics,P0209,1,Endodontics,0.9996,0.0003,0.0000,0.0000
Endodontics/lyria__P0209__b3.png,Endodontics,P0209,1,Endodontics,0.8480,0.0986,0.0048,0.0486
Healthy/lyria__P0322__b10.png,Healthy,P0322,1,Healthy,0.0004,0.9996,0.0000,0.0000
Healthy/lyria__P0322__b0.png,Healthy,P0322,1,Healthy,0.0113,0.7316,0.2550,0.0021
Healthy/lyria__P0541__b10.png,Healthy,P0541,1,Healthy,0.0001,0.9987,0.0012,0.0000
Healthy/lyria__P0541__b16.png,Healthy,P0541,1,Healthy,0.0000,1.0000,0.0000,0.0000
Endodontics/lyria__P0234__b0.png,Endodontics,P0234,1,Endodontics,1.0000,0.0000,0.0000,0.0000
Endodontics/lyria__P0234__b1.png,Endodontics,P0234,1,Endodontics,0.5563,0.0500,0.3401,0.0536
Healthy/lyria__P0234__b0.png,Healthy,P0234,1,Healthy,0.0062,0.8966,0.0968,0.0004
Endodontics/lyria__P0343__b0.png,Endodontics,P0343,1,Endodontics,0.9997,0.0000,0.0001,0.0002
Endodontics/lyria__P0343__b1.png,Endodontics,P0343,1,Endodontics,0.9999,0.0000,0.0001,0.0000
Endodontics/lyria__P0343__b2.png,Endodontics,P0343,1,Endodontics,0.9999,0.0001,0.0000,0.0000
Endodontics/lyria__P0343__b3.png,Endodontics,P0343,1,Endodontics,1.0000,0.0000,0.0000,0.0000
Endodontics/lyria__P0343__b4.png,Endodontics,P0343,1,Endodontics,0.9997,0.0003,0.0000,0.0000
Healthy/lyria__P0343__b2.png,Healthy,P0343,1,Healthy,0.0000,0.9999,0.0001,0.0000
Healthy/lyria__P0506__b1.png,Healthy,P0506,1,Healthy,0.0000,1.0000,0.0000,0.0000
Healthy/lyria__P0506__b10.png,Healthy,P0506,1,Healthy,0.0000,0.9999,0.0001,0.0000
Implant/dentex__19.png,Implant,dentex_19,1,Implant,0.0003,0.0000,0.0006,0.9991
Endodontics/lyria__P0260__b0.png,Endodontics,P0260,1,Endodontics,1.0000,0.0000,0.0000,0.0000
Endodontics/lyria__P0260__b1.png,Endodontics,P0260,1,Endodontics,1.0000,0.0000,0.0000,0.0000
Impacted/lyria__P0260__b0.png,Impacted,P0260,1,Endodontics,0.9965,0.0031,0.0000,0.0004
Endodontics/lyria__P0260__b2.png,Endodontics,P0260,1,Endodontics,1.0000,0.0000,0.0000,0.0000
Healthy/lyria__P0260__b2.png,Healthy,P0260,1,Healthy,0.0045,0.9954,0.0001,0.0000
Healthy/lyria__P0260__b9.png,Healthy,P0260,1,Healthy,0.0002,0.9470,0.0528,0.0000
Impacted/lyria__P0717__b0.png,Impacted,P0717,1,Impacted,0.0000,0.0000,1.0000,0.0000
Healthy/lyria__P0717__b16.png,Healthy,P0717,1,Healthy,0.0002,0.9997,0.0001,0.0000
Healthy/lyria__P0717__b2.png,Healthy,P0717,1,Healthy,0.0033,0.9964,0.0002,0.0001
Healthy/lyria__P0089__b1.png,Healthy,P0089,1,Healthy,0.0005,0.9994,0.0001,0.0000
Healthy/lyria__P0089__b9.png,Healthy,P0089,1,Healthy,0.0000,1.0000,0.0000,0.0000
Healthy/lyria__P0742__b8.png,Healthy,P0742,1,Healthy,0.0001,0.9998,0.0000,0.0000
Healthy/lyria__P0742__b27.png,Healthy,P0742,1,Healthy,0.0000,0.9941,0.0059,0.0000
Endodontics/lyria__P0374__b0.png,Endodontics,P0374,1,Endodontics,0.9997,0.0000,0.0001,0.0002
Endodontics/lyria__P0374__b1.png,Endodontics,P0374,1,Endodontics,0.8976,0.0473,0.0542,0.0010
Healthy/lyria__P0374__b11.png,Healthy,P0374,1,Healthy,0.0368,0.9310,0.0322,0.0001
Healthy/lyria__P0374__b12.png,Healthy,P0374,1,Impacted,0.0060,0.2981,0.6944,0.0015
Healthy/lyria__P0635__b13.png,Healthy,P0635,1,Healthy,0.0005,0.9554,0.0441,0.0000
Healthy/lyria__P0635__b7.png,Healthy,P0635,1,Healthy,0.0000,0.9999,0.0000,0.0001
Endodontics/lyria__P0740__b0.png,Endodontics,P0740,1,Endodontics,0.9991,0.0000,0.0000,0.0009
Endodontics/lyria__P0740__b1.png,Endodontics,P0740,1,Endodontics,0.9960,0.0001,0.0001,0.0039
Endodontics/lyria__P0565__b0.png,Endodontics,P0565,1,Endodontics,1.0000,0.0000,0.0000,0.0000
Endodontics/lyria__P0565__b1.png,Endodontics,P0565,1,Endodontics,1.0000,0.0000,0.0000,0.0000
Endodontics/lyria__P0565__b2.png,Endodontics,P0565,1,Endodontics,0.9988,0.0000,0.0001,0.0011
Healthy/lyria__P0565__b19.png,Healthy,P0565,1,Impacted,0.0005,0.4327,0.5665,0.0003
Healthy/lyria__P0142__b7.png,Healthy,P0142,1,Healthy,0.0032,0.9910,0.0058,0.0001
Healthy/lyria__P0142__b4.png,Healthy,P0142,1,Healthy,0.0002,0.9996,0.0003,0.0000
Impacted/lyria__P0758__b0.png,Impacted,P0758,1,Impacted,0.0040,0.3046,0.6906,0.0008
Healthy/lyria__P0758__b12.png,Healthy,P0758,1,Healthy,0.0000,0.9999,0.0001,0.0000
Healthy/lyria__P0321__b3.png,Healthy,P0321,1,Healthy,0.0010,0.9967,0.0023,0.0000
Healthy/lyria__P0321__b5.png,Healthy,P0321,1,Healthy,0.0001,0.9993,0.0006,0.0000
Endodontics/lyria__P0640__b0.png,Endodontics,P0640,1,Endodontics,0.9990,0.0003,0.0006,0.0000
Endodontics/lyria__P0640__b1.png,Endodontics,P0640,1,Endodontics,0.9991,0.0009,0.0000,0.0000
Endodontics/lyria__P0640__b2.png,Endodontics,P0640,1,Endodontics,0.9990,0.0009,0.0000,0.0000
Endodontics/lyria__P0640__b3.png,Endodontics,P0640,1,Endodontics,1.0000,0.0000,0.0000,0.0000
Healthy/lyria__P0640__b9.png,Healthy,P0640,1,Healthy,0.0000,1.0000,0.0000,0.0000
Healthy/lyria__P0640__b3.png,Healthy,P0640,1,Healthy,0.0006,0.9994,0.0001,0.0000
Healthy/lyria__P0200__b7.png,Healthy,P0200,1,Endodontics,0.6366,0.3628,0.0004,0.0002
Healthy/lyria__P0200__b5.png,Healthy,P0200,1,Healthy,0.0005,0.9989,0.0005,0.0000
Healthy/lyria__P0236__b0.png,Healthy,P0236,1,Endodontics,0.7612,0.2341,0.0000,0.0046
Healthy/lyria__P0236__b4.png,Healthy,P0236,1,Healthy,0.0000,1.0000,0.0000,0.0000
Healthy/lyria__P0646__b2.png,Healthy,P0646,1,Healthy,0.0000,0.9996,0.0003,0.0000
Healthy/lyria__P0646__b4.png,Healthy,P0646,1,Healthy,0.0000,0.9999,0.0000,0.0000
Healthy/lyria__P0197__b5.png,Healthy,P0197,1,Healthy,0.0001,0.9998,0.0002,0.0000
Healthy/lyria__P0197__b13.png,Healthy,P0197,1,Healthy,0.0191,0.9803,0.0006,0.0000
Endodontics/lyria__P0021__b0.png,Endodontics,P0021,1,Endodontics,0.9999,0.0000,0.0000,0.0001
Endodontics/lyria__P0021__b1.png,Endodontics,P0021,1,Endodontics,0.9998,0.0001,0.0000,0.0000
Endodontics/lyria__P0021__b2.png,Endodontics,P0021,1,Endodontics,0.9185,0.0000,0.0000,0.0814
Endodontics/lyria__P0021__b3.png,Endodontics,P0021,1,Endodontics,0.9994,0.0000,0.0000,0.0005
Healthy/lyria__P0021__b8.png,Healthy,P0021,1,Healthy,0.0020,0.9973,0.0007,0.0000
Healthy/lyria__P0021__b3.png,Healthy,P0021,1,Healthy,0.0001,0.9996,0.0004,0.0000
Healthy/lyria__P0755__b3.png,Healthy,P0755,1,Healthy,0.0003,0.9995,0.0002,0.0000
Healthy/lyria__P0755__b0.png,Healthy,P0755,1,Healthy,0.0000,0.9999,0.0000,0.0000
Healthy/lyria__P0715__b12.png,Healthy,P0715,1,Healthy,0.0000,1.0000,0.0000,0.0000
Endodontics/lyria__P0289__b0.png,Endodontics,P0289,1,Endodontics,1.0000,0.0000,0.0000,0.0000
Endodontics/lyria__P0289__b1.png,Endodontics,P0289,1,Endodontics,1.0000,0.0000,0.0000,0.0000
Endodontics/lyria__P0289__b2.png,Endodontics,P0289,1,Endodontics,0.9343,0.0656,0.0001,0.0000
Endodontics/lyria__P0289__b3.png,Endodontics,P0289,1,Endodontics,0.9995,0.0002,0.0000,0.0003
Endodontics/lyria__P0289__b4.png,Endodontics,P0289,1,Endodontics,1.0000,0.0000,0.0000,0.0000
Endodontics/lyria__P0289__b5.png,Endodontics,P0289,1,Endodontics,1.0000,0.0000,0.0000,0.0000
Endodontics/lyria__P0289__b6.png,Endodontics,P0289,1,Endodontics,1.0000,0.0000,0.0000,0.0000
Healthy/lyria__P0289__b0.png,Healthy,P0289,1,Healthy,0.0010,0.9976,0.0014,0.0001
Impacted/lyria__P0098__b0.png,Impacted,P0098,1,Impacted,0.0002,0.0013,0.9982,0.0002
Endodontics/lyria__P0098__b0.png,Endodontics,P0098,1,Endodontics,0.9955,0.0000,0.0000,0.0044
Endodontics/lyria__P0098__b1.png,Endodontics,P0098,1,Endodontics,0.9992,0.0001,0.0000,0.0007
Endodontics/lyria__P0098__b2.png,Endodontics,P0098,1,Endodontics,0.9997,0.0000,0.0000,0.0003
Endodontics/lyria__P0098__b3.png,Endodontics,P0098,1,Endodontics,0.9735,0.0146,0.0085,0.0034
Impacted/lyria__P0098__b1.png,Impacted,P0098,1,Impacted,0.0000,0.0003,0.9997,0.0000
Healthy/lyria__P0098__b8.png,Healthy,P0098,1,Healthy,0.0000,0.9996,0.0003,0.0000
Healthy/lyria__P0098__b2.png,Healthy,P0098,1,Healthy,0.0005,0.9583,0.0407,0.0004
Implant/dentex__152.png,Implant,dentex_152,1,Implant,0.0000,0.0000,0.0000,1.0000
Endodontics/lyria__P0427__b0.png,Endodontics,P0427,1,Endodontics,0.9994,0.0003,0.0002,0.0002
Healthy/lyria__P0427__b1.png,Healthy,P0427,1,Healthy,0.0435,0.9536,0.0021,0.0008
Healthy/lyria__P0427__b2.png,Healthy,P0427,1,Healthy,0.0180,0.9805,0.0008,0.0007
Healthy/lyria__P0372__b0.png,Healthy,P0372,1,Healthy,0.0002,0.9680,0.0289,0.0029
Healthy/lyria__P0449__b2.png,Healthy,P0449,1,Healthy,0.0001,0.9998,0.0000,0.0000
Healthy/lyria__P0449__b23.png,Healthy,P0449,1,Healthy,0.0000,0.9996,0.0004,0.0000
Endodontics/lyria__P0054__b0.png,Endodontics,P0054,1,Endodontics,0.9999,0.0000,0.0000,0.0000
Endodontics/lyria__P0054__b1.png,Endodontics,P0054,1,Endodontics,0.9997,0.0000,0.0000,0.0003
Endodontics/lyria__P0054__b2.png,Endodontics,P0054,1,Endodontics,0.9999,0.0000,0.0000,0.0001
Endodontics/lyria__P0054__b3.png,Endodontics,P0054,1,Endodontics,0.9993,0.0000,0.0000,0.0007
Endodontics/lyria__P0054__b4.png,Endodontics,P0054,1,Endodontics,0.9493,0.0090,0.0256,0.0160
Endodontics/lyria__P0054__b5.png,Endodontics,P0054,1,Endodontics,1.0000,0.0000,0.0000,0.0000
Endodontics/lyria__P0054__b6.png,Endodontics,P0054,1,Endodontics,0.6335,0.0308,0.1862,0.1495
Healthy/lyria__P0054__b0.png,Healthy,P0054,1,Healthy,0.0004,0.9995,0.0001,0.0000
Healthy/lyria__P0054__b1.png,Healthy,P0054,1,Healthy,0.0012,0.9986,0.0002,0.0000
Endodontics/lyria__P0699__b0.png,Endodontics,P0699,1,Endodontics,1.0000,0.0000,0.0000,0.0000
Healthy/lyria__P0699__b2.png,Healthy,P0699,1,Healthy,0.0001,0.9995,0.0005,0.0000
Healthy/lyria__P0132__b14.png,Healthy,P0132,1,Healthy,0.0000,0.7754,0.2246,0.0000
Healthy/lyria__P0132__b0.png,Healthy,P0132,1,Impacted,0.0003,0.4583,0.5412,0.0003
Endodontics/lyria__P0708__b0.png,Endodontics,P0708,1,Endodontics,0.9980,0.0001,0.0003,0.0017
Healthy/lyria__P0708__b11.png,Healthy,P0708,1,Healthy,0.0001,0.9998,0.0001,0.0000
Healthy/lyria__P0708__b0.png,Healthy,P0708,1,Healthy,0.0002,0.9997,0.0001,0.0000
Healthy/lyria__P0454__b18.png,Healthy,P0454,1,Healthy,0.0001,0.9995,0.0004,0.0000
Healthy/lyria__P0454__b11.png,Healthy,P0454,1,Healthy,0.0004,0.9985,0.0012,0.0000
Healthy/lyria__P0018__b0.png,Healthy,P0018,1,Healthy,0.0000,0.9974,0.0026,0.0000
Healthy/lyria__P0257__b1.png,Healthy,P0257,1,Healthy,0.0000,1.0000,0.0000,0.0000
Healthy/lyria__P0257__b0.png,Healthy,P0257,1,Healthy,0.0002,0.9996,0.0001,0.0000
Healthy/lyria__P0791__b23.png,Healthy,P0791,1,Healthy,0.0003,0.9989,0.0007,0.0000
Healthy/lyria__P0791__b24.png,Healthy,P0791,1,Healthy,0.0001,0.9993,0.0006,0.0000
Healthy/lyria__P0613__b15.png,Healthy,P0613,1,Healthy,0.4006,0.5994,0.0000,0.0000
Healthy/lyria__P0613__b5.png,Healthy,P0613,1,Healthy,0.0000,1.0000,0.0000,0.0000
Endodontics/lyria__P0738__b0.png,Endodontics,P0738,1,Endodontics,0.9991,0.0000,0.0000,0.0009
Endodontics/lyria__P0738__b1.png,Endodontics,P0738,1,Endodontics,1.0000,0.0000,0.0000,0.0000
Implant/lyria__P0738__b0.png,Implant,P0738,1,Implant,0.0000,0.0000,0.0000,1.0000
Endodontics/lyria__P0738__b2.png,Endodontics,P0738,1,Endodontics,1.0000,0.0000,0.0000,0.0000
Endodontics/lyria__P0738__b3.png,Endodontics,P0738,1,Endodontics,1.0000,0.0000,0.0000,0.0000
Endodontics/lyria__P0738__b4.png,Endodontics,P0738,1,Endodontics,0.9998,0.0001,0.0000,0.0001
Endodontics/lyria__P0738__b5.png,Endodontics,P0738,1,Endodontics,0.9999,0.0001,0.0000,0.0000
Endodontics/lyria__P0738__b6.png,Endodontics,P0738,1,Endodontics,0.9989,0.0000,0.0000,0.0011
Endodontics/lyria__P0738__b7.png,Endodontics,P0738,1,Endodontics,0.9864,0.0129,0.0000,0.0007
Healthy/lyria__P0738__b2.png,Healthy,P0738,1,Healthy,0.0002,0.9991,0.0007,0.0000
Healthy/lyria__P0738__b11.png,Healthy,P0738,1,Healthy,0.0009,0.9845,0.0146,0.0000
Endodontics/lyria__P0564__b0.png,Endodontics,P0564,1,Endodontics,0.9999,0.0000,0.0000,0.0001
Endodontics/lyria__P0564__b1.png,Endodontics,P0564,1,Endodontics,0.9988,0.0006,0.0000,0.0005
Healthy/lyria__P0564__b5.png,Healthy,P0564,1,Healthy,0.0001,0.9999,0.0000,0.0000
Healthy/lyria__P0564__b6.png,Healthy,P0564,1,Healthy,0.0016,0.6849,0.3101,0.0034
Endodontics/lyria__P0249__b0.png,Endodontics,P0249,1,Endodontics,0.9970,0.0013,0.0000,0.0017
Endodontics/lyria__P0249__b1.png,Endodontics,P0249,1,Endodontics,0.9841,0.0143,0.0013,0.0003
Endodontics/lyria__P0249__b2.png,Endodontics,P0249,1,Endodontics,1.0000,0.0000,0.0000,0.0000
Endodontics/lyria__P0249__b3.png,Endodontics,P0249,1,Endodontics,1.0000,0.0000,0.0000,0.0000
Healthy/lyria__P0249__b1.png,Healthy,P0249,1,Healthy,0.0000,1.0000,0.0000,0.0000
Healthy/lyria__P0249__b2.png,Healthy,P0249,1,Healthy,0.0001,0.9999,0.0000,0.0000
Endodontics/lyria__P0012__b0.png,Endodontics,P0012,1,Endodontics,0.6571,0.3427,0.0001,0.0001
Endodontics/lyria__P0012__b1.png,Endodontics,P0012,1,Endodontics,1.0000,0.0000,0.0000,0.0000
Endodontics/lyria__P0012__b2.png,Endodontics,P0012,1,Endodontics,0.9999,0.0000,0.0000,0.0001
Healthy/lyria__P0012__b1.png,Healthy,P0012,1,Healthy,0.0062,0.9921,0.0017,0.0000
Healthy/lyria__P0012__b0.png,Healthy,P0012,1,Healthy,0.0006,0.9984,0.0009,0.0001
Healthy/lyria__P0587__b18.png,Healthy,P0587,1,Healthy,0.0001,0.9767,0.0232,0.0000
Healthy/lyria__P0587__b12.png,Healthy,P0587,1,Healthy,0.0002,0.9997,0.0001,0.0000
Endodontics/lyria__P0066__b0.png,Endodontics,P0066,1,Endodontics,1.0000,0.0000,0.0000,0.0000
Healthy/lyria__P0066__b0.png,Healthy,P0066,1,Healthy,0.0357,0.9638,0.0004,0.0000
Healthy/lyria__P0066__b2.png,Healthy,P0066,1,Healthy,0.0001,0.9999,0.0000,0.0000
Endodontics/lyria__P0606__b0.png,Endodontics,P0606,1,Endodontics,0.9969,0.0001,0.0029,0.0001
Endodontics/lyria__P0606__b1.png,Endodontics,P0606,1,Endodontics,0.9962,0.0037,0.0000,0.0001
Healthy/lyria__P0606__b11.png,Healthy,P0606,1,Healthy,0.0045,0.9936,0.0018,0.0001
Healthy/lyria__P0606__b5.png,Healthy,P0606,1,Impacted,0.0301,0.4654,0.5033,0.0012
Healthy/lyria__P0076__b7.png,Healthy,P0076,1,Healthy,0.0009,0.5689,0.4283,0.0019
Healthy/lyria__P0076__b12.png,Healthy,P0076,1,Healthy,0.0000,1.0000,0.0000,0.0000
Endodontics/lyria__P0007__b0.png,Endodontics,P0007,1,Endodontics,0.9962,0.0032,0.0000,0.0006
Healthy/lyria__P0007__b3.png,Healthy,P0007,1,Healthy,0.0001,0.9999,0.0000,0.0000
Healthy/lyria__P0007__b0.png,Healthy,P0007,1,Healthy,0.0016,0.9983,0.0000,0.0000
Endodontics/lyria__P0075__b0.png,Endodontics,P0075,1,Endodontics,1.0000,0.0000,0.0000,0.0000
Endodontics/lyria__P0075__b1.png,Endodontics,P0075,1,Endodontics,1.0000,0.0000,0.0000,0.0000
Endodontics/lyria__P0075__b2.png,Endodontics,P0075,1,Endodontics,0.9706,0.0002,0.0003,0.0290
Healthy/lyria__P0075__b3.png,Healthy,P0075,1,Healthy,0.0000,0.9999,0.0001,0.0000
Healthy/lyria__P0075__b4.png,Healthy,P0075,1,Healthy,0.0000,0.9994,0.0006,0.0000
Endodontics/lyria__P0724__b0.png,Endodontics,P0724,1,Endodontics,0.9999,0.0000,0.0001,0.0000
Endodontics/lyria__P0724__b1.png,Endodontics,P0724,1,Endodontics,0.9897,0.0090,0.0013,0.0000
Endodontics/lyria__P0724__b2.png,Endodontics,P0724,1,Healthy,0.1685,0.8069,0.0026,0.0220
Endodontics/lyria__P0724__b3.png,Endodontics,P0724,1,Endodontics,0.9939,0.0032,0.0019,0.0010
Healthy/lyria__P0724__b0.png,Healthy,P0724,1,Healthy,0.2862,0.7137,0.0001,0.0000
Healthy/lyria__P0724__b7.png,Healthy,P0724,1,Healthy,0.0003,0.9923,0.0074,0.0000
Endodontics/lyria__P0423__b0.png,Endodontics,P0423,1,Endodontics,0.9999,0.0000,0.0000,0.0001
Endodontics/lyria__P0423__b1.png,Endodontics,P0423,1,Endodontics,1.0000,0.0000,0.0000,0.0000
Endodontics/lyria__P0423__b2.png,Endodontics,P0423,1,Endodontics,1.0000,0.0000,0.0000,0.0000
Healthy/lyria__P0423__b2.png,Healthy,P0423,1,Healthy,0.0005,0.9969,0.0024,0.0002
Endodontics/lyria__P0195__b0.png,Endodontics,P0195,1,Endodontics,1.0000,0.0000,0.0000,0.0000
Healthy/lyria__P0195__b10.png,Healthy,P0195,1,Healthy,0.0002,0.9997,0.0000,0.0000
Healthy/lyria__P0195__b9.png,Healthy,P0195,1,Healthy,0.0001,0.9999,0.0000,0.0000
Endodontics/lyria__P0438__b0.png,Endodontics,P0438,1,Endodontics,0.9999,0.0000,0.0000,0.0000
Endodontics/lyria__P0438__b1.png,Endodontics,P0438,1,Endodontics,1.0000,0.0000,0.0000,0.0000
Endodontics/lyria__P0438__b2.png,Endodontics,P0438,1,Endodontics,0.9999,0.0000,0.0001,0.0000
Healthy/lyria__P0438__b5.png,Healthy,P0438,1,Healthy,0.0004,0.9966,0.0029,0.0001
Healthy/lyria__P0438__b3.png,Healthy,P0438,1,Healthy,0.0007,0.9992,0.0001,0.0000
Endodontics/lyria__P0582__b0.png,Endodontics,P0582,1,Endodontics,0.9996,0.0001,0.0000,0.0003
Endodontics/lyria__P0582__b1.png,Endodontics,P0582,1,Endodontics,0.9939,0.0004,0.0057,0.0001
Endodontics/lyria__P0582__b2.png,Endodontics,P0582,1,Endodontics,1.0000,0.0000,0.0000,0.0000
Healthy/lyria__P0582__b1.png,Healthy,P0582,1,Healthy,0.0001,0.9984,0.0002,0.0013
Implant/dentex__129.png,Implant,dentex_129,1,Implant,0.0000,0.0000,0.0000,1.0000
Endodontics/lyria__P0714__b0.png,Endodontics,P0714,1,Endodontics,1.0000,0.0000,0.0000,0.0000
Healthy/lyria__P0714__b2.png,Healthy,P0714,1,Healthy,0.0001,0.9998,0.0002,0.0000
Healthy/lyria__P0714__b4.png,Healthy,P0714,1,Healthy,0.1529,0.8447,0.0024,0.0001
Endodontics/lyria__P0786__b0.png,Endodontics,P0786,1,Endodontics,1.0000,0.0000,0.0000,0.0000
Endodontics/lyria__P0786__b1.png,Endodontics,P0786,1,Endodontics,0.9808,0.0000,0.0178,0.0013
Healthy/lyria__P0786__b2.png,Healthy,P0786,1,Healthy,0.0000,0.9978,0.0022,0.0000
Healthy/lyria__P0786__b8.png,Healthy,P0786,1,Healthy,0.0002,0.9904,0.0094,0.0000
Healthy/lyria__P0225__b4.png,Healthy,P0225,1,Healthy,0.0000,1.0000,0.0000,0.0000
Healthy/lyria__P0225__b3.png,Healthy,P0225,1,Healthy,0.0000,0.9999,0.0001,0.0000
Healthy/lyria__P0679__b7.png,Healthy,P0679,1,Healthy,0.0002,0.9973,0.0025,0.0000
Endodontics/lyria__P0686__b0.png,Endodontics,P0686,1,Endodontics,1.0000,0.0000,0.0000,0.0000
Healthy/lyria__P0686__b7.png,Healthy,P0686,1,Healthy,0.0001,0.9997,0.0002,0.0000
Healthy/lyria__P0686__b6.png,Healthy,P0686,1,Healthy,0.0000,1.0000,0.0000,0.0000
Healthy/lyria__P0210__b0.png,Healthy,P0210,1,Healthy,0.0026,0.9609,0.0361,0.0003
Healthy/lyria__P0210__b2.png,Healthy,P0210,1,Impacted,0.0025,0.3222,0.6501,0.0253
Healthy/lyria__P0302__b10.png,Healthy,P0302,1,Healthy,0.0077,0.9921,0.0002,0.0000
Healthy/lyria__P0302__b2.png,Healthy,P0302,1,Healthy,0.0159,0.9803,0.0038,0.0000
Implant/dentex__51.png,Implant,dentex_51,1,Implant,0.0000,0.0000,0.0000,1.0000
Healthy/lyria__P0410__b1.png,Healthy,P0410,1,Healthy,0.0215,0.9783,0.0001,0.0000
Impacted/lyria__P0191__b0.png,Impacted,P0191,1,Impacted,0.0001,0.0000,0.9999,0.0000
Impacted/lyria__P0191__b1.png,Impacted,P0191,1,Impacted,0.0018,0.0002,0.9979,0.0001
Impacted/lyria__P0191__b2.png,Impacted,P0191,1,Impacted,0.0002,0.0041,0.9956,0.0000
Impacted/lyria__P0191__b3.png,Impacted,P0191,1,Impacted,0.0000,0.0000,1.0000,0.0000
Healthy/lyria__P0191__b18.png,Healthy,P0191,1,Healthy,0.0001,0.9998,0.0001,0.0000
Healthy/lyria__P0191__b3.png,Healthy,P0191,1,Healthy,0.0000,1.0000,0.0000,0.0000
Endodontics/lyria__P0380__b0.png,Endodontics,P0380,1,Endodontics,1.0000,0.0000,0.0000,0.0000
Endodontics/lyria__P0380__b1.png,Endodontics,P0380,1,Endodontics,1.0000,0.0000,0.0000,0.0000
Endodontics/lyria__P0380__b2.png,Endodontics,P0380,1,Endodontics,1.0000,0.0000,0.0000,0.0000
Endodontics/lyria__P0380__b3.png,Endodontics,P0380,1,Endodontics,0.9981,0.0001,0.0003,0.0016
Healthy/lyria__P0380__b0.png,Healthy,P0380,1,Healthy,0.0000,0.9999,0.0001,0.0000
Endodontics/lyria__P0419__b0.png,Endodontics,P0419,1,Healthy,0.1635,0.8349,0.0004,0.0012
Endodontics/lyria__P0419__b1.png,Endodontics,P0419,1,Endodontics,1.0000,0.0000,0.0000,0.0000
Endodontics/lyria__P0419__b2.png,Endodontics,P0419,1,Endodontics,0.9987,0.0012,0.0000,0.0000
Endodontics/lyria__P0419__b3.png,Endodontics,P0419,1,Endodontics,1.0000,0.0000,0.0000,0.0000
Endodontics/lyria__P0419__b4.png,Endodontics,P0419,1,Endodontics,0.9999,0.0000,0.0001,0.0000
Healthy/lyria__P0419__b0.png,Healthy,P0419,1,Healthy,0.0000,0.9999,0.0001,0.0000
Endodontics/lyria__P0552__b0.png,Endodontics,P0552,1,Endodontics,0.9994,0.0002,0.0000,0.0005
Healthy/lyria__P0552__b2.png,Healthy,P0552,1,Healthy,0.0000,0.9999,0.0001,0.0000
Healthy/lyria__P0552__b1.png,Healthy,P0552,1,Healthy,0.0000,1.0000,0.0000,0.0000
Impacted/lyria__P0354__b0.png,Impacted,P0354,1,Impacted,0.0020,0.0007,0.9951,0.0022
Endodontics/lyria__P0354__b0.png,Endodontics,P0354,1,Endodontics,0.9999,0.0000,0.0000,0.0001
Healthy/lyria__P0354__b6.png,Healthy,P0354,1,Healthy,0.0002,0.9998,0.0000,0.0000
Healthy/lyria__P0354__b0.png,Healthy,P0354,1,Healthy,0.0001,0.9984,0.0015,0.0000
Endodontics/lyria__P0445__b0.png,Endodontics,P0445,1,Endodontics,1.0000,0.0000,0.0000,0.0000
Endodontics/lyria__P0445__b1.png,Endodontics,P0445,1,Endodontics,1.0000,0.0000,0.0000,0.0000
Endodontics/lyria__P0445__b2.png,Endodontics,P0445,1,Endodontics,1.0000,0.0000,0.0000,0.0000
Endodontics/lyria__P0445__b3.png,Endodontics,P0445,1,Endodontics,1.0000,0.0000,0.0000,0.0000
Healthy/lyria__P0445__b2.png,Healthy,P0445,1,Healthy,0.0000,0.9999,0.0001,0.0000
Healthy/lyria__P0445__b0.png,Healthy,P0445,1,Endodontics,0.5213,0.4767,0.0013,0.0007
Endodontics/lyria__P0006__b0.png,Endodontics,P0006,1,Endodontics,0.9267,0.0349,0.0381,0.0003
Endodontics/lyria__P0006__b1.png,Endodontics,P0006,1,Endodontics,1.0000,0.0000,0.0000,0.0000
Endodontics/lyria__P0006__b2.png,Endodontics,P0006,1,Endodontics,0.9872,0.0045,0.0002,0.0081
Endodontics/lyria__P0006__b3.png,Endodontics,P0006,1,Endodontics,0.9996,0.0002,0.0001,0.0000
Healthy/lyria__P0006__b3.png,Healthy,P0006,1,Healthy,0.0001,0.9999,0.0000,0.0000
Healthy/lyria__P0347__b4.png,Healthy,P0347,1,Healthy,0.0061,0.9896,0.0042,0.0001
Endodontics/lyria__P0031__b0.png,Endodontics,P0031,1,Endodontics,0.9927,0.0003,0.0000,0.0070
Endodontics/lyria__P0031__b1.png,Endodontics,P0031,1,Endodontics,0.9897,0.0101,0.0000,0.0001
Healthy/lyria__P0031__b2.png,Healthy,P0031,1,Healthy,0.0001,0.9998,0.0001,0.0000
Endodontics/lyria__P0633__b0.png,Endodontics,P0633,1,Endodontics,1.0000,0.0000,0.0000,0.0000
Endodontics/lyria__P0633__b1.png,Endodontics,P0633,1,Endodontics,0.9999,0.0001,0.0000,0.0000
Healthy/lyria__P0633__b3.png,Healthy,P0633,1,Healthy,0.0006,0.9993,0.0000,0.0001
Healthy/lyria__P0633__b2.png,Healthy,P0633,1,Healthy,0.0000,1.0000,0.0000,0.0000
Endodontics/lyria__P0539__b0.png,Endodontics,P0539,1,Endodontics,0.9979,0.0000,0.0016,0.0005
Healthy/lyria__P0539__b4.png,Healthy,P0539,1,Healthy,0.0000,1.0000,0.0000,0.0000
Healthy/lyria__P0539__b3.png,Healthy,P0539,1,Healthy,0.0000,0.9999,0.0001,0.0000
Endodontics/lyria__P0400__b0.png,Endodontics,P0400,1,Endodontics,1.0000,0.0000,0.0000,0.0000
Endodontics/lyria__P0400__b1.png,Endodontics,P0400,1,Endodontics,1.0000,0.0000,0.0000,0.0000
Endodontics/lyria__P0400__b2.png,Endodontics,P0400,1,Endodontics,1.0000,0.0000,0.0000,0.0000
Endodontics/lyria__P0400__b3.png,Endodontics,P0400,1,Endodontics,0.9998,0.0002,0.0000,0.0000
Endodontics/lyria__P0400__b4.png,Endodontics,P0400,1,Endodontics,0.9998,0.0000,0.0000,0.0001
Endodontics/lyria__P0400__b5.png,Endodontics,P0400,1,Endodontics,0.9959,0.0038,0.0003,0.0000
Healthy/lyria__P0400__b4.png,Healthy,P0400,1,Healthy,0.0093,0.9863,0.0038,0.0006
Endodontics/lyria__P0251__b0.png,Endodontics,P0251,1,Endodontics,0.9983,0.0014,0.0001,0.0002
Endodontics/lyria__P0251__b1.png,Endodontics,P0251,1,Endodontics,0.9961,0.0038,0.0001,0.0001
Endodontics/lyria__P0251__b2.png,Endodontics,P0251,1,Endodontics,1.0000,0.0000,0.0000,0.0000
Healthy/lyria__P0251__b2.png,Healthy,P0251,1,Healthy,0.0003,0.9990,0.0007,0.0000
Healthy/lyria__P0068__b4.png,Healthy,P0068,1,Healthy,0.0004,0.9995,0.0001,0.0000
Implant/dentex__166.png,Implant,dentex_166,1,Implant,0.0000,0.0000,0.0000,1.0000
Implant/dentex__137.png,Implant,dentex_137,1,Implant,0.1409,0.0000,0.0000,0.8591
Endodontics/lyria__P0281__b0.png,Endodontics,P0281,1,Endodontics,0.9999,0.0000,0.0000,0.0001
Endodontics/lyria__P0281__b1.png,Endodontics,P0281,1,Endodontics,0.5414,0.4541,0.0043,0.0002
Endodontics/lyria__P0281__b2.png,Endodontics,P0281,1,Endodontics,1.0000,0.0000,0.0000,0.0000
Healthy/lyria__P0281__b5.png,Healthy,P0281,1,Healthy,0.0014,0.9975,0.0010,0.0001
Endodontics/lyria__P0245__b0.png,Endodontics,P0245,1,Endodontics,0.9999,0.0000,0.0000,0.0000
Endodontics/lyria__P0245__b1.png,Endodontics,P0245,1,Endodontics,1.0000,0.0000,0.0000,0.0000
Endodontics/lyria__P0245__b2.png,Endodontics,P0245,1,Endodontics,0.9995,0.0000,0.0000,0.0005
Endodontics/lyria__P0245__b3.png,Endodontics,P0245,1,Endodontics,1.0000,0.0000,0.0000,0.0000
Endodontics/lyria__P0245__b4.png,Endodontics,P0245,1,Endodontics,0.9995,0.0003,0.0000,0.0002
Endodontics/lyria__P0245__b5.png,Endodontics,P0245,1,Endodontics,1.0000,0.0000,0.0000,0.0000
Healthy/lyria__P0245__b11.png,Healthy,P0245,1,Healthy,0.0000,1.0000,0.0000,0.0000
Healthy/lyria__P0157__b3.png,Healthy,P0157,1,Healthy,0.0001,0.9999,0.0000,0.0000
Healthy/lyria__P0157__b2.png,Healthy,P0157,1,Healthy,0.1149,0.8843,0.0003,0.0006
Endodontics/lyria__P0436__b0.png,Endodontics,P0436,1,Endodontics,0.9995,0.0003,0.0001,0.0001
Healthy/lyria__P0436__b2.png,Healthy,P0436,1,Healthy,0.0000,0.9981,0.0019,0.0000
Healthy/lyria__P0436__b3.png,Healthy,P0436,1,Healthy,0.0000,0.9994,0.0005,0.0000
Endodontics/lyria__P0735__b0.png,Endodontics,P0735,1,Endodontics,0.9860,0.0039,0.0100,0.0001
Endodontics/lyria__P0735__b1.png,Endodontics,P0735,1,Endodontics,1.0000,0.0000,0.0000,0.0000
Healthy/lyria__P0735__b6.png,Healthy,P0735,1,Healthy,0.0000,0.9990,0.0010,0.0000
Implant/lyria__P0393__b0.png,Implant,P0393,1,Implant,0.0000,0.0000,0.0000,1.0000
Endodontics/lyria__P0393__b0.png,Endodontics,P0393,1,Endodontics,1.0000,0.0000,0.0000,0.0000
Endodontics/lyria__P0393__b1.png,Endodontics,P0393,1,Endodontics,0.9998,0.0002,0.0000,0.0000
Endodontics/lyria__P0393__b2.png,Endodontics,P0393,1,Endodontics,0.9981,0.0018,0.0000,0.0000
Endodontics/lyria__P0393__b3.png,Endodontics,P0393,1,Endodontics,0.9825,0.0163,0.0000,0.0011
Endodontics/lyria__P0393__b4.png,Endodontics,P0393,1,Endodontics,1.0000,0.0000,0.0000,0.0000
Endodontics/lyria__P0393__b5.png,Endodontics,P0393,1,Endodontics,0.9197,0.0023,0.0030,0.0750
Endodontics/lyria__P0393__b6.png,Endodontics,P0393,1,Implant,0.4163,0.0000,0.0000,0.5836
Implant/lyria__P0393__b1.png,Implant,P0393,1,Implant,0.0001,0.0000,0.0000,0.9999
Implant/lyria__P0393__b2.png,Implant,P0393,1,Implant,0.0022,0.0000,0.0000,0.9978
Healthy/lyria__P0393__b0.png,Healthy,P0393,1,Healthy,0.0022,0.9978,0.0000,0.0000
Endodontics/lyria__P0141__b0.png,Endodontics,P0141,1,Endodontics,1.0000,0.0000,0.0000,0.0000
Endodontics/lyria__P0141__b1.png,Endodontics,P0141,1,Endodontics,0.9998,0.0000,0.0000,0.0002
Endodontics/lyria__P0141__b2.png,Endodontics,P0141,1,Endodontics,0.9997,0.0003,0.0000,0.0000
Healthy/lyria__P0141__b0.png,Healthy,P0141,1,Endodontics,0.4713,0.3783,0.0013,0.1491
Healthy/lyria__P0141__b1.png,Healthy,P0141,1,Healthy,0.0032,0.9929,0.0038,0.0001
Endodontics/lyria__P0125__b0.png,Endodontics,P0125,1,Endodontics,0.9973,0.0002,0.0023,0.0002
Healthy/lyria__P0125__b2.png,Healthy,P0125,1,Healthy,0.0008,0.9988,0.0004,0.0001
Healthy/lyria__P0125__b1.png,Healthy,P0125,1,Healthy,0.0000,0.9999,0.0001,0.0000
Impacted/lyria__P0597__b0.png,Impacted,P0597,1,Impacted,0.0001,0.0201,0.9751,0.0048
Impacted/lyria__P0597__b1.png,Impacted,P0597,1,Impacted,0.0001,0.0001,0.9997,0.0001
Impacted/lyria__P0597__b2.png,Impacted,P0597,1,Impacted,0.0000,0.0001,0.9999,0.0000
Healthy/lyria__P0597__b3.png,Healthy,P0597,1,Healthy,0.0079,0.9913,0.0008,0.0000
Healthy/lyria__P0597__b9.png,Healthy,P0597,1,Healthy,0.0027,0.9019,0.0954,0.0001
Impacted/lyria__P0265__b0.png,Impacted,P0265,1,Impacted,0.0001,0.0014,0.9985,0.0000
Healthy/lyria__P0265__b3.png,Healthy,P0265,1,Healthy,0.0111,0.9886,0.0003,0.0000
Healthy/lyria__P0265__b22.png,Healthy,P0265,1,Healthy,0.0017,0.9816,0.0167,0.0000
Healthy/lyria__P0138__b5.png,Healthy,P0138,1,Healthy,0.0000,0.9999,0.0001,0.0000
Healthy/lyria__P0138__b0.png,Healthy,P0138,1,Healthy,0.0213,0.9765,0.0022,0.0000
Healthy/lyria__P0593__b10.png,Healthy,P0593,1,Healthy,0.0000,1.0000,0.0000,0.0000
Healthy/lyria__P0593__b7.png,Healthy,P0593,1,Healthy,0.0001,0.9999,0.0000,0.0000
Healthy/lyria__P0043__b2.png,Healthy,P0043,1,Healthy,0.0003,0.9994,0.0004,0.0000
Healthy/lyria__P0043__b0.png,Healthy,P0043,1,Healthy,0.0003,0.9944,0.0051,0.0002
Endodontics/lyria__P0384__b0.png,Endodontics,P0384,1,Endodontics,0.9964,0.0027,0.0002,0.0008
Endodontics/lyria__P0384__b1.png,Endodontics,P0384,1,Endodontics,0.9545,0.0396,0.0053,0.0006
Healthy/lyria__P0384__b0.png,Healthy,P0384,1,Healthy,0.2027,0.7402,0.0108,0.0463
Healthy/lyria__P0384__b9.png,Healthy,P0384,1,Healthy,0.0006,0.9959,0.0035,0.0000
Healthy/lyria__P0083__b14.png,Healthy,P0083,1,Healthy,0.0000,0.9998,0.0002,0.0000
Implant/dentex__146.png,Implant,dentex_146,1,Implant,0.0000,0.0000,0.0000,1.0000
Healthy/lyria__P0339__b20.png,Healthy,P0339,1,Healthy,0.0006,0.9992,0.0001,0.0000
Healthy/lyria__P0339__b5.png,Healthy,P0339,1,Healthy,0.0001,0.9999,0.0001,0.0000
Healthy/lyria__P0682__b10.png,Healthy,P0682,1,Healthy,0.0001,0.9999,0.0000,0.0000
Healthy/lyria__P0682__b11.png,Healthy,P0682,1,Healthy,0.0023,0.9917,0.0060,0.0000
Healthy/lyria__P0359__b8.png,Healthy,P0359,1,Healthy,0.0001,0.9999,0.0000,0.0000
Endodontics/lyria__P0706__b0.png,Endodontics,P0706,1,Endodontics,0.9965,0.0002,0.0000,0.0033
Endodontics/lyria__P0706__b1.png,Endodontics,P0706,1,Endodontics,0.9997,0.0002,0.0000,0.0000
Endodontics/lyria__P0706__b2.png,Endodontics,P0706,1,Endodontics,1.0000,0.0000,0.0000,0.0000
Endodontics/lyria__P0706__b3.png,Endodontics,P0706,1,Endodontics,0.9984,0.0000,0.0000,0.0016
Endodontics/lyria__P0706__b4.png,Endodontics,P0706,1,Endodontics,1.0000,0.0000,0.0000,0.0000
Healthy/lyria__P0706__b0.png,Healthy,P0706,1,Healthy,0.0002,0.9993,0.0003,0.0001
Healthy/lyria__P0706__b1.png,Healthy,P0706,1,Healthy,0.0002,0.9998,0.0000,0.0000
Endodontics/lyria__P0702__b0.png,Endodontics,P0702,1,Healthy,0.4002,0.5870,0.0044,0.0084
Endodontics/lyria__P0702__b1.png,Endodontics,P0702,1,Healthy,0.3427,0.5506,0.0189,0.0878
Endodontics/lyria__P0702__b2.png,Endodontics,P0702,1,Endodontics,0.9998,0.0001,0.0000,0.0001
Endodontics/lyria__P0702__b3.png,Endodontics,P0702,1,Endodontics,0.9985,0.0000,0.0000,0.0014
Healthy/lyria__P0702__b9.png,Healthy,P0702,1,Healthy,0.0010,0.9974,0.0016,0.0000
Healthy/lyria__P0702__b3.png,Healthy,P0702,1,Healthy,0.0202,0.7352,0.2415,0.0031
Healthy/lyria__P0494__b13.png,Healthy,P0494,1,Healthy,0.0002,0.9996,0.0002,0.0000
Healthy/lyria__P0494__b6.png,Healthy,P0494,1,Healthy,0.0000,1.0000,0.0000,0.0000
Endodontics/lyria__P0268__b0.png,Endodontics,P0268,1,Endodontics,0.9623,0.0342,0.0031,0.0004
Endodontics/lyria__P0268__b1.png,Endodontics,P0268,1,Endodontics,0.9969,0.0004,0.0010,0.0017
Healthy/lyria__P0268__b4.png,Healthy,P0268,1,Healthy,0.0000,0.9998,0.0002,0.0000
Healthy/lyria__P0268__b1.png,Healthy,P0268,1,Healthy,0.0000,0.9999,0.0001,0.0000
Healthy/lyria__P0492__b14.png,Healthy,P0492,1,Healthy,0.0000,1.0000,0.0000,0.0000
Healthy/lyria__P0492__b7.png,Healthy,P0492,1,Healthy,0.0000,0.9999,0.0000,0.0000
Implant/dentex__14.png,Implant,dentex_14,1,Implant,0.0000,0.0000,0.0000,1.0000
Healthy/lyria__P0447__b23.png,Healthy,P0447,1,Healthy,0.0008,0.9982,0.0009,0.0000
Healthy/lyria__P0447__b8.png,Healthy,P0447,1,Healthy,0.0471,0.9526,0.0003,0.0000
Implant/dentex__98.png,Implant,dentex_98,1,Implant,0.0000,0.0000,0.0000,1.0000
Impacted/lyria__P0032__b0.png,Impacted,P0032,1,Impacted,0.0001,0.0001,0.9998,0.0000
Impacted/lyria__P0032__b1.png,Impacted,P0032,1,Impacted,0.0000,0.0001,0.9999,0.0000
Endodontics/lyria__P0032__b0.png,Endodontics,P0032,1,Endodontics,0.9997,0.0003,0.0000,0.0000
Healthy/lyria__P0032__b2.png,Healthy,P0032,1,Healthy,0.0000,1.0000,0.0000,0.0000
Healthy/lyria__P0032__b3.png,Healthy,P0032,1,Healthy,0.0098,0.9895,0.0001,0.0006
Endodontics/lyria__P0793__b0.png,Endodontics,P0793,1,Endodontics,1.0000,0.0000,0.0000,0.0000
Endodontics/lyria__P0793__b1.png,Endodontics,P0793,1,Endodontics,0.9848,0.0012,0.0139,0.0001
Healthy/lyria__P0793__b10.png,Healthy,P0793,1,Healthy,0.0013,0.9914,0.0072,0.0001
Healthy/lyria__P0690__b0.png,Healthy,P0690,1,Healthy,0.0001,0.9994,0.0005,0.0000
Healthy/lyria__P0690__b2.png,Healthy,P0690,1,Healthy,0.0000,0.9998,0.0001,0.0000
Endodontics/lyria__P0761__b0.png,Endodontics,P0761,1,Endodontics,1.0000,0.0000,0.0000,0.0000
Endodontics/lyria__P0761__b1.png,Endodontics,P0761,1,Endodontics,0.9579,0.0405,0.0009,0.0008
Impacted/lyria__P0761__b0.png,Impacted,P0761,1,Impacted,0.0000,0.0002,0.9996,0.0001
Healthy/lyria__P0761__b5.png,Healthy,P0761,1,Healthy,0.0001,0.9999,0.0000,0.0000
Healthy/lyria__P0761__b1.png,Healthy,P0761,1,Endodontics,0.6665,0.3334,0.0000,0.0000
Implant/dentex__57.png,Implant,dentex_57,1,Implant,0.0000,0.0000,0.0000,1.0000
Impacted/lyria__P0114__b0.png,Impacted,P0114,1,Impacted,0.0000,0.0018,0.9981,0.0000
Impacted/lyria__P0114__b1.png,Impacted,P0114,1,Impacted,0.0012,0.0311,0.9673,0.0003
Healthy/lyria__P0114__b13.png,Healthy,P0114,1,Healthy,0.0002,0.9998,0.0000,0.0000
Healthy/lyria__P0114__b15.png,Healthy,P0114,1,Healthy,0.0000,0.9999,0.0001,0.0000
Implant/dentex__36.png,Implant,dentex_36,1,Implant,0.0000,0.0000,0.0000,0.9999
Endodontics/lyria__P0290__b0.png,Endodontics,P0290,1,Endodontics,0.9999,0.0000,0.0001,0.0000
Endodontics/lyria__P0290__b1.png,Endodontics,P0290,1,Endodontics,0.6958,0.0014,0.0006,0.3021
Healthy/lyria__P0290__b6.png,Healthy,P0290,1,Healthy,0.0001,0.9999,0.0000,0.0000
Healthy/lyria__P0290__b2.png,Healthy,P0290,1,Healthy,0.0000,0.9998,0.0002,0.0000
Impacted/lyria__P0491__b0.png,Impacted,P0491,1,Impacted,0.0004,0.0359,0.9633,0.0004
Healthy/lyria__P0491__b19.png,Healthy,P0491,1,Healthy,0.0003,0.9996,0.0001,0.0000
Healthy/lyria__P0491__b1.png,Healthy,P0491,1,Healthy,0.0003,0.9996,0.0001,0.0000
Endodontics/lyria__P0781__b0.png,Endodontics,P0781,1,Endodontics,1.0000,0.0000,0.0000,0.0000
Endodontics/lyria__P0781__b1.png,Endodontics,P0781,1,Endodontics,0.7177,0.2819,0.0003,0.0002
Healthy/lyria__P0781__b10.png,Healthy,P0781,1,Healthy,0.0001,0.6618,0.3377,0.0004
Endodontics/lyria__P0788__b0.png,Endodontics,P0788,1,Endodontics,1.0000,0.0000,0.0000,0.0000
Endodontics/lyria__P0788__b1.png,Endodontics,P0788,1,Endodontics,0.9988,0.0005,0.0007,0.0000
Endodontics/lyria__P0788__b2.png,Endodontics,P0788,1,Endodontics,0.9963,0.0012,0.0021,0.0004
Endodontics/lyria__P0788__b3.png,Endodontics,P0788,1,Endodontics,1.0000,0.0000,0.0000,0.0000
Endodontics/lyria__P0788__b4.png,Endodontics,P0788,1,Endodontics,0.9996,0.0000,0.0003,0.0001
Endodontics/lyria__P0788__b5.png,Endodontics,P0788,1,Endodontics,0.9982,0.0001,0.0000,0.0016
Endodontics/lyria__P0788__b6.png,Endodontics,P0788,1,Endodontics,0.9999,0.0000,0.0000,0.0001
Healthy/lyria__P0788__b0.png,Healthy,P0788,1,Healthy,0.3924,0.6029,0.0027,0.0021
Healthy/lyria__P0298__b1.png,Healthy,P0298,1,Healthy,0.1628,0.8154,0.0195,0.0022
Healthy/lyria__P0298__b3.png,Healthy,P0298,1,Healthy,0.0565,0.9084,0.0177,0.0175
Healthy/lyria__P0737__b0.png,Healthy,P0737,1,Healthy,0.0002,0.9965,0.0033,0.0000
Healthy/lyria__P0589__b6.png,Healthy,P0589,1,Healthy,0.0020,0.9963,0.0007,0.0010
Healthy/lyria__P0589__b2.png,Healthy,P0589,1,Healthy,0.0165,0.9798,0.0036,0.0001
Endodontics/lyria__P0101__b0.png,Endodontics,P0101,1,Endodontics,1.0000,0.0000,0.0000,0.0000
Endodontics/lyria__P0101__b1.png,Endodontics,P0101,1,Endodontics,1.0000,0.0000,0.0000,0.0000
Endodontics/lyria__P0101__b2.png,Endodontics,P0101,1,Endodontics,0.9291,0.0133,0.0004,0.0572
Endodontics/lyria__P0101__b3.png,Endodontics,P0101,1,Endodontics,1.0000,0.0000,0.0000,0.0000
Healthy/lyria__P0101__b0.png,Healthy,P0101,1,Healthy,0.0035,0.9950,0.0015,0.0000
Endodontics/lyria__P0107__b0.png,Endodontics,P0107,1,Endodontics,0.9999,0.0000,0.0000,0.0000
Endodontics/lyria__P0107__b1.png,Endodontics,P0107,1,Endodontics,0.9992,0.0002,0.0002,0.0004
Healthy/lyria__P0107__b3.png,Healthy,P0107,1,Healthy,0.0001,0.9999,0.0000,0.0000
Healthy/lyria__P0729__b1.png,Healthy,P0729,1,Healthy,0.0000,0.9999,0.0000,0.0000
Healthy/lyria__P0729__b11.png,Healthy,P0729,1,Healthy,0.0003,0.9982,0.0015,0.0000
Healthy/lyria__P0590__b11.png,Healthy,P0590,1,Impacted,0.0030,0.3682,0.6279,0.0008
Healthy/lyria__P0590__b18.png,Healthy,P0590,1,Healthy,0.0009,0.6496,0.3494,0.0000
Endodontics/lyria__P0244__b0.png,Endodontics,P0244,1,Endodontics,0.9997,0.0000,0.0003,0.0001
Endodontics/lyria__P0244__b1.png,Endodontics,P0244,1,Endodontics,1.0000,0.0000,0.0000,0.0000
Endodontics/lyria__P0244__b2.png,Endodontics,P0244,1,Endodontics,0.9994,0.0005,0.0000,0.0000
Endodontics/lyria__P0244__b3.png,Endodontics,P0244,1,Endodontics,1.0000,0.0000,0.0000,0.0000
Endodontics/lyria__P0244__b4.png,Endodontics,P0244,1,Endodontics,0.9995,0.0000,0.0000,0.0005
Endodontics/lyria__P0244__b5.png,Endodontics,P0244,1,Endodontics,0.9983,0.0003,0.0000,0.0014
Endodontics/lyria__P0244__b6.png,Endodontics,P0244,1,Endodontics,0.7287,0.0001,0.0000,0.2712
Endodontics/lyria__P0244__b7.png,Endodontics,P0244,1,Endodontics,0.9985,0.0014,0.0000,0.0000
Endodontics/lyria__P0244__b8.png,Endodontics,P0244,1,Endodontics,0.9978,0.0004,0.0000,0.0018
Endodontics/lyria__P0244__b9.png,Endodontics,P0244,1,Endodontics,0.9989,0.0000,0.0003,0.0008
Impacted/lyria__P0466__b0.png,Impacted,P0466,1,Impacted,0.0003,0.0010,0.9987,0.0000
Healthy/lyria__P0466__b10.png,Healthy,P0466,1,Healthy,0.0000,1.0000,0.0000,0.0000
Healthy/lyria__P0466__b26.png,Healthy,P0466,1,Healthy,0.0003,0.9987,0.0010,0.0000
Endodontics/lyria__P0769__b0.png,Endodontics,P0769,1,Endodontics,0.9975,0.0001,0.0003,0.0021
Endodontics/lyria__P0769__b1.png,Endodontics,P0769,1,Endodontics,0.9999,0.0000,0.0000,0.0001
Endodontics/lyria__P0769__b2.png,Endodontics,P0769,1,Endodontics,0.9999,0.0000,0.0000,0.0001
Endodontics/lyria__P0769__b3.png,Endodontics,P0769,1,Endodontics,0.9996,0.0001,0.0000,0.0003
Healthy/lyria__P0769__b0.png,Healthy,P0769,1,Healthy,0.0000,0.9999,0.0001,0.0000
Healthy/lyria__P0769__b2.png,Healthy,P0769,1,Healthy,0.0002,0.9998,0.0001,0.0000
Impacted/lyria__P0306__b0.png,Impacted,P0306,1,Impacted,0.0000,0.0001,0.9999,0.0000
Impacted/lyria__P0306__b1.png,Impacted,P0306,1,Impacted,0.0002,0.0001,0.9997,0.0000
Impacted/lyria__P0306__b2.png,Impacted,P0306,1,Impacted,0.0000,0.0000,0.9999,0.0000
Healthy/lyria__P0306__b0.png,Healthy,P0306,1,Impacted,0.0002,0.0123,0.9874,0.0001
Healthy/lyria__P0306__b3.png,Healthy,P0306,1,Healthy,0.0000,0.9999,0.0001,0.0000
Endodontics/lyria__P0402__b0.png,Endodontics,P0402,1,Endodontics,1.0000,0.0000,0.0000,0.0000
Endodontics/lyria__P0402__b1.png,Endodontics,P0402,1,Endodontics,1.0000,0.0000,0.0000,0.0000
Healthy/lyria__P0402__b5.png,Healthy,P0402,1,Healthy,0.0033,0.9962,0.0005,0.0000
Healthy/lyria__P0402__b13.png,Healthy,P0402,1,Healthy,0.0002,0.9995,0.0003,0.0000
Impacted/lyria__P0288__b0.png,Impacted,P0288,1,Impacted,0.0002,0.0011,0.9986,0.0001
Endodontics/lyria__P0288__b0.png,Endodontics,P0288,1,Healthy,0.2542,0.4454,0.2999,0.0005
Healthy/lyria__P0288__b16.png,Healthy,P0288,1,Healthy,0.1574,0.8343,0.0080,0.0003
Endodontics/lyria__P0413__b0.png,Endodontics,P0413,1,Endodontics,0.9996,0.0000,0.0000,0.0004
Endodontics/lyria__P0413__b1.png,Endodontics,P0413,1,Endodontics,0.9998,0.0000,0.0001,0.0000
Healthy/lyria__P0413__b1.png,Healthy,P0413,1,Healthy,0.2144,0.7806,0.0050,0.0000
Healthy/lyria__P0033__b5.png,Healthy,P0033,1,Healthy,0.0001,0.9997,0.0003,0.0000
Healthy/lyria__P0237__b0.png,Healthy,P0237,1,Healthy,0.0004,0.9994,0.0001,0.0000
Healthy/lyria__P0237__b1.png,Healthy,P0237,1,Healthy,0.3183,0.6743,0.0049,0.0025
Endodontics/lyria__P0557__b0.png,Endodontics,P0557,1,Endodontics,0.9333,0.0659,0.0007,0.0001
Endodontics/lyria__P0557__b1.png,Endodontics,P0557,1,Endodontics,0.9390,0.0000,0.0000,0.0610
Impacted/lyria__P0557__b0.png,Impacted,P0557,1,Impacted,0.0000,0.0000,1.0000,0.0000
Healthy/lyria__P0557__b6.png,Healthy,P0557,1,Healthy,0.0000,0.9999,0.0000,0.0000
Endodontics/lyria__P0198__b0.png,Endodontics,P0198,1,Endodontics,0.9557,0.0441,0.0001,0.0001
Endodontics/lyria__P0198__b1.png,Endodontics,P0198,1,Endodontics,1.0000,0.0000,0.0000,0.0000
Endodontics/lyria__P0198__b2.png,Endodontics,P0198,1,Endodontics,1.0000,0.0000,0.0000,0.0000
Healthy/lyria__P0198__b0.png,Healthy,P0198,1,Healthy,0.0040,0.9910,0.0049,0.0001
Endodontics/lyria__P0221__b0.png,Endodontics,P0221,1,Endodontics,1.0000,0.0000,0.0000,0.0000
Endodontics/lyria__P0221__b1.png,Endodontics,P0221,1,Endodontics,0.9999,0.0001,0.0000,0.0000
Impacted/lyria__P0221__b0.png,Impacted,P0221,1,Impacted,0.0000,0.0000,1.0000,0.0000
Healthy/lyria__P0221__b7.png,Healthy,P0221,1,Healthy,0.0000,1.0000,0.0000,0.0000
Healthy/lyria__P0221__b6.png,Healthy,P0221,1,Healthy,0.0000,1.0000,0.0000,0.0000
Endodontics/lyria__P0408__b0.png,Endodontics,P0408,1,Endodontics,1.0000,0.0000,0.0000,0.0000
Endodontics/lyria__P0408__b1.png,Endodontics,P0408,1,Endodontics,0.9998,0.0000,0.0000,0.0002
Healthy/lyria__P0408__b0.png,Healthy,P0408,1,Healthy,0.0003,0.9969,0.0026,0.0001
Healthy/lyria__P0408__b3.png,Healthy,P0408,1,Healthy,0.0020,0.9977,0.0003,0.0000
Healthy/lyria__P0746__b9.png,Healthy,P0746,1,Healthy,0.0006,0.9979,0.0005,0.0010
Healthy/lyria__P0746__b1.png,Healthy,P0746,1,Healthy,0.0012,0.9985,0.0002,0.0000
Healthy/lyria__P0576__b20.png,Healthy,P0576,1,Healthy,0.0000,1.0000,0.0000,0.0000
Healthy/lyria__P0576__b5.png,Healthy,P0576,1,Healthy,0.0002,0.9996,0.0001,0.0001
Implant/dentex__104.png,Implant,dentex_104,1,Implant,0.0000,0.0000,0.0000,1.0000
Healthy/lyria__P0694__b3.png,Healthy,P0694,1,Healthy,0.0000,0.9990,0.0010,0.0000
Healthy/lyria__P0694__b9.png,Healthy,P0694,1,Healthy,0.0001,0.9999,0.0000,0.0000
Healthy/lyria__P0252__b6.png,Healthy,P0252,1,Healthy,0.0002,0.9994,0.0003,0.0001
Healthy/lyria__P0252__b5.png,Healthy,P0252,1,Healthy,0.0144,0.9853,0.0004,0.0000
Endodontics/lyria__P0571__b0.png,Endodontics,P0571,1,Endodontics,0.9899,0.0100,0.0000,0.0001
Healthy/lyria__P0571__b4.png,Healthy,P0571,1,Healthy,0.0000,0.9999,0.0001,0.0000
Healthy/lyria__P0571__b9.png,Healthy,P0571,1,Healthy,0.0031,0.9960,0.0008,0.0000
Healthy/lyria__P0035__b4.png,Healthy,P0035,1,Healthy,0.0000,0.9999,0.0001,0.0000
Healthy/lyria__P0035__b3.png,Healthy,P0035,1,Healthy,0.0000,1.0000,0.0000,0.0000
Endodontics/lyria__P0323__b0.png,Endodontics,P0323,1,Endodontics,0.6867,0.3085,0.0002,0.0046
Healthy/lyria__P0323__b4.png,Healthy,P0323,1,Healthy,0.0001,0.9998,0.0000,0.0000
Healthy/lyria__P0323__b11.png,Healthy,P0323,1,Healthy,0.0011,0.9961,0.0028,0.0000
Endodontics/lyria__P0524__b0.png,Endodontics,P0524,1,Endodontics,0.9999,0.0000,0.0001,0.0000
Healthy/lyria__P0524__b2.png,Healthy,P0524,1,Healthy,0.0011,0.7731,0.2255,0.0002
Healthy/lyria__P0524__b0.png,Healthy,P0524,1,Healthy,0.0000,0.9989,0.0008,0.0003
Healthy/lyria__P0264__b9.png,Healthy,P0264,1,Healthy,0.0000,1.0000,0.0000,0.0000
Healthy/lyria__P0264__b14.png,Healthy,P0264,1,Healthy,0.0016,0.6284,0.3699,0.0001
Endodontics/lyria__P0797__b0.png,Endodontics,P0797,1,Endodontics,1.0000,0.0000,0.0000,0.0000
Endodontics/lyria__P0797__b1.png,Endodontics,P0797,1,Endodontics,1.0000,0.0000,0.0000,0.0000
Healthy/lyria__P0275__b5.png,Healthy,P0275,1,Impacted,0.0231,0.4409,0.5360,0.0000
Endodontics/lyria__P0328__b0.png,Endodontics,P0328,1,Endodontics,1.0000,0.0000,0.0000,0.0000
Healthy/lyria__P0328__b1.png,Healthy,P0328,1,Healthy,0.0093,0.9905,0.0002,0.0000
Healthy/lyria__P0328__b2.png,Healthy,P0328,1,Healthy,0.0000,0.9997,0.0003,0.0000
Healthy/lyria__P0575__b10.png,Healthy,P0575,1,Healthy,0.0000,0.9998,0.0002,0.0000
Healthy/lyria__P0575__b12.png,Healthy,P0575,1,Healthy,0.0003,0.9996,0.0001,0.0000
Endodontics/lyria__P0312__b0.png,Endodontics,P0312,1,Endodontics,1.0000,0.0000,0.0000,0.0000
Healthy/lyria__P0312__b10.png,Healthy,P0312,1,Healthy,0.0000,0.9999,0.0000,0.0000
Healthy/lyria__P0312__b2.png,Healthy,P0312,1,Healthy,0.0000,0.9999,0.0000,0.0000
Healthy/lyria__P0026__b7.png,Healthy,P0026,1,Healthy,0.0001,0.9986,0.0013,0.0000
Healthy/lyria__P0026__b6.png,Healthy,P0026,1,Healthy,0.0000,0.9999,0.0000,0.0000
Endodontics/lyria__P0156__b0.png,Endodontics,P0156,1,Endodontics,1.0000,0.0000,0.0000,0.0000
Endodontics/lyria__P0156__b1.png,Endodontics,P0156,1,Endodontics,0.9999,0.0000,0.0001,0.0000
Healthy/lyria__P0156__b5.png,Healthy,P0156,1,Healthy,0.0021,0.9978,0.0001,0.0000
Healthy/lyria__P0156__b10.png,Healthy,P0156,1,Healthy,0.0007,0.9974,0.0019,0.0000
Implant/dentex__37.png,Implant,dentex_37,1,Implant,0.0001,0.0000,0.0000,0.9999
Healthy/lyria__P0510__b5.png,Healthy,P0510,1,Healthy,0.0000,0.9997,0.0002,0.0000
Healthy/lyria__P0510__b0.png,Healthy,P0510,1,Healthy,0.0000,1.0000,0.0000,0.0000
Endodontics/lyria__P0522__b0.png,Endodontics,P0522,1,Endodontics,0.9997,0.0000,0.0001,0.0003
Endodontics/lyria__P0522__b1.png,Endodontics,P0522,1,Endodontics,1.0000,0.0000,0.0000,0.0000
Endodontics/lyria__P0522__b2.png,Endodontics,P0522,1,Endodontics,1.0000,0.0000,0.0000,0.0000
Endodontics/lyria__P0522__b3.png,Endodontics,P0522,1,Endodontics,1.0000,0.0000,0.0000,0.0000
Endodontics/lyria__P0522__b4.png,Endodontics,P0522,1,Endodontics,0.9998,0.0000,0.0000,0.0002
Endodontics/lyria__P0522__b5.png,Endodontics,P0522,1,Endodontics,1.0000,0.0000,0.0000,0.0000
Endodontics/lyria__P0522__b6.png,Endodontics,P0522,1,Endodontics,0.9999,0.0000,0.0000,0.0001
Endodontics/lyria__P0522__b7.png,Endodontics,P0522,1,Endodontics,1.0000,0.0000,0.0000,0.0000
Endodontics/lyria__P0522__b8.png,Endodontics,P0522,1,Impacted,0.2461,0.3354,0.3771,0.0415
Endodontics/lyria__P0522__b9.png,Endodontics,P0522,1,Endodontics,0.8170,0.0002,0.0013,0.1815
Endodontics/lyria__P0545__b0.png,Endodontics,P0545,1,Endodontics,1.0000,0.0000,0.0000,0.0000
Endodontics/lyria__P0545__b1.png,Endodontics,P0545,1,Endodontics,1.0000,0.0000,0.0000,0.0000
Endodontics/lyria__P0545__b2.png,Endodontics,P0545,1,Endodontics,1.0000,0.0000,0.0000,0.0000
Endodontics/lyria__P0545__b3.png,Endodontics,P0545,1,Endodontics,0.9985,0.0000,0.0000,0.0015
Healthy/lyria__P0545__b4.png,Healthy,P0545,1,Healthy,0.0000,0.9999,0.0001,0.0000
Healthy/lyria__P0545__b0.png,Healthy,P0545,1,Healthy,0.0002,0.9991,0.0000,0.0007
Endodontics/lyria__P0220__b0.png,Endodontics,P0220,1,Endodontics,1.0000,0.0000,0.0000,0.0000
Endodontics/lyria__P0220__b1.png,Endodontics,P0220,1,Endodontics,0.9995,0.0000,0.0005,0.0000
Healthy/lyria__P0220__b11.png,Healthy,P0220,1,Healthy,0.0000,1.0000,0.0000,0.0000
Endodontics/lyria__P0370__b0.png,Endodontics,P0370,1,Endodontics,1.0000,0.0000,0.0000,0.0000
Endodontics/lyria__P0370__b1.png,Endodontics,P0370,1,Endodontics,1.0000,0.0000,0.0000,0.0000
Endodontics/lyria__P0370__b2.png,Endodontics,P0370,1,Endodontics,0.9993,0.0005,0.0000,0.0001
Endodontics/lyria__P0370__b3.png,Endodontics,P0370,1,Endodontics,0.9944,0.0000,0.0000,0.0056
Healthy/lyria__P0370__b0.png,Healthy,P0370,1,Healthy,0.4419,0.5570,0.0006,0.0005
Endodontics/lyria__P0610__b0.png,Endodontics,P0610,1,Endodontics,0.9862,0.0065,0.0001,0.0073
Endodontics/lyria__P0610__b1.png,Endodontics,P0610,1,Endodontics,1.0000,0.0000,0.0000,0.0000
Impacted/lyria__P0610__b0.png,Impacted,P0610,1,Impacted,0.0000,0.0001,0.9998,0.0000
Endodontics/lyria__P0610__b2.png,Endodontics,P0610,1,Endodontics,0.8203,0.0001,0.0000,0.1797
Endodontics/lyria__P0610__b3.png,Endodontics,P0610,1,Endodontics,0.9972,0.0001,0.0000,0.0027
Healthy/lyria__P0610__b7.png,Healthy,P0610,1,Healthy,0.0001,0.9997,0.0002,0.0000
Healthy/lyria__P0610__b13.png,Healthy,P0610,1,Healthy,0.0001,0.9996,0.0002,0.0000
Impacted/lyria__P0067__b0.png,Impacted,P0067,1,Impacted,0.0000,0.0025,0.9973,0.0002
Endodontics/lyria__P0067__b0.png,Endodontics,P0067,1,Endodontics,0.8740,0.0877,0.0001,0.0381
Healthy/lyria__P0067__b2.png,Healthy,P0067,1,Healthy,0.0000,1.0000,0.0000,0.0000
Endodontics/lyria__P0065__b0.png,Endodontics,P0065,1,Endodontics,0.9996,0.0003,0.0001,0.0000
Endodontics/lyria__P0065__b1.png,Endodontics,P0065,1,Endodontics,0.5839,0.0992,0.3165,0.0004
Healthy/lyria__P0065__b6.png,Healthy,P0065,1,Healthy,0.0002,0.9990,0.0007,0.0000
Healthy/lyria__P0432__b2.png,Healthy,P0432,1,Healthy,0.1569,0.8428,0.0003,0.0000
Healthy/lyria__P0432__b8.png,Healthy,P0432,1,Healthy,0.0001,0.9997,0.0002,0.0000
Endodontics/lyria__P0004__b0.png,Endodontics,P0004,1,Endodontics,0.9744,0.0220,0.0031,0.0005
Endodontics/lyria__P0004__b1.png,Endodontics,P0004,1,Endodontics,0.9567,0.0426,0.0001,0.0005
Endodontics/lyria__P0004__b2.png,Endodontics,P0004,1,Endodontics,0.9290,0.0430,0.0009,0.0271
Endodontics/lyria__P0004__b3.png,Endodontics,P0004,1,Endodontics,0.8775,0.0527,0.0349,0.0349
Endodontics/lyria__P0004__b4.png,Endodontics,P0004,1,Endodontics,0.9976,0.0005,0.0001,0.0019
Healthy/lyria__P0004__b3.png,Healthy,P0004,1,Healthy,0.0194,0.9795,0.0009,0.0002
Healthy/lyria__P0004__b1.png,Healthy,P0004,1,Healthy,0.0001,0.9999,0.0000,0.0000
Healthy/lyria__P0253__b21.png,Healthy,P0253,1,Healthy,0.0000,0.9997,0.0003,0.0000
Impacted/lyria__P0478__b0.png,Impacted,P0478,1,Healthy,0.0004,0.8165,0.1829,0.0002
Impacted/lyria__P0478__b1.png,Impacted,P0478,1,Impacted,0.0001,0.0610,0.9386,0.0003
Healthy/lyria__P0478__b24.png,Healthy,P0478,1,Healthy,0.0001,0.5315,0.4683,0.0002
Healthy/lyria__P0478__b11.png,Healthy,P0478,1,Healthy,0.0000,0.9996,0.0003,0.0000
Endodontics/lyria__P0547__b0.png,Endodontics,P0547,1,Endodontics,1.0000,0.0000,0.0000,0.0000
Endodontics/lyria__P0547__b1.png,Endodontics,P0547,1,Endodontics,1.0000,0.0000,0.0000,0.0000
Endodontics/lyria__P0547__b2.png,Endodontics,P0547,1,Endodontics,1.0000,0.0000,0.0000,0.0000
Endodontics/lyria__P0547__b3.png,Endodontics,P0547,1,Endodontics,1.0000,0.0000,0.0000,0.0000
Healthy/lyria__P0547__b10.png,Healthy,P0547,1,Healthy,0.0017,0.9982,0.0001,0.0001
Impacted/lyria__P0579__b0.png,Impacted,P0579,1,Impacted,0.0014,0.0112,0.9852,0.0021
Impacted/lyria__P0579__b1.png,Impacted,P0579,1,Impacted,0.0001,0.0001,0.9998,0.0000
Impacted/lyria__P0579__b2.png,Impacted,P0579,1,Impacted,0.0018,0.0426,0.9469,0.0087
Impacted/lyria__P0579__b3.png,Impacted,P0579,1,Impacted,0.0002,0.1101,0.8896,0.0001
Healthy/lyria__P0579__b14.png,Healthy,P0579,1,Healthy,0.0000,0.9998,0.0002,0.0000
Endodontics/lyria__P0099__b0.png,Endodontics,P0099,1,Endodontics,1.0000,0.0000,0.0000,0.0000
Endodontics/lyria__P0099__b1.png,Endodontics,P0099,1,Endodontics,1.0000,0.0000,0.0000,0.0000
Endodontics/lyria__P0099__b2.png,Endodontics,P0099,1,Endodontics,0.9997,0.0000,0.0000,0.0003
Endodontics/lyria__P0099__b3.png,Endodontics,P0099,1,Endodontics,1.0000,0.0000,0.0000,0.0000
Healthy/lyria__P0099__b1.png,Healthy,P0099,1,Healthy,0.0600,0.9382,0.0013,0.0005
Healthy/lyria__P0099__b6.png,Healthy,P0099,1,Healthy,0.0001,0.9999,0.0000,0.0000
Healthy/lyria__P0111__b7.png,Healthy,P0111,1,Healthy,0.0000,0.9999,0.0001,0.0000
Healthy/lyria__P0111__b11.png,Healthy,P0111,1,Healthy,0.0005,0.9949,0.0046,0.0000
Healthy/lyria__P0583__b0.png,Healthy,P0583,1,Healthy,0.0000,1.0000,0.0000,0.0000
Healthy/lyria__P0583__b1.png,Healthy,P0583,1,Healthy,0.0000,1.0000,0.0000,0.0000
Endodontics/lyria__P0160__b0.png,Endodontics,P0160,1,Endodontics,0.9998,0.0001,0.0000,0.0000
Endodontics/lyria__P0160__b1.png,Endodontics,P0160,1,Endodontics,0.9998,0.0001,0.0001,0.0000
Endodontics/lyria__P0160__b2.png,Endodontics,P0160,1,Endodontics,0.9977,0.0004,0.0003,0.0016
Endodontics/lyria__P0160__b3.png,Endodontics,P0160,1,Endodontics,0.9999,0.0000,0.0000,0.0001
Healthy/lyria__P0160__b4.png,Healthy,P0160,1,Healthy,0.0001,0.9998,0.0001,0.0000
Healthy/lyria__P0160__b0.png,Healthy,P0160,1,Healthy,0.2938,0.7060,0.0001,0.0000
Impacted/lyria__P0497__b0.png,Impacted,P0497,1,Impacted,0.0004,0.0285,0.9710,0.0001
Impacted/lyria__P0497__b1.png,Impacted,P0497,1,Impacted,0.0000,0.0001,0.9998,0.0001
Impacted/lyria__P0497__b2.png,Impacted,P0497,1,Impacted,0.0000,0.0005,0.9995,0.0000
Impacted/lyria__P0497__b3.png,Impacted,P0497,1,Impacted,0.0000,0.0271,0.9728,0.0001
Healthy/lyria__P0497__b27.png,Healthy,P0497,1,Healthy,0.0001,0.9906,0.0092,0.0001
Healthy/lyria__P0497__b7.png,Healthy,P0497,1,Healthy,0.0000,0.9999,0.0001,0.0000
Healthy/lyria__P0391__b18.png,Healthy,P0391,1,Healthy,0.0000,1.0000,0.0000,0.0000
Healthy/lyria__P0316__b10.png,Healthy,P0316,1,Healthy,0.0003,0.9988,0.0008,0.0000
Healthy/lyria__P0316__b0.png,Healthy,P0316,1,Healthy,0.0049,0.6258,0.3650,0.0043
Implant/dentex__119.png,Implant,dentex_119,1,Implant,0.0000,0.0000,0.0000,1.0000
Endodontics/lyria__P0176__b0.png,Endodontics,P0176,1,Endodontics,1.0000,0.0000,0.0000,0.0000
Endodontics/lyria__P0176__b1.png,Endodontics,P0176,1,Endodontics,1.0000,0.0000,0.0000,0.0000
Endodontics/lyria__P0176__b2.png,Endodontics,P0176,1,Endodontics,1.0000,0.0000,0.0000,0.0000
Endodontics/lyria__P0176__b3.png,Endodontics,P0176,1,Endodontics,1.0000,0.0000,0.0000,0.0000
Endodontics/lyria__P0176__b4.png,Endodontics,P0176,1,Endodontics,1.0000,0.0000,0.0000,0.0000
Endodontics/lyria__P0176__b5.png,Endodontics,P0176,1,Endodontics,1.0000,0.0000,0.0000,0.0000
Endodontics/lyria__P0176__b6.png,Endodontics,P0176,1,Endodontics,0.9694,0.0076,0.0003,0.0226
Healthy/lyria__P0176__b0.png,Healthy,P0176,1,Impacted,0.0099,0.4043,0.5827,0.0031
Healthy/lyria__P0488__b13.png,Healthy,P0488,1,Healthy,0.0012,0.7596,0.2316,0.0076
Healthy/lyria__P0488__b18.png,Healthy,P0488,1,Healthy,0.0001,0.9983,0.0016,0.0000
Endodontics/lyria__P0630__b0.png,Endodontics,P0630,1,Endodontics,1.0000,0.0000,0.0000,0.0000
Healthy/lyria__P0630__b9.png,Healthy,P0630,1,Healthy,0.0007,0.9965,0.0028,0.0000
Endodontics/lyria__P0588__b0.png,Endodontics,P0588,1,Endodontics,0.9999,0.0000,0.0000,0.0001
Endodontics/lyria__P0588__b1.png,Endodontics,P0588,1,Endodontics,0.9937,0.0000,0.0000,0.0063
Endodontics/lyria__P0588__b2.png,Endodontics,P0588,1,Endodontics,1.0000,0.0000,0.0000,0.0000
Healthy/lyria__P0588__b0.png,Healthy,P0588,1,Healthy,0.0226,0.9752,0.0003,0.0019
Healthy/lyria__P0588__b2.png,Healthy,P0588,1,Healthy,0.0018,0.9981,0.0001,0.0000
Healthy/lyria__P0612__b7.png,Healthy,P0612,1,Healthy,0.0002,0.9995,0.0003,0.0000
Healthy/lyria__P0612__b5.png,Healthy,P0612,1,Healthy,0.0001,0.9997,0.0001,0.0000
Healthy/lyria__P0581__b11.png,Healthy,P0581,1,Healthy,0.0001,0.9998,0.0000,0.0000
Healthy/lyria__P0581__b1.png,Healthy,P0581,1,Healthy,0.0000,1.0000,0.0000,0.0000
Endodontics/lyria__P0368__b0.png,Endodontics,P0368,1,Endodontics,1.0000,0.0000,0.0000,0.0000
Healthy/lyria__P0368__b13.png,Healthy,P0368,1,Healthy,0.0004,0.9994,0.0002,0.0000
Healthy/lyria__P0368__b9.png,Healthy,P0368,1,Endodontics,0.5056,0.4463,0.0459,0.0021
Implant/dentex__61.png,Implant,dentex_61,1,Implant,0.0000,0.0000,0.0000,1.0000
Healthy/lyria__P0013__b4.png,Healthy,P0013,1,Endodontics,0.5633,0.4359,0.0003,0.0005
Healthy/lyria__P0013__b0.png,Healthy,P0013,1,Healthy,0.0000,0.9964,0.0036,0.0000
Endodontics/lyria__P0361__b0.png,Endodontics,P0361,1,Endodontics,0.9961,0.0000,0.0000,0.0039
Endodontics/lyria__P0361__b1.png,Endodontics,P0361,1,Endodontics,1.0000,0.0000,0.0000,0.0000
Endodontics/lyria__P0361__b2.png,Endodontics,P0361,1,Endodontics,0.9999,0.0000,0.0001,0.0000
Healthy/lyria__P0361__b1.png,Healthy,P0361,1,Healthy,0.0000,0.9998,0.0002,0.0000
Implant/dentex__39.png,Implant,dentex_39,1,Implant,0.0002,0.0000,0.0002,0.9996
Endodontics/lyria__P0543__b0.png,Endodontics,P0543,1,Endodontics,1.0000,0.0000,0.0000,0.0000
Endodontics/lyria__P0543__b1.png,Endodontics,P0543,1,Endodontics,0.9866,0.0026,0.0005,0.0103
Endodontics/lyria__P0543__b2.png,Endodontics,P0543,1,Endodontics,0.9639,0.0002,0.0141,0.0218
Endodontics/lyria__P0543__b3.png,Endodontics,P0543,1,Healthy,0.0060,0.5370,0.3358,0.1211
Healthy/lyria__P0455__b7.png,Healthy,P0455,1,Healthy,0.0042,0.9891,0.0062,0.0005
Healthy/lyria__P0455__b3.png,Healthy,P0455,1,Healthy,0.0005,0.9995,0.0000,0.0000
Healthy/lyria__P0710__b0.png,Healthy,P0710,1,Healthy,0.0000,1.0000,0.0000,0.0000
Healthy/lyria__P0710__b1.png,Healthy,P0710,1,Healthy,0.0000,0.9999,0.0000,0.0000
Endodontics/lyria__P0313__b0.png,Endodontics,P0313,1,Endodontics,0.9980,0.0008,0.0000,0.0011
Endodontics/lyria__P0313__b1.png,Endodontics,P0313,1,Endodontics,0.9884,0.0112,0.0003,0.0001
Endodontics/lyria__P0313__b2.png,Endodontics,P0313,1,Endodontics,1.0000,0.0000,0.0000,0.0000
Endodontics/lyria__P0313__b3.png,Endodontics,P0313,1,Endodontics,1.0000,0.0000,0.0000,0.0000
Healthy/lyria__P0313__b0.png,Healthy,P0313,1,Healthy,0.0000,0.9999,0.0001,0.0000
Healthy/lyria__P0313__b2.png,Healthy,P0313,1,Healthy,0.0001,0.9999,0.0000,0.0000
Endodontics/lyria__P0046__b0.png,Endodontics,P0046,1,Healthy,0.4828,0.4948,0.0003,0.0220
Healthy/lyria__P0046__b2.png,Healthy,P0046,1,Healthy,0.0057,0.9942,0.0000,0.0000
Healthy/lyria__P0046__b3.png,Healthy,P0046,1,Healthy,0.0001,0.9994,0.0004,0.0001
Endodontics/lyria__P0406__b0.png,Endodontics,P0406,1,Endodontics,0.9992,0.0007,0.0000,0.0000
Healthy/lyria__P0406__b4.png,Healthy,P0406,1,Healthy,0.0000,0.9995,0.0005,0.0000
Implant/dentex__142.png,Implant,dentex_142,1,Implant,0.0005,0.0000,0.0000,0.9995
Endodontics/lyria__P0386__b0.png,Endodontics,P0386,1,Endodontics,0.9999,0.0000,0.0001,0.0000
Endodontics/lyria__P0386__b1.png,Endodontics,P0386,1,Endodontics,1.0000,0.0000,0.0000,0.0000
Healthy/lyria__P0386__b9.png,Healthy,P0386,1,Healthy,0.1238,0.8681,0.0076,0.0005
Healthy/lyria__P0386__b4.png,Healthy,P0386,1,Healthy,0.0014,0.9927,0.0059,0.0000
Endodontics/lyria__P0651__b0.png,Endodontics,P0651,1,Endodontics,0.9332,0.0008,0.0049,0.0612
Healthy/lyria__P0651__b4.png,Healthy,P0651,1,Healthy,0.0070,0.9113,0.0807,0.0010
Healthy/lyria__P0651__b7.png,Healthy,P0651,1,Healthy,0.0000,0.9999,0.0001,0.0000
Implant/dentex__7.png,Implant,dentex_7,1,Implant,0.0000,0.0000,0.0001,0.9998
Healthy/lyria__P0233__b3.png,Healthy,P0233,1,Healthy,0.0000,1.0000,0.0000,0.0000
Healthy/lyria__P0233__b2.png,Healthy,P0233,1,Healthy,0.0001,0.9967,0.0033,0.0000
Endodontics/lyria__P0652__b0.png,Endodontics,P0652,1,Endodontics,1.0000,0.0000,0.0000,0.0000
Endodontics/lyria__P0652__b1.png,Endodontics,P0652,1,Endodontics,0.9652,0.0006,0.0017,0.0326
Endodontics/lyria__P0652__b2.png,Endodontics,P0652,1,Endodontics,0.8497,0.1161,0.0339,0.0004
Endodontics/lyria__P0652__b3.png,Endodontics,P0652,1,Endodontics,0.9994,0.0000,0.0000,0.0006
Endodontics/lyria__P0652__b4.png,Endodontics,P0652,1,Endodontics,1.0000,0.0000,0.0000,0.0000
Endodontics/lyria__P0652__b5.png,Endodontics,P0652,1,Endodontics,1.0000,0.0000,0.0000,0.0000
Endodontics/lyria__P0652__b6.png,Endodontics,P0652,1,Endodontics,0.9976,0.0021,0.0000,0.0003
Endodontics/lyria__P0652__b7.png,Endodontics,P0652,1,Endodontics,1.0000,0.0000,0.0000,0.0000
Healthy/lyria__P0652__b0.png,Healthy,P0652,1,Healthy,0.0000,0.9999,0.0001,0.0000
Healthy/lyria__P0608__b0.png,Healthy,P0608,1,Healthy,0.0039,0.9951,0.0010,0.0000
Healthy/lyria__P0629__b6.png,Healthy,P0629,1,Healthy,0.0001,0.9988,0.0001,0.0010
Healthy/lyria__P0629__b4.png,Healthy,P0629,1,Healthy,0.0287,0.9481,0.0012,0.0220
Impacted/lyria__P0181__b0.png,Impacted,P0181,1,Impacted,0.0002,0.0123,0.9872,0.0003
Impacted/lyria__P0181__b1.png,Impacted,P0181,1,Impacted,0.0007,0.0005,0.9987,0.0001
Impacted/lyria__P0181__b2.png,Impacted,P0181,1,Impacted,0.0000,0.0498,0.9501,0.0000
Healthy/lyria__P0181__b8.png,Healthy,P0181,1,Healthy,0.0747,0.9241,0.0008,0.0004
Healthy/lyria__P0181__b6.png,Healthy,P0181,1,Healthy,0.0001,0.9998,0.0000,0.0000
Healthy/lyria__P0697__b3.png,Healthy,P0697,1,Healthy,0.0069,0.9856,0.0071,0.0004
Endodontics/lyria__P0689__b0.png,Endodontics,P0689,1,Endodontics,0.9995,0.0000,0.0000,0.0005
Endodontics/lyria__P0689__b1.png,Endodontics,P0689,1,Endodontics,1.0000,0.0000,0.0000,0.0000
Endodontics/lyria__P0689__b2.png,Endodontics,P0689,1,Endodontics,1.0000,0.0000,0.0000,0.0000
Endodontics/lyria__P0689__b3.png,Endodontics,P0689,1,Endodontics,0.9923,0.0000,0.0000,0.0077
Endodontics/lyria__P0689__b4.png,Endodontics,P0689,1,Endodontics,1.0000,0.0000,0.0000,0.0000
Endodontics/lyria__P0689__b5.png,Endodontics,P0689,1,Endodontics,0.9960,0.0013,0.0026,0.0001
Endodontics/lyria__P0689__b6.png,Endodontics,P0689,1,Endodontics,1.0000,0.0000,0.0000,0.0000
Endodontics/lyria__P0689__b7.png,Endodontics,P0689,1,Endodontics,0.9979,0.0014,0.0006,0.0001
Endodontics/lyria__P0689__b8.png,Endodontics,P0689,1,Endodontics,0.9985,0.0006,0.0000,0.0009
Healthy/lyria__P0689__b6.png,Healthy,P0689,1,Healthy,0.0005,0.9950,0.0046,0.0000
Endodontics/lyria__P0558__b0.png,Endodontics,P0558,1,Endodontics,1.0000,0.0000,0.0000,0.0000
Endodontics/lyria__P0558__b1.png,Endodontics,P0558,1,Healthy,0.2173,0.7817,0.0010,0.0000
Endodontics/lyria__P0558__b2.png,Endodontics,P0558,1,Endodontics,1.0000,0.0000,0.0000,0.0000
Healthy/lyria__P0558__b6.png,Healthy,P0558,1,Impacted,0.0310,0.0510,0.9144,0.0036
Healthy/lyria__P0558__b5.png,Healthy,P0558,1,Healthy,0.0000,1.0000,0.0000,0.0000
Healthy/lyria__P0609__b7.png,Healthy,P0609,1,Healthy,0.0000,0.9999,0.0000,0.0000
Endodontics/lyria__P0631__b0.png,Endodontics,P0631,1,Endodontics,1.0000,0.0000,0.0000,0.0000
Healthy/lyria__P0631__b3.png,Healthy,P0631,1,Healthy,0.0035,0.5447,0.4509,0.0008
Healthy/lyria__P0532__b22.png,Healthy,P0532,1,Healthy,0.0002,0.9997,0.0000,0.0000
Healthy/lyria__P0532__b1.png,Healthy,P0532,1,Healthy,0.0001,0.9998,0.0000,0.0001
Endodontics/lyria__P0168__b0.png,Endodontics,P0168,1,Endodontics,0.9995,0.0000,0.0000,0.0005
Endodontics/lyria__P0168__b1.png,Endodontics,P0168,1,Endodontics,0.9165,0.0000,0.0010,0.0825
Endodontics/lyria__P0168__b2.png,Endodontics,P0168,1,Endodontics,0.9994,0.0000,0.0001,0.0006
Endodontics/lyria__P0168__b3.png,Endodontics,P0168,1,Endodontics,1.0000,0.0000,0.0000,0.0000
Endodontics/lyria__P0168__b4.png,Endodontics,P0168,1,Endodontics,1.0000,0.0000,0.0000,0.0000
Endodontics/lyria__P0168__b5.png,Endodontics,P0168,1,Endodontics,1.0000,0.0000,0.0000,0.0000
Healthy/lyria__P0168__b0.png,Healthy,P0168,1,Healthy,0.0001,0.9993,0.0006,0.0000
Endodontics/lyria__P0307__b0.png,Endodontics,P0307,1,Endodontics,1.0000,0.0000,0.0000,0.0000
Endodontics/lyria__P0307__b1.png,Endodontics,P0307,1,Endodontics,0.9999,0.0000,0.0001,0.0000
Endodontics/lyria__P0307__b2.png,Endodontics,P0307,1,Endodontics,0.9992,0.0001,0.0001,0.0006
Endodontics/lyria__P0307__b3.png,Endodontics,P0307,1,Endodontics,1.0000,0.0000,0.0000,0.0000
Healthy/lyria__P0307__b2.png,Healthy,P0307,1,Healthy,0.0023,0.9973,0.0000,0.0004
Healthy/lyria__P0462__b10.png,Healthy,P0462,1,Healthy,0.0005,0.9995,0.0000,0.0000
Healthy/lyria__P0462__b19.png,Healthy,P0462,1,Healthy,0.0000,1.0000,0.0000,0.0000
Endodontics/lyria__P0135__b0.png,Endodontics,P0135,1,Endodontics,0.9978,0.0000,0.0004,0.0017
Healthy/lyria__P0135__b1.png,Healthy,P0135,1,Healthy,0.0325,0.9672,0.0001,0.0002
Healthy/lyria__P0135__b2.png,Healthy,P0135,1,Healthy,0.0001,0.9999,0.0000,0.0000
Endodontics/lyria__P0603__b0.png,Endodontics,P0603,1,Endodontics,1.0000,0.0000,0.0000,0.0000
Endodontics/lyria__P0603__b1.png,Endodontics,P0603,1,Endodontics,0.9752,0.0000,0.0000,0.0248
Healthy/lyria__P0603__b0.png,Healthy,P0603,1,Healthy,0.2907,0.7065,0.0027,0.0000
Endodontics/lyria__P0664__b0.png,Endodontics,P0664,1,Endodontics,0.4996,0.4712,0.0265,0.0027
Healthy/lyria__P0664__b6.png,Healthy,P0664,1,Impacted,0.0009,0.3793,0.6194,0.0003
Healthy/lyria__P0664__b1.png,Healthy,P0664,1,Healthy,0.0001,0.9999,0.0000,0.0000
Endodontics/lyria__P0164__b0.png,Endodontics,P0164,1,Endodontics,1.0000,0.0000,0.0000,0.0000
Endodontics/lyria__P0164__b1.png,Endodontics,P0164,1,Endodontics,0.9998,0.0001,0.0000,0.0002
Endodontics/lyria__P0164__b2.png,Endodontics,P0164,1,Endodontics,0.9999,0.0000,0.0000,0.0001
Endodontics/lyria__P0164__b3.png,Endodontics,P0164,1,Endodontics,0.9995,0.0000,0.0000,0.0005
Endodontics/lyria__P0164__b4.png,Endodontics,P0164,1,Endodontics,0.9988,0.0011,0.0000,0.0001
Endodontics/lyria__P0164__b5.png,Endodontics,P0164,1,Endodontics,0.9997,0.0000,0.0000,0.0003
Endodontics/lyria__P0164__b6.png,Endodontics,P0164,1,Endodontics,0.9998,0.0000,0.0000,0.0002
Healthy/lyria__P0164__b0.png,Healthy,P0164,1,Healthy,0.0015,0.9984,0.0001,0.0000
Healthy/lyria__P0164__b1.png,Healthy,P0164,1,Healthy,0.0003,0.9993,0.0003,0.0000
Healthy/lyria__P0657__b8.png,Healthy,P0657,1,Healthy,0.0003,0.9996,0.0001,0.0000
Endodontics/lyria__P0570__b0.png,Endodontics,P0570,1,Endodontics,1.0000,0.0000,0.0000,0.0000
Endodontics/lyria__P0570__b1.png,Endodontics,P0570,1,Endodontics,0.9998,0.0002,0.0000,0.0000
Endodontics/lyria__P0570__b2.png,Endodontics,P0570,1,Endodontics,1.0000,0.0000,0.0000,0.0000
Endodontics/lyria__P0570__b3.png,Endodontics,P0570,1,Endodontics,0.9515,0.0477,0.0000,0.0008
Endodontics/lyria__P0570__b4.png,Endodontics,P0570,1,Endodontics,0.8263,0.0085,0.1469,0.0183
Healthy/lyria__P0570__b5.png,Healthy,P0570,1,Healthy,0.0003,0.9994,0.0003,0.0000
Healthy/lyria__P0570__b0.png,Healthy,P0570,1,Healthy,0.0284,0.9714,0.0001,0.0001
Endodontics/lyria__P0385__b0.png,Endodontics,P0385,1,Endodontics,0.9998,0.0000,0.0000,0.0001
Healthy/lyria__P0385__b2.png,Healthy,P0385,1,Healthy,0.0091,0.9903,0.0002,0.0004
Healthy/lyria__P0385__b17.png,Healthy,P0385,1,Healthy,0.0003,0.9990,0.0007,0.0000
Endodontics/lyria__P0720__b0.png,Endodontics,P0720,1,Endodontics,0.9983,0.0000,0.0000,0.0017
Endodontics/lyria__P0720__b1.png,Endodontics,P0720,1,Endodontics,0.9998,0.0000,0.0000,0.0002
Endodontics/lyria__P0720__b2.png,Endodontics,P0720,1,Endodontics,0.9978,0.0022,0.0000,0.0000
Endodontics/lyria__P0720__b3.png,Endodontics,P0720,1,Endodontics,0.3668,0.2920,0.3411,0.0001
Healthy/lyria__P0720__b9.png,Healthy,P0720,1,Healthy,0.0003,0.9995,0.0002,0.0000
Impacted/lyria__P0638__b0.png,Impacted,P0638,1,Impacted,0.0000,0.0004,0.9996,0.0000
Impacted/lyria__P0638__b1.png,Impacted,P0638,1,Impacted,0.0000,0.0011,0.9989,0.0000
Healthy/lyria__P0638__b9.png,Healthy,P0638,1,Healthy,0.1732,0.8044,0.0223,0.0002
Healthy/lyria__P0638__b20.png,Healthy,P0638,1,Healthy,0.0026,0.9904,0.0069,0.0000
Endodontics/lyria__P0521__b0.png,Endodontics,P0521,1,Endodontics,0.9705,0.0082,0.0000,0.0212
Endodontics/lyria__P0521__b1.png,Endodontics,P0521,1,Endodontics,0.9994,0.0000,0.0000,0.0006
Healthy/lyria__P0521__b3.png,Healthy,P0521,1,Healthy,0.0005,0.9995,0.0000,0.0000
Healthy/lyria__P0521__b7.png,Healthy,P0521,1,Healthy,0.1326,0.8464,0.0198,0.0012
Healthy/lyria__P0721__b2.png,Healthy,P0721,1,Healthy,0.0027,0.9972,0.0001,0.0000
Healthy/lyria__P0721__b18.png,Healthy,P0721,1,Healthy,0.0001,0.9997,0.0003,0.0000
Endodontics/lyria__P0276__b0.png,Endodontics,P0276,1,Endodontics,0.8749,0.0003,0.0001,0.1246
Endodontics/lyria__P0276__b1.png,Endodontics,P0276,1,Endodontics,0.9993,0.0000,0.0000,0.0006
Healthy/lyria__P0276__b2.png,Healthy,P0276,1,Healthy,0.0297,0.9684,0.0008,0.0011
Healthy/lyria__P0276__b0.png,Healthy,P0276,1,Healthy,0.0000,0.9968,0.0032,0.0000
Healthy/lyria__P0349__b12.png,Healthy,P0349,1,Healthy,0.0006,0.9994,0.0001,0.0000
Endodontics/lyria__P0296__b0.png,Endodontics,P0296,1,Endodontics,0.9997,0.0001,0.0000,0.0001
Endodontics/lyria__P0296__b1.png,Endodontics,P0296,1,Endodontics,0.9885,0.0015,0.0001,0.0099
Endodontics/lyria__P0296__b2.png,Endodontics,P0296,1,Endodontics,1.0000,0.0000,0.0000,0.0000
Endodontics/lyria__P0296__b3.png,Endodontics,P0296,1,Endodontics,0.9995,0.0000,0.0005,0.0000
Endodontics/lyria__P0296__b4.png,Endodontics,P0296,1,Endodontics,0.9997,0.0000,0.0000,0.0003
Healthy/lyria__P0296__b13.png,Healthy,P0296,1,Healthy,0.0001,0.9999,0.0000,0.0000
Healthy/lyria__P0296__b0.png,Healthy,P0296,1,Healthy,0.0048,0.9951,0.0001,0.0000
Endodontics/lyria__P0736__b0.png,Endodontics,P0736,1,Endodontics,0.9686,0.0216,0.0032,0.0066
Endodontics/lyria__P0736__b1.png,Endodontics,P0736,1,Endodontics,0.9981,0.0000,0.0000,0.0019
Healthy/lyria__P0736__b3.png,Healthy,P0736,1,Healthy,0.0000,0.9999,0.0001,0.0000
Healthy/lyria__P0709__b9.png,Healthy,P0709,1,Healthy,0.0605,0.8135,0.0517,0.0742
Healthy/lyria__P0709__b3.png,Healthy,P0709,1,Healthy,0.2160,0.4472,0.0389,0.2980
Implant/dentex__151.png,Implant,dentex_151,1,Implant,0.0000,0.0000,0.0000,1.0000
Healthy/lyria__P0456__b18.png,Healthy,P0456,1,Healthy,0.0124,0.9851,0.0015,0.0011
Impacted/lyria__P0765__b0.png,Impacted,P0765,1,Impacted,0.0002,0.0001,0.9996,0.0000
Impacted/lyria__P0765__b1.png,Impacted,P0765,1,Impacted,0.0000,0.0008,0.9991,0.0000
Healthy/lyria__P0765__b5.png,Healthy,P0765,1,Healthy,0.0003,0.9965,0.0031,0.0000
Endodontics/lyria__P0437__b0.png,Endodontics,P0437,1,Endodontics,1.0000,0.0000,0.0000,0.0000
Endodontics/lyria__P0437__b1.png,Endodontics,P0437,1,Endodontics,0.9954,0.0036,0.0000,0.0009
Healthy/lyria__P0437__b11.png,Healthy,P0437,1,Impacted,0.0004,0.0186,0.9807,0.0002
Healthy/lyria__P0437__b5.png,Healthy,P0437,1,Healthy,0.0049,0.9932,0.0017,0.0003
Endodontics/lyria__P0728__b0.png,Endodontics,P0728,1,Endodontics,0.9999,0.0000,0.0000,0.0000
Healthy/lyria__P0728__b0.png,Healthy,P0728,1,Healthy,0.3341,0.6656,0.0002,0.0001
Healthy/lyria__P0728__b1.png,Healthy,P0728,1,Healthy,0.0011,0.9988,0.0001,0.0000
Healthy/lyria__P0809__b13.png,Healthy,P0809,1,Healthy,0.0005,0.9992,0.0003,0.0000
Healthy/lyria__P0723__b0.png,Healthy,P0723,1,Healthy,0.0000,0.9999,0.0000,0.0000
Healthy/lyria__P0134__b2.png,Healthy,P0134,1,Healthy,0.2175,0.7588,0.0180,0.0056
Healthy/lyria__P0134__b9.png,Healthy,P0134,1,Healthy,0.0003,0.9997,0.0000,0.0000
Healthy/lyria__P0607__b2.png,Healthy,P0607,1,Healthy,0.0001,0.9999,0.0000,0.0000
Healthy/lyria__P0607__b21.png,Healthy,P0607,1,Impacted,0.0001,0.4904,0.5076,0.0019
Endodontics/lyria__P0553__b0.png,Endodontics,P0553,1,Endodontics,1.0000,0.0000,0.0000,0.0000
Endodontics/lyria__P0553__b1.png,Endodontics,P0553,1,Endodontics,1.0000,0.0000,0.0000,0.0000
Healthy/lyria__P0553__b2.png,Healthy,P0553,1,Healthy,0.0005,0.9580,0.0414,0.0000
Healthy/lyria__P0553__b9.png,Healthy,P0553,1,Healthy,0.0001,0.9998,0.0002,0.0000
Endodontics/lyria__P0346__b0.png,Endodontics,P0346,1,Endodontics,0.9999,0.0000,0.0000,0.0000
Healthy/lyria__P0346__b7.png,Healthy,P0346,1,Healthy,0.0002,0.9997,0.0001,0.0000
Healthy/lyria__P0796__b15.png,Healthy,P0796,1,Healthy,0.0000,1.0000,0.0000,0.0000
Healthy/lyria__P0796__b20.png,Healthy,P0796,1,Healthy,0.0001,0.9997,0.0002,0.0000
Healthy/lyria__P0173__b5.png,Healthy,P0173,1,Healthy,0.0000,0.9997,0.0003,0.0000
Healthy/lyria__P0173__b0.png,Healthy,P0173,1,Healthy,0.0015,0.9892,0.0092,0.0000
Endodontics/lyria__P0239__b0.png,Endodontics,P0239,1,Endodontics,0.9992,0.0000,0.0008,0.0000
Endodontics/lyria__P0239__b1.png,Endodontics,P0239,1,Endodontics,0.9691,0.0001,0.0000,0.0307
Healthy/lyria__P0239__b2.png,Healthy,P0239,1,Healthy,0.1869,0.4737,0.0299,0.3096
Healthy/lyria__P0239__b6.png,Healthy,P0239,1,Healthy,0.0000,0.9999,0.0001,0.0000
Implant/lyria__P0768__b0.png,Implant,P0768,1,Implant,0.0000,0.0000,0.0000,1.0000
Implant/lyria__P0768__b1.png,Implant,P0768,1,Implant,0.0000,0.0000,0.0000,1.0000
Healthy/lyria__P0768__b1.png,Healthy,P0768,1,Healthy,0.0000,1.0000,0.0000,0.0000
Healthy/lyria__P0390__b18.png,Healthy,P0390,1,Healthy,0.0000,0.9999,0.0001,0.0000
Healthy/lyria__P0390__b22.png,Healthy,P0390,1,Healthy,0.0000,1.0000,0.0000,0.0000
Healthy/lyria__P0514__b17.png,Healthy,P0514,1,Healthy,0.0007,0.9992,0.0000,0.0000
Healthy/lyria__P0514__b11.png,Healthy,P0514,1,Healthy,0.0000,0.9999,0.0001,0.0000
Healthy/lyria__P0529__b10.png,Healthy,P0529,1,Healthy,0.0000,0.9999,0.0001,0.0000
Healthy/lyria__P0529__b1.png,Healthy,P0529,1,Healthy,0.0002,0.9917,0.0081,0.0000
Endodontics/lyria__P0591__b0.png,Endodontics,P0591,1,Endodontics,0.9955,0.0044,0.0000,0.0001
Endodontics/lyria__P0591__b1.png,Endodontics,P0591,1,Endodontics,0.9831,0.0115,0.0003,0.0051
Endodontics/lyria__P0591__b2.png,Endodontics,P0591,1,Endodontics,0.9951,0.0002,0.0001,0.0046
Endodontics/lyria__P0591__b3.png,Endodontics,P0591,1,Endodontics,0.9650,0.0000,0.0169,0.0181
Endodontics/lyria__P0591__b4.png,Endodontics,P0591,1,Endodontics,0.5800,0.3798,0.0362,0.0040
Endodontics/lyria__P0591__b5.png,Endodontics,P0591,1,Endodontics,0.9998,0.0001,0.0000,0.0000
Endodontics/lyria__P0591__b6.png,Endodontics,P0591,1,Endodontics,0.9962,0.0026,0.0001,0.0011
Endodontics/lyria__P0591__b7.png,Endodontics,P0591,1,Endodontics,0.8288,0.0006,0.0000,0.1705
Endodontics/lyria__P0591__b8.png,Endodontics,P0591,1,Endodontics,0.9998,0.0001,0.0000,0.0001
Endodontics/lyria__P0591__b9.png,Endodontics,P0591,1,Endodontics,0.9985,0.0001,0.0001,0.0013
Healthy/lyria__P0591__b2.png,Healthy,P0591,1,Healthy,0.0000,1.0000,0.0000,0.0000
Healthy/lyria__P0433__b11.png,Healthy,P0433,1,Healthy,0.0000,0.9999,0.0001,0.0000
Healthy/lyria__P0433__b9.png,Healthy,P0433,1,Healthy,0.0002,0.9994,0.0004,0.0000
Healthy/lyria__P0394__b15.png,Healthy,P0394,1,Healthy,0.0001,0.9684,0.0315,0.0000
Healthy/lyria__P0394__b21.png,Healthy,P0394,1,Healthy,0.0000,0.9997,0.0003,0.0000
Endodontics/lyria__P0332__b0.png,Endodontics,P0332,1,Endodontics,1.0000,0.0000,0.0000,0.0000
Endodontics/lyria__P0332__b1.png,Endodontics,P0332,1,Endodontics,1.0000,0.0000,0.0000,0.0000
Healthy/lyria__P0332__b3.png,Healthy,P0332,1,Healthy,0.0005,0.9994,0.0000,0.0000
Healthy/lyria__P0332__b2.png,Healthy,P0332,1,Healthy,0.0000,0.9999,0.0001,0.0000
Healthy/lyria__P0340__b1.png,Healthy,P0340,1,Healthy,0.0001,0.9976,0.0023,0.0000
Healthy/lyria__P0340__b0.png,Healthy,P0340,1,Impacted,0.1106,0.4250,0.4454,0.0190
Healthy/lyria__P0217__b4.png,Healthy,P0217,1,Healthy,0.0188,0.9668,0.0141,0.0003
Healthy/lyria__P0314__b4.png,Healthy,P0314,1,Healthy,0.0049,0.9790,0.0161,0.0000
Healthy/lyria__P0314__b5.png,Healthy,P0314,1,Healthy,0.0410,0.9094,0.0490,0.0005
Endodontics/lyria__P0749__b0.png,Endodontics,P0749,1,Endodontics,0.9735,0.0023,0.0241,0.0001
Healthy/lyria__P0749__b6.png,Healthy,P0749,1,Healthy,0.0001,0.9998,0.0001,0.0000
Healthy/lyria__P0749__b5.png,Healthy,P0749,1,Healthy,0.0007,0.9984,0.0000,0.0008
Endodontics/lyria__P0205__b0.png,Endodontics,P0205,1,Endodontics,0.9793,0.0203,0.0001,0.0002
Endodontics/lyria__P0205__b1.png,Endodontics,P0205,1,Endodontics,0.9994,0.0002,0.0000,0.0005
Endodontics/lyria__P0205__b2.png,Endodontics,P0205,1,Endodontics,1.0000,0.0000,0.0000,0.0000
Healthy/lyria__P0205__b1.png,Healthy,P0205,1,Healthy,0.0000,1.0000,0.0000,0.0000
Healthy/lyria__P0205__b4.png,Healthy,P0205,1,Healthy,0.0001,0.9996,0.0003,0.0000
Impacted/lyria__P0465__b0.png,Impacted,P0465,1,Impacted,0.0000,0.0008,0.9990,0.0002
Impacted/lyria__P0465__b1.png,Impacted,P0465,1,Impacted,0.0000,0.0005,0.9995,0.0001
Healthy/lyria__P0465__b14.png,Healthy,P0465,1,Healthy,0.0000,1.0000,0.0000,0.0000
Endodontics/lyria__P0741__b0.png,Endodontics,P0741,1,Impacted,0.0441,0.3177,0.6377,0.0005
Endodontics/lyria__P0741__b1.png,Endodontics,P0741,1,Endodontics,0.9674,0.0059,0.0102,0.0165
Healthy/lyria__P0741__b8.png,Healthy,P0741,1,Healthy,0.0036,0.9960,0.0004,0.0000
Healthy/lyria__P0741__b3.png,Healthy,P0741,1,Healthy,0.0007,0.9989,0.0004,0.0000
Healthy/lyria__P0429__b23.png,Healthy,P0429,1,Healthy,0.0722,0.9246,0.0026,0.0006
Endodontics/lyria__P0556__b0.png,Endodontics,P0556,1,Endodontics,1.0000,0.0000,0.0000,0.0000
Endodontics/lyria__P0556__b1.png,Endodontics,P0556,1,Endodontics,0.9928,0.0067,0.0000,0.0005
Healthy/lyria__P0556__b2.png,Healthy,P0556,1,Healthy,0.0001,0.9998,0.0002,0.0000
Healthy/lyria__P0556__b1.png,Healthy,P0556,1,Healthy,0.0003,0.9994,0.0002,0.0000
Healthy/lyria__P0641__b2.png,Healthy,P0641,1,Healthy,0.0085,0.9914,0.0001,0.0000
Implant/dentex__8.png,Implant,dentex_8,1,Implant,0.0000,0.0000,0.0000,1.0000
Endodontics/lyria__P0798__b0.png,Endodontics,P0798,1,Endodontics,1.0000,0.0000,0.0000,0.0000
Endodontics/lyria__P0798__b1.png,Endodontics,P0798,1,Endodontics,1.0000,0.0000,0.0000,0.0000
Endodontics/lyria__P0798__b2.png,Endodontics,P0798,1,Impacted,0.4473,0.0120,0.5020,0.0387
Healthy/lyria__P0798__b2.png,Healthy,P0798,1,Healthy,0.0002,0.9997,0.0001,0.0000
Healthy/lyria__P0798__b0.png,Healthy,P0798,1,Healthy,0.0000,1.0000,0.0000,0.0000
Healthy/lyria__P0282__b6.png,Healthy,P0282,1,Healthy,0.0000,1.0000,0.0000,0.0000
Healthy/lyria__P0282__b8.png,Healthy,P0282,1,Healthy,0.0000,1.0000,0.0000,0.0000
Endodontics/lyria__P0094__b0.png,Endodontics,P0094,1,Endodontics,0.9969,0.0030,0.0001,0.0000
Endodontics/lyria__P0094__b1.png,Endodontics,P0094,1,Endodontics,0.7824,0.1454,0.0014,0.0708
Endodontics/lyria__P0094__b2.png,Endodontics,P0094,1,Endodontics,0.9990,0.0009,0.0000,0.0001
Healthy/lyria__P0094__b0.png,Healthy,P0094,1,Healthy,0.0146,0.9640,0.0196,0.0018
Healthy/lyria__P0094__b1.png,Healthy,P0094,1,Healthy,0.0000,0.9975,0.0025,0.0000
Endodontics/lyria__P0227__b0.png,Endodontics,P0227,1,Endodontics,0.7844,0.0087,0.2015,0.0053
Endodontics/lyria__P0227__b1.png,Endodontics,P0227,1,Endodontics,0.9397,0.0534,0.0067,0.0002
Endodontics/lyria__P0227__b2.png,Endodontics,P0227,1,Endodontics,1.0000,0.0000,0.0000,0.0000
Endodontics/lyria__P0227__b3.png,Endodontics,P0227,1,Endodontics,1.0000,0.0000,0.0000,0.0000
Endodontics/lyria__P0227__b4.png,Endodontics,P0227,1,Endodontics,1.0000,0.0000,0.0000,0.0000
Endodontics/lyria__P0227__b5.png,Endodontics,P0227,1,Endodontics,0.9980,0.0018,0.0001,0.0000
Endodontics/lyria__P0227__b6.png,Endodontics,P0227,1,Endodontics,0.9909,0.0087,0.0001,0.0003
Healthy/lyria__P0227__b4.png,Healthy,P0227,1,Healthy,0.0000,1.0000,0.0000,0.0000
Healthy/lyria__P0124__b8.png,Healthy,P0124,1,Healthy,0.0007,0.9987,0.0000,0.0005
Healthy/lyria__P0124__b10.png,Healthy,P0124,1,Healthy,0.0007,0.9958,0.0033,0.0002
Implant/dentex__69.png,Implant,dentex_69,1,Implant,0.0077,0.0150,0.0010,0.9763
Endodontics/lyria__P0295__b0.png,Endodontics,P0295,1,Endodontics,1.0000,0.0000,0.0000,0.0000
Endodontics/lyria__P0295__b1.png,Endodontics,P0295,1,Endodontics,1.0000,0.0000,0.0000,0.0000
Endodontics/lyria__P0295__b2.png,Endodontics,P0295,1,Endodontics,0.9995,0.0004,0.0000,0.0001
Endodontics/lyria__P0295__b3.png,Endodontics,P0295,1,Endodontics,0.9972,0.0000,0.0002,0.0025
Healthy/lyria__P0295__b4.png,Healthy,P0295,1,Healthy,0.0031,0.9968,0.0001,0.0001
Healthy/lyria__P0295__b3.png,Healthy,P0295,1,Healthy,0.0001,0.9988,0.0011,0.0001
Endodontics/lyria__P0024__b0.png,Endodontics,P0024,1,Endodontics,1.0000,0.0000,0.0000,0.0000
Endodontics/lyria__P0024__b1.png,Endodontics,P0024,1,Endodontics,1.0000,0.0000,0.0000,0.0000
Healthy/lyria__P0024__b2.png,Healthy,P0024,1,Healthy,0.0021,0.9979,0.0000,0.0000
Healthy/lyria__P0024__b0.png,Healthy,P0024,1,Healthy,0.0065,0.7694,0.2240,0.0001
Healthy/lyria__P0787__b11.png,Healthy,P0787,1,Healthy,0.0024,0.9524,0.0449,0.0003
Healthy/lyria__P0787__b9.png,Healthy,P0787,1,Healthy,0.0030,0.9646,0.0323,0.0000
Healthy/lyria__P0654__b1.png,Healthy,P0654,1,Healthy,0.0000,0.9995,0.0005,0.0000
Healthy/lyria__P0654__b0.png,Healthy,P0654,1,Healthy,0.0129,0.9810,0.0057,0.0004
Healthy/lyria__P0461__b20.png,Healthy,P0461,1,Healthy,0.0005,0.9990,0.0004,0.0001
Endodontics/lyria__P0806__b0.png,Endodontics,P0806,1,Endodontics,1.0000,0.0000,0.0000,0.0000
Impacted/lyria__P0806__b0.png,Impacted,P0806,1,Impacted,0.0000,0.0000,1.0000,0.0000
Endodontics/lyria__P0806__b1.png,Endodontics,P0806,1,Endodontics,0.9997,0.0000,0.0002,0.0001
Healthy/lyria__P0806__b3.png,Healthy,P0806,1,Healthy,0.0001,0.9990,0.0009,0.0000
Healthy/lyria__P0806__b4.png,Healthy,P0806,1,Healthy,0.0000,0.9999,0.0001,0.0000
Endodontics/lyria__P0131__b0.png,Endodontics,P0131,1,Endodontics,1.0000,0.0000,0.0000,0.0000
Endodontics/lyria__P0131__b1.png,Endodontics,P0131,1,Endodontics,0.9992,0.0000,0.0000,0.0007
Endodontics/lyria__P0131__b2.png,Endodontics,P0131,1,Endodontics,0.7513,0.0003,0.0074,0.2409
Endodontics/lyria__P0131__b3.png,Endodontics,P0131,1,Endodontics,0.9999,0.0000,0.0000,0.0000
Endodontics/lyria__P0131__b4.png,Endodontics,P0131,1,Endodontics,0.9999,0.0001,0.0000,0.0000
Endodontics/lyria__P0131__b5.png,Endodontics,P0131,1,Endodontics,1.0000,0.0000,0.0000,0.0000
Healthy/lyria__P0131__b1.png,Healthy,P0131,1,Healthy,0.0001,0.9999,0.0001,0.0000
Endodontics/lyria__P0267__b0.png,Endodontics,P0267,1,Endodontics,0.9992,0.0000,0.0000,0.0008
Endodontics/lyria__P0267__b1.png,Endodontics,P0267,1,Endodontics,0.9989,0.0000,0.0000,0.0011
Endodontics/lyria__P0267__b2.png,Endodontics,P0267,1,Endodontics,0.9983,0.0000,0.0000,0.0017
Impacted/lyria__P0267__b0.png,Impacted,P0267,1,Impacted,0.0001,0.4597,0.5401,0.0000
Endodontics/lyria__P0267__b3.png,Endodontics,P0267,1,Endodontics,0.9424,0.0005,0.0002,0.0569
Healthy/lyria__P0267__b3.png,Healthy,P0267,1,Healthy,0.0000,0.9998,0.0001,0.0000
Healthy/lyria__P0267__b1.png,Healthy,P0267,1,Healthy,0.0002,0.9997,0.0001,0.0000
Healthy/lyria__P0650__b4.png,Healthy,P0650,1,Healthy,0.0205,0.9764,0.0030,0.0000
Healthy/lyria__P0650__b7.png,Healthy,P0650,1,Healthy,0.0057,0.9173,0.0744,0.0027
Endodontics/lyria__P0548__b0.png,Endodontics,P0548,1,Endodontics,0.9990,0.0005,0.0000,0.0005
Healthy/lyria__P0548__b10.png,Healthy,P0548,1,Healthy,0.0000,0.9999,0.0000,0.0000
Healthy/lyria__P0133__b1.png,Healthy,P0133,1,Healthy,0.0071,0.9836,0.0092,0.0000
Impacted/lyria__P0162__b0.png,Impacted,P0162,1,Impacted,0.0000,0.0003,0.9995,0.0002
Healthy/lyria__P0162__b9.png,Healthy,P0162,1,Healthy,0.0010,0.9989,0.0002,0.0000
Healthy/lyria__P0162__b7.png,Healthy,P0162,1,Healthy,0.0000,1.0000,0.0000,0.0000
Healthy/lyria__P0092__b7.png,Healthy,P0092,1,Healthy,0.0001,0.9998,0.0002,0.0000
Healthy/lyria__P0673__b18.png,Healthy,P0673,1,Healthy,0.0888,0.8940,0.0170,0.0002
Healthy/lyria__P0673__b12.png,Healthy,P0673,1,Healthy,0.0000,0.9999,0.0001,0.0000
Healthy/lyria__P0667__b0.png,Healthy,P0667,1,Healthy,0.0001,0.9959,0.0041,0.0000
Endodontics/lyria__P0415__b0.png,Endodontics,P0415,1,Endodontics,1.0000,0.0000,0.0000,0.0000
Endodontics/lyria__P0415__b1.png,Endodontics,P0415,1,Endodontics,1.0000,0.0000,0.0000,0.0000
Endodontics/lyria__P0415__b2.png,Endodontics,P0415,1,Endodontics,0.9999,0.0000,0.0000,0.0001
Healthy/lyria__P0415__b2.png,Healthy,P0415,1,Healthy,0.0047,0.9941,0.0003,0.0008
Healthy/lyria__P0415__b1.png,Healthy,P0415,1,Healthy,0.0048,0.9939,0.0012,0.0000
Endodontics/lyria__P0146__b0.png,Endodontics,P0146,1,Endodontics,0.9541,0.0104,0.0332,0.0023
Endodontics/lyria__P0146__b1.png,Endodontics,P0146,1,Endodontics,0.9697,0.0253,0.0021,0.0030
Endodontics/lyria__P0146__b2.png,Endodontics,P0146,1,Endodontics,0.9999,0.0000,0.0000,0.0001
Endodontics/lyria__P0146__b3.png,Endodontics,P0146,1,Endodontics,0.9998,0.0001,0.0000,0.0001
Healthy/lyria__P0146__b2.png,Healthy,P0146,1,Healthy,0.0002,0.9976,0.0022,0.0000
Healthy/lyria__P0146__b9.png,Healthy,P0146,1,Healthy,0.0001,0.9998,0.0001,0.0000
Healthy/lyria__P0204__b3.png,Healthy,P0204,1,Healthy,0.0022,0.9976,0.0002,0.0000
Healthy/lyria__P0204__b13.png,Healthy,P0204,1,Healthy,0.0004,0.9995,0.0001,0.0000
Endodontics/lyria__P0563__b0.png,Endodontics,P0563,1,Endodontics,0.9820,0.0045,0.0135,0.0000
Healthy/lyria__P0563__b2.png,Healthy,P0563,1,Healthy,0.0001,0.9999,0.0000,0.0000
Healthy/lyria__P0261__b0.png,Healthy,P0261,1,Healthy,0.0011,0.9915,0.0074,0.0000
Healthy/lyria__P0261__b2.png,Healthy,P0261,1,Healthy,0.0001,0.9998,0.0001,0.0000
Impacted/lyria__P0172__b0.png,Impacted,P0172,1,Impacted,0.0000,0.0002,0.9997,0.0001
Healthy/lyria__P0172__b21.png,Healthy,P0172,1,Healthy,0.0000,0.9992,0.0008,0.0000
Healthy/lyria__P0172__b11.png,Healthy,P0172,1,Healthy,0.0022,0.9941,0.0037,0.0000
Healthy/lyria__P0463__b26.png,Healthy,P0463,1,Healthy,0.0001,0.9998,0.0001,0.0000
Healthy/lyria__P0463__b10.png,Healthy,P0463,1,Healthy,0.0135,0.9864,0.0002,0.0000
Endodontics/lyria__P0441__b0.png,Endodontics,P0441,1,Endodontics,1.0000,0.0000,0.0000,0.0000
Endodontics/lyria__P0441__b1.png,Endodontics,P0441,1,Endodontics,0.9996,0.0003,0.0000,0.0001
Endodontics/lyria__P0441__b2.png,Endodontics,P0441,1,Endodontics,1.0000,0.0000,0.0000,0.0000
Endodontics/lyria__P0441__b3.png,Endodontics,P0441,1,Endodontics,1.0000,0.0000,0.0000,0.0000
Endodontics/lyria__P0441__b4.png,Endodontics,P0441,1,Endodontics,1.0000,0.0000,0.0000,0.0000
Endodontics/lyria__P0441__b5.png,Endodontics,P0441,1,Endodontics,1.0000,0.0000,0.0000,0.0000
Endodontics/lyria__P0441__b6.png,Endodontics,P0441,1,Endodontics,0.9989,0.0000,0.0008,0.0003
Endodontics/lyria__P0441__b7.png,Endodontics,P0441,1,Endodontics,1.0000,0.0000,0.0000,0.0000
Endodontics/lyria__P0441__b8.png,Endodontics,P0441,1,Endodontics,1.0000,0.0000,0.0000,0.0000
Endodontics/lyria__P0441__b9.png,Endodontics,P0441,1,Endodontics,0.9999,0.0001,0.0000,0.0000
Healthy/lyria__P0441__b1.png,Healthy,P0441,1,Healthy,0.0000,1.0000,0.0000,0.0000
Healthy/lyria__P0441__b3.png,Healthy,P0441,1,Healthy,0.0000,1.0000,0.0000,0.0000
Healthy/lyria__P0594__b0.png,Healthy,P0594,1,Healthy,0.0319,0.8625,0.1047,0.0009
Healthy/lyria__P0594__b1.png,Healthy,P0594,1,Healthy,0.0023,0.9920,0.0052,0.0005
Endodontics/lyria__P0802__b0.png,Endodontics,P0802,1,Endodontics,0.9996,0.0000,0.0003,0.0000
Healthy/lyria__P0802__b2.png,Healthy,P0802,1,Healthy,0.0000,1.0000,0.0000,0.0000
Impacted/lyria__P0470__b0.png,Impacted,P0470,1,Impacted,0.0002,0.0025,0.9967,0.0006
Impacted/lyria__P0470__b1.png,Impacted,P0470,1,Impacted,0.0000,0.0078,0.9922,0.0000
Healthy/lyria__P0470__b12.png,Healthy,P0470,1,Impacted,0.0004,0.1202,0.8793,0.0001
Healthy/lyria__P0470__b11.png,Healthy,P0470,1,Healthy,0.0004,0.9909,0.0087,0.0001
Implant/dentex__124.png,Implant,dentex_124,1,Implant,0.0001,0.0000,0.0000,0.9999
Endodontics/lyria__P0405__b0.png,Endodontics,P0405,1,Endodontics,1.0000,0.0000,0.0000,0.0000
Healthy/lyria__P0405__b5.png,Healthy,P0405,1,Healthy,0.0029,0.9969,0.0002,0.0001
Healthy/lyria__P0405__b2.png,Healthy,P0405,1,Healthy,0.0000,0.9997,0.0003,0.0000
Impacted/lyria__P0238__b0.png,Impacted,P0238,1,Impacted,0.0000,0.0000,1.0000,0.0000
Impacted/lyria__P0238__b1.png,Impacted,P0238,1,Impacted,0.0000,0.0001,0.9999,0.0000
Healthy/lyria__P0238__b4.png,Healthy,P0238,1,Healthy,0.0000,0.9997,0.0002,0.0000
Healthy/lyria__P0238__b0.png,Healthy,P0238,1,Healthy,0.0001,0.9586,0.0413,0.0000
Endodontics/lyria__P0074__b0.png,Endodontics,P0074,1,Endodontics,0.9624,0.0007,0.0367,0.0002
Endodontics/lyria__P0074__b1.png,Endodontics,P0074,1,Endodontics,1.0000,0.0000,0.0000,0.0000
Endodontics/lyria__P0074__b2.png,Endodontics,P0074,1,Endodontics,1.0000,0.0000,0.0000,0.0000
Endodontics/lyria__P0074__b3.png,Endodontics,P0074,1,Endodontics,1.0000,0.0000,0.0000,0.0000
Endodontics/lyria__P0074__b4.png,Endodontics,P0074,1,Endodontics,1.0000,0.0000,0.0000,0.0000
Healthy/lyria__P0074__b3.png,Healthy,P0074,1,Healthy,0.0000,0.9998,0.0002,0.0000
Healthy/lyria__P0074__b1.png,Healthy,P0074,1,Healthy,0.0014,0.9983,0.0003,0.0000
Healthy/lyria__P0300__b25.png,Healthy,P0300,1,Impacted,0.0000,0.0163,0.9836,0.0000
Healthy/lyria__P0300__b23.png,Healthy,P0300,1,Healthy,0.0106,0.9889,0.0005,0.0000
Healthy/lyria__P0039__b9.png,Healthy,P0039,1,Healthy,0.0004,0.9942,0.0053,0.0000
Healthy/lyria__P0039__b5.png,Healthy,P0039,1,Healthy,0.0002,0.9986,0.0012,0.0000
Healthy/lyria__P0727__b3.png,Healthy,P0727,1,Healthy,0.0000,0.9993,0.0007,0.0000
Healthy/lyria__P0727__b4.png,Healthy,P0727,1,Healthy,0.0272,0.9599,0.0078,0.0051
Endodontics/lyria__P0053__b0.png,Endodontics,P0053,1,Endodontics,0.6426,0.3567,0.0007,0.0000
Impacted/lyria__P0053__b0.png,Impacted,P0053,1,Impacted,0.0000,0.0000,1.0000,0.0000
Healthy/lyria__P0053__b9.png,Healthy,P0053,1,Healthy,0.0056,0.9944,0.0001,0.0000
Healthy/lyria__P0674__b1.png,Healthy,P0674,1,Healthy,0.0001,0.9995,0.0005,0.0000
Healthy/lyria__P0674__b5.png,Healthy,P0674,1,Healthy,0.0004,0.9940,0.0056,0.0000
Healthy/lyria__P0458__b5.png,Healthy,P0458,1,Healthy,0.0258,0.9576,0.0153,0.0014
Healthy/lyria__P0458__b22.png,Healthy,P0458,1,Healthy,0.0003,0.9997,0.0001,0.0000
Endodontics/lyria__P0592__b0.png,Endodontics,P0592,1,Endodontics,0.9952,0.0000,0.0000,0.0048
Endodontics/lyria__P0592__b1.png,Endodontics,P0592,1,Endodontics,0.9940,0.0000,0.0000,0.0060
Endodontics/lyria__P0592__b2.png,Endodontics,P0592,1,Endodontics,1.0000,0.0000,0.0000,0.0000
Healthy/lyria__P0592__b6.png,Healthy,P0592,1,Healthy,0.0270,0.9456,0.0250,0.0025
Healthy/lyria__P0592__b5.png,Healthy,P0592,1,Healthy,0.0003,0.9990,0.0007,0.0000
Healthy/lyria__P0495__b6.png,Healthy,P0495,1,Healthy,0.0001,0.9993,0.0006,0.0000
Healthy/lyria__P0495__b10.png,Healthy,P0495,1,Healthy,0.0000,1.0000,0.0000,0.0000
Healthy/lyria__P0476__b9.png,Healthy,P0476,1,Healthy,0.0002,0.9997,0.0001,0.0000
Healthy/lyria__P0476__b21.png,Healthy,P0476,1,Healthy,0.0000,0.9999,0.0001,0.0000
Healthy/lyria__P0760__b3.png,Healthy,P0760,1,Healthy,0.0000,0.9993,0.0007,0.0000
Healthy/lyria__P0760__b2.png,Healthy,P0760,1,Healthy,0.0000,0.9999,0.0001,0.0000
Impacted/lyria__P0079__b0.png,Impacted,P0079,1,Impacted,0.0000,0.0000,1.0000,0.0000
Impacted/lyria__P0079__b1.png,Impacted,P0079,1,Impacted,0.0000,0.0000,1.0000,0.0000
Impacted/lyria__P0079__b2.png,Impacted,P0079,1,Impacted,0.0000,0.0002,0.9998,0.0000
Impacted/lyria__P0079__b3.png,Impacted,P0079,1,Impacted,0.0003,0.0153,0.9844,0.0001
Healthy/lyria__P0079__b16.png,Healthy,P0079,1,Healthy,0.0001,0.9999,0.0000,0.0000
Endodontics/lyria__P0753__b0.png,Endodontics,P0753,1,Endodontics,0.9575,0.0411,0.0007,0.0007
Endodontics/lyria__P0753__b1.png,Endodontics,P0753,1,Endodontics,0.9796,0.0091,0.0027,0.0086
Healthy/lyria__P0753__b4.png,Healthy,P0753,1,Healthy,0.0001,0.9993,0.0006,0.0000
Healthy/lyria__P0753__b6.png,Healthy,P0753,1,Healthy,0.0056,0.9886,0.0052,0.0006
Healthy/lyria__P0258__b1.png,Healthy,P0258,1,Impacted,0.0173,0.0000,0.9824,0.0003
Healthy/lyria__P0258__b0.png,Healthy,P0258,1,Impacted,0.0001,0.0152,0.9846,0.0002
Healthy/lyria__P0486__b17.png,Healthy,P0486,1,Healthy,0.0000,1.0000,0.0000,0.0000
Healthy/lyria__P0486__b15.png,Healthy,P0486,1,Healthy,0.0003,0.9996,0.0001,0.0000
Endodontics/lyria__P0037__b0.png,Endodontics,P0037,1,Endodontics,0.8525,0.0025,0.0002,0.1448
Healthy/lyria__P0037__b1.png,Healthy,P0037,1,Healthy,0.0025,0.9957,0.0017,0.0001
Healthy/lyria__P0037__b4.png,Healthy,P0037,1,Healthy,0.0008,0.9990,0.0001,0.0001
Endodontics/lyria__P0277__b0.png,Endodontics,P0277,1,Endodontics,0.9995,0.0000,0.0004,0.0002
Endodontics/lyria__P0277__b1.png,Endodontics,P0277,1,Endodontics,1.0000,0.0000,0.0000,0.0000
Endodontics/lyria__P0277__b2.png,Endodontics,P0277,1,Endodontics,0.9999,0.0001,0.0000,0.0000
Endodontics/lyria__P0277__b3.png,Endodontics,P0277,1,Endodontics,0.9974,0.0002,0.0002,0.0022
Endodontics/lyria__P0277__b4.png,Endodontics,P0277,1,Healthy,0.0657,0.8703,0.0632,0.0008
Healthy/lyria__P0277__b2.png,Healthy,P0277,1,Healthy,0.0006,0.9989,0.0004,0.0001
Healthy/lyria__P0277__b5.png,Healthy,P0277,1,Healthy,0.0002,0.9995,0.0003,0.0000
Impacted/lyria__P0764__b0.png,Impacted,P0764,1,Impacted,0.0006,0.0602,0.9389,0.0003
Impacted/lyria__P0764__b1.png,Impacted,P0764,1,Impacted,0.0001,0.0010,0.9989,0.0000
Impacted/lyria__P0764__b2.png,Impacted,P0764,1,Impacted,0.0000,0.0003,0.9997,0.0000
Healthy/lyria__P0764__b1.png,Healthy,P0764,1,Healthy,0.0001,0.9990,0.0009,0.0000
Healthy/lyria__P0764__b7.png,Healthy,P0764,1,Healthy,0.0025,0.9909,0.0022,0.0045
Endodontics/lyria__P0626__b0.png,Endodontics,P0626,1,Endodontics,0.9999,0.0000,0.0000,0.0001
Endodontics/lyria__P0626__b1.png,Endodontics,P0626,1,Endodontics,0.9076,0.0550,0.0355,0.0019
Healthy/lyria__P0626__b0.png,Healthy,P0626,1,Healthy,0.0001,0.9998,0.0000,0.0000
Healthy/lyria__P0624__b9.png,Healthy,P0624,1,Healthy,0.0000,1.0000,0.0000,0.0000
Healthy/lyria__P0725__b9.png,Healthy,P0725,1,Healthy,0.0022,0.9975,0.0003,0.0000
Healthy/lyria__P0725__b1.png,Healthy,P0725,1,Healthy,0.0086,0.9911,0.0003,0.0000
Implant/dentex__126.png,Implant,dentex_126,1,Implant,0.0010,0.0000,0.0000,0.9990
Endodontics/lyria__P0194__b0.png,Endodontics,P0194,1,Endodontics,0.9999,0.0000,0.0000,0.0001
Endodontics/lyria__P0194__b1.png,Endodontics,P0194,1,Endodontics,1.0000,0.0000,0.0000,0.0000
Endodontics/lyria__P0194__b2.png,Endodontics,P0194,1,Endodontics,1.0000,0.0000,0.0000,0.0000
Healthy/lyria__P0194__b5.png,Healthy,P0194,1,Healthy,0.0031,0.9938,0.0013,0.0017
Healthy/lyria__P0194__b10.png,Healthy,P0194,1,Healthy,0.0039,0.9957,0.0004,0.0000
Endodontics/lyria__P0041__b0.png,Endodontics,P0041,1,Endodontics,1.0000,0.0000,0.0000,0.0000
Healthy/lyria__P0041__b0.png,Healthy,P0041,1,Healthy,0.2714,0.7256,0.0012,0.0018
Healthy/lyria__P0041__b1.png,Healthy,P0041,1,Healthy,0.0007,0.9993,0.0000,0.0000
Healthy/lyria__P0658__b20.png,Healthy,P0658,1,Healthy,0.0003,0.9991,0.0005,0.0000
Healthy/lyria__P0658__b4.png,Healthy,P0658,1,Healthy,0.4300,0.5645,0.0055,0.0000
Endodontics/lyria__P0232__b0.png,Endodontics,P0232,1,Endodontics,1.0000,0.0000,0.0000,0.0000
Healthy/lyria__P0232__b0.png,Healthy,P0232,1,Healthy,0.0097,0.9902,0.0001,0.0000
Healthy/lyria__P0232__b3.png,Healthy,P0232,1,Healthy,0.0000,0.9982,0.0018,0.0000
Healthy/lyria__P0481__b10.png,Healthy,P0481,1,Healthy,0.0000,1.0000,0.0000,0.0000
Healthy/lyria__P0481__b20.png,Healthy,P0481,1,Healthy,0.0010,0.7667,0.2323,0.0000
Healthy/lyria__P0586__b15.png,Healthy,P0586,1,Healthy,0.0000,0.9994,0.0006,0.0000
Healthy/lyria__P0586__b16.png,Healthy,P0586,1,Healthy,0.0063,0.9936,0.0001,0.0000
Healthy/lyria__P0616__b2.png,Healthy,P0616,1,Healthy,0.0014,0.9792,0.0152,0.0042
Healthy/lyria__P0616__b1.png,Healthy,P0616,1,Healthy,0.0106,0.9890,0.0001,0.0004
Impacted/lyria__P0477__b0.png,Impacted,P0477,1,Impacted,0.0000,0.0018,0.9982,0.0000
Impacted/lyria__P0477__b1.png,Impacted,P0477,1,Impacted,0.0000,0.0007,0.9992,0.0000
Healthy/lyria__P0477__b21.png,Healthy,P0477,1,Healthy,0.0000,1.0000,0.0000,0.0000
Healthy/lyria__P0477__b8.png,Healthy,P0477,1,Healthy,0.0021,0.9977,0.0001,0.0000
Healthy/lyria__P0488__b0.png,Healthy,P0488,0,Healthy,0.0134,0.9311,0.0354,0.0201
Healthy/lyria__P0488__b1.png,Healthy,P0488,0,Healthy,0.0068,0.6518,0.3346,0.0068
Healthy/lyria__P0488__b2.png,Healthy,P0488,0,Healthy,0.0000,0.9999,0.0000,0.0000
Healthy/lyria__P0488__b3.png,Healthy,P0488,0,Healthy,0.0001,0.9999,0.0000,0.0000
Healthy/lyria__P0488__b4.png,Healthy,P0488,0,Healthy,0.0006,0.9992,0.0002,0.0000
Healthy/lyria__P0488__b5.png,Healthy,P0488,0,Healthy,0.0037,0.9814,0.0143,0.0005
Healthy/lyria__P0488__b6.png,Healthy,P0488,0,Healthy,0.0022,0.9920,0.0058,0.0000
Healthy/lyria__P0488__b7.png,Healthy,P0488,0,Healthy,0.0002,0.9994,0.0003,0.0000
Healthy/lyria__P0488__b8.png,Healthy,P0488,0,Healthy,0.0000,0.9995,0.0005,0.0000
Healthy/lyria__P0488__b9.png,Healthy,P0488,0,Healthy,0.0002,0.9998,0.0000,0.0000
Healthy/lyria__P0488__b10.png,Healthy,P0488,0,Healthy,0.0038,0.9960,0.0003,0.0000
Healthy/lyria__P0488__b11.png,Healthy,P0488,0,Healthy,0.0030,0.9895,0.0075,0.0000
Healthy/lyria__P0488__b12.png,Healthy,P0488,0,Healthy,0.0033,0.7588,0.2373,0.0005
Healthy/lyria__P0488__b14.png,Healthy,P0488,0,Healthy,0.0001,0.9868,0.0131,0.0000
Healthy/lyria__P0488__b15.png,Healthy,P0488,0,Healthy,0.0001,0.9935,0.0064,0.0000
Healthy/lyria__P0488__b16.png,Healthy,P0488,0,Healthy,0.0005,0.9946,0.0049,0.0000
Healthy/lyria__P0488__b17.png,Healthy,P0488,0,Healthy,0.0001,0.9995,0.0004,0.0000
Healthy/lyria__P0488__b19.png,Healthy,P0488,0,Healthy,0.0000,0.9993,0.0007,0.0000
Healthy/lyria__P0488__b20.png,Healthy,P0488,0,Healthy,0.0001,0.9999,0.0000,0.0000
Healthy/lyria__P0488__b21.png,Healthy,P0488,0,Healthy,0.0000,0.9999,0.0000,0.0000
Healthy/lyria__P0488__b22.png,Healthy,P0488,0,Healthy,0.0000,0.9999,0.0001,0.0000
Healthy/lyria__P0488__b23.png,Healthy,P0488,0,Healthy,0.0000,0.9997,0.0002,0.0000
Healthy/lyria__P0488__b24.png,Healthy,P0488,0,Healthy,0.0000,1.0000,0.0000,0.0000
Healthy/lyria__P0488__b25.png,Healthy,P0488,0,Healthy,0.0001,0.9997,0.0002,0.0000
Healthy/lyria__P0488__b26.png,Healthy,P0488,0,Healthy,0.0003,0.9995,0.0001,0.0000
Healthy/lyria__P0488__b27.png,Healthy,P0488,0,Healthy,0.0000,0.9985,0.0014,0.0000
Healthy/lyria__P0490__b1.png,Healthy,P0490,0,Healthy,0.0004,0.9959,0.0017,0.0020
Healthy/lyria__P0490__b2.png,Healthy,P0490,0,Healthy,0.0006,0.9971,0.0023,0.0000
Healthy/lyria__P0490__b3.png,Healthy,P0490,0,Healthy,0.0006,0.9993,0.0001,0.0000
Healthy/lyria__P0490__b4.png,Healthy,P0490,0,Healthy,0.0016,0.9984,0.0001,0.0000
Healthy/lyria__P0490__b5.png,Healthy,P0490,0,Healthy,0.0002,0.9997,0.0000,0.0000
Healthy/lyria__P0490__b6.png,Healthy,P0490,0,Healthy,0.0002,0.9998,0.0000,0.0000
Healthy/lyria__P0490__b7.png,Healthy,P0490,0,Healthy,0.0002,0.9995,0.0002,0.0000
Healthy/lyria__P0490__b8.png,Healthy,P0490,0,Healthy,0.0020,0.9977,0.0003,0.0000
Healthy/lyria__P0490__b9.png,Healthy,P0490,0,Healthy,0.0001,0.9998,0.0000,0.0000
Healthy/lyria__P0490__b10.png,Healthy,P0490,0,Healthy,0.0016,0.9978,0.0006,0.0000
Healthy/lyria__P0490__b11.png,Healthy,P0490,0,Healthy,0.0002,0.9996,0.0002,0.0000
Healthy/lyria__P0490__b12.png,Healthy,P0490,0,Healthy,0.0002,0.9998,0.0000,0.0000
Healthy/lyria__P0490__b13.png,Healthy,P0490,0,Healthy,0.0004,0.9991,0.0005,0.0000
Healthy/lyria__P0490__b14.png,Healthy,P0490,0,Healthy,0.0002,0.9850,0.0148,0.0000
Healthy/lyria__P0490__b16.png,Healthy,P0490,0,Healthy,0.0001,0.9997,0.0001,0.0000
Healthy/lyria__P0490__b17.png,Healthy,P0490,0,Healthy,0.0002,0.9994,0.0001,0.0003
Healthy/lyria__P0490__b18.png,Healthy,P0490,0,Healthy,0.0000,1.0000,0.0000,0.0000
Healthy/lyria__P0490__b19.png,Healthy,P0490,0,Healthy,0.0000,0.9999,0.0001,0.0000
Healthy/lyria__P0490__b20.png,Healthy,P0490,0,Healthy,0.0000,1.0000,0.0000,0.0000
Healthy/lyria__P0490__b21.png,Healthy,P0490,0,Healthy,0.0031,0.9727,0.0242,0.0000
Healthy/lyria__P0490__b22.png,Healthy,P0490,0,Healthy,0.0003,0.9993,0.0003,0.0000
Healthy/lyria__P0490__b23.png,Healthy,P0490,0,Healthy,0.0000,0.9997,0.0003,0.0000
Healthy/lyria__P0490__b24.png,Healthy,P0490,0,Healthy,0.0000,0.9998,0.0002,0.0000
Healthy/lyria__P0490__b25.png,Healthy,P0490,0,Healthy,0.0000,1.0000,0.0000,0.0000
Healthy/lyria__P0490__b26.png,Healthy,P0490,0,Healthy,0.0000,0.9995,0.0005,0.0000
Healthy/lyria__P0490__b27.png,Healthy,P0490,0,Healthy,0.0001,0.9957,0.0041,0.0001
Healthy/lyria__P0490__b28.png,Healthy,P0490,0,Healthy,0.0001,0.6993,0.3006,0.0000
Healthy/lyria__P0490__b29.png,Healthy,P0490,0,Healthy,0.0001,0.9715,0.0284,0.0000
Healthy/lyria__P0490__b30.png,Healthy,P0490,0,Healthy,0.0003,0.9896,0.0101,0.0000
Healthy/lyria__P0490__b31.png,Healthy,P0490,0,Healthy,0.0000,0.9839,0.0160,0.0000
Healthy/lyria__P0491__b0.png,Healthy,P0491,0,Healthy,0.0009,0.9985,0.0006,0.0001
Healthy/lyria__P0491__b2.png,Healthy,P0491,0,Healthy,0.0041,0.9956,0.0004,0.0000
Healthy/lyria__P0491__b3.png,Healthy,P0491,0,Healthy,0.0000,1.0000,0.0000,0.0000
Healthy/lyria__P0491__b4.png,Healthy,P0491,0,Healthy,0.0114,0.9886,0.0001,0.0000
Healthy/lyria__P0491__b5.png,Healthy,P0491,0,Healthy,0.0003,0.9993,0.0004,0.0000
Healthy/lyria__P0491__b6.png,Healthy,P0491,0,Healthy,0.0002,0.9787,0.0208,0.0003
Healthy/lyria__P0491__b7.png,Healthy,P0491,0,Healthy,0.0022,0.8267,0.1709,0.0002
Healthy/lyria__P0491__b8.png,Healthy,P0491,0,Healthy,0.0006,0.9992,0.0001,0.0000
Healthy/lyria__P0491__b9.png,Healthy,P0491,0,Healthy,0.0056,0.9918,0.0026,0.0000
Healthy/lyria__P0491__b10.png,Healthy,P0491,0,Healthy,0.0003,0.9983,0.0014,0.0000
Healthy/lyria__P0491__b11.png,Healthy,P0491,0,Healthy,0.0007,0.9991,0.0002,0.0000
Healthy/lyria__P0491__b12.png,Healthy,P0491,0,Healthy,0.0000,0.9994,0.0006,0.0000
Healthy/lyria__P0491__b13.png,Healthy,P0491,0,Healthy,0.0000,0.9988,0.0012,0.0000
Healthy/lyria__P0491__b14.png,Healthy,P0491,0,Impacted,0.0055,0.3623,0.6305,0.0017
Healthy/lyria__P0491__b15.png,Healthy,P0491,0,Healthy,0.0000,0.9998,0.0002,0.0000
Healthy/lyria__P0491__b16.png,Healthy,P0491,0,Healthy,0.0001,0.9940,0.0059,0.0000
Healthy/lyria__P0491__b17.png,Healthy,P0491,0,Healthy,0.0000,0.9996,0.0004,0.0000
Healthy/lyria__P0491__b18.png,Healthy,P0491,0,Healthy,0.0005,0.9994,0.0000,0.0000
Healthy/lyria__P0491__b20.png,Healthy,P0491,0,Healthy,0.0000,1.0000,0.0000,0.0000
Healthy/lyria__P0491__b21.png,Healthy,P0491,0,Healthy,0.0000,0.9998,0.0001,0.0000
Healthy/lyria__P0491__b22.png,Healthy,P0491,0,Healthy,0.0000,0.9999,0.0001,0.0000
Healthy/lyria__P0491__b23.png,Healthy,P0491,0,Healthy,0.0000,0.9999,0.0001,0.0000
Healthy/lyria__P0491__b24.png,Healthy,P0491,0,Healthy,0.0000,0.9999,0.0001,0.0000
Healthy/lyria__P0491__b25.png,Healthy,P0491,0,Healthy,0.0001,0.9994,0.0004,0.0000
Healthy/lyria__P0491__b26.png,Healthy,P0491,0,Healthy,0.0013,0.9837,0.0149,0.0001
Healthy/lyria__P0491__b27.png,Healthy,P0491,0,Impacted,0.0002,0.3784,0.6214,0.0000
Healthy/lyria__P0492__b0.png,Healthy,P0492,0,Healthy,0.0004,0.7221,0.2775,0.0000
Healthy/lyria__P0492__b1.png,Healthy,P0492,0,Healthy,0.0098,0.8993,0.0909,0.0000
Healthy/lyria__P0492__b2.png,Healthy,P0492,0,Healthy,0.0269,0.5232,0.4494,0.0005
Healthy/lyria__P0492__b3.png,Healthy,P0492,0,Healthy,0.0010,0.9946,0.0044,0.0000
Healthy/lyria__P0492__b4.png,Healthy,P0492,0,Healthy,0.0026,0.9974,0.0000,0.0000
Healthy/lyria__P0492__b5.png,Healthy,P0492,0,Healthy,0.0021,0.9976,0.0003,0.0000
Healthy/lyria__P0492__b6.png,Healthy,P0492,0,Healthy,0.0004,0.9995,0.0001,0.0000
Healthy/lyria__P0492__b8.png,Healthy,P0492,0,Healthy,0.0002,0.9998,0.0000,0.0000
Healthy/lyria__P0492__b9.png,Healthy,P0492,0,Healthy,0.0017,0.9983,0.0001,0.0000
Healthy/lyria__P0492__b10.png,Healthy,P0492,0,Healthy,0.0012,0.9987,0.0001,0.0000
Healthy/lyria__P0492__b11.png,Healthy,P0492,0,Healthy,0.0002,0.9997,0.0001,0.0000
Healthy/lyria__P0492__b12.png,Healthy,P0492,0,Healthy,0.0013,0.9984,0.0003,0.0000
Healthy/lyria__P0492__b13.png,Healthy,P0492,0,Healthy,0.0065,0.6851,0.2883,0.0200
Healthy/lyria__P0492__b15.png,Healthy,P0492,0,Healthy,0.0000,0.9962,0.0038,0.0000
Healthy/lyria__P0492__b16.png,Healthy,P0492,0,Healthy,0.0004,0.8414,0.1580,0.0001
Healthy/lyria__P0492__b17.png,Healthy,P0492,0,Healthy,0.0000,1.0000,0.0000,0.0000
Healthy/lyria__P0492__b18.png,Healthy,P0492,0,Healthy,0.0000,1.0000,0.0000,0.0000
Healthy/lyria__P0492__b19.png,Healthy,P0492,0,Healthy,0.0000,0.9999,0.0001,0.0000
Healthy/lyria__P0492__b20.png,Healthy,P0492,0,Healthy,0.0000,0.9993,0.0007,0.0000
Healthy/lyria__P0492__b21.png,Healthy,P0492,0,Healthy,0.0000,0.9999,0.0001,0.0000
Healthy/lyria__P0492__b22.png,Healthy,P0492,0,Healthy,0.0000,0.9999,0.0000,0.0000
Healthy/lyria__P0492__b23.png,Healthy,P0492,0,Healthy,0.0001,0.9891,0.0108,0.0000
Healthy/lyria__P0492__b24.png,Healthy,P0492,0,Healthy,0.0019,0.9945,0.0036,0.0000
Healthy/lyria__P0492__b25.png,Healthy,P0492,0,Healthy,0.0128,0.9869,0.0003,0.0001
Healthy/lyria__P0492__b26.png,Healthy,P0492,0,Healthy,0.3038,0.6959,0.0002,0.0000
Healthy/lyria__P0492__b27.png,Healthy,P0492,0,Healthy,0.1364,0.4354,0.4260,0.0022
Healthy/lyria__P0494__b0.png,Healthy,P0494,0,Healthy,0.0050,0.9889,0.0060,0.0001
Healthy/lyria__P0494__b1.png,Healthy,P0494,0,Healthy,0.0001,0.9999,0.0000,0.0000
Healthy/lyria__P0494__b2.png,Healthy,P0494,0,Healthy,0.0020,0.9980,0.0000,0.0000
Healthy/lyria__P0494__b3.png,Healthy,P0494,0,Healthy,0.1151,0.8847,0.0001,0.0002
Healthy/lyria__P0494__b4.png,Healthy,P0494,0,Healthy,0.0010,0.9987,0.0003,0.0000
Healthy/lyria__P0494__b5.png,Healthy,P0494,0,Healthy,0.0001,0.9998,0.0001,0.0000
Healthy/lyria__P0494__b7.png,Healthy,P0494,0,Healthy,0.0000,0.9999,0.0001,0.0000
Healthy/lyria__P0494__b8.png,Healthy,P0494,0,Healthy,0.0001,0.9998,0.0000,0.0000
Healthy/lyria__P0494__b9.png,Healthy,P0494,0,Healthy,0.0000,1.0000,0.0000,0.0000
Healthy/lyria__P0494__b10.png,Healthy,P0494,0,Healthy,0.0002,0.9990,0.0008,0.0000
Healthy/lyria__P0494__b11.png,Healthy,P0494,0,Healthy,0.0000,0.9996,0.0004,0.0000
Healthy/lyria__P0494__b12.png,Healthy,P0494,0,Healthy,0.0002,0.9918,0.0080,0.0000
Healthy/lyria__P0494__b14.png,Healthy,P0494,0,Healthy,0.0065,0.9893,0.0042,0.0000
Healthy/lyria__P0494__b15.png,Healthy,P0494,0,Healthy,0.0031,0.9960,0.0009,0.0000
Healthy/lyria__P0495__b0.png,Healthy,P0495,0,Impacted,0.0087,0.4657,0.5245,0.0010
Healthy/lyria__P0495__b1.png,Healthy,P0495,0,Healthy,0.0017,0.9978,0.0005,0.0000
Healthy/lyria__P0495__b2.png,Healthy,P0495,0,Impacted,0.0086,0.3879,0.6030,0.0005
Healthy/lyria__P0495__b3.png,Healthy,P0495,0,Healthy,0.0001,0.9999,0.0000,0.0000
Healthy/lyria__P0495__b4.png,Healthy,P0495,0,Healthy,0.0009,0.9990,0.0002,0.0000
Healthy/lyria__P0495__b5.png,Healthy,P0495,0,Healthy,0.0017,0.9978,0.0003,0.0002
Healthy/lyria__P0495__b7.png,Healthy,P0495,0,Healthy,0.0012,0.9960,0.0028,0.0000
Healthy/lyria__P0495__b8.png,Healthy,P0495,0,Healthy,0.0013,0.9987,0.0000,0.0000
Healthy/lyria__P0495__b9.png,Healthy,P0495,0,Healthy,0.0075,0.9920,0.0005,0.0000
Healthy/lyria__P0495__b11.png,Healthy,P0495,0,Healthy,0.0009,0.9982,0.0009,0.0000
Healthy/lyria__P0495__b12.png,Healthy,P0495,0,Healthy,0.0012,0.5310,0.4677,0.0001
Healthy/lyria__P0495__b13.png,Healthy,P0495,0,Healthy,0.0543,0.5110,0.4260,0.0087
Healthy/lyria__P0495__b14.png,Healthy,P0495,0,Healthy,0.0058,0.6973,0.2957,0.0012
Healthy/lyria__P0495__b15.png,Healthy,P0495,0,Healthy,0.1168,0.7529,0.1294,0.0009
Healthy/lyria__P0495__b16.png,Healthy,P0495,0,Healthy,0.0146,0.9844,0.0007,0.0003
Healthy/lyria__P0495__b17.png,Healthy,P0495,0,Healthy,0.0000,0.9997,0.0003,0.0000
Healthy/lyria__P0495__b18.png,Healthy,P0495,0,Healthy,0.0106,0.9893,0.0001,0.0000
Healthy/lyria__P0495__b19.png,Healthy,P0495,0,Healthy,0.0000,1.0000,0.0000,0.0000
Healthy/lyria__P0495__b20.png,Healthy,P0495,0,Healthy,0.0000,1.0000,0.0000,0.0000
Healthy/lyria__P0495__b21.png,Healthy,P0495,0,Healthy,0.0000,0.9999,0.0001,0.0000
Healthy/lyria__P0495__b22.png,Healthy,P0495,0,Healthy,0.0000,1.0000,0.0000,0.0000
Healthy/lyria__P0495__b23.png,Healthy,P0495,0,Healthy,0.0000,0.9995,0.0005,0.0000
Healthy/lyria__P0495__b24.png,Healthy,P0495,0,Healthy,0.0000,0.9999,0.0000,0.0000
Healthy/lyria__P0495__b25.png,Healthy,P0495,0,Healthy,0.0003,0.9995,0.0003,0.0000
Healthy/lyria__P0495__b26.png,Healthy,P0495,0,Healthy,0.0716,0.6909,0.2360,0.0016
Healthy/lyria__P0495__b27.png,Healthy,P0495,0,Impacted,0.0025,0.3192,0.6780,0.0002
Healthy/lyria__P0496__b0.png,Healthy,P0496,0,Healthy,0.0018,0.9957,0.0025,0.0000
Healthy/lyria__P0496__b1.png,Healthy,P0496,0,Healthy,0.0025,0.9868,0.0061,0.0046
Healthy/lyria__P0496__b2.png,Healthy,P0496,0,Healthy,0.0007,0.9991,0.0002,0.0000
Healthy/lyria__P0496__b3.png,Healthy,P0496,0,Healthy,0.0016,0.9983,0.0001,0.0000
Healthy/lyria__P0496__b4.png,Healthy,P0496,0,Healthy,0.0004,0.9995,0.0001,0.0000
Healthy/lyria__P0496__b5.png,Healthy,P0496,0,Healthy,0.0018,0.9643,0.0338,0.0001
Healthy/lyria__P0496__b6.png,Healthy,P0496,0,Healthy,0.0067,0.6569,0.3363,0.0001
Healthy/lyria__P0496__b7.png,Healthy,P0496,0,Impacted,0.0010,0.3322,0.6668,0.0001
Healthy/lyria__P0496__b8.png,Healthy,P0496,0,Healthy,0.0000,0.9999,0.0000,0.0000
Healthy/lyria__P0496__b9.png,Healthy,P0496,0,Healthy,0.0070,0.9929,0.0001,0.0000
Healthy/lyria__P0496__b10.png,Healthy,P0496,0,Healthy,0.0037,0.9962,0.0001,0.0000
Healthy/lyria__P0496__b11.png,Healthy,P0496,0,Healthy,0.0044,0.9909,0.0046,0.0001
Healthy/lyria__P0496__b12.png,Healthy,P0496,0,Healthy,0.0016,0.9374,0.0610,0.0000
Healthy/lyria__P0496__b13.png,Healthy,P0496,0,Healthy,0.0016,0.9652,0.0332,0.0000
Healthy/lyria__P0496__b14.png,Healthy,P0496,0,Healthy,0.0002,0.7120,0.2877,0.0002
Healthy/lyria__P0496__b15.png,Healthy,P0496,0,Healthy,0.0000,0.9692,0.0308,0.0000
Healthy/lyria__P0496__b16.png,Healthy,P0496,0,Healthy,0.0262,0.9704,0.0034,0.0000
Healthy/lyria__P0496__b17.png,Healthy,P0496,0,Healthy,0.0040,0.9958,0.0002,0.0001
Healthy/lyria__P0496__b18.png,Healthy,P0496,0,Healthy,0.0005,0.5848,0.4147,0.0000
Healthy/lyria__P0496__b19.png,Healthy,P0496,0,Healthy,0.0002,0.9988,0.0011,0.0000
Healthy/lyria__P0496__b21.png,Healthy,P0496,0,Healthy,0.0000,1.0000,0.0000,0.0000
Healthy/lyria__P0496__b22.png,Healthy,P0496,0,Healthy,0.0001,0.9999,0.0000,0.0000
Healthy/lyria__P0496__b23.png,Healthy,P0496,0,Healthy,0.0000,1.0000,0.0000,0.0000
Healthy/lyria__P0496__b24.png,Healthy,P0496,0,Healthy,0.0000,1.0000,0.0000,0.0000
Healthy/lyria__P0496__b25.png,Healthy,P0496,0,Healthy,0.0000,1.0000,0.0000,0.0000
Healthy/lyria__P0496__b27.png,Healthy,P0496,0,Healthy,0.0000,1.0000,0.0000,0.0000
Healthy/lyria__P0496__b28.png,Healthy,P0496,0,Healthy,0.0010,0.9990,0.0000,0.0000
Healthy/lyria__P0497__b0.png,Healthy,P0497,0,Healthy,0.0004,0.9994,0.0002,0.0000
Healthy/lyria__P0497__b1.png,Healthy,P0497,0,Healthy,0.0000,0.9989,0.0010,0.0000
Healthy/lyria__P0497__b2.png,Healthy,P0497,0,Healthy,0.0000,0.9997,0.0003,0.0000
Healthy/lyria__P0497__b3.png,Healthy,P0497,0,Healthy,0.0140,0.9412,0.0447,0.0000
Healthy/lyria__P0497__b4.png,Healthy,P0497,0,Healthy,0.0000,1.0000,0.0000,0.0000
Healthy/lyria__P0497__b5.png,Healthy,P0497,0,Healthy,0.0000,1.0000,0.0000,0.0000
Healthy/lyria__P0497__b6.png,Healthy,P0497,0,Healthy,0.0000,0.9999,0.0000,0.0000
Healthy/lyria__P0497__b8.png,Healthy,P0497,0,Healthy,0.0001,0.9999,0.0000,0.0000
Healthy/lyria__P0497__b9.png,Healthy,P0497,0,Healthy,0.0058,0.9930,0.0009,0.0003
Healthy/lyria__P0497__b10.png,Healthy,P0497,0,Healthy,0.0046,0.9732,0.0221,0.0000
Healthy/lyria__P0497__b11.png,Healthy,P0497,0,Impacted,0.0035,0.2221,0.7743,0.0001
Healthy/lyria__P0497__b12.png,Healthy,P0497,0,Healthy,0.0136,0.9858,0.0002,0.0003
Healthy/lyria__P0497__b13.png,Healthy,P0497,0,Healthy,0.0023,0.9933,0.0044,0.0000
Healthy/lyria__P0497__b14.png,Healthy,P0497,0,Healthy,0.0001,0.9998,0.0002,0.0000
Healthy/lyria__P0497__b15.png,Healthy,P0497,0,Healthy,0.0002,0.9968,0.0030,0.0000
Healthy/lyria__P0497__b16.png,Healthy,P0497,0,Healthy,0.0000,0.9998,0.0002,0.0000
Healthy/lyria__P0497__b17.png,Healthy,P0497,0,Healthy,0.0424,0.9527,0.0047,0.0001
Healthy/lyria__P0497__b18.png,Healthy,P0497,0,Healthy,0.0001,0.9993,0.0006,0.0000
Healthy/lyria__P0497__b19.png,Healthy,P0497,0,Healthy,0.0000,0.9999,0.0000,0.0000
Healthy/lyria__P0497__b20.png,Healthy,P0497,0,Healthy,0.0036,0.9629,0.0334,0.0000
Healthy/lyria__P0497__b21.png,Healthy,P0497,0,Impacted,0.0002,0.2565,0.7433,0.0001
Healthy/lyria__P0497__b22.png,Healthy,P0497,0,Healthy,0.0000,0.9996,0.0004,0.0000
Healthy/lyria__P0497__b23.png,Healthy,P0497,0,Healthy,0.0000,0.9999,0.0001,0.0000
Healthy/lyria__P0497__b24.png,Healthy,P0497,0,Healthy,0.0001,0.9993,0.0006,0.0000
Healthy/lyria__P0497__b25.png,Healthy,P0497,0,Healthy,0.0018,0.9974,0.0007,0.0001
Healthy/lyria__P0497__b26.png,Healthy,P0497,0,Healthy,0.0000,0.9998,0.0001,0.0000
Healthy/lyria__P0501__b0.png,Healthy,P0501,0,Healthy,0.0262,0.9133,0.0604,0.0000
Healthy/lyria__P0501__b1.png,Healthy,P0501,0,Healthy,0.0447,0.9553,0.0000,0.0000
Healthy/lyria__P0501__b2.png,Healthy,P0501,0,Healthy,0.0445,0.9555,0.0000,0.0000
Healthy/lyria__P0501__b3.png,Healthy,P0501,0,Healthy,0.0018,0.9976,0.0005,0.0001
Healthy/lyria__P0501__b5.png,Healthy,P0501,0,Healthy,0.0063,0.9936,0.0000,0.0000
Healthy/lyria__P0501__b6.png,Healthy,P0501,0,Healthy,0.0395,0.8328,0.1277,0.0001
Healthy/lyria__P0501__b7.png,Healthy,P0501,0,Healthy,0.0012,0.9982,0.0002,0.0004
Healthy/lyria__P0501__b8.png,Healthy,P0501,0,Healthy,0.0004,0.9989,0.0005,0.0001
Healthy/lyria__P0501__b9.png,Healthy,P0501,0,Healthy,0.1192,0.8781,0.0013,0.0013
Healthy/lyria__P0501__b10.png,Healthy,P0501,0,Impacted,0.0723,0.4138,0.5121,0.0017
Healthy/lyria__P0501__b11.png,Healthy,P0501,0,Healthy,0.0000,0.9999,0.0001,0.0000
Healthy/lyria__P0501__b12.png,Healthy,P0501,0,Healthy,0.0000,1.0000,0.0000,0.0000
Healthy/lyria__P0501__b13.png,Healthy,P0501,0,Healthy,0.0001,0.9997,0.0002,0.0000
Healthy/lyria__P0501__b14.png,Healthy,P0501,0,Healthy,0.0000,1.0000,0.0000,0.0000
Healthy/lyria__P0501__b15.png,Healthy,P0501,0,Healthy,0.0007,0.5802,0.4188,0.0004
Healthy/lyria__P0505__b0.png,Healthy,P0505,0,Healthy,0.0002,0.9992,0.0006,0.0000
Healthy/lyria__P0505__b1.png,Healthy,P0505,0,Healthy,0.0007,0.9992,0.0001,0.0000
Healthy/lyria__P0505__b2.png,Healthy,P0505,0,Healthy,0.0015,0.9984,0.0001,0.0000
Healthy/lyria__P0505__b4.png,Healthy,P0505,0,Healthy,0.0046,0.9942,0.0012,0.0000
Healthy/lyria__P0505__b5.png,Healthy,P0505,0,Healthy,0.0010,0.8202,0.1787,0.0001
Healthy/lyria__P0505__b6.png,Healthy,P0505,0,Healthy,0.0013,0.6641,0.3345,0.0001
Healthy/lyria__P0505__b8.png,Healthy,P0505,0,Healthy,0.0020,0.9969,0.0008,0.0004
Healthy/lyria__P0505__b9.png,Healthy,P0505,0,Healthy,0.0009,0.9990,0.0002,0.0000
Healthy/lyria__P0505__b10.png,Healthy,P0505,0,Healthy,0.0002,0.9997,0.0001,0.0000
Healthy/lyria__P0505__b11.png,Healthy,P0505,0,Healthy,0.0013,0.9862,0.0125,0.0000
Healthy/lyria__P0505__b12.png,Healthy,P0505,0,Healthy,0.0001,0.9979,0.0019,0.0000
Healthy/lyria__P0505__b13.png,Healthy,P0505,0,Healthy,0.0000,0.7440,0.2560,0.0000
Healthy/lyria__P0505__b14.png,Healthy,P0505,0,Healthy,0.0019,0.9116,0.0856,0.0008
Healthy/lyria__P0505__b15.png,Healthy,P0505,0,Healthy,0.0001,0.9304,0.0695,0.0000
Healthy/lyria__P0505__b16.png,Healthy,P0505,0,Healthy,0.0001,0.9998,0.0000,0.0000
Healthy/lyria__P0505__b17.png,Healthy,P0505,0,Healthy,0.0019,0.9981,0.0000,0.0000
Healthy/lyria__P0505__b18.png,Healthy,P0505,0,Healthy,0.0049,0.9951,0.0000,0.0000
Healthy/lyria__P0505__b19.png,Healthy,P0505,0,Healthy,0.0001,0.9995,0.0004,0.0000
Healthy/lyria__P0505__b20.png,Healthy,P0505,0,Healthy,0.0010,0.9968,0.0022,0.0000
Healthy/lyria__P0505__b21.png,Healthy,P0505,0,Healthy,0.0008,0.9980,0.0010,0.0001
Healthy/lyria__P0505__b22.png,Healthy,P0505,0,Healthy,0.0002,0.9998,0.0000,0.0000
Healthy/lyria__P0505__b23.png,Healthy,P0505,0,Healthy,0.0003,0.9993,0.0003,0.0000
Healthy/lyria__P0505__b24.png,Healthy,P0505,0,Healthy,0.0004,0.9995,0.0001,0.0000
Healthy/lyria__P0505__b25.png,Healthy,P0505,0,Healthy,0.0007,0.9988,0.0005,0.0000
Healthy/lyria__P0505__b26.png,Healthy,P0505,0,Impacted,0.0017,0.4773,0.5210,0.0000
Healthy/lyria__P0505__b27.png,Healthy,P0505,0,Impacted,0.0001,0.3104,0.6893,0.0001
Healthy/lyria__P0506__b0.png,Healthy,P0506,0,Healthy,0.0000,0.9998,0.0002,0.0000
Healthy/lyria__P0506__b2.png,Healthy,P0506,0,Healthy,0.0001,0.9996,0.0003,0.0000
Healthy/lyria__P0506__b3.png,Healthy,P0506,0,Healthy,0.0002,0.9995,0.0003,0.0000
Healthy/lyria__P0506__b4.png,Healthy,P0506,0,Healthy,0.0000,0.9999,0.0001,0.0000
Healthy/lyria__P0506__b5.png,Healthy,P0506,0,Healthy,0.0000,0.9994,0.0006,0.0000
Healthy/lyria__P0506__b6.png,Healthy,P0506,0,Healthy,0.0011,0.9909,0.0080,0.0000
Healthy/lyria__P0506__b7.png,Healthy,P0506,0,Healthy,0.0001,0.9982,0.0017,0.0000
Healthy/lyria__P0506__b8.png,Healthy,P0506,0,Healthy,0.0001,0.9685,0.0315,0.0000
Healthy/lyria__P0506__b9.png,Healthy,P0506,0,Healthy,0.0000,1.0000,0.0000,0.0000
Healthy/lyria__P0506__b11.png,Healthy,P0506,0,Healthy,0.0000,0.9999,0.0001,0.0000
Healthy/lyria__P0506__b12.png,Healthy,P0506,0,Healthy,0.0002,0.9817,0.0182,0.0000
Healthy/lyria__P0506__b13.png,Healthy,P0506,0,Healthy,0.0003,0.9953,0.0044,0.0000
Healthy/lyria__P0506__b14.png,Healthy,P0506,0,Healthy,0.0000,0.9973,0.0027,0.0000
Healthy/lyria__P0506__b15.png,Healthy,P0506,0,Impacted,0.0001,0.3399,0.6599,0.0000
Healthy/lyria__P0506__b16.png,Healthy,P0506,0,Healthy,0.0039,0.9917,0.0041,0.0003
Healthy/lyria__P0506__b17.png,Healthy,P0506,0,Healthy,0.0003,0.9997,0.0000,0.0000
Healthy/lyria__P0506__b18.png,Healthy,P0506,0,Healthy,0.0006,0.9994,0.0001,0.0000
Healthy/lyria__P0506__b19.png,Healthy,P0506,0,Healthy,0.0180,0.9809,0.0010,0.0000
Healthy/lyria__P0506__b20.png,Healthy,P0506,0,Healthy,0.0162,0.9837,0.0001,0.0000
Healthy/lyria__P0506__b21.png,Healthy,P0506,0,Healthy,0.0001,0.9983,0.0017,0.0000
Healthy/lyria__P0506__b22.png,Healthy,P0506,0,Healthy,0.0000,0.7237,0.2762,0.0000
Healthy/lyria__P0506__b23.png,Healthy,P0506,0,Healthy,0.0002,0.5911,0.4087,0.0000
Healthy/lyria__P0506__b24.png,Healthy,P0506,0,Healthy,0.0013,0.9983,0.0004,0.0000
Healthy/lyria__P0506__b25.png,Healthy,P0506,0,Healthy,0.0001,0.9998,0.0001,0.0000
Healthy/lyria__P0506__b26.png,Healthy,P0506,0,Healthy,0.0007,0.9992,0.0000,0.0000
Healthy/lyria__P0506__b27.png,Healthy,P0506,0,Healthy,0.0006,0.9994,0.0000,0.0000
Healthy/lyria__P0506__b28.png,Healthy,P0506,0,Healthy,0.0004,0.9996,0.0000,0.0000
Healthy/lyria__P0506__b29.png,Healthy,P0506,0,Healthy,0.0001,0.9982,0.0017,0.0000
Healthy/lyria__P0506__b30.png,Healthy,P0506,0,Healthy,0.0002,0.9073,0.0924,0.0001
Healthy/lyria__P0506__b31.png,Healthy,P0506,0,Healthy,0.0002,0.8180,0.1818,0.0000
Healthy/lyria__P0052__b0.png,Healthy,P0052,0,Healthy,0.0065,0.7617,0.2301,0.0017
Healthy/lyria__P0052__b1.png,Healthy,P0052,0,Healthy,0.2195,0.7215,0.0558,0.0033
Healthy/lyria__P0052__b2.png,Healthy,P0052,0,Healthy,0.0002,0.9998,0.0000,0.0000
Healthy/lyria__P0052__b3.png,Healthy,P0052,0,Healthy,0.0118,0.9868,0.0014,0.0000
Healthy/lyria__P0052__b4.png,Healthy,P0052,0,Healthy,0.0361,0.9559,0.0077,0.0003
Healthy/lyria__P0052__b6.png,Healthy,P0052,0,Healthy,0.0004,0.9994,0.0002,0.0000
Healthy/lyria__P0052__b7.png,Healthy,P0052,0,Healthy,0.0000,0.9999,0.0001,0.0000
Healthy/lyria__P0052__b8.png,Healthy,P0052,0,Healthy,0.0000,0.9999,0.0001,0.0000
Healthy/lyria__P0052__b9.png,Healthy,P0052,0,Healthy,0.0006,0.9989,0.0003,0.0001
Healthy/lyria__P0509__b0.png,Healthy,P0509,0,Healthy,0.0000,1.0000,0.0000,0.0000
Healthy/lyria__P0509__b1.png,Healthy,P0509,0,Healthy,0.0000,1.0000,0.0000,0.0000
Healthy/lyria__P0509__b2.png,Healthy,P0509,0,Healthy,0.0000,1.0000,0.0000,0.0000
Healthy/lyria__P0509__b3.png,Healthy,P0509,0,Healthy,0.0002,0.9996,0.0002,0.0000
Healthy/lyria__P0509__b4.png,Healthy,P0509,0,Healthy,0.0003,0.9992,0.0004,0.0000
Healthy/lyria__P0509__b5.png,Healthy,P0509,0,Healthy,0.0024,0.9946,0.0028,0.0003
Healthy/lyria__P0509__b6.png,Healthy,P0509,0,Healthy,0.0003,0.9430,0.0567,0.0000
Healthy/lyria__P0509__b7.png,Healthy,P0509,0,Healthy,0.0002,0.9990,0.0009,0.0000
Healthy/lyria__P0509__b8.png,Healthy,P0509,0,Healthy,0.0001,0.9995,0.0005,0.0000
Healthy/lyria__P0509__b9.png,Healthy,P0509,0,Healthy,0.0000,1.0000,0.0000,0.0000
Healthy/lyria__P0509__b10.png,Healthy,P0509,0,Healthy,0.0000,0.9999,0.0000,0.0000
Healthy/lyria__P0509__b11.png,Healthy,P0509,0,Healthy,0.0000,0.9999,0.0001,0.0000
Healthy/lyria__P0509__b12.png,Healthy,P0509,0,Healthy,0.0001,0.9999,0.0000,0.0000
Healthy/lyria__P0509__b13.png,Healthy,P0509,0,Healthy,0.0000,1.0000,0.0000,0.0000
Healthy/lyria__P0509__b15.png,Healthy,P0509,0,Healthy,0.0016,0.9811,0.0148,0.0025
Healthy/lyria__P0509__b16.png,Healthy,P0509,0,Healthy,0.0003,0.8876,0.1121,0.0001
Healthy/lyria__P0509__b17.png,Healthy,P0509,0,Impacted,0.0000,0.0050,0.9950,0.0000
Healthy/lyria__P0509__b18.png,Healthy,P0509,0,Healthy,0.0000,0.9999,0.0001,0.0000
Healthy/lyria__P0509__b19.png,Healthy,P0509,0,Healthy,0.0005,0.9995,0.0000,0.0000
Healthy/lyria__P0509__b20.png,Healthy,P0509,0,Healthy,0.0000,1.0000,0.0000,0.0000
Healthy/lyria__P0509__b21.png,Healthy,P0509,0,Healthy,0.0073,0.9920,0.0004,0.0003
Healthy/lyria__P0509__b22.png,Healthy,P0509,0,Healthy,0.0001,0.9994,0.0005,0.0000
Healthy/lyria__P0509__b23.png,Healthy,P0509,0,Healthy,0.0000,1.0000,0.0000,0.0000
Healthy/lyria__P0509__b24.png,Healthy,P0509,0,Healthy,0.0001,0.9994,0.0005,0.0000
Healthy/lyria__P0509__b25.png,Healthy,P0509,0,Healthy,0.0000,0.9995,0.0005,0.0000
Healthy/lyria__P0509__b26.png,Healthy,P0509,0,Healthy,0.0005,0.6337,0.3655,0.0003
Healthy/lyria__P0510__b1.png,Healthy,P0510,0,Healthy,0.0023,0.9921,0.0001,0.0055
Healthy/lyria__P0510__b2.png,Healthy,P0510,0,Healthy,0.0018,0.9951,0.0006,0.0024
Healthy/lyria__P0510__b3.png,Healthy,P0510,0,Healthy,0.0002,0.9997,0.0001,0.0000
Healthy/lyria__P0510__b4.png,Healthy,P0510,0,Healthy,0.0000,0.9998,0.0001,0.0000
Healthy/lyria__P0510__b6.png,Healthy,P0510,0,Healthy,0.0001,0.9998,0.0001,0.0000
Healthy/lyria__P0510__b7.png,Healthy,P0510,0,Healthy,0.0000,0.9997,0.0003,0.0000
Healthy/lyria__P0510__b8.png,Healthy,P0510,0,Healthy,0.0000,0.9999,0.0000,0.0000
Healthy/lyria__P0510__b9.png,Healthy,P0510,0,Healthy,0.0010,0.9985,0.0004,0.0000
Healthy/lyria__P0510__b10.png,Healthy,P0510,0,Healthy,0.0000,0.9455,0.0545,0.0000
Healthy/lyria__P0510__b11.png,Healthy,P0510,0,Healthy,0.0004,0.9952,0.0037,0.0007
Healthy/lyria__P0510__b12.png,Healthy,P0510,0,Healthy,0.0019,0.9979,0.0001,0.0000
Healthy/lyria__P0510__b13.png,Healthy,P0510,0,Healthy,0.0001,0.9925,0.0075,0.0000
Healthy/lyria__P0510__b14.png,Healthy,P0510,0,Healthy,0.0671,0.9087,0.0066,0.0176
Healthy/lyria__P0510__b15.png,Healthy,P0510,0,Healthy,0.0946,0.9015,0.0021,0.0018
Healthy/lyria__P0510__b16.png,Healthy,P0510,0,Healthy,0.0001,0.9999,0.0000,0.0000
Healthy/lyria__P0510__b17.png,Healthy,P0510,0,Healthy,0.0026,0.9967,0.0007,0.0000
Healthy/lyria__P0510__b18.png,Healthy,P0510,0,Healthy,0.0002,0.5751,0.4246,0.0000
Healthy/lyria__P0510__b19.png,Healthy,P0510,0,Healthy,0.1268,0.8117,0.0567,0.0048
Healthy/lyria__P0510__b20.png,Healthy,P0510,0,Healthy,0.0814,0.8986,0.0085,0.0115
Healthy/lyria__P0510__b21.png,Healthy,P0510,0,Healthy,0.0009,0.9981,0.0010,0.0000
Healthy/lyria__P0510__b22.png,Healthy,P0510,0,Healthy,0.0070,0.9702,0.0225,0.0003
Healthy/lyria__P0511__b0.png,Healthy,P0511,0,Healthy,0.0017,0.9982,0.0001,0.0000
Healthy/lyria__P0511__b2.png,Healthy,P0511,0,Healthy,0.0000,0.9999,0.0000,0.0000
Healthy/lyria__P0511__b3.png,Healthy,P0511,0,Healthy,0.0001,0.9995,0.0004,0.0000
Healthy/lyria__P0511__b4.png,Healthy,P0511,0,Healthy,0.0000,1.0000,0.0000,0.0000
Healthy/lyria__P0511__b5.png,Healthy,P0511,0,Healthy,0.0009,0.9988,0.0003,0.0000
Healthy/lyria__P0511__b6.png,Healthy,P0511,0,Healthy,0.0003,0.9978,0.0020,0.0000
Healthy/lyria__P0511__b8.png,Healthy,P0511,0,Healthy,0.0002,0.9873,0.0124,0.0000
Healthy/lyria__P0511__b9.png,Healthy,P0511,0,Healthy,0.0000,0.9993,0.0007,0.0000
Healthy/lyria__P0511__b10.png,Healthy,P0511,0,Healthy,0.0000,0.9999,0.0000,0.0000
Healthy/lyria__P0511__b11.png,Healthy,P0511,0,Healthy,0.0000,0.9999,0.0001,0.0000
Healthy/lyria__P0511__b12.png,Healthy,P0511,0,Healthy,0.0001,0.9795,0.0204,0.0000
Healthy/lyria__P0511__b13.png,Healthy,P0511,0,Healthy,0.0077,0.9920,0.0002,0.0000
Healthy/lyria__P0511__b14.png,Healthy,P0511,0,Healthy,0.0084,0.9837,0.0027,0.0052
Healthy/lyria__P0511__b15.png,Healthy,P0511,0,Healthy,0.0106,0.9871,0.0023,0.0000
Healthy/lyria__P0511__b16.png,Healthy,P0511,0,Healthy,0.0002,0.6330,0.3668,0.0000
Healthy/lyria__P0511__b17.png,Healthy,P0511,0,Healthy,0.0020,0.9940,0.0039,0.0001
Healthy/lyria__P0511__b18.png,Healthy,P0511,0,Healthy,0.0003,0.6602,0.3395,0.0001
Healthy/lyria__P0511__b19.png,Healthy,P0511,0,Impacted,0.0009,0.3935,0.6054,0.0003
Healthy/lyria__P0511__b20.png,Healthy,P0511,0,Healthy,0.0096,0.9900,0.0005,0.0000
Healthy/lyria__P0511__b21.png,Healthy,P0511,0,Healthy,0.0002,0.9995,0.0003,0.0000
Healthy/lyria__P0511__b22.png,Healthy,P0511,0,Healthy,0.0001,0.7879,0.2120,0.0000
Healthy/lyria__P0511__b23.png,Healthy,P0511,0,Healthy,0.0009,0.7512,0.2469,0.0010
Healthy/lyria__P0511__b24.png,Healthy,P0511,0,Healthy,0.0000,0.9930,0.0070,0.0000
Healthy/lyria__P0511__b25.png,Healthy,P0511,0,Healthy,0.0001,0.9946,0.0053,0.0000
Healthy/lyria__P0511__b26.png,Healthy,P0511,0,Healthy,0.0001,0.9908,0.0091,0.0000
Healthy/lyria__P0511__b27.png,Healthy,P0511,0,Healthy,0.0001,0.9142,0.0857,0.0000
Healthy/lyria__P0512__b0.png,Healthy,P0512,0,Healthy,0.0000,1.0000,0.0000,0.0000
Healthy/lyria__P0512__b1.png,Healthy,P0512,0,Healthy,0.0001,0.9999,0.0000,0.0000
Healthy/lyria__P0512__b2.png,Healthy,P0512,0,Healthy,0.0000,1.0000,0.0000,0.0000
Healthy/lyria__P0512__b3.png,Healthy,P0512,0,Healthy,0.0000,0.9999,0.0001,0.0000
Healthy/lyria__P0512__b4.png,Healthy,P0512,0,Healthy,0.0000,0.9997,0.0003,0.0000
Healthy/lyria__P0512__b5.png,Healthy,P0512,0,Healthy,0.0000,1.0000,0.0000,0.0000
Healthy/lyria__P0512__b6.png,Healthy,P0512,0,Healthy,0.0001,0.9986,0.0013,0.0000
Healthy/lyria__P0512__b7.png,Healthy,P0512,0,Healthy,0.0003,0.6994,0.3003,0.0000
Healthy/lyria__P0512__b8.png,Healthy,P0512,0,Healthy,0.0000,1.0000,0.0000,0.0000
Healthy/lyria__P0512__b9.png,Healthy,P0512,0,Healthy,0.0000,0.9999,0.0001,0.0000
Healthy/lyria__P0512__b11.png,Healthy,P0512,0,Healthy,0.0000,1.0000,0.0000,0.0000
Healthy/lyria__P0512__b12.png,Healthy,P0512,0,Healthy,0.0015,0.9683,0.0300,0.0002
Healthy/lyria__P0512__b14.png,Healthy,P0512,0,Healthy,0.0000,1.0000,0.0000,0.0000
Healthy/lyria__P0512__b15.png,Healthy,P0512,0,Healthy,0.0000,0.9975,0.0024,0.0000
Healthy/lyria__P0512__b16.png,Healthy,P0512,0,Healthy,0.0000,1.0000,0.0000,0.0000
Healthy/lyria__P0512__b17.png,Healthy,P0512,0,Healthy,0.0230,0.9717,0.0049,0.0004
Healthy/lyria__P0512__b18.png,Healthy,P0512,0,Healthy,0.0249,0.9728,0.0023,0.0000
Healthy/lyria__P0512__b19.png,Healthy,P0512,0,Healthy,0.0006,0.9970,0.0024,0.0000
Healthy/lyria__P0512__b20.png,Healthy,P0512,0,Healthy,0.0111,0.9876,0.0011,0.0002
Healthy/lyria__P0512__b21.png,Healthy,P0512,0,Healthy,0.0005,0.7945,0.2047,0.0003
Healthy/lyria__P0512__b22.png,Healthy,P0512,0,Healthy,0.0010,0.9988,0.0002,0.0000
Healthy/lyria__P0512__b23.png,Healthy,P0512,0,Healthy,0.0001,0.9933,0.0066,0.0000
Healthy/lyria__P0512__b24.png,Healthy,P0512,0,Healthy,0.0001,0.9998,0.0001,0.0000
Healthy/lyria__P0512__b25.png,Healthy,P0512,0,Healthy,0.0009,0.9832,0.0158,0.0001
Healthy/lyria__P0512__b26.png,Healthy,P0512,0,Healthy,0.0001,0.6919,0.3073,0.0007
Healthy/lyria__P0053__b0.png,Healthy,P0053,0,Healthy,0.0002,0.9866,0.0129,0.0003
Healthy/lyria__P0053__b1.png,Healthy,P0053,0,Healthy,0.0003,0.9854,0.0142,0.0000
Healthy/lyria__P0053__b2.png,Healthy,P0053,0,Healthy,0.0011,0.9989,0.0000,0.0000
Healthy/lyria__P0053__b3.png,Healthy,P0053,0,Healthy,0.0009,0.9985,0.0006,0.0000
Healthy/lyria__P0053__b4.png,Healthy,P0053,0,Healthy,0.0002,0.9995,0.0003,0.0000
Healthy/lyria__P0053__b5.png,Healthy,P0053,0,Healthy,0.0000,0.9999,0.0000,0.0000
Healthy/lyria__P0053__b6.png,Healthy,P0053,0,Healthy,0.0003,0.9991,0.0006,0.0000
Healthy/lyria__P0053__b7.png,Healthy,P0053,0,Healthy,0.0031,0.9922,0.0046,0.0001
Healthy/lyria__P0053__b8.png,Healthy,P0053,0,Healthy,0.2259,0.7724,0.0016,0.0001
Healthy/lyria__P0053__b10.png,Healthy,P0053,0,Healthy,0.0102,0.9888,0.0008,0.0001
Healthy/lyria__P0053__b11.png,Healthy,P0053,0,Healthy,0.0045,0.7841,0.2107,0.0007
Healthy/lyria__P0053__b12.png,Healthy,P0053,0,Healthy,0.0024,0.9883,0.0092,0.0000
Healthy/lyria__P0053__b13.png,Healthy,P0053,0,Healthy,0.0002,0.6076,0.3920,0.0002
Healthy/lyria__P0053__b14.png,Healthy,P0053,0,Healthy,0.0030,0.9960,0.0006,0.0004
Healthy/lyria__P0053__b15.png,Healthy,P0053,0,Healthy,0.0000,0.9999,0.0001,0.0000
Healthy/lyria__P0053__b16.png,Healthy,P0053,0,Healthy,0.0000,0.9999,0.0001,0.0000
Healthy/lyria__P0053__b17.png,Healthy,P0053,0,Healthy,0.0010,0.9976,0.0014,0.0000
Healthy/lyria__P0053__b18.png,Healthy,P0053,0,Healthy,0.0003,0.9996,0.0000,0.0001
Healthy/lyria__P0053__b19.png,Healthy,P0053,0,Healthy,0.0001,0.9998,0.0001,0.0000
Healthy/lyria__P0053__b20.png,Healthy,P0053,0,Healthy,0.0001,0.9989,0.0011,0.0000
Healthy/lyria__P0053__b21.png,Healthy,P0053,0,Healthy,0.0012,0.9985,0.0003,0.0000
Healthy/lyria__P0053__b22.png,Healthy,P0053,0,Healthy,0.0006,0.9988,0.0006,0.0000
Healthy/lyria__P0053__b23.png,Healthy,P0053,0,Healthy,0.1899,0.7469,0.0606,0.0027
Healthy/lyria__P0053__b24.png,Healthy,P0053,0,Healthy,0.0001,0.9969,0.0030,0.0000
Healthy/lyria__P0513__b0.png,Healthy,P0513,0,Healthy,0.0003,0.9996,0.0001,0.0000
Healthy/lyria__P0513__b1.png,Healthy,P0513,0,Healthy,0.0011,0.9980,0.0009,0.0000
Healthy/lyria__P0513__b3.png,Healthy,P0513,0,Healthy,0.0028,0.9969,0.0003,0.0000
Healthy/lyria__P0513__b4.png,Healthy,P0513,0,Healthy,0.0008,0.9991,0.0000,0.0000
Healthy/lyria__P0513__b5.png,Healthy,P0513,0,Healthy,0.0204,0.9752,0.0043,0.0001
Healthy/lyria__P0513__b6.png,Healthy,P0513,0,Healthy,0.0060,0.8892,0.1015,0.0033
Healthy/lyria__P0513__b7.png,Healthy,P0513,0,Healthy,0.0003,0.7704,0.2280,0.0013
Healthy/lyria__P0513__b8.png,Healthy,P0513,0,Healthy,0.0002,0.9997,0.0001,0.0000
Healthy/lyria__P0513__b9.png,Healthy,P0513,0,Healthy,0.0004,0.9995,0.0000,0.0000
Healthy/lyria__P0513__b10.png,Healthy,P0513,0,Healthy,0.0015,0.9969,0.0016,0.0000
Healthy/lyria__P0513__b11.png,Healthy,P0513,0,Healthy,0.0008,0.9875,0.0117,0.0001
Healthy/lyria__P0513__b12.png,Healthy,P0513,0,Healthy,0.0019,0.9889,0.0090,0.0002
Healthy/lyria__P0513__b13.png,Healthy,P0513,0,Healthy,0.0003,0.9968,0.0028,0.0000
Healthy/lyria__P0513__b14.png,Healthy,P0513,0,Healthy,0.0000,1.0000,0.0000,0.0000
Healthy/lyria__P0513__b15.png,Healthy,P0513,0,Healthy,0.0000,1.0000,0.0000,0.0000
Healthy/lyria__P0513__b16.png,Healthy,P0513,0,Healthy,0.0000,1.0000,0.0000,0.0000
Healthy/lyria__P0513__b17.png,Healthy,P0513,0,Healthy,0.0000,0.9999,0.0001,0.0000
Healthy/lyria__P0513__b18.png,Healthy,P0513,0,Healthy,0.0007,0.9987,0.0006,0.0000
Healthy/lyria__P0513__b19.png,Healthy,P0513,0,Healthy,0.0005,0.9984,0.0011,0.0000
Healthy/lyria__P0513__b20.png,Healthy,P0513,0,Healthy,0.0006,0.9988,0.0006,0.0000
Healthy/lyria__P0513__b22.png,Healthy,P0513,0,Healthy,0.0003,0.9984,0.0013,0.0000
Healthy/lyria__P0513__b23.png,Healthy,P0513,0,Healthy,0.0000,0.9999,0.0001,0.0000
Healthy/lyria__P0513__b24.png,Healthy,P0513,0,Healthy,0.0000,0.9999,0.0001,0.0000
Healthy/lyria__P0513__b25.png,Healthy,P0513,0,Healthy,0.0006,0.9644,0.0351,0.0000
Healthy/lyria__P0513__b26.png,Healthy,P0513,0,Healthy,0.0041,0.8324,0.1632,0.0003
Healthy/lyria__P0514__b0.png,Healthy,P0514,0,Healthy,0.0001,0.9998,0.0001,0.0000
Healthy/lyria__P0514__b1.png,Healthy,P0514,0,Healthy,0.0004,0.9996,0.0000,0.0000
Healthy/lyria__P0514__b2.png,Healthy,P0514,0,Healthy,0.0027,0.9970,0.0002,0.0000
Healthy/lyria__P0514__b3.png,Healthy,P0514,0,Healthy,0.0000,0.9997,0.0003,0.0000
Healthy/lyria__P0514__b4.png,Healthy,P0514,0,Healthy,0.0000,1.0000,0.0000,0.0000
Healthy/lyria__P0514__b5.png,Healthy,P0514,0,Healthy,0.0005,0.9961,0.0034,0.0000
Healthy/lyria__P0514__b6.png,Healthy,P0514,0,Healthy,0.0057,0.9939,0.0003,0.0001
Healthy/lyria__P0514__b7.png,Healthy,P0514,0,Healthy,0.0000,0.9294,0.0706,0.0000
Healthy/lyria__P0514__b8.png,Healthy,P0514,0,Healthy,0.0014,0.9974,0.0005,0.0007
Healthy/lyria__P0514__b9.png,Healthy,P0514,0,Healthy,0.0054,0.9640,0.0123,0.0183
Healthy/lyria__P0514__b10.png,Healthy,P0514,0,Healthy,0.0003,0.9997,0.0001,0.0000
Healthy/lyria__P0514__b12.png,Healthy,P0514,0,Healthy,0.0016,0.9520,0.0463,0.0000
Healthy/lyria__P0514__b13.png,Healthy,P0514,0,Healthy,0.0002,0.9997,0.0002,0.0000
Healthy/lyria__P0514__b14.png,Healthy,P0514,0,Healthy,0.0000,0.9999,0.0001,0.0000
Healthy/lyria__P0514__b15.png,Healthy,P0514,0,Healthy,0.0009,0.9982,0.0009,0.0000
Healthy/lyria__P0514__b16.png,Healthy,P0514,0,Healthy,0.0019,0.9981,0.0000,0.0000
Healthy/lyria__P0514__b18.png,Healthy,P0514,0,Healthy,0.0129,0.9840,0.0029,0.0001
Healthy/lyria__P0514__b19.png,Healthy,P0514,0,Healthy,0.0020,0.6925,0.3052,0.0002
Healthy/lyria__P0514__b20.png,Healthy,P0514,0,Healthy,0.0112,0.9676,0.0209,0.0003
Healthy/lyria__P0514__b21.png,Healthy,P0514,0,Healthy,0.0005,0.7914,0.2078,0.0004
Healthy/lyria__P0514__b22.png,Healthy,P0514,0,Healthy,0.0004,0.9991,0.0005,0.0001
Healthy/lyria__P0514__b23.png,Healthy,P0514,0,Healthy,0.1289,0.8661,0.0026,0.0025
Healthy/lyria__P0514__b24.png,Healthy,P0514,0,Healthy,0.3615,0.6372,0.0011,0.0002
Healthy/lyria__P0514__b25.png,Healthy,P0514,0,Healthy,0.0490,0.9486,0.0024,0.0000
Healthy/lyria__P0514__b26.png,Healthy,P0514,0,Healthy,0.0019,0.7074,0.2905,0.0002
Healthy/lyria__P0514__b27.png,Healthy,P0514,0,Healthy,0.0011,0.9755,0.0230,0.0004
Healthy/lyria__P0514__b28.png,Healthy,P0514,0,Healthy,0.0012,0.8876,0.1009,0.0103
Healthy/lyria__P0515__b0.png,Healthy,P0515,0,Healthy,0.0000,0.9999,0.0001,0.0000
Healthy/lyria__P0515__b1.png,Healthy,P0515,0,Healthy,0.0000,1.0000,0.0000,0.0000
Healthy/lyria__P0515__b2.png,Healthy,P0515,0,Healthy,0.0000,1.0000,0.0000,0.0000
Healthy/lyria__P0515__b3.png,Healthy,P0515,0,Healthy,0.0000,0.9999,0.0001,0.0000
Healthy/lyria__P0515__b4.png,Healthy,P0515,0,Healthy,0.0000,0.9999,0.0001,0.0000
Healthy/lyria__P0515__b5.png,Healthy,P0515,0,Healthy,0.0001,0.9992,0.0007,0.0000
Healthy/lyria__P0515__b6.png,Healthy,P0515,0,Healthy,0.0000,0.9934,0.0065,0.0000
Healthy/lyria__P0515__b8.png,Healthy,P0515,0,Healthy,0.0004,0.9955,0.0041,0.0000
Healthy/lyria__P0515__b9.png,Healthy,P0515,0,Healthy,0.0000,0.9998,0.0002,0.0000
Healthy/lyria__P0515__b10.png,Healthy,P0515,0,Impacted,0.0000,0.1231,0.8767,0.0002
Healthy/lyria__P0515__b11.png,Healthy,P0515,0,Healthy,0.0001,0.9965,0.0034,0.0000
Healthy/lyria__P0515__b12.png,Healthy,P0515,0,Healthy,0.0000,0.9998,0.0002,0.0000
Healthy/lyria__P0515__b13.png,Healthy,P0515,0,Healthy,0.0000,0.9998,0.0002,0.0000
Healthy/lyria__P0515__b14.png,Healthy,P0515,0,Impacted,0.0000,0.2856,0.7141,0.0002
Healthy/lyria__P0515__b16.png,Healthy,P0515,0,Healthy,0.0001,0.9988,0.0011,0.0000
Healthy/lyria__P0515__b17.png,Healthy,P0515,0,Healthy,0.0001,0.9994,0.0005,0.0000
Healthy/lyria__P0515__b18.png,Healthy,P0515,0,Healthy,0.0007,0.9968,0.0023,0.0002
Healthy/lyria__P0515__b19.png,Healthy,P0515,0,Healthy,0.0001,0.9995,0.0003,0.0000
Healthy/lyria__P0515__b20.png,Healthy,P0515,0,Healthy,0.0000,0.9999,0.0001,0.0000
Healthy/lyria__P0515__b21.png,Healthy,P0515,0,Healthy,0.0065,0.8610,0.1318,0.0006
Healthy/lyria__P0515__b22.png,Healthy,P0515,0,Healthy,0.0032,0.8486,0.1476,0.0006
Healthy/lyria__P0515__b23.png,Healthy,P0515,0,Healthy,0.0000,0.9996,0.0004,0.0000
Healthy/lyria__P0515__b24.png,Healthy,P0515,0,Healthy,0.0036,0.9956,0.0008,0.0000
Healthy/lyria__P0515__b25.png,Healthy,P0515,0,Healthy,0.0000,1.0000,0.0000,0.0000
Healthy/lyria__P0515__b26.png,Healthy,P0515,0,Healthy,0.0002,0.9998,0.0000,0.0000
Healthy/lyria__P0515__b27.png,Healthy,P0515,0,Healthy,0.0024,0.7814,0.2152,0.0010
Healthy/lyria__P0515__b28.png,Healthy,P0515,0,Healthy,0.0000,0.9992,0.0007,0.0000
Healthy/lyria__P0515__b29.png,Healthy,P0515,0,Healthy,0.0002,0.6569,0.3428,0.0000
Healthy/lyria__P0516__b0.png,Healthy,P0516,0,Healthy,0.0000,0.9999,0.0000,0.0000
Healthy/lyria__P0516__b1.png,Healthy,P0516,0,Healthy,0.0000,0.9999,0.0000,0.0000
Healthy/lyria__P0516__b2.png,Healthy,P0516,0,Healthy,0.0001,0.9997,0.0001,0.0000
Healthy/lyria__P0516__b3.png,Healthy,P0516,0,Healthy,0.0010,0.9981,0.0008,0.0000
Healthy/lyria__P0516__b4.png,Healthy,P0516,0,Healthy,0.0001,0.9999,0.0000,0.0000
Healthy/lyria__P0516__b5.png,Healthy,P0516,0,Healthy,0.0001,0.9997,0.0003,0.0000
Healthy/lyria__P0516__b6.png,Healthy,P0516,0,Healthy,0.0000,0.9998,0.0002,0.0000
Healthy/lyria__P0516__b7.png,Healthy,P0516,0,Impacted,0.0006,0.0257,0.9736,0.0001
Healthy/lyria__P0516__b8.png,Healthy,P0516,0,Healthy,0.0003,0.9994,0.0002,0.0000
Healthy/lyria__P0516__b9.png,Healthy,P0516,0,Healthy,0.0002,0.9998,0.0001,0.0000
Healthy/lyria__P0516__b10.png,Healthy,P0516,0,Healthy,0.0082,0.7064,0.2836,0.0018
Healthy/lyria__P0516__b11.png,Healthy,P0516,0,Healthy,0.0032,0.9648,0.0320,0.0000
Healthy/lyria__P0516__b12.png,Healthy,P0516,0,Healthy,0.0002,0.9998,0.0000,0.0000
Healthy/lyria__P0516__b13.png,Healthy,P0516,0,Healthy,0.0047,0.9953,0.0000,0.0000
Healthy/lyria__P0516__b14.png,Healthy,P0516,0,Healthy,0.0002,0.9995,0.0004,0.0000
Healthy/lyria__P0516__b15.png,Healthy,P0516,0,Healthy,0.0125,0.9870,0.0006,0.0000
Healthy/lyria__P0516__b16.png,Healthy,P0516,0,Healthy,0.0553,0.9420,0.0026,0.0001
Healthy/lyria__P0516__b18.png,Healthy,P0516,0,Healthy,0.0008,0.9992,0.0000,0.0000
Healthy/lyria__P0516__b20.png,Healthy,P0516,0,Healthy,0.1113,0.8886,0.0001,0.0000
Healthy/lyria__P0054__b2.png,Healthy,P0054,0,Healthy,0.0001,0.9999,0.0000,0.0000
Healthy/lyria__P0518__b0.png,Healthy,P0518,0,Healthy,0.0000,1.0000,0.0000,0.0000
Healthy/lyria__P0518__b1.png,Healthy,P0518,0,Healthy,0.0001,0.9995,0.0004,0.0000
Healthy/lyria__P0518__b2.png,Healthy,P0518,0,Healthy,0.0001,0.9997,0.0001,0.0000
Healthy/lyria__P0518__b3.png,Healthy,P0518,0,Healthy,0.0024,0.9974,0.0001,0.0000
Healthy/lyria__P0518__b6.png,Healthy,P0518,0,Healthy,0.0001,0.9959,0.0038,0.0001
Healthy/lyria__P0518__b7.png,Healthy,P0518,0,Healthy,0.0000,1.0000,0.0000,0.0000
Healthy/lyria__P0518__b8.png,Healthy,P0518,0,Healthy,0.0000,0.9998,0.0002,0.0000
Healthy/lyria__P0518__b9.png,Healthy,P0518,0,Healthy,0.0012,0.9984,0.0003,0.0001
Healthy/lyria__P0518__b10.png,Healthy,P0518,0,Healthy,0.4763,0.5236,0.0001,0.0000
Healthy/lyria__P0518__b11.png,Healthy,P0518,0,Healthy,0.0003,0.9996,0.0001,0.0000
Healthy/lyria__P0518__b12.png,Healthy,P0518,0,Healthy,0.0005,0.9986,0.0009,0.0000
Healthy/lyria__P0518__b13.png,Healthy,P0518,0,Healthy,0.0003,0.9990,0.0006,0.0000
Healthy/lyria__P0518__b14.png,Healthy,P0518,0,Healthy,0.0007,0.9993,0.0000,0.0000
Healthy/lyria__P0518__b15.png,Healthy,P0518,0,Healthy,0.0075,0.9924,0.0001,0.0000
Healthy/lyria__P0518__b16.png,Healthy,P0518,0,Healthy,0.0002,0.9998,0.0000,0.0000
Healthy/lyria__P0521__b0.png,Healthy,P0521,0,Healthy,0.0703,0.9291,0.0004,0.0001
Healthy/lyria__P0521__b1.png,Healthy,P0521,0,Healthy,0.0128,0.9864,0.0007,0.0001
Healthy/lyria__P0521__b2.png,Healthy,P0521,0,Healthy,0.0033,0.9943,0.0011,0.0013
Healthy/lyria__P0521__b4.png,Healthy,P0521,0,Healthy,0.0078,0.9897,0.0016,0.0009
Healthy/lyria__P0521__b5.png,Healthy,P0521,0,Healthy,0.0014,0.9964,0.0021,0.0000
Healthy/lyria__P0521__b6.png,Healthy,P0521,0,Healthy,0.0029,0.9708,0.0242,0.0022
Healthy/lyria__P0523__b0.png,Healthy,P0523,0,Healthy,0.0001,0.9999,0.0001,0.0000
Healthy/lyria__P0523__b1.png,Healthy,P0523,0,Healthy,0.0000,0.9993,0.0007,0.0000
Healthy/lyria__P0523__b2.png,Healthy,P0523,0,Healthy,0.0000,0.9958,0.0041,0.0000
Healthy/lyria__P0523__b3.png,Healthy,P0523,0,Healthy,0.0001,0.9997,0.0002,0.0000
Healthy/lyria__P0523__b5.png,Healthy,P0523,0,Endodontics,0.6478,0.3520,0.0001,0.0001
Healthy/lyria__P0524__b1.png,Healthy,P0524,0,Healthy,0.0000,0.9999,0.0001,0.0000
Healthy/lyria__P0524__b3.png,Healthy,P0524,0,Healthy,0.0003,0.6725,0.3270,0.0002
Healthy/lyria__P0525__b0.png,Healthy,P0525,0,Healthy,0.0002,0.9976,0.0022,0.0000
Healthy/lyria__P0525__b2.png,Healthy,P0525,0,Healthy,0.0000,0.9897,0.0103,0.0000
Healthy/lyria__P0525__b3.png,Healthy,P0525,0,Healthy,0.0000,0.9998,0.0002,0.0000
Healthy/lyria__P0525__b4.png,Healthy,P0525,0,Healthy,0.0000,0.9817,0.0182,0.0000
Healthy/lyria__P0525__b5.png,Healthy,P0525,0,Healthy,0.0503,0.9450,0.0046,0.0001
Healthy/lyria__P0525__b6.png,Healthy,P0525,0,Healthy,0.0000,0.9886,0.0114,0.0000
Healthy/lyria__P0525__b7.png,Healthy,P0525,0,Healthy,0.0002,0.9867,0.0132,0.0000
Healthy/lyria__P0525__b8.png,Healthy,P0525,0,Healthy,0.0000,1.0000,0.0000,0.0000
Healthy/lyria__P0525__b9.png,Healthy,P0525,0,Healthy,0.0000,1.0000,0.0000,0.0000
Healthy/lyria__P0525__b10.png,Healthy,P0525,0,Healthy,0.0007,0.9987,0.0005,0.0000
Healthy/lyria__P0525__b11.png,Healthy,P0525,0,Healthy,0.0009,0.9959,0.0032,0.0000
Healthy/lyria__P0525__b12.png,Healthy,P0525,0,Healthy,0.0002,0.9997,0.0001,0.0000
Healthy/lyria__P0525__b13.png,Healthy,P0525,0,Healthy,0.0000,1.0000,0.0000,0.0000
Healthy/lyria__P0525__b14.png,Healthy,P0525,0,Healthy,0.0000,1.0000,0.0000,0.0000
Healthy/lyria__P0525__b15.png,Healthy,P0525,0,Healthy,0.0006,0.9993,0.0001,0.0000
Healthy/lyria__P0525__b16.png,Healthy,P0525,0,Healthy,0.0006,0.9993,0.0001,0.0000
Healthy/lyria__P0525__b17.png,Healthy,P0525,0,Healthy,0.0002,0.9987,0.0010,0.0000
Healthy/lyria__P0525__b18.png,Healthy,P0525,0,Healthy,0.0009,0.9985,0.0004,0.0002
Healthy/lyria__P0526__b0.png,Healthy,P0526,0,Healthy,0.0010,0.6903,0.3084,0.0003
Healthy/lyria__P0526__b1.png,Healthy,P0526,0,Healthy,0.0000,0.9778,0.0221,0.0000
Healthy/lyria__P0526__b2.png,Healthy,P0526,0,Healthy,0.0004,0.9996,0.0000,0.0000
Healthy/lyria__P0526__b3.png,Healthy,P0526,0,Healthy,0.0001,0.9999,0.0000,0.0000
Healthy/lyria__P0526__b4.png,Healthy,P0526,0,Healthy,0.0029,0.9970,0.0001,0.0000
Healthy/lyria__P0526__b5.png,Healthy,P0526,0,Healthy,0.0000,0.9999,0.0001,0.0000
Healthy/lyria__P0526__b6.png,Healthy,P0526,0,Healthy,0.0003,0.9972,0.0025,0.0000
Healthy/lyria__P0526__b7.png,Healthy,P0526,0,Healthy,0.0116,0.9872,0.0012,0.0001
Healthy/lyria__P0526__b9.png,Healthy,P0526,0,Healthy,0.0000,0.9999,0.0000,0.0000
Healthy/lyria__P0526__b10.png,Healthy,P0526,0,Healthy,0.0001,0.9997,0.0002,0.0000
Healthy/lyria__P0526__b11.png,Healthy,P0526,0,Healthy,0.0002,0.7581,0.2415,0.0002
Healthy/lyria__P0526__b12.png,Healthy,P0526,0,Impacted,0.0010,0.4267,0.5716,0.0007
Healthy/lyria__P0526__b13.png,Healthy,P0526,0,Healthy,0.0000,1.0000,0.0000,0.0000
Healthy/lyria__P0526__b14.png,Healthy,P0526,0,Healthy,0.0004,0.9996,0.0000,0.0000
Healthy/lyria__P0526__b15.png,Healthy,P0526,0,Healthy,0.0004,0.9996,0.0000,0.0000
Healthy/lyria__P0526__b16.png,Healthy,P0526,0,Healthy,0.0001,0.9999,0.0000,0.0000
Healthy/lyria__P0526__b17.png,Healthy,P0526,0,Healthy,0.0048,0.9952,0.0001,0.0000
Healthy/lyria__P0526__b18.png,Healthy,P0526,0,Healthy,0.0000,0.9999,0.0001,0.0000
Healthy/lyria__P0526__b19.png,Healthy,P0526,0,Healthy,0.0020,0.9979,0.0001,0.0000
Healthy/lyria__P0526__b20.png,Healthy,P0526,0,Healthy,0.0000,0.9998,0.0002,0.0000
Healthy/lyria__P0526__b21.png,Healthy,P0526,0,Healthy,0.0000,0.9994,0.0006,0.0000
Healthy/lyria__P0526__b22.png,Healthy,P0526,0,Healthy,0.0003,0.9985,0.0012,0.0000
Healthy/lyria__P0526__b23.png,Healthy,P0526,0,Healthy,0.0101,0.9747,0.0079,0.0073
Healthy/lyria__P0526__b24.png,Healthy,P0526,0,Healthy,0.0013,0.9080,0.0906,0.0002
Healthy/lyria__P0526__b25.png,Healthy,P0526,0,Healthy,0.0076,0.9747,0.0169,0.0008
Healthy/lyria__P0526__b26.png,Healthy,P0526,0,Healthy,0.0121,0.8269,0.1605,0.0004
Healthy/lyria__P0526__b27.png,Healthy,P0526,0,Healthy,0.0005,0.9994,0.0001,0.0000
Healthy/lyria__P0528__b0.png,Healthy,P0528,0,Healthy,0.0003,0.9996,0.0001,0.0000
Healthy/lyria__P0528__b1.png,Healthy,P0528,0,Healthy,0.0032,0.9963,0.0005,0.0000
Healthy/lyria__P0528__b2.png,Healthy,P0528,0,Healthy,0.0014,0.9985,0.0002,0.0000
Healthy/lyria__P0528__b3.png,Healthy,P0528,0,Healthy,0.0000,0.9999,0.0000,0.0000
Healthy/lyria__P0528__b4.png,Healthy,P0528,0,Healthy,0.0001,0.9974,0.0026,0.0000
Healthy/lyria__P0528__b5.png,Healthy,P0528,0,Healthy,0.0006,0.6456,0.3538,0.0001
Healthy/lyria__P0528__b6.png,Healthy,P0528,0,Healthy,0.0003,0.9994,0.0003,0.0000
Healthy/lyria__P0528__b7.png,Healthy,P0528,0,Healthy,0.0001,0.9942,0.0057,0.0000
Healthy/lyria__P0528__b8.png,Healthy,P0528,0,Healthy,0.0092,0.9792,0.0114,0.0002
Healthy/lyria__P0528__b9.png,Healthy,P0528,0,Healthy,0.0000,0.9998,0.0001,0.0000
Healthy/lyria__P0528__b10.png,Healthy,P0528,0,Healthy,0.0001,0.9999,0.0001,0.0000
Healthy/lyria__P0528__b11.png,Healthy,P0528,0,Healthy,0.0000,0.9999,0.0000,0.0000
Healthy/lyria__P0528__b13.png,Healthy,P0528,0,Healthy,0.0013,0.9983,0.0004,0.0000
Healthy/lyria__P0528__b14.png,Healthy,P0528,0,Healthy,0.0106,0.9880,0.0013,0.0001
Healthy/lyria__P0528__b15.png,Healthy,P0528,0,Healthy,0.0003,0.9995,0.0002,0.0000
Healthy/lyria__P0528__b17.png,Healthy,P0528,0,Healthy,0.0001,0.9997,0.0001,0.0000
Healthy/lyria__P0528__b18.png,Healthy,P0528,0,Healthy,0.0230,0.6003,0.3716,0.0051
Healthy/lyria__P0528__b19.png,Healthy,P0528,0,Healthy,0.0000,0.9995,0.0004,0.0000
Healthy/lyria__P0528__b20.png,Healthy,P0528,0,Healthy,0.0015,0.9812,0.0172,0.0001
Healthy/lyria__P0528__b21.png,Healthy,P0528,0,Healthy,0.0002,0.9253,0.0745,0.0000
Healthy/lyria__P0529__b0.png,Healthy,P0529,0,Healthy,0.0003,0.9997,0.0000,0.0000
Healthy/lyria__P0529__b2.png,Healthy,P0529,0,Healthy,0.0001,0.9998,0.0001,0.0000
Healthy/lyria__P0529__b3.png,Healthy,P0529,0,Healthy,0.0097,0.9900,0.0002,0.0001
Healthy/lyria__P0529__b4.png,Healthy,P0529,0,Healthy,0.0004,0.9995,0.0000,0.0000
Healthy/lyria__P0529__b5.png,Healthy,P0529,0,Healthy,0.0000,0.9997,0.0002,0.0000
Healthy/lyria__P0529__b6.png,Healthy,P0529,0,Healthy,0.0000,0.9998,0.0002,0.0000
Healthy/lyria__P0529__b7.png,Healthy,P0529,0,Healthy,0.0000,1.0000,0.0000,0.0000
Healthy/lyria__P0529__b8.png,Healthy,P0529,0,Healthy,0.0003,0.9864,0.0133,0.0000
Healthy/lyria__P0529__b9.png,Healthy,P0529,0,Healthy,0.0004,0.6670,0.3326,0.0000
Healthy/lyria__P0532__b0.png,Healthy,P0532,0,Healthy,0.0000,0.9999,0.0000,0.0000
Healthy/lyria__P0532__b2.png,Healthy,P0532,0,Healthy,0.0299,0.9119,0.0020,0.0562
Healthy/lyria__P0532__b3.png,Healthy,P0532,0,Healthy,0.0000,0.9997,0.0002,0.0000
Healthy/lyria__P0532__b4.png,Healthy,P0532,0,Healthy,0.0000,1.0000,0.0000,0.0000
Healthy/lyria__P0532__b5.png,Healthy,P0532,0,Healthy,0.0000,0.9998,0.0002,0.0000
Healthy/lyria__P0532__b6.png,Healthy,P0532,0,Healthy,0.0382,0.7824,0.1739,0.0055
Healthy/lyria__P0532__b7.png,Healthy,P0532,0,Impacted,0.0019,0.0144,0.9828,0.0009
Healthy/lyria__P0532__b8.png,Healthy,P0532,0,Healthy,0.0159,0.7824,0.0115,0.1902
Healthy/lyria__P0532__b9.png,Healthy,P0532,0,Healthy,0.0010,0.9831,0.0139,0.0021
Healthy/lyria__P0532__b10.png,Healthy,P0532,0,Healthy,0.0000,0.9998,0.0000,0.0001
Healthy/lyria__P0532__b11.png,Healthy,P0532,0,Healthy,0.0000,1.0000,0.0000,0.0000
Healthy/lyria__P0532__b12.png,Healthy,P0532,0,Healthy,0.0015,0.9221,0.0763,0.0001
Healthy/lyria__P0532__b13.png,Healthy,P0532,0,Healthy,0.0000,1.0000,0.0000,0.0000
Healthy/lyria__P0532__b14.png,Healthy,P0532,0,Healthy,0.0000,0.9999,0.0001,0.0000
Healthy/lyria__P0532__b15.png,Healthy,P0532,0,Healthy,0.0000,1.0000,0.0000,0.0000
Healthy/lyria__P0532__b16.png,Healthy,P0532,0,Healthy,0.0006,0.9983,0.0005,0.0007
Healthy/lyria__P0532__b17.png,Healthy,P0532,0,Healthy,0.0000,0.9999,0.0000,0.0000
Healthy/lyria__P0532__b18.png,Healthy,P0532,0,Healthy,0.0024,0.9916,0.0060,0.0000
Healthy/lyria__P0532__b19.png,Healthy,P0532,0,Healthy,0.0491,0.8512,0.0971,0.0026
Healthy/lyria__P0532__b20.png,Healthy,P0532,0,Impacted,0.0001,0.2551,0.7446,0.0002
Healthy/lyria__P0532__b21.png,Healthy,P0532,0,Healthy,0.0000,0.9999,0.0001,0.0000
Healthy/lyria__P0532__b23.png,Healthy,P0532,0,Healthy,0.0004,0.9995,0.0001,0.0000
Healthy/lyria__P0532__b24.png,Healthy,P0532,0,Healthy,0.0678,0.9226,0.0063,0.0033
Healthy/lyria__P0532__b25.png,Healthy,P0532,0,Impacted,0.0007,0.3460,0.6532,0.0002
Healthy/lyria__P0532__b26.png,Healthy,P0532,0,Impacted,0.0036,0.3709,0.6251,0.0005
Healthy/lyria__P0534__b1.png,Healthy,P0534,0,Healthy,0.0000,1.0000,0.0000,0.0000
Healthy/lyria__P0534__b2.png,Healthy,P0534,0,Healthy,0.0000,0.9998,0.0001,0.0000
Healthy/lyria__P0534__b3.png,Healthy,P0534,0,Healthy,0.0001,0.9998,0.0001,0.0000
Healthy/lyria__P0534__b4.png,Healthy,P0534,0,Healthy,0.0000,1.0000,0.0000,0.0000
Healthy/lyria__P0534__b5.png,Healthy,P0534,0,Healthy,0.0000,0.9994,0.0004,0.0002
Healthy/lyria__P0534__b6.png,Healthy,P0534,0,Healthy,0.0000,0.9999,0.0000,0.0000
Healthy/lyria__P0534__b7.png,Healthy,P0534,0,Impacted,0.0087,0.1228,0.8677,0.0008
Healthy/lyria__P0534__b8.png,Healthy,P0534,0,Healthy,0.0000,1.0000,0.0000,0.0000
Healthy/lyria__P0534__b9.png,Healthy,P0534,0,Healthy,0.0000,1.0000,0.0000,0.0000
Healthy/lyria__P0534__b10.png,Healthy,P0534,0,Healthy,0.0002,0.9998,0.0000,0.0000
Healthy/lyria__P0534__b11.png,Healthy,P0534,0,Healthy,0.0028,0.9893,0.0078,0.0001
Healthy/lyria__P0534__b12.png,Healthy,P0534,0,Healthy,0.0012,0.9822,0.0166,0.0001
Healthy/lyria__P0534__b13.png,Healthy,P0534,0,Healthy,0.0000,0.9998,0.0001,0.0001
Healthy/lyria__P0534__b14.png,Healthy,P0534,0,Healthy,0.0000,1.0000,0.0000,0.0000
Healthy/lyria__P0534__b15.png,Healthy,P0534,0,Healthy,0.0000,0.9999,0.0001,0.0000
Healthy/lyria__P0534__b16.png,Healthy,P0534,0,Healthy,0.0000,1.0000,0.0000,0.0000
Healthy/lyria__P0534__b17.png,Healthy,P0534,0,Healthy,0.0001,0.9997,0.0001,0.0001
Healthy/lyria__P0534__b18.png,Healthy,P0534,0,Healthy,0.0001,0.9997,0.0001,0.0002
Healthy/lyria__P0534__b19.png,Healthy,P0534,0,Healthy,0.0000,1.0000,0.0000,0.0000
Healthy/lyria__P0534__b20.png,Healthy,P0534,0,Healthy,0.0000,0.9998,0.0002,0.0000
Healthy/lyria__P0534__b21.png,Healthy,P0534,0,Healthy,0.0009,0.9778,0.0213,0.0000
Healthy/lyria__P0534__b23.png,Healthy,P0534,0,Healthy,0.0000,0.9990,0.0010,0.0000
Healthy/lyria__P0534__b24.png,Healthy,P0534,0,Healthy,0.0077,0.9913,0.0008,0.0002
Healthy/lyria__P0534__b25.png,Healthy,P0534,0,Healthy,0.1559,0.7640,0.0796,0.0005
Healthy/lyria__P0536__b0.png,Healthy,P0536,0,Healthy,0.0001,0.9927,0.0072,0.0000
Healthy/lyria__P0537__b0.png,Healthy,P0537,0,Healthy,0.0000,1.0000,0.0000,0.0000
Healthy/lyria__P0537__b1.png,Healthy,P0537,0,Healthy,0.0000,1.0000,0.0000,0.0000
Healthy/lyria__P0537__b2.png,Healthy,P0537,0,Healthy,0.0000,0.9999,0.0001,0.0000
Healthy/lyria__P0537__b3.png,Healthy,P0537,0,Healthy,0.0000,1.0000,0.0000,0.0000
Healthy/lyria__P0537__b4.png,Healthy,P0537,0,Healthy,0.0000,0.9999,0.0000,0.0000
Healthy/lyria__P0537__b5.png,Healthy,P0537,0,Healthy,0.0001,0.9996,0.0003,0.0000
Healthy/lyria__P0537__b6.png,Healthy,P0537,0,Healthy,0.0000,1.0000,0.0000,0.0000
Healthy/lyria__P0537__b7.png,Healthy,P0537,0,Healthy,0.0000,1.0000,0.0000,0.0000
Healthy/lyria__P0537__b8.png,Healthy,P0537,0,Healthy,0.0001,0.9994,0.0005,0.0000
Healthy/lyria__P0537__b9.png,Healthy,P0537,0,Healthy,0.0001,0.9992,0.0007,0.0000
Healthy/lyria__P0537__b10.png,Healthy,P0537,0,Healthy,0.0002,0.9988,0.0010,0.0000
Healthy/lyria__P0537__b12.png,Healthy,P0537,0,Healthy,0.0009,0.9990,0.0000,0.0000
Healthy/lyria__P0537__b13.png,Healthy,P0537,0,Healthy,0.0117,0.9883,0.0000,0.0000
Healthy/lyria__P0537__b14.png,Healthy,P0537,0,Healthy,0.0118,0.9882,0.0000,0.0000
Healthy/lyria__P0537__b15.png,Healthy,P0537,0,Healthy,0.0006,0.9992,0.0002,0.0000
Healthy/lyria__P0537__b16.png,Healthy,P0537,0,Healthy,0.0008,0.9959,0.0029,0.0004
Healthy/lyria__P0537__b18.png,Healthy,P0537,0,Healthy,0.0001,0.9999,0.0000,0.0000
Healthy/lyria__P0537__b19.png,Healthy,P0537,0,Healthy,0.0401,0.9599,0.0000,0.0000
Healthy/lyria__P0537__b20.png,Healthy,P0537,0,Healthy,0.0423,0.6975,0.2598,0.0005
Healthy/lyria__P0538__b0.png,Healthy,P0538,0,Healthy,0.0000,0.9999,0.0000,0.0000
Healthy/lyria__P0538__b1.png,Healthy,P0538,0,Healthy,0.0000,1.0000,0.0000,0.0000
Healthy/lyria__P0538__b2.png,Healthy,P0538,0,Healthy,0.0019,0.9979,0.0002,0.0001
Healthy/lyria__P0538__b4.png,Healthy,P0538,0,Healthy,0.0004,0.9995,0.0000,0.0000
Healthy/lyria__P0538__b5.png,Healthy,P0538,0,Healthy,0.0000,0.9999,0.0000,0.0000
Healthy/lyria__P0538__b6.png,Healthy,P0538,0,Healthy,0.0017,0.9446,0.0517,0.0021
Healthy/lyria__P0538__b7.png,Healthy,P0538,0,Healthy,0.0154,0.9840,0.0005,0.0000
Healthy/lyria__P0538__b9.png,Healthy,P0538,0,Healthy,0.0000,0.9999,0.0000,0.0000
Healthy/lyria__P0538__b10.png,Healthy,P0538,0,Healthy,0.0005,0.9995,0.0000,0.0000
Healthy/lyria__P0538__b11.png,Healthy,P0538,0,Healthy,0.0007,0.9993,0.0000,0.0000
Healthy/lyria__P0538__b12.png,Healthy,P0538,0,Healthy,0.0006,0.9990,0.0004,0.0000
Healthy/lyria__P0538__b13.png,Healthy,P0538,0,Healthy,0.0044,0.9939,0.0016,0.0001
Healthy/lyria__P0538__b14.png,Healthy,P0538,0,Healthy,0.0423,0.9463,0.0046,0.0069
Healthy/lyria__P0539__b0.png,Healthy,P0539,0,Healthy,0.0000,0.9934,0.0065,0.0001
Healthy/lyria__P0539__b1.png,Healthy,P0539,0,Healthy,0.0048,0.9313,0.0638,0.0001
Healthy/lyria__P0539__b2.png,Healthy,P0539,0,Healthy,0.0001,0.9990,0.0009,0.0000
Healthy/lyria__P0541__b0.png,Healthy,P0541,0,Healthy,0.0202,0.9567,0.0228,0.0003
Healthy/lyria__P0541__b1.png,Healthy,P0541,0,Healthy,0.0000,0.9998,0.0001,0.0000
Healthy/lyria__P0541__b2.png,Healthy,P0541,0,Healthy,0.1632,0.8121,0.0155,0.0092
Healthy/lyria__P0541__b3.png,Healthy,P0541,0,Healthy,0.0265,0.9710,0.0023,0.0002
Healthy/lyria__P0541__b4.png,Healthy,P0541,0,Healthy,0.0101,0.9897,0.0002,0.0000
Healthy/lyria__P0541__b5.png,Healthy,P0541,0,Healthy,0.0058,0.9937,0.0005,0.0000
Healthy/lyria__P0541__b6.png,Healthy,P0541,0,Healthy,0.0049,0.9942,0.0009,0.0000
Healthy/lyria__P0541__b7.png,Healthy,P0541,0,Healthy,0.0127,0.9865,0.0006,0.0001
Healthy/lyria__P0541__b8.png,Healthy,P0541,0,Healthy,0.0042,0.9957,0.0000,0.0000
Healthy/lyria__P0541__b9.png,Healthy,P0541,0,Healthy,0.0000,1.0000,0.0000,0.0000
Healthy/lyria__P0541__b11.png,Healthy,P0541,0,Healthy,0.0001,0.9951,0.0048,0.0000
Healthy/lyria__P0541__b12.png,Healthy,P0541,0,Healthy,0.0111,0.6612,0.3266,0.0010
Healthy/lyria__P0541__b13.png,Healthy,P0541,0,Healthy,0.0685,0.8942,0.0242,0.0131
Healthy/lyria__P0541__b14.png,Healthy,P0541,0,Healthy,0.0004,0.9992,0.0004,0.0000
Healthy/lyria__P0541__b15.png,Healthy,P0541,0,Healthy,0.0001,0.9999,0.0000,0.0000
Healthy/lyria__P0541__b17.png,Healthy,P0541,0,Healthy,0.0002,0.9988,0.0010,0.0000
Healthy/lyria__P0541__b18.png,Healthy,P0541,0,Healthy,0.0002,0.9842,0.0155,0.0000
Healthy/lyria__P0541__b19.png,Healthy,P0541,0,Healthy,0.0154,0.9248,0.0598,0.0000
Healthy/lyria__P0544__b0.png,Healthy,P0544,0,Healthy,0.0001,0.9690,0.0309,0.0000
Healthy/lyria__P0544__b2.png,Healthy,P0544,0,Healthy,0.0001,0.9952,0.0039,0.0008
Healthy/lyria__P0545__b1.png,Healthy,P0545,0,Healthy,0.0000,0.9999,0.0000,0.0000
Healthy/lyria__P0545__b2.png,Healthy,P0545,0,Healthy,0.0000,1.0000,0.0000,0.0000
Healthy/lyria__P0545__b3.png,Healthy,P0545,0,Healthy,0.0000,0.9999,0.0001,0.0000
Healthy/lyria__P0545__b5.png,Healthy,P0545,0,Healthy,0.0000,0.9999,0.0001,0.0000
Healthy/lyria__P0545__b6.png,Healthy,P0545,0,Endodontics,0.6104,0.3372,0.0012,0.0512
Healthy/lyria__P0546__b0.png,Healthy,P0546,0,Healthy,0.0000,1.0000,0.0000,0.0000
Healthy/lyria__P0546__b1.png,Healthy,P0546,0,Healthy,0.0000,0.9999,0.0000,0.0000
Healthy/lyria__P0547__b0.png,Healthy,P0547,0,Healthy,0.0000,0.9998,0.0001,0.0000
Healthy/lyria__P0547__b1.png,Healthy,P0547,0,Healthy,0.0000,0.9999,0.0000,0.0000
Healthy/lyria__P0547__b2.png,Healthy,P0547,0,Healthy,0.0000,0.9996,0.0003,0.0000
Healthy/lyria__P0547__b3.png,Healthy,P0547,0,Healthy,0.0059,0.9939,0.0002,0.0000
Healthy/lyria__P0547__b4.png,Healthy,P0547,0,Healthy,0.0001,0.9979,0.0021,0.0000
Healthy/lyria__P0547__b5.png,Healthy,P0547,0,Healthy,0.0001,0.9950,0.0049,0.0000
Healthy/lyria__P0547__b6.png,Healthy,P0547,0,Healthy,0.2938,0.7052,0.0004,0.0005
Healthy/lyria__P0547__b7.png,Healthy,P0547,0,Healthy,0.0018,0.9952,0.0030,0.0000
Healthy/lyria__P0547__b8.png,Healthy,P0547,0,Healthy,0.3505,0.5999,0.0090,0.0405
Healthy/lyria__P0547__b9.png,Healthy,P0547,0,Healthy,0.0001,0.9997,0.0002,0.0000
Healthy/lyria__P0547__b11.png,Healthy,P0547,0,Healthy,0.1262,0.8692,0.0045,0.0001
Healthy/lyria__P0547__b12.png,Healthy,P0547,0,Healthy,0.4737,0.5233,0.0002,0.0028
Healthy/lyria__P0548__b0.png,Healthy,P0548,0,Healthy,0.0010,0.9989,0.0000,0.0000
Healthy/lyria__P0548__b1.png,Healthy,P0548,0,Healthy,0.0026,0.9955,0.0018,0.0001
Healthy/lyria__P0548__b2.png,Healthy,P0548,0,Healthy,0.0007,0.9992,0.0000,0.0000
Healthy/lyria__P0548__b3.png,Healthy,P0548,0,Healthy,0.0006,0.9994,0.0000,0.0000
Healthy/lyria__P0548__b4.png,Healthy,P0548,0,Healthy,0.0001,0.9997,0.0001,0.0000
Healthy/lyria__P0548__b5.png,Healthy,P0548,0,Healthy,0.0001,0.9993,0.0006,0.0000
Healthy/lyria__P0548__b6.png,Healthy,P0548,0,Healthy,0.0001,0.9992,0.0007,0.0000
Healthy/lyria__P0548__b7.png,Healthy,P0548,0,Healthy,0.0006,0.9991,0.0003,0.0000
Healthy/lyria__P0548__b8.png,Healthy,P0548,0,Healthy,0.0014,0.9300,0.0686,0.0000
Healthy/lyria__P0548__b9.png,Healthy,P0548,0,Healthy,0.0014,0.7982,0.2003,0.0001
Healthy/lyria__P0548__b11.png,Healthy,P0548,0,Healthy,0.0000,0.9999,0.0000,0.0000
Healthy/lyria__P0548__b12.png,Healthy,P0548,0,Healthy,0.0000,0.9952,0.0048,0.0000
Healthy/lyria__P0548__b13.png,Healthy,P0548,0,Healthy,0.0210,0.9788,0.0002,0.0000
Healthy/lyria__P0549__b0.png,Healthy,P0549,0,Healthy,0.0000,0.9980,0.0020,0.0000
Healthy/lyria__P0549__b1.png,Healthy,P0549,0,Healthy,0.0000,0.9997,0.0003,0.0000
Healthy/lyria__P0549__b2.png,Healthy,P0549,0,Healthy,0.0000,0.9979,0.0021,0.0000
Healthy/lyria__P0549__b3.png,Healthy,P0549,0,Healthy,0.0000,0.9906,0.0093,0.0001
Healthy/lyria__P0549__b4.png,Healthy,P0549,0,Healthy,0.0000,0.9999,0.0000,0.0000
Healthy/lyria__P0549__b5.png,Healthy,P0549,0,Healthy,0.0000,1.0000,0.0000,0.0000
Healthy/lyria__P0549__b6.png,Healthy,P0549,0,Healthy,0.0000,0.9991,0.0008,0.0000
Healthy/lyria__P0549__b7.png,Healthy,P0549,0,Healthy,0.0002,0.9910,0.0089,0.0000
Healthy/lyria__P0549__b8.png,Healthy,P0549,0,Healthy,0.0007,0.9845,0.0147,0.0000
Healthy/lyria__P0549__b9.png,Healthy,P0549,0,Impacted,0.0008,0.2149,0.7841,0.0001
Healthy/lyria__P0549__b10.png,Healthy,P0549,0,Healthy,0.0324,0.6626,0.3039,0.0011
Healthy/lyria__P0549__b11.png,Healthy,P0549,0,Healthy,0.0028,0.9940,0.0032,0.0001
Healthy/lyria__P0549__b12.png,Healthy,P0549,0,Healthy,0.0007,0.9982,0.0011,0.0000
Healthy/lyria__P0549__b13.png,Healthy,P0549,0,Healthy,0.0002,0.9962,0.0036,0.0000
Healthy/lyria__P0549__b14.png,Healthy,P0549,0,Healthy,0.0112,0.9876,0.0007,0.0005
Healthy/lyria__P0549__b15.png,Healthy,P0549,0,Healthy,0.0001,0.9998,0.0001,0.0000
Healthy/lyria__P0549__b17.png,Healthy,P0549,0,Healthy,0.0003,0.9965,0.0032,0.0000
Healthy/lyria__P0549__b18.png,Healthy,P0549,0,Healthy,0.0010,0.9985,0.0004,0.0000
Healthy/lyria__P0549__b19.png,Healthy,P0549,0,Healthy,0.0053,0.9667,0.0279,0.0000
Healthy/lyria__P0549__b20.png,Healthy,P0549,0,Healthy,0.0003,0.9968,0.0029,0.0000
Healthy/lyria__P0549__b21.png,Healthy,P0549,0,Healthy,0.0010,0.9813,0.0176,0.0000
Healthy/lyria__P0549__b22.png,Healthy,P0549,0,Healthy,0.0001,0.9998,0.0001,0.0000
Healthy/lyria__P0549__b23.png,Healthy,P0549,0,Healthy,0.0000,0.9998,0.0002,0.0000
Healthy/lyria__P0549__b25.png,Healthy,P0549,0,Healthy,0.0010,0.6616,0.3374,0.0000
Healthy/lyria__P0549__b26.png,Healthy,P0549,0,Healthy,0.0006,0.9614,0.0377,0.0003
Healthy/lyria__P0551__b1.png,Healthy,P0551,0,Healthy,0.0002,0.9996,0.0001,0.0000
Healthy/lyria__P0551__b2.png,Healthy,P0551,0,Healthy,0.0000,1.0000,0.0000,0.0000
Healthy/lyria__P0551__b3.png,Healthy,P0551,0,Healthy,0.0000,1.0000,0.0000,0.0000
Healthy/lyria__P0551__b4.png,Healthy,P0551,0,Healthy,0.0000,0.9999,0.0001,0.0000
Healthy/lyria__P0551__b6.png,Healthy,P0551,0,Healthy,0.0012,0.9980,0.0008,0.0000
Healthy/lyria__P0551__b7.png,Healthy,P0551,0,Healthy,0.0023,0.9976,0.0001,0.0000
Healthy/lyria__P0552__b0.png,Healthy,P0552,0,Healthy,0.0000,1.0000,0.0000,0.0000
Healthy/lyria__P0553__b0.png,Healthy,P0553,0,Healthy,0.0176,0.9816,0.0007,0.0001
Healthy/lyria__P0553__b1.png,Healthy,P0553,0,Healthy,0.0376,0.9623,0.0001,0.0000
Healthy/lyria__P0553__b3.png,Healthy,P0553,0,Healthy,0.0000,0.9998,0.0000,0.0001
Healthy/lyria__P0553__b4.png,Healthy,P0553,0,Healthy,0.0001,0.9980,0.0018,0.0000
Healthy/lyria__P0553__b5.png,Healthy,P0553,0,Healthy,0.0000,0.9944,0.0056,0.0000
Healthy/lyria__P0553__b6.png,Healthy,P0553,0,Healthy,0.0000,0.9999,0.0001,0.0000
Healthy/lyria__P0553__b7.png,Healthy,P0553,0,Healthy,0.0003,0.9954,0.0043,0.0000
Healthy/lyria__P0553__b8.png,Healthy,P0553,0,Healthy,0.0422,0.9566,0.0012,0.0000
Healthy/lyria__P0555__b0.png,Healthy,P0555,0,Healthy,0.0001,0.9998,0.0000,0.0000
Healthy/lyria__P0555__b1.png,Healthy,P0555,0,Healthy,0.0001,0.9997,0.0002,0.0000
Healthy/lyria__P0555__b2.png,Healthy,P0555,0,Healthy,0.0057,0.9916,0.0010,0.0017
Healthy/lyria__P0555__b3.png,Healthy,P0555,0,Healthy,0.0000,0.9999,0.0001,0.0000
Healthy/lyria__P0555__b4.png,Healthy,P0555,0,Healthy,0.0024,0.9955,0.0005,0.0017
Healthy/lyria__P0555__b5.png,Healthy,P0555,0,Healthy,0.0019,0.9965,0.0009,0.0007
Healthy/lyria__P0555__b6.png,Healthy,P0555,0,Healthy,0.0291,0.9549,0.0030,0.0130
Healthy/lyria__P0555__b7.png,Healthy,P0555,0,Healthy,0.0002,0.9997,0.0001,0.0000
Healthy/lyria__P0555__b8.png,Healthy,P0555,0,Healthy,0.0250,0.9739,0.0007,0.0004
Healthy/lyria__P0555__b9.png,Healthy,P0555,0,Healthy,0.0078,0.9909,0.0005,0.0008
Healthy/lyria__P0555__b10.png,Healthy,P0555,0,Healthy,0.1656,0.8329,0.0014,0.0002
Healthy/lyria__P0555__b12.png,Healthy,P0555,0,Healthy,0.0006,0.9976,0.0018,0.0000
Healthy/lyria__P0555__b13.png,Healthy,P0555,0,Impacted,0.0018,0.3686,0.6295,0.0001
Healthy/lyria__P0555__b14.png,Healthy,P0555,0,Healthy,0.0041,0.8761,0.1197,0.0000
Healthy/lyria__P0556__b0.png,Healthy,P0556,0,Healthy,0.0067,0.9919,0.0014,0.0001
Healthy/lyria__P0556__b3.png,Healthy,P0556,0,Healthy,0.0000,0.9999,0.0000,0.0000
Healthy/lyria__P0556__b4.png,Healthy,P0556,0,Healthy,0.0001,0.9999,0.0000,0.0000
Healthy/lyria__P0556__b5.png,Healthy,P0556,0,Healthy,0.0011,0.9945,0.0041,0.0003
Healthy/lyria__P0556__b6.png,Healthy,P0556,0,Healthy,0.0002,0.9993,0.0006,0.0000
Healthy/lyria__P0556__b7.png,Healthy,P0556,0,Healthy,0.0003,0.9995,0.0002,0.0000
Healthy/lyria__P0556__b8.png,Healthy,P0556,0,Healthy,0.0003,0.9978,0.0020,0.0000
Healthy/lyria__P0556__b9.png,Healthy,P0556,0,Healthy,0.0051,0.9946,0.0003,0.0000
Healthy/lyria__P0557__b0.png,Healthy,P0557,0,Healthy,0.0002,0.9988,0.0009,0.0001
Healthy/lyria__P0557__b1.png,Healthy,P0557,0,Healthy,0.0207,0.5544,0.4245,0.0005
Healthy/lyria__P0557__b2.png,Healthy,P0557,0,Healthy,0.0000,1.0000,0.0000,0.0000
Healthy/lyria__P0557__b3.png,Healthy,P0557,0,Healthy,0.0000,1.0000,0.0000,0.0000
Healthy/lyria__P0557__b4.png,Healthy,P0557,0,Healthy,0.0000,0.9999,0.0001,0.0000
Healthy/lyria__P0557__b5.png,Healthy,P0557,0,Healthy,0.0000,1.0000,0.0000,0.0000
Healthy/lyria__P0557__b7.png,Healthy,P0557,0,Healthy,0.1982,0.7964,0.0025,0.0029
Healthy/lyria__P0557__b8.png,Healthy,P0557,0,Healthy,0.0001,0.9989,0.0010,0.0001
Healthy/lyria__P0558__b0.png,Healthy,P0558,0,Healthy,0.0000,0.9999,0.0000,0.0000
Healthy/lyria__P0558__b1.png,Healthy,P0558,0,Healthy,0.0000,0.9998,0.0002,0.0000
Healthy/lyria__P0558__b2.png,Healthy,P0558,0,Healthy,0.0000,0.9999,0.0001,0.0000
Healthy/lyria__P0558__b3.png,Healthy,P0558,0,Healthy,0.0000,1.0000,0.0000,0.0000
Healthy/lyria__P0558__b4.png,Healthy,P0558,0,Healthy,0.0004,0.9995,0.0001,0.0000
Healthy/lyria__P0558__b7.png,Healthy,P0558,0,Healthy,0.0002,0.9996,0.0001,0.0000
Healthy/lyria__P0558__b8.png,Healthy,P0558,0,Healthy,0.0000,0.9993,0.0007,0.0000
Healthy/lyria__P0558__b9.png,Healthy,P0558,0,Impacted,0.0044,0.3816,0.6137,0.0003
Healthy/lyria__P0558__b10.png,Healthy,P0558,0,Healthy,0.0014,0.9978,0.0008,0.0000
Healthy/lyria__P0558__b11.png,Healthy,P0558,0,Healthy,0.0000,1.0000,0.0000,0.0000
Healthy/lyria__P0558__b12.png,Healthy,P0558,0,Healthy,0.0000,0.9998,0.0002,0.0000
Healthy/lyria__P0558__b13.png,Healthy,P0558,0,Healthy,0.0017,0.9982,0.0001,0.0000
Healthy/lyria__P0558__b14.png,Healthy,P0558,0,Healthy,0.0015,0.9984,0.0000,0.0000
Healthy/lyria__P0558__b15.png,Healthy,P0558,0,Healthy,0.0774,0.9220,0.0006,0.0001
Healthy/lyria__P0558__b16.png,Healthy,P0558,0,Healthy,0.1766,0.6416,0.1529,0.0289
Healthy/lyria__P0559__b0.png,Healthy,P0559,0,Healthy,0.0000,1.0000,0.0000,0.0000
Healthy/lyria__P0559__b1.png,Healthy,P0559,0,Healthy,0.0000,1.0000,0.0000,0.0000
Healthy/lyria__P0559__b2.png,Healthy,P0559,0,Healthy,0.0000,1.0000,0.0000,0.0000
Healthy/lyria__P0559__b3.png,Healthy,P0559,0,Healthy,0.0000,1.0000,0.0000,0.0000
Healthy/lyria__P0559__b4.png,Healthy,P0559,0,Healthy,0.0000,0.9997,0.0002,0.0000
Healthy/lyria__P0559__b5.png,Healthy,P0559,0,Healthy,0.0001,0.9997,0.0001,0.0000
Healthy/lyria__P0559__b6.png,Healthy,P0559,0,Healthy,0.0004,0.9974,0.0005,0.0016
Healthy/lyria__P0559__b7.png,Healthy,P0559,0,Healthy,0.0000,1.0000,0.0000,0.0000
Healthy/lyria__P0559__b8.png,Healthy,P0559,0,Healthy,0.0000,1.0000,0.0000,0.0000
Healthy/lyria__P0559__b9.png,Healthy,P0559,0,Healthy,0.0004,0.9967,0.0029,0.0000
Healthy/lyria__P0559__b10.png,Healthy,P0559,0,Healthy,0.0081,0.7913,0.1998,0.0007
Healthy/lyria__P0559__b12.png,Healthy,P0559,0,Healthy,0.0004,0.9995,0.0001,0.0000
Healthy/lyria__P0559__b13.png,Healthy,P0559,0,Healthy,0.0001,0.9999,0.0000,0.0000
Healthy/lyria__P0559__b14.png,Healthy,P0559,0,Healthy,0.0006,0.9985,0.0009,0.0000
Healthy/lyria__P0559__b15.png,Healthy,P0559,0,Healthy,0.0003,0.9977,0.0019,0.0001
Healthy/lyria__P0559__b16.png,Healthy,P0559,0,Healthy,0.0031,0.9860,0.0108,0.0000
Healthy/lyria__P0559__b17.png,Healthy,P0559,0,Healthy,0.0002,0.9998,0.0001,0.0000
Healthy/lyria__P0559__b18.png,Healthy,P0559,0,Healthy,0.0004,0.9996,0.0000,0.0000
Healthy/lyria__P0559__b19.png,Healthy,P0559,0,Healthy,0.0002,0.9997,0.0000,0.0000
Healthy/lyria__P0559__b20.png,Healthy,P0559,0,Healthy,0.0051,0.9948,0.0001,0.0000
Healthy/lyria__P0559__b21.png,Healthy,P0559,0,Healthy,0.0017,0.9919,0.0061,0.0003
Healthy/lyria__P0559__b22.png,Healthy,P0559,0,Healthy,0.0470,0.6731,0.2797,0.0002
Healthy/lyria__P0058__b1.png,Healthy,P0058,0,Healthy,0.0000,0.9992,0.0007,0.0000
Healthy/lyria__P0058__b2.png,Healthy,P0058,0,Healthy,0.0000,0.9996,0.0003,0.0000
Healthy/lyria__P0058__b4.png,Healthy,P0058,0,Healthy,0.0000,0.9998,0.0001,0.0000
Healthy/lyria__P0562__b0.png,Healthy,P0562,0,Healthy,0.0006,0.9993,0.0001,0.0000
Healthy/lyria__P0562__b1.png,Healthy,P0562,0,Healthy,0.1139,0.5064,0.3610,0.0187
Healthy/lyria__P0562__b2.png,Healthy,P0562,0,Healthy,0.0156,0.9813,0.0029,0.0002
Healthy/lyria__P0562__b3.png,Healthy,P0562,0,Healthy,0.0001,0.9998,0.0001,0.0000
Healthy/lyria__P0562__b4.png,Healthy,P0562,0,Healthy,0.0001,0.9997,0.0001,0.0000
Healthy/lyria__P0562__b5.png,Healthy,P0562,0,Healthy,0.0000,0.9999,0.0001,0.0000
Healthy/lyria__P0562__b6.png,Healthy,P0562,0,Healthy,0.0000,1.0000,0.0000,0.0000
Healthy/lyria__P0562__b7.png,Healthy,P0562,0,Healthy,0.0000,0.9999,0.0001,0.0000
Healthy/lyria__P0562__b8.png,Healthy,P0562,0,Healthy,0.0005,0.9853,0.0142,0.0000
Healthy/lyria__P0563__b0.png,Healthy,P0563,0,Healthy,0.0000,1.0000,0.0000,0.0000
Healthy/lyria__P0563__b1.png,Healthy,P0563,0,Healthy,0.0002,0.9975,0.0018,0.0005
Healthy/lyria__P0563__b3.png,Healthy,P0563,0,Healthy,0.0001,0.9999,0.0000,0.0000
Healthy/lyria__P0563__b4.png,Healthy,P0563,0,Healthy,0.0001,0.9998,0.0001,0.0000
Healthy/lyria__P0563__b5.png,Healthy,P0563,0,Healthy,0.0002,0.9993,0.0006,0.0000
Healthy/lyria__P0563__b6.png,Healthy,P0563,0,Healthy,0.0672,0.9327,0.0000,0.0000
Healthy/lyria__P0563__b7.png,Healthy,P0563,0,Healthy,0.0023,0.9976,0.0001,0.0000
Healthy/lyria__P0564__b0.png,Healthy,P0564,0,Healthy,0.0000,1.0000,0.0000,0.0000
Healthy/lyria__P0564__b1.png,Healthy,P0564,0,Healthy,0.0001,0.9999,0.0000,0.0000
Healthy/lyria__P0564__b2.png,Healthy,P0564,0,Healthy,0.0001,0.9996,0.0003,0.0001
Healthy/lyria__P0564__b3.png,Healthy,P0564,0,Healthy,0.0020,0.9961,0.0018,0.0001
Healthy/lyria__P0564__b4.png,Healthy,P0564,0,Healthy,0.0231,0.9724,0.0044,0.0001
Healthy/lyria__P0564__b7.png,Healthy,P0564,0,Healthy,0.0056,0.9558,0.0360,0.0026
Healthy/lyria__P0565__b0.png,Healthy,P0565,0,Healthy,0.0001,0.9998,0.0001,0.0000
Healthy/lyria__P0565__b1.png,Healthy,P0565,0,Healthy,0.0017,0.9982,0.0001,0.0000
Healthy/lyria__P0565__b2.png,Healthy,P0565,0,Healthy,0.0004,0.9996,0.0000,0.0000
Healthy/lyria__P0565__b3.png,Healthy,P0565,0,Healthy,0.0001,0.9998,0.0001,0.0000
Healthy/lyria__P0565__b4.png,Healthy,P0565,0,Healthy,0.0008,0.9986,0.0004,0.0002
Healthy/lyria__P0565__b5.png,Healthy,P0565,0,Healthy,0.0000,0.9999,0.0001,0.0000
Healthy/lyria__P0565__b6.png,Healthy,P0565,0,Healthy,0.0000,0.9996,0.0004,0.0000
Healthy/lyria__P0565__b7.png,Healthy,P0565,0,Healthy,0.0000,0.9998,0.0001,0.0000
Healthy/lyria__P0565__b8.png,Healthy,P0565,0,Healthy,0.0000,0.9999,0.0000,0.0000
Healthy/lyria__P0565__b9.png,Healthy,P0565,0,Healthy,0.0000,1.0000,0.0000,0.0000
Healthy/lyria__P0565__b10.png,Healthy,P0565,0,Healthy,0.0000,1.0000,0.0000,0.0000
Healthy/lyria__P0565__b11.png,Healthy,P0565,0,Healthy,0.0000,1.0000,0.0000,0.0000
Healthy/lyria__P0565__b12.png,Healthy,P0565,0,Healthy,0.0001,0.9994,0.0004,0.0001
Healthy/lyria__P0565__b13.png,Healthy,P0565,0,Healthy,0.0003,0.9987,0.0009,0.0001
Healthy/lyria__P0565__b14.png,Healthy,P0565,0,Healthy,0.0053,0.9678,0.0268,0.0001
Healthy/lyria__P0565__b15.png,Healthy,P0565,0,Healthy,0.0002,0.9985,0.0013,0.0001
Healthy/lyria__P0565__b16.png,Healthy,P0565,0,Healthy,0.0103,0.9583,0.0314,0.0000
Healthy/lyria__P0565__b17.png,Healthy,P0565,0,Healthy,0.0023,0.9614,0.0326,0.0036
Healthy/lyria__P0565__b18.png,Healthy,P0565,0,Healthy,0.0008,0.9622,0.0369,0.0002
Healthy/lyria__P0568__b1.png,Healthy,P0568,0,Healthy,0.0000,0.9997,0.0003,0.0000
Healthy/lyria__P0568__b3.png,Healthy,P0568,0,Healthy,0.0010,0.9967,0.0023,0.0000
Healthy/lyria__P0569__b0.png,Healthy,P0569,0,Impacted,0.0027,0.2036,0.7910,0.0027
Healthy/lyria__P0569__b1.png,Healthy,P0569,0,Healthy,0.0001,0.9998,0.0001,0.0000
Healthy/lyria__P0569__b3.png,Healthy,P0569,0,Healthy,0.0000,0.9999,0.0000,0.0000
Healthy/lyria__P0569__b4.png,Healthy,P0569,0,Healthy,0.0000,0.9996,0.0003,0.0001
Healthy/lyria__P0569__b5.png,Healthy,P0569,0,Healthy,0.0014,0.9985,0.0000,0.0000
Healthy/lyria__P0569__b6.png,Healthy,P0569,0,Healthy,0.0093,0.9906,0.0001,0.0000
Healthy/lyria__P0569__b7.png,Healthy,P0569,0,Healthy,0.0000,0.9998,0.0002,0.0000
Healthy/lyria__P0569__b9.png,Healthy,P0569,0,Healthy,0.0000,1.0000,0.0000,0.0000
Healthy/lyria__P0569__b10.png,Healthy,P0569,0,Healthy,0.0000,0.9999,0.0000,0.0000
Healthy/lyria__P0569__b11.png,Healthy,P0569,0,Healthy,0.0079,0.9911,0.0008,0.0002
Healthy/lyria__P0570__b1.png,Healthy,P0570,0,Healthy,0.0035,0.9965,0.0000,0.0000
Healthy/lyria__P0570__b2.png,Healthy,P0570,0,Healthy,0.0000,1.0000,0.0000,0.0000
Healthy/lyria__P0570__b3.png,Healthy,P0570,0,Healthy,0.0001,0.9999,0.0001,0.0000
Healthy/lyria__P0570__b4.png,Healthy,P0570,0,Healthy,0.0000,1.0000,0.0000,0.0000
Healthy/lyria__P0571__b0.png,Healthy,P0571,0,Healthy,0.0002,0.9997,0.0000,0.0000
Healthy/lyria__P0571__b1.png,Healthy,P0571,0,Healthy,0.0001,0.9992,0.0008,0.0000
Healthy/lyria__P0571__b2.png,Healthy,P0571,0,Healthy,0.0000,0.9999,0.0001,0.0000
Healthy/lyria__P0571__b3.png,Healthy,P0571,0,Healthy,0.0007,0.9937,0.0056,0.0000
Healthy/lyria__P0571__b5.png,Healthy,P0571,0,Healthy,0.0000,0.9979,0.0021,0.0000
Healthy/lyria__P0571__b6.png,Healthy,P0571,0,Healthy,0.0005,0.9989,0.0006,0.0000
Healthy/lyria__P0571__b7.png,Healthy,P0571,0,Healthy,0.0001,0.9999,0.0000,0.0000
Healthy/lyria__P0571__b8.png,Healthy,P0571,0,Healthy,0.0008,0.9992,0.0000,0.0000
Healthy/lyria__P0572__b0.png,Healthy,P0572,0,Healthy,0.0001,0.9983,0.0016,0.0000
Healthy/lyria__P0572__b1.png,Healthy,P0572,0,Healthy,0.0005,0.9994,0.0000,0.0000
Healthy/lyria__P0572__b3.png,Healthy,P0572,0,Healthy,0.0000,1.0000,0.0000,0.0000
Healthy/lyria__P0572__b4.png,Healthy,P0572,0,Healthy,0.0000,1.0000,0.0000,0.0000
Healthy/lyria__P0572__b5.png,Healthy,P0572,0,Healthy,0.0000,1.0000,0.0000,0.0000
Healthy/lyria__P0572__b7.png,Healthy,P0572,0,Healthy,0.0000,0.9999,0.0001,0.0000
Healthy/lyria__P0572__b8.png,Healthy,P0572,0,Healthy,0.0000,0.9999,0.0001,0.0000
Healthy/lyria__P0573__b0.png,Healthy,P0573,0,Healthy,0.0000,0.9993,0.0007,0.0000
Healthy/lyria__P0573__b3.png,Healthy,P0573,0,Healthy,0.0000,0.9999,0.0001,0.0000
Healthy/lyria__P0573__b4.png,Healthy,P0573,0,Healthy,0.0000,0.9995,0.0005,0.0000
Healthy/lyria__P0573__b5.png,Healthy,P0573,0,Healthy,0.0000,0.9999,0.0001,0.0000
Healthy/lyria__P0575__b0.png,Healthy,P0575,0,Healthy,0.0526,0.9105,0.0368,0.0001
Healthy/lyria__P0575__b1.png,Healthy,P0575,0,Healthy,0.0001,0.9999,0.0000,0.0000
Healthy/lyria__P0575__b2.png,Healthy,P0575,0,Healthy,0.0125,0.9857,0.0018,0.0001
Healthy/lyria__P0575__b3.png,Healthy,P0575,0,Healthy,0.0001,0.9995,0.0003,0.0001
Healthy/lyria__P0575__b4.png,Healthy,P0575,0,Healthy,0.0000,0.9999,0.0001,0.0000
Healthy/lyria__P0575__b5.png,Healthy,P0575,0,Healthy,0.0001,0.9997,0.0002,0.0000
Healthy/lyria__P0575__b6.png,Healthy,P0575,0,Healthy,0.0000,1.0000,0.0000,0.0000
Healthy/lyria__P0575__b7.png,Healthy,P0575,0,Healthy,0.0518,0.9481,0.0002,0.0000
Healthy/lyria__P0575__b8.png,Healthy,P0575,0,Healthy,0.0112,0.9888,0.0000,0.0000
Healthy/lyria__P0575__b9.png,Healthy,P0575,0,Healthy,0.1050,0.8715,0.0233,0.0002
Healthy/lyria__P0575__b11.png,Healthy,P0575,0,Healthy,0.0005,0.9993,0.0001,0.0001
Healthy/lyria__P0575__b13.png,Healthy,P0575,0,Healthy,0.0009,0.9990,0.0001,0.0000
Healthy/lyria__P0575__b14.png,Healthy,P0575,0,Healthy,0.0011,0.9981,0.0001,0.0008
Healthy/lyria__P0575__b15.png,Healthy,P0575,0,Healthy,0.0001,0.9996,0.0004,0.0000
Healthy/lyria__P0575__b16.png,Healthy,P0575,0,Healthy,0.0001,0.9999,0.0001,0.0000
Healthy/lyria__P0575__b17.png,Healthy,P0575,0,Impacted,0.0102,0.2381,0.7502,0.0015
Healthy/lyria__P0575__b18.png,Healthy,P0575,0,Healthy,0.0046,0.9936,0.0018,0.0000
Healthy/lyria__P0575__b19.png,Healthy,P0575,0,Healthy,0.0017,0.9976,0.0007,0.0000
Healthy/lyria__P0575__b20.png,Healthy,P0575,0,Endodontics,0.8080,0.1839,0.0075,0.0005
Healthy/lyria__P0575__b21.png,Healthy,P0575,0,Impacted,0.0020,0.0504,0.9475,0.0001
Healthy/lyria__P0059__b0.png,Healthy,P0059,0,Healthy,0.0001,0.9999,0.0001,0.0000
Healthy/lyria__P0059__b1.png,Healthy,P0059,0,Healthy,0.0002,0.9997,0.0001,0.0000
Healthy/lyria__P0059__b2.png,Healthy,P0059,0,Healthy,0.0001,0.9999,0.0000,0.0000
Healthy/lyria__P0059__b3.png,Healthy,P0059,0,Healthy,0.0000,0.9997,0.0003,0.0000
Healthy/lyria__P0059__b5.png,Healthy,P0059,0,Healthy,0.0002,0.9994,0.0004,0.0000
Healthy/lyria__P0576__b0.png,Healthy,P0576,0,Healthy,0.0003,0.9996,0.0000,0.0000
Healthy/lyria__P0576__b1.png,Healthy,P0576,0,Healthy,0.0000,0.9998,0.0000,0.0001
Healthy/lyria__P0576__b2.png,Healthy,P0576,0,Healthy,0.0000,0.9998,0.0002,0.0000
Healthy/lyria__P0576__b3.png,Healthy,P0576,0,Healthy,0.0000,0.9986,0.0013,0.0000
Healthy/lyria__P0576__b4.png,Healthy,P0576,0,Healthy,0.0002,0.9998,0.0000,0.0000
Healthy/lyria__P0576__b6.png,Healthy,P0576,0,Healthy,0.0007,0.9991,0.0001,0.0001
Healthy/lyria__P0576__b7.png,Healthy,P0576,0,Healthy,0.2730,0.5479,0.1758,0.0033
Healthy/lyria__P0576__b8.png,Healthy,P0576,0,Healthy,0.0007,0.9977,0.0015,0.0000
Healthy/lyria__P0576__b9.png,Healthy,P0576,0,Healthy,0.1276,0.5471,0.3189,0.0063
Healthy/lyria__P0576__b10.png,Healthy,P0576,0,Healthy,0.0001,0.9994,0.0004,0.0001
Healthy/lyria__P0576__b11.png,Healthy,P0576,0,Healthy,0.0000,1.0000,0.0000,0.0000
Healthy/lyria__P0576__b12.png,Healthy,P0576,0,Healthy,0.0000,0.9999,0.0000,0.0000
Healthy/lyria__P0576__b13.png,Healthy,P0576,0,Healthy,0.0000,0.9994,0.0006,0.0000
Healthy/lyria__P0576__b14.png,Healthy,P0576,0,Healthy,0.0002,0.9993,0.0004,0.0000
Healthy/lyria__P0576__b15.png,Healthy,P0576,0,Healthy,0.0007,0.6805,0.3187,0.0001
Healthy/lyria__P0576__b16.png,Healthy,P0576,0,Healthy,0.0000,0.9999,0.0001,0.0000
Healthy/lyria__P0576__b17.png,Healthy,P0576,0,Healthy,0.0000,0.9999,0.0000,0.0000
Healthy/lyria__P0576__b18.png,Healthy,P0576,0,Healthy,0.0000,1.0000,0.0000,0.0000
Healthy/lyria__P0576__b19.png,Healthy,P0576,0,Healthy,0.0000,0.9999,0.0000,0.0000
Healthy/lyria__P0576__b21.png,Healthy,P0576,0,Healthy,0.0024,0.9183,0.0788,0.0005
Healthy/lyria__P0576__b22.png,Healthy,P0576,0,Healthy,0.0213,0.5475,0.4300,0.0012
Healthy/lyria__P0578__b0.png,Healthy,P0578,0,Healthy,0.0001,0.9980,0.0015,0.0005
Healthy/lyria__P0578__b2.png,Healthy,P0578,0,Healthy,0.0038,0.9840,0.0110,0.0012
Healthy/lyria__P0578__b3.png,Healthy,P0578,0,Healthy,0.0000,0.9998,0.0001,0.0000
Healthy/lyria__P0578__b4.png,Healthy,P0578,0,Healthy,0.0000,1.0000,0.0000,0.0000
Healthy/lyria__P0578__b5.png,Healthy,P0578,0,Healthy,0.0000,1.0000,0.0000,0.0000
Healthy/lyria__P0578__b6.png,Healthy,P0578,0,Healthy,0.0000,1.0000,0.0000,0.0000
Healthy/lyria__P0578__b7.png,Healthy,P0578,0,Healthy,0.0000,0.9999,0.0001,0.0000
Healthy/lyria__P0578__b9.png,Healthy,P0578,0,Healthy,0.0000,0.9999,0.0000,0.0000
Healthy/lyria__P0578__b10.png,Healthy,P0578,0,Healthy,0.0000,0.9994,0.0006,0.0000
Healthy/lyria__P0578__b11.png,Healthy,P0578,0,Healthy,0.0001,0.9983,0.0015,0.0000
Healthy/lyria__P0578__b12.png,Healthy,P0578,0,Impacted,0.0000,0.0122,0.9878,0.0000
Healthy/lyria__P0579__b0.png,Healthy,P0579,0,Healthy,0.0095,0.9820,0.0078,0.0007
Healthy/lyria__P0579__b1.png,Healthy,P0579,0,Healthy,0.0000,0.9999,0.0001,0.0000
Healthy/lyria__P0579__b2.png,Healthy,P0579,0,Healthy,0.0001,0.9999,0.0000,0.0000
Healthy/lyria__P0579__b3.png,Healthy,P0579,0,Healthy,0.0034,0.9934,0.0011,0.0021
Healthy/lyria__P0579__b4.png,Healthy,P0579,0,Healthy,0.0035,0.9960,0.0004,0.0001
Healthy/lyria__P0579__b5.png,Healthy,P0579,0,Healthy,0.0002,0.9997,0.0000,0.0000
Healthy/lyria__P0579__b6.png,Healthy,P0579,0,Healthy,0.0003,0.9996,0.0001,0.0000
Healthy/lyria__P0579__b7.png,Healthy,P0579,0,Implant,0.0916,0.0412,0.0480,0.8192
Healthy/lyria__P0579__b8.png,Healthy,P0579,0,Healthy,0.0441,0.9460,0.0095,0.0004
Healthy/lyria__P0579__b9.png,Healthy,P0579,0,Healthy,0.0123,0.9875,0.0002,0.0000
Healthy/lyria__P0579__b10.png,Healthy,P0579,0,Healthy,0.0009,0.9960,0.0017,0.0014
Healthy/lyria__P0579__b11.png,Healthy,P0579,0,Healthy,0.0016,0.7137,0.2650,0.0197
Healthy/lyria__P0579__b12.png,Healthy,P0579,0,Impacted,0.0076,0.3804,0.6114,0.0006
Healthy/lyria__P0579__b13.png,Healthy,P0579,0,Healthy,0.0055,0.9475,0.0460,0.0010
Healthy/lyria__P0579__b15.png,Healthy,P0579,0,Healthy,0.0001,0.9993,0.0005,0.0001
Healthy/lyria__P0579__b16.png,Healthy,P0579,0,Healthy,0.0001,0.9917,0.0081,0.0001
Healthy/lyria__P0579__b17.png,Healthy,P0579,0,Healthy,0.0005,0.9994,0.0000,0.0001
Healthy/lyria__P0579__b18.png,Healthy,P0579,0,Healthy,0.0003,0.9996,0.0001,0.0001
Healthy/lyria__P0579__b19.png,Healthy,P0579,0,Healthy,0.0098,0.9852,0.0006,0.0044
Healthy/lyria__P0579__b20.png,Healthy,P0579,0,Healthy,0.0060,0.9564,0.0001,0.0374
Healthy/lyria__P0579__b21.png,Healthy,P0579,0,Healthy,0.0005,0.9994,0.0002,0.0000
Healthy/lyria__P0579__b22.png,Healthy,P0579,0,Healthy,0.0021,0.9928,0.0051,0.0000
Healthy/lyria__P0579__b23.png,Healthy,P0579,0,Healthy,0.0000,0.9996,0.0004,0.0000
Healthy/lyria__P0579__b24.png,Healthy,P0579,0,Healthy,0.0319,0.5252,0.4421,0.0008
Healthy/lyria__P0580__b2.png,Healthy,P0580,0,Healthy,0.0000,1.0000,0.0000,0.0000
Healthy/lyria__P0580__b3.png,Healthy,P0580,0,Healthy,0.0000,1.0000,0.0000,0.0000
Healthy/lyria__P0581__b0.png,Healthy,P0581,0,Healthy,0.0005,0.9995,0.0000,0.0000
Healthy/lyria__P0581__b2.png,Healthy,P0581,0,Healthy,0.0000,1.0000,0.0000,0.0000
Healthy/lyria__P0581__b3.png,Healthy,P0581,0,Healthy,0.0010,0.9985,0.0000,0.0006
Healthy/lyria__P0581__b4.png,Healthy,P0581,0,Healthy,0.0008,0.9991,0.0000,0.0000
Healthy/lyria__P0581__b5.png,Healthy,P0581,0,Healthy,0.0038,0.9503,0.0001,0.0459
Healthy/lyria__P0581__b6.png,Healthy,P0581,0,Healthy,0.0000,1.0000,0.0000,0.0000
Healthy/lyria__P0581__b7.png,Healthy,P0581,0,Healthy,0.0000,0.9997,0.0000,0.0002
Healthy/lyria__P0581__b8.png,Healthy,P0581,0,Healthy,0.0000,0.9998,0.0000,0.0001
Healthy/lyria__P0581__b9.png,Healthy,P0581,0,Healthy,0.0001,0.9960,0.0000,0.0038
Healthy/lyria__P0581__b10.png,Healthy,P0581,0,Healthy,0.0000,1.0000,0.0000,0.0000
Healthy/lyria__P0060__b0.png,Healthy,P0060,0,Healthy,0.0002,0.6611,0.3386,0.0001
Healthy/lyria__P0060__b1.png,Healthy,P0060,0,Healthy,0.0071,0.9814,0.0014,0.0102
Healthy/lyria__P0060__b2.png,Healthy,P0060,0,Healthy,0.0107,0.9888,0.0005,0.0000
Healthy/lyria__P0060__b3.png,Healthy,P0060,0,Healthy,0.0021,0.9924,0.0055,0.0000
Healthy/lyria__P0060__b4.png,Healthy,P0060,0,Healthy,0.0001,0.9993,0.0005,0.0000
Healthy/lyria__P0060__b5.png,Healthy,P0060,0,Healthy,0.0004,0.9993,0.0003,0.0000
Healthy/lyria__P0060__b6.png,Healthy,P0060,0,Healthy,0.0001,0.9997,0.0002,0.0000
Healthy/lyria__P0060__b7.png,Healthy,P0060,0,Healthy,0.0007,0.9992,0.0001,0.0000
Healthy/lyria__P0060__b8.png,Healthy,P0060,0,Healthy,0.2107,0.7886,0.0001,0.0006
Healthy/lyria__P0060__b9.png,Healthy,P0060,0,Healthy,0.0476,0.9497,0.0026,0.0001
Healthy/lyria__P0060__b10.png,Healthy,P0060,0,Healthy,0.0010,0.9980,0.0010,0.0000
Healthy/lyria__P0060__b11.png,Healthy,P0060,0,Healthy,0.0060,0.5732,0.4205,0.0002
Healthy/lyria__P0060__b12.png,Healthy,P0060,0,Healthy,0.0055,0.5787,0.4154,0.0003
Healthy/lyria__P0060__b13.png,Healthy,P0060,0,Impacted,0.0007,0.2090,0.7847,0.0057
Healthy/lyria__P0060__b14.png,Healthy,P0060,0,Healthy,0.0047,0.9946,0.0007,0.0000
Healthy/lyria__P0060__b15.png,Healthy,P0060,0,Healthy,0.0589,0.9335,0.0075,0.0000
Healthy/lyria__P0060__b16.png,Healthy,P0060,0,Healthy,0.0000,1.0000,0.0000,0.0000
Healthy/lyria__P0060__b17.png,Healthy,P0060,0,Healthy,0.0001,0.9993,0.0006,0.0000
Healthy/lyria__P0060__b18.png,Healthy,P0060,0,Healthy,0.0003,0.9987,0.0005,0.0005
Healthy/lyria__P0060__b20.png,Healthy,P0060,0,Healthy,0.0000,0.9988,0.0012,0.0000
Healthy/lyria__P0060__b22.png,Healthy,P0060,0,Healthy,0.0002,0.9996,0.0002,0.0000
Healthy/lyria__P0060__b23.png,Healthy,P0060,0,Healthy,0.0216,0.9403,0.0381,0.0000
Healthy/lyria__P0582__b0.png,Healthy,P0582,0,Healthy,0.0000,0.9999,0.0000,0.0000
Healthy/lyria__P0582__b2.png,Healthy,P0582,0,Healthy,0.0000,0.9999,0.0000,0.0000
Healthy/lyria__P0582__b3.png,Healthy,P0582,0,Healthy,0.0001,0.9998,0.0001,0.0001
Healthy/lyria__P0582__b4.png,Healthy,P0582,0,Healthy,0.0000,1.0000,0.0000,0.0000
Healthy/lyria__P0582__b5.png,Healthy,P0582,0,Healthy,0.3061,0.6855,0.0040,0.0043
Healthy/lyria__P0582__b6.png,Healthy,P0582,0,Healthy,0.0001,0.9823,0.0175,0.0001
Healthy/lyria__P0582__b7.png,Healthy,P0582,0,Endodontics,0.5014,0.4889,0.0077,0.0020
Healthy/lyria__P0582__b8.png,Healthy,P0582,0,Healthy,0.0028,0.9428,0.0542,0.0003
Healthy/lyria__P0582__b9.png,Healthy,P0582,0,Healthy,0.0000,0.9999,0.0001,0.0000
Healthy/lyria__P0582__b10.png,Healthy,P0582,0,Healthy,0.0000,1.0000,0.0000,0.0000
Healthy/lyria__P0582__b11.png,Healthy,P0582,0,Healthy,0.0243,0.9686,0.0018,0.0053
Healthy/lyria__P0582__b12.png,Healthy,P0582,0,Healthy,0.0013,0.9981,0.0005,0.0001
Healthy/lyria__P0582__b13.png,Healthy,P0582,0,Healthy,0.0073,0.9877,0.0041,0.0010
Healthy/lyria__P0583__b2.png,Healthy,P0583,0,Healthy,0.0001,0.9998,0.0001,0.0000
Healthy/lyria__P0585__b0.png,Healthy,P0585,0,Healthy,0.0028,0.9922,0.0049,0.0001
Healthy/lyria__P0585__b1.png,Healthy,P0585,0,Healthy,0.0010,0.9985,0.0004,0.0002
Healthy/lyria__P0585__b2.png,Healthy,P0585,0,Healthy,0.0002,0.9983,0.0015,0.0000
Healthy/lyria__P0585__b3.png,Healthy,P0585,0,Healthy,0.0009,0.9991,0.0000,0.0000
Healthy/lyria__P0585__b4.png,Healthy,P0585,0,Healthy,0.0002,0.9998,0.0000,0.0000
Healthy/lyria__P0585__b5.png,Healthy,P0585,0,Healthy,0.0000,0.9999,0.0001,0.0000
Healthy/lyria__P0585__b6.png,Healthy,P0585,0,Healthy,0.0002,0.6148,0.3847,0.0003
Healthy/lyria__P0585__b7.png,Healthy,P0585,0,Healthy,0.0002,0.9997,0.0000,0.0000
Healthy/lyria__P0585__b8.png,Healthy,P0585,0,Healthy,0.0003,0.9985,0.0012,0.0000
Healthy/lyria__P0585__b9.png,Healthy,P0585,0,Healthy,0.0001,0.9999,0.0001,0.0000
Healthy/lyria__P0585__b10.png,Healthy,P0585,0,Healthy,0.0000,0.9999,0.0000,0.0000
Healthy/lyria__P0585__b12.png,Healthy,P0585,0,Healthy,0.0000,0.9999,0.0000,0.0000
Healthy/lyria__P0585__b13.png,Healthy,P0585,0,Healthy,0.0000,1.0000,0.0000,0.0000
Healthy/lyria__P0585__b14.png,Healthy,P0585,0,Healthy,0.0000,0.9996,0.0004,0.0000
Healthy/lyria__P0585__b15.png,Healthy,P0585,0,Healthy,0.0000,0.9996,0.0004,0.0000
Healthy/lyria__P0585__b16.png,Healthy,P0585,0,Healthy,0.0000,0.9998,0.0001,0.0000
Healthy/lyria__P0585__b18.png,Healthy,P0585,0,Healthy,0.0000,0.9999,0.0000,0.0000
Healthy/lyria__P0585__b19.png,Healthy,P0585,0,Healthy,0.0001,0.9998,0.0000,0.0000
Healthy/lyria__P0585__b20.png,Healthy,P0585,0,Healthy,0.0000,0.9707,0.0293,0.0000
Healthy/lyria__P0585__b21.png,Healthy,P0585,0,Healthy,0.0000,0.9964,0.0036,0.0000
Healthy/lyria__P0585__b22.png,Healthy,P0585,0,Healthy,0.0001,0.9987,0.0012,0.0000
Healthy/lyria__P0585__b23.png,Healthy,P0585,0,Healthy,0.0005,0.9970,0.0025,0.0001
Healthy/lyria__P0585__b24.png,Healthy,P0585,0,Healthy,0.0035,0.8881,0.1083,0.0001
Healthy/lyria__P0585__b25.png,Healthy,P0585,0,Impacted,0.0004,0.2581,0.7411,0.0005
Healthy/lyria__P0586__b0.png,Healthy,P0586,0,Healthy,0.0001,0.9999,0.0000,0.0000
Healthy/lyria__P0586__b1.png,Healthy,P0586,0,Healthy,0.0073,0.9925,0.0003,0.0000
Healthy/lyria__P0586__b2.png,Healthy,P0586,0,Healthy,0.0007,0.9987,0.0006,0.0000
Healthy/lyria__P0586__b3.png,Healthy,P0586,0,Healthy,0.0004,0.9995,0.0001,0.0000
Healthy/lyria__P0586__b4.png,Healthy,P0586,0,Healthy,0.0005,0.9991,0.0005,0.0000
Healthy/lyria__P0586__b5.png,Healthy,P0586,0,Healthy,0.0097,0.9899,0.0004,0.0000
Healthy/lyria__P0586__b6.png,Healthy,P0586,0,Healthy,0.0001,0.9999,0.0000,0.0000
Healthy/lyria__P0586__b7.png,Healthy,P0586,0,Healthy,0.2478,0.4576,0.2938,0.0009
Healthy/lyria__P0586__b8.png,Healthy,P0586,0,Healthy,0.0037,0.9963,0.0001,0.0000
Healthy/lyria__P0586__b9.png,Healthy,P0586,0,Healthy,0.0029,0.9971,0.0000,0.0000
Healthy/lyria__P0586__b10.png,Healthy,P0586,0,Healthy,0.0005,0.9994,0.0001,0.0000
Healthy/lyria__P0586__b11.png,Healthy,P0586,0,Healthy,0.0094,0.5874,0.4024,0.0008
Healthy/lyria__P0586__b12.png,Healthy,P0586,0,Healthy,0.0000,0.9997,0.0002,0.0000
Healthy/lyria__P0586__b13.png,Healthy,P0586,0,Healthy,0.0000,0.9999,0.0000,0.0000
Healthy/lyria__P0586__b14.png,Healthy,P0586,0,Healthy,0.0001,0.9949,0.0050,0.0000
Healthy/lyria__P0586__b17.png,Healthy,P0586,0,Impacted,0.0000,0.0007,0.9993,0.0000
Healthy/lyria__P0586__b18.png,Healthy,P0586,0,Healthy,0.0000,0.9999,0.0001,0.0000
Healthy/lyria__P0586__b19.png,Healthy,P0586,0,Healthy,0.0001,0.9996,0.0003,0.0000
Healthy/lyria__P0586__b20.png,Healthy,P0586,0,Healthy,0.0000,0.9997,0.0002,0.0000
Healthy/lyria__P0586__b21.png,Healthy,P0586,0,Healthy,0.0001,0.9999,0.0000,0.0000
Healthy/lyria__P0586__b22.png,Healthy,P0586,0,Healthy,0.0004,0.7534,0.2461,0.0000
Healthy/lyria__P0586__b23.png,Healthy,P0586,0,Impacted,0.0000,0.1894,0.8104,0.0002
Healthy/lyria__P0587__b0.png,Healthy,P0587,0,Healthy,0.0000,0.9998,0.0002,0.0000
Healthy/lyria__P0587__b1.png,Healthy,P0587,0,Healthy,0.0000,0.9999,0.0001,0.0000
Healthy/lyria__P0587__b2.png,Healthy,P0587,0,Healthy,0.0000,0.9995,0.0005,0.0000
Healthy/lyria__P0587__b3.png,Healthy,P0587,0,Healthy,0.0000,1.0000,0.0000,0.0000
Healthy/lyria__P0587__b4.png,Healthy,P0587,0,Healthy,0.0000,0.9998,0.0002,0.0000
Healthy/lyria__P0587__b5.png,Healthy,P0587,0,Healthy,0.0001,0.9948,0.0051,0.0000
Healthy/lyria__P0587__b6.png,Healthy,P0587,0,Healthy,0.0445,0.8411,0.1144,0.0000
Healthy/lyria__P0587__b7.png,Healthy,P0587,0,Healthy,0.0001,0.9998,0.0000,0.0000
Healthy/lyria__P0587__b8.png,Healthy,P0587,0,Healthy,0.0001,0.9998,0.0001,0.0000
Healthy/lyria__P0587__b9.png,Healthy,P0587,0,Healthy,0.0000,0.9997,0.0002,0.0000
Healthy/lyria__P0587__b10.png,Healthy,P0587,0,Healthy,0.0006,0.9988,0.0006,0.0000
Healthy/lyria__P0587__b11.png,Healthy,P0587,0,Healthy,0.0001,0.9999,0.0000,0.0000
Healthy/lyria__P0587__b13.png,Healthy,P0587,0,Impacted,0.0039,0.3495,0.6465,0.0000
Healthy/lyria__P0587__b14.png,Healthy,P0587,0,Healthy,0.0011,0.7304,0.2684,0.0001
Healthy/lyria__P0587__b15.png,Healthy,P0587,0,Healthy,0.0001,0.9997,0.0003,0.0000
Healthy/lyria__P0587__b16.png,Healthy,P0587,0,Impacted,0.0004,0.1420,0.8573,0.0004
Healthy/lyria__P0587__b17.png,Healthy,P0587,0,Healthy,0.0001,0.9996,0.0003,0.0000
Healthy/lyria__P0587__b19.png,Healthy,P0587,0,Impacted,0.0001,0.0592,0.9407,0.0000
Healthy/lyria__P0061__b0.png,Healthy,P0061,0,Healthy,0.2567,0.4912,0.2513,0.0008
Healthy/lyria__P0061__b2.png,Healthy,P0061,0,Healthy,0.0006,0.9744,0.0249,0.0001
Healthy/lyria__P0061__b3.png,Healthy,P0061,0,Healthy,0.0458,0.9469,0.0063,0.0010
Healthy/lyria__P0061__b4.png,Healthy,P0061,0,Healthy,0.0181,0.8482,0.1322,0.0014
Healthy/lyria__P0061__b6.png,Healthy,P0061,0,Healthy,0.0001,0.9981,0.0018,0.0000
Healthy/lyria__P0061__b7.png,Healthy,P0061,0,Healthy,0.0002,0.9996,0.0002,0.0000
Healthy/lyria__P0061__b8.png,Healthy,P0061,0,Healthy,0.0012,0.9984,0.0004,0.0000
Healthy/lyria__P0061__b9.png,Healthy,P0061,0,Healthy,0.0007,0.9991,0.0002,0.0000
Healthy/lyria__P0061__b10.png,Healthy,P0061,0,Healthy,0.0000,0.9998,0.0001,0.0000
Healthy/lyria__P0061__b11.png,Healthy,P0061,0,Healthy,0.0008,0.9971,0.0019,0.0001
Healthy/lyria__P0061__b12.png,Healthy,P0061,0,Healthy,0.0001,0.9999,0.0001,0.0000
Healthy/lyria__P0061__b13.png,Healthy,P0061,0,Healthy,0.1091,0.8865,0.0003,0.0041
Healthy/lyria__P0588__b1.png,Healthy,P0588,0,Healthy,0.0157,0.9842,0.0001,0.0001
Healthy/lyria__P0588__b3.png,Healthy,P0588,0,Healthy,0.0001,0.9999,0.0000,0.0000
Healthy/lyria__P0588__b4.png,Healthy,P0588,0,Healthy,0.0012,0.9901,0.0086,0.0000
Healthy/lyria__P0589__b0.png,Healthy,P0589,0,Healthy,0.0051,0.9917,0.0031,0.0001
Healthy/lyria__P0589__b1.png,Healthy,P0589,0,Healthy,0.0000,0.9995,0.0004,0.0000
Healthy/lyria__P0589__b3.png,Healthy,P0589,0,Healthy,0.0007,0.9920,0.0073,0.0001
Healthy/lyria__P0589__b4.png,Healthy,P0589,0,Healthy,0.0000,0.9998,0.0002,0.0000
Healthy/lyria__P0589__b5.png,Healthy,P0589,0,Healthy,0.0000,0.9999,0.0001,0.0000
Healthy/lyria__P0590__b0.png,Healthy,P0590,0,Healthy,0.0000,1.0000,0.0000,0.0000
Healthy/lyria__P0590__b1.png,Healthy,P0590,0,Healthy,0.0007,0.9992,0.0000,0.0000
Healthy/lyria__P0590__b2.png,Healthy,P0590,0,Healthy,0.0000,1.0000,0.0000,0.0000
Healthy/lyria__P0590__b3.png,Healthy,P0590,0,Healthy,0.0000,1.0000,0.0000,0.0000
Healthy/lyria__P0590__b4.png,Healthy,P0590,0,Healthy,0.0004,0.9993,0.0002,0.0000
Healthy/lyria__P0590__b5.png,Healthy,P0590,0,Healthy,0.0000,1.0000,0.0000,0.0000
Healthy/lyria__P0590__b6.png,Healthy,P0590,0,Impacted,0.0007,0.4871,0.5095,0.0027
Healthy/lyria__P0590__b7.png,Healthy,P0590,0,Healthy,0.0000,1.0000,0.0000,0.0000
Healthy/lyria__P0590__b8.png,Healthy,P0590,0,Healthy,0.0000,1.0000,0.0000,0.0000
Healthy/lyria__P0590__b9.png,Healthy,P0590,0,Healthy,0.0000,1.0000,0.0000,0.0000
Healthy/lyria__P0590__b10.png,Healthy,P0590,0,Healthy,0.0002,0.9997,0.0001,0.0001
Healthy/lyria__P0590__b12.png,Healthy,P0590,0,Healthy,0.0000,1.0000,0.0000,0.0000
Healthy/lyria__P0590__b13.png,Healthy,P0590,0,Healthy,0.0002,0.9957,0.0002,0.0039
Healthy/lyria__P0590__b14.png,Healthy,P0590,0,Healthy,0.0001,0.9998,0.0001,0.0000
Healthy/lyria__P0590__b15.png,Healthy,P0590,0,Healthy,0.0000,1.0000,0.0000,0.0000
Healthy/lyria__P0590__b16.png,Healthy,P0590,0,Healthy,0.0002,0.9992,0.0006,0.0000
Healthy/lyria__P0590__b17.png,Healthy,P0590,0,Healthy,0.0001,0.9992,0.0007,0.0000
Healthy/lyria__P0590__b19.png,Healthy,P0590,0,Healthy,0.0013,0.9980,0.0006,0.0001
Healthy/lyria__P0590__b20.png,Healthy,P0590,0,Healthy,0.0000,0.9998,0.0002,0.0000
Healthy/lyria__P0590__b21.png,Healthy,P0590,0,Healthy,0.0000,0.9999,0.0000,0.0000
Healthy/lyria__P0590__b22.png,Healthy,P0590,0,Healthy,0.0264,0.9729,0.0001,0.0006
Healthy/lyria__P0590__b23.png,Healthy,P0590,0,Impacted,0.0007,0.3307,0.6685,0.0001
Healthy/lyria__P0591__b0.png,Healthy,P0591,0,Healthy,0.0190,0.9804,0.0006,0.0001
Healthy/lyria__P0591__b1.png,Healthy,P0591,0,Healthy,0.0001,0.9998,0.0001,0.0000
Healthy/lyria__P0591__b3.png,Healthy,P0591,0,Healthy,0.0000,1.0000,0.0000,0.0000
Healthy/lyria__P0592__b0.png,Healthy,P0592,0,Healthy,0.0000,1.0000,0.0000,0.0000
Healthy/lyria__P0592__b1.png,Healthy,P0592,0,Healthy,0.0000,1.0000,0.0000,0.0000
Healthy/lyria__P0592__b2.png,Healthy,P0592,0,Healthy,0.0000,1.0000,0.0000,0.0000
Healthy/lyria__P0592__b3.png,Healthy,P0592,0,Healthy,0.0000,1.0000,0.0000,0.0000
Healthy/lyria__P0592__b4.png,Healthy,P0592,0,Healthy,0.0000,1.0000,0.0000,0.0000
Healthy/lyria__P0592__b7.png,Healthy,P0592,0,Healthy,0.0000,0.9999,0.0001,0.0000
Healthy/lyria__P0592__b8.png,Healthy,P0592,0,Healthy,0.0006,0.9993,0.0001,0.0000
Healthy/lyria__P0592__b9.png,Healthy,P0592,0,Healthy,0.0003,0.9997,0.0000,0.0000
Healthy/lyria__P0592__b10.png,Healthy,P0592,0,Healthy,0.0231,0.9766,0.0003,0.0000
Healthy/lyria__P0592__b11.png,Healthy,P0592,0,Healthy,0.0068,0.9922,0.0002,0.0007
Healthy/lyria__P0592__b12.png,Healthy,P0592,0,Healthy,0.0042,0.8902,0.1055,0.0001
Healthy/lyria__P0592__b13.png,Healthy,P0592,0,Healthy,0.0079,0.9745,0.0167,0.0009
Healthy/lyria__P0592__b14.png,Healthy,P0592,0,Healthy,0.0217,0.9286,0.0494,0.0003
Healthy/lyria__P0593__b0.png,Healthy,P0593,0,Healthy,0.0009,0.9980,0.0003,0.0007
Healthy/lyria__P0593__b1.png,Healthy,P0593,0,Healthy,0.0021,0.9978,0.0000,0.0001
Healthy/lyria__P0593__b2.png,Healthy,P0593,0,Healthy,0.0001,0.9999,0.0000,0.0000
Healthy/lyria__P0593__b3.png,Healthy,P0593,0,Healthy,0.0008,0.9981,0.0005,0.0007
Healthy/lyria__P0593__b4.png,Healthy,P0593,0,Healthy,0.0011,0.9988,0.0001,0.0001
Healthy/lyria__P0593__b5.png,Healthy,P0593,0,Healthy,0.0003,0.9996,0.0000,0.0000
Healthy/lyria__P0593__b6.png,Healthy,P0593,0,Healthy,0.0006,0.9992,0.0001,0.0001
Healthy/lyria__P0593__b8.png,Healthy,P0593,0,Healthy,0.0000,0.9999,0.0000,0.0000
Healthy/lyria__P0593__b9.png,Healthy,P0593,0,Healthy,0.0001,0.9997,0.0002,0.0000
Healthy/lyria__P0596__b1.png,Healthy,P0596,0,Healthy,0.0997,0.7017,0.1555,0.0430
Healthy/lyria__P0596__b3.png,Healthy,P0596,0,Healthy,0.0062,0.9154,0.0755,0.0029
Healthy/lyria__P0596__b4.png,Healthy,P0596,0,Healthy,0.0000,1.0000,0.0000,0.0000
Healthy/lyria__P0596__b5.png,Healthy,P0596,0,Healthy,0.0000,0.9999,0.0001,0.0000
Healthy/lyria__P0596__b6.png,Healthy,P0596,0,Healthy,0.0000,0.9999,0.0001,0.0000
Healthy/lyria__P0596__b7.png,Healthy,P0596,0,Healthy,0.0002,0.9989,0.0009,0.0000
Healthy/lyria__P0596__b8.png,Healthy,P0596,0,Healthy,0.0001,0.9998,0.0001,0.0000
Healthy/lyria__P0596__b9.png,Healthy,P0596,0,Healthy,0.0000,0.9999,0.0001,0.0000
Healthy/lyria__P0596__b10.png,Healthy,P0596,0,Healthy,0.0007,0.9991,0.0002,0.0000
Healthy/lyria__P0596__b11.png,Healthy,P0596,0,Healthy,0.2943,0.7013,0.0005,0.0039
Healthy/lyria__P0596__b12.png,Healthy,P0596,0,Healthy,0.0004,0.9995,0.0001,0.0000
Healthy/lyria__P0596__b13.png,Healthy,P0596,0,Healthy,0.3187,0.6055,0.0714,0.0044
Healthy/lyria__P0596__b14.png,Healthy,P0596,0,Impacted,0.0011,0.3420,0.6561,0.0007
Healthy/lyria__P0596__b15.png,Healthy,P0596,0,Healthy,0.2431,0.6289,0.1238,0.0042
Healthy/lyria__P0597__b0.png,Healthy,P0597,0,Healthy,0.0350,0.9543,0.0001,0.0107
Healthy/lyria__P0597__b1.png,Healthy,P0597,0,Healthy,0.0003,0.9997,0.0001,0.0000
Healthy/lyria__P0597__b2.png,Healthy,P0597,0,Healthy,0.0002,0.9965,0.0033,0.0000
Healthy/lyria__P0597__b4.png,Healthy,P0597,0,Healthy,0.0011,0.9987,0.0001,0.0002
Healthy/lyria__P0597__b5.png,Healthy,P0597,0,Healthy,0.0001,0.9991,0.0006,0.0001
Healthy/lyria__P0597__b6.png,Healthy,P0597,0,Healthy,0.0001,0.9999,0.0001,0.0000
Healthy/lyria__P0597__b7.png,Healthy,P0597,0,Healthy,0.0024,0.9737,0.0238,0.0001
Healthy/lyria__P0597__b8.png,Healthy,P0597,0,Healthy,0.0015,0.8911,0.1073,0.0001
Healthy/lyria__P0597__b10.png,Healthy,P0597,0,Healthy,0.0010,0.6602,0.3382,0.0006
Healthy/lyria__P0597__b11.png,Healthy,P0597,0,Healthy,0.0206,0.6643,0.2700,0.0451
Healthy/lyria__P0597__b12.png,Healthy,P0597,0,Healthy,0.0001,0.9998,0.0000,0.0000
Healthy/lyria__P0597__b13.png,Healthy,P0597,0,Healthy,0.0005,0.9987,0.0007,0.0001
Healthy/lyria__P0597__b14.png,Healthy,P0597,0,Healthy,0.0000,1.0000,0.0000,0.0000
Healthy/lyria__P0597__b15.png,Healthy,P0597,0,Healthy,0.0006,0.9983,0.0003,0.0009
Healthy/lyria__P0597__b16.png,Healthy,P0597,0,Healthy,0.0007,0.9987,0.0004,0.0002
Healthy/lyria__P0597__b17.png,Healthy,P0597,0,Healthy,0.0006,0.9993,0.0000,0.0001
Healthy/lyria__P0597__b18.png,Healthy,P0597,0,Healthy,0.0041,0.9928,0.0011,0.0019
Healthy/lyria__P0597__b19.png,Healthy,P0597,0,Healthy,0.0003,0.9997,0.0000,0.0000
Healthy/lyria__P0597__b20.png,Healthy,P0597,0,Healthy,0.0003,0.9996,0.0001,0.0001
Healthy/lyria__P0597__b21.png,Healthy,P0597,0,Healthy,0.0001,0.9997,0.0002,0.0000
Healthy/lyria__P0597__b22.png,Healthy,P0597,0,Healthy,0.0210,0.9607,0.0175,0.0008
Healthy/lyria__P0597__b23.png,Healthy,P0597,0,Healthy,0.0373,0.7025,0.2454,0.0148
Healthy/lyria__P0599__b0.png,Healthy,P0599,0,Healthy,0.0000,1.0000,0.0000,0.0000
Healthy/lyria__P0601__b0.png,Healthy,P0601,0,Healthy,0.0796,0.9203,0.0002,0.0000
Healthy/lyria__P0601__b1.png,Healthy,P0601,0,Healthy,0.0061,0.7043,0.2895,0.0001
Healthy/lyria__P0601__b2.png,Healthy,P0601,0,Healthy,0.0054,0.9946,0.0000,0.0000
Healthy/lyria__P0601__b3.png,Healthy,P0601,0,Healthy,0.0000,0.9999,0.0000,0.0000
Healthy/lyria__P0601__b4.png,Healthy,P0601,0,Healthy,0.0000,0.9973,0.0027,0.0000
Healthy/lyria__P0601__b5.png,Healthy,P0601,0,Healthy,0.0001,0.9995,0.0004,0.0000
Healthy/lyria__P0601__b6.png,Healthy,P0601,0,Healthy,0.0001,0.9988,0.0011,0.0000
Healthy/lyria__P0601__b7.png,Healthy,P0601,0,Healthy,0.0004,0.9986,0.0010,0.0000
Healthy/lyria__P0606__b0.png,Healthy,P0606,0,Healthy,0.0000,0.9999,0.0001,0.0000
Healthy/lyria__P0606__b1.png,Healthy,P0606,0,Healthy,0.0000,0.9994,0.0005,0.0000
Healthy/lyria__P0606__b2.png,Healthy,P0606,0,Healthy,0.0000,0.9999,0.0000,0.0000
Healthy/lyria__P0606__b3.png,Healthy,P0606,0,Healthy,0.0000,1.0000,0.0000,0.0000
Healthy/lyria__P0606__b4.png,Healthy,P0606,0,Healthy,0.0000,1.0000,0.0000,0.0000
Healthy/lyria__P0606__b6.png,Healthy,P0606,0,Healthy,0.0139,0.8802,0.0995,0.0064
Healthy/lyria__P0606__b7.png,Healthy,P0606,0,Healthy,0.0003,0.9993,0.0004,0.0000
Healthy/lyria__P0606__b8.png,Healthy,P0606,0,Healthy,0.0005,0.9992,0.0003,0.0000
Healthy/lyria__P0606__b9.png,Healthy,P0606,0,Healthy,0.0015,0.9980,0.0005,0.0000
Healthy/lyria__P0606__b10.png,Healthy,P0606,0,Healthy,0.0003,0.9994,0.0002,0.0000
Healthy/lyria__P0606__b12.png,Healthy,P0606,0,Healthy,0.0001,0.9995,0.0004,0.0000
Healthy/lyria__P0606__b13.png,Healthy,P0606,0,Healthy,0.0001,0.9996,0.0001,0.0003
Healthy/lyria__P0606__b14.png,Healthy,P0606,0,Healthy,0.0004,0.9977,0.0019,0.0000
Healthy/lyria__P0606__b15.png,Healthy,P0606,0,Healthy,0.0001,0.9995,0.0004,0.0000
Healthy/lyria__P0607__b0.png,Healthy,P0607,0,Healthy,0.0001,0.9999,0.0000,0.0000
Healthy/lyria__P0607__b1.png,Healthy,P0607,0,Healthy,0.0001,0.9999,0.0000,0.0000
Healthy/lyria__P0607__b3.png,Healthy,P0607,0,Healthy,0.0017,0.9983,0.0000,0.0000
Healthy/lyria__P0607__b4.png,Healthy,P0607,0,Healthy,0.0000,0.9999,0.0001,0.0000
Healthy/lyria__P0607__b5.png,Healthy,P0607,0,Healthy,0.0000,0.9999,0.0000,0.0000
Healthy/lyria__P0607__b6.png,Healthy,P0607,0,Impacted,0.0026,0.1170,0.8802,0.0002
Healthy/lyria__P0607__b7.png,Healthy,P0607,0,Healthy,0.0000,0.9996,0.0004,0.0000
Healthy/lyria__P0607__b8.png,Healthy,P0607,0,Healthy,0.0000,0.9765,0.0235,0.0000
Healthy/lyria__P0607__b9.png,Healthy,P0607,0,Healthy,0.0050,0.8655,0.1294,0.0001
Healthy/lyria__P0607__b10.png,Healthy,P0607,0,Healthy,0.0003,0.9994,0.0003,0.0000
Healthy/lyria__P0607__b11.png,Healthy,P0607,0,Healthy,0.0009,0.9963,0.0028,0.0000
Healthy/lyria__P0607__b12.png,Healthy,P0607,0,Healthy,0.0023,0.9892,0.0085,0.0001
Healthy/lyria__P0607__b13.png,Healthy,P0607,0,Healthy,0.1959,0.8020,0.0016,0.0005
Healthy/lyria__P0607__b14.png,Healthy,P0607,0,Healthy,0.0005,0.9994,0.0001,0.0001
Healthy/lyria__P0607__b15.png,Healthy,P0607,0,Impacted,0.0014,0.0275,0.9700,0.0011
Healthy/lyria__P0607__b16.png,Healthy,P0607,0,Healthy,0.0118,0.9838,0.0043,0.0002
Healthy/lyria__P0607__b17.png,Healthy,P0607,0,Healthy,0.0487,0.9503,0.0009,0.0001
Healthy/lyria__P0607__b18.png,Healthy,P0607,0,Healthy,0.0144,0.9820,0.0035,0.0001
Healthy/lyria__P0607__b19.png,Healthy,P0607,0,Healthy,0.0003,0.9991,0.0007,0.0000
Healthy/lyria__P0607__b20.png,Healthy,P0607,0,Healthy,0.0027,0.9925,0.0047,0.0001
Healthy/lyria__P0607__b22.png,Healthy,P0607,0,Impacted,0.0001,0.1305,0.8691,0.0003
Healthy/lyria__P0608__b1.png,Healthy,P0608,0,Healthy,0.0000,0.9973,0.0027,0.0000
Healthy/lyria__P0608__b2.png,Healthy,P0608,0,Healthy,0.0001,0.9992,0.0007,0.0000
Healthy/lyria__P0608__b3.png,Healthy,P0608,0,Healthy,0.0001,0.9998,0.0001,0.0000
Healthy/lyria__P0608__b4.png,Healthy,P0608,0,Healthy,0.0000,1.0000,0.0000,0.0000
Healthy/lyria__P0608__b5.png,Healthy,P0608,0,Healthy,0.0000,1.0000,0.0000,0.0000
Healthy/lyria__P0608__b6.png,Healthy,P0608,0,Healthy,0.0001,0.9976,0.0023,0.0000
Healthy/lyria__P0608__b7.png,Healthy,P0608,0,Healthy,0.0001,0.9992,0.0007,0.0000
Healthy/lyria__P0609__b0.png,Healthy,P0609,0,Healthy,0.0033,0.9951,0.0015,0.0000
Healthy/lyria__P0609__b1.png,Healthy,P0609,0,Healthy,0.0002,0.9998,0.0000,0.0000
Healthy/lyria__P0609__b2.png,Healthy,P0609,0,Healthy,0.0000,1.0000,0.0000,0.0000
Healthy/lyria__P0609__b3.png,Healthy,P0609,0,Healthy,0.0001,0.9998,0.0000,0.0000
Healthy/lyria__P0609__b4.png,Healthy,P0609,0,Healthy,0.0002,0.9997,0.0001,0.0000
Healthy/lyria__P0609__b5.png,Healthy,P0609,0,Healthy,0.0000,1.0000,0.0000,0.0000
Healthy/lyria__P0609__b6.png,Healthy,P0609,0,Healthy,0.0000,0.9999,0.0001,0.0000
Healthy/lyria__P0610__b0.png,Healthy,P0610,0,Healthy,0.0010,0.9989,0.0001,0.0000
Healthy/lyria__P0610__b1.png,Healthy,P0610,0,Healthy,0.0005,0.9988,0.0007,0.0000
Healthy/lyria__P0610__b2.png,Healthy,P0610,0,Healthy,0.0001,0.9998,0.0001,0.0000
Healthy/lyria__P0610__b3.png,Healthy,P0610,0,Healthy,0.0166,0.7982,0.1822,0.0030
Healthy/lyria__P0610__b4.png,Healthy,P0610,0,Healthy,0.2157,0.7839,0.0003,0.0001
Healthy/lyria__P0610__b5.png,Healthy,P0610,0,Healthy,0.0000,0.9970,0.0030,0.0000
Healthy/lyria__P0610__b6.png,Healthy,P0610,0,Healthy,0.0000,0.9998,0.0002,0.0000
Healthy/lyria__P0610__b8.png,Healthy,P0610,0,Healthy,0.0001,0.9997,0.0002,0.0000
Healthy/lyria__P0610__b9.png,Healthy,P0610,0,Healthy,0.0000,1.0000,0.0000,0.0000
Healthy/lyria__P0610__b10.png,Healthy,P0610,0,Healthy,0.0013,0.9984,0.0002,0.0000
Healthy/lyria__P0610__b11.png,Healthy,P0610,0,Healthy,0.0018,0.9981,0.0000,0.0000
Healthy/lyria__P0610__b12.png,Healthy,P0610,0,Healthy,0.0071,0.9922,0.0006,0.0000
Healthy/lyria__P0610__b14.png,Healthy,P0610,0,Endodontics,0.5699,0.4299,0.0001,0.0002
Healthy/lyria__P0610__b15.png,Healthy,P0610,0,Healthy,0.0024,0.5566,0.4409,0.0001
Healthy/lyria__P0611__b0.png,Healthy,P0611,0,Healthy,0.0006,0.9990,0.0004,0.0000
Healthy/lyria__P0611__b1.png,Healthy,P0611,0,Healthy,0.0045,0.9908,0.0046,0.0001
Healthy/lyria__P0611__b2.png,Healthy,P0611,0,Healthy,0.0000,1.0000,0.0000,0.0000
Healthy/lyria__P0611__b3.png,Healthy,P0611,0,Healthy,0.0017,0.9958,0.0023,0.0001
Healthy/lyria__P0611__b4.png,Healthy,P0611,0,Healthy,0.0012,0.9905,0.0083,0.0000
Healthy/lyria__P0611__b5.png,Healthy,P0611,0,Impacted,0.0357,0.4716,0.4903,0.0025
Healthy/lyria__P0611__b6.png,Healthy,P0611,0,Healthy,0.0001,0.9799,0.0200,0.0000
Healthy/lyria__P0611__b7.png,Healthy,P0611,0,Healthy,0.0001,0.9951,0.0048,0.0000
Healthy/lyria__P0611__b8.png,Healthy,P0611,0,Healthy,0.0001,0.9999,0.0000,0.0000
Healthy/lyria__P0611__b10.png,Healthy,P0611,0,Healthy,0.0000,1.0000,0.0000,0.0000
Healthy/lyria__P0611__b11.png,Healthy,P0611,0,Healthy,0.0000,1.0000,0.0000,0.0000
Healthy/lyria__P0611__b12.png,Healthy,P0611,0,Healthy,0.0000,0.9995,0.0005,0.0000
Healthy/lyria__P0611__b13.png,Healthy,P0611,0,Healthy,0.0000,0.9997,0.0002,0.0000
Healthy/lyria__P0611__b14.png,Healthy,P0611,0,Healthy,0.0003,0.9979,0.0017,0.0001
Healthy/lyria__P0611__b16.png,Healthy,P0611,0,Healthy,0.0007,0.9990,0.0004,0.0000
Healthy/lyria__P0611__b17.png,Healthy,P0611,0,Healthy,0.0001,0.9998,0.0001,0.0000
Healthy/lyria__P0611__b18.png,Healthy,P0611,0,Healthy,0.0028,0.8838,0.1130,0.0004
Healthy/lyria__P0611__b19.png,Healthy,P0611,0,Healthy,0.0062,0.9622,0.0313,0.0002
Healthy/lyria__P0612__b0.png,Healthy,P0612,0,Healthy,0.0393,0.9602,0.0004,0.0000
Healthy/lyria__P0612__b1.png,Healthy,P0612,0,Healthy,0.0020,0.9898,0.0079,0.0004
Healthy/lyria__P0612__b2.png,Healthy,P0612,0,Healthy,0.0000,1.0000,0.0000,0.0000
Healthy/lyria__P0612__b3.png,Healthy,P0612,0,Healthy,0.0001,0.9994,0.0005,0.0000
Healthy/lyria__P0612__b4.png,Healthy,P0612,0,Healthy,0.0000,1.0000,0.0000,0.0000
Healthy/lyria__P0612__b6.png,Healthy,P0612,0,Healthy,0.0004,0.9982,0.0008,0.0006
Healthy/lyria__P0612__b8.png,Healthy,P0612,0,Healthy,0.0050,0.9948,0.0001,0.0000
Healthy/lyria__P0613__b0.png,Healthy,P0613,0,Healthy,0.0005,0.9952,0.0043,0.0000
Healthy/lyria__P0613__b1.png,Healthy,P0613,0,Healthy,0.0010,0.9962,0.0028,0.0000
Healthy/lyria__P0613__b2.png,Healthy,P0613,0,Healthy,0.0011,0.9977,0.0012,0.0000
Healthy/lyria__P0613__b3.png,Healthy,P0613,0,Healthy,0.0000,1.0000,0.0000,0.0000
Healthy/lyria__P0613__b4.png,Healthy,P0613,0,Healthy,0.0009,0.9990,0.0000,0.0000
Healthy/lyria__P0613__b6.png,Healthy,P0613,0,Healthy,0.0137,0.6386,0.3322,0.0156
Healthy/lyria__P0613__b7.png,Healthy,P0613,0,Healthy,0.0023,0.9976,0.0001,0.0000
Healthy/lyria__P0613__b8.png,Healthy,P0613,0,Healthy,0.0000,1.0000,0.0000,0.0000
Healthy/lyria__P0613__b9.png,Healthy,P0613,0,Healthy,0.0000,0.9999,0.0001,0.0000
Healthy/lyria__P0613__b10.png,Healthy,P0613,0,Healthy,0.0000,0.9997,0.0002,0.0000
Healthy/lyria__P0613__b11.png,Healthy,P0613,0,Healthy,0.0000,0.9998,0.0002,0.0000
Healthy/lyria__P0613__b12.png,Healthy,P0613,0,Healthy,0.0000,1.0000,0.0000,0.0000
Healthy/lyria__P0613__b13.png,Healthy,P0613,0,Healthy,0.0006,0.9994,0.0000,0.0000
Healthy/lyria__P0613__b14.png,Healthy,P0613,0,Healthy,0.2643,0.7355,0.0002,0.0000
Healthy/lyria__P0613__b16.png,Healthy,P0613,0,Healthy,0.1743,0.8244,0.0012,0.0001
Healthy/lyria__P0613__b17.png,Healthy,P0613,0,Healthy,0.0000,0.9999,0.0000,0.0000
Healthy/lyria__P0613__b18.png,Healthy,P0613,0,Healthy,0.0000,0.9998,0.0002,0.0000
Healthy/lyria__P0613__b19.png,Healthy,P0613,0,Healthy,0.0014,0.9750,0.0236,0.0000
Healthy/lyria__P0613__b20.png,Healthy,P0613,0,Healthy,0.2679,0.7298,0.0008,0.0015
Healthy/lyria__P0613__b21.png,Healthy,P0613,0,Impacted,0.0011,0.4253,0.5733,0.0003
Healthy/lyria__P0614__b0.png,Healthy,P0614,0,Healthy,0.0000,1.0000,0.0000,0.0000
Healthy/lyria__P0614__b1.png,Healthy,P0614,0,Healthy,0.0010,0.9990,0.0000,0.0000
Healthy/lyria__P0614__b2.png,Healthy,P0614,0,Healthy,0.0025,0.9975,0.0000,0.0000
Healthy/lyria__P0614__b3.png,Healthy,P0614,0,Healthy,0.0000,1.0000,0.0000,0.0000
Healthy/lyria__P0614__b4.png,Healthy,P0614,0,Healthy,0.0000,1.0000,0.0000,0.0000
Healthy/lyria__P0614__b5.png,Healthy,P0614,0,Healthy,0.0000,1.0000,0.0000,0.0000
Healthy/lyria__P0614__b6.png,Healthy,P0614,0,Healthy,0.0024,0.9976,0.0000,0.0000
Healthy/lyria__P0614__b8.png,Healthy,P0614,0,Healthy,0.0002,0.9992,0.0006,0.0000
Healthy/lyria__P0614__b9.png,Healthy,P0614,0,Healthy,0.0001,0.9997,0.0002,0.0000
Healthy/lyria__P0614__b10.png,Healthy,P0614,0,Healthy,0.0002,0.9997,0.0001,0.0000
Healthy/lyria__P0614__b11.png,Healthy,P0614,0,Healthy,0.0000,0.9999,0.0001,0.0000
Healthy/lyria__P0614__b12.png,Healthy,P0614,0,Healthy,0.0001,0.9998,0.0001,0.0000
Healthy/lyria__P0614__b13.png,Healthy,P0614,0,Healthy,0.0000,1.0000,0.0000,0.0000
Healthy/lyria__P0614__b14.png,Healthy,P0614,0,Healthy,0.0000,1.0000,0.0000,0.0000
Healthy/lyria__P0614__b16.png,Healthy,P0614,0,Healthy,0.0000,0.9999,0.0001,0.0000
Healthy/lyria__P0614__b17.png,Healthy,P0614,0,Healthy,0.0053,0.9928,0.0019,0.0001
Healthy/lyria__P0615__b0.png,Healthy,P0615,0,Healthy,0.0008,0.9991,0.0001,0.0000
Healthy/lyria__P0615__b1.png,Healthy,P0615,0,Healthy,0.0000,1.0000,0.0000,0.0000
Healthy/lyria__P0616__b0.png,Healthy,P0616,0,Healthy,0.2072,0.7819,0.0025,0.0083
Healthy/lyria__P0617__b0.png,Healthy,P0617,0,Healthy,0.0001,0.9997,0.0002,0.0000
Healthy/lyria__P0617__b1.png,Healthy,P0617,0,Healthy,0.0000,0.9998,0.0002,0.0000
Healthy/lyria__P0617__b2.png,Healthy,P0617,0,Healthy,0.0000,1.0000,0.0000,0.0000
Healthy/lyria__P0617__b4.png,Healthy,P0617,0,Healthy,0.0000,1.0000,0.0000,0.0000
Healthy/lyria__P0617__b5.png,Healthy,P0617,0,Healthy,0.0000,0.9999,0.0001,0.0000
Healthy/lyria__P0617__b6.png,Healthy,P0617,0,Healthy,0.0066,0.9035,0.0878,0.0021
Healthy/lyria__P0617__b7.png,Healthy,P0617,0,Healthy,0.0034,0.9956,0.0001,0.0009
Healthy/lyria__P0617__b8.png,Healthy,P0617,0,Healthy,0.0005,0.9993,0.0002,0.0000
Healthy/lyria__P0617__b9.png,Healthy,P0617,0,Healthy,0.2173,0.7525,0.0224,0.0078
Healthy/lyria__P0617__b10.png,Healthy,P0617,0,Healthy,0.0008,0.7867,0.2110,0.0014
Healthy/lyria__P0618__b2.png,Healthy,P0618,0,Healthy,0.0000,1.0000,0.0000,0.0000
Healthy/lyria__P0618__b3.png,Healthy,P0618,0,Healthy,0.0000,1.0000,0.0000,0.0000
Healthy/lyria__P0618__b4.png,Healthy,P0618,0,Healthy,0.0000,0.9997,0.0002,0.0000
Healthy/lyria__P0619__b0.png,Healthy,P0619,0,Healthy,0.0000,0.9999,0.0000,0.0000
Healthy/lyria__P0619__b1.png,Healthy,P0619,0,Healthy,0.0070,0.9849,0.0078,0.0002
Healthy/lyria__P0619__b2.png,Healthy,P0619,0,Healthy,0.2823,0.6268,0.0048,0.0860
Healthy/lyria__P0619__b4.png,Healthy,P0619,0,Healthy,0.0087,0.9905,0.0004,0.0004
Healthy/lyria__P0619__b5.png,Healthy,P0619,0,Healthy,0.0012,0.9974,0.0001,0.0012
Healthy/lyria__P0619__b6.png,Healthy,P0619,0,Healthy,0.0001,0.9991,0.0005,0.0003
Healthy/lyria__P0619__b7.png,Healthy,P0619,0,Healthy,0.0016,0.9729,0.0251,0.0004
Healthy/lyria__P0619__b8.png,Healthy,P0619,0,Healthy,0.0779,0.5962,0.3098,0.0161
Healthy/lyria__P0619__b9.png,Healthy,P0619,0,Healthy,0.0000,0.9999,0.0000,0.0000
Healthy/lyria__P0619__b10.png,Healthy,P0619,0,Healthy,0.0001,0.9997,0.0003,0.0000
Healthy/lyria__P0619__b11.png,Healthy,P0619,0,Healthy,0.0009,0.9989,0.0001,0.0001
Healthy/lyria__P0619__b12.png,Healthy,P0619,0,Healthy,0.0055,0.6998,0.2885,0.0061
Healthy/lyria__P0619__b13.png,Healthy,P0619,0,Healthy,0.0031,0.5224,0.4604,0.0142
Healthy/lyria__P0619__b14.png,Healthy,P0619,0,Healthy,0.0001,0.9999,0.0000,0.0000
Healthy/lyria__P0619__b15.png,Healthy,P0619,0,Healthy,0.0001,0.9996,0.0002,0.0000
Healthy/lyria__P0619__b16.png,Healthy,P0619,0,Healthy,0.0000,1.0000,0.0000,0.0000
Healthy/lyria__P0619__b17.png,Healthy,P0619,0,Healthy,0.0003,0.9995,0.0001,0.0001
Healthy/lyria__P0619__b18.png,Healthy,P0619,0,Healthy,0.0000,1.0000,0.0000,0.0000
Healthy/lyria__P0619__b20.png,Healthy,P0619,0,Healthy,0.0234,0.9723,0.0029,0.0014
Healthy/lyria__P0619__b21.png,Healthy,P0619,0,Healthy,0.0015,0.9815,0.0160,0.0011
Healthy/lyria__P0619__b22.png,Healthy,P0619,0,Healthy,0.0001,0.9998,0.0002,0.0000
Healthy/lyria__P0619__b23.png,Healthy,P0619,0,Healthy,0.0000,1.0000,0.0000,0.0000
Healthy/lyria__P0619__b24.png,Healthy,P0619,0,Healthy,0.0000,0.9999,0.0001,0.0000
Healthy/lyria__P0619__b25.png,Healthy,P0619,0,Healthy,0.0000,0.9999,0.0000,0.0000
Healthy/lyria__P0619__b26.png,Healthy,P0619,0,Healthy,0.0101,0.8739,0.1156,0.0004
Healthy/lyria__P0620__b0.png,Healthy,P0620,0,Healthy,0.0811,0.9187,0.0000,0.0002
Healthy/lyria__P0620__b1.png,Healthy,P0620,0,Healthy,0.0002,0.9997,0.0000,0.0000
Healthy/lyria__P0620__b2.png,Healthy,P0620,0,Healthy,0.0002,0.9997,0.0000,0.0000
Healthy/lyria__P0620__b4.png,Healthy,P0620,0,Healthy,0.0000,1.0000,0.0000,0.0000
Healthy/lyria__P0620__b5.png,Healthy,P0620,0,Healthy,0.0001,0.9999,0.0000,0.0000
Healthy/lyria__P0620__b6.png,Healthy,P0620,0,Healthy,0.0025,0.9968,0.0002,0.0005
Healthy/lyria__P0620__b7.png,Healthy,P0620,0,Healthy,0.0006,0.9992,0.0001,0.0001
Healthy/lyria__P0620__b8.png,Healthy,P0620,0,Healthy,0.0000,0.9999,0.0001,0.0000
Healthy/lyria__P0620__b9.png,Healthy,P0620,0,Healthy,0.0002,0.9995,0.0004,0.0000
Healthy/lyria__P0621__b0.png,Healthy,P0621,0,Healthy,0.0000,1.0000,0.0000,0.0000
Healthy/lyria__P0621__b1.png,Healthy,P0621,0,Healthy,0.0001,0.9995,0.0005,0.0000
Healthy/lyria__P0621__b2.png,Healthy,P0621,0,Healthy,0.0001,0.9999,0.0001,0.0000
Healthy/lyria__P0621__b3.png,Healthy,P0621,0,Healthy,0.0000,1.0000,0.0000,0.0000
Healthy/lyria__P0621__b4.png,Healthy,P0621,0,Healthy,0.0080,0.9919,0.0001,0.0000
Healthy/lyria__P0621__b6.png,Healthy,P0621,0,Healthy,0.0002,0.9994,0.0004,0.0000
Healthy/lyria__P0621__b7.png,Healthy,P0621,0,Healthy,0.0006,0.6949,0.3043,0.0002
Healthy/lyria__P0621__b8.png,Healthy,P0621,0,Healthy,0.0020,0.9980,0.0000,0.0000
Healthy/lyria__P0621__b9.png,Healthy,P0621,0,Healthy,0.0006,0.9983,0.0011,0.0000
Healthy/lyria__P0621__b10.png,Healthy,P0621,0,Healthy,0.0058,0.9941,0.0000,0.0000
Healthy/lyria__P0621__b11.png,Healthy,P0621,0,Healthy,0.0034,0.8637,0.1318,0.0011
Healthy/lyria__P0621__b12.png,Healthy,P0621,0,Healthy,0.0000,1.0000,0.0000,0.0000
Healthy/lyria__P0621__b13.png,Healthy,P0621,0,Healthy,0.0000,0.9999,0.0001,0.0000
Healthy/lyria__P0621__b14.png,Healthy,P0621,0,Healthy,0.0000,0.9999,0.0001,0.0000
Healthy/lyria__P0621__b15.png,Healthy,P0621,0,Healthy,0.0000,0.9997,0.0002,0.0000
Healthy/lyria__P0621__b16.png,Healthy,P0621,0,Healthy,0.0000,1.0000,0.0000,0.0000
Healthy/lyria__P0621__b18.png,Healthy,P0621,0,Healthy,0.0003,0.9988,0.0009,0.0000
Healthy/lyria__P0621__b19.png,Healthy,P0621,0,Healthy,0.0001,0.9977,0.0019,0.0003
Healthy/lyria__P0621__b20.png,Healthy,P0621,0,Impacted,0.0000,0.0489,0.9511,0.0000
Healthy/lyria__P0621__b21.png,Healthy,P0621,0,Healthy,0.0000,0.9999,0.0000,0.0000
Healthy/lyria__P0621__b22.png,Healthy,P0621,0,Healthy,0.0000,1.0000,0.0000,0.0000
Healthy/lyria__P0621__b23.png,Healthy,P0621,0,Healthy,0.0000,0.9999,0.0001,0.0000
Healthy/lyria__P0621__b24.png,Healthy,P0621,0,Healthy,0.0001,0.5265,0.4734,0.0000
Healthy/lyria__P0622__b1.png,Healthy,P0622,0,Healthy,0.0015,0.9779,0.0002,0.0205
Healthy/lyria__P0622__b3.png,Healthy,P0622,0,Healthy,0.0001,0.9941,0.0005,0.0053
Healthy/lyria__P0622__b4.png,Healthy,P0622,0,Healthy,0.0756,0.9229,0.0008,0.0007
Healthy/lyria__P0623__b0.png,Healthy,P0623,0,Healthy,0.0000,1.0000,0.0000,0.0000
Healthy/lyria__P0623__b2.png,Healthy,P0623,0,Healthy,0.0000,0.9999,0.0000,0.0000
Healthy/lyria__P0623__b3.png,Healthy,P0623,0,Healthy,0.0003,0.9921,0.0076,0.0001
Healthy/lyria__P0623__b4.png,Healthy,P0623,0,Healthy,0.0003,0.9972,0.0025,0.0000
Healthy/lyria__P0623__b5.png,Healthy,P0623,0,Healthy,0.0142,0.9853,0.0003,0.0003
Healthy/lyria__P0623__b6.png,Healthy,P0623,0,Healthy,0.0385,0.9611,0.0003,0.0001
Healthy/lyria__P0623__b7.png,Healthy,P0623,0,Healthy,0.0068,0.9923,0.0000,0.0009
Healthy/lyria__P0623__b8.png,Healthy,P0623,0,Healthy,0.0003,0.9980,0.0003,0.0014
Healthy/lyria__P0623__b9.png,Healthy,P0623,0,Healthy,0.0000,0.9999,0.0000,0.0001
Healthy/lyria__P0623__b10.png,Healthy,P0623,0,Healthy,0.0000,0.9999,0.0001,0.0000
Healthy/lyria__P0623__b11.png,Healthy,P0623,0,Healthy,0.0000,1.0000,0.0000,0.0000
Healthy/lyria__P0623__b12.png,Healthy,P0623,0,Healthy,0.0001,0.9999,0.0000,0.0000
Healthy/lyria__P0623__b13.png,Healthy,P0623,0,Healthy,0.0000,0.9999,0.0001,0.0000
Healthy/lyria__P0623__b14.png,Healthy,P0623,0,Healthy,0.0000,0.9999,0.0001,0.0000
Healthy/lyria__P0624__b0.png,Healthy,P0624,0,Healthy,0.0005,0.9993,0.0002,0.0000
Healthy/lyria__P0624__b1.png,Healthy,P0624,0,Healthy,0.0002,0.9996,0.0001,0.0001
Healthy/lyria__P0624__b2.png,Healthy,P0624,0,Healthy,0.0000,0.9999,0.0000,0.0000
Healthy/lyria__P0624__b3.png,Healthy,P0624,0,Healthy,0.0059,0.9924,0.0016,0.0001
Healthy/lyria__P0624__b4.png,Healthy,P0624,0,Healthy,0.0001,0.9998,0.0001,0.0000
Healthy/lyria__P0624__b5.png,Healthy,P0624,0,Healthy,0.0002,0.9997,0.0001,0.0000
Healthy/lyria__P0624__b6.png,Healthy,P0624,0,Healthy,0.0000,1.0000,0.0000,0.0000
Healthy/lyria__P0624__b7.png,Healthy,P0624,0,Healthy,0.0248,0.6396,0.3230,0.0126
Healthy/lyria__P0624__b8.png,Healthy,P0624,0,Healthy,0.0000,1.0000,0.0000,0.0000
Healthy/lyria__P0624__b10.png,Healthy,P0624,0,Healthy,0.0001,0.9995,0.0001,0.0003
Healthy/lyria__P0624__b11.png,Healthy,P0624,0,Healthy,0.0004,0.9992,0.0005,0.0000
Healthy/lyria__P0624__b12.png,Healthy,P0624,0,Healthy,0.0000,0.9999,0.0000,0.0000
Healthy/lyria__P0624__b13.png,Healthy,P0624,0,Healthy,0.0000,0.9999,0.0001,0.0000
Healthy/lyria__P0624__b14.png,Healthy,P0624,0,Healthy,0.0003,0.9995,0.0002,0.0001
Healthy/lyria__P0624__b15.png,Healthy,P0624,0,Healthy,0.0216,0.9782,0.0002,0.0000
Healthy/lyria__P0624__b16.png,Healthy,P0624,0,Healthy,0.0001,0.9995,0.0003,0.0000
Healthy/lyria__P0624__b17.png,Healthy,P0624,0,Healthy,0.0000,0.9994,0.0006,0.0000
Healthy/lyria__P0624__b18.png,Healthy,P0624,0,Healthy,0.0014,0.9984,0.0002,0.0000
Healthy/lyria__P0624__b19.png,Healthy,P0624,0,Healthy,0.0000,0.9998,0.0002,0.0000
Healthy/lyria__P0624__b20.png,Healthy,P0624,0,Healthy,0.0976,0.9016,0.0007,0.0000
Healthy/lyria__P0625__b1.png,Healthy,P0625,0,Healthy,0.0003,0.9975,0.0022,0.0000
Healthy/lyria__P0625__b2.png,Healthy,P0625,0,Healthy,0.0000,0.9996,0.0003,0.0000
Healthy/lyria__P0625__b3.png,Healthy,P0625,0,Healthy,0.0003,0.9996,0.0000,0.0000
Healthy/lyria__P0625__b4.png,Healthy,P0625,0,Healthy,0.0000,0.9998,0.0002,0.0000
Healthy/lyria__P0625__b6.png,Healthy,P0625,0,Healthy,0.0001,0.9999,0.0000,0.0000
Healthy/lyria__P0625__b7.png,Healthy,P0625,0,Healthy,0.0001,0.9994,0.0000,0.0004
Healthy/lyria__P0625__b8.png,Healthy,P0625,0,Healthy,0.0000,1.0000,0.0000,0.0000
Healthy/lyria__P0625__b9.png,Healthy,P0625,0,Healthy,0.0003,0.9995,0.0001,0.0001
Healthy/lyria__P0625__b10.png,Healthy,P0625,0,Healthy,0.0000,0.9997,0.0002,0.0000
Healthy/lyria__P0625__b11.png,Healthy,P0625,0,Healthy,0.0000,0.9996,0.0001,0.0002
Healthy/lyria__P0625__b12.png,Healthy,P0625,0,Healthy,0.0004,0.9995,0.0001,0.0000
Healthy/lyria__P0626__b1.png,Healthy,P0626,0,Healthy,0.0015,0.9985,0.0000,0.0000
Healthy/lyria__P0626__b2.png,Healthy,P0626,0,Healthy,0.0001,0.9998,0.0000,0.0000
Healthy/lyria__P0626__b3.png,Healthy,P0626,0,Healthy,0.0002,0.9988,0.0010,0.0000
Healthy/lyria__P0626__b4.png,Healthy,P0626,0,Healthy,0.0007,0.9992,0.0000,0.0000
Healthy/lyria__P0626__b5.png,Healthy,P0626,0,Healthy,0.0103,0.9896,0.0000,0.0001
Healthy/lyria__P0626__b6.png,Healthy,P0626,0,Healthy,0.0010,0.8900,0.1085,0.0005
Healthy/lyria__P0626__b7.png,Healthy,P0626,0,Healthy,0.0221,0.9777,0.0002,0.0001
Healthy/lyria__P0626__b8.png,Healthy,P0626,0,Healthy,0.0007,0.9993,0.0000,0.0000
Healthy/lyria__P0626__b9.png,Healthy,P0626,0,Healthy,0.0004,0.9994,0.0000,0.0001
Healthy/lyria__P0626__b10.png,Healthy,P0626,0,Healthy,0.0003,0.9997,0.0000,0.0000
Healthy/lyria__P0626__b11.png,Healthy,P0626,0,Healthy,0.0004,0.9996,0.0000,0.0000
Healthy/lyria__P0626__b12.png,Healthy,P0626,0,Healthy,0.0000,0.9999,0.0000,0.0000
Healthy/lyria__P0626__b13.png,Healthy,P0626,0,Impacted,0.1781,0.3602,0.4609,0.0007
Healthy/lyria__P0628__b0.png,Healthy,P0628,0,Healthy,0.0000,1.0000,0.0000,0.0000
Healthy/lyria__P0628__b1.png,Healthy,P0628,0,Healthy,0.0000,0.9999,0.0001,0.0000
Healthy/lyria__P0628__b2.png,Healthy,P0628,0,Healthy,0.0000,1.0000,0.0000,0.0000
Healthy/lyria__P0628__b3.png,Healthy,P0628,0,Healthy,0.0011,0.9984,0.0004,0.0001
Healthy/lyria__P0628__b4.png,Healthy,P0628,0,Healthy,0.0000,1.0000,0.0000,0.0000
Healthy/lyria__P0628__b6.png,Healthy,P0628,0,Healthy,0.0045,0.9624,0.0303,0.0028
Healthy/lyria__P0628__b7.png,Healthy,P0628,0,Healthy,0.0603,0.9395,0.0001,0.0001
Healthy/lyria__P0628__b8.png,Healthy,P0628,0,Healthy,0.0008,0.9786,0.0198,0.0008
Healthy/lyria__P0628__b9.png,Healthy,P0628,0,Healthy,0.0001,0.9997,0.0000,0.0002
Healthy/lyria__P0628__b10.png,Healthy,P0628,0,Healthy,0.0000,0.9998,0.0000,0.0001
Healthy/lyria__P0628__b11.png,Healthy,P0628,0,Healthy,0.0001,0.9991,0.0008,0.0000
Healthy/lyria__P0628__b12.png,Healthy,P0628,0,Healthy,0.0001,0.9996,0.0002,0.0001
Healthy/lyria__P0628__b13.png,Healthy,P0628,0,Healthy,0.0001,0.9997,0.0001,0.0001
Healthy/lyria__P0628__b14.png,Healthy,P0628,0,Healthy,0.0000,0.9997,0.0002,0.0001
Healthy/lyria__P0628__b15.png,Healthy,P0628,0,Healthy,0.0003,0.9997,0.0000,0.0000
Healthy/lyria__P0629__b0.png,Healthy,P0629,0,Healthy,0.0251,0.8137,0.1610,0.0002
Healthy/lyria__P0629__b1.png,Healthy,P0629,0,Healthy,0.0004,0.9995,0.0001,0.0000
Healthy/lyria__P0629__b2.png,Healthy,P0629,0,Healthy,0.0005,0.9994,0.0000,0.0001
Healthy/lyria__P0629__b3.png,Healthy,P0629,0,Healthy,0.0007,0.9992,0.0000,0.0000
Healthy/lyria__P0629__b5.png,Healthy,P0629,0,Healthy,0.0006,0.9991,0.0002,0.0001
Healthy/lyria__P0629__b7.png,Healthy,P0629,0,Healthy,0.0000,0.9999,0.0000,0.0000
Healthy/lyria__P0629__b8.png,Healthy,P0629,0,Healthy,0.0002,0.9988,0.0010,0.0000
Healthy/lyria__P0630__b0.png,Healthy,P0630,0,Healthy,0.0021,0.9881,0.0096,0.0003
Healthy/lyria__P0630__b1.png,Healthy,P0630,0,Healthy,0.0004,0.9996,0.0000,0.0000
Healthy/lyria__P0630__b2.png,Healthy,P0630,0,Healthy,0.1414,0.8586,0.0000,0.0000
Healthy/lyria__P0630__b3.png,Healthy,P0630,0,Healthy,0.0005,0.9982,0.0002,0.0011
Healthy/lyria__P0630__b4.png,Healthy,P0630,0,Healthy,0.0002,0.9988,0.0007,0.0003
Healthy/lyria__P0630__b5.png,Healthy,P0630,0,Healthy,0.0001,0.9992,0.0001,0.0005
Healthy/lyria__P0630__b6.png,Healthy,P0630,0,Healthy,0.0001,0.9984,0.0008,0.0007
Healthy/lyria__P0630__b7.png,Healthy,P0630,0,Healthy,0.0021,0.9901,0.0008,0.0070
Healthy/lyria__P0630__b8.png,Healthy,P0630,0,Healthy,0.0001,0.9987,0.0006,0.0005
Healthy/lyria__P0630__b10.png,Healthy,P0630,0,Healthy,0.0003,0.9939,0.0058,0.0000
Healthy/lyria__P0630__b11.png,Healthy,P0630,0,Healthy,0.0357,0.9640,0.0002,0.0001
Healthy/lyria__P0631__b0.png,Healthy,P0631,0,Healthy,0.0000,1.0000,0.0000,0.0000
Healthy/lyria__P0631__b1.png,Healthy,P0631,0,Healthy,0.0006,0.9992,0.0001,0.0001
Healthy/lyria__P0631__b2.png,Healthy,P0631,0,Healthy,0.0131,0.9869,0.0000,0.0000
Healthy/lyria__P0631__b4.png,Healthy,P0631,0,Healthy,0.0006,0.9994,0.0000,0.0000
Healthy/lyria__P0631__b5.png,Healthy,P0631,0,Healthy,0.0000,1.0000,0.0000,0.0000
Healthy/lyria__P0631__b6.png,Healthy,P0631,0,Healthy,0.0000,1.0000,0.0000,0.0000
Healthy/lyria__P0631__b7.png,Healthy,P0631,0,Healthy,0.0002,0.9997,0.0001,0.0000
Healthy/lyria__P0631__b8.png,Healthy,P0631,0,Healthy,0.0000,1.0000,0.0000,0.0000
Healthy/lyria__P0631__b9.png,Healthy,P0631,0,Healthy,0.0000,0.9999,0.0000,0.0000
Healthy/lyria__P0631__b10.png,Healthy,P0631,0,Healthy,0.0000,0.9997,0.0003,0.0000
Healthy/lyria__P0633__b0.png,Healthy,P0633,0,Healthy,0.2920,0.7066,0.0001,0.0013
Healthy/lyria__P0633__b1.png,Healthy,P0633,0,Healthy,0.0002,0.9991,0.0007,0.0000
Healthy/lyria__P0633__b4.png,Healthy,P0633,0,Healthy,0.0002,0.9996,0.0001,0.0001
Healthy/lyria__P0633__b5.png,Healthy,P0633,0,Healthy,0.2121,0.7875,0.0001,0.0002
Healthy/lyria__P0633__b6.png,Healthy,P0633,0,Endodontics,0.6497,0.3494,0.0003,0.0006
Healthy/lyria__P0635__b0.png,Healthy,P0635,0,Healthy,0.0002,0.9992,0.0005,0.0000
Healthy/lyria__P0635__b1.png,Healthy,P0635,0,Healthy,0.0169,0.9830,0.0001,0.0000
Healthy/lyria__P0635__b2.png,Healthy,P0635,0,Healthy,0.0275,0.9725,0.0000,0.0000
Healthy/lyria__P0635__b3.png,Healthy,P0635,0,Healthy,0.0008,0.9661,0.0329,0.0002
Healthy/lyria__P0635__b4.png,Healthy,P0635,0,Healthy,0.0004,0.8988,0.0992,0.0015
Healthy/lyria__P0635__b5.png,Healthy,P0635,0,Healthy,0.0000,1.0000,0.0000,0.0000
Healthy/lyria__P0635__b6.png,Healthy,P0635,0,Healthy,0.0002,0.9996,0.0002,0.0000
Healthy/lyria__P0635__b8.png,Healthy,P0635,0,Healthy,0.0000,1.0000,0.0000,0.0000
Healthy/lyria__P0635__b9.png,Healthy,P0635,0,Healthy,0.0000,1.0000,0.0000,0.0000
Healthy/lyria__P0635__b10.png,Healthy,P0635,0,Healthy,0.0000,1.0000,0.0000,0.0000
Healthy/lyria__P0635__b11.png,Healthy,P0635,0,Healthy,0.0000,1.0000,0.0000,0.0000
Healthy/lyria__P0635__b12.png,Healthy,P0635,0,Healthy,0.0000,0.9999,0.0000,0.0000
Healthy/lyria__P0635__b14.png,Healthy,P0635,0,Healthy,0.0005,0.9988,0.0007,0.0000
Healthy/lyria__P0635__b15.png,Healthy,P0635,0,Healthy,0.0002,0.9986,0.0011,0.0000
Healthy/lyria__P0635__b16.png,Healthy,P0635,0,Healthy,0.0002,0.9906,0.0092,0.0000
Healthy/lyria__P0636__b0.png,Healthy,P0636,0,Healthy,0.0000,1.0000,0.0000,0.0000
Healthy/lyria__P0636__b1.png,Healthy,P0636,0,Healthy,0.0000,1.0000,0.0000,0.0000
Healthy/lyria__P0636__b2.png,Healthy,P0636,0,Healthy,0.0000,1.0000,0.0000,0.0000
Healthy/lyria__P0636__b3.png,Healthy,P0636,0,Healthy,0.0000,0.9998,0.0001,0.0001
Healthy/lyria__P0636__b4.png,Healthy,P0636,0,Healthy,0.0000,0.9998,0.0000,0.0001
Healthy/lyria__P0636__b5.png,Healthy,P0636,0,Healthy,0.0000,1.0000,0.0000,0.0000
Healthy/lyria__P0636__b6.png,Healthy,P0636,0,Healthy,0.0192,0.9805,0.0001,0.0002
Healthy/lyria__P0636__b7.png,Healthy,P0636,0,Healthy,0.0052,0.7143,0.2804,0.0001
Healthy/lyria__P0636__b9.png,Healthy,P0636,0,Healthy,0.0004,0.9994,0.0002,0.0000
Healthy/lyria__P0636__b10.png,Healthy,P0636,0,Healthy,0.0000,1.0000,0.0000,0.0000
Healthy/lyria__P0636__b11.png,Healthy,P0636,0,Healthy,0.0000,0.9997,0.0003,0.0000
Healthy/lyria__P0636__b13.png,Healthy,P0636,0,Healthy,0.0000,1.0000,0.0000,0.0000
Healthy/lyria__P0636__b14.png,Healthy,P0636,0,Healthy,0.0000,1.0000,0.0000,0.0000
Healthy/lyria__P0636__b15.png,Healthy,P0636,0,Healthy,0.0002,0.9997,0.0001,0.0000
Healthy/lyria__P0636__b16.png,Healthy,P0636,0,Healthy,0.0001,0.9999,0.0000,0.0000
Healthy/lyria__P0636__b17.png,Healthy,P0636,0,Healthy,0.0023,0.9976,0.0001,0.0000
Healthy/lyria__P0636__b18.png,Healthy,P0636,0,Healthy,0.0134,0.4505,0.4502,0.0859
Healthy/lyria__P0636__b19.png,Healthy,P0636,0,Healthy,0.0068,0.7836,0.2079,0.0016
Healthy/lyria__P0636__b20.png,Healthy,P0636,0,Healthy,0.0077,0.8608,0.1187,0.0128
Healthy/lyria__P0637__b0.png,Healthy,P0637,0,Healthy,0.0000,0.9999,0.0001,0.0000
Healthy/lyria__P0637__b1.png,Healthy,P0637,0,Healthy,0.0000,1.0000,0.0000,0.0000
Healthy/lyria__P0637__b2.png,Healthy,P0637,0,Healthy,0.0000,1.0000,0.0000,0.0000
Healthy/lyria__P0637__b4.png,Healthy,P0637,0,Healthy,0.0000,1.0000,0.0000,0.0000
Healthy/lyria__P0637__b5.png,Healthy,P0637,0,Healthy,0.0000,0.9998,0.0002,0.0000
Healthy/lyria__P0638__b0.png,Healthy,P0638,0,Healthy,0.0004,0.9995,0.0001,0.0000
Healthy/lyria__P0638__b1.png,Healthy,P0638,0,Healthy,0.0001,0.9998,0.0002,0.0000
Healthy/lyria__P0638__b2.png,Healthy,P0638,0,Healthy,0.0000,1.0000,0.0000,0.0000
Healthy/lyria__P0638__b3.png,Healthy,P0638,0,Healthy,0.0000,0.9998,0.0002,0.0000
Healthy/lyria__P0638__b4.png,Healthy,P0638,0,Healthy,0.0005,0.9992,0.0003,0.0000
Healthy/lyria__P0638__b5.png,Healthy,P0638,0,Healthy,0.0024,0.9976,0.0001,0.0000
Healthy/lyria__P0638__b6.png,Healthy,P0638,0,Healthy,0.0008,0.9604,0.0388,0.0000
Healthy/lyria__P0638__b7.png,Healthy,P0638,0,Healthy,0.0023,0.9714,0.0262,0.0002
Healthy/lyria__P0638__b8.png,Healthy,P0638,0,Healthy,0.0020,0.6371,0.3602,0.0007
Healthy/lyria__P0638__b10.png,Healthy,P0638,0,Healthy,0.0001,0.9999,0.0001,0.0000
Healthy/lyria__P0638__b11.png,Healthy,P0638,0,Healthy,0.0000,0.9955,0.0044,0.0000
Healthy/lyria__P0638__b12.png,Healthy,P0638,0,Healthy,0.0007,0.9185,0.0807,0.0000
Healthy/lyria__P0638__b13.png,Healthy,P0638,0,Healthy,0.0014,0.9986,0.0000,0.0000
Healthy/lyria__P0638__b14.png,Healthy,P0638,0,Healthy,0.0000,0.9999,0.0000,0.0000
Healthy/lyria__P0638__b15.png,Healthy,P0638,0,Healthy,0.0000,1.0000,0.0000,0.0000
Healthy/lyria__P0638__b16.png,Healthy,P0638,0,Healthy,0.0000,1.0000,0.0000,0.0000
Healthy/lyria__P0638__b17.png,Healthy,P0638,0,Healthy,0.0101,0.9599,0.0300,0.0000
Healthy/lyria__P0638__b18.png,Healthy,P0638,0,Healthy,0.0580,0.9416,0.0004,0.0000
Healthy/lyria__P0638__b19.png,Healthy,P0638,0,Healthy,0.0003,0.9990,0.0007,0.0000
Healthy/lyria__P0638__b21.png,Healthy,P0638,0,Healthy,0.0000,0.9994,0.0005,0.0000
Healthy/lyria__P0638__b22.png,Healthy,P0638,0,Healthy,0.0000,0.9655,0.0344,0.0000
Healthy/lyria__P0638__b23.png,Healthy,P0638,0,Healthy,0.0013,0.8656,0.1331,0.0000
Healthy/lyria__P0638__b24.png,Healthy,P0638,0,Impacted,0.0196,0.0105,0.9699,0.0000
Healthy/lyria__P0639__b0.png,Healthy,P0639,0,Healthy,0.0001,0.9999,0.0000,0.0000
Healthy/lyria__P0639__b1.png,Healthy,P0639,0,Healthy,0.0001,0.9998,0.0001,0.0000
Healthy/lyria__P0639__b2.png,Healthy,P0639,0,Healthy,0.0002,0.9995,0.0003,0.0000
Healthy/lyria__P0639__b3.png,Healthy,P0639,0,Healthy,0.0001,0.9998,0.0001,0.0000
Healthy/lyria__P0639__b4.png,Healthy,P0639,0,Healthy,0.0006,0.9981,0.0012,0.0000
Healthy/lyria__P0639__b5.png,Healthy,P0639,0,Healthy,0.0049,0.9949,0.0001,0.0000
Healthy/lyria__P0639__b6.png,Healthy,P0639,0,Impacted,0.0009,0.3490,0.6500,0.0001
Healthy/lyria__P0639__b7.png,Healthy,P0639,0,Healthy,0.0087,0.9725,0.0141,0.0048
Healthy/lyria__P0639__b8.png,Healthy,P0639,0,Healthy,0.0008,0.9990,0.0001,0.0001
Healthy/lyria__P0639__b9.png,Healthy,P0639,0,Healthy,0.0001,0.9997,0.0002,0.0000
Healthy/lyria__P0639__b11.png,Healthy,P0639,0,Healthy,0.0001,0.9997,0.0001,0.0000
Healthy/lyria__P0639__b12.png,Healthy,P0639,0,Healthy,0.0002,0.9996,0.0001,0.0000
Healthy/lyria__P0639__b13.png,Healthy,P0639,0,Healthy,0.0021,0.9961,0.0018,0.0000
Healthy/lyria__P0639__b14.png,Healthy,P0639,0,Healthy,0.0007,0.9992,0.0000,0.0000
Healthy/lyria__P0639__b15.png,Healthy,P0639,0,Healthy,0.0001,0.9998,0.0001,0.0000
Healthy/lyria__P0639__b16.png,Healthy,P0639,0,Healthy,0.0004,0.8892,0.1104,0.0000
Healthy/lyria__P0639__b18.png,Healthy,P0639,0,Healthy,0.0030,0.9950,0.0020,0.0000
Healthy/lyria__P0640__b0.png,Healthy,P0640,0,Healthy,0.0497,0.9498,0.0003,0.0001
Healthy/lyria__P0640__b1.png,Healthy,P0640,0,Healthy,0.0007,0.8180,0.1812,0.0002
Healthy/lyria__P0640__b2.png,Healthy,P0640,0,Healthy,0.0408,0.5896,0.3682,0.0014
Healthy/lyria__P0640__b4.png,Healthy,P0640,0,Healthy,0.3055,0.6930,0.0015,0.0001
Healthy/lyria__P0640__b5.png,Healthy,P0640,0,Healthy,0.0046,0.9450,0.0494,0.0010
Healthy/lyria__P0640__b6.png,Healthy,P0640,0,Healthy,0.0016,0.9731,0.0249,0.0003
Healthy/lyria__P0640__b7.png,Healthy,P0640,0,Healthy,0.0000,1.0000,0.0000,0.0000
Healthy/lyria__P0640__b8.png,Healthy,P0640,0,Healthy,0.0000,0.9992,0.0007,0.0000
Healthy/lyria__P0640__b10.png,Healthy,P0640,0,Healthy,0.0000,1.0000,0.0000,0.0000
Healthy/lyria__P0640__b11.png,Healthy,P0640,0,Healthy,0.0000,0.9999,0.0001,0.0000
Healthy/lyria__P0640__b12.png,Healthy,P0640,0,Healthy,0.0040,0.9947,0.0013,0.0000
Healthy/lyria__P0640__b13.png,Healthy,P0640,0,Healthy,0.0066,0.7041,0.2884,0.0009
Healthy/lyria__P0640__b14.png,Healthy,P0640,0,Impacted,0.0002,0.0806,0.9192,0.0000
Healthy/lyria__P0640__b15.png,Healthy,P0640,0,Healthy,0.0004,0.9846,0.0150,0.0000
Healthy/lyria__P0640__b16.png,Healthy,P0640,0,Healthy,0.0261,0.9643,0.0096,0.0000
Healthy/lyria__P0640__b17.png,Healthy,P0640,0,Healthy,0.0009,0.9963,0.0028,0.0000
Healthy/lyria__P0640__b18.png,Healthy,P0640,0,Impacted,0.0008,0.0539,0.9451,0.0001
Healthy/lyria__P0064__b0.png,Healthy,P0064,0,Healthy,0.0005,0.9956,0.0038,0.0000
Healthy/lyria__P0064__b1.png,Healthy,P0064,0,Healthy,0.0000,0.9998,0.0001,0.0000
Healthy/lyria__P0064__b2.png,Healthy,P0064,0,Healthy,0.0000,1.0000,0.0000,0.0000
Healthy/lyria__P0064__b3.png,Healthy,P0064,0,Healthy,0.0000,1.0000,0.0000,0.0000
Healthy/lyria__P0064__b4.png,Healthy,P0064,0,Healthy,0.0000,0.9996,0.0004,0.0000
Healthy/lyria__P0064__b5.png,Healthy,P0064,0,Healthy,0.0000,1.0000,0.0000,0.0000
Healthy/lyria__P0064__b7.png,Healthy,P0064,0,Healthy,0.0565,0.9428,0.0006,0.0000
Healthy/lyria__P0641__b0.png,Healthy,P0641,0,Healthy,0.0194,0.9796,0.0009,0.0001
Healthy/lyria__P0641__b1.png,Healthy,P0641,0,Healthy,0.1069,0.8929,0.0001,0.0001
Healthy/lyria__P0641__b3.png,Healthy,P0641,0,Healthy,0.0006,0.9988,0.0006,0.0000
Healthy/lyria__P0641__b4.png,Healthy,P0641,0,Healthy,0.0000,1.0000,0.0000,0.0000
Healthy/lyria__P0641__b5.png,Healthy,P0641,0,Healthy,0.0000,0.9998,0.0002,0.0000
Healthy/lyria__P0641__b6.png,Healthy,P0641,0,Healthy,0.0000,0.9999,0.0001,0.0000
Healthy/lyria__P0641__b7.png,Healthy,P0641,0,Healthy,0.0000,0.9996,0.0004,0.0000
Healthy/lyria__P0641__b8.png,Healthy,P0641,0,Healthy,0.0001,0.9995,0.0004,0.0000
Healthy/lyria__P0641__b9.png,Healthy,P0641,0,Healthy,0.0000,0.9964,0.0035,0.0000
Healthy/lyria__P0642__b0.png,Healthy,P0642,0,Healthy,0.0001,0.9973,0.0026,0.0000
Healthy/lyria__P0642__b2.png,Healthy,P0642,0,Healthy,0.0000,0.9990,0.0009,0.0000
Healthy/lyria__P0642__b4.png,Healthy,P0642,0,Healthy,0.0001,0.9998,0.0002,0.0000
Healthy/lyria__P0642__b5.png,Healthy,P0642,0,Healthy,0.0000,0.9999,0.0001,0.0000
Healthy/lyria__P0642__b6.png,Healthy,P0642,0,Healthy,0.0005,0.9913,0.0082,0.0000
Healthy/lyria__P0642__b7.png,Healthy,P0642,0,Healthy,0.0001,0.9982,0.0017,0.0000
Healthy/lyria__P0642__b8.png,Healthy,P0642,0,Healthy,0.0010,0.9888,0.0100,0.0001
Healthy/lyria__P0065__b0.png,Healthy,P0065,0,Impacted,0.0006,0.4336,0.5656,0.0002
Healthy/lyria__P0065__b1.png,Healthy,P0065,0,Healthy,0.0013,0.9931,0.0024,0.0033
Healthy/lyria__P0065__b2.png,Healthy,P0065,0,Healthy,0.0023,0.9905,0.0070,0.0002
Healthy/lyria__P0065__b3.png,Healthy,P0065,0,Healthy,0.0013,0.9912,0.0074,0.0000
Healthy/lyria__P0065__b4.png,Healthy,P0065,0,Healthy,0.0136,0.9862,0.0002,0.0000
Healthy/lyria__P0065__b5.png,Healthy,P0065,0,Healthy,0.2205,0.7793,0.0002,0.0001
Healthy/lyria__P0065__b7.png,Healthy,P0065,0,Healthy,0.0084,0.9815,0.0097,0.0003
Healthy/lyria__P0065__b8.png,Healthy,P0065,0,Healthy,0.0006,0.9947,0.0046,0.0001
Healthy/lyria__P0065__b9.png,Healthy,P0065,0,Healthy,0.0015,0.9979,0.0003,0.0003
Healthy/lyria__P0065__b10.png,Healthy,P0065,0,Healthy,0.0015,0.9985,0.0000,0.0000
Healthy/lyria__P0065__b11.png,Healthy,P0065,0,Healthy,0.0007,0.9992,0.0001,0.0000
Healthy/lyria__P0065__b12.png,Healthy,P0065,0,Healthy,0.0022,0.9891,0.0084,0.0002
Healthy/lyria__P0065__b13.png,Healthy,P0065,0,Healthy,0.0305,0.8903,0.0791,0.0000
Healthy/lyria__P0065__b14.png,Healthy,P0065,0,Impacted,0.0005,0.2887,0.7102,0.0006
Healthy/lyria__P0065__b15.png,Healthy,P0065,0,Impacted,0.0000,0.0049,0.9951,0.0000
Healthy/lyria__P0065__b16.png,Healthy,P0065,0,Healthy,0.0001,0.9992,0.0006,0.0000
Healthy/lyria__P0065__b17.png,Healthy,P0065,0,Healthy,0.0002,0.9992,0.0006,0.0000
Healthy/lyria__P0065__b18.png,Healthy,P0065,0,Healthy,0.0002,0.9979,0.0019,0.0000
Healthy/lyria__P0065__b19.png,Healthy,P0065,0,Healthy,0.0000,0.9996,0.0003,0.0000
Healthy/lyria__P0065__b20.png,Healthy,P0065,0,Healthy,0.0000,0.9999,0.0001,0.0000
Healthy/lyria__P0065__b21.png,Healthy,P0065,0,Healthy,0.0000,0.9997,0.0003,0.0000
Healthy/lyria__P0065__b22.png,Healthy,P0065,0,Healthy,0.0001,0.9940,0.0059,0.0000
Healthy/lyria__P0065__b23.png,Healthy,P0065,0,Healthy,0.0000,1.0000,0.0000,0.0000
Healthy/lyria__P0065__b24.png,Healthy,P0065,0,Healthy,0.0000,0.9999,0.0001,0.0000
Healthy/lyria__P0065__b25.png,Healthy,P0065,0,Healthy,0.0011,0.5256,0.4732,0.0000
Healthy/lyria__P0065__b26.png,Healthy,P0065,0,Impacted,0.0094,0.1648,0.8245,0.0014
Healthy/lyria__P0644__b1.png,Healthy,P0644,0,Healthy,0.0000,1.0000,0.0000,0.0000
Healthy/lyria__P0644__b2.png,Healthy,P0644,0,Healthy,0.0002,0.9998,0.0001,0.0000
Healthy/lyria__P0644__b3.png,Healthy,P0644,0,Healthy,0.0001,0.9992,0.0007,0.0000
Healthy/lyria__P0644__b4.png,Healthy,P0644,0,Healthy,0.0000,1.0000,0.0000,0.0000
Healthy/lyria__P0646__b0.png,Healthy,P0646,0,Healthy,0.0000,0.9999,0.0000,0.0000
Healthy/lyria__P0646__b1.png,Healthy,P0646,0,Healthy,0.0000,1.0000,0.0000,0.0000
Healthy/lyria__P0646__b3.png,Healthy,P0646,0,Healthy,0.0000,0.9998,0.0002,0.0000
Healthy/lyria__P0646__b5.png,Healthy,P0646,0,Healthy,0.0000,1.0000,0.0000,0.0000
Healthy/lyria__P0646__b6.png,Healthy,P0646,0,Healthy,0.0000,1.0000,0.0000,0.0000
Healthy/lyria__P0646__b7.png,Healthy,P0646,0,Healthy,0.0004,0.9989,0.0007,0.0000
Healthy/lyria__P0649__b0.png,Healthy,P0649,0,Impacted,0.2148,0.3409,0.4356,0.0087
Healthy/lyria__P0649__b1.png,Healthy,P0649,0,Healthy,0.0001,0.9999,0.0000,0.0000
Healthy/lyria__P0649__b2.png,Healthy,P0649,0,Healthy,0.0007,0.9990,0.0003,0.0000
Healthy/lyria__P0649__b3.png,Healthy,P0649,0,Healthy,0.0006,0.9956,0.0036,0.0001
Healthy/lyria__P0649__b4.png,Healthy,P0649,0,Healthy,0.0029,0.9968,0.0003,0.0000
Healthy/lyria__P0649__b5.png,Healthy,P0649,0,Healthy,0.0000,0.9999,0.0001,0.0000
Healthy/lyria__P0649__b6.png,Healthy,P0649,0,Healthy,0.0001,0.9999,0.0000,0.0000
Healthy/lyria__P0649__b7.png,Healthy,P0649,0,Healthy,0.0001,0.9998,0.0001,0.0000
Healthy/lyria__P0649__b9.png,Healthy,P0649,0,Healthy,0.0000,0.9998,0.0002,0.0000
Healthy/lyria__P0649__b10.png,Healthy,P0649,0,Healthy,0.0001,0.9996,0.0004,0.0000
Healthy/lyria__P0649__b11.png,Healthy,P0649,0,Healthy,0.0001,0.9999,0.0000,0.0000
Healthy/lyria__P0649__b12.png,Healthy,P0649,0,Healthy,0.0014,0.9894,0.0093,0.0000
Healthy/lyria__P0649__b13.png,Healthy,P0649,0,Healthy,0.0000,0.9996,0.0004,0.0000
Healthy/lyria__P0649__b14.png,Healthy,P0649,0,Healthy,0.0001,0.9993,0.0006,0.0000
Healthy/lyria__P0649__b16.png,Healthy,P0649,0,Endodontics,0.9617,0.0186,0.0138,0.0059
Healthy/lyria__P0650__b0.png,Healthy,P0650,0,Healthy,0.0001,0.9984,0.0015,0.0000
Healthy/lyria__P0650__b1.png,Healthy,P0650,0,Healthy,0.0004,0.9952,0.0044,0.0000
Healthy/lyria__P0650__b2.png,Healthy,P0650,0,Healthy,0.0000,1.0000,0.0000,0.0000
Healthy/lyria__P0650__b3.png,Healthy,P0650,0,Healthy,0.0000,0.9999,0.0000,0.0000
Healthy/lyria__P0650__b5.png,Healthy,P0650,0,Healthy,0.0016,0.9968,0.0009,0.0007
Healthy/lyria__P0650__b6.png,Healthy,P0650,0,Healthy,0.0134,0.9702,0.0140,0.0024
Healthy/lyria__P0650__b8.png,Healthy,P0650,0,Healthy,0.0004,0.9996,0.0000,0.0000
Healthy/lyria__P0650__b9.png,Healthy,P0650,0,Healthy,0.0002,0.9992,0.0006,0.0000
Healthy/lyria__P0650__b10.png,Healthy,P0650,0,Healthy,0.0997,0.8995,0.0007,0.0000
Healthy/lyria__P0650__b11.png,Healthy,P0650,0,Healthy,0.0559,0.9432,0.0008,0.0002
Healthy/lyria__P0650__b12.png,Healthy,P0650,0,Healthy,0.0042,0.7283,0.2669,0.0006
Healthy/lyria__P0650__b13.png,Healthy,P0650,0,Healthy,0.0031,0.9794,0.0162,0.0013
Healthy/lyria__P0650__b14.png,Healthy,P0650,0,Healthy,0.0004,0.9996,0.0000,0.0000
Healthy/lyria__P0650__b15.png,Healthy,P0650,0,Healthy,0.0007,0.9979,0.0005,0.0009
Healthy/lyria__P0650__b16.png,Healthy,P0650,0,Healthy,0.0000,0.9998,0.0002,0.0000
Healthy/lyria__P0650__b17.png,Healthy,P0650,0,Healthy,0.0000,0.9999,0.0001,0.0000
Healthy/lyria__P0650__b18.png,Healthy,P0650,0,Healthy,0.0782,0.9160,0.0027,0.0031
Healthy/lyria__P0650__b19.png,Healthy,P0650,0,Healthy,0.0552,0.8933,0.0379,0.0136
Healthy/lyria__P0650__b20.png,Healthy,P0650,0,Healthy,0.0001,0.9999,0.0000,0.0000
Healthy/lyria__P0650__b21.png,Healthy,P0650,0,Healthy,0.0001,0.9986,0.0012,0.0000
Healthy/lyria__P0650__b22.png,Healthy,P0650,0,Healthy,0.0003,0.9997,0.0000,0.0000
Healthy/lyria__P0650__b23.png,Healthy,P0650,0,Healthy,0.0365,0.9627,0.0006,0.0002
Healthy/lyria__P0651__b0.png,Healthy,P0651,0,Healthy,0.0108,0.9884,0.0007,0.0000
Healthy/lyria__P0651__b1.png,Healthy,P0651,0,Healthy,0.0000,1.0000,0.0000,0.0000
Healthy/lyria__P0651__b2.png,Healthy,P0651,0,Healthy,0.0000,1.0000,0.0000,0.0000
Healthy/lyria__P0651__b3.png,Healthy,P0651,0,Healthy,0.0581,0.9412,0.0006,0.0001
Healthy/lyria__P0651__b5.png,Healthy,P0651,0,Healthy,0.0053,0.9944,0.0003,0.0000
Healthy/lyria__P0651__b6.png,Healthy,P0651,0,Healthy,0.0010,0.9976,0.0013,0.0001
Healthy/lyria__P0651__b8.png,Healthy,P0651,0,Healthy,0.0000,0.9999,0.0001,0.0000
Healthy/lyria__P0651__b9.png,Healthy,P0651,0,Healthy,0.0001,0.9959,0.0039,0.0000
Healthy/lyria__P0651__b10.png,Healthy,P0651,0,Healthy,0.0006,0.9994,0.0000,0.0000
Healthy/lyria__P0651__b11.png,Healthy,P0651,0,Healthy,0.0001,0.9999,0.0000,0.0000
Healthy/lyria__P0651__b12.png,Healthy,P0651,0,Healthy,0.0050,0.9938,0.0012,0.0000
Healthy/lyria__P0651__b13.png,Healthy,P0651,0,Healthy,0.0000,1.0000,0.0000,0.0000
Healthy/lyria__P0652__b1.png,Healthy,P0652,0,Healthy,0.0000,1.0000,0.0000,0.0000
Healthy/lyria__P0652__b2.png,Healthy,P0652,0,Healthy,0.0001,0.9990,0.0008,0.0000
Healthy/lyria__P0653__b0.png,Healthy,P0653,0,Healthy,0.0003,0.9997,0.0000,0.0000
Healthy/lyria__P0653__b1.png,Healthy,P0653,0,Healthy,0.0007,0.9981,0.0012,0.0000
Healthy/lyria__P0653__b2.png,Healthy,P0653,0,Healthy,0.0001,0.9998,0.0001,0.0000
Healthy/lyria__P0653__b3.png,Healthy,P0653,0,Healthy,0.0010,0.9990,0.0000,0.0000
Healthy/lyria__P0653__b4.png,Healthy,P0653,0,Healthy,0.0012,0.9986,0.0002,0.0000
Healthy/lyria__P0653__b5.png,Healthy,P0653,0,Healthy,0.0003,0.9993,0.0003,0.0000
Healthy/lyria__P0653__b6.png,Healthy,P0653,0,Healthy,0.0031,0.9635,0.0333,0.0000
Healthy/lyria__P0653__b8.png,Healthy,P0653,0,Healthy,0.0000,0.9998,0.0001,0.0000
Healthy/lyria__P0653__b9.png,Healthy,P0653,0,Healthy,0.0001,0.9999,0.0000,0.0000
Healthy/lyria__P0653__b10.png,Healthy,P0653,0,Healthy,0.0012,0.9976,0.0013,0.0000
Healthy/lyria__P0653__b11.png,Healthy,P0653,0,Healthy,0.0005,0.9987,0.0009,0.0000
Healthy/lyria__P0653__b12.png,Healthy,P0653,0,Healthy,0.0000,0.9999,0.0001,0.0000
Healthy/lyria__P0653__b13.png,Healthy,P0653,0,Healthy,0.0000,1.0000,0.0000,0.0000
Healthy/lyria__P0653__b14.png,Healthy,P0653,0,Healthy,0.0008,0.8511,0.1481,0.0000
Healthy/lyria__P0653__b15.png,Healthy,P0653,0,Healthy,0.0047,0.8687,0.1266,0.0000
Healthy/lyria__P0653__b16.png,Healthy,P0653,0,Healthy,0.0524,0.9335,0.0141,0.0000
Healthy/lyria__P0653__b17.png,Healthy,P0653,0,Healthy,0.0001,0.9998,0.0001,0.0000
Healthy/lyria__P0653__b18.png,Healthy,P0653,0,Healthy,0.0001,0.9997,0.0002,0.0000
Healthy/lyria__P0653__b19.png,Healthy,P0653,0,Healthy,0.0001,0.9989,0.0010,0.0000
Healthy/lyria__P0653__b20.png,Healthy,P0653,0,Healthy,0.0006,0.9988,0.0006,0.0000
Healthy/lyria__P0653__b21.png,Healthy,P0653,0,Healthy,0.0761,0.9235,0.0003,0.0000
Healthy/lyria__P0066__b1.png,Healthy,P0066,0,Healthy,0.0235,0.9763,0.0001,0.0000
Healthy/lyria__P0066__b3.png,Healthy,P0066,0,Healthy,0.0000,1.0000,0.0000,0.0000
Healthy/lyria__P0066__b4.png,Healthy,P0066,0,Healthy,0.0000,1.0000,0.0000,0.0000
Healthy/lyria__P0066__b5.png,Healthy,P0066,0,Healthy,0.0002,0.9998,0.0000,0.0000
Healthy/lyria__P0657__b0.png,Healthy,P0657,0,Healthy,0.0000,1.0000,0.0000,0.0000
Healthy/lyria__P0657__b1.png,Healthy,P0657,0,Healthy,0.0001,0.9996,0.0003,0.0000
Healthy/lyria__P0657__b2.png,Healthy,P0657,0,Healthy,0.0002,0.9982,0.0017,0.0000
Healthy/lyria__P0657__b3.png,Healthy,P0657,0,Healthy,0.0001,0.9999,0.0000,0.0000
Healthy/lyria__P0657__b4.png,Healthy,P0657,0,Healthy,0.0007,0.9965,0.0027,0.0000
Healthy/lyria__P0657__b5.png,Healthy,P0657,0,Healthy,0.0002,0.9988,0.0011,0.0000
Healthy/lyria__P0657__b6.png,Healthy,P0657,0,Healthy,0.0044,0.8883,0.1069,0.0004
Healthy/lyria__P0657__b7.png,Healthy,P0657,0,Impacted,0.0058,0.3373,0.6552,0.0016
Healthy/lyria__P0657__b9.png,Healthy,P0657,0,Healthy,0.0001,0.9999,0.0000,0.0000
Healthy/lyria__P0657__b10.png,Healthy,P0657,0,Healthy,0.0003,0.9990,0.0007,0.0000
Healthy/lyria__P0657__b11.png,Healthy,P0657,0,Impacted,0.0021,0.3739,0.6237,0.0004
Healthy/lyria__P0657__b12.png,Healthy,P0657,0,Healthy,0.0000,1.0000,0.0000,0.0000
Healthy/lyria__P0657__b13.png,Healthy,P0657,0,Healthy,0.0001,0.9998,0.0001,0.0000
Healthy/lyria__P0657__b14.png,Healthy,P0657,0,Healthy,0.0001,0.9999,0.0000,0.0000
Healthy/lyria__P0657__b15.png,Healthy,P0657,0,Healthy,0.0000,0.9994,0.0006,0.0000
Healthy/lyria__P0657__b16.png,Healthy,P0657,0,Healthy,0.0000,0.9996,0.0004,0.0000
Healthy/lyria__P0657__b17.png,Healthy,P0657,0,Healthy,0.0007,0.8796,0.1197,0.0000
Healthy/lyria__P0657__b18.png,Healthy,P0657,0,Healthy,0.0004,0.7175,0.2820,0.0001
Healthy/lyria__P0657__b19.png,Healthy,P0657,0,Healthy,0.0007,0.6333,0.3659,0.0001
Healthy/lyria__P0657__b20.png,Healthy,P0657,0,Healthy,0.0000,1.0000,0.0000,0.0000
Healthy/lyria__P0657__b21.png,Healthy,P0657,0,Healthy,0.0000,1.0000,0.0000,0.0000
Healthy/lyria__P0657__b22.png,Healthy,P0657,0,Healthy,0.0002,0.9998,0.0000,0.0000
Healthy/lyria__P0657__b23.png,Healthy,P0657,0,Healthy,0.0010,0.7923,0.2067,0.0000
Healthy/lyria__P0657__b24.png,Healthy,P0657,0,Healthy,0.0001,0.8334,0.1665,0.0000
Healthy/lyria__P0658__b0.png,Healthy,P0658,0,Healthy,0.0001,0.9998,0.0001,0.0000
Healthy/lyria__P0658__b1.png,Healthy,P0658,0,Healthy,0.0123,0.9868,0.0009,0.0000
Healthy/lyria__P0658__b2.png,Healthy,P0658,0,Healthy,0.0012,0.9962,0.0024,0.0001
Healthy/lyria__P0658__b3.png,Healthy,P0658,0,Healthy,0.0003,0.9997,0.0000,0.0000
Healthy/lyria__P0658__b5.png,Healthy,P0658,0,Healthy,0.0111,0.9495,0.0394,0.0000
Healthy/lyria__P0658__b6.png,Healthy,P0658,0,Healthy,0.0001,0.9968,0.0031,0.0000
Healthy/lyria__P0658__b7.png,Healthy,P0658,0,Healthy,0.0030,0.6820,0.3146,0.0004
Healthy/lyria__P0658__b8.png,Healthy,P0658,0,Healthy,0.0009,0.8607,0.1381,0.0003
Healthy/lyria__P0658__b9.png,Healthy,P0658,0,Impacted,0.0014,0.4264,0.5691,0.0031
Healthy/lyria__P0658__b10.png,Healthy,P0658,0,Healthy,0.0124,0.9864,0.0011,0.0000
Healthy/lyria__P0658__b11.png,Healthy,P0658,0,Healthy,0.0000,0.9993,0.0007,0.0000
Healthy/lyria__P0658__b12.png,Healthy,P0658,0,Healthy,0.0000,0.9985,0.0015,0.0000
Healthy/lyria__P0658__b13.png,Healthy,P0658,0,Healthy,0.0001,0.9998,0.0001,0.0000
Healthy/lyria__P0658__b14.png,Healthy,P0658,0,Healthy,0.0000,1.0000,0.0000,0.0000
Healthy/lyria__P0658__b15.png,Healthy,P0658,0,Healthy,0.0001,0.9994,0.0005,0.0000
Healthy/lyria__P0658__b16.png,Healthy,P0658,0,Healthy,0.0000,0.9974,0.0026,0.0000
Healthy/lyria__P0658__b17.png,Healthy,P0658,0,Healthy,0.0180,0.9266,0.0552,0.0002
Healthy/lyria__P0658__b18.png,Healthy,P0658,0,Healthy,0.0000,0.9994,0.0005,0.0000
Healthy/lyria__P0658__b19.png,Healthy,P0658,0,Healthy,0.0000,0.5664,0.4335,0.0001
Healthy/lyria__P0658__b21.png,Healthy,P0658,0,Healthy,0.0000,0.9994,0.0005,0.0000
Healthy/lyria__P0658__b22.png,Healthy,P0658,0,Healthy,0.0000,0.9997,0.0003,0.0000
Healthy/lyria__P0658__b23.png,Healthy,P0658,0,Healthy,0.0008,0.9984,0.0008,0.0000
Healthy/lyria__P0658__b24.png,Healthy,P0658,0,Healthy,0.0003,0.9985,0.0012,0.0000
Healthy/lyria__P0658__b25.png,Healthy,P0658,0,Healthy,0.0000,0.9915,0.0084,0.0000
Healthy/lyria__P0658__b26.png,Healthy,P0658,0,Healthy,0.0000,0.9595,0.0404,0.0000
Healthy/lyria__P0658__b27.png,Healthy,P0658,0,Healthy,0.0080,0.7752,0.2168,0.0000
Healthy/lyria__P0658__b28.png,Healthy,P0658,0,Healthy,0.0003,0.9585,0.0413,0.0000
Healthy/lyria__P0658__b29.png,Healthy,P0658,0,Healthy,0.0013,0.7458,0.2528,0.0001
Healthy/lyria__P0658__b30.png,Healthy,P0658,0,Healthy,0.0002,0.6918,0.3079,0.0001
Healthy/lyria__P0661__b1.png,Healthy,P0661,0,Healthy,0.0365,0.9619,0.0016,0.0000
Healthy/lyria__P0661__b2.png,Healthy,P0661,0,Healthy,0.0137,0.9828,0.0035,0.0000
Healthy/lyria__P0661__b3.png,Healthy,P0661,0,Healthy,0.0003,0.9994,0.0002,0.0000
Healthy/lyria__P0661__b5.png,Healthy,P0661,0,Healthy,0.0022,0.9975,0.0003,0.0000
Healthy/lyria__P0661__b6.png,Healthy,P0661,0,Healthy,0.0002,0.9991,0.0005,0.0001
Healthy/lyria__P0661__b7.png,Healthy,P0661,0,Healthy,0.0001,0.9126,0.0872,0.0001
Healthy/lyria__P0661__b8.png,Healthy,P0661,0,Healthy,0.0007,0.9990,0.0002,0.0001
Healthy/lyria__P0661__b9.png,Healthy,P0661,0,Healthy,0.0097,0.9901,0.0002,0.0000
Healthy/lyria__P0661__b10.png,Healthy,P0661,0,Healthy,0.0005,0.9994,0.0000,0.0000
Healthy/lyria__P0661__b11.png,Healthy,P0661,0,Healthy,0.0001,0.9992,0.0007,0.0000
Healthy/lyria__P0661__b12.png,Healthy,P0661,0,Healthy,0.0000,0.9948,0.0052,0.0000
Healthy/lyria__P0661__b13.png,Healthy,P0661,0,Healthy,0.0010,0.9055,0.0932,0.0004
Healthy/lyria__P0661__b14.png,Healthy,P0661,0,Healthy,0.0000,1.0000,0.0000,0.0000
Healthy/lyria__P0661__b15.png,Healthy,P0661,0,Healthy,0.0000,0.9999,0.0000,0.0000
Healthy/lyria__P0661__b16.png,Healthy,P0661,0,Healthy,0.0001,0.9999,0.0000,0.0000
Healthy/lyria__P0661__b17.png,Healthy,P0661,0,Healthy,0.0003,0.9993,0.0004,0.0000
Healthy/lyria__P0661__b18.png,Healthy,P0661,0,Healthy,0.0000,1.0000,0.0000,0.0000
Healthy/lyria__P0661__b19.png,Healthy,P0661,0,Healthy,0.0008,0.9991,0.0000,0.0000
Healthy/lyria__P0661__b20.png,Healthy,P0661,0,Healthy,0.0033,0.9958,0.0008,0.0001
Healthy/lyria__P0661__b21.png,Healthy,P0661,0,Healthy,0.0000,0.9994,0.0006,0.0000
Healthy/lyria__P0661__b22.png,Healthy,P0661,0,Healthy,0.0006,0.9564,0.0430,0.0000
Healthy/lyria__P0661__b23.png,Healthy,P0661,0,Healthy,0.0000,1.0000,0.0000,0.0000
Healthy/lyria__P0661__b24.png,Healthy,P0661,0,Healthy,0.0000,0.9994,0.0006,0.0000
Healthy/lyria__P0661__b25.png,Healthy,P0661,0,Healthy,0.0000,0.8684,0.1315,0.0000
Healthy/lyria__P0662__b0.png,Healthy,P0662,0,Healthy,0.0004,0.9983,0.0012,0.0000
Healthy/lyria__P0662__b2.png,Healthy,P0662,0,Healthy,0.0019,0.9913,0.0067,0.0001
Healthy/lyria__P0662__b3.png,Healthy,P0662,0,Healthy,0.0000,0.9996,0.0003,0.0000
Healthy/lyria__P0662__b4.png,Healthy,P0662,0,Healthy,0.0000,0.9992,0.0008,0.0000
Healthy/lyria__P0662__b5.png,Healthy,P0662,0,Healthy,0.0000,0.9999,0.0000,0.0000
Healthy/lyria__P0662__b6.png,Healthy,P0662,0,Healthy,0.0002,0.9967,0.0031,0.0000
Healthy/lyria__P0662__b7.png,Healthy,P0662,0,Healthy,0.0010,0.9725,0.0264,0.0001
Healthy/lyria__P0662__b8.png,Healthy,P0662,0,Healthy,0.0206,0.5539,0.4252,0.0003
Healthy/lyria__P0662__b9.png,Healthy,P0662,0,Healthy,0.0001,0.9911,0.0088,0.0000
Healthy/lyria__P0662__b10.png,Healthy,P0662,0,Healthy,0.0000,0.9982,0.0018,0.0000
Healthy/lyria__P0662__b11.png,Healthy,P0662,0,Healthy,0.0000,0.9987,0.0013,0.0000
Healthy/lyria__P0662__b12.png,Healthy,P0662,0,Healthy,0.0000,0.9999,0.0001,0.0000
Healthy/lyria__P0662__b13.png,Healthy,P0662,0,Healthy,0.0000,1.0000,0.0000,0.0000
Healthy/lyria__P0662__b14.png,Healthy,P0662,0,Healthy,0.0001,0.9998,0.0001,0.0000
Healthy/lyria__P0662__b15.png,Healthy,P0662,0,Healthy,0.0001,0.9998,0.0002,0.0000
Healthy/lyria__P0662__b16.png,Healthy,P0662,0,Healthy,0.0021,0.9978,0.0001,0.0000
Healthy/lyria__P0662__b17.png,Healthy,P0662,0,Healthy,0.0000,0.9967,0.0033,0.0000
Healthy/lyria__P0662__b18.png,Healthy,P0662,0,Healthy,0.0000,0.9989,0.0011,0.0000
Healthy/lyria__P0662__b19.png,Healthy,P0662,0,Healthy,0.0000,0.9999,0.0001,0.0000
Healthy/lyria__P0662__b20.png,Healthy,P0662,0,Impacted,0.0003,0.0441,0.9555,0.0001
Healthy/lyria__P0662__b21.png,Healthy,P0662,0,Healthy,0.0008,0.5860,0.4130,0.0001
Healthy/lyria__P0662__b22.png,Healthy,P0662,0,Healthy,0.0727,0.8782,0.0490,0.0001
Healthy/lyria__P0662__b23.png,Healthy,P0662,0,Healthy,0.0026,0.9806,0.0168,0.0001
Healthy/lyria__P0662__b24.png,Healthy,P0662,0,Healthy,0.0001,0.9999,0.0000,0.0000
Healthy/lyria__P0662__b25.png,Healthy,P0662,0,Healthy,0.0001,0.9997,0.0002,0.0000
Healthy/lyria__P0663__b1.png,Healthy,P0663,0,Healthy,0.0002,0.9958,0.0040,0.0000
Healthy/lyria__P0663__b3.png,Healthy,P0663,0,Healthy,0.2199,0.4453,0.3346,0.0003
Healthy/lyria__P0663__b4.png,Healthy,P0663,0,Healthy,0.0000,0.9998,0.0001,0.0000
Healthy/lyria__P0663__b5.png,Healthy,P0663,0,Healthy,0.0021,0.9973,0.0006,0.0000
Healthy/lyria__P0663__b6.png,Healthy,P0663,0,Healthy,0.0006,0.9979,0.0015,0.0000
Healthy/lyria__P0663__b7.png,Healthy,P0663,0,Healthy,0.0002,0.9998,0.0001,0.0000
Healthy/lyria__P0663__b8.png,Healthy,P0663,0,Healthy,0.1266,0.8733,0.0000,0.0000
Healthy/lyria__P0663__b9.png,Healthy,P0663,0,Impacted,0.1960,0.3543,0.4482,0.0015
Healthy/lyria__P0663__b10.png,Healthy,P0663,0,Healthy,0.0000,0.9999,0.0001,0.0000
Healthy/lyria__P0663__b11.png,Healthy,P0663,0,Healthy,0.0000,1.0000,0.0000,0.0000
Healthy/lyria__P0663__b12.png,Healthy,P0663,0,Healthy,0.0001,0.9998,0.0000,0.0000
Healthy/lyria__P0663__b13.png,Healthy,P0663,0,Healthy,0.0000,0.9999,0.0001,0.0000
Healthy/lyria__P0663__b14.png,Healthy,P0663,0,Healthy,0.0000,1.0000,0.0000,0.0000
Healthy/lyria__P0663__b15.png,Healthy,P0663,0,Healthy,0.0001,0.9996,0.0003,0.0000
Healthy/lyria__P0663__b16.png,Healthy,P0663,0,Healthy,0.0000,0.9997,0.0003,0.0000
Healthy/lyria__P0663__b17.png,Healthy,P0663,0,Healthy,0.0000,0.9954,0.0046,0.0000
Healthy/lyria__P0664__b0.png,Healthy,P0664,0,Impacted,0.0008,0.0011,0.9975,0.0007
Healthy/lyria__P0664__b2.png,Healthy,P0664,0,Healthy,0.0026,0.9966,0.0008,0.0000
Healthy/lyria__P0664__b3.png,Healthy,P0664,0,Healthy,0.0134,0.9865,0.0001,0.0001
Healthy/lyria__P0664__b4.png,Healthy,P0664,0,Impacted,0.1797,0.3852,0.4336,0.0015
Healthy/lyria__P0664__b5.png,Healthy,P0664,0,Healthy,0.0061,0.9779,0.0160,0.0000
Healthy/lyria__P0665__b0.png,Healthy,P0665,0,Healthy,0.0018,0.9968,0.0014,0.0000
Healthy/lyria__P0665__b1.png,Healthy,P0665,0,Impacted,0.0838,0.1079,0.8034,0.0050
Healthy/lyria__P0665__b2.png,Healthy,P0665,0,Healthy,0.2254,0.7729,0.0017,0.0001
Healthy/lyria__P0665__b3.png,Healthy,P0665,0,Endodontics,0.6484,0.3456,0.0011,0.0050
Healthy/lyria__P0665__b4.png,Healthy,P0665,0,Impacted,0.1343,0.1824,0.6830,0.0003
Healthy/lyria__P0665__b5.png,Healthy,P0665,0,Healthy,0.0000,0.9998,0.0002,0.0000
Healthy/lyria__P0665__b7.png,Healthy,P0665,0,Healthy,0.0000,0.9564,0.0436,0.0000
Healthy/lyria__P0665__b8.png,Healthy,P0665,0,Healthy,0.0000,0.9999,0.0000,0.0000
Healthy/lyria__P0665__b9.png,Healthy,P0665,0,Healthy,0.0036,0.9942,0.0021,0.0002
Healthy/lyria__P0665__b10.png,Healthy,P0665,0,Healthy,0.0004,0.9967,0.0029,0.0000
Healthy/lyria__P0665__b11.png,Healthy,P0665,0,Healthy,0.0000,0.9971,0.0029,0.0000
Healthy/lyria__P0067__b0.png,Healthy,P0067,0,Healthy,0.0001,0.9997,0.0003,0.0000
Healthy/lyria__P0067__b1.png,Healthy,P0067,0,Healthy,0.0000,0.9999,0.0001,0.0000
Healthy/lyria__P0666__b0.png,Healthy,P0666,0,Healthy,0.0021,0.9975,0.0003,0.0000
Healthy/lyria__P0666__b1.png,Healthy,P0666,0,Healthy,0.0001,0.9998,0.0000,0.0000
Healthy/lyria__P0666__b2.png,Healthy,P0666,0,Healthy,0.0017,0.9982,0.0001,0.0000
Healthy/lyria__P0666__b3.png,Healthy,P0666,0,Healthy,0.0013,0.9918,0.0068,0.0001
Healthy/lyria__P0666__b4.png,Healthy,P0666,0,Healthy,0.0003,0.9977,0.0020,0.0000
Healthy/lyria__P0666__b6.png,Healthy,P0666,0,Healthy,0.0048,0.9951,0.0002,0.0000
Healthy/lyria__P0666__b7.png,Healthy,P0666,0,Healthy,0.0122,0.5899,0.3899,0.0080
Healthy/lyria__P0666__b8.png,Healthy,P0666,0,Healthy,0.0418,0.7113,0.2465,0.0005
Healthy/lyria__P0666__b9.png,Healthy,P0666,0,Healthy,0.0001,0.9983,0.0015,0.0000
Healthy/lyria__P0666__b10.png,Healthy,P0666,0,Healthy,0.0022,0.9973,0.0005,0.0000
Healthy/lyria__P0666__b11.png,Healthy,P0666,0,Healthy,0.0001,0.9999,0.0000,0.0000
Healthy/lyria__P0666__b12.png,Healthy,P0666,0,Healthy,0.0002,0.9997,0.0001,0.0001
Healthy/lyria__P0666__b13.png,Healthy,P0666,0,Healthy,0.0004,0.9922,0.0074,0.0000
Healthy/lyria__P0666__b14.png,Healthy,P0666,0,Healthy,0.0024,0.9797,0.0178,0.0000
Healthy/lyria__P0666__b15.png,Healthy,P0666,0,Healthy,0.0000,0.9992,0.0008,0.0000
Healthy/lyria__P0666__b16.png,Healthy,P0666,0,Healthy,0.0025,0.9971,0.0004,0.0000
Healthy/lyria__P0666__b17.png,Healthy,P0666,0,Healthy,0.0010,0.8746,0.1233,0.0011
Healthy/lyria__P0666__b18.png,Healthy,P0666,0,Healthy,0.0019,0.9102,0.0873,0.0005
Healthy/lyria__P0666__b19.png,Healthy,P0666,0,Healthy,0.0004,0.8292,0.1701,0.0003
Healthy/lyria__P0672__b0.png,Healthy,P0672,0,Healthy,0.0004,0.9995,0.0000,0.0000
Healthy/lyria__P0672__b1.png,Healthy,P0672,0,Healthy,0.0005,0.9911,0.0082,0.0002
Healthy/lyria__P0672__b2.png,Healthy,P0672,0,Healthy,0.0001,0.9999,0.0000,0.0000
Healthy/lyria__P0672__b3.png,Healthy,P0672,0,Healthy,0.0000,0.9994,0.0006,0.0000
Healthy/lyria__P0672__b4.png,Healthy,P0672,0,Healthy,0.0004,0.9961,0.0034,0.0001
Healthy/lyria__P0672__b5.png,Healthy,P0672,0,Healthy,0.0036,0.9957,0.0007,0.0000
Healthy/lyria__P0672__b6.png,Healthy,P0672,0,Healthy,0.0018,0.9980,0.0002,0.0000
Healthy/lyria__P0672__b7.png,Healthy,P0672,0,Healthy,0.0281,0.9621,0.0076,0.0022
Healthy/lyria__P0672__b8.png,Healthy,P0672,0,Healthy,0.0002,0.9996,0.0002,0.0000
Healthy/lyria__P0672__b9.png,Healthy,P0672,0,Healthy,0.0000,1.0000,0.0000,0.0000
Healthy/lyria__P0672__b10.png,Healthy,P0672,0,Healthy,0.0000,1.0000,0.0000,0.0000
Healthy/lyria__P0672__b11.png,Healthy,P0672,0,Healthy,0.0000,0.9903,0.0096,0.0000
Healthy/lyria__P0672__b13.png,Healthy,P0672,0,Healthy,0.0000,0.9987,0.0013,0.0000
Healthy/lyria__P0672__b14.png,Healthy,P0672,0,Healthy,0.0003,0.9937,0.0060,0.0000
Healthy/lyria__P0672__b15.png,Healthy,P0672,0,Impacted,0.0513,0.2813,0.6637,0.0037
Healthy/lyria__P0672__b16.png,Healthy,P0672,0,Healthy,0.0001,0.9999,0.0001,0.0000
Healthy/lyria__P0672__b17.png,Healthy,P0672,0,Healthy,0.0001,0.9896,0.0103,0.0000
Healthy/lyria__P0672__b18.png,Healthy,P0672,0,Healthy,0.0001,0.9991,0.0006,0.0002
Healthy/lyria__P0068__b0.png,Healthy,P0068,0,Healthy,0.0000,0.9998,0.0002,0.0000
Healthy/lyria__P0068__b1.png,Healthy,P0068,0,Healthy,0.0357,0.9632,0.0011,0.0000
Healthy/lyria__P0068__b2.png,Healthy,P0068,0,Healthy,0.0001,0.9967,0.0032,0.0000
Healthy/lyria__P0068__b3.png,Healthy,P0068,0,Healthy,0.0000,1.0000,0.0000,0.0000
Healthy/lyria__P0068__b5.png,Healthy,P0068,0,Healthy,0.0129,0.9864,0.0007,0.0000
Healthy/lyria__P0068__b6.png,Healthy,P0068,0,Healthy,0.1553,0.8379,0.0045,0.0022
Healthy/lyria__P0673__b0.png,Healthy,P0673,0,Healthy,0.0001,0.9996,0.0003,0.0000
Healthy/lyria__P0673__b1.png,Healthy,P0673,0,Healthy,0.0008,0.9986,0.0005,0.0000
Healthy/lyria__P0673__b2.png,Healthy,P0673,0,Healthy,0.0001,0.9996,0.0003,0.0000
Healthy/lyria__P0673__b3.png,Healthy,P0673,0,Healthy,0.0021,0.9939,0.0037,0.0002
Healthy/lyria__P0673__b4.png,Healthy,P0673,0,Healthy,0.0218,0.9778,0.0004,0.0000
Healthy/lyria__P0673__b5.png,Healthy,P0673,0,Healthy,0.0001,0.9997,0.0002,0.0000
Healthy/lyria__P0673__b6.png,Healthy,P0673,0,Healthy,0.0077,0.9920,0.0004,0.0000
Healthy/lyria__P0673__b7.png,Healthy,P0673,0,Healthy,0.0003,0.9942,0.0055,0.0000
Healthy/lyria__P0673__b8.png,Healthy,P0673,0,Healthy,0.0039,0.9960,0.0002,0.0000
Healthy/lyria__P0673__b9.png,Healthy,P0673,0,Healthy,0.0014,0.9982,0.0004,0.0001
Healthy/lyria__P0673__b10.png,Healthy,P0673,0,Healthy,0.0001,0.9999,0.0000,0.0000
Healthy/lyria__P0673__b11.png,Healthy,P0673,0,Healthy,0.0000,0.9999,0.0000,0.0000
Healthy/lyria__P0673__b13.png,Healthy,P0673,0,Healthy,0.0000,0.9994,0.0006,0.0000
Healthy/lyria__P0673__b14.png,Healthy,P0673,0,Healthy,0.0000,0.9999,0.0001,0.0000
Healthy/lyria__P0673__b15.png,Healthy,P0673,0,Healthy,0.0000,0.9962,0.0038,0.0000
Healthy/lyria__P0673__b16.png,Healthy,P0673,0,Healthy,0.0053,0.9667,0.0279,0.0001
Healthy/lyria__P0673__b17.png,Healthy,P0673,0,Healthy,0.0000,0.9988,0.0011,0.0000
Healthy/lyria__P0673__b19.png,Healthy,P0673,0,Healthy,0.0001,0.9997,0.0002,0.0000
Healthy/lyria__P0673__b20.png,Healthy,P0673,0,Healthy,0.0047,0.7562,0.2388,0.0003
Healthy/lyria__P0674__b0.png,Healthy,P0674,0,Healthy,0.0013,0.9933,0.0054,0.0000
Healthy/lyria__P0674__b2.png,Healthy,P0674,0,Healthy,0.0003,0.9981,0.0012,0.0004
Healthy/lyria__P0674__b3.png,Healthy,P0674,0,Healthy,0.0028,0.9833,0.0138,0.0001
Healthy/lyria__P0674__b4.png,Healthy,P0674,0,Healthy,0.0000,0.9752,0.0248,0.0000
Healthy/lyria__P0674__b6.png,Healthy,P0674,0,Impacted,0.0001,0.2859,0.7135,0.0005
Healthy/lyria__P0676__b0.png,Healthy,P0676,0,Healthy,0.0405,0.9591,0.0004,0.0000
Healthy/lyria__P0676__b1.png,Healthy,P0676,0,Healthy,0.0008,0.9869,0.0121,0.0001
Healthy/lyria__P0676__b2.png,Healthy,P0676,0,Healthy,0.0036,0.9904,0.0060,0.0000
Healthy/lyria__P0676__b3.png,Healthy,P0676,0,Healthy,0.0001,0.9996,0.0003,0.0000
Healthy/lyria__P0676__b4.png,Healthy,P0676,0,Healthy,0.0212,0.9783,0.0002,0.0003
Healthy/lyria__P0676__b5.png,Healthy,P0676,0,Healthy,0.0131,0.9868,0.0001,0.0000
Healthy/lyria__P0676__b6.png,Healthy,P0676,0,Healthy,0.0374,0.6248,0.3367,0.0011
Healthy/lyria__P0676__b7.png,Healthy,P0676,0,Impacted,0.0000,0.0495,0.9504,0.0000
Healthy/lyria__P0676__b8.png,Healthy,P0676,0,Healthy,0.2581,0.7416,0.0003,0.0000
Healthy/lyria__P0676__b9.png,Healthy,P0676,0,Healthy,0.0167,0.9817,0.0017,0.0000
Healthy/lyria__P0676__b11.png,Healthy,P0676,0,Healthy,0.0001,0.9993,0.0005,0.0001
Healthy/lyria__P0676__b12.png,Healthy,P0676,0,Healthy,0.0054,0.8065,0.1834,0.0047
Healthy/lyria__P0676__b13.png,Healthy,P0676,0,Healthy,0.0001,0.9998,0.0001,0.0000
Healthy/lyria__P0676__b14.png,Healthy,P0676,0,Healthy,0.0003,0.9996,0.0001,0.0000
Healthy/lyria__P0676__b15.png,Healthy,P0676,0,Healthy,0.0018,0.9982,0.0000,0.0000
Healthy/lyria__P0676__b16.png,Healthy,P0676,0,Healthy,0.0000,0.9997,0.0003,0.0000
Healthy/lyria__P0676__b17.png,Healthy,P0676,0,Healthy,0.0001,0.9998,0.0001,0.0000
Healthy/lyria__P0676__b18.png,Healthy,P0676,0,Healthy,0.0000,1.0000,0.0000,0.0000
Healthy/lyria__P0676__b19.png,Healthy,P0676,0,Healthy,0.0001,0.9999,0.0001,0.0000
Healthy/lyria__P0676__b20.png,Healthy,P0676,0,Healthy,0.0002,0.9997,0.0001,0.0000
Healthy/lyria__P0676__b22.png,Healthy,P0676,0,Healthy,0.0005,0.9993,0.0001,0.0000
Healthy/lyria__P0676__b23.png,Healthy,P0676,0,Healthy,0.0000,1.0000,0.0000,0.0000
Healthy/lyria__P0677__b0.png,Healthy,P0677,0,Healthy,0.0003,0.9993,0.0001,0.0002
Healthy/lyria__P0677__b1.png,Healthy,P0677,0,Healthy,0.4068,0.5931,0.0000,0.0001
Healthy/lyria__P0677__b2.png,Healthy,P0677,0,Healthy,0.0006,0.9989,0.0003,0.0001
Healthy/lyria__P0677__b3.png,Healthy,P0677,0,Healthy,0.0002,0.9998,0.0000,0.0000
Healthy/lyria__P0677__b6.png,Healthy,P0677,0,Healthy,0.1526,0.8406,0.0067,0.0001
Healthy/lyria__P0679__b0.png,Healthy,P0679,0,Healthy,0.0971,0.9018,0.0011,0.0000
Healthy/lyria__P0679__b1.png,Healthy,P0679,0,Healthy,0.0038,0.9955,0.0007,0.0000
Healthy/lyria__P0679__b2.png,Healthy,P0679,0,Healthy,0.0020,0.9954,0.0026,0.0000
Healthy/lyria__P0679__b3.png,Healthy,P0679,0,Healthy,0.0054,0.9918,0.0027,0.0001
Healthy/lyria__P0679__b4.png,Healthy,P0679,0,Healthy,0.0080,0.9818,0.0062,0.0040
Healthy/lyria__P0679__b5.png,Healthy,P0679,0,Healthy,0.0004,0.9814,0.0181,0.0000
Healthy/lyria__P0679__b6.png,Healthy,P0679,0,Healthy,0.0003,0.9631,0.0366,0.0000
Healthy/lyria__P0679__b8.png,Healthy,P0679,0,Healthy,0.0004,0.9988,0.0009,0.0000
Healthy/lyria__P0679__b9.png,Healthy,P0679,0,Healthy,0.0000,0.9965,0.0035,0.0000
Healthy/lyria__P0679__b10.png,Healthy,P0679,0,Healthy,0.0331,0.9118,0.0547,0.0004
Healthy/lyria__P0679__b11.png,Healthy,P0679,0,Healthy,0.0009,0.9944,0.0047,0.0000
Healthy/lyria__P0679__b12.png,Healthy,P0679,0,Healthy,0.2145,0.7809,0.0009,0.0038
Healthy/lyria__P0679__b13.png,Healthy,P0679,0,Healthy,0.0029,0.9164,0.0805,0.0002
Healthy/lyria__P0679__b14.png,Healthy,P0679,0,Impacted,0.0127,0.4643,0.5227,0.0002
Healthy/lyria__P0679__b15.png,Healthy,P0679,0,Healthy,0.0001,0.9987,0.0012,0.0000
Healthy/lyria__P0679__b16.png,Healthy,P0679,0,Healthy,0.0058,0.9936,0.0006,0.0000
Healthy/lyria__P0679__b17.png,Healthy,P0679,0,Healthy,0.1801,0.8167,0.0030,0.0002
Healthy/lyria__P0679__b18.png,Healthy,P0679,0,Healthy,0.0001,0.9992,0.0007,0.0000
Healthy/lyria__P0679__b19.png,Healthy,P0679,0,Healthy,0.0014,0.9775,0.0211,0.0001
Healthy/lyria__P0679__b20.png,Healthy,P0679,0,Healthy,0.0020,0.6329,0.3647,0.0004
Healthy/lyria__P0679__b21.png,Healthy,P0679,0,Healthy,0.0002,0.9931,0.0067,0.0000
Healthy/lyria__P0679__b22.png,Healthy,P0679,0,Healthy,0.2372,0.3823,0.3792,0.0014
Healthy/lyria__P0680__b0.png,Healthy,P0680,0,Healthy,0.3601,0.4138,0.2209,0.0052
Healthy/lyria__P0680__b1.png,Healthy,P0680,0,Healthy,0.0670,0.9089,0.0237,0.0004
Healthy/lyria__P0680__b2.png,Healthy,P0680,0,Healthy,0.0000,1.0000,0.0000,0.0000
Healthy/lyria__P0680__b4.png,Healthy,P0680,0,Healthy,0.0001,0.9995,0.0004,0.0000
Healthy/lyria__P0680__b5.png,Healthy,P0680,0,Healthy,0.0001,0.9999,0.0000,0.0000
Healthy/lyria__P0680__b6.png,Healthy,P0680,0,Healthy,0.0001,0.9999,0.0001,0.0000
Healthy/lyria__P0680__b8.png,Healthy,P0680,0,Healthy,0.0012,0.9926,0.0061,0.0001
Healthy/lyria__P0680__b9.png,Healthy,P0680,0,Healthy,0.0031,0.9954,0.0015,0.0000
Healthy/lyria__P0682__b0.png,Healthy,P0682,0,Healthy,0.0026,0.9973,0.0001,0.0000
Healthy/lyria__P0682__b1.png,Healthy,P0682,0,Healthy,0.0013,0.9982,0.0005,0.0000
Healthy/lyria__P0682__b2.png,Healthy,P0682,0,Healthy,0.0048,0.9943,0.0009,0.0000
Healthy/lyria__P0682__b3.png,Healthy,P0682,0,Healthy,0.0056,0.9941,0.0001,0.0002
Healthy/lyria__P0682__b4.png,Healthy,P0682,0,Healthy,0.0078,0.9907,0.0015,0.0000
Healthy/lyria__P0682__b5.png,Healthy,P0682,0,Healthy,0.0000,1.0000,0.0000,0.0000
Healthy/lyria__P0682__b6.png,Healthy,P0682,0,Healthy,0.0000,0.9996,0.0001,0.0002
Healthy/lyria__P0682__b7.png,Healthy,P0682,0,Healthy,0.0000,1.0000,0.0000,0.0000
Healthy/lyria__P0682__b8.png,Healthy,P0682,0,Healthy,0.0002,0.9982,0.0016,0.0000
Healthy/lyria__P0682__b9.png,Healthy,P0682,0,Healthy,0.0001,0.9998,0.0001,0.0000
Healthy/lyria__P0682__b12.png,Healthy,P0682,0,Healthy,0.0006,0.9990,0.0004,0.0000
Healthy/lyria__P0682__b13.png,Healthy,P0682,0,Healthy,0.0004,0.7860,0.2136,0.0001
Healthy/lyria__P0683__b0.png,Healthy,P0683,0,Healthy,0.0014,0.9986,0.0000,0.0000
Healthy/lyria__P0683__b1.png,Healthy,P0683,0,Healthy,0.0011,0.9985,0.0004,0.0000
Healthy/lyria__P0683__b2.png,Healthy,P0683,0,Healthy,0.0000,0.9999,0.0000,0.0000
Healthy/lyria__P0683__b3.png,Healthy,P0683,0,Healthy,0.0002,0.9992,0.0006,0.0000
Healthy/lyria__P0683__b4.png,Healthy,P0683,0,Healthy,0.0007,0.9992,0.0000,0.0000
Healthy/lyria__P0683__b5.png,Healthy,P0683,0,Healthy,0.0685,0.8564,0.0724,0.0026
Healthy/lyria__P0683__b6.png,Healthy,P0683,0,Healthy,0.0001,0.9997,0.0002,0.0000
Healthy/lyria__P0683__b8.png,Healthy,P0683,0,Healthy,0.0001,0.9998,0.0000,0.0000
Healthy/lyria__P0683__b9.png,Healthy,P0683,0,Healthy,0.0000,0.9999,0.0001,0.0000
Healthy/lyria__P0683__b10.png,Healthy,P0683,0,Healthy,0.0001,0.9999,0.0000,0.0000
Healthy/lyria__P0683__b11.png,Healthy,P0683,0,Healthy,0.0007,0.9978,0.0016,0.0000
Healthy/lyria__P0683__b12.png,Healthy,P0683,0,Healthy,0.0387,0.7881,0.1567,0.0166
Healthy/lyria__P0684__b0.png,Healthy,P0684,0,Healthy,0.0002,0.9995,0.0001,0.0002
Healthy/lyria__P0684__b1.png,Healthy,P0684,0,Healthy,0.0011,0.9987,0.0002,0.0000
Healthy/lyria__P0684__b2.png,Healthy,P0684,0,Healthy,0.0008,0.9992,0.0000,0.0000
Healthy/lyria__P0684__b3.png,Healthy,P0684,0,Healthy,0.0072,0.9922,0.0003,0.0003
Healthy/lyria__P0684__b4.png,Healthy,P0684,0,Healthy,0.0005,0.9995,0.0000,0.0000
Healthy/lyria__P0684__b5.png,Healthy,P0684,0,Healthy,0.0036,0.9964,0.0000,0.0000
Healthy/lyria__P0684__b6.png,Healthy,P0684,0,Healthy,0.0028,0.9958,0.0012,0.0001
Healthy/lyria__P0684__b7.png,Healthy,P0684,0,Healthy,0.0145,0.9433,0.0421,0.0002
Healthy/lyria__P0684__b8.png,Healthy,P0684,0,Healthy,0.0036,0.9960,0.0002,0.0002
Healthy/lyria__P0684__b10.png,Healthy,P0684,0,Healthy,0.0000,0.9999,0.0001,0.0000
Healthy/lyria__P0684__b11.png,Healthy,P0684,0,Healthy,0.0000,1.0000,0.0000,0.0000
Healthy/lyria__P0684__b13.png,Healthy,P0684,0,Healthy,0.0000,1.0000,0.0000,0.0000
Healthy/lyria__P0684__b14.png,Healthy,P0684,0,Healthy,0.0005,0.9981,0.0014,0.0000
Healthy/lyria__P0684__b15.png,Healthy,P0684,0,Healthy,0.0000,0.9995,0.0005,0.0000
Healthy/lyria__P0684__b16.png,Healthy,P0684,0,Healthy,0.0064,0.9907,0.0028,0.0001
Healthy/lyria__P0684__b17.png,Healthy,P0684,0,Impacted,0.0669,0.0242,0.9078,0.0011
Healthy/lyria__P0685__b0.png,Healthy,P0685,0,Healthy,0.0008,0.9968,0.0023,0.0001
Healthy/lyria__P0685__b1.png,Healthy,P0685,0,Healthy,0.0183,0.9809,0.0008,0.0000
Healthy/lyria__P0685__b2.png,Healthy,P0685,0,Healthy,0.0030,0.9956,0.0014,0.0000
Healthy/lyria__P0685__b4.png,Healthy,P0685,0,Healthy,0.0037,0.9658,0.0008,0.0298
Healthy/lyria__P0685__b6.png,Healthy,P0685,0,Healthy,0.0018,0.9981,0.0001,0.0000
Healthy/lyria__P0685__b7.png,Healthy,P0685,0,Healthy,0.0000,0.9999,0.0001,0.0000
Healthy/lyria__P0685__b8.png,Healthy,P0685,0,Healthy,0.0018,0.9978,0.0004,0.0000
Healthy/lyria__P0685__b9.png,Healthy,P0685,0,Healthy,0.0023,0.9966,0.0011,0.0000
Healthy/lyria__P0686__b0.png,Healthy,P0686,0,Healthy,0.1102,0.8894,0.0004,0.0001
Healthy/lyria__P0686__b1.png,Healthy,P0686,0,Healthy,0.0010,0.9986,0.0004,0.0000
Healthy/lyria__P0686__b2.png,Healthy,P0686,0,Healthy,0.0001,0.9998,0.0000,0.0000
Healthy/lyria__P0686__b3.png,Healthy,P0686,0,Healthy,0.0000,0.9999,0.0001,0.0000
Healthy/lyria__P0686__b4.png,Healthy,P0686,0,Healthy,0.0000,1.0000,0.0000,0.0000
Healthy/lyria__P0686__b5.png,Healthy,P0686,0,Healthy,0.0056,0.9943,0.0000,0.0000
Healthy/lyria__P0686__b8.png,Healthy,P0686,0,Healthy,0.0000,0.9994,0.0006,0.0000
Healthy/lyria__P0686__b9.png,Healthy,P0686,0,Healthy,0.0000,0.9999,0.0000,0.0000
Healthy/lyria__P0686__b10.png,Healthy,P0686,0,Healthy,0.0003,0.9997,0.0000,0.0000
Healthy/lyria__P0686__b11.png,Healthy,P0686,0,Healthy,0.0006,0.9994,0.0000,0.0000
Healthy/lyria__P0687__b0.png,Healthy,P0687,0,Healthy,0.0001,0.9998,0.0000,0.0001
Healthy/lyria__P0687__b1.png,Healthy,P0687,0,Healthy,0.0198,0.9703,0.0008,0.0091
Healthy/lyria__P0687__b2.png,Healthy,P0687,0,Healthy,0.0000,0.9997,0.0001,0.0002
Healthy/lyria__P0687__b3.png,Healthy,P0687,0,Healthy,0.0007,0.6741,0.3133,0.0119
Healthy/lyria__P0687__b5.png,Healthy,P0687,0,Healthy,0.2723,0.7218,0.0003,0.0056
Healthy/lyria__P0687__b6.png,Healthy,P0687,0,Healthy,0.0809,0.7308,0.0040,0.1844
Healthy/lyria__P0687__b7.png,Healthy,P0687,0,Healthy,0.0131,0.5642,0.0103,0.4124
Healthy/lyria__P0687__b8.png,Healthy,P0687,0,Healthy,0.0017,0.9981,0.0002,0.0001
Healthy/lyria__P0687__b9.png,Healthy,P0687,0,Healthy,0.0010,0.9990,0.0000,0.0000
Healthy/lyria__P0687__b10.png,Healthy,P0687,0,Healthy,0.0060,0.9938,0.0001,0.0001
Healthy/lyria__P0687__b11.png,Healthy,P0687,0,Healthy,0.0000,1.0000,0.0000,0.0000
Healthy/lyria__P0687__b13.png,Healthy,P0687,0,Healthy,0.0020,0.9919,0.0056,0.0005
Healthy/lyria__P0688__b0.png,Healthy,P0688,0,Healthy,0.0005,0.9995,0.0000,0.0000
Healthy/lyria__P0688__b1.png,Healthy,P0688,0,Healthy,0.0011,0.9970,0.0011,0.0008
Healthy/lyria__P0688__b3.png,Healthy,P0688,0,Healthy,0.0003,0.9995,0.0002,0.0000
Healthy/lyria__P0688__b4.png,Healthy,P0688,0,Healthy,0.0002,0.9933,0.0065,0.0000
Healthy/lyria__P0688__b5.png,Healthy,P0688,0,Healthy,0.0002,0.9996,0.0002,0.0000
Healthy/lyria__P0688__b6.png,Healthy,P0688,0,Healthy,0.0004,0.9994,0.0002,0.0000
Healthy/lyria__P0688__b7.png,Healthy,P0688,0,Healthy,0.0002,0.9980,0.0018,0.0000
Healthy/lyria__P0688__b8.png,Healthy,P0688,0,Healthy,0.0085,0.7525,0.2383,0.0007
Healthy/lyria__P0688__b10.png,Healthy,P0688,0,Healthy,0.0068,0.9848,0.0084,0.0000
Healthy/lyria__P0688__b11.png,Healthy,P0688,0,Healthy,0.0135,0.9250,0.0613,0.0002
Healthy/lyria__P0688__b12.png,Healthy,P0688,0,Impacted,0.0680,0.0352,0.8865,0.0103
Healthy/lyria__P0688__b13.png,Healthy,P0688,0,Healthy,0.0001,0.9999,0.0001,0.0000
Healthy/lyria__P0688__b14.png,Healthy,P0688,0,Healthy,0.0001,0.9997,0.0001,0.0002
Healthy/lyria__P0688__b15.png,Healthy,P0688,0,Healthy,0.0002,0.9998,0.0000,0.0000
Healthy/lyria__P0688__b16.png,Healthy,P0688,0,Healthy,0.0021,0.9773,0.0205,0.0000
Healthy/lyria__P0688__b17.png,Healthy,P0688,0,Healthy,0.0000,1.0000,0.0000,0.0000
Healthy/lyria__P0688__b18.png,Healthy,P0688,0,Healthy,0.0003,0.9890,0.0106,0.0001
Healthy/lyria__P0688__b19.png,Healthy,P0688,0,Healthy,0.0002,0.9420,0.0576,0.0002
Healthy/lyria__P0688__b20.png,Healthy,P0688,0,Healthy,0.0002,0.9996,0.0002,0.0000
Healthy/lyria__P0688__b21.png,Healthy,P0688,0,Healthy,0.0001,0.9997,0.0000,0.0001
Healthy/lyria__P0688__b22.png,Healthy,P0688,0,Healthy,0.0005,0.9945,0.0050,0.0000
Healthy/lyria__P0688__b23.png,Healthy,P0688,0,Healthy,0.0011,0.9638,0.0350,0.0000
Healthy/lyria__P0688__b24.png,Healthy,P0688,0,Impacted,0.0001,0.0407,0.9592,0.0000
Healthy/lyria__P0688__b25.png,Healthy,P0688,0,Impacted,0.0003,0.1157,0.8838,0.0002
Healthy/lyria__P0689__b0.png,Healthy,P0689,0,Healthy,0.0107,0.6714,0.3154,0.0024
Healthy/lyria__P0689__b1.png,Healthy,P0689,0,Healthy,0.0001,0.9999,0.0000,0.0000
Healthy/lyria__P0689__b2.png,Healthy,P0689,0,Healthy,0.0002,0.9997,0.0001,0.0000
Healthy/lyria__P0689__b3.png,Healthy,P0689,0,Healthy,0.0045,0.9923,0.0014,0.0018
Healthy/lyria__P0689__b4.png,Healthy,P0689,0,Healthy,0.0021,0.9978,0.0001,0.0000
Healthy/lyria__P0689__b5.png,Healthy,P0689,0,Healthy,0.0468,0.9346,0.0179,0.0008
Healthy/lyria__P0690__b1.png,Healthy,P0690,0,Healthy,0.0000,0.9995,0.0005,0.0000
Healthy/lyria__P0690__b3.png,Healthy,P0690,0,Healthy,0.0002,0.9980,0.0018,0.0000
Healthy/lyria__P0691__b1.png,Healthy,P0691,0,Healthy,0.0005,0.9995,0.0000,0.0000
Healthy/lyria__P0691__b2.png,Healthy,P0691,0,Healthy,0.0000,0.9995,0.0005,0.0000
Healthy/lyria__P0691__b4.png,Healthy,P0691,0,Healthy,0.0000,0.9998,0.0001,0.0000
Healthy/lyria__P0691__b5.png,Healthy,P0691,0,Healthy,0.0000,0.9999,0.0001,0.0000
Healthy/lyria__P0691__b6.png,Healthy,P0691,0,Healthy,0.0000,0.9999,0.0001,0.0000
Healthy/lyria__P0691__b7.png,Healthy,P0691,0,Healthy,0.0001,0.9999,0.0000,0.0000
Healthy/lyria__P0691__b8.png,Healthy,P0691,0,Healthy,0.0009,0.9986,0.0005,0.0000
Healthy/lyria__P0691__b9.png,Healthy,P0691,0,Healthy,0.0004,0.9994,0.0001,0.0000
Healthy/lyria__P0694__b0.png,Healthy,P0694,0,Healthy,0.0000,0.9994,0.0006,0.0000
Healthy/lyria__P0694__b1.png,Healthy,P0694,0,Healthy,0.0002,0.9985,0.0013,0.0000
Healthy/lyria__P0694__b2.png,Healthy,P0694,0,Healthy,0.0000,0.9997,0.0003,0.0000
Healthy/lyria__P0694__b4.png,Healthy,P0694,0,Healthy,0.0004,0.5551,0.4444,0.0000
Healthy/lyria__P0694__b5.png,Healthy,P0694,0,Healthy,0.0858,0.7599,0.1540,0.0003
Healthy/lyria__P0694__b6.png,Healthy,P0694,0,Healthy,0.0008,0.9819,0.0172,0.0001
Healthy/lyria__P0694__b7.png,Healthy,P0694,0,Healthy,0.0020,0.9970,0.0010,0.0000
Healthy/lyria__P0694__b8.png,Healthy,P0694,0,Healthy,0.0001,0.9998,0.0001,0.0000
Healthy/lyria__P0694__b10.png,Healthy,P0694,0,Healthy,0.0008,0.9990,0.0002,0.0000
Healthy/lyria__P0694__b11.png,Healthy,P0694,0,Healthy,0.0050,0.9948,0.0002,0.0000
Healthy/lyria__P0694__b12.png,Healthy,P0694,0,Healthy,0.0001,0.9999,0.0000,0.0000
Healthy/lyria__P0694__b13.png,Healthy,P0694,0,Healthy,0.0000,1.0000,0.0000,0.0000
Healthy/lyria__P0694__b14.png,Healthy,P0694,0,Healthy,0.0000,0.9994,0.0006,0.0000
Healthy/lyria__P0694__b15.png,Healthy,P0694,0,Healthy,0.0003,0.9989,0.0008,0.0000
Healthy/lyria__P0694__b16.png,Healthy,P0694,0,Healthy,0.0000,0.9998,0.0002,0.0000
Healthy/lyria__P0694__b17.png,Healthy,P0694,0,Healthy,0.0004,0.9992,0.0005,0.0000
Healthy/lyria__P0694__b18.png,Healthy,P0694,0,Healthy,0.0004,0.9142,0.0854,0.0001
Healthy/lyria__P0694__b19.png,Healthy,P0694,0,Healthy,0.0005,0.9731,0.0264,0.0000
Healthy/lyria__P0694__b20.png,Healthy,P0694,0,Healthy,0.0002,0.9701,0.0297,0.0000
Healthy/lyria__P0695__b0.png,Healthy,P0695,0,Healthy,0.0001,0.9999,0.0000,0.0000
Healthy/lyria__P0695__b1.png,Healthy,P0695,0,Healthy,0.0000,0.9998,0.0002,0.0000
Healthy/lyria__P0695__b2.png,Healthy,P0695,0,Healthy,0.0001,0.9990,0.0009,0.0000
Healthy/lyria__P0696__b0.png,Healthy,P0696,0,Healthy,0.0006,0.9987,0.0001,0.0006
Healthy/lyria__P0696__b1.png,Healthy,P0696,0,Healthy,0.0004,0.9996,0.0000,0.0000
Healthy/lyria__P0696__b2.png,Healthy,P0696,0,Healthy,0.0050,0.9950,0.0000,0.0000
Healthy/lyria__P0696__b3.png,Healthy,P0696,0,Healthy,0.0000,0.9999,0.0001,0.0000
Healthy/lyria__P0696__b4.png,Healthy,P0696,0,Healthy,0.0000,1.0000,0.0000,0.0000
Healthy/lyria__P0696__b5.png,Healthy,P0696,0,Healthy,0.0000,1.0000,0.0000,0.0000
Healthy/lyria__P0696__b6.png,Healthy,P0696,0,Healthy,0.0000,1.0000,0.0000,0.0000
Healthy/lyria__P0696__b7.png,Healthy,P0696,0,Healthy,0.0000,1.0000,0.0000,0.0000
Healthy/lyria__P0696__b8.png,Healthy,P0696,0,Healthy,0.0000,1.0000,0.0000,0.0000
Healthy/lyria__P0696__b10.png,Healthy,P0696,0,Healthy,0.0000,0.9999,0.0001,0.0000
Healthy/lyria__P0697__b0.png,Healthy,P0697,0,Healthy,0.0000,0.9982,0.0017,0.0000
Healthy/lyria__P0697__b1.png,Healthy,P0697,0,Healthy,0.0001,0.9976,0.0023,0.0000
Healthy/lyria__P0697__b2.png,Healthy,P0697,0,Healthy,0.0000,0.9999,0.0000,0.0000
Healthy/lyria__P0697__b4.png,Healthy,P0697,0,Healthy,0.0005,0.9992,0.0004,0.0000
Healthy/lyria__P0698__b0.png,Healthy,P0698,0,Healthy,0.0001,0.9996,0.0003,0.0000
Healthy/lyria__P0698__b2.png,Healthy,P0698,0,Healthy,0.0000,0.9999,0.0000,0.0000
Healthy/lyria__P0698__b3.png,Healthy,P0698,0,Healthy,0.0000,1.0000,0.0000,0.0000
Healthy/lyria__P0698__b4.png,Healthy,P0698,0,Healthy,0.0000,1.0000,0.0000,0.0000
Healthy/lyria__P0698__b5.png,Healthy,P0698,0,Healthy,0.0000,0.9999,0.0001,0.0000
Healthy/lyria__P0698__b6.png,Healthy,P0698,0,Healthy,0.1316,0.8456,0.0060,0.0168
Healthy/lyria__P0698__b7.png,Healthy,P0698,0,Healthy,0.0000,0.9997,0.0003,0.0000
Healthy/lyria__P0699__b0.png,Healthy,P0699,0,Healthy,0.0000,0.9999,0.0000,0.0000
Healthy/lyria__P0699__b1.png,Healthy,P0699,0,Healthy,0.0001,0.9999,0.0000,0.0000
Healthy/lyria__P0702__b0.png,Healthy,P0702,0,Healthy,0.0005,0.9686,0.0310,0.0000
Healthy/lyria__P0702__b1.png,Healthy,P0702,0,Healthy,0.0362,0.9629,0.0009,0.0001
Healthy/lyria__P0702__b2.png,Healthy,P0702,0,Healthy,0.0514,0.9486,0.0000,0.0000
Healthy/lyria__P0702__b4.png,Healthy,P0702,0,Healthy,0.0000,1.0000,0.0000,0.0000
Healthy/lyria__P0702__b5.png,Healthy,P0702,0,Healthy,0.0019,0.9980,0.0000,0.0000
Healthy/lyria__P0702__b6.png,Healthy,P0702,0,Healthy,0.0001,0.9999,0.0000,0.0000
Healthy/lyria__P0702__b7.png,Healthy,P0702,0,Healthy,0.0003,0.9995,0.0001,0.0001
Healthy/lyria__P0702__b8.png,Healthy,P0702,0,Healthy,0.0001,0.9999,0.0000,0.0000
Healthy/lyria__P0702__b10.png,Healthy,P0702,0,Healthy,0.2195,0.7710,0.0092,0.0003
Healthy/lyria__P0702__b11.png,Healthy,P0702,0,Impacted,0.0000,0.2147,0.7852,0.0001
Healthy/lyria__P0702__b12.png,Healthy,P0702,0,Healthy,0.0001,0.9990,0.0009,0.0000
Healthy/lyria__P0704__b0.png,Healthy,P0704,0,Healthy,0.0021,0.9979,0.0000,0.0000
Healthy/lyria__P0704__b1.png,Healthy,P0704,0,Healthy,0.0001,0.9997,0.0002,0.0000
Healthy/lyria__P0704__b2.png,Healthy,P0704,0,Healthy,0.0001,0.9996,0.0003,0.0000
Healthy/lyria__P0704__b3.png,Healthy,P0704,0,Healthy,0.0001,0.9998,0.0001,0.0000
Healthy/lyria__P0704__b4.png,Healthy,P0704,0,Healthy,0.0003,0.9995,0.0002,0.0000
Healthy/lyria__P0704__b5.png,Healthy,P0704,0,Healthy,0.0010,0.9990,0.0001,0.0000
Healthy/lyria__P0704__b6.png,Healthy,P0704,0,Healthy,0.0001,0.9998,0.0001,0.0000
Healthy/lyria__P0704__b7.png,Healthy,P0704,0,Healthy,0.1027,0.5956,0.3013,0.0003
Healthy/lyria__P0704__b8.png,Healthy,P0704,0,Healthy,0.0002,0.8680,0.1317,0.0000
Healthy/lyria__P0704__b10.png,Healthy,P0704,0,Healthy,0.0017,0.9374,0.0607,0.0002
Healthy/lyria__P0704__b11.png,Healthy,P0704,0,Healthy,0.0004,0.9990,0.0006,0.0000
Healthy/lyria__P0704__b12.png,Healthy,P0704,0,Healthy,0.0002,0.9988,0.0010,0.0000
Healthy/lyria__P0704__b14.png,Healthy,P0704,0,Healthy,0.0004,0.8520,0.1476,0.0000
Healthy/lyria__P0704__b15.png,Healthy,P0704,0,Healthy,0.0002,0.9997,0.0000,0.0000
Healthy/lyria__P0704__b16.png,Healthy,P0704,0,Healthy,0.0000,1.0000,0.0000,0.0000
Healthy/lyria__P0704__b17.png,Healthy,P0704,0,Healthy,0.0002,0.9996,0.0001,0.0001
Healthy/lyria__P0704__b18.png,Healthy,P0704,0,Healthy,0.0000,1.0000,0.0000,0.0000
Healthy/lyria__P0704__b19.png,Healthy,P0704,0,Healthy,0.0000,0.9998,0.0001,0.0000
Healthy/lyria__P0704__b20.png,Healthy,P0704,0,Healthy,0.0004,0.9977,0.0020,0.0000
Healthy/lyria__P0704__b21.png,Healthy,P0704,0,Healthy,0.0000,0.9998,0.0001,0.0000
Healthy/lyria__P0705__b0.png,Healthy,P0705,0,Healthy,0.0000,1.0000,0.0000,0.0000
Healthy/lyria__P0705__b1.png,Healthy,P0705,0,Healthy,0.0000,1.0000,0.0000,0.0000
Healthy/lyria__P0705__b2.png,Healthy,P0705,0,Healthy,0.0000,1.0000,0.0000,0.0000
Healthy/lyria__P0705__b3.png,Healthy,P0705,0,Healthy,0.0000,1.0000,0.0000,0.0000
Healthy/lyria__P0705__b5.png,Healthy,P0705,0,Healthy,0.0007,0.9993,0.0000,0.0000
Healthy/lyria__P0705__b7.png,Healthy,P0705,0,Healthy,0.0000,0.9997,0.0002,0.0000
Healthy/lyria__P0705__b8.png,Healthy,P0705,0,Healthy,0.0020,0.9976,0.0004,0.0000
Healthy/lyria__P0708__b1.png,Healthy,P0708,0,Healthy,0.0001,0.9998,0.0000,0.0000
Healthy/lyria__P0708__b2.png,Healthy,P0708,0,Healthy,0.0004,0.9996,0.0000,0.0000
Healthy/lyria__P0708__b3.png,Healthy,P0708,0,Healthy,0.0002,0.9998,0.0000,0.0000
Healthy/lyria__P0708__b4.png,Healthy,P0708,0,Healthy,0.0003,0.9993,0.0004,0.0000
Healthy/lyria__P0708__b5.png,Healthy,P0708,0,Healthy,0.0007,0.9992,0.0001,0.0000
Healthy/lyria__P0708__b6.png,Healthy,P0708,0,Healthy,0.0000,0.9999,0.0000,0.0000
Healthy/lyria__P0708__b7.png,Healthy,P0708,0,Healthy,0.0000,0.9990,0.0010,0.0000
Healthy/lyria__P0708__b8.png,Healthy,P0708,0,Healthy,0.0000,0.9995,0.0004,0.0000
Healthy/lyria__P0708__b9.png,Healthy,P0708,0,Healthy,0.0014,0.9968,0.0014,0.0004
Healthy/lyria__P0708__b10.png,Healthy,P0708,0,Healthy,0.0000,0.9963,0.0036,0.0000
Healthy/lyria__P0708__b12.png,Healthy,P0708,0,Healthy,0.0002,0.9564,0.0433,0.0000
Healthy/lyria__P0708__b13.png,Healthy,P0708,0,Healthy,0.0189,0.5675,0.2121,0.2015
Healthy/lyria__P0708__b14.png,Healthy,P0708,0,Impacted,0.2305,0.3319,0.4365,0.0011
Healthy/lyria__P0709__b0.png,Healthy,P0709,0,Healthy,0.0049,0.9947,0.0002,0.0002
Healthy/lyria__P0709__b1.png,Healthy,P0709,0,Healthy,0.0003,0.9996,0.0001,0.0000
Healthy/lyria__P0709__b2.png,Healthy,P0709,0,Healthy,0.0001,0.9983,0.0016,0.0000
Healthy/lyria__P0709__b4.png,Healthy,P0709,0,Healthy,0.0049,0.9934,0.0017,0.0000
Healthy/lyria__P0709__b5.png,Healthy,P0709,0,Healthy,0.0000,0.9992,0.0007,0.0000
Healthy/lyria__P0709__b6.png,Healthy,P0709,0,Healthy,0.0001,0.9997,0.0002,0.0000
Healthy/lyria__P0709__b7.png,Healthy,P0709,0,Healthy,0.0001,0.9996,0.0003,0.0000
Healthy/lyria__P0709__b8.png,Healthy,P0709,0,Healthy,0.0003,0.9989,0.0008,0.0000
Healthy/lyria__P0709__b10.png,Healthy,P0709,0,Healthy,0.0000,0.9999,0.0000,0.0000
Healthy/lyria__P0709__b11.png,Healthy,P0709,0,Healthy,0.0007,0.7157,0.2837,0.0000
Healthy/lyria__P0711__b0.png,Healthy,P0711,0,Healthy,0.0003,0.9992,0.0005,0.0000
Healthy/lyria__P0711__b1.png,Healthy,P0711,0,Healthy,0.0014,0.9986,0.0000,0.0000
Healthy/lyria__P0711__b2.png,Healthy,P0711,0,Healthy,0.0253,0.9712,0.0034,0.0000
Healthy/lyria__P0711__b3.png,Healthy,P0711,0,Healthy,0.0001,0.9999,0.0000,0.0000
Healthy/lyria__P0711__b4.png,Healthy,P0711,0,Healthy,0.0000,0.9999,0.0001,0.0000
Healthy/lyria__P0711__b5.png,Healthy,P0711,0,Healthy,0.0000,0.9999,0.0001,0.0000
Healthy/lyria__P0711__b7.png,Healthy,P0711,0,Healthy,0.0001,0.9999,0.0001,0.0000
Healthy/lyria__P0074__b0.png,Healthy,P0074,0,Healthy,0.0002,0.9975,0.0023,0.0000
Healthy/lyria__P0074__b2.png,Healthy,P0074,0,Healthy,0.0000,0.9999,0.0000,0.0000
Healthy/lyria__P0712__b0.png,Healthy,P0712,0,Healthy,0.1701,0.8298,0.0001,0.0001
Healthy/lyria__P0713__b0.png,Healthy,P0713,0,Healthy,0.0001,0.9999,0.0001,0.0000
Healthy/lyria__P0713__b2.png,Healthy,P0713,0,Healthy,0.0005,0.9988,0.0002,0.0005
Healthy/lyria__P0714__b0.png,Healthy,P0714,0,Healthy,0.0361,0.8844,0.0010,0.0785
Healthy/lyria__P0714__b1.png,Healthy,P0714,0,Healthy,0.0061,0.9897,0.0018,0.0023
Healthy/lyria__P0714__b3.png,Healthy,P0714,0,Healthy,0.0000,0.9999,0.0001,0.0000
Healthy/lyria__P0714__b5.png,Healthy,P0714,0,Healthy,0.0004,0.9995,0.0001,0.0000
Healthy/lyria__P0075__b0.png,Healthy,P0075,0,Endodontics,0.7313,0.2603,0.0001,0.0083
Healthy/lyria__P0075__b1.png,Healthy,P0075,0,Healthy,0.0521,0.9476,0.0002,0.0001
Healthy/lyria__P0075__b2.png,Healthy,P0075,0,Healthy,0.0022,0.9975,0.0002,0.0001
Healthy/lyria__P0075__b5.png,Healthy,P0075,0,Healthy,0.3017,0.6817,0.0149,0.0017
Healthy/lyria__P0715__b0.png,Healthy,P0715,0,Healthy,0.0000,1.0000,0.0000,0.0000
Healthy/lyria__P0715__b1.png,Healthy,P0715,0,Healthy,0.0059,0.9941,0.0000,0.0000
Healthy/lyria__P0715__b2.png,Healthy,P0715,0,Healthy,0.0001,0.9999,0.0000,0.0000
Healthy/lyria__P0715__b3.png,Healthy,P0715,0,Healthy,0.0000,0.9999,0.0000,0.0000
Healthy/lyria__P0715__b4.png,Healthy,P0715,0,Healthy,0.0002,0.9995,0.0002,0.0001
Healthy/lyria__P0715__b5.png,Healthy,P0715,0,Healthy,0.0366,0.9630,0.0004,0.0000
Healthy/lyria__P0715__b6.png,Healthy,P0715,0,Healthy,0.0001,0.9999,0.0000,0.0000
Healthy/lyria__P0715__b7.png,Healthy,P0715,0,Healthy,0.0036,0.9963,0.0000,0.0001
Healthy/lyria__P0715__b8.png,Healthy,P0715,0,Healthy,0.0113,0.9794,0.0093,0.0000
Healthy/lyria__P0715__b9.png,Healthy,P0715,0,Healthy,0.0000,1.0000,0.0000,0.0000
Healthy/lyria__P0715__b10.png,Healthy,P0715,0,Healthy,0.0000,1.0000,0.0000,0.0000
Healthy/lyria__P0715__b11.png,Healthy,P0715,0,Healthy,0.0000,0.9999,0.0001,0.0000
Healthy/lyria__P0715__b13.png,Healthy,P0715,0,Healthy,0.0000,0.9999,0.0001,0.0000
Healthy/lyria__P0715__b14.png,Healthy,P0715,0,Healthy,0.0000,0.9998,0.0002,0.0000
Healthy/lyria__P0715__b15.png,Healthy,P0715,0,Healthy,0.0001,0.9984,0.0010,0.0005
Healthy/lyria__P0717__b0.png,Healthy,P0717,0,Healthy,0.0360,0.8510,0.1065,0.0065
Healthy/lyria__P0717__b1.png,Healthy,P0717,0,Healthy,0.0095,0.9905,0.0000,0.0000
Healthy/lyria__P0717__b3.png,Healthy,P0717,0,Healthy,0.0038,0.9940,0.0010,0.0012
Healthy/lyria__P0717__b4.png,Healthy,P0717,0,Healthy,0.0003,0.9780,0.0214,0.0003
Healthy/lyria__P0717__b5.png,Healthy,P0717,0,Healthy,0.3716,0.5769,0.0041,0.0475
Healthy/lyria__P0717__b6.png,Healthy,P0717,0,Healthy,0.0159,0.9824,0.0017,0.0000
Healthy/lyria__P0717__b7.png,Healthy,P0717,0,Healthy,0.0002,0.9998,0.0000,0.0000
Healthy/lyria__P0717__b8.png,Healthy,P0717,0,Healthy,0.0002,0.9997,0.0001,0.0000
Healthy/lyria__P0717__b9.png,Healthy,P0717,0,Healthy,0.0000,0.9890,0.0110,0.0000
Healthy/lyria__P0717__b10.png,Healthy,P0717,0,Healthy,0.0001,0.9879,0.0120,0.0000
Healthy/lyria__P0717__b11.png,Healthy,P0717,0,Healthy,0.0003,0.9937,0.0059,0.0001
Healthy/lyria__P0717__b12.png,Healthy,P0717,0,Healthy,0.0000,0.9995,0.0005,0.0000
Healthy/lyria__P0717__b13.png,Healthy,P0717,0,Healthy,0.0001,0.9983,0.0015,0.0001
Healthy/lyria__P0717__b14.png,Healthy,P0717,0,Healthy,0.0000,1.0000,0.0000,0.0000
Healthy/lyria__P0717__b15.png,Healthy,P0717,0,Healthy,0.0001,0.9935,0.0064,0.0000
Healthy/lyria__P0717__b17.png,Healthy,P0717,0,Impacted,0.0003,0.3800,0.6198,0.0000
Healthy/lyria__P0717__b18.png,Healthy,P0717,0,Healthy,0.0000,0.9994,0.0005,0.0000
Healthy/lyria__P0717__b19.png,Healthy,P0717,0,Healthy,0.0000,0.9999,0.0001,0.0000
Healthy/lyria__P0718__b0.png,Healthy,P0718,0,Healthy,0.3513,0.6484,0.0002,0.0000
Healthy/lyria__P0718__b1.png,Healthy,P0718,0,Healthy,0.0035,0.9903,0.0060,0.0002
Healthy/lyria__P0718__b2.png,Healthy,P0718,0,Healthy,0.0000,0.9993,0.0007,0.0000
Healthy/lyria__P0718__b4.png,Healthy,P0718,0,Healthy,0.0000,0.9999,0.0001,0.0000
Healthy/lyria__P0718__b5.png,Healthy,P0718,0,Healthy,0.0000,0.9998,0.0001,0.0000
Healthy/lyria__P0718__b6.png,Healthy,P0718,0,Healthy,0.0000,0.9994,0.0005,0.0000
Healthy/lyria__P0718__b7.png,Healthy,P0718,0,Healthy,0.0004,0.9896,0.0099,0.0000
Healthy/lyria__P0718__b8.png,Healthy,P0718,0,Healthy,0.0040,0.8164,0.1796,0.0000
Healthy/lyria__P0719__b0.png,Healthy,P0719,0,Healthy,0.0007,0.9978,0.0015,0.0000
Healthy/lyria__P0719__b1.png,Healthy,P0719,0,Healthy,0.0178,0.9778,0.0043,0.0000
Healthy/lyria__P0719__b2.png,Healthy,P0719,0,Healthy,0.0053,0.9942,0.0004,0.0000
Healthy/lyria__P0719__b3.png,Healthy,P0719,0,Healthy,0.0343,0.9656,0.0001,0.0001
Healthy/lyria__P0719__b4.png,Healthy,P0719,0,Healthy,0.0008,0.9992,0.0000,0.0000
Healthy/lyria__P0719__b5.png,Healthy,P0719,0,Healthy,0.0033,0.9780,0.0182,0.0006
Healthy/lyria__P0719__b6.png,Healthy,P0719,0,Healthy,0.0003,0.9997,0.0000,0.0000
Healthy/lyria__P0719__b7.png,Healthy,P0719,0,Healthy,0.0088,0.9902,0.0011,0.0000
Healthy/lyria__P0719__b8.png,Healthy,P0719,0,Healthy,0.0025,0.9972,0.0003,0.0000
Healthy/lyria__P0719__b10.png,Healthy,P0719,0,Healthy,0.0002,0.9998,0.0000,0.0000
Healthy/lyria__P0719__b11.png,Healthy,P0719,0,Healthy,0.0001,0.9999,0.0000,0.0000
Healthy/lyria__P0719__b12.png,Healthy,P0719,0,Healthy,0.0014,0.9912,0.0073,0.0001
Healthy/lyria__P0719__b13.png,Healthy,P0719,0,Healthy,0.0040,0.9929,0.0024,0.0008
Healthy/lyria__P0719__b14.png,Healthy,P0719,0,Healthy,0.0008,0.9492,0.0498,0.0003
Healthy/lyria__P0719__b15.png,Healthy,P0719,0,Healthy,0.0000,1.0000,0.0000,0.0000
Healthy/lyria__P0719__b16.png,Healthy,P0719,0,Healthy,0.0000,0.9997,0.0002,0.0000
Healthy/lyria__P0719__b17.png,Healthy,P0719,0,Healthy,0.0000,0.9999,0.0001,0.0000
Healthy/lyria__P0719__b18.png,Healthy,P0719,0,Healthy,0.0000,0.9998,0.0002,0.0000
Healthy/lyria__P0720__b0.png,Healthy,P0720,0,Healthy,0.0167,0.6741,0.3073,0.0018
Healthy/lyria__P0720__b1.png,Healthy,P0720,0,Healthy,0.0248,0.9747,0.0005,0.0000
Healthy/lyria__P0720__b2.png,Healthy,P0720,0,Healthy,0.0006,0.9993,0.0001,0.0000
Healthy/lyria__P0720__b3.png,Healthy,P0720,0,Healthy,0.0004,0.9977,0.0019,0.0000
Healthy/lyria__P0720__b4.png,Healthy,P0720,0,Healthy,0.0005,0.9990,0.0005,0.0000
Healthy/lyria__P0720__b5.png,Healthy,P0720,0,Healthy,0.0000,0.9999,0.0001,0.0000
Healthy/lyria__P0720__b6.png,Healthy,P0720,0,Healthy,0.0000,1.0000,0.0000,0.0000
Healthy/lyria__P0720__b7.png,Healthy,P0720,0,Healthy,0.0002,0.9998,0.0000,0.0000
Healthy/lyria__P0720__b8.png,Healthy,P0720,0,Healthy,0.0000,0.9999,0.0001,0.0000
Healthy/lyria__P0720__b10.png,Healthy,P0720,0,Healthy,0.0004,0.9995,0.0000,0.0000
Healthy/lyria__P0720__b11.png,Healthy,P0720,0,Healthy,0.0000,0.9982,0.0018,0.0000
Healthy/lyria__P0720__b12.png,Healthy,P0720,0,Healthy,0.0001,0.9997,0.0001,0.0000
Healthy/lyria__P0721__b0.png,Healthy,P0721,0,Healthy,0.0012,0.9985,0.0002,0.0000
Healthy/lyria__P0721__b1.png,Healthy,P0721,0,Healthy,0.0016,0.9984,0.0000,0.0000
Healthy/lyria__P0721__b3.png,Healthy,P0721,0,Healthy,0.0001,0.9999,0.0000,0.0000
Healthy/lyria__P0721__b4.png,Healthy,P0721,0,Healthy,0.0005,0.9990,0.0004,0.0000
Healthy/lyria__P0721__b5.png,Healthy,P0721,0,Healthy,0.0001,0.9989,0.0010,0.0000
Healthy/lyria__P0721__b6.png,Healthy,P0721,0,Healthy,0.0003,0.9997,0.0000,0.0000
Healthy/lyria__P0721__b7.png,Healthy,P0721,0,Healthy,0.0049,0.9949,0.0002,0.0000
Healthy/lyria__P0721__b8.png,Healthy,P0721,0,Healthy,0.0017,0.9982,0.0001,0.0000
Healthy/lyria__P0721__b9.png,Healthy,P0721,0,Healthy,0.0003,0.9921,0.0076,0.0000
Healthy/lyria__P0721__b10.png,Healthy,P0721,0,Healthy,0.0147,0.9834,0.0017,0.0001
Healthy/lyria__P0721__b11.png,Healthy,P0721,0,Healthy,0.0040,0.9761,0.0198,0.0001
Healthy/lyria__P0721__b12.png,Healthy,P0721,0,Healthy,0.0035,0.6079,0.3886,0.0000
Healthy/lyria__P0721__b13.png,Healthy,P0721,0,Healthy,0.0005,0.9987,0.0008,0.0000
Healthy/lyria__P0721__b14.png,Healthy,P0721,0,Healthy,0.0012,0.9982,0.0005,0.0002
Healthy/lyria__P0721__b15.png,Healthy,P0721,0,Healthy,0.0097,0.9506,0.0397,0.0000
Healthy/lyria__P0721__b16.png,Healthy,P0721,0,Healthy,0.0005,0.9995,0.0001,0.0000
Healthy/lyria__P0721__b17.png,Healthy,P0721,0,Healthy,0.0000,0.9997,0.0003,0.0000
Healthy/lyria__P0721__b19.png,Healthy,P0721,0,Healthy,0.0000,0.9998,0.0002,0.0000
Healthy/lyria__P0721__b20.png,Healthy,P0721,0,Healthy,0.0000,0.9999,0.0001,0.0000
Healthy/lyria__P0721__b21.png,Healthy,P0721,0,Healthy,0.0000,0.9998,0.0002,0.0000
Healthy/lyria__P0721__b22.png,Healthy,P0721,0,Healthy,0.0000,0.9685,0.0315,0.0000
Healthy/lyria__P0721__b23.png,Healthy,P0721,0,Healthy,0.0000,0.9994,0.0006,0.0000
Healthy/lyria__P0721__b24.png,Healthy,P0721,0,Healthy,0.0001,0.9905,0.0093,0.0000
Healthy/lyria__P0721__b25.png,Healthy,P0721,0,Healthy,0.0000,0.9990,0.0009,0.0000
Healthy/lyria__P0721__b26.png,Healthy,P0721,0,Healthy,0.0001,0.7929,0.2068,0.0002
Healthy/lyria__P0721__b27.png,Healthy,P0721,0,Impacted,0.0010,0.0300,0.9689,0.0001
Healthy/lyria__P0721__b28.png,Healthy,P0721,0,Impacted,0.0000,0.3129,0.6871,0.0000
Healthy/lyria__P0721__b29.png,Healthy,P0721,0,Healthy,0.0162,0.9721,0.0083,0.0034
Healthy/lyria__P0076__b0.png,Healthy,P0076,0,Impacted,0.0019,0.3877,0.6006,0.0098
Healthy/lyria__P0076__b1.png,Healthy,P0076,0,Healthy,0.1799,0.8177,0.0021,0.0002
Healthy/lyria__P0076__b2.png,Healthy,P0076,0,Healthy,0.0081,0.9905,0.0014,0.0000
Healthy/lyria__P0076__b3.png,Healthy,P0076,0,Healthy,0.0268,0.9720,0.0010,0.0002
Healthy/lyria__P0076__b4.png,Healthy,P0076,0,Healthy,0.0168,0.9828,0.0004,0.0000
Healthy/lyria__P0076__b5.png,Healthy,P0076,0,Healthy,0.0033,0.9956,0.0004,0.0006
Healthy/lyria__P0076__b6.png,Healthy,P0076,0,Healthy,0.0333,0.9478,0.0182,0.0007
Healthy/lyria__P0076__b8.png,Healthy,P0076,0,Healthy,0.0000,0.9748,0.0252,0.0000
Healthy/lyria__P0076__b9.png,Healthy,P0076,0,Healthy,0.0552,0.9181,0.0263,0.0005
Healthy/lyria__P0076__b10.png,Healthy,P0076,0,Healthy,0.0002,0.9985,0.0013,0.0000
Healthy/lyria__P0076__b11.png,Healthy,P0076,0,Healthy,0.0001,0.9996,0.0003,0.0000
Healthy/lyria__P0076__b13.png,Healthy,P0076,0,Healthy,0.0001,0.9997,0.0002,0.0000
Healthy/lyria__P0076__b14.png,Healthy,P0076,0,Healthy,0.0003,0.9880,0.0117,0.0000
Healthy/lyria__P0076__b15.png,Healthy,P0076,0,Healthy,0.0001,0.9977,0.0022,0.0000
Healthy/lyria__P0722__b1.png,Healthy,P0722,0,Healthy,0.0001,0.9994,0.0005,0.0000
Healthy/lyria__P0722__b2.png,Healthy,P0722,0,Healthy,0.3175,0.6817,0.0005,0.0003
Healthy/lyria__P0722__b3.png,Healthy,P0722,0,Healthy,0.0011,0.9932,0.0057,0.0000
Healthy/lyria__P0722__b4.png,Healthy,P0722,0,Healthy,0.0007,0.9979,0.0014,0.0000
Healthy/lyria__P0722__b5.png,Healthy,P0722,0,Healthy,0.0631,0.8927,0.0422,0.0019
Healthy/lyria__P0722__b6.png,Healthy,P0722,0,Healthy,0.1690,0.8272,0.0034,0.0005
Healthy/lyria__P0722__b7.png,Healthy,P0722,0,Healthy,0.0041,0.5952,0.3973,0.0033
Healthy/lyria__P0722__b9.png,Healthy,P0722,0,Healthy,0.0004,0.9984,0.0012,0.0000
Healthy/lyria__P0722__b10.png,Healthy,P0722,0,Healthy,0.0000,0.9999,0.0000,0.0000
Healthy/lyria__P0722__b11.png,Healthy,P0722,0,Healthy,0.0001,0.9974,0.0025,0.0000
Healthy/lyria__P0722__b12.png,Healthy,P0722,0,Healthy,0.0000,0.9991,0.0009,0.0000
Healthy/lyria__P0722__b13.png,Healthy,P0722,0,Healthy,0.0000,0.9998,0.0002,0.0000
Healthy/lyria__P0722__b14.png,Healthy,P0722,0,Healthy,0.0001,0.9988,0.0009,0.0001
Healthy/lyria__P0722__b15.png,Healthy,P0722,0,Healthy,0.0007,0.9980,0.0013,0.0001
Healthy/lyria__P0722__b16.png,Healthy,P0722,0,Healthy,0.0030,0.6610,0.3351,0.0009
Healthy/lyria__P0722__b17.png,Healthy,P0722,0,Healthy,0.0016,0.9923,0.0053,0.0008
Healthy/lyria__P0722__b18.png,Healthy,P0722,0,Impacted,0.0023,0.0734,0.8816,0.0427
Healthy/lyria__P0722__b19.png,Healthy,P0722,0,Healthy,0.0000,0.9995,0.0004,0.0000
Healthy/lyria__P0722__b20.png,Healthy,P0722,0,Healthy,0.0001,0.9930,0.0069,0.0000
Healthy/lyria__P0722__b21.png,Healthy,P0722,0,Healthy,0.0000,0.9998,0.0002,0.0000
Healthy/lyria__P0722__b22.png,Healthy,P0722,0,Healthy,0.0123,0.9875,0.0002,0.0000
Healthy/lyria__P0722__b23.png,Healthy,P0722,0,Healthy,0.0129,0.9792,0.0079,0.0000
Healthy/lyria__P0722__b24.png,Healthy,P0722,0,Healthy,0.0002,0.9987,0.0007,0.0004
Healthy/lyria__P0722__b25.png,Healthy,P0722,0,Healthy,0.0355,0.9286,0.0345,0.0014
Healthy/lyria__P0722__b26.png,Healthy,P0722,0,Healthy,0.0000,0.9942,0.0057,0.0000
Healthy/lyria__P0722__b27.png,Healthy,P0722,0,Healthy,0.0001,0.8509,0.1485,0.0005
Healthy/lyria__P0722__b28.png,Healthy,P0722,0,Healthy,0.0005,0.7136,0.2854,0.0005
Healthy/lyria__P0724__b1.png,Healthy,P0724,0,Healthy,0.0047,0.9925,0.0001,0.0028
Healthy/lyria__P0724__b2.png,Healthy,P0724,0,Healthy,0.3920,0.4770,0.1270,0.0039
Healthy/lyria__P0724__b3.png,Healthy,P0724,0,Healthy,0.0001,0.9995,0.0005,0.0000
Healthy/lyria__P0724__b4.png,Healthy,P0724,0,Impacted,0.0505,0.4230,0.5255,0.0009
Healthy/lyria__P0724__b5.png,Healthy,P0724,0,Impacted,0.0008,0.0095,0.9887,0.0010
Healthy/lyria__P0724__b6.png,Healthy,P0724,0,Healthy,0.0000,0.9931,0.0068,0.0000
Healthy/lyria__P0724__b8.png,Healthy,P0724,0,Healthy,0.0000,0.9970,0.0030,0.0000
Healthy/lyria__P0724__b9.png,Healthy,P0724,0,Healthy,0.0003,0.9960,0.0037,0.0000
Healthy/lyria__P0724__b10.png,Healthy,P0724,0,Healthy,0.0004,0.9996,0.0000,0.0000
Healthy/lyria__P0724__b11.png,Healthy,P0724,0,Impacted,0.0011,0.3108,0.6881,0.0000
Healthy/lyria__P0725__b0.png,Healthy,P0725,0,Healthy,0.0049,0.9941,0.0010,0.0000
Healthy/lyria__P0725__b2.png,Healthy,P0725,0,Healthy,0.0002,0.9983,0.0014,0.0000
Healthy/lyria__P0725__b3.png,Healthy,P0725,0,Healthy,0.0054,0.9944,0.0001,0.0000
Healthy/lyria__P0725__b4.png,Healthy,P0725,0,Healthy,0.0229,0.9770,0.0001,0.0000
Healthy/lyria__P0725__b5.png,Healthy,P0725,0,Healthy,0.0924,0.8334,0.0735,0.0006
Healthy/lyria__P0725__b6.png,Healthy,P0725,0,Impacted,0.0149,0.4540,0.5273,0.0038
Healthy/lyria__P0725__b7.png,Healthy,P0725,0,Impacted,0.0047,0.1948,0.7790,0.0215
Healthy/lyria__P0725__b8.png,Healthy,P0725,0,Healthy,0.1716,0.8234,0.0050,0.0001
Healthy/lyria__P0725__b10.png,Healthy,P0725,0,Healthy,0.0434,0.9557,0.0009,0.0000
Healthy/lyria__P0725__b11.png,Healthy,P0725,0,Healthy,0.0156,0.7460,0.0706,0.1678
Healthy/lyria__P0725__b12.png,Healthy,P0725,0,Healthy,0.0002,0.9915,0.0083,0.0000
Healthy/lyria__P0725__b13.png,Healthy,P0725,0,Healthy,0.0002,0.9997,0.0001,0.0000
Healthy/lyria__P0725__b14.png,Healthy,P0725,0,Healthy,0.0003,0.9997,0.0000,0.0000
Healthy/lyria__P0725__b15.png,Healthy,P0725,0,Healthy,0.0033,0.9692,0.0050,0.0225
Healthy/lyria__P0725__b16.png,Healthy,P0725,0,Healthy,0.0016,0.9980,0.0003,0.0000
Healthy/lyria__P0725__b17.png,Healthy,P0725,0,Healthy,0.0000,0.9999,0.0001,0.0000
Healthy/lyria__P0725__b18.png,Healthy,P0725,0,Healthy,0.0000,0.9586,0.0413,0.0000
Healthy/lyria__P0725__b19.png,Healthy,P0725,0,Healthy,0.0001,0.9998,0.0001,0.0000
Healthy/lyria__P0725__b20.png,Healthy,P0725,0,Healthy,0.0000,0.9893,0.0106,0.0000
Healthy/lyria__P0727__b0.png,Healthy,P0727,0,Healthy,0.0016,0.9974,0.0001,0.0009
Healthy/lyria__P0727__b1.png,Healthy,P0727,0,Healthy,0.0000,0.9999,0.0001,0.0000
Healthy/lyria__P0727__b2.png,Healthy,P0727,0,Healthy,0.0003,0.9977,0.0020,0.0000
Healthy/lyria__P0728__b2.png,Healthy,P0728,0,Healthy,0.0000,0.9999,0.0001,0.0000
Healthy/lyria__P0728__b3.png,Healthy,P0728,0,Healthy,0.0000,1.0000,0.0000,0.0000
Healthy/lyria__P0728__b4.png,Healthy,P0728,0,Healthy,0.0000,0.9999,0.0000,0.0000
Healthy/lyria__P0728__b5.png,Healthy,P0728,0,Healthy,0.0001,0.9999,0.0000,0.0000
Healthy/lyria__P0728__b6.png,Healthy,P0728,0,Healthy,0.0001,0.9998,0.0001,0.0000
Healthy/lyria__P0728__b7.png,Healthy,P0728,0,Healthy,0.0000,0.9999,0.0000,0.0000
Healthy/lyria__P0728__b8.png,Healthy,P0728,0,Healthy,0.0000,0.9997,0.0003,0.0000
Healthy/lyria__P0728__b9.png,Healthy,P0728,0,Healthy,0.0038,0.9817,0.0144,0.0001
Healthy/lyria__P0077__b0.png,Healthy,P0077,0,Healthy,0.0000,1.0000,0.0000,0.0000
Healthy/lyria__P0077__b1.png,Healthy,P0077,0,Healthy,0.0000,1.0000,0.0000,0.0000
Healthy/lyria__P0729__b0.png,Healthy,P0729,0,Healthy,0.0001,0.9999,0.0000,0.0000
Healthy/lyria__P0729__b2.png,Healthy,P0729,0,Healthy,0.0004,0.9995,0.0000,0.0000
Healthy/lyria__P0729__b3.png,Healthy,P0729,0,Healthy,0.0002,0.9995,0.0001,0.0002
Healthy/lyria__P0729__b4.png,Healthy,P0729,0,Healthy,0.0000,0.9999,0.0000,0.0000
Healthy/lyria__P0729__b5.png,Healthy,P0729,0,Healthy,0.0000,0.9995,0.0004,0.0000
Healthy/lyria__P0729__b6.png,Healthy,P0729,0,Healthy,0.0001,0.9970,0.0029,0.0000
Healthy/lyria__P0729__b7.png,Healthy,P0729,0,Healthy,0.0004,0.9831,0.0165,0.0000
Healthy/lyria__P0729__b8.png,Healthy,P0729,0,Healthy,0.0001,0.7942,0.2057,0.0000
Healthy/lyria__P0729__b9.png,Healthy,P0729,0,Healthy,0.0000,0.9643,0.0356,0.0000
Healthy/lyria__P0729__b10.png,Healthy,P0729,0,Impacted,0.0050,0.1862,0.8085,0.0003
Healthy/lyria__P0729__b12.png,Healthy,P0729,0,Healthy,0.0000,0.9994,0.0005,0.0000
Healthy/lyria__P0729__b13.png,Healthy,P0729,0,Healthy,0.0005,0.8245,0.1750,0.0000
Healthy/lyria__P0729__b14.png,Healthy,P0729,0,Healthy,0.0000,0.9983,0.0016,0.0000
Healthy/lyria__P0729__b15.png,Healthy,P0729,0,Healthy,0.0015,0.5723,0.4262,0.0001
Healthy/lyria__P0729__b16.png,Healthy,P0729,0,Healthy,0.1527,0.7663,0.0739,0.0071
Healthy/lyria__P0729__b17.png,Healthy,P0729,0,Healthy,0.0037,0.9934,0.0028,0.0001
Healthy/lyria__P0729__b18.png,Healthy,P0729,0,Healthy,0.0115,0.9880,0.0003,0.0002
Healthy/lyria__P0729__b19.png,Healthy,P0729,0,Healthy,0.0046,0.9953,0.0000,0.0000
Healthy/lyria__P0729__b20.png,Healthy,P0729,0,Healthy,0.0005,0.9993,0.0001,0.0000
Healthy/lyria__P0729__b21.png,Healthy,P0729,0,Healthy,0.0013,0.9984,0.0002,0.0000
Healthy/lyria__P0729__b22.png,Healthy,P0729,0,Healthy,0.0011,0.9972,0.0013,0.0003
Healthy/lyria__P0729__b23.png,Healthy,P0729,0,Healthy,0.0001,0.9994,0.0005,0.0000
Healthy/lyria__P0729__b24.png,Healthy,P0729,0,Healthy,0.0017,0.9957,0.0025,0.0002
Healthy/lyria__P0729__b25.png,Healthy,P0729,0,Healthy,0.0317,0.9682,0.0000,0.0000
Healthy/lyria__P0729__b26.png,Healthy,P0729,0,Healthy,0.0011,0.9989,0.0000,0.0000
Healthy/lyria__P0729__b27.png,Healthy,P0729,0,Healthy,0.0001,0.9997,0.0001,0.0000
Healthy/lyria__P0729__b28.png,Healthy,P0729,0,Healthy,0.0003,0.9818,0.0178,0.0000
Healthy/lyria__P0729__b29.png,Healthy,P0729,0,Healthy,0.0060,0.9801,0.0139,0.0000
Healthy/lyria__P0731__b0.png,Healthy,P0731,0,Healthy,0.0395,0.9599,0.0004,0.0001
Healthy/lyria__P0731__b1.png,Healthy,P0731,0,Healthy,0.0017,0.9978,0.0003,0.0002
Healthy/lyria__P0731__b2.png,Healthy,P0731,0,Healthy,0.0034,0.9964,0.0001,0.0001
Healthy/lyria__P0731__b3.png,Healthy,P0731,0,Healthy,0.0008,0.9984,0.0002,0.0006
Healthy/lyria__P0731__b4.png,Healthy,P0731,0,Healthy,0.0281,0.9660,0.0004,0.0054
Healthy/lyria__P0731__b5.png,Healthy,P0731,0,Healthy,0.0021,0.9976,0.0001,0.0003
Healthy/lyria__P0731__b6.png,Healthy,P0731,0,Healthy,0.0331,0.9611,0.0002,0.0055
Healthy/lyria__P0731__b7.png,Healthy,P0731,0,Healthy,0.0002,0.9996,0.0001,0.0000
Healthy/lyria__P0731__b8.png,Healthy,P0731,0,Healthy,0.0002,0.9990,0.0001,0.0007
Healthy/lyria__P0731__b9.png,Healthy,P0731,0,Healthy,0.0008,0.9607,0.0362,0.0023
Healthy/lyria__P0731__b11.png,Healthy,P0731,0,Healthy,0.0000,0.9999,0.0000,0.0001
Healthy/lyria__P0731__b12.png,Healthy,P0731,0,Healthy,0.0012,0.9909,0.0011,0.0068
Healthy/lyria__P0731__b13.png,Healthy,P0731,0,Healthy,0.0045,0.9444,0.0140,0.0372
Healthy/lyria__P0731__b14.png,Healthy,P0731,0,Healthy,0.0149,0.9842,0.0005,0.0004
Healthy/lyria__P0731__b15.png,Healthy,P0731,0,Healthy,0.0084,0.9905,0.0003,0.0008
Healthy/lyria__P0731__b16.png,Healthy,P0731,0,Healthy,0.2096,0.7720,0.0020,0.0164
Healthy/lyria__P0731__b17.png,Healthy,P0731,0,Healthy,0.0214,0.9731,0.0016,0.0039
Healthy/lyria__P0731__b19.png,Healthy,P0731,0,Healthy,0.0011,0.9982,0.0007,0.0000
Healthy/lyria__P0731__b20.png,Healthy,P0731,0,Healthy,0.0002,0.9997,0.0001,0.0000
Healthy/lyria__P0731__b21.png,Healthy,P0731,0,Healthy,0.0023,0.9961,0.0015,0.0001
Healthy/lyria__P0731__b22.png,Healthy,P0731,0,Healthy,0.0022,0.9972,0.0006,0.0000
Healthy/lyria__P0731__b23.png,Healthy,P0731,0,Healthy,0.0000,0.9998,0.0002,0.0000
Healthy/lyria__P0731__b24.png,Healthy,P0731,0,Healthy,0.0000,0.9990,0.0003,0.0006
Healthy/lyria__P0732__b1.png,Healthy,P0732,0,Endodontics,0.7435,0.2558,0.0002,0.0005
Healthy/lyria__P0732__b2.png,Healthy,P0732,0,Impacted,0.0002,0.2966,0.7028,0.0004
Healthy/lyria__P0732__b3.png,Healthy,P0732,0,Healthy,0.0056,0.6734,0.3210,0.0000
Healthy/lyria__P0732__b4.png,Healthy,P0732,0,Healthy,0.0279,0.9665,0.0001,0.0055
Healthy/lyria__P0732__b5.png,Healthy,P0732,0,Healthy,0.0025,0.9969,0.0007,0.0000
Healthy/lyria__P0732__b6.png,Healthy,P0732,0,Healthy,0.0105,0.9889,0.0005,0.0001
Healthy/lyria__P0732__b7.png,Healthy,P0732,0,Impacted,0.0018,0.0368,0.9585,0.0029
Healthy/lyria__P0732__b8.png,Healthy,P0732,0,Healthy,0.0000,0.9976,0.0024,0.0000
Healthy/lyria__P0732__b9.png,Healthy,P0732,0,Healthy,0.0030,0.9967,0.0003,0.0000
Healthy/lyria__P0734__b0.png,Healthy,P0734,0,Healthy,0.0003,0.9997,0.0000,0.0000
Healthy/lyria__P0734__b1.png,Healthy,P0734,0,Healthy,0.0001,0.9997,0.0002,0.0000
Healthy/lyria__P0734__b3.png,Healthy,P0734,0,Healthy,0.0000,0.9999,0.0000,0.0000
Healthy/lyria__P0734__b4.png,Healthy,P0734,0,Healthy,0.0000,0.9999,0.0000,0.0000
Healthy/lyria__P0734__b5.png,Healthy,P0734,0,Healthy,0.0000,1.0000,0.0000,0.0000
Healthy/lyria__P0735__b0.png,Healthy,P0735,0,Healthy,0.0092,0.9902,0.0005,0.0000
Healthy/lyria__P0735__b1.png,Healthy,P0735,0,Healthy,0.0015,0.9985,0.0000,0.0000
Healthy/lyria__P0735__b2.png,Healthy,P0735,0,Healthy,0.0000,0.9996,0.0004,0.0000
Healthy/lyria__P0735__b3.png,Healthy,P0735,0,Healthy,0.0000,1.0000,0.0000,0.0000
Healthy/lyria__P0735__b4.png,Healthy,P0735,0,Healthy,0.0000,1.0000,0.0000,0.0000
Healthy/lyria__P0735__b5.png,Healthy,P0735,0,Healthy,0.0000,0.9994,0.0006,0.0000
Healthy/lyria__P0735__b7.png,Healthy,P0735,0,Healthy,0.0004,0.9983,0.0013,0.0000
Healthy/lyria__P0735__b8.png,Healthy,P0735,0,Healthy,0.0011,0.9961,0.0028,0.0000
Healthy/lyria__P0735__b9.png,Healthy,P0735,0,Healthy,0.0000,0.9984,0.0016,0.0000
Healthy/lyria__P0736__b0.png,Healthy,P0736,0,Healthy,0.0009,0.9987,0.0004,0.0000
Healthy/lyria__P0736__b1.png,Healthy,P0736,0,Healthy,0.0000,0.9999,0.0000,0.0000
Healthy/lyria__P0736__b2.png,Healthy,P0736,0,Healthy,0.0000,0.9994,0.0006,0.0000
Healthy/lyria__P0736__b4.png,Healthy,P0736,0,Healthy,0.0000,0.9999,0.0000,0.0000
Healthy/lyria__P0736__b5.png,Healthy,P0736,0,Healthy,0.0000,0.9987,0.0012,0.0000
Healthy/lyria__P0736__b6.png,Healthy,P0736,0,Healthy,0.0002,0.9998,0.0000,0.0000
Healthy/lyria__P0738__b0.png,Healthy,P0738,0,Healthy,0.0991,0.9007,0.0001,0.0000
Healthy/lyria__P0738__b1.png,Healthy,P0738,0,Healthy,0.0003,0.9996,0.0000,0.0001
Healthy/lyria__P0738__b3.png,Healthy,P0738,0,Healthy,0.0001,0.9999,0.0000,0.0000
Healthy/lyria__P0738__b4.png,Healthy,P0738,0,Healthy,0.0004,0.9992,0.0004,0.0000
Healthy/lyria__P0738__b5.png,Healthy,P0738,0,Healthy,0.2319,0.7681,0.0000,0.0000
Healthy/lyria__P0738__b6.png,Healthy,P0738,0,Healthy,0.0000,0.9999,0.0001,0.0000
Healthy/lyria__P0738__b7.png,Healthy,P0738,0,Healthy,0.0000,0.9994,0.0006,0.0000
Healthy/lyria__P0738__b8.png,Healthy,P0738,0,Healthy,0.0005,0.9989,0.0007,0.0000
Healthy/lyria__P0738__b9.png,Healthy,P0738,0,Healthy,0.0000,0.9974,0.0025,0.0000
Healthy/lyria__P0738__b10.png,Healthy,P0738,0,Healthy,0.0000,0.9999,0.0000,0.0000
Healthy/lyria__P0741__b0.png,Healthy,P0741,0,Healthy,0.0771,0.9223,0.0004,0.0002
Healthy/lyria__P0741__b1.png,Healthy,P0741,0,Healthy,0.0052,0.9938,0.0001,0.0009
Healthy/lyria__P0741__b2.png,Healthy,P0741,0,Healthy,0.0002,0.9990,0.0008,0.0000
Healthy/lyria__P0741__b4.png,Healthy,P0741,0,Healthy,0.0002,0.9997,0.0000,0.0000
Healthy/lyria__P0741__b5.png,Healthy,P0741,0,Healthy,0.0029,0.9969,0.0002,0.0000
Healthy/lyria__P0741__b6.png,Healthy,P0741,0,Healthy,0.0247,0.9750,0.0003,0.0000
Healthy/lyria__P0741__b7.png,Healthy,P0741,0,Healthy,0.0007,0.9993,0.0000,0.0000
Healthy/lyria__P0741__b9.png,Healthy,P0741,0,Healthy,0.0000,1.0000,0.0000,0.0000
Healthy/lyria__P0741__b10.png,Healthy,P0741,0,Healthy,0.0001,0.9961,0.0038,0.0000
Healthy/lyria__P0741__b11.png,Healthy,P0741,0,Healthy,0.0012,0.9564,0.0007,0.0417
Healthy/lyria__P0741__b12.png,Healthy,P0741,0,Healthy,0.0005,0.9977,0.0001,0.0018
Healthy/lyria__P0741__b13.png,Healthy,P0741,0,Healthy,0.0115,0.9709,0.0006,0.0171
Healthy/lyria__P0741__b14.png,Healthy,P0741,0,Healthy,0.0022,0.9958,0.0008,0.0012
Healthy/lyria__P0741__b15.png,Healthy,P0741,0,Healthy,0.0000,0.9999,0.0001,0.0000
Healthy/lyria__P0741__b16.png,Healthy,P0741,0,Healthy,0.0001,0.9290,0.0709,0.0000
Healthy/lyria__P0741__b17.png,Healthy,P0741,0,Healthy,0.0000,0.9941,0.0059,0.0000
Healthy/lyria__P0741__b18.png,Healthy,P0741,0,Healthy,0.0000,0.9959,0.0041,0.0000
Healthy/lyria__P0741__b19.png,Healthy,P0741,0,Healthy,0.0412,0.9572,0.0008,0.0008
Healthy/lyria__P0741__b20.png,Healthy,P0741,0,Healthy,0.0002,0.9965,0.0033,0.0001
Healthy/lyria__P0742__b0.png,Healthy,P0742,0,Healthy,0.0032,0.9967,0.0001,0.0001
Healthy/lyria__P0742__b1.png,Healthy,P0742,0,Healthy,0.0001,0.9999,0.0000,0.0000
Healthy/lyria__P0742__b2.png,Healthy,P0742,0,Healthy,0.0023,0.9963,0.0014,0.0000
Healthy/lyria__P0742__b3.png,Healthy,P0742,0,Healthy,0.0226,0.9770,0.0001,0.0004
Healthy/lyria__P0742__b4.png,Healthy,P0742,0,Healthy,0.0035,0.9965,0.0000,0.0000
Healthy/lyria__P0742__b5.png,Healthy,P0742,0,Healthy,0.0122,0.9878,0.0000,0.0000
Healthy/lyria__P0742__b6.png,Healthy,P0742,0,Healthy,0.0147,0.9717,0.0136,0.0000
Healthy/lyria__P0742__b7.png,Healthy,P0742,0,Healthy,0.0011,0.9988,0.0001,0.0000
Healthy/lyria__P0742__b9.png,Healthy,P0742,0,Healthy,0.0024,0.9890,0.0080,0.0005
Healthy/lyria__P0742__b10.png,Healthy,P0742,0,Healthy,0.0113,0.9668,0.0219,0.0000
Healthy/lyria__P0742__b11.png,Healthy,P0742,0,Healthy,0.0105,0.9884,0.0011,0.0000
Healthy/lyria__P0742__b12.png,Healthy,P0742,0,Healthy,0.0002,0.9996,0.0002,0.0000
Healthy/lyria__P0742__b13.png,Healthy,P0742,0,Healthy,0.0015,0.9954,0.0031,0.0000
Healthy/lyria__P0742__b14.png,Healthy,P0742,0,Healthy,0.0006,0.9865,0.0129,0.0000
Healthy/lyria__P0742__b15.png,Healthy,P0742,0,Healthy,0.0035,0.9589,0.0375,0.0001
Healthy/lyria__P0742__b16.png,Healthy,P0742,0,Healthy,0.0000,0.9998,0.0001,0.0000
Healthy/lyria__P0742__b17.png,Healthy,P0742,0,Healthy,0.0000,0.9999,0.0001,0.0000
Healthy/lyria__P0742__b18.png,Healthy,P0742,0,Healthy,0.0007,0.9993,0.0000,0.0000
Healthy/lyria__P0742__b19.png,Healthy,P0742,0,Healthy,0.0004,0.9995,0.0000,0.0001
Healthy/lyria__P0742__b20.png,Healthy,P0742,0,Healthy,0.0005,0.9994,0.0001,0.0000
Healthy/lyria__P0742__b21.png,Healthy,P0742,0,Healthy,0.0000,0.9996,0.0004,0.0000
Healthy/lyria__P0742__b22.png,Healthy,P0742,0,Healthy,0.0000,0.9995,0.0005,0.0000
Healthy/lyria__P0742__b23.png,Healthy,P0742,0,Healthy,0.0000,1.0000,0.0000,0.0000
Healthy/lyria__P0742__b24.png,Healthy,P0742,0,Healthy,0.0000,0.9942,0.0058,0.0000
Healthy/lyria__P0742__b25.png,Healthy,P0742,0,Healthy,0.0000,0.9999,0.0000,0.0000
Healthy/lyria__P0742__b26.png,Healthy,P0742,0,Healthy,0.0000,0.9914,0.0085,0.0000
Healthy/lyria__P0742__b28.png,Healthy,P0742,0,Healthy,0.0000,0.9145,0.0855,0.0000
Healthy/lyria__P0742__b29.png,Healthy,P0742,0,Healthy,0.0001,0.9991,0.0009,0.0000
Healthy/lyria__P0742__b30.png,Healthy,P0742,0,Healthy,0.0000,0.9991,0.0008,0.0000
Healthy/lyria__P0742__b31.png,Healthy,P0742,0,Healthy,0.0005,0.9389,0.0605,0.0001
Healthy/lyria__P0745__b0.png,Healthy,P0745,0,Healthy,0.0019,0.9640,0.0338,0.0003
Healthy/lyria__P0745__b1.png,Healthy,P0745,0,Healthy,0.0000,0.9999,0.0000,0.0000
Healthy/lyria__P0745__b2.png,Healthy,P0745,0,Healthy,0.0055,0.9945,0.0000,0.0000
Healthy/lyria__P0745__b3.png,Healthy,P0745,0,Healthy,0.0041,0.9955,0.0004,0.0000
Healthy/lyria__P0745__b5.png,Healthy,P0745,0,Healthy,0.0004,0.9980,0.0016,0.0000
Healthy/lyria__P0745__b6.png,Healthy,P0745,0,Healthy,0.0002,0.9997,0.0001,0.0000
Healthy/lyria__P0745__b7.png,Healthy,P0745,0,Healthy,0.0002,0.9997,0.0001,0.0000
Healthy/lyria__P0745__b8.png,Healthy,P0745,0,Healthy,0.0286,0.9714,0.0000,0.0000
Healthy/lyria__P0745__b9.png,Healthy,P0745,0,Healthy,0.0079,0.9914,0.0008,0.0000
Healthy/lyria__P0745__b11.png,Healthy,P0745,0,Impacted,0.0003,0.4684,0.5300,0.0013
Healthy/lyria__P0745__b12.png,Healthy,P0745,0,Healthy,0.0001,0.9995,0.0004,0.0000
Healthy/lyria__P0745__b13.png,Healthy,P0745,0,Healthy,0.0001,0.9998,0.0000,0.0000
Healthy/lyria__P0745__b14.png,Healthy,P0745,0,Healthy,0.0000,0.9999,0.0001,0.0000
Healthy/lyria__P0745__b15.png,Healthy,P0745,0,Healthy,0.0001,0.9998,0.0001,0.0000
Healthy/lyria__P0745__b16.png,Healthy,P0745,0,Healthy,0.0003,0.9988,0.0010,0.0000
Healthy/lyria__P0745__b17.png,Healthy,P0745,0,Healthy,0.0000,1.0000,0.0000,0.0000
Healthy/lyria__P0745__b18.png,Healthy,P0745,0,Healthy,0.0000,0.9999,0.0000,0.0000
Healthy/lyria__P0745__b19.png,Healthy,P0745,0,Healthy,0.0001,0.9971,0.0026,0.0002
Healthy/lyria__P0745__b20.png,Healthy,P0745,0,Healthy,0.0000,0.9990,0.0010,0.0000
Healthy/lyria__P0745__b21.png,Healthy,P0745,0,Healthy,0.0016,0.9922,0.0062,0.0000
Healthy/lyria__P0745__b22.png,Healthy,P0745,0,Healthy,0.0000,0.9966,0.0033,0.0000
Healthy/lyria__P0745__b23.png,Healthy,P0745,0,Healthy,0.0009,0.5111,0.4879,0.0001
Healthy/lyria__P0746__b0.png,Healthy,P0746,0,Healthy,0.1018,0.8217,0.0066,0.0698
Healthy/lyria__P0746__b2.png,Healthy,P0746,0,Healthy,0.0003,0.9982,0.0013,0.0003
Healthy/lyria__P0746__b3.png,Healthy,P0746,0,Healthy,0.0004,0.9981,0.0014,0.0000
Healthy/lyria__P0746__b4.png,Healthy,P0746,0,Healthy,0.0001,0.9997,0.0002,0.0000
Healthy/lyria__P0746__b5.png,Healthy,P0746,0,Healthy,0.0000,0.9999,0.0001,0.0000
Healthy/lyria__P0746__b6.png,Healthy,P0746,0,Healthy,0.0001,0.9999,0.0000,0.0000
Healthy/lyria__P0746__b7.png,Healthy,P0746,0,Healthy,0.0000,1.0000,0.0000,0.0000
Healthy/lyria__P0746__b8.png,Healthy,P0746,0,Healthy,0.0001,0.9994,0.0002,0.0003
Healthy/lyria__P0746__b10.png,Healthy,P0746,0,Healthy,0.0013,0.9984,0.0002,0.0000
Healthy/lyria__P0746__b11.png,Healthy,P0746,0,Healthy,0.0000,0.9996,0.0003,0.0000
Healthy/lyria__P0746__b12.png,Healthy,P0746,0,Healthy,0.0019,0.9973,0.0003,0.0005
Healthy/lyria__P0748__b0.png,Healthy,P0748,0,Healthy,0.2429,0.7568,0.0003,0.0000
Healthy/lyria__P0748__b1.png,Healthy,P0748,0,Healthy,0.0000,1.0000,0.0000,0.0000
Healthy/lyria__P0748__b2.png,Healthy,P0748,0,Healthy,0.0004,0.9993,0.0003,0.0000
Healthy/lyria__P0748__b3.png,Healthy,P0748,0,Healthy,0.0002,0.9998,0.0000,0.0000
Healthy/lyria__P0748__b5.png,Healthy,P0748,0,Healthy,0.0001,0.9995,0.0004,0.0000
Healthy/lyria__P0748__b6.png,Healthy,P0748,0,Impacted,0.0315,0.3411,0.6272,0.0002
Healthy/lyria__P0748__b7.png,Healthy,P0748,0,Healthy,0.0060,0.9868,0.0072,0.0000
Healthy/lyria__P0748__b8.png,Healthy,P0748,0,Healthy,0.0040,0.9958,0.0002,0.0000
Healthy/lyria__P0748__b9.png,Healthy,P0748,0,Healthy,0.0090,0.9656,0.0254,0.0000
Healthy/lyria__P0748__b10.png,Healthy,P0748,0,Healthy,0.0011,0.9214,0.0770,0.0005
Healthy/lyria__P0748__b11.png,Healthy,P0748,0,Healthy,0.0001,0.9998,0.0001,0.0000
Healthy/lyria__P0748__b12.png,Healthy,P0748,0,Healthy,0.0000,1.0000,0.0000,0.0000
Healthy/lyria__P0748__b13.png,Healthy,P0748,0,Healthy,0.0001,0.9998,0.0001,0.0000
Healthy/lyria__P0748__b14.png,Healthy,P0748,0,Healthy,0.0001,0.9997,0.0001,0.0000
Healthy/lyria__P0748__b15.png,Healthy,P0748,0,Healthy,0.0001,0.9999,0.0001,0.0000
Healthy/lyria__P0748__b16.png,Healthy,P0748,0,Healthy,0.0000,0.9998,0.0001,0.0000
Healthy/lyria__P0748__b17.png,Healthy,P0748,0,Healthy,0.0002,0.9994,0.0004,0.0000
Healthy/lyria__P0748__b18.png,Healthy,P0748,0,Healthy,0.0546,0.8192,0.1241,0.0021
Healthy/lyria__P0748__b19.png,Healthy,P0748,0,Healthy,0.0418,0.6360,0.3162,0.0059
Healthy/lyria__P0748__b20.png,Healthy,P0748,0,Impacted,0.0228,0.3912,0.5859,0.0000
Healthy/lyria__P0749__b0.png,Healthy,P0749,0,Healthy,0.0082,0.9887,0.0031,0.0000
Healthy/lyria__P0749__b1.png,Healthy,P0749,0,Healthy,0.0050,0.9929,0.0021,0.0000
Healthy/lyria__P0749__b2.png,Healthy,P0749,0,Healthy,0.0426,0.9563,0.0010,0.0000
Healthy/lyria__P0749__b3.png,Healthy,P0749,0,Healthy,0.0004,0.9982,0.0015,0.0000
Healthy/lyria__P0749__b4.png,Healthy,P0749,0,Healthy,0.0044,0.9795,0.0161,0.0000
Healthy/lyria__P0749__b7.png,Healthy,P0749,0,Healthy,0.0002,0.9996,0.0002,0.0000
Healthy/lyria__P0749__b8.png,Healthy,P0749,0,Healthy,0.0003,0.9986,0.0011,0.0000
Healthy/lyria__P0749__b9.png,Healthy,P0749,0,Healthy,0.0035,0.9930,0.0028,0.0007
Healthy/lyria__P0751__b0.png,Healthy,P0751,0,Healthy,0.0009,0.9991,0.0000,0.0000
Healthy/lyria__P0751__b1.png,Healthy,P0751,0,Healthy,0.0018,0.9981,0.0001,0.0000
Healthy/lyria__P0751__b2.png,Healthy,P0751,0,Healthy,0.0005,0.9989,0.0003,0.0002
Healthy/lyria__P0751__b4.png,Healthy,P0751,0,Healthy,0.0091,0.9906,0.0003,0.0000
Healthy/lyria__P0751__b5.png,Healthy,P0751,0,Healthy,0.0003,0.9996,0.0001,0.0000
Healthy/lyria__P0751__b6.png,Healthy,P0751,0,Healthy,0.2389,0.7611,0.0000,0.0000
Healthy/lyria__P0751__b7.png,Healthy,P0751,0,Healthy,0.0000,0.9999,0.0001,0.0000
Healthy/lyria__P0751__b8.png,Healthy,P0751,0,Healthy,0.0000,0.9999,0.0001,0.0000
Healthy/lyria__P0751__b10.png,Healthy,P0751,0,Healthy,0.0000,0.9997,0.0003,0.0000
Healthy/lyria__P0751__b11.png,Healthy,P0751,0,Healthy,0.0000,1.0000,0.0000,0.0000
Healthy/lyria__P0751__b12.png,Healthy,P0751,0,Healthy,0.0001,0.9999,0.0000,0.0000
Healthy/lyria__P0751__b13.png,Healthy,P0751,0,Healthy,0.0000,0.9995,0.0005,0.0000
Healthy/lyria__P0753__b0.png,Healthy,P0753,0,Healthy,0.0089,0.9899,0.0009,0.0002
Healthy/lyria__P0753__b1.png,Healthy,P0753,0,Healthy,0.0013,0.9983,0.0003,0.0000
Healthy/lyria__P0753__b2.png,Healthy,P0753,0,Healthy,0.0016,0.9975,0.0004,0.0005
Healthy/lyria__P0753__b3.png,Healthy,P0753,0,Healthy,0.0003,0.9993,0.0004,0.0000
Healthy/lyria__P0753__b5.png,Healthy,P0753,0,Healthy,0.0000,0.9999,0.0001,0.0000
Healthy/lyria__P0753__b7.png,Healthy,P0753,0,Healthy,0.0177,0.9014,0.0318,0.0491
Healthy/lyria__P0753__b8.png,Healthy,P0753,0,Healthy,0.0038,0.9803,0.0158,0.0001
Healthy/lyria__P0755__b1.png,Healthy,P0755,0,Healthy,0.0026,0.9973,0.0001,0.0000
Healthy/lyria__P0755__b2.png,Healthy,P0755,0,Healthy,0.0001,0.9998,0.0001,0.0000
Healthy/lyria__P0755__b4.png,Healthy,P0755,0,Healthy,0.0026,0.9968,0.0001,0.0004
Healthy/lyria__P0755__b5.png,Healthy,P0755,0,Healthy,0.0196,0.9803,0.0000,0.0000
Healthy/lyria__P0756__b0.png,Healthy,P0756,0,Healthy,0.0594,0.8268,0.1138,0.0000
Healthy/lyria__P0756__b1.png,Healthy,P0756,0,Healthy,0.0044,0.9953,0.0002,0.0000
Healthy/lyria__P0756__b2.png,Healthy,P0756,0,Healthy,0.0006,0.9982,0.0011,0.0000
Healthy/lyria__P0756__b4.png,Healthy,P0756,0,Healthy,0.0104,0.9884,0.0011,0.0000
Healthy/lyria__P0756__b5.png,Healthy,P0756,0,Healthy,0.0002,0.9993,0.0005,0.0000
Healthy/lyria__P0756__b6.png,Healthy,P0756,0,Healthy,0.0001,0.9996,0.0004,0.0000
Healthy/lyria__P0756__b8.png,Healthy,P0756,0,Healthy,0.0002,0.9992,0.0006,0.0001
Healthy/lyria__P0756__b9.png,Healthy,P0756,0,Healthy,0.0000,0.9999,0.0001,0.0000
Healthy/lyria__P0756__b10.png,Healthy,P0756,0,Healthy,0.0001,0.9997,0.0002,0.0000
Healthy/lyria__P0756__b11.png,Healthy,P0756,0,Healthy,0.0001,0.9600,0.0399,0.0000
Healthy/lyria__P0757__b1.png,Healthy,P0757,0,Healthy,0.0181,0.9804,0.0014,0.0000
Healthy/lyria__P0757__b2.png,Healthy,P0757,0,Healthy,0.0046,0.9950,0.0003,0.0000
Healthy/lyria__P0757__b3.png,Healthy,P0757,0,Healthy,0.0180,0.9814,0.0004,0.0002
Healthy/lyria__P0757__b4.png,Healthy,P0757,0,Healthy,0.0037,0.9962,0.0001,0.0000
Healthy/lyria__P0757__b5.png,Healthy,P0757,0,Healthy,0.0004,0.9995,0.0001,0.0000
Healthy/lyria__P0757__b6.png,Healthy,P0757,0,Healthy,0.0412,0.9554,0.0033,0.0000
Healthy/lyria__P0757__b7.png,Healthy,P0757,0,Healthy,0.0005,0.9994,0.0001,0.0000
Healthy/lyria__P0757__b8.png,Healthy,P0757,0,Healthy,0.0004,0.9855,0.0141,0.0000
Healthy/lyria__P0757__b9.png,Healthy,P0757,0,Healthy,0.0001,0.9998,0.0001,0.0000
Healthy/lyria__P0757__b10.png,Healthy,P0757,0,Healthy,0.0000,0.9956,0.0044,0.0000
Healthy/lyria__P0757__b11.png,Healthy,P0757,0,Healthy,0.0001,0.9951,0.0048,0.0000
Healthy/lyria__P0757__b13.png,Healthy,P0757,0,Healthy,0.0008,0.9983,0.0009,0.0000
Healthy/lyria__P0757__b14.png,Healthy,P0757,0,Healthy,0.0002,0.9992,0.0007,0.0000
Healthy/lyria__P0757__b15.png,Healthy,P0757,0,Healthy,0.0000,0.9999,0.0000,0.0000
Healthy/lyria__P0757__b16.png,Healthy,P0757,0,Healthy,0.0000,0.9999,0.0000,0.0000
Healthy/lyria__P0757__b17.png,Healthy,P0757,0,Healthy,0.0001,0.9783,0.0216,0.0000
Healthy/lyria__P0758__b0.png,Healthy,P0758,0,Healthy,0.0000,0.9999,0.0001,0.0000
Healthy/lyria__P0758__b1.png,Healthy,P0758,0,Healthy,0.0006,0.9991,0.0003,0.0000
Healthy/lyria__P0758__b2.png,Healthy,P0758,0,Healthy,0.0005,0.9993,0.0002,0.0000
Healthy/lyria__P0758__b3.png,Healthy,P0758,0,Healthy,0.0000,1.0000,0.0000,0.0000
Healthy/lyria__P0758__b4.png,Healthy,P0758,0,Healthy,0.0001,0.9996,0.0003,0.0000
Healthy/lyria__P0758__b5.png,Healthy,P0758,0,Healthy,0.0000,1.0000,0.0000,0.0000
Healthy/lyria__P0758__b6.png,Healthy,P0758,0,Healthy,0.0009,0.9990,0.0002,0.0000
Healthy/lyria__P0758__b7.png,Healthy,P0758,0,Healthy,0.0000,0.9999,0.0000,0.0000
Healthy/lyria__P0758__b8.png,Healthy,P0758,0,Healthy,0.0000,0.9999,0.0001,0.0000
Healthy/lyria__P0758__b9.png,Healthy,P0758,0,Healthy,0.0000,0.9998,0.0002,0.0000
Healthy/lyria__P0758__b10.png,Healthy,P0758,0,Healthy,0.0000,0.9976,0.0024,0.0000
Healthy/lyria__P0758__b11.png,Healthy,P0758,0,Healthy,0.0020,0.9600,0.0379,0.0000
Healthy/lyria__P0758__b13.png,Healthy,P0758,0,Healthy,0.0000,0.9980,0.0019,0.0000
Healthy/lyria__P0760__b0.png,Healthy,P0760,0,Healthy,0.0002,0.9980,0.0018,0.0000
Healthy/lyria__P0760__b1.png,Healthy,P0760,0,Healthy,0.0000,0.9994,0.0005,0.0000
Healthy/lyria__P0761__b0.png,Healthy,P0761,0,Healthy,0.0304,0.9693,0.0002,0.0001
Healthy/lyria__P0761__b2.png,Healthy,P0761,0,Healthy,0.0005,0.9992,0.0003,0.0000
Healthy/lyria__P0761__b3.png,Healthy,P0761,0,Healthy,0.0166,0.9809,0.0005,0.0020
Healthy/lyria__P0761__b4.png,Healthy,P0761,0,Healthy,0.0006,0.9947,0.0012,0.0035
Healthy/lyria__P0761__b6.png,Healthy,P0761,0,Healthy,0.0003,0.9987,0.0009,0.0000
Healthy/lyria__P0761__b7.png,Healthy,P0761,0,Healthy,0.0481,0.9466,0.0038,0.0015
Healthy/lyria__P0762__b0.png,Healthy,P0762,0,Healthy,0.0002,0.9971,0.0027,0.0000
Healthy/lyria__P0762__b2.png,Healthy,P0762,0,Healthy,0.1576,0.8246,0.0165,0.0013
Healthy/lyria__P0762__b3.png,Healthy,P0762,0,Healthy,0.1354,0.8519,0.0125,0.0002
Healthy/lyria__P0762__b5.png,Healthy,P0762,0,Healthy,0.0002,0.9994,0.0003,0.0000
Healthy/lyria__P0762__b6.png,Healthy,P0762,0,Healthy,0.3727,0.6212,0.0003,0.0059
Healthy/lyria__P0763__b0.png,Healthy,P0763,0,Healthy,0.1287,0.8236,0.0058,0.0419
Healthy/lyria__P0763__b1.png,Healthy,P0763,0,Healthy,0.0074,0.9862,0.0006,0.0057
Healthy/lyria__P0763__b3.png,Healthy,P0763,0,Healthy,0.0003,0.9992,0.0005,0.0000
Healthy/lyria__P0763__b4.png,Healthy,P0763,0,Healthy,0.0000,1.0000,0.0000,0.0000
Healthy/lyria__P0763__b6.png,Healthy,P0763,0,Healthy,0.0000,0.9998,0.0002,0.0000
Healthy/lyria__P0763__b7.png,Healthy,P0763,0,Healthy,0.0306,0.9639,0.0050,0.0005
Healthy/lyria__P0764__b0.png,Healthy,P0764,0,Healthy,0.0003,0.9978,0.0018,0.0001
Healthy/lyria__P0764__b2.png,Healthy,P0764,0,Healthy,0.0122,0.9876,0.0002,0.0000
Healthy/lyria__P0764__b3.png,Healthy,P0764,0,Impacted,0.0015,0.3255,0.6727,0.0004
Healthy/lyria__P0764__b4.png,Healthy,P0764,0,Healthy,0.0082,0.9906,0.0008,0.0004
Healthy/lyria__P0764__b5.png,Healthy,P0764,0,Healthy,0.0001,0.9998,0.0001,0.0000
Healthy/lyria__P0764__b6.png,Healthy,P0764,0,Healthy,0.0001,0.9998,0.0001,0.0000
Healthy/lyria__P0764__b8.png,Healthy,P0764,0,Healthy,0.0002,0.9998,0.0000,0.0000
Healthy/lyria__P0764__b9.png,Healthy,P0764,0,Healthy,0.0001,0.9998,0.0001,0.0000
Healthy/lyria__P0764__b10.png,Healthy,P0764,0,Healthy,0.0002,0.9997,0.0001,0.0000
Healthy/lyria__P0764__b11.png,Healthy,P0764,0,Healthy,0.0000,0.9999,0.0000,0.0000
Healthy/lyria__P0764__b12.png,Healthy,P0764,0,Healthy,0.0027,0.9962,0.0011,0.0000
Healthy/lyria__P0764__b13.png,Healthy,P0764,0,Healthy,0.0010,0.9573,0.0417,0.0000
Healthy/lyria__P0764__b14.png,Healthy,P0764,0,Healthy,0.0000,0.9909,0.0090,0.0000
Healthy/lyria__P0764__b15.png,Healthy,P0764,0,Impacted,0.0000,0.0228,0.9772,0.0000
Healthy/lyria__P0765__b0.png,Healthy,P0765,0,Healthy,0.0000,0.9998,0.0001,0.0000
Healthy/lyria__P0765__b1.png,Healthy,P0765,0,Healthy,0.0000,0.9991,0.0008,0.0001
Healthy/lyria__P0765__b2.png,Healthy,P0765,0,Healthy,0.0054,0.9942,0.0003,0.0001
Healthy/lyria__P0765__b3.png,Healthy,P0765,0,Healthy,0.0000,1.0000,0.0000,0.0000
Healthy/lyria__P0765__b4.png,Healthy,P0765,0,Healthy,0.0108,0.9890,0.0001,0.0000
Healthy/lyria__P0766__b1.png,Healthy,P0766,0,Healthy,0.0000,1.0000,0.0000,0.0000
Healthy/lyria__P0766__b2.png,Healthy,P0766,0,Healthy,0.0094,0.9901,0.0004,0.0001
Healthy/lyria__P0766__b3.png,Healthy,P0766,0,Healthy,0.0010,0.9965,0.0025,0.0000
Healthy/lyria__P0766__b4.png,Healthy,P0766,0,Healthy,0.0007,0.9992,0.0001,0.0000
Healthy/lyria__P0766__b5.png,Healthy,P0766,0,Healthy,0.0004,0.9993,0.0003,0.0000
Healthy/lyria__P0766__b7.png,Healthy,P0766,0,Healthy,0.0127,0.9869,0.0004,0.0000
Healthy/lyria__P0079__b0.png,Healthy,P0079,0,Healthy,0.0000,0.9955,0.0043,0.0001
Healthy/lyria__P0079__b1.png,Healthy,P0079,0,Healthy,0.0001,0.9995,0.0004,0.0000
Healthy/lyria__P0079__b2.png,Healthy,P0079,0,Healthy,0.0783,0.9205,0.0010,0.0001
Healthy/lyria__P0079__b3.png,Healthy,P0079,0,Healthy,0.0000,1.0000,0.0000,0.0000
Healthy/lyria__P0079__b4.png,Healthy,P0079,0,Healthy,0.0000,0.9996,0.0003,0.0000
Healthy/lyria__P0079__b5.png,Healthy,P0079,0,Healthy,0.0028,0.9812,0.0099,0.0061
Healthy/lyria__P0079__b6.png,Healthy,P0079,0,Healthy,0.0001,0.9999,0.0000,0.0000
Healthy/lyria__P0079__b7.png,Healthy,P0079,0,Healthy,0.0061,0.9933,0.0005,0.0000
Healthy/lyria__P0079__b8.png,Healthy,P0079,0,Healthy,0.0045,0.9945,0.0010,0.0000
Healthy/lyria__P0079__b9.png,Healthy,P0079,0,Healthy,0.0002,0.9628,0.0369,0.0001
Healthy/lyria__P0079__b10.png,Healthy,P0079,0,Healthy,0.0001,0.9471,0.0528,0.0001
Healthy/lyria__P0079__b11.png,Healthy,P0079,0,Healthy,0.0000,1.0000,0.0000,0.0000
Healthy/lyria__P0079__b12.png,Healthy,P0079,0,Healthy,0.0001,0.9997,0.0003,0.0000
Healthy/lyria__P0079__b13.png,Healthy,P0079,0,Healthy,0.0001,0.9998,0.0001,0.0000
Healthy/lyria__P0079__b14.png,Healthy,P0079,0,Healthy,0.0000,1.0000,0.0000,0.0000
Healthy/lyria__P0079__b15.png,Healthy,P0079,0,Healthy,0.0001,0.9998,0.0002,0.0000
Healthy/lyria__P0079__b17.png,Healthy,P0079,0,Healthy,0.0000,0.9999,0.0000,0.0000
Healthy/lyria__P0079__b18.png,Healthy,P0079,0,Healthy,0.0001,0.9995,0.0004,0.0000
Healthy/lyria__P0079__b19.png,Healthy,P0079,0,Healthy,0.0001,0.9999,0.0000,0.0000
Healthy/lyria__P0079__b20.png,Healthy,P0079,0,Healthy,0.0006,0.9986,0.0008,0.0000
Healthy/lyria__P0079__b21.png,Healthy,P0079,0,Healthy,0.0000,0.9945,0.0054,0.0000
Healthy/lyria__P0768__b0.png,Healthy,P0768,0,Impacted,0.0027,0.3954,0.5990,0.0029
Healthy/lyria__P0768__b2.png,Healthy,P0768,0,Healthy,0.0008,0.9992,0.0000,0.0000
Healthy/lyria__P0768__b3.png,Healthy,P0768,0,Healthy,0.0000,1.0000,0.0000,0.0000
Healthy/lyria__P0768__b4.png,Healthy,P0768,0,Healthy,0.0000,1.0000,0.0000,0.0000
Healthy/lyria__P0769__b1.png,Healthy,P0769,0,Healthy,0.0000,1.0000,0.0000,0.0000
Healthy/lyria__P0769__b3.png,Healthy,P0769,0,Healthy,0.0277,0.9628,0.0095,0.0000
Healthy/lyria__P0770__b1.png,Healthy,P0770,0,Healthy,0.0000,1.0000,0.0000,0.0000
Healthy/lyria__P0770__b2.png,Healthy,P0770,0,Healthy,0.0000,0.9999,0.0001,0.0000
Healthy/lyria__P0771__b0.png,Healthy,P0771,0,Healthy,0.0000,0.9998,0.0002,0.0000
Healthy/lyria__P0771__b2.png,Healthy,P0771,0,Healthy,0.0000,0.9998,0.0001,0.0000
Healthy/lyria__P0771__b3.png,Healthy,P0771,0,Healthy,0.0001,0.9999,0.0000,0.0000
Healthy/lyria__P0771__b4.png,Healthy,P0771,0,Healthy,0.0000,0.9999,0.0001,0.0000
Healthy/lyria__P0772__b0.png,Healthy,P0772,0,Healthy,0.1761,0.5581,0.2523,0.0135
Healthy/lyria__P0772__b2.png,Healthy,P0772,0,Healthy,0.0029,0.9965,0.0006,0.0000
Healthy/lyria__P0772__b3.png,Healthy,P0772,0,Healthy,0.4043,0.5815,0.0134,0.0008
Healthy/lyria__P0772__b4.png,Healthy,P0772,0,Healthy,0.0328,0.9668,0.0004,0.0001
Healthy/lyria__P0772__b5.png,Healthy,P0772,0,Healthy,0.0158,0.9840,0.0001,0.0000
Healthy/lyria__P0772__b6.png,Healthy,P0772,0,Healthy,0.0177,0.9816,0.0007,0.0000
Healthy/lyria__P0772__b7.png,Healthy,P0772,0,Healthy,0.0089,0.9908,0.0003,0.0000
Healthy/lyria__P0772__b8.png,Healthy,P0772,0,Healthy,0.0456,0.9541,0.0003,0.0000
Healthy/lyria__P0772__b9.png,Healthy,P0772,0,Healthy,0.0000,0.9999,0.0001,0.0000
Healthy/lyria__P0772__b11.png,Healthy,P0772,0,Healthy,0.0000,0.9997,0.0003,0.0000
Healthy/lyria__P0772__b12.png,Healthy,P0772,0,Healthy,0.0000,0.9999,0.0000,0.0000
Healthy/lyria__P0772__b13.png,Healthy,P0772,0,Healthy,0.0000,1.0000,0.0000,0.0000
Healthy/lyria__P0772__b14.png,Healthy,P0772,0,Healthy,0.0010,0.9967,0.0012,0.0011
Healthy/lyria__P0772__b15.png,Healthy,P0772,0,Healthy,0.0000,1.0000,0.0000,0.0000
Healthy/lyria__P0772__b16.png,Healthy,P0772,0,Healthy,0.0000,0.9999,0.0001,0.0000
Healthy/lyria__P0772__b17.png,Healthy,P0772,0,Healthy,0.0000,1.0000,0.0000,0.0000
Healthy/lyria__P0773__b0.png,Healthy,P0773,0,Healthy,0.0006,0.9989,0.0005,0.0000
Healthy/lyria__P0773__b1.png,Healthy,P0773,0,Healthy,0.0001,0.9997,0.0001,0.0001
Healthy/lyria__P0776__b0.png,Healthy,P0776,0,Healthy,0.0000,0.9997,0.0003,0.0000
Healthy/lyria__P0777__b0.png,Healthy,P0777,0,Healthy,0.0001,0.9998,0.0001,0.0000
Healthy/lyria__P0777__b1.png,Healthy,P0777,0,Healthy,0.0000,1.0000,0.0000,0.0000
Healthy/lyria__P0777__b2.png,Healthy,P0777,0,Healthy,0.0004,0.9993,0.0003,0.0000
Healthy/lyria__P0777__b3.png,Healthy,P0777,0,Healthy,0.0270,0.9724,0.0003,0.0002
Healthy/lyria__P0777__b4.png,Healthy,P0777,0,Healthy,0.0010,0.9951,0.0039,0.0001
Healthy/lyria__P0777__b7.png,Healthy,P0777,0,Healthy,0.0005,0.9946,0.0032,0.0018
Healthy/lyria__P0777__b8.png,Healthy,P0777,0,Healthy,0.0001,0.9990,0.0009,0.0000
Healthy/lyria__P0777__b9.png,Healthy,P0777,0,Healthy,0.0002,0.9989,0.0009,0.0000
Healthy/lyria__P0777__b10.png,Healthy,P0777,0,Healthy,0.0038,0.9480,0.0481,0.0000
Healthy/lyria__P0779__b0.png,Healthy,P0779,0,Healthy,0.1957,0.8041,0.0002,0.0000
Healthy/lyria__P0779__b1.png,Healthy,P0779,0,Healthy,0.0060,0.9940,0.0000,0.0000
Healthy/lyria__P0779__b2.png,Healthy,P0779,0,Healthy,0.0002,0.9998,0.0000,0.0000
Healthy/lyria__P0779__b4.png,Healthy,P0779,0,Healthy,0.0001,0.9997,0.0002,0.0001
Healthy/lyria__P0779__b5.png,Healthy,P0779,0,Healthy,0.0001,0.9998,0.0001,0.0000
Healthy/lyria__P0779__b6.png,Healthy,P0779,0,Healthy,0.0000,0.9999,0.0000,0.0000
Healthy/lyria__P0779__b7.png,Healthy,P0779,0,Healthy,0.0328,0.9672,0.0000,0.0000
Healthy/lyria__P0779__b8.png,Healthy,P0779,0,Healthy,0.0020,0.9978,0.0001,0.0001
Healthy/lyria__P0779__b9.png,Healthy,P0779,0,Healthy,0.0000,1.0000,0.0000,0.0000
Healthy/lyria__P0779__b10.png,Healthy,P0779,0,Healthy,0.0000,1.0000,0.0000,0.0000
Healthy/lyria__P0779__b11.png,Healthy,P0779,0,Healthy,0.0002,0.9996,0.0002,0.0000
Healthy/lyria__P0779__b12.png,Healthy,P0779,0,Healthy,0.0000,1.0000,0.0000,0.0000
Healthy/lyria__P0779__b13.png,Healthy,P0779,0,Healthy,0.0000,1.0000,0.0000,0.0000
Healthy/lyria__P0781__b0.png,Healthy,P0781,0,Healthy,0.0024,0.9972,0.0004,0.0000
Healthy/lyria__P0781__b1.png,Healthy,P0781,0,Healthy,0.0025,0.5602,0.4301,0.0071
Healthy/lyria__P0781__b2.png,Healthy,P0781,0,Healthy,0.0008,0.9984,0.0007,0.0002
Healthy/lyria__P0781__b3.png,Healthy,P0781,0,Healthy,0.0003,0.9996,0.0001,0.0000
Healthy/lyria__P0781__b4.png,Healthy,P0781,0,Healthy,0.0000,0.9999,0.0001,0.0000
Healthy/lyria__P0781__b5.png,Healthy,P0781,0,Healthy,0.0001,0.9996,0.0003,0.0000
Healthy/lyria__P0781__b6.png,Healthy,P0781,0,Healthy,0.0000,1.0000,0.0000,0.0000
Healthy/lyria__P0781__b7.png,Healthy,P0781,0,Healthy,0.0000,1.0000,0.0000,0.0000
Healthy/lyria__P0781__b8.png,Healthy,P0781,0,Healthy,0.0000,1.0000,0.0000,0.0000
Healthy/lyria__P0781__b9.png,Healthy,P0781,0,Healthy,0.0003,0.9996,0.0000,0.0000
Healthy/lyria__P0782__b0.png,Healthy,P0782,0,Healthy,0.0001,0.9988,0.0010,0.0000
Healthy/lyria__P0782__b1.png,Healthy,P0782,0,Healthy,0.0000,0.9988,0.0011,0.0000
Healthy/lyria__P0782__b2.png,Healthy,P0782,0,Healthy,0.0235,0.9731,0.0034,0.0000
Healthy/lyria__P0782__b3.png,Healthy,P0782,0,Healthy,0.0092,0.9906,0.0002,0.0000
Healthy/lyria__P0782__b4.png,Healthy,P0782,0,Healthy,0.0001,0.9999,0.0000,0.0000
Healthy/lyria__P0782__b5.png,Healthy,P0782,0,Healthy,0.0048,0.9951,0.0001,0.0000
Healthy/lyria__P0782__b7.png,Healthy,P0782,0,Healthy,0.0001,0.9996,0.0003,0.0000
Healthy/lyria__P0782__b8.png,Healthy,P0782,0,Healthy,0.0196,0.5802,0.3973,0.0030
Healthy/lyria__P0782__b9.png,Healthy,P0782,0,Healthy,0.0000,1.0000,0.0000,0.0000
Healthy/lyria__P0782__b10.png,Healthy,P0782,0,Healthy,0.0000,0.9999,0.0001,0.0000
Healthy/lyria__P0782__b11.png,Healthy,P0782,0,Healthy,0.0000,0.9999,0.0001,0.0000
Healthy/lyria__P0782__b12.png,Healthy,P0782,0,Healthy,0.0001,0.9995,0.0005,0.0000
Healthy/lyria__P0782__b13.png,Healthy,P0782,0,Healthy,0.0000,0.9995,0.0004,0.0000
Healthy/lyria__P0782__b14.png,Healthy,P0782,0,Healthy,0.0001,0.9962,0.0037,0.0000
Healthy/lyria__P0782__b16.png,Healthy,P0782,0,Healthy,0.0019,0.9910,0.0054,0.0016
Healthy/lyria__P0783__b0.png,Healthy,P0783,0,Healthy,0.3549,0.6449,0.0001,0.0001
Healthy/lyria__P0783__b1.png,Healthy,P0783,0,Healthy,0.0000,0.9992,0.0008,0.0000
Healthy/lyria__P0786__b0.png,Healthy,P0786,0,Healthy,0.0004,0.9990,0.0006,0.0000
Healthy/lyria__P0786__b1.png,Healthy,P0786,0,Healthy,0.0114,0.9808,0.0077,0.0000
Healthy/lyria__P0786__b3.png,Healthy,P0786,0,Healthy,0.0000,0.9976,0.0024,0.0000
Healthy/lyria__P0786__b4.png,Healthy,P0786,0,Healthy,0.0002,0.9922,0.0075,0.0000
Healthy/lyria__P0786__b5.png,Healthy,P0786,0,Healthy,0.0001,0.9998,0.0001,0.0000
Healthy/lyria__P0786__b6.png,Healthy,P0786,0,Healthy,0.0002,0.9981,0.0016,0.0000
Healthy/lyria__P0786__b7.png,Healthy,P0786,0,Healthy,0.0000,0.9994,0.0006,0.0000
Healthy/lyria__P0786__b9.png,Healthy,P0786,0,Healthy,0.0014,0.9982,0.0004,0.0000
Healthy/lyria__P0786__b10.png,Healthy,P0786,0,Healthy,0.0223,0.9707,0.0064,0.0005
Healthy/lyria__P0787__b0.png,Healthy,P0787,0,Healthy,0.0931,0.8943,0.0124,0.0003
Healthy/lyria__P0787__b1.png,Healthy,P0787,0,Healthy,0.0046,0.9110,0.0821,0.0022
Healthy/lyria__P0787__b2.png,Healthy,P0787,0,Healthy,0.0004,0.9958,0.0038,0.0000
Healthy/lyria__P0787__b3.png,Healthy,P0787,0,Healthy,0.0000,0.9998,0.0002,0.0000
Healthy/lyria__P0787__b4.png,Healthy,P0787,0,Healthy,0.0000,0.9997,0.0002,0.0000
Healthy/lyria__P0787__b5.png,Healthy,P0787,0,Healthy,0.0004,0.9994,0.0002,0.0000
Healthy/lyria__P0787__b6.png,Healthy,P0787,0,Healthy,0.0000,0.9999,0.0001,0.0000
Healthy/lyria__P0787__b7.png,Healthy,P0787,0,Healthy,0.0001,0.9764,0.0235,0.0000
Healthy/lyria__P0787__b8.png,Healthy,P0787,0,Healthy,0.0001,0.9774,0.0225,0.0000
Healthy/lyria__P0787__b10.png,Healthy,P0787,0,Healthy,0.0004,0.9957,0.0039,0.0001
Healthy/lyria__P0788__b1.png,Healthy,P0788,0,Healthy,0.0001,0.9980,0.0019,0.0000
Healthy/lyria__P0788__b2.png,Healthy,P0788,0,Healthy,0.0002,0.9995,0.0003,0.0000
Healthy/lyria__P0788__b3.png,Healthy,P0788,0,Healthy,0.0002,0.9998,0.0000,0.0000
Healthy/lyria__P0788__b4.png,Healthy,P0788,0,Healthy,0.0000,0.9995,0.0005,0.0000
Healthy/lyria__P0788__b5.png,Healthy,P0788,0,Healthy,0.0000,0.9997,0.0002,0.0000
Healthy/lyria__P0788__b6.png,Healthy,P0788,0,Healthy,0.0000,0.9999,0.0001,0.0000
Healthy/lyria__P0788__b7.png,Healthy,P0788,0,Healthy,0.0011,0.9980,0.0007,0.0002
Healthy/lyria__P0788__b8.png,Healthy,P0788,0,Healthy,0.0001,0.9998,0.0000,0.0000
Healthy/lyria__P0788__b9.png,Healthy,P0788,0,Healthy,0.0195,0.9753,0.0048,0.0003
Healthy/lyria__P0789__b0.png,Healthy,P0789,0,Healthy,0.0002,0.9998,0.0000,0.0000
Healthy/lyria__P0789__b1.png,Healthy,P0789,0,Healthy,0.0033,0.9966,0.0002,0.0000
Healthy/lyria__P0789__b2.png,Healthy,P0789,0,Healthy,0.0000,0.9999,0.0000,0.0000
Healthy/lyria__P0789__b3.png,Healthy,P0789,0,Healthy,0.0003,0.9994,0.0002,0.0000
Healthy/lyria__P0789__b4.png,Healthy,P0789,0,Healthy,0.0002,0.9988,0.0010,0.0000
Healthy/lyria__P0789__b5.png,Healthy,P0789,0,Healthy,0.0007,0.9984,0.0007,0.0001
Healthy/lyria__P0789__b6.png,Healthy,P0789,0,Healthy,0.0286,0.9712,0.0001,0.0000
Healthy/lyria__P0789__b7.png,Healthy,P0789,0,Healthy,0.0008,0.9991,0.0001,0.0000
Healthy/lyria__P0789__b8.png,Healthy,P0789,0,Healthy,0.0093,0.9902,0.0005,0.0000
Healthy/lyria__P0789__b9.png,Healthy,P0789,0,Healthy,0.0000,0.9995,0.0004,0.0000
Healthy/lyria__P0789__b10.png,Healthy,P0789,0,Healthy,0.0002,0.9947,0.0050,0.0000
Healthy/lyria__P0789__b11.png,Healthy,P0789,0,Healthy,0.0009,0.9840,0.0149,0.0002
Healthy/lyria__P0789__b12.png,Healthy,P0789,0,Healthy,0.0000,0.9997,0.0003,0.0000
Healthy/lyria__P0789__b13.png,Healthy,P0789,0,Healthy,0.0018,0.9980,0.0002,0.0000
Healthy/lyria__P0789__b14.png,Healthy,P0789,0,Healthy,0.0000,0.9999,0.0000,0.0000
Healthy/lyria__P0789__b15.png,Healthy,P0789,0,Healthy,0.0001,0.9998,0.0001,0.0000
Healthy/lyria__P0789__b17.png,Healthy,P0789,0,Healthy,0.0000,1.0000,0.0000,0.0000
Healthy/lyria__P0789__b18.png,Healthy,P0789,0,Healthy,0.0012,0.9966,0.0022,0.0000
Healthy/lyria__P0789__b19.png,Healthy,P0789,0,Healthy,0.0002,0.9987,0.0011,0.0000
Healthy/lyria__P0789__b20.png,Healthy,P0789,0,Healthy,0.0000,0.9999,0.0001,0.0000
Healthy/lyria__P0789__b21.png,Healthy,P0789,0,Healthy,0.0000,1.0000,0.0000,0.0000
Healthy/lyria__P0789__b22.png,Healthy,P0789,0,Healthy,0.0000,0.8420,0.1580,0.0000
Healthy/lyria__P0789__b23.png,Healthy,P0789,0,Healthy,0.0174,0.9824,0.0002,0.0000
Healthy/lyria__P0789__b24.png,Healthy,P0789,0,Healthy,0.0130,0.9867,0.0003,0.0000
Healthy/lyria__P0789__b25.png,Healthy,P0789,0,Healthy,0.0002,0.9988,0.0011,0.0000
Healthy/lyria__P0789__b26.png,Healthy,P0789,0,Healthy,0.0004,0.9923,0.0070,0.0002
Healthy/lyria__P0789__b27.png,Healthy,P0789,0,Healthy,0.0000,0.9984,0.0015,0.0001
Healthy/lyria__P0789__b28.png,Healthy,P0789,0,Healthy,0.0000,0.9989,0.0011,0.0000
Healthy/lyria__P0789__b29.png,Healthy,P0789,0,Healthy,0.0000,0.9988,0.0012,0.0000
Healthy/lyria__P0789__b30.png,Healthy,P0789,0,Healthy,0.0000,1.0000,0.0000,0.0000
Healthy/lyria__P0789__b31.png,Healthy,P0789,0,Healthy,0.0000,0.7851,0.2149,0.0000
Healthy/lyria__P0791__b0.png,Healthy,P0791,0,Healthy,0.0021,0.9978,0.0001,0.0000
Healthy/lyria__P0791__b1.png,Healthy,P0791,0,Healthy,0.2389,0.7523,0.0085,0.0002
Healthy/lyria__P0791__b2.png,Healthy,P0791,0,Healthy,0.0078,0.9918,0.0002,0.0001
Healthy/lyria__P0791__b3.png,Healthy,P0791,0,Healthy,0.0271,0.9672,0.0056,0.0001
Healthy/lyria__P0791__b4.png,Healthy,P0791,0,Healthy,0.0123,0.9872,0.0005,0.0001
Healthy/lyria__P0791__b5.png,Healthy,P0791,0,Healthy,0.2048,0.7923,0.0026,0.0003
Healthy/lyria__P0791__b6.png,Healthy,P0791,0,Healthy,0.2025,0.7755,0.0219,0.0001
Healthy/lyria__P0791__b7.png,Healthy,P0791,0,Healthy,0.0000,0.9999,0.0000,0.0000
Healthy/lyria__P0791__b8.png,Healthy,P0791,0,Healthy,0.0017,0.9463,0.0519,0.0000
Healthy/lyria__P0791__b9.png,Healthy,P0791,0,Healthy,0.0023,0.6626,0.3350,0.0001
Healthy/lyria__P0791__b10.png,Healthy,P0791,0,Impacted,0.1220,0.0364,0.8407,0.0009
Healthy/lyria__P0791__b11.png,Healthy,P0791,0,Healthy,0.0001,0.9995,0.0004,0.0000
Healthy/lyria__P0791__b12.png,Healthy,P0791,0,Healthy,0.0026,0.9960,0.0004,0.0010
Healthy/lyria__P0791__b13.png,Healthy,P0791,0,Healthy,0.0006,0.9992,0.0002,0.0000
Healthy/lyria__P0791__b14.png,Healthy,P0791,0,Healthy,0.0042,0.9755,0.0138,0.0065
Healthy/lyria__P0791__b15.png,Healthy,P0791,0,Healthy,0.0000,0.9900,0.0100,0.0000
Healthy/lyria__P0791__b16.png,Healthy,P0791,0,Healthy,0.0000,1.0000,0.0000,0.0000
Healthy/lyria__P0791__b17.png,Healthy,P0791,0,Healthy,0.0017,0.9977,0.0003,0.0002
Healthy/lyria__P0791__b18.png,Healthy,P0791,0,Healthy,0.0336,0.9545,0.0116,0.0003
Healthy/lyria__P0791__b19.png,Healthy,P0791,0,Healthy,0.0010,0.8671,0.1317,0.0002
Healthy/lyria__P0791__b20.png,Healthy,P0791,0,Healthy,0.0000,0.9997,0.0003,0.0000
Healthy/lyria__P0791__b21.png,Healthy,P0791,0,Healthy,0.0001,0.6471,0.3527,0.0001
Healthy/lyria__P0791__b22.png,Healthy,P0791,0,Impacted,0.0001,0.0001,0.9998,0.0000
Healthy/lyria__P0791__b25.png,Healthy,P0791,0,Healthy,0.0001,0.9973,0.0027,0.0000
Healthy/lyria__P0791__b26.png,Healthy,P0791,0,Healthy,0.0002,0.9943,0.0055,0.0000
Healthy/lyria__P0791__b27.png,Healthy,P0791,0,Healthy,0.0001,0.9915,0.0082,0.0002
Healthy/lyria__P0791__b28.png,Healthy,P0791,0,Impacted,0.0000,0.0004,0.9995,0.0000
Healthy/lyria__P0792__b0.png,Healthy,P0792,0,Healthy,0.0002,0.9997,0.0000,0.0000
Healthy/lyria__P0792__b1.png,Healthy,P0792,0,Healthy,0.0024,0.9974,0.0002,0.0000
Healthy/lyria__P0792__b2.png,Healthy,P0792,0,Healthy,0.0050,0.9948,0.0002,0.0000
Healthy/lyria__P0792__b3.png,Healthy,P0792,0,Healthy,0.0000,1.0000,0.0000,0.0000
Healthy/lyria__P0792__b4.png,Healthy,P0792,0,Healthy,0.0001,0.9995,0.0004,0.0000
Healthy/lyria__P0792__b5.png,Healthy,P0792,0,Healthy,0.0002,0.9994,0.0005,0.0000
Healthy/lyria__P0792__b8.png,Healthy,P0792,0,Healthy,0.0002,0.9992,0.0001,0.0004
Healthy/lyria__P0793__b0.png,Healthy,P0793,0,Healthy,0.0033,0.9967,0.0000,0.0000
Healthy/lyria__P0793__b1.png,Healthy,P0793,0,Healthy,0.0217,0.9782,0.0000,0.0000
Healthy/lyria__P0793__b2.png,Healthy,P0793,0,Healthy,0.0011,0.9989,0.0000,0.0000
Healthy/lyria__P0793__b3.png,Healthy,P0793,0,Healthy,0.0001,0.9999,0.0000,0.0000
Healthy/lyria__P0793__b4.png,Healthy,P0793,0,Healthy,0.0001,0.9998,0.0001,0.0000
Healthy/lyria__P0793__b5.png,Healthy,P0793,0,Healthy,0.0006,0.9993,0.0001,0.0000
Healthy/lyria__P0793__b6.png,Healthy,P0793,0,Healthy,0.1557,0.3388,0.2366,0.2689
Healthy/lyria__P0793__b7.png,Healthy,P0793,0,Healthy,0.0000,0.9985,0.0015,0.0000
Healthy/lyria__P0793__b8.png,Healthy,P0793,0,Healthy,0.0000,0.9991,0.0009,0.0000
Healthy/lyria__P0793__b9.png,Healthy,P0793,0,Healthy,0.0015,0.9970,0.0015,0.0000
Healthy/lyria__P0793__b11.png,Healthy,P0793,0,Healthy,0.1838,0.8072,0.0090,0.0000
Healthy/lyria__P0793__b12.png,Healthy,P0793,0,Healthy,0.0001,0.9997,0.0002,0.0000
Healthy/lyria__P0793__b13.png,Healthy,P0793,0,Healthy,0.0003,0.9965,0.0029,0.0004
Healthy/lyria__P0793__b14.png,Healthy,P0793,0,Healthy,0.0001,0.9994,0.0002,0.0003
Healthy/lyria__P0793__b15.png,Healthy,P0793,0,Healthy,0.2246,0.6736,0.0154,0.0865
Healthy/lyria__P0795__b0.png,Healthy,P0795,0,Healthy,0.0223,0.9776,0.0001,0.0001
Healthy/lyria__P0795__b1.png,Healthy,P0795,0,Healthy,0.1506,0.8483,0.0010,0.0002
Healthy/lyria__P0795__b2.png,Healthy,P0795,0,Healthy,0.0002,0.9994,0.0004,0.0000
Healthy/lyria__P0795__b3.png,Healthy,P0795,0,Healthy,0.0255,0.9559,0.0184,0.0001
Healthy/lyria__P0795__b4.png,Healthy,P0795,0,Healthy,0.0005,0.9991,0.0004,0.0000
Healthy/lyria__P0795__b5.png,Healthy,P0795,0,Healthy,0.0008,0.9992,0.0000,0.0000
Healthy/lyria__P0795__b7.png,Healthy,P0795,0,Healthy,0.0132,0.9677,0.0190,0.0001
Healthy/lyria__P0795__b8.png,Healthy,P0795,0,Impacted,0.0017,0.3551,0.6430,0.0002
Healthy/lyria__P0795__b9.png,Healthy,P0795,0,Impacted,0.0005,0.4846,0.5074,0.0075
Healthy/lyria__P0795__b10.png,Healthy,P0795,0,Impacted,0.0004,0.3126,0.6869,0.0001
Healthy/lyria__P0795__b11.png,Healthy,P0795,0,Healthy,0.0019,0.9980,0.0001,0.0000
Healthy/lyria__P0795__b12.png,Healthy,P0795,0,Healthy,0.0001,0.9998,0.0001,0.0000
Healthy/lyria__P0795__b13.png,Healthy,P0795,0,Healthy,0.0010,0.5991,0.3999,0.0000
Healthy/lyria__P0795__b14.png,Healthy,P0795,0,Healthy,0.0002,0.6498,0.3499,0.0001
Healthy/lyria__P0795__b15.png,Healthy,P0795,0,Healthy,0.0025,0.9965,0.0006,0.0004
Healthy/lyria__P0795__b16.png,Healthy,P0795,0,Healthy,0.0000,0.9999,0.0001,0.0000
Healthy/lyria__P0795__b17.png,Healthy,P0795,0,Healthy,0.0001,0.9999,0.0000,0.0000
Healthy/lyria__P0795__b18.png,Healthy,P0795,0,Healthy,0.0007,0.9949,0.0002,0.0043
Healthy/lyria__P0795__b19.png,Healthy,P0795,0,Healthy,0.0000,1.0000,0.0000,0.0000
Healthy/lyria__P0795__b20.png,Healthy,P0795,0,Healthy,0.0000,0.9999,0.0001,0.0000
Healthy/lyria__P0795__b21.png,Healthy,P0795,0,Healthy,0.0016,0.9968,0.0016,0.0000
Healthy/lyria__P0795__b22.png,Healthy,P0795,0,Healthy,0.0000,0.9999,0.0000,0.0000
Healthy/lyria__P0795__b23.png,Healthy,P0795,0,Healthy,0.0001,0.9997,0.0001,0.0000
Healthy/lyria__P0795__b24.png,Healthy,P0795,0,Healthy,0.0052,0.9930,0.0016,0.0003
Healthy/lyria__P0795__b25.png,Healthy,P0795,0,Healthy,0.0038,0.9888,0.0072,0.0002
Healthy/lyria__P0795__b26.png,Healthy,P0795,0,Healthy,0.0006,0.9932,0.0059,0.0003
Healthy/lyria__P0795__b28.png,Healthy,P0795,0,Healthy,0.0000,0.9914,0.0082,0.0003
Healthy/lyria__P0796__b0.png,Healthy,P0796,0,Healthy,0.0007,0.9993,0.0001,0.0000
Healthy/lyria__P0796__b1.png,Healthy,P0796,0,Healthy,0.0000,1.0000,0.0000,0.0000
Healthy/lyria__P0796__b2.png,Healthy,P0796,0,Healthy,0.0000,1.0000,0.0000,0.0000
Healthy/lyria__P0796__b3.png,Healthy,P0796,0,Healthy,0.0007,0.9985,0.0008,0.0000
Healthy/lyria__P0796__b4.png,Healthy,P0796,0,Healthy,0.0036,0.9936,0.0028,0.0001
Healthy/lyria__P0796__b5.png,Healthy,P0796,0,Healthy,0.0000,1.0000,0.0000,0.0000
Healthy/lyria__P0796__b6.png,Healthy,P0796,0,Healthy,0.0001,0.9998,0.0001,0.0000
Healthy/lyria__P0796__b7.png,Healthy,P0796,0,Healthy,0.0001,0.9999,0.0001,0.0000
Healthy/lyria__P0796__b8.png,Healthy,P0796,0,Healthy,0.0010,0.9531,0.0458,0.0001
Healthy/lyria__P0796__b9.png,Healthy,P0796,0,Healthy,0.0000,0.9980,0.0020,0.0000
Healthy/lyria__P0796__b10.png,Healthy,P0796,0,Healthy,0.0004,0.9995,0.0001,0.0000
Healthy/lyria__P0796__b11.png,Healthy,P0796,0,Healthy,0.0071,0.9904,0.0025,0.0000
Healthy/lyria__P0796__b12.png,Healthy,P0796,0,Healthy,0.0000,0.9995,0.0005,0.0000
Healthy/lyria__P0796__b13.png,Healthy,P0796,0,Healthy,0.0000,0.9995,0.0004,0.0000
Healthy/lyria__P0796__b14.png,Healthy,P0796,0,Healthy,0.0006,0.9985,0.0009,0.0000
Healthy/lyria__P0796__b16.png,Healthy,P0796,0,Healthy,0.0001,0.9998,0.0000,0.0000
Healthy/lyria__P0796__b17.png,Healthy,P0796,0,Healthy,0.0000,1.0000,0.0000,0.0000
Healthy/lyria__P0796__b18.png,Healthy,P0796,0,Healthy,0.0001,0.9997,0.0002,0.0000
Healthy/lyria__P0796__b19.png,Healthy,P0796,0,Healthy,0.0012,0.9987,0.0001,0.0000
Healthy/lyria__P0796__b21.png,Healthy,P0796,0,Healthy,0.0000,0.9883,0.0117,0.0000
Healthy/lyria__P0796__b22.png,Healthy,P0796,0,Healthy,0.0000,0.9999,0.0001,0.0000
Healthy/lyria__P0796__b23.png,Healthy,P0796,0,Healthy,0.0000,1.0000,0.0000,0.0000
Healthy/lyria__P0796__b24.png,Healthy,P0796,0,Healthy,0.0000,0.9820,0.0179,0.0000
Healthy/lyria__P0796__b25.png,Healthy,P0796,0,Healthy,0.0000,0.7027,0.2972,0.0000
Healthy/lyria__P0796__b26.png,Healthy,P0796,0,Healthy,0.0000,0.9999,0.0000,0.0000
Healthy/lyria__P0796__b27.png,Healthy,P0796,0,Healthy,0.0000,0.9994,0.0005,0.0000
Healthy/lyria__P0796__b28.png,Healthy,P0796,0,Healthy,0.0001,0.9926,0.0074,0.0000
Healthy/lyria__P0796__b29.png,Healthy,P0796,0,Healthy,0.0001,0.6210,0.3789,0.0000
Healthy/lyria__P0083__b0.png,Healthy,P0083,0,Healthy,0.0002,0.9997,0.0000,0.0000
Healthy/lyria__P0083__b1.png,Healthy,P0083,0,Healthy,0.0202,0.9796,0.0002,0.0000
Healthy/lyria__P0083__b2.png,Healthy,P0083,0,Healthy,0.0241,0.9754,0.0005,0.0000
Healthy/lyria__P0083__b3.png,Healthy,P0083,0,Healthy,0.0001,0.9998,0.0001,0.0000
Healthy/lyria__P0083__b4.png,Healthy,P0083,0,Healthy,0.0007,0.9986,0.0007,0.0000
Healthy/lyria__P0083__b5.png,Healthy,P0083,0,Healthy,0.0000,1.0000,0.0000,0.0000
Healthy/lyria__P0083__b6.png,Healthy,P0083,0,Healthy,0.0156,0.9843,0.0001,0.0000
Healthy/lyria__P0083__b7.png,Healthy,P0083,0,Healthy,0.0003,0.9996,0.0000,0.0000
Healthy/lyria__P0083__b8.png,Healthy,P0083,0,Healthy,0.0001,0.9955,0.0044,0.0000
Healthy/lyria__P0083__b9.png,Healthy,P0083,0,Healthy,0.0108,0.5669,0.4187,0.0037
Healthy/lyria__P0083__b10.png,Healthy,P0083,0,Healthy,0.0001,0.9995,0.0005,0.0000
Healthy/lyria__P0083__b11.png,Healthy,P0083,0,Healthy,0.0000,0.9990,0.0009,0.0000
Healthy/lyria__P0083__b12.png,Healthy,P0083,0,Healthy,0.0000,0.9995,0.0005,0.0000
Healthy/lyria__P0083__b13.png,Healthy,P0083,0,Healthy,0.0000,1.0000,0.0000,0.0000
Healthy/lyria__P0083__b15.png,Healthy,P0083,0,Healthy,0.0000,1.0000,0.0000,0.0000
Healthy/lyria__P0083__b16.png,Healthy,P0083,0,Healthy,0.0000,0.9993,0.0007,0.0000
Healthy/lyria__P0798__b1.png,Healthy,P0798,0,Healthy,0.0406,0.9588,0.0000,0.0006
Healthy/lyria__P0799__b0.png,Healthy,P0799,0,Healthy,0.0239,0.9464,0.0294,0.0004
Healthy/lyria__P0799__b1.png,Healthy,P0799,0,Healthy,0.0132,0.9865,0.0002,0.0000
Healthy/lyria__P0799__b2.png,Healthy,P0799,0,Healthy,0.0000,1.0000,0.0000,0.0000
Healthy/lyria__P0799__b3.png,Healthy,P0799,0,Healthy,0.0006,0.9985,0.0009,0.0001
Healthy/lyria__P0799__b4.png,Healthy,P0799,0,Healthy,0.0000,1.0000,0.0000,0.0000
Healthy/lyria__P0799__b5.png,Healthy,P0799,0,Healthy,0.0004,0.9991,0.0005,0.0000
Healthy/lyria__P0802__b0.png,Healthy,P0802,0,Healthy,0.0002,0.9955,0.0043,0.0000
Healthy/lyria__P0802__b1.png,Healthy,P0802,0,Healthy,0.0000,0.9999,0.0001,0.0000
Healthy/lyria__P0802__b3.png,Healthy,P0802,0,Healthy,0.0000,1.0000,0.0000,0.0000
Healthy/lyria__P0802__b4.png,Healthy,P0802,0,Healthy,0.0000,0.9999,0.0001,0.0000
Healthy/lyria__P0802__b5.png,Healthy,P0802,0,Healthy,0.0000,1.0000,0.0000,0.0000
Healthy/lyria__P0802__b6.png,Healthy,P0802,0,Healthy,0.0000,0.9999,0.0001,0.0000
Healthy/lyria__P0803__b0.png,Healthy,P0803,0,Healthy,0.0001,0.9996,0.0003,0.0001
Healthy/lyria__P0804__b0.png,Healthy,P0804,0,Healthy,0.0002,0.9997,0.0000,0.0001
Healthy/lyria__P0804__b3.png,Healthy,P0804,0,Healthy,0.0000,0.9999,0.0000,0.0000
Healthy/lyria__P0804__b4.png,Healthy,P0804,0,Healthy,0.0000,0.9989,0.0010,0.0000
Healthy/lyria__P0804__b5.png,Healthy,P0804,0,Healthy,0.2237,0.7727,0.0005,0.0031
Healthy/lyria__P0805__b0.png,Healthy,P0805,0,Healthy,0.0000,0.9999,0.0001,0.0000
Healthy/lyria__P0805__b1.png,Healthy,P0805,0,Healthy,0.0000,0.9999,0.0001,0.0000
Healthy/lyria__P0805__b2.png,Healthy,P0805,0,Healthy,0.0001,0.9999,0.0000,0.0000
Healthy/lyria__P0805__b3.png,Healthy,P0805,0,Healthy,0.0000,0.9999,0.0001,0.0000
Healthy/lyria__P0805__b4.png,Healthy,P0805,0,Healthy,0.0000,0.9999,0.0001,0.0000
Healthy/lyria__P0084__b1.png,Healthy,P0084,0,Healthy,0.0003,0.9902,0.0095,0.0000
Healthy/lyria__P0084__b3.png,Healthy,P0084,0,Healthy,0.0009,0.9991,0.0000,0.0000
Healthy/lyria__P0084__b4.png,Healthy,P0084,0,Healthy,0.0000,0.9999,0.0001,0.0000
Healthy/lyria__P0084__b5.png,Healthy,P0084,0,Healthy,0.0000,0.9999,0.0001,0.0000
Healthy/lyria__P0084__b6.png,Healthy,P0084,0,Healthy,0.0000,1.0000,0.0000,0.0000
Healthy/lyria__P0084__b7.png,Healthy,P0084,0,Healthy,0.0000,1.0000,0.0000,0.0000
Healthy/lyria__P0084__b8.png,Healthy,P0084,0,Healthy,0.3178,0.4238,0.2582,0.0001
Healthy/lyria__P0806__b0.png,Healthy,P0806,0,Healthy,0.0048,0.9809,0.0142,0.0000
Healthy/lyria__P0806__b1.png,Healthy,P0806,0,Healthy,0.0007,0.9988,0.0005,0.0000
Healthy/lyria__P0806__b2.png,Healthy,P0806,0,Healthy,0.0001,0.9903,0.0096,0.0000
Healthy/lyria__P0806__b5.png,Healthy,P0806,0,Healthy,0.0000,0.9999,0.0001,0.0000
Healthy/lyria__P0806__b6.png,Healthy,P0806,0,Healthy,0.0000,0.9999,0.0001,0.0000
Healthy/lyria__P0806__b7.png,Healthy,P0806,0,Healthy,0.0122,0.9878,0.0000,0.0000
Healthy/lyria__P0807__b0.png,Healthy,P0807,0,Healthy,0.0339,0.9565,0.0091,0.0006
Healthy/lyria__P0807__b1.png,Healthy,P0807,0,Healthy,0.0243,0.9682,0.0057,0.0017
Healthy/lyria__P0807__b2.png,Healthy,P0807,0,Healthy,0.0380,0.9608,0.0005,0.0006
Healthy/lyria__P0807__b3.png,Healthy,P0807,0,Healthy,0.0005,0.9994,0.0001,0.0000
Healthy/lyria__P0807__b4.png,Healthy,P0807,0,Healthy,0.0001,0.9996,0.0003,0.0000
Healthy/lyria__P0807__b5.png,Healthy,P0807,0,Healthy,0.0000,1.0000,0.0000,0.0000
Healthy/lyria__P0807__b6.png,Healthy,P0807,0,Healthy,0.0004,0.9995,0.0002,0.0000
Healthy/lyria__P0807__b8.png,Healthy,P0807,0,Healthy,0.0061,0.9912,0.0004,0.0023
Healthy/lyria__P0807__b9.png,Healthy,P0807,0,Healthy,0.0002,0.9997,0.0001,0.0000
Healthy/lyria__P0807__b10.png,Healthy,P0807,0,Healthy,0.0057,0.9688,0.0254,0.0000
Healthy/lyria__P0807__b11.png,Healthy,P0807,0,Healthy,0.0002,0.9997,0.0001,0.0000
Healthy/lyria__P0807__b12.png,Healthy,P0807,0,Healthy,0.0013,0.9953,0.0034,0.0000
Healthy/lyria__P0808__b0.png,Healthy,P0808,0,Healthy,0.0595,0.8998,0.0405,0.0002
Healthy/lyria__P0808__b2.png,Healthy,P0808,0,Healthy,0.0219,0.9071,0.0710,0.0001
Healthy/lyria__P0808__b3.png,Healthy,P0808,0,Healthy,0.0193,0.9688,0.0116,0.0003
Healthy/lyria__P0808__b4.png,Healthy,P0808,0,Healthy,0.0001,0.9994,0.0005,0.0000
Healthy/lyria__P0808__b5.png,Healthy,P0808,0,Healthy,0.0001,0.9997,0.0002,0.0000
Healthy/lyria__P0808__b7.png,Healthy,P0808,0,Healthy,0.0003,0.9996,0.0001,0.0000
Healthy/lyria__P0808__b8.png,Healthy,P0808,0,Healthy,0.0001,0.9954,0.0045,0.0000
Healthy/lyria__P0808__b9.png,Healthy,P0808,0,Healthy,0.0000,1.0000,0.0000,0.0000
Healthy/lyria__P0808__b10.png,Healthy,P0808,0,Healthy,0.0000,0.9999,0.0000,0.0000
Healthy/lyria__P0808__b11.png,Healthy,P0808,0,Healthy,0.0002,0.9963,0.0035,0.0000
Healthy/lyria__P0808__b12.png,Healthy,P0808,0,Impacted,0.0010,0.3672,0.6293,0.0024
Healthy/lyria__P0808__b13.png,Healthy,P0808,0,Healthy,0.0000,0.7446,0.2552,0.0001
Healthy/lyria__P0808__b14.png,Healthy,P0808,0,Healthy,0.0013,0.9777,0.0209,0.0001
Healthy/lyria__P0808__b15.png,Healthy,P0808,0,Healthy,0.0043,0.9174,0.0780,0.0003
Healthy/lyria__P0809__b0.png,Healthy,P0809,0,Healthy,0.0001,0.9998,0.0000,0.0000
Healthy/lyria__P0809__b1.png,Healthy,P0809,0,Healthy,0.0005,0.9991,0.0004,0.0000
Healthy/lyria__P0809__b2.png,Healthy,P0809,0,Healthy,0.0006,0.9971,0.0023,0.0000
Healthy/lyria__P0809__b3.png,Healthy,P0809,0,Healthy,0.0033,0.9964,0.0003,0.0000
Healthy/lyria__P0809__b4.png,Healthy,P0809,0,Healthy,0.0040,0.9960,0.0000,0.0000
Healthy/lyria__P0809__b5.png,Healthy,P0809,0,Healthy,0.0140,0.9858,0.0002,0.0000
Healthy/lyria__P0809__b6.png,Healthy,P0809,0,Healthy,0.0061,0.9932,0.0004,0.0002
Healthy/lyria__P0809__b7.png,Healthy,P0809,0,Healthy,0.0000,0.9999,0.0001,0.0000
Healthy/lyria__P0809__b8.png,Healthy,P0809,0,Healthy,0.0000,0.9991,0.0008,0.0000
Healthy/lyria__P0809__b9.png,Healthy,P0809,0,Healthy,0.0000,0.9999,0.0001,0.0000
Healthy/lyria__P0809__b10.png,Healthy,P0809,0,Healthy,0.0001,0.9994,0.0005,0.0000
Healthy/lyria__P0809__b11.png,Healthy,P0809,0,Healthy,0.0000,1.0000,0.0000,0.0000
Healthy/lyria__P0809__b12.png,Healthy,P0809,0,Healthy,0.0000,1.0000,0.0000,0.0000
Healthy/lyria__P0810__b0.png,Healthy,P0810,0,Healthy,0.0027,0.9969,0.0002,0.0002
Healthy/lyria__P0810__b1.png,Healthy,P0810,0,Healthy,0.0029,0.9968,0.0002,0.0000
Healthy/lyria__P0810__b2.png,Healthy,P0810,0,Healthy,0.0003,0.9995,0.0001,0.0001
Healthy/lyria__P0810__b3.png,Healthy,P0810,0,Healthy,0.0001,0.9988,0.0012,0.0000
Healthy/lyria__P0810__b4.png,Healthy,P0810,0,Healthy,0.0001,0.9996,0.0003,0.0000
Healthy/lyria__P0810__b5.png,Healthy,P0810,0,Healthy,0.0001,0.9994,0.0005,0.0000
Healthy/lyria__P0810__b6.png,Healthy,P0810,0,Healthy,0.0000,0.9966,0.0033,0.0000
Healthy/lyria__P0810__b7.png,Healthy,P0810,0,Healthy,0.0000,0.9996,0.0004,0.0000
Healthy/lyria__P0810__b8.png,Healthy,P0810,0,Impacted,0.0045,0.2846,0.7108,0.0001
Healthy/lyria__P0810__b9.png,Healthy,P0810,0,Healthy,0.0002,0.9997,0.0001,0.0000
Healthy/lyria__P0810__b10.png,Healthy,P0810,0,Healthy,0.0001,0.9995,0.0005,0.0000
Healthy/lyria__P0085__b0.png,Healthy,P0085,0,Healthy,0.0006,0.6300,0.3694,0.0000
Healthy/lyria__P0085__b1.png,Healthy,P0085,0,Healthy,0.0054,0.6259,0.3685,0.0002
Healthy/lyria__P0085__b2.png,Healthy,P0085,0,Healthy,0.0003,0.9995,0.0003,0.0000
Healthy/lyria__P0085__b3.png,Healthy,P0085,0,Healthy,0.0009,0.9980,0.0012,0.0000
Healthy/lyria__P0085__b4.png,Healthy,P0085,0,Healthy,0.0016,0.9961,0.0023,0.0000
Healthy/lyria__P0085__b5.png,Healthy,P0085,0,Healthy,0.3127,0.6869,0.0004,0.0001
Healthy/lyria__P0085__b6.png,Healthy,P0085,0,Healthy,0.0000,0.9999,0.0001,0.0000
Healthy/lyria__P0085__b7.png,Healthy,P0085,0,Healthy,0.0153,0.9838,0.0008,0.0000
Healthy/lyria__P0085__b8.png,Healthy,P0085,0,Healthy,0.0004,0.9996,0.0001,0.0000
Healthy/lyria__P0085__b9.png,Healthy,P0085,0,Healthy,0.0050,0.8179,0.1770,0.0001
Healthy/lyria__P0085__b11.png,Healthy,P0085,0,Healthy,0.0000,1.0000,0.0000,0.0000
Healthy/lyria__P0085__b12.png,Healthy,P0085,0,Healthy,0.0000,0.9996,0.0004,0.0000
Healthy/lyria__P0085__b13.png,Healthy,P0085,0,Healthy,0.0003,0.9978,0.0019,0.0000
Healthy/lyria__P0085__b14.png,Healthy,P0085,0,Healthy,0.0001,0.9932,0.0067,0.0000
Healthy/lyria__P0085__b15.png,Healthy,P0085,0,Healthy,0.0000,0.9985,0.0015,0.0000
Healthy/lyria__P0085__b16.png,Healthy,P0085,0,Healthy,0.0006,0.9993,0.0001,0.0000
Healthy/lyria__P0085__b17.png,Healthy,P0085,0,Healthy,0.0000,0.9989,0.0011,0.0000
Healthy/lyria__P0085__b18.png,Healthy,P0085,0,Healthy,0.0000,1.0000,0.0000,0.0000
Healthy/lyria__P0085__b19.png,Healthy,P0085,0,Healthy,0.0000,0.9991,0.0008,0.0000
Healthy/lyria__P0085__b20.png,Healthy,P0085,0,Impacted,0.0000,0.2922,0.7078,0.0000
Healthy/lyria__P0088__b0.png,Healthy,P0088,0,Healthy,0.0205,0.9793,0.0001,0.0001
Healthy/lyria__P0088__b2.png,Healthy,P0088,0,Impacted,0.0022,0.4925,0.5044,0.0010
Healthy/lyria__P0088__b3.png,Healthy,P0088,0,Healthy,0.0000,1.0000,0.0000,0.0000
Healthy/lyria__P0088__b4.png,Healthy,P0088,0,Healthy,0.0001,0.9998,0.0000,0.0000
Healthy/lyria__P0088__b5.png,Healthy,P0088,0,Healthy,0.0000,0.9998,0.0002,0.0000
Healthy/lyria__P0088__b6.png,Healthy,P0088,0,Healthy,0.0000,0.9997,0.0003,0.0000
Healthy/lyria__P0089__b0.png,Healthy,P0089,0,Healthy,0.1058,0.8615,0.0322,0.0005
Healthy/lyria__P0089__b2.png,Healthy,P0089,0,Healthy,0.0015,0.9983,0.0001,0.0000
Healthy/lyria__P0089__b3.png,Healthy,P0089,0,Healthy,0.0002,0.9997,0.0001,0.0000
Healthy/lyria__P0089__b4.png,Healthy,P0089,0,Healthy,0.0964,0.9034,0.0001,0.0000
Healthy/lyria__P0089__b5.png,Healthy,P0089,0,Healthy,0.0658,0.9338,0.0004,0.0000
Healthy/lyria__P0089__b6.png,Healthy,P0089,0,Healthy,0.0004,0.9995,0.0000,0.0000
Healthy/lyria__P0089__b7.png,Healthy,P0089,0,Healthy,0.0031,0.9967,0.0002,0.0000
Healthy/lyria__P0089__b8.png,Healthy,P0089,0,Healthy,0.0044,0.9955,0.0001,0.0000
Healthy/lyria__P0089__b10.png,Healthy,P0089,0,Healthy,0.0000,1.0000,0.0000,0.0000
Healthy/lyria__P0089__b11.png,Healthy,P0089,0,Healthy,0.0000,0.9997,0.0003,0.0000
Healthy/lyria__P0089__b12.png,Healthy,P0089,0,Healthy,0.0000,0.9994,0.0005,0.0000
Healthy/lyria__P0089__b13.png,Healthy,P0089,0,Healthy,0.0000,0.9999,0.0000,0.0000
Healthy/lyria__P0089__b14.png,Healthy,P0089,0,Healthy,0.0000,0.9998,0.0002,0.0000
Healthy/lyria__P0089__b15.png,Healthy,P0089,0,Healthy,0.0397,0.9585,0.0012,0.0005
Healthy/lyria__P0091__b0.png,Healthy,P0091,0,Healthy,0.0717,0.9128,0.0007,0.0148
Healthy/lyria__P0091__b1.png,Healthy,P0091,0,Healthy,0.0004,0.9995,0.0001,0.0000
Healthy/lyria__P0091__b2.png,Healthy,P0091,0,Healthy,0.0114,0.9870,0.0014,0.0001
Healthy/lyria__P0091__b3.png,Healthy,P0091,0,Healthy,0.0006,0.9989,0.0005,0.0000
Healthy/lyria__P0091__b5.png,Healthy,P0091,0,Healthy,0.0001,0.9999,0.0000,0.0000
Healthy/lyria__P0091__b6.png,Healthy,P0091,0,Healthy,0.0001,0.9999,0.0000,0.0000
Healthy/lyria__P0091__b8.png,Healthy,P0091,0,Healthy,0.0002,0.9992,0.0006,0.0000
Healthy/lyria__P0091__b9.png,Healthy,P0091,0,Healthy,0.0022,0.9976,0.0001,0.0000
Healthy/lyria__P0091__b10.png,Healthy,P0091,0,Healthy,0.0000,0.9999,0.0001,0.0000
Healthy/lyria__P0091__b11.png,Healthy,P0091,0,Healthy,0.0000,1.0000,0.0000,0.0000
Healthy/lyria__P0091__b12.png,Healthy,P0091,0,Healthy,0.0667,0.9331,0.0000,0.0002
Healthy/lyria__P0091__b13.png,Healthy,P0091,0,Endodontics,0.6482,0.3417,0.0005,0.0096
Healthy/lyria__P0092__b0.png,Healthy,P0092,0,Healthy,0.0021,0.5664,0.4314,0.0002
Healthy/lyria__P0092__b1.png,Healthy,P0092,0,Impacted,0.0586,0.0771,0.8625,0.0019
Healthy/lyria__P0092__b2.png,Healthy,P0092,0,Healthy,0.3221,0.6704,0.0025,0.0050
Healthy/lyria__P0092__b3.png,Healthy,P0092,0,Healthy,0.0003,0.9993,0.0004,0.0000
Healthy/lyria__P0092__b4.png,Healthy,P0092,0,Healthy,0.0001,0.9995,0.0004,0.0000
Healthy/lyria__P0092__b5.png,Healthy,P0092,0,Healthy,0.0002,0.9998,0.0000,0.0000
Healthy/lyria__P0092__b6.png,Healthy,P0092,0,Healthy,0.0001,0.9997,0.0002,0.0000
Healthy/lyria__P0092__b8.png,Healthy,P0092,0,Healthy,0.0044,0.9829,0.0071,0.0056
Healthy/lyria__P0092__b9.png,Healthy,P0092,0,Healthy,0.1811,0.4783,0.3382,0.0025
Healthy/lyria__P0093__b0.png,Healthy,P0093,0,Healthy,0.0043,0.9799,0.0155,0.0002
Healthy/lyria__P0093__b1.png,Healthy,P0093,0,Healthy,0.0022,0.9972,0.0004,0.0002
Healthy/lyria__P0093__b2.png,Healthy,P0093,0,Healthy,0.0526,0.9200,0.0272,0.0003
Healthy/lyria__P0093__b4.png,Healthy,P0093,0,Healthy,0.0019,0.9981,0.0000,0.0000
Healthy/lyria__P0093__b5.png,Healthy,P0093,0,Healthy,0.0001,0.9999,0.0000,0.0000
Healthy/lyria__P0093__b6.png,Healthy,P0093,0,Healthy,0.0033,0.9965,0.0002,0.0000
Healthy/lyria__P0093__b8.png,Healthy,P0093,0,Healthy,0.0002,0.9995,0.0003,0.0000
Healthy/lyria__P0093__b9.png,Healthy,P0093,0,Healthy,0.0000,1.0000,0.0000,0.0000
Healthy/lyria__P0093__b10.png,Healthy,P0093,0,Healthy,0.0000,1.0000,0.0000,0.0000
Healthy/lyria__P0093__b11.png,Healthy,P0093,0,Healthy,0.0000,0.9999,0.0001,0.0000
Healthy/lyria__P0093__b12.png,Healthy,P0093,0,Healthy,0.0000,0.9999,0.0000,0.0000
Healthy/lyria__P0093__b13.png,Healthy,P0093,0,Healthy,0.0043,0.9928,0.0029,0.0000
Healthy/lyria__P0093__b14.png,Healthy,P0093,0,Healthy,0.0000,0.9998,0.0002,0.0000
Healthy/lyria__P0093__b15.png,Healthy,P0093,0,Healthy,0.0000,1.0000,0.0000,0.0000
Healthy/lyria__P0004__b0.png,Healthy,P0004,0,Healthy,0.0310,0.9687,0.0003,0.0000
Healthy/lyria__P0004__b2.png,Healthy,P0004,0,Healthy,0.0000,1.0000,0.0000,0.0000
Healthy/lyria__P0098__b0.png,Healthy,P0098,0,Healthy,0.2815,0.7171,0.0010,0.0005
Healthy/lyria__P0098__b1.png,Healthy,P0098,0,Impacted,0.0011,0.3600,0.6383,0.0006
Healthy/lyria__P0098__b3.png,Healthy,P0098,0,Healthy,0.0000,0.9935,0.0065,0.0000
Healthy/lyria__P0098__b4.png,Healthy,P0098,0,Healthy,0.0004,0.9995,0.0000,0.0001
Healthy/lyria__P0098__b5.png,Healthy,P0098,0,Healthy,0.0001,0.9997,0.0001,0.0000
Healthy/lyria__P0098__b6.png,Healthy,P0098,0,Healthy,0.0000,0.9996,0.0004,0.0000
Healthy/lyria__P0098__b7.png,Healthy,P0098,0,Healthy,0.0000,0.9999,0.0001,0.0000
Healthy/lyria__P0099__b0.png,Healthy,P0099,0,Healthy,0.3641,0.6355,0.0004,0.0001
Healthy/lyria__P0099__b2.png,Healthy,P0099,0,Healthy,0.0001,0.9997,0.0002,0.0000
Healthy/lyria__P0099__b3.png,Healthy,P0099,0,Healthy,0.0000,0.9998,0.0002,0.0000
Healthy/lyria__P0099__b4.png,Healthy,P0099,0,Healthy,0.0000,0.9997,0.0003,0.0000
Healthy/lyria__P0099__b5.png,Healthy,P0099,0,Healthy,0.0000,1.0000,0.0000,0.0000
Healthy/lyria__P0099__b7.png,Healthy,P0099,0,Healthy,0.0000,1.0000,0.0000,0.0000
Healthy/lyria__P0099__b8.png,Healthy,P0099,0,Healthy,0.0002,0.9981,0.0017,0.0000
Healthy/lyria__P0099__b9.png,Healthy,P0099,0,Healthy,0.0002,0.9993,0.0005,0.0000
Healthy/lyria__P0005__b0.png,Healthy,P0005,0,Healthy,0.0178,0.9814,0.0005,0.0003
Healthy/lyria__P0005__b2.png,Healthy,P0005,0,Healthy,0.0016,0.9983,0.0001,0.0000
Healthy/lyria__P0005__b3.png,Healthy,P0005,0,Healthy,0.0001,0.9984,0.0015,0.0000
Healthy/lyria__P0102__b0.png,Healthy,P0102,0,Healthy,0.2939,0.3562,0.3490,0.0010
Healthy/lyria__P0102__b2.png,Healthy,P0102,0,Healthy,0.0004,0.9991,0.0003,0.0002
Healthy/lyria__P0102__b4.png,Healthy,P0102,0,Healthy,0.0002,0.9995,0.0002,0.0002
Healthy/lyria__P0102__b5.png,Healthy,P0102,0,Healthy,0.0000,0.9998,0.0001,0.0001
Healthy/lyria__P0102__b6.png,Healthy,P0102,0,Healthy,0.0014,0.9985,0.0001,0.0000
Healthy/lyria__P0103__b0.png,Healthy,P0103,0,Healthy,0.0002,0.9998,0.0000,0.0000
Healthy/lyria__P0103__b1.png,Healthy,P0103,0,Healthy,0.0005,0.9992,0.0003,0.0000
Healthy/lyria__P0103__b2.png,Healthy,P0103,0,Healthy,0.0006,0.9978,0.0015,0.0001
Healthy/lyria__P0103__b3.png,Healthy,P0103,0,Healthy,0.0120,0.9849,0.0018,0.0012
Healthy/lyria__P0103__b4.png,Healthy,P0103,0,Healthy,0.0742,0.9184,0.0072,0.0002
Healthy/lyria__P0103__b5.png,Healthy,P0103,0,Healthy,0.0004,0.9994,0.0002,0.0000
Healthy/lyria__P0103__b6.png,Healthy,P0103,0,Healthy,0.1338,0.8644,0.0015,0.0003
Healthy/lyria__P0103__b7.png,Healthy,P0103,0,Healthy,0.0015,0.9980,0.0002,0.0003
Healthy/lyria__P0103__b9.png,Healthy,P0103,0,Healthy,0.0000,0.9997,0.0003,0.0000
Healthy/lyria__P0103__b10.png,Healthy,P0103,0,Healthy,0.0004,0.9979,0.0016,0.0001
Healthy/lyria__P0103__b11.png,Healthy,P0103,0,Healthy,0.0000,1.0000,0.0000,0.0000
Healthy/lyria__P0103__b12.png,Healthy,P0103,0,Healthy,0.0000,0.9994,0.0006,0.0000
Healthy/lyria__P0103__b13.png,Healthy,P0103,0,Healthy,0.0004,0.9849,0.0145,0.0002
Healthy/lyria__P0103__b14.png,Healthy,P0103,0,Healthy,0.0000,0.9999,0.0001,0.0000
Healthy/lyria__P0103__b15.png,Healthy,P0103,0,Healthy,0.0000,1.0000,0.0000,0.0000
Healthy/lyria__P0103__b16.png,Healthy,P0103,0,Healthy,0.0000,0.9993,0.0007,0.0000
Healthy/lyria__P0103__b17.png,Healthy,P0103,0,Healthy,0.0001,0.9998,0.0002,0.0000
Healthy/lyria__P0103__b18.png,Healthy,P0103,0,Healthy,0.0000,1.0000,0.0000,0.0000
Healthy/lyria__P0104__b0.png,Healthy,P0104,0,Healthy,0.0001,0.9937,0.0062,0.0000
Healthy/lyria__P0104__b1.png,Healthy,P0104,0,Healthy,0.0010,0.9990,0.0000,0.0000
Healthy/lyria__P0104__b3.png,Healthy,P0104,0,Healthy,0.0005,0.9992,0.0002,0.0000
Healthy/lyria__P0104__b4.png,Healthy,P0104,0,Healthy,0.0016,0.9980,0.0004,0.0000
Healthy/lyria__P0104__b6.png,Healthy,P0104,0,Healthy,0.0023,0.7966,0.2010,0.0001
Healthy/lyria__P0104__b7.png,Healthy,P0104,0,Endodontics,0.6519,0.3450,0.0002,0.0029
Healthy/lyria__P0104__b8.png,Healthy,P0104,0,Healthy,0.0000,0.9989,0.0011,0.0000
Healthy/lyria__P0104__b9.png,Healthy,P0104,0,Healthy,0.0028,0.9970,0.0002,0.0000
Healthy/lyria__P0104__b10.png,Healthy,P0104,0,Healthy,0.0001,0.9998,0.0001,0.0000
Healthy/lyria__P0104__b11.png,Healthy,P0104,0,Healthy,0.0000,0.9998,0.0001,0.0000
Healthy/lyria__P0104__b12.png,Healthy,P0104,0,Healthy,0.0001,0.9998,0.0000,0.0000
Healthy/lyria__P0104__b13.png,Healthy,P0104,0,Healthy,0.0003,0.9993,0.0004,0.0000
Healthy/lyria__P0105__b0.png,Healthy,P0105,0,Healthy,0.0001,0.5651,0.4347,0.0001
Healthy/lyria__P0105__b1.png,Healthy,P0105,0,Healthy,0.0070,0.9901,0.0028,0.0000
Healthy/lyria__P0105__b2.png,Healthy,P0105,0,Healthy,0.1680,0.8172,0.0142,0.0005
Healthy/lyria__P0105__b3.png,Healthy,P0105,0,Healthy,0.2693,0.7158,0.0128,0.0022
Healthy/lyria__P0105__b4.png,Healthy,P0105,0,Healthy,0.0020,0.9970,0.0010,0.0000
Healthy/lyria__P0105__b6.png,Healthy,P0105,0,Healthy,0.0774,0.7252,0.1962,0.0012
Healthy/lyria__P0105__b7.png,Healthy,P0105,0,Healthy,0.0454,0.9497,0.0009,0.0040
Healthy/lyria__P0105__b8.png,Healthy,P0105,0,Healthy,0.0001,0.9984,0.0014,0.0000
Healthy/lyria__P0105__b9.png,Healthy,P0105,0,Healthy,0.0001,0.9908,0.0091,0.0000
Healthy/lyria__P0105__b10.png,Healthy,P0105,0,Healthy,0.0000,1.0000,0.0000,0.0000
Healthy/lyria__P0105__b11.png,Healthy,P0105,0,Healthy,0.0000,0.9971,0.0028,0.0000
Healthy/lyria__P0105__b12.png,Healthy,P0105,0,Healthy,0.0000,0.9997,0.0002,0.0000
Healthy/lyria__P0105__b13.png,Healthy,P0105,0,Healthy,0.0003,0.9996,0.0000,0.0000
Healthy/lyria__P0105__b15.png,Healthy,P0105,0,Healthy,0.0000,0.9999,0.0000,0.0000
Healthy/lyria__P0105__b16.png,Healthy,P0105,0,Healthy,0.0657,0.8677,0.0658,0.0008
Healthy/lyria__P0006__b0.png,Healthy,P0006,0,Healthy,0.0004,0.9995,0.0000,0.0000
Healthy/lyria__P0006__b1.png,Healthy,P0006,0,Healthy,0.0010,0.9944,0.0038,0.0008
Healthy/lyria__P0006__b2.png,Healthy,P0006,0,Healthy,0.0004,0.9985,0.0011,0.0000
Healthy/lyria__P0006__b4.png,Healthy,P0006,0,Healthy,0.0000,0.9998,0.0002,0.0000
Healthy/lyria__P0006__b5.png,Healthy,P0006,0,Healthy,0.0001,0.9998,0.0000,0.0000
Healthy/lyria__P0006__b6.png,Healthy,P0006,0,Healthy,0.0000,0.9999,0.0001,0.0000
Healthy/lyria__P0006__b7.png,Healthy,P0006,0,Healthy,0.0002,0.9995,0.0004,0.0000
Healthy/lyria__P0006__b8.png,Healthy,P0006,0,Healthy,0.0000,0.9995,0.0004,0.0000
Healthy/lyria__P0106__b1.png,Healthy,P0106,0,Healthy,0.0001,0.9962,0.0036,0.0000
Healthy/lyria__P0106__b2.png,Healthy,P0106,0,Healthy,0.0004,0.9987,0.0009,0.0000
Healthy/lyria__P0106__b3.png,Healthy,P0106,0,Healthy,0.0019,0.9979,0.0002,0.0000
Healthy/lyria__P0106__b4.png,Healthy,P0106,0,Healthy,0.0055,0.9943,0.0002,0.0000
Healthy/lyria__P0106__b5.png,Healthy,P0106,0,Healthy,0.0021,0.9773,0.0192,0.0014
Healthy/lyria__P0106__b6.png,Healthy,P0106,0,Healthy,0.0115,0.9068,0.0803,0.0014
Healthy/lyria__P0106__b7.png,Healthy,P0106,0,Healthy,0.0010,0.9985,0.0005,0.0000
Healthy/lyria__P0106__b8.png,Healthy,P0106,0,Healthy,0.0001,0.9993,0.0006,0.0000
Healthy/lyria__P0106__b9.png,Healthy,P0106,0,Healthy,0.0001,0.9999,0.0000,0.0000
Healthy/lyria__P0106__b10.png,Healthy,P0106,0,Healthy,0.0000,0.9999,0.0000,0.0000
Healthy/lyria__P0106__b11.png,Healthy,P0106,0,Healthy,0.0007,0.9982,0.0006,0.0005
Healthy/lyria__P0106__b12.png,Healthy,P0106,0,Impacted,0.0007,0.3121,0.6871,0.0001
Healthy/lyria__P0106__b13.png,Healthy,P0106,0,Healthy,0.0002,0.9925,0.0065,0.0008
Healthy/lyria__P0106__b14.png,Healthy,P0106,0,Healthy,0.0046,0.9908,0.0012,0.0034
Healthy/lyria__P0106__b15.png,Healthy,P0106,0,Healthy,0.0000,0.9999,0.0001,0.0000
Healthy/lyria__P0106__b16.png,Healthy,P0106,0,Healthy,0.0001,0.9951,0.0048,0.0000
Healthy/lyria__P0106__b17.png,Healthy,P0106,0,Healthy,0.0000,0.9999,0.0001,0.0000
Healthy/lyria__P0106__b18.png,Healthy,P0106,0,Healthy,0.0000,0.9998,0.0002,0.0000
Healthy/lyria__P0106__b19.png,Healthy,P0106,0,Healthy,0.0000,0.9999,0.0001,0.0000
Healthy/lyria__P0106__b20.png,Healthy,P0106,0,Healthy,0.0004,0.9992,0.0004,0.0000
Healthy/lyria__P0106__b21.png,Healthy,P0106,0,Healthy,0.0000,0.9853,0.0146,0.0000
Healthy/lyria__P0106__b22.png,Healthy,P0106,0,Healthy,0.0002,0.9935,0.0063,0.0000
Healthy/lyria__P0106__b23.png,Healthy,P0106,0,Healthy,0.0000,0.9998,0.0002,0.0000
Healthy/lyria__P0106__b24.png,Healthy,P0106,0,Healthy,0.0004,0.9803,0.0193,0.0001
Healthy/lyria__P0107__b0.png,Healthy,P0107,0,Healthy,0.4683,0.5316,0.0001,0.0000
Healthy/lyria__P0107__b1.png,Healthy,P0107,0,Healthy,0.2622,0.7374,0.0001,0.0003
Healthy/lyria__P0107__b2.png,Healthy,P0107,0,Healthy,0.2558,0.7437,0.0004,0.0001
Healthy/lyria__P0107__b4.png,Healthy,P0107,0,Healthy,0.0001,0.9998,0.0001,0.0000
Healthy/lyria__P0107__b5.png,Healthy,P0107,0,Healthy,0.0003,0.9948,0.0049,0.0000
Healthy/lyria__P0107__b6.png,Healthy,P0107,0,Healthy,0.0018,0.9966,0.0016,0.0000
Healthy/lyria__P0107__b7.png,Healthy,P0107,0,Healthy,0.0002,0.9993,0.0005,0.0000
Healthy/lyria__P0111__b0.png,Healthy,P0111,0,Healthy,0.0047,0.9927,0.0027,0.0000
Healthy/lyria__P0111__b1.png,Healthy,P0111,0,Healthy,0.0315,0.9675,0.0009,0.0000
Healthy/lyria__P0111__b2.png,Healthy,P0111,0,Healthy,0.0001,0.9999,0.0000,0.0000
Healthy/lyria__P0111__b3.png,Healthy,P0111,0,Healthy,0.0003,0.9992,0.0005,0.0001
Healthy/lyria__P0111__b4.png,Healthy,P0111,0,Healthy,0.0063,0.9852,0.0084,0.0000
Healthy/lyria__P0111__b5.png,Healthy,P0111,0,Healthy,0.0276,0.9722,0.0002,0.0000
Healthy/lyria__P0111__b6.png,Healthy,P0111,0,Healthy,0.0003,0.9997,0.0000,0.0000
Healthy/lyria__P0111__b8.png,Healthy,P0111,0,Healthy,0.0024,0.9974,0.0002,0.0000
Healthy/lyria__P0111__b9.png,Healthy,P0111,0,Healthy,0.0013,0.9887,0.0100,0.0000
Healthy/lyria__P0111__b10.png,Healthy,P0111,0,Healthy,0.0001,0.9870,0.0128,0.0000
Healthy/lyria__P0111__b12.png,Healthy,P0111,0,Healthy,0.0000,1.0000,0.0000,0.0000
Healthy/lyria__P0111__b13.png,Healthy,P0111,0,Healthy,0.0000,0.9999,0.0001,0.0000
Healthy/lyria__P0111__b14.png,Healthy,P0111,0,Healthy,0.0000,0.9999,0.0001,0.0000
Healthy/lyria__P0111__b15.png,Healthy,P0111,0,Healthy,0.0000,0.9999,0.0001,0.0000
Healthy/lyria__P0111__b16.png,Healthy,P0111,0,Healthy,0.0001,0.9997,0.0002,0.0000
Healthy/lyria__P0111__b17.png,Healthy,P0111,0,Healthy,0.0000,0.9999,0.0000,0.0000
Healthy/lyria__P0111__b18.png,Healthy,P0111,0,Healthy,0.0001,0.9989,0.0010,0.0000
Healthy/lyria__P0111__b19.png,Healthy,P0111,0,Healthy,0.0046,0.9889,0.0065,0.0000
Healthy/lyria__P0007__b1.png,Healthy,P0007,0,Healthy,0.0025,0.9973,0.0002,0.0000
Healthy/lyria__P0007__b2.png,Healthy,P0007,0,Healthy,0.0008,0.9991,0.0000,0.0001
Healthy/lyria__P0007__b4.png,Healthy,P0007,0,Healthy,0.0002,0.9993,0.0005,0.0000
Healthy/lyria__P0112__b0.png,Healthy,P0112,0,Healthy,0.0003,0.7184,0.2811,0.0001
Healthy/lyria__P0112__b1.png,Healthy,P0112,0,Healthy,0.0021,0.9640,0.0331,0.0009
Healthy/lyria__P0112__b3.png,Healthy,P0112,0,Healthy,0.0092,0.9840,0.0067,0.0001
Healthy/lyria__P0112__b4.png,Healthy,P0112,0,Healthy,0.0016,0.9940,0.0044,0.0000
Healthy/lyria__P0112__b6.png,Healthy,P0112,0,Healthy,0.0000,1.0000,0.0000,0.0000
Healthy/lyria__P0112__b7.png,Healthy,P0112,0,Healthy,0.0001,0.9999,0.0000,0.0000
Healthy/lyria__P0112__b8.png,Healthy,P0112,0,Healthy,0.0009,0.9986,0.0005,0.0000
Healthy/lyria__P0112__b9.png,Healthy,P0112,0,Impacted,0.0047,0.1532,0.8416,0.0005
Healthy/lyria__P0112__b10.png,Healthy,P0112,0,Impacted,0.0003,0.4702,0.5282,0.0014
Healthy/lyria__P0112__b11.png,Healthy,P0112,0,Healthy,0.0000,0.9999,0.0000,0.0000
Healthy/lyria__P0112__b12.png,Healthy,P0112,0,Healthy,0.0006,0.9124,0.0870,0.0000
Healthy/lyria__P0112__b13.png,Healthy,P0112,0,Healthy,0.0001,0.9936,0.0063,0.0000
Healthy/lyria__P0112__b14.png,Healthy,P0112,0,Healthy,0.0001,0.9954,0.0045,0.0000
Healthy/lyria__P0112__b15.png,Healthy,P0112,0,Healthy,0.0001,0.9667,0.0332,0.0000
Healthy/lyria__P0112__b16.png,Healthy,P0112,0,Healthy,0.0000,0.9998,0.0002,0.0000
Healthy/lyria__P0112__b17.png,Healthy,P0112,0,Healthy,0.0006,0.9993,0.0001,0.0000
Healthy/lyria__P0114__b0.png,Healthy,P0114,0,Healthy,0.0005,0.9995,0.0000,0.0000
Healthy/lyria__P0114__b1.png,Healthy,P0114,0,Healthy,0.0004,0.9993,0.0003,0.0000
Healthy/lyria__P0114__b2.png,Healthy,P0114,0,Healthy,0.0009,0.9990,0.0001,0.0000
Healthy/lyria__P0114__b3.png,Healthy,P0114,0,Healthy,0.0001,0.9992,0.0007,0.0000
Healthy/lyria__P0114__b4.png,Healthy,P0114,0,Healthy,0.0004,0.9995,0.0001,0.0000
Healthy/lyria__P0114__b5.png,Healthy,P0114,0,Healthy,0.0002,0.9995,0.0003,0.0000
Healthy/lyria__P0114__b6.png,Healthy,P0114,0,Healthy,0.0001,0.9995,0.0005,0.0000
Healthy/lyria__P0114__b7.png,Healthy,P0114,0,Healthy,0.0000,0.9999,0.0001,0.0000
Healthy/lyria__P0114__b8.png,Healthy,P0114,0,Healthy,0.0837,0.9135,0.0003,0.0024
Healthy/lyria__P0114__b9.png,Healthy,P0114,0,Healthy,0.0001,0.9995,0.0005,0.0000
Healthy/lyria__P0114__b10.png,Healthy,P0114,0,Healthy,0.0005,0.9982,0.0013,0.0000
Healthy/lyria__P0114__b11.png,Healthy,P0114,0,Healthy,0.0010,0.9989,0.0000,0.0001
Healthy/lyria__P0114__b12.png,Healthy,P0114,0,Healthy,0.0002,0.9997,0.0000,0.0000
Healthy/lyria__P0114__b14.png,Healthy,P0114,0,Healthy,0.0000,1.0000,0.0000,0.0000
Healthy/lyria__P0114__b16.png,Healthy,P0114,0,Healthy,0.0002,0.9997,0.0001,0.0000
Healthy/lyria__P0114__b17.png,Healthy,P0114,0,Healthy,0.0000,0.9997,0.0003,0.0000
Healthy/lyria__P0114__b18.png,Healthy,P0114,0,Healthy,0.0001,0.9995,0.0004,0.0000
Healthy/lyria__P0114__b19.png,Healthy,P0114,0,Healthy,0.0000,0.9999,0.0001,0.0000
Healthy/lyria__P0114__b20.png,Healthy,P0114,0,Healthy,0.0366,0.9632,0.0003,0.0000
Healthy/lyria__P0116__b0.png,Healthy,P0116,0,Impacted,0.0009,0.3758,0.6231,0.0001
Healthy/lyria__P0116__b1.png,Healthy,P0116,0,Healthy,0.0013,0.8621,0.1365,0.0001
Healthy/lyria__P0116__b2.png,Healthy,P0116,0,Healthy,0.0262,0.9367,0.0368,0.0003
Healthy/lyria__P0116__b3.png,Healthy,P0116,0,Healthy,0.4702,0.5232,0.0067,0.0000
Healthy/lyria__P0116__b4.png,Healthy,P0116,0,Healthy,0.0015,0.9984,0.0001,0.0000
Healthy/lyria__P0116__b5.png,Healthy,P0116,0,Healthy,0.0060,0.9934,0.0005,0.0000
Healthy/lyria__P0116__b6.png,Healthy,P0116,0,Healthy,0.0149,0.9850,0.0001,0.0000
Healthy/lyria__P0116__b7.png,Healthy,P0116,0,Healthy,0.0001,0.9995,0.0003,0.0000
Healthy/lyria__P0116__b8.png,Healthy,P0116,0,Healthy,0.0033,0.9951,0.0016,0.0000
Healthy/lyria__P0116__b10.png,Healthy,P0116,0,Healthy,0.0633,0.9346,0.0021,0.0000
Healthy/lyria__P0116__b11.png,Healthy,P0116,0,Healthy,0.0007,0.9815,0.0173,0.0005
Healthy/lyria__P0116__b12.png,Healthy,P0116,0,Impacted,0.0099,0.2074,0.7281,0.0545
Healthy/lyria__P0116__b13.png,Healthy,P0116,0,Healthy,0.0025,0.5374,0.4598,0.0002
Healthy/lyria__P0116__b14.png,Healthy,P0116,0,Healthy,0.0123,0.9840,0.0036,0.0000
Healthy/lyria__P0116__b15.png,Healthy,P0116,0,Healthy,0.0001,0.9972,0.0027,0.0000
Healthy/lyria__P0116__b16.png,Healthy,P0116,0,Healthy,0.0021,0.9966,0.0011,0.0002
Healthy/lyria__P0116__b17.png,Healthy,P0116,0,Healthy,0.0000,1.0000,0.0000,0.0000
Healthy/lyria__P0116__b18.png,Healthy,P0116,0,Healthy,0.0003,0.9971,0.0026,0.0000
Healthy/lyria__P0116__b19.png,Healthy,P0116,0,Healthy,0.0002,0.9998,0.0001,0.0000
Healthy/lyria__P0116__b20.png,Healthy,P0116,0,Healthy,0.0002,0.9971,0.0027,0.0000
Healthy/lyria__P0116__b21.png,Healthy,P0116,0,Healthy,0.0016,0.9792,0.0192,0.0000
Healthy/lyria__P0116__b22.png,Healthy,P0116,0,Healthy,0.0464,0.7000,0.2529,0.0006
Healthy/lyria__P0116__b23.png,Healthy,P0116,0,Healthy,0.0004,0.9839,0.0157,0.0000
Healthy/lyria__P0116__b24.png,Healthy,P0116,0,Healthy,0.2631,0.6853,0.0516,0.0000
Healthy/lyria__P0117__b0.png,Healthy,P0117,0,Healthy,0.0006,0.9722,0.0252,0.0019
Healthy/lyria__P0117__b1.png,Healthy,P0117,0,Healthy,0.0048,0.9429,0.0513,0.0010
Healthy/lyria__P0117__b2.png,Healthy,P0117,0,Healthy,0.0504,0.9481,0.0012,0.0004
Healthy/lyria__P0117__b3.png,Healthy,P0117,0,Healthy,0.0020,0.9973,0.0006,0.0000
Healthy/lyria__P0117__b4.png,Healthy,P0117,0,Healthy,0.3023,0.6933,0.0002,0.0042
Healthy/lyria__P0117__b5.png,Healthy,P0117,0,Healthy,0.0145,0.9854,0.0001,0.0001
Healthy/lyria__P0117__b6.png,Healthy,P0117,0,Healthy,0.0007,0.9992,0.0001,0.0000
Healthy/lyria__P0117__b7.png,Healthy,P0117,0,Healthy,0.2554,0.7338,0.0069,0.0039
Healthy/lyria__P0117__b8.png,Healthy,P0117,0,Healthy,0.0026,0.9971,0.0002,0.0000
Healthy/lyria__P0117__b9.png,Healthy,P0117,0,Healthy,0.0013,0.9986,0.0001,0.0000
Healthy/lyria__P0117__b10.png,Healthy,P0117,0,Healthy,0.0024,0.9975,0.0001,0.0000
Healthy/lyria__P0117__b11.png,Healthy,P0117,0,Healthy,0.0003,0.9947,0.0050,0.0000
Healthy/lyria__P0117__b12.png,Healthy,P0117,0,Healthy,0.0002,0.7434,0.2558,0.0005
Healthy/lyria__P0117__b13.png,Healthy,P0117,0,Healthy,0.0053,0.9855,0.0089,0.0004
Healthy/lyria__P0117__b14.png,Healthy,P0117,0,Healthy,0.0000,0.9894,0.0105,0.0000
Healthy/lyria__P0117__b15.png,Healthy,P0117,0,Healthy,0.0000,0.9997,0.0003,0.0000
Healthy/lyria__P0117__b16.png,Healthy,P0117,0,Healthy,0.0001,0.9999,0.0001,0.0000
Healthy/lyria__P0117__b17.png,Healthy,P0117,0,Healthy,0.0006,0.9994,0.0000,0.0000
Healthy/lyria__P0117__b18.png,Healthy,P0117,0,Healthy,0.0002,0.9996,0.0002,0.0000
Healthy/lyria__P0117__b19.png,Healthy,P0117,0,Healthy,0.0001,0.9973,0.0026,0.0000
Healthy/lyria__P0117__b20.png,Healthy,P0117,0,Healthy,0.0000,1.0000,0.0000,0.0000
Healthy/lyria__P0117__b21.png,Healthy,P0117,0,Healthy,0.0000,0.9999,0.0001,0.0000
Healthy/lyria__P0117__b23.png,Healthy,P0117,0,Healthy,0.0001,0.9999,0.0001,0.0000
Healthy/lyria__P0117__b24.png,Healthy,P0117,0,Healthy,0.0000,0.9999,0.0001,0.0000
Healthy/lyria__P0117__b25.png,Healthy,P0117,0,Healthy,0.0016,0.9979,0.0005,0.0000
Healthy/lyria__P0117__b26.png,Healthy,P0117,0,Healthy,0.0000,0.9992,0.0008,0.0000
Healthy/lyria__P0117__b27.png,Healthy,P0117,0,Healthy,0.0165,0.7120,0.2712,0.0003
Healthy/lyria__P0118__b0.png,Healthy,P0118,0,Healthy,0.0000,0.6573,0.3426,0.0001
Healthy/lyria__P0118__b1.png,Healthy,P0118,0,Impacted,0.0072,0.4849,0.5059,0.0020
Healthy/lyria__P0118__b2.png,Healthy,P0118,0,Healthy,0.0001,0.9949,0.0050,0.0000
Healthy/lyria__P0118__b3.png,Healthy,P0118,0,Healthy,0.0005,0.9994,0.0001,0.0000
Healthy/lyria__P0118__b4.png,Healthy,P0118,0,Healthy,0.0000,0.9999,0.0000,0.0000
Healthy/lyria__P0118__b6.png,Healthy,P0118,0,Healthy,0.0018,0.9980,0.0002,0.0000
Healthy/lyria__P0118__b7.png,Healthy,P0118,0,Healthy,0.0076,0.9920,0.0004,0.0001
Healthy/lyria__P0118__b8.png,Healthy,P0118,0,Healthy,0.0100,0.9837,0.0063,0.0000
Healthy/lyria__P0118__b9.png,Healthy,P0118,0,Healthy,0.0002,0.9994,0.0004,0.0000
Healthy/lyria__P0118__b10.png,Healthy,P0118,0,Healthy,0.0003,0.9994,0.0003,0.0000
Healthy/lyria__P0118__b11.png,Healthy,P0118,0,Healthy,0.0842,0.9145,0.0012,0.0002
Healthy/lyria__P0118__b12.png,Healthy,P0118,0,Impacted,0.0002,0.2791,0.7206,0.0001
Healthy/lyria__P0118__b13.png,Healthy,P0118,0,Healthy,0.0099,0.9893,0.0006,0.0002
Healthy/lyria__P0118__b14.png,Healthy,P0118,0,Healthy,0.0002,0.9990,0.0008,0.0000
Healthy/lyria__P0118__b15.png,Healthy,P0118,0,Healthy,0.0000,1.0000,0.0000,0.0000
Healthy/lyria__P0118__b16.png,Healthy,P0118,0,Healthy,0.0000,1.0000,0.0000,0.0000
Healthy/lyria__P0118__b17.png,Healthy,P0118,0,Healthy,0.0001,0.9996,0.0002,0.0000
Healthy/lyria__P0118__b18.png,Healthy,P0118,0,Healthy,0.0001,0.9999,0.0000,0.0000
Healthy/lyria__P0118__b19.png,Healthy,P0118,0,Healthy,0.0000,1.0000,0.0000,0.0000
Healthy/lyria__P0118__b20.png,Healthy,P0118,0,Healthy,0.0000,1.0000,0.0000,0.0000
Healthy/lyria__P0118__b21.png,Healthy,P0118,0,Healthy,0.0000,0.9997,0.0002,0.0000
Healthy/lyria__P0118__b22.png,Healthy,P0118,0,Healthy,0.2270,0.7697,0.0033,0.0000
Healthy/lyria__P0118__b23.png,Healthy,P0118,0,Healthy,0.0030,0.6113,0.3855,0.0003
Healthy/lyria__P0119__b0.png,Healthy,P0119,0,Healthy,0.0069,0.9915,0.0016,0.0000
Healthy/lyria__P0119__b1.png,Healthy,P0119,0,Healthy,0.0000,0.9997,0.0002,0.0000
Healthy/lyria__P0119__b2.png,Healthy,P0119,0,Healthy,0.0002,0.9996,0.0002,0.0000
Healthy/lyria__P0119__b3.png,Healthy,P0119,0,Healthy,0.0000,1.0000,0.0000,0.0000
Healthy/lyria__P0119__b4.png,Healthy,P0119,0,Healthy,0.0090,0.9906,0.0001,0.0003
Healthy/lyria__P0119__b6.png,Healthy,P0119,0,Healthy,0.0002,0.9998,0.0000,0.0000
Healthy/lyria__P0120__b0.png,Healthy,P0120,0,Healthy,0.0007,0.9949,0.0000,0.0044
Healthy/lyria__P0120__b1.png,Healthy,P0120,0,Healthy,0.0000,1.0000,0.0000,0.0000
Healthy/lyria__P0120__b2.png,Healthy,P0120,0,Healthy,0.0075,0.9601,0.0001,0.0324
Healthy/lyria__P0120__b3.png,Healthy,P0120,0,Healthy,0.0025,0.9967,0.0002,0.0006
Healthy/lyria__P0120__b4.png,Healthy,P0120,0,Healthy,0.0078,0.9889,0.0002,0.0030
Healthy/lyria__P0120__b5.png,Healthy,P0120,0,Healthy,0.0097,0.9853,0.0018,0.0032
Healthy/lyria__P0120__b6.png,Healthy,P0120,0,Healthy,0.0499,0.9382,0.0009,0.0110
Healthy/lyria__P0120__b7.png,Healthy,P0120,0,Healthy,0.0062,0.9023,0.0040,0.0874
Healthy/lyria__P0120__b8.png,Healthy,P0120,0,Healthy,0.0045,0.9220,0.0008,0.0727
Healthy/lyria__P0120__b9.png,Healthy,P0120,0,Healthy,0.0007,0.9989,0.0001,0.0003
Healthy/lyria__P0120__b10.png,Healthy,P0120,0,Healthy,0.0001,0.9994,0.0001,0.0004
Healthy/lyria__P0120__b11.png,Healthy,P0120,0,Healthy,0.0029,0.9964,0.0004,0.0002
Healthy/lyria__P0120__b12.png,Healthy,P0120,0,Healthy,0.0003,0.9978,0.0000,0.0019
Healthy/lyria__P0120__b13.png,Healthy,P0120,0,Healthy,0.0000,0.9999,0.0000,0.0000
Healthy/lyria__P0120__b15.png,Healthy,P0120,0,Healthy,0.0037,0.9764,0.0003,0.0196
Healthy/lyria__P0120__b16.png,Healthy,P0120,0,Healthy,0.0003,0.9991,0.0000,0.0005
Healthy/lyria__P0121__b0.png,Healthy,P0121,0,Healthy,0.0404,0.9592,0.0001,0.0003
Healthy/lyria__P0121__b1.png,Healthy,P0121,0,Healthy,0.0022,0.9972,0.0004,0.0003
Healthy/lyria__P0121__b3.png,Healthy,P0121,0,Healthy,0.0005,0.9963,0.0000,0.0031
Healthy/lyria__P0121__b4.png,Healthy,P0121,0,Healthy,0.0254,0.9737,0.0005,0.0005
Healthy/lyria__P0121__b5.png,Healthy,P0121,0,Healthy,0.0034,0.9857,0.0014,0.0095
Healthy/lyria__P0121__b6.png,Healthy,P0121,0,Healthy,0.0016,0.9979,0.0002,0.0003
Healthy/lyria__P0121__b8.png,Healthy,P0121,0,Healthy,0.0007,0.9993,0.0000,0.0000
Healthy/lyria__P0124__b0.png,Healthy,P0124,0,Healthy,0.0004,0.9994,0.0001,0.0001
Healthy/lyria__P0124__b1.png,Healthy,P0124,0,Healthy,0.0002,0.9996,0.0001,0.0002
Healthy/lyria__P0124__b2.png,Healthy,P0124,0,Healthy,0.0007,0.9992,0.0000,0.0000
Healthy/lyria__P0124__b3.png,Healthy,P0124,0,Healthy,0.0000,0.9999,0.0000,0.0000
Healthy/lyria__P0124__b4.png,Healthy,P0124,0,Healthy,0.0006,0.9974,0.0017,0.0002
Healthy/lyria__P0124__b5.png,Healthy,P0124,0,Healthy,0.0011,0.9975,0.0008,0.0005
Healthy/lyria__P0124__b6.png,Healthy,P0124,0,Healthy,0.0000,1.0000,0.0000,0.0000
Healthy/lyria__P0124__b7.png,Healthy,P0124,0,Healthy,0.0017,0.9981,0.0002,0.0000
Healthy/lyria__P0124__b9.png,Healthy,P0124,0,Healthy,0.0037,0.9955,0.0003,0.0005
Healthy/lyria__P0124__b11.png,Healthy,P0124,0,Healthy,0.0002,0.9992,0.0006,0.0000
Healthy/lyria__P0124__b12.png,Healthy,P0124,0,Healthy,0.0000,0.9995,0.0004,0.0000
Healthy/lyria__P0124__b13.png,Healthy,P0124,0,Healthy,0.0004,0.9993,0.0003,0.0000
Healthy/lyria__P0124__b14.png,Healthy,P0124,0,Healthy,0.0003,0.9997,0.0000,0.0000
Healthy/lyria__P0124__b15.png,Healthy,P0124,0,Healthy,0.0007,0.9986,0.0007,0.0000
Healthy/lyria__P0124__b16.png,Healthy,P0124,0,Healthy,0.0003,0.9993,0.0004,0.0000
Healthy/lyria__P0124__b17.png,Healthy,P0124,0,Healthy,0.0037,0.9886,0.0076,0.0000
Healthy/lyria__P0124__b18.png,Healthy,P0124,0,Healthy,0.0000,0.9999,0.0001,0.0000
Healthy/lyria__P0124__b19.png,Healthy,P0124,0,Healthy,0.0004,0.9984,0.0012,0.0000
Healthy/lyria__P0125__b0.png,Healthy,P0125,0,Healthy,0.0000,0.9996,0.0003,0.0000
Healthy/lyria__P0125__b3.png,Healthy,P0125,0,Healthy,0.0001,0.9998,0.0000,0.0000
Healthy/lyria__P0125__b4.png,Healthy,P0125,0,Healthy,0.0003,0.9997,0.0000,0.0000
Healthy/lyria__P0125__b5.png,Healthy,P0125,0,Healthy,0.0041,0.9958,0.0001,0.0000
Healthy/lyria__P0009__b0.png,Healthy,P0009,0,Healthy,0.0243,0.9672,0.0070,0.0015
Healthy/lyria__P0009__b1.png,Healthy,P0009,0,Healthy,0.0215,0.9455,0.0281,0.0048
Healthy/lyria__P0009__b3.png,Healthy,P0009,0,Healthy,0.0001,0.9994,0.0005,0.0000
Healthy/lyria__P0009__b4.png,Healthy,P0009,0,Healthy,0.0028,0.9968,0.0004,0.0000
Healthy/lyria__P0009__b6.png,Healthy,P0009,0,Healthy,0.0008,0.9992,0.0000,0.0000
Healthy/lyria__P0009__b7.png,Healthy,P0009,0,Healthy,0.0576,0.9397,0.0020,0.0007
Healthy/lyria__P0009__b8.png,Healthy,P0009,0,Healthy,0.0001,0.9961,0.0039,0.0000
Healthy/lyria__P0009__b9.png,Healthy,P0009,0,Healthy,0.0042,0.9560,0.0398,0.0000
Healthy/lyria__P0009__b10.png,Healthy,P0009,0,Healthy,0.0002,0.9942,0.0034,0.0022
Healthy/lyria__P0009__b11.png,Healthy,P0009,0,Healthy,0.0000,0.9921,0.0078,0.0000
Healthy/lyria__P0009__b12.png,Healthy,P0009,0,Healthy,0.0000,0.9998,0.0001,0.0000
Healthy/lyria__P0009__b13.png,Healthy,P0009,0,Healthy,0.0005,0.9939,0.0055,0.0000
Healthy/lyria__P0126__b2.png,Healthy,P0126,0,Healthy,0.0000,1.0000,0.0000,0.0000
Healthy/lyria__P0128__b0.png,Healthy,P0128,0,Healthy,0.0016,0.9139,0.0844,0.0001
Healthy/lyria__P0128__b1.png,Healthy,P0128,0,Healthy,0.0022,0.9559,0.0418,0.0001
Healthy/lyria__P0128__b2.png,Healthy,P0128,0,Healthy,0.0007,0.9942,0.0051,0.0000
Healthy/lyria__P0128__b3.png,Healthy,P0128,0,Healthy,0.0002,0.9994,0.0004,0.0000
Healthy/lyria__P0128__b4.png,Healthy,P0128,0,Healthy,0.0002,0.9953,0.0045,0.0000
Healthy/lyria__P0128__b5.png,Healthy,P0128,0,Healthy,0.0001,0.9995,0.0004,0.0000
Healthy/lyria__P0128__b6.png,Healthy,P0128,0,Healthy,0.0003,0.9996,0.0000,0.0001
Healthy/lyria__P0128__b8.png,Healthy,P0128,0,Healthy,0.0003,0.9996,0.0000,0.0000
Healthy/lyria__P0128__b9.png,Healthy,P0128,0,Healthy,0.0025,0.9972,0.0003,0.0000
Healthy/lyria__P0128__b10.png,Healthy,P0128,0,Healthy,0.0001,0.9990,0.0009,0.0000
Healthy/lyria__P0128__b11.png,Healthy,P0128,0,Healthy,0.0060,0.9878,0.0059,0.0004
Healthy/lyria__P0128__b13.png,Healthy,P0128,0,Healthy,0.2960,0.5940,0.1081,0.0019
Healthy/lyria__P0128__b14.png,Healthy,P0128,0,Healthy,0.0001,0.8689,0.1309,0.0001
Healthy/lyria__P0128__b15.png,Healthy,P0128,0,Healthy,0.0063,0.9684,0.0252,0.0001
Healthy/lyria__P0128__b16.png,Healthy,P0128,0,Healthy,0.0428,0.8306,0.1254,0.0012
Healthy/lyria__P0128__b17.png,Healthy,P0128,0,Healthy,0.0037,0.9950,0.0012,0.0002
Healthy/lyria__P0128__b18.png,Healthy,P0128,0,Healthy,0.0075,0.9916,0.0008,0.0000
Healthy/lyria__P0128__b19.png,Healthy,P0128,0,Healthy,0.0000,0.9999,0.0000,0.0000
Healthy/lyria__P0128__b20.png,Healthy,P0128,0,Healthy,0.0056,0.9943,0.0001,0.0000
Healthy/lyria__P0128__b21.png,Healthy,P0128,0,Healthy,0.0001,0.9998,0.0002,0.0000
Healthy/lyria__P0128__b22.png,Healthy,P0128,0,Healthy,0.0001,0.9998,0.0002,0.0000
Healthy/lyria__P0128__b23.png,Healthy,P0128,0,Healthy,0.0018,0.9751,0.0231,0.0000
Healthy/lyria__P0128__b24.png,Healthy,P0128,0,Healthy,0.0000,0.9994,0.0005,0.0000
Healthy/lyria__P0128__b25.png,Healthy,P0128,0,Healthy,0.0234,0.9739,0.0027,0.0000
Healthy/lyria__P0128__b26.png,Healthy,P0128,0,Healthy,0.0260,0.9536,0.0160,0.0044
Healthy/lyria__P0128__b27.png,Healthy,P0128,0,Healthy,0.0002,0.7688,0.2309,0.0000
Healthy/lyria__P0130__b0.png,Healthy,P0130,0,Healthy,0.0217,0.6125,0.3653,0.0006
Healthy/lyria__P0130__b1.png,Healthy,P0130,0,Healthy,0.0256,0.9561,0.0173,0.0011
Healthy/lyria__P0130__b2.png,Healthy,P0130,0,Healthy,0.0010,0.9984,0.0006,0.0000
Healthy/lyria__P0130__b3.png,Healthy,P0130,0,Healthy,0.0003,0.9990,0.0006,0.0000
Healthy/lyria__P0130__b4.png,Healthy,P0130,0,Healthy,0.0049,0.9922,0.0000,0.0028
Healthy/lyria__P0130__b5.png,Healthy,P0130,0,Healthy,0.0011,0.9988,0.0001,0.0000
Healthy/lyria__P0130__b7.png,Healthy,P0130,0,Healthy,0.0144,0.9853,0.0003,0.0000
Healthy/lyria__P0130__b8.png,Healthy,P0130,0,Healthy,0.0002,0.9998,0.0000,0.0000
Healthy/lyria__P0130__b9.png,Healthy,P0130,0,Healthy,0.0067,0.9927,0.0004,0.0001
Healthy/lyria__P0130__b10.png,Healthy,P0130,0,Healthy,0.0001,0.9999,0.0000,0.0000
Healthy/lyria__P0130__b11.png,Healthy,P0130,0,Healthy,0.0043,0.9936,0.0021,0.0001
Healthy/lyria__P0130__b13.png,Healthy,P0130,0,Healthy,0.0072,0.9885,0.0040,0.0003
Healthy/lyria__P0130__b14.png,Healthy,P0130,0,Healthy,0.1907,0.7907,0.0181,0.0005
Healthy/lyria__P0131__b0.png,Healthy,P0131,0,Endodontics,0.9911,0.0075,0.0001,0.0014
Healthy/lyria__P0131__b2.png,Healthy,P0131,0,Healthy,0.0002,0.9975,0.0023,0.0000
Healthy/lyria__P0131__b3.png,Healthy,P0131,0,Healthy,0.0001,0.9998,0.0001,0.0000
Healthy/lyria__P0131__b4.png,Healthy,P0131,0,Healthy,0.0001,0.9995,0.0004,0.0000
Healthy/lyria__P0131__b5.png,Healthy,P0131,0,Healthy,0.0001,0.9979,0.0020,0.0000
Healthy/lyria__P0131__b6.png,Healthy,P0131,0,Healthy,0.0000,0.9999,0.0000,0.0000
Healthy/lyria__P0131__b7.png,Healthy,P0131,0,Healthy,0.1116,0.8881,0.0000,0.0002
Healthy/lyria__P0131__b8.png,Healthy,P0131,0,Healthy,0.0047,0.9924,0.0021,0.0008
Healthy/lyria__P0131__b9.png,Healthy,P0131,0,Healthy,0.0925,0.9070,0.0005,0.0000
Healthy/lyria__P0010__b0.png,Healthy,P0010,0,Healthy,0.0043,0.9956,0.0000,0.0000
Healthy/lyria__P0010__b1.png,Healthy,P0010,0,Healthy,0.0009,0.9989,0.0000,0.0002
Healthy/lyria__P0010__b3.png,Healthy,P0010,0,Healthy,0.0005,0.9989,0.0006,0.0000
Healthy/lyria__P0010__b4.png,Healthy,P0010,0,Healthy,0.0001,0.9999,0.0000,0.0000
Healthy/lyria__P0010__b5.png,Healthy,P0010,0,Healthy,0.0047,0.9935,0.0010,0.0008
Healthy/lyria__P0010__b7.png,Healthy,P0010,0,Healthy,0.0058,0.9864,0.0078,0.0000
Healthy/lyria__P0010__b8.png,Healthy,P0010,0,Healthy,0.0001,0.9998,0.0001,0.0000
Healthy/lyria__P0132__b1.png,Healthy,P0132,0,Healthy,0.0005,0.9789,0.0205,0.0001
Healthy/lyria__P0132__b2.png,Healthy,P0132,0,Healthy,0.0001,0.9930,0.0068,0.0000
Healthy/lyria__P0132__b3.png,Healthy,P0132,0,Healthy,0.0004,0.9990,0.0004,0.0001
Healthy/lyria__P0132__b4.png,Healthy,P0132,0,Healthy,0.0469,0.9520,0.0009,0.0003
Healthy/lyria__P0132__b5.png,Healthy,P0132,0,Healthy,0.0580,0.9326,0.0054,0.0040
Healthy/lyria__P0132__b6.png,Healthy,P0132,0,Healthy,0.0006,0.9923,0.0069,0.0003
Healthy/lyria__P0132__b7.png,Healthy,P0132,0,Healthy,0.0006,0.9992,0.0002,0.0000
Healthy/lyria__P0132__b8.png,Healthy,P0132,0,Healthy,0.0006,0.9990,0.0004,0.0000
Healthy/lyria__P0132__b9.png,Healthy,P0132,0,Healthy,0.0023,0.9971,0.0002,0.0004
Healthy/lyria__P0132__b10.png,Healthy,P0132,0,Healthy,0.0031,0.9950,0.0015,0.0004
Healthy/lyria__P0132__b11.png,Healthy,P0132,0,Healthy,0.0002,0.9993,0.0005,0.0000
Healthy/lyria__P0132__b12.png,Healthy,P0132,0,Healthy,0.0020,0.9847,0.0131,0.0002
Healthy/lyria__P0132__b13.png,Healthy,P0132,0,Healthy,0.0007,0.7583,0.2409,0.0001
Healthy/lyria__P0132__b15.png,Healthy,P0132,0,Healthy,0.0000,0.9656,0.0343,0.0001
Healthy/lyria__P0132__b16.png,Healthy,P0132,0,Healthy,0.2176,0.7678,0.0142,0.0005
Healthy/lyria__P0132__b17.png,Healthy,P0132,0,Healthy,0.0012,0.9981,0.0007,0.0000
Healthy/lyria__P0132__b18.png,Healthy,P0132,0,Healthy,0.0000,0.9999,0.0001,0.0000
Healthy/lyria__P0132__b19.png,Healthy,P0132,0,Healthy,0.0000,0.9997,0.0003,0.0000
Healthy/lyria__P0132__b20.png,Healthy,P0132,0,Healthy,0.0012,0.9892,0.0096,0.0000
Healthy/lyria__P0132__b21.png,Healthy,P0132,0,Healthy,0.0000,0.9997,0.0002,0.0000
Healthy/lyria__P0132__b22.png,Healthy,P0132,0,Healthy,0.0002,0.9994,0.0004,0.0000
Healthy/lyria__P0132__b23.png,Healthy,P0132,0,Healthy,0.0001,0.9999,0.0000,0.0000
Healthy/lyria__P0132__b24.png,Healthy,P0132,0,Healthy,0.0008,0.9991,0.0000,0.0000
Healthy/lyria__P0132__b25.png,Healthy,P0132,0,Healthy,0.0002,0.9997,0.0001,0.0000
Healthy/lyria__P0132__b26.png,Healthy,P0132,0,Healthy,0.0003,0.9828,0.0169,0.0000
Healthy/lyria__P0132__b27.png,Healthy,P0132,0,Healthy,0.0002,0.9373,0.0625,0.0000
Healthy/lyria__P0133__b0.png,Healthy,P0133,0,Impacted,0.0069,0.4008,0.5807,0.0116
Healthy/lyria__P0133__b2.png,Healthy,P0133,0,Healthy,0.0000,0.9999,0.0001,0.0000
Healthy/lyria__P0133__b3.png,Healthy,P0133,0,Healthy,0.0045,0.9950,0.0005,0.0000
Healthy/lyria__P0133__b4.png,Healthy,P0133,0,Healthy,0.0003,0.9995,0.0002,0.0000
Healthy/lyria__P0133__b5.png,Healthy,P0133,0,Healthy,0.0000,0.9999,0.0001,0.0000
Healthy/lyria__P0133__b6.png,Healthy,P0133,0,Healthy,0.0000,1.0000,0.0000,0.0000
Healthy/lyria__P0134__b0.png,Healthy,P0134,0,Healthy,0.0150,0.6037,0.3065,0.0747
Healthy/lyria__P0134__b1.png,Healthy,P0134,0,Healthy,0.0084,0.8189,0.0035,0.1692
Healthy/lyria__P0134__b3.png,Healthy,P0134,0,Healthy,0.0141,0.9522,0.0336,0.0001
Healthy/lyria__P0134__b4.png,Healthy,P0134,0,Healthy,0.0011,0.9987,0.0001,0.0002
Healthy/lyria__P0134__b5.png,Healthy,P0134,0,Healthy,0.0041,0.9926,0.0033,0.0000
Healthy/lyria__P0134__b6.png,Healthy,P0134,0,Healthy,0.0047,0.9947,0.0002,0.0004
Healthy/lyria__P0134__b7.png,Healthy,P0134,0,Healthy,0.0029,0.9958,0.0013,0.0000
Healthy/lyria__P0134__b8.png,Healthy,P0134,0,Healthy,0.0019,0.9980,0.0001,0.0000
Healthy/lyria__P0134__b10.png,Healthy,P0134,0,Healthy,0.0037,0.9962,0.0001,0.0000
Healthy/lyria__P0134__b11.png,Healthy,P0134,0,Healthy,0.0002,0.9998,0.0001,0.0000
Healthy/lyria__P0134__b12.png,Healthy,P0134,0,Healthy,0.0088,0.9902,0.0010,0.0000
Healthy/lyria__P0134__b13.png,Healthy,P0134,0,Healthy,0.0510,0.8281,0.1198,0.0011
Healthy/lyria__P0134__b14.png,Healthy,P0134,0,Healthy,0.0078,0.6539,0.3334,0.0049
Healthy/lyria__P0134__b15.png,Healthy,P0134,0,Healthy,0.0039,0.6853,0.3105,0.0002
Healthy/lyria__P0134__b16.png,Healthy,P0134,0,Healthy,0.0883,0.9096,0.0002,0.0019
Healthy/lyria__P0134__b17.png,Healthy,P0134,0,Healthy,0.0492,0.9473,0.0001,0.0034
Healthy/lyria__P0134__b18.png,Healthy,P0134,0,Healthy,0.0654,0.9312,0.0001,0.0033
Healthy/lyria__P0134__b19.png,Healthy,P0134,0,Healthy,0.0000,1.0000,0.0000,0.0000
Healthy/lyria__P0134__b20.png,Healthy,P0134,0,Healthy,0.0002,0.9989,0.0009,0.0000
Healthy/lyria__P0134__b21.png,Healthy,P0134,0,Healthy,0.0000,0.9987,0.0012,0.0000
Healthy/lyria__P0134__b22.png,Healthy,P0134,0,Healthy,0.0000,0.9993,0.0006,0.0000
Healthy/lyria__P0134__b23.png,Healthy,P0134,0,Healthy,0.0001,0.9996,0.0004,0.0000
Healthy/lyria__P0134__b24.png,Healthy,P0134,0,Healthy,0.0030,0.9925,0.0030,0.0015
Healthy/lyria__P0134__b25.png,Healthy,P0134,0,Healthy,0.0026,0.9769,0.0201,0.0004
Healthy/lyria__P0134__b26.png,Healthy,P0134,0,Healthy,0.0726,0.6083,0.3188,0.0003
Healthy/lyria__P0135__b0.png,Healthy,P0135,0,Healthy,0.0001,0.9999,0.0000,0.0000
Healthy/lyria__P0135__b3.png,Healthy,P0135,0,Healthy,0.0000,0.9999,0.0001,0.0000
Healthy/lyria__P0135__b4.png,Healthy,P0135,0,Healthy,0.0000,0.9999,0.0000,0.0000
Healthy/lyria__P0135__b5.png,Healthy,P0135,0,Healthy,0.0001,0.9999,0.0000,0.0000
Healthy/lyria__P0135__b6.png,Healthy,P0135,0,Healthy,0.0004,0.9996,0.0000,0.0000
Healthy/lyria__P0135__b7.png,Healthy,P0135,0,Healthy,0.0057,0.9866,0.0076,0.0000
Healthy/lyria__P0138__b1.png,Healthy,P0138,0,Healthy,0.0048,0.9932,0.0020,0.0000
Healthy/lyria__P0138__b2.png,Healthy,P0138,0,Healthy,0.0014,0.9960,0.0025,0.0000
Healthy/lyria__P0138__b3.png,Healthy,P0138,0,Healthy,0.0001,0.9997,0.0002,0.0000
Healthy/lyria__P0138__b4.png,Healthy,P0138,0,Healthy,0.0028,0.9968,0.0002,0.0001
Healthy/lyria__P0138__b6.png,Healthy,P0138,0,Healthy,0.0006,0.9951,0.0043,0.0000
Healthy/lyria__P0138__b7.png,Healthy,P0138,0,Healthy,0.0021,0.9947,0.0032,0.0000
Healthy/lyria__P0138__b8.png,Healthy,P0138,0,Healthy,0.0130,0.9748,0.0065,0.0057
Healthy/lyria__P0140__b2.png,Healthy,P0140,0,Healthy,0.0044,0.9951,0.0005,0.0000
Healthy/lyria__P0140__b3.png,Healthy,P0140,0,Healthy,0.0000,0.9997,0.0003,0.0000
Healthy/lyria__P0140__b4.png,Healthy,P0140,0,Healthy,0.0001,0.9997,0.0002,0.0000
Healthy/lyria__P0140__b5.png,Healthy,P0140,0,Healthy,0.0218,0.9759,0.0017,0.0005
Healthy/lyria__P0140__b6.png,Healthy,P0140,0,Healthy,0.0895,0.9070,0.0016,0.0019
Healthy/lyria__P0142__b0.png,Healthy,P0142,0,Healthy,0.0019,0.9980,0.0001,0.0000
Healthy/lyria__P0142__b1.png,Healthy,P0142,0,Healthy,0.0003,0.9846,0.0150,0.0000
Healthy/lyria__P0142__b2.png,Healthy,P0142,0,Healthy,0.0010,0.9987,0.0003,0.0000
Healthy/lyria__P0142__b3.png,Healthy,P0142,0,Healthy,0.0089,0.9902,0.0008,0.0001
Healthy/lyria__P0142__b5.png,Healthy,P0142,0,Healthy,0.0000,1.0000,0.0000,0.0000
Healthy/lyria__P0142__b6.png,Healthy,P0142,0,Healthy,0.0007,0.9973,0.0018,0.0003
Healthy/lyria__P0146__b0.png,Healthy,P0146,0,Healthy,0.2567,0.7429,0.0003,0.0001
Healthy/lyria__P0146__b1.png,Healthy,P0146,0,Healthy,0.0004,0.9996,0.0001,0.0000
Healthy/lyria__P0146__b3.png,Healthy,P0146,0,Healthy,0.0020,0.9956,0.0024,0.0000
Healthy/lyria__P0146__b4.png,Healthy,P0146,0,Healthy,0.0137,0.9834,0.0026,0.0003
Healthy/lyria__P0146__b5.png,Healthy,P0146,0,Healthy,0.3929,0.6068,0.0001,0.0002
Healthy/lyria__P0146__b6.png,Healthy,P0146,0,Healthy,0.0001,0.9998,0.0001,0.0000
Healthy/lyria__P0146__b7.png,Healthy,P0146,0,Healthy,0.0000,0.9997,0.0003,0.0000
Healthy/lyria__P0146__b8.png,Healthy,P0146,0,Healthy,0.0006,0.9994,0.0000,0.0000
Healthy/lyria__P0146__b10.png,Healthy,P0146,0,Healthy,0.0000,1.0000,0.0000,0.0000
Healthy/lyria__P0146__b11.png,Healthy,P0146,0,Healthy,0.0001,0.9999,0.0000,0.0000
Healthy/lyria__P0146__b12.png,Healthy,P0146,0,Healthy,0.0010,0.9988,0.0002,0.0000
Healthy/lyria__P0146__b13.png,Healthy,P0146,0,Healthy,0.0077,0.9752,0.0171,0.0000
Healthy/lyria__P0148__b0.png,Healthy,P0148,0,Healthy,0.0021,0.9977,0.0001,0.0000
Healthy/lyria__P0148__b1.png,Healthy,P0148,0,Healthy,0.0002,0.9998,0.0000,0.0000
Healthy/lyria__P0148__b2.png,Healthy,P0148,0,Healthy,0.0001,0.9998,0.0001,0.0000
Healthy/lyria__P0148__b4.png,Healthy,P0148,0,Healthy,0.0000,1.0000,0.0000,0.0000
Healthy/lyria__P0149__b0.png,Healthy,P0149,0,Healthy,0.0000,1.0000,0.0000,0.0000
Healthy/lyria__P0149__b1.png,Healthy,P0149,0,Healthy,0.0000,1.0000,0.0000,0.0000
Healthy/lyria__P0149__b2.png,Healthy,P0149,0,Healthy,0.0001,0.9998,0.0000,0.0000
Healthy/lyria__P0149__b3.png,Healthy,P0149,0,Healthy,0.0000,1.0000,0.0000,0.0000
Healthy/lyria__P0149__b5.png,Healthy,P0149,0,Healthy,0.0000,0.9998,0.0001,0.0000
Healthy/lyria__P0149__b6.png,Healthy,P0149,0,Healthy,0.0087,0.9913,0.0001,0.0000
Healthy/lyria__P0152__b1.png,Healthy,P0152,0,Healthy,0.0006,0.9574,0.0420,0.0000
Healthy/lyria__P0153__b0.png,Healthy,P0153,0,Healthy,0.0001,0.9072,0.0926,0.0001
Healthy/lyria__P0153__b2.png,Healthy,P0153,0,Healthy,0.0017,0.9981,0.0002,0.0000
Healthy/lyria__P0153__b3.png,Healthy,P0153,0,Healthy,0.0001,0.9997,0.0002,0.0000
Healthy/lyria__P0153__b4.png,Healthy,P0153,0,Healthy,0.0014,0.9981,0.0005,0.0000
Healthy/lyria__P0153__b5.png,Healthy,P0153,0,Healthy,0.0353,0.9619,0.0014,0.0015
Healthy/lyria__P0153__b6.png,Healthy,P0153,0,Healthy,0.0000,1.0000,0.0000,0.0000
Healthy/lyria__P0153__b7.png,Healthy,P0153,0,Healthy,0.0003,0.9995,0.0003,0.0000
Healthy/lyria__P0153__b8.png,Healthy,P0153,0,Healthy,0.0000,1.0000,0.0000,0.0000
Healthy/lyria__P0153__b9.png,Healthy,P0153,0,Healthy,0.0036,0.9451,0.0503,0.0010
Healthy/lyria__P0153__b10.png,Healthy,P0153,0,Impacted,0.0001,0.3593,0.6403,0.0003
Healthy/lyria__P0153__b11.png,Healthy,P0153,0,Healthy,0.0003,0.9944,0.0053,0.0000
Healthy/lyria__P0153__b12.png,Healthy,P0153,0,Healthy,0.0000,1.0000,0.0000,0.0000
Healthy/lyria__P0153__b13.png,Healthy,P0153,0,Healthy,0.0002,0.9996,0.0002,0.0000
Healthy/lyria__P0153__b14.png,Healthy,P0153,0,Healthy,0.0000,1.0000,0.0000,0.0000
Healthy/lyria__P0153__b15.png,Healthy,P0153,0,Healthy,0.0002,0.9998,0.0001,0.0000
Healthy/lyria__P0153__b16.png,Healthy,P0153,0,Healthy,0.0001,0.9998,0.0001,0.0000
Healthy/lyria__P0153__b17.png,Healthy,P0153,0,Healthy,0.0000,1.0000,0.0000,0.0000
Healthy/lyria__P0153__b18.png,Healthy,P0153,0,Healthy,0.0001,0.9998,0.0001,0.0000
Healthy/lyria__P0153__b20.png,Healthy,P0153,0,Healthy,0.0011,0.9968,0.0021,0.0000
Healthy/lyria__P0153__b21.png,Healthy,P0153,0,Healthy,0.0002,0.9996,0.0001,0.0000
Healthy/lyria__P0153__b22.png,Healthy,P0153,0,Healthy,0.0008,0.9853,0.0139,0.0000
Healthy/lyria__P0154__b0.png,Healthy,P0154,0,Healthy,0.0001,0.9997,0.0003,0.0000
Healthy/lyria__P0154__b1.png,Healthy,P0154,0,Healthy,0.0030,0.9958,0.0012,0.0000
Healthy/lyria__P0154__b3.png,Healthy,P0154,0,Healthy,0.0000,0.9999,0.0000,0.0000
Healthy/lyria__P0154__b4.png,Healthy,P0154,0,Healthy,0.0001,0.9994,0.0005,0.0000
Healthy/lyria__P0155__b0.png,Healthy,P0155,0,Healthy,0.0004,0.9995,0.0001,0.0000
Healthy/lyria__P0155__b1.png,Healthy,P0155,0,Healthy,0.0053,0.9947,0.0000,0.0000
Healthy/lyria__P0155__b2.png,Healthy,P0155,0,Healthy,0.0350,0.9631,0.0003,0.0017
Healthy/lyria__P0155__b4.png,Healthy,P0155,0,Healthy,0.0126,0.9847,0.0018,0.0009
Healthy/lyria__P0155__b5.png,Healthy,P0155,0,Healthy,0.0005,0.9964,0.0031,0.0000
Healthy/lyria__P0155__b6.png,Healthy,P0155,0,Healthy,0.0003,0.9990,0.0005,0.0001
Healthy/lyria__P0155__b7.png,Healthy,P0155,0,Healthy,0.0016,0.9703,0.0281,0.0001
Healthy/lyria__P0155__b8.png,Healthy,P0155,0,Healthy,0.0004,0.9973,0.0023,0.0001
Healthy/lyria__P0155__b9.png,Healthy,P0155,0,Healthy,0.0019,0.9935,0.0045,0.0001
Healthy/lyria__P0155__b10.png,Healthy,P0155,0,Healthy,0.0000,0.9985,0.0015,0.0000
Healthy/lyria__P0155__b11.png,Healthy,P0155,0,Healthy,0.0012,0.9904,0.0083,0.0000
Healthy/lyria__P0155__b12.png,Healthy,P0155,0,Healthy,0.0001,0.9997,0.0002,0.0000
Healthy/lyria__P0155__b13.png,Healthy,P0155,0,Healthy,0.0001,0.9997,0.0002,0.0000
Healthy/lyria__P0156__b0.png,Healthy,P0156,0,Healthy,0.0011,0.6990,0.2932,0.0067
Healthy/lyria__P0156__b1.png,Healthy,P0156,0,Healthy,0.0009,0.9990,0.0000,0.0000
Healthy/lyria__P0156__b2.png,Healthy,P0156,0,Healthy,0.0746,0.9230,0.0002,0.0023
Healthy/lyria__P0156__b3.png,Healthy,P0156,0,Healthy,0.1151,0.8804,0.0041,0.0004
Healthy/lyria__P0156__b4.png,Healthy,P0156,0,Healthy,0.0050,0.9920,0.0026,0.0003
Healthy/lyria__P0156__b6.png,Healthy,P0156,0,Healthy,0.0001,0.9996,0.0003,0.0000
Healthy/lyria__P0156__b7.png,Healthy,P0156,0,Healthy,0.0000,0.9999,0.0001,0.0000
Healthy/lyria__P0156__b8.png,Healthy,P0156,0,Healthy,0.0002,0.9989,0.0000,0.0008
Healthy/lyria__P0156__b9.png,Healthy,P0156,0,Healthy,0.0001,0.9997,0.0002,0.0000
Healthy/lyria__P0156__b11.png,Healthy,P0156,0,Impacted,0.4420,0.0252,0.5247,0.0081
Healthy/lyria__P0157__b0.png,Healthy,P0157,0,Healthy,0.0012,0.9986,0.0002,0.0000
Healthy/lyria__P0157__b1.png,Healthy,P0157,0,Healthy,0.0009,0.9991,0.0000,0.0000
Healthy/lyria__P0157__b4.png,Healthy,P0157,0,Healthy,0.0000,0.9999,0.0001,0.0000
Healthy/lyria__P0157__b5.png,Healthy,P0157,0,Healthy,0.0469,0.9504,0.0005,0.0022
Healthy/lyria__P0157__b6.png,Healthy,P0157,0,Healthy,0.0025,0.9970,0.0005,0.0000
Healthy/lyria__P0157__b7.png,Healthy,P0157,0,Healthy,0.0246,0.9752,0.0001,0.0000
Healthy/lyria__P0157__b8.png,Healthy,P0157,0,Healthy,0.0016,0.9983,0.0000,0.0000
Healthy/lyria__P0157__b9.png,Healthy,P0157,0,Healthy,0.0002,0.9998,0.0000,0.0000
Healthy/lyria__P0157__b10.png,Healthy,P0157,0,Impacted,0.0076,0.1705,0.8214,0.0005
Healthy/lyria__P0157__b11.png,Healthy,P0157,0,Healthy,0.3325,0.3438,0.3232,0.0005
Healthy/lyria__P0013__b1.png,Healthy,P0013,0,Healthy,0.0001,0.9999,0.0000,0.0000
Healthy/lyria__P0013__b2.png,Healthy,P0013,0,Healthy,0.0001,0.9976,0.0023,0.0000
Healthy/lyria__P0013__b3.png,Healthy,P0013,0,Healthy,0.0000,1.0000,0.0000,0.0000
Healthy/lyria__P0159__b0.png,Healthy,P0159,0,Healthy,0.0027,0.9915,0.0028,0.0030
Healthy/lyria__P0159__b1.png,Healthy,P0159,0,Healthy,0.0005,0.9993,0.0002,0.0000
Healthy/lyria__P0159__b2.png,Healthy,P0159,0,Healthy,0.0455,0.9544,0.0001,0.0000
Healthy/lyria__P0159__b3.png,Healthy,P0159,0,Healthy,0.0032,0.8396,0.1572,0.0000
Healthy/lyria__P0159__b4.png,Healthy,P0159,0,Healthy,0.0066,0.9346,0.0588,0.0000
Healthy/lyria__P0159__b5.png,Healthy,P0159,0,Healthy,0.1298,0.8591,0.0097,0.0014
Healthy/lyria__P0159__b6.png,Healthy,P0159,0,Healthy,0.0001,0.9843,0.0150,0.0006
Healthy/lyria__P0159__b7.png,Healthy,P0159,0,Healthy,0.1397,0.8274,0.0328,0.0002
Healthy/lyria__P0159__b9.png,Healthy,P0159,0,Healthy,0.0004,0.9993,0.0003,0.0000
Healthy/lyria__P0159__b11.png,Healthy,P0159,0,Healthy,0.3338,0.6598,0.0063,0.0001
Healthy/lyria__P0160__b1.png,Healthy,P0160,0,Healthy,0.4203,0.5794,0.0001,0.0002
Healthy/lyria__P0160__b2.png,Healthy,P0160,0,Healthy,0.0060,0.9899,0.0041,0.0000
Healthy/lyria__P0160__b3.png,Healthy,P0160,0,Healthy,0.0059,0.9936,0.0004,0.0001
Healthy/lyria__P0160__b5.png,Healthy,P0160,0,Healthy,0.0000,0.9998,0.0002,0.0000
Healthy/lyria__P0160__b6.png,Healthy,P0160,0,Healthy,0.0000,0.9999,0.0001,0.0000
Healthy/lyria__P0160__b7.png,Healthy,P0160,0,Healthy,0.0724,0.8752,0.0518,0.0006
Healthy/lyria__P0161__b1.png,Healthy,P0161,0,Healthy,0.0000,1.0000,0.0000,0.0000
Healthy/lyria__P0161__b2.png,Healthy,P0161,0,Healthy,0.0005,0.9989,0.0005,0.0000
Healthy/lyria__P0162__b0.png,Healthy,P0162,0,Healthy,0.0015,0.9353,0.0631,0.0001
Healthy/lyria__P0162__b1.png,Healthy,P0162,0,Healthy,0.0364,0.9635,0.0000,0.0000
Healthy/lyria__P0162__b2.png,Healthy,P0162,0,Healthy,0.0039,0.9948,0.0013,0.0000
Healthy/lyria__P0162__b3.png,Healthy,P0162,0,Healthy,0.0068,0.9929,0.0002,0.0000
Healthy/lyria__P0162__b4.png,Healthy,P0162,0,Healthy,0.0900,0.9029,0.0001,0.0070
Healthy/lyria__P0162__b5.png,Healthy,P0162,0,Healthy,0.0025,0.9917,0.0057,0.0000
Healthy/lyria__P0162__b6.png,Healthy,P0162,0,Healthy,0.0006,0.9992,0.0002,0.0000
Healthy/lyria__P0162__b8.png,Healthy,P0162,0,Healthy,0.0010,0.9988,0.0001,0.0001
Healthy/lyria__P0162__b10.png,Healthy,P0162,0,Healthy,0.3909,0.6073,0.0017,0.0002
Healthy/lyria__P0162__b11.png,Healthy,P0162,0,Healthy,0.1210,0.7041,0.1703,0.0045
Healthy/lyria__P0162__b12.png,Healthy,P0162,0,Healthy,0.0108,0.8250,0.1632,0.0010
Healthy/lyria__P0162__b13.png,Healthy,P0162,0,Healthy,0.0000,1.0000,0.0000,0.0000
Healthy/lyria__P0162__b14.png,Healthy,P0162,0,Healthy,0.0000,1.0000,0.0000,0.0000
Healthy/lyria__P0162__b15.png,Healthy,P0162,0,Healthy,0.0000,0.9999,0.0001,0.0000
Healthy/lyria__P0162__b16.png,Healthy,P0162,0,Healthy,0.0162,0.9804,0.0034,0.0000
Healthy/lyria__P0162__b17.png,Healthy,P0162,0,Healthy,0.0000,1.0000,0.0000,0.0000
Healthy/lyria__P0162__b18.png,Healthy,P0162,0,Healthy,0.0000,1.0000,0.0000,0.0000
Healthy/lyria__P0162__b19.png,Healthy,P0162,0,Healthy,0.0001,0.9999,0.0000,0.0000
Healthy/lyria__P0162__b20.png,Healthy,P0162,0,Healthy,0.0001,0.9989,0.0010,0.0000
Healthy/lyria__P0162__b21.png,Healthy,P0162,0,Healthy,0.0001,0.9997,0.0003,0.0000
Healthy/lyria__P0162__b22.png,Healthy,P0162,0,Healthy,0.0005,0.9556,0.0439,0.0000
Healthy/lyria__P0162__b23.png,Healthy,P0162,0,Healthy,0.0000,0.6899,0.3100,0.0001
Healthy/lyria__P0163__b0.png,Healthy,P0163,0,Healthy,0.0659,0.8078,0.1208,0.0055
Healthy/lyria__P0163__b1.png,Healthy,P0163,0,Healthy,0.0183,0.9813,0.0004,0.0000
Healthy/lyria__P0163__b2.png,Healthy,P0163,0,Healthy,0.0005,0.9991,0.0004,0.0000
Healthy/lyria__P0163__b3.png,Healthy,P0163,0,Healthy,0.0006,0.9993,0.0000,0.0000
Healthy/lyria__P0163__b4.png,Healthy,P0163,0,Healthy,0.0718,0.9281,0.0000,0.0000
Healthy/lyria__P0163__b5.png,Healthy,P0163,0,Healthy,0.0001,0.9998,0.0000,0.0000
Healthy/lyria__P0163__b6.png,Healthy,P0163,0,Healthy,0.0008,0.9977,0.0015,0.0000
Healthy/lyria__P0163__b7.png,Healthy,P0163,0,Healthy,0.0026,0.9974,0.0000,0.0000
Healthy/lyria__P0163__b8.png,Healthy,P0163,0,Healthy,0.0015,0.9984,0.0001,0.0000
Healthy/lyria__P0163__b9.png,Healthy,P0163,0,Healthy,0.0063,0.9936,0.0000,0.0000
Healthy/lyria__P0163__b10.png,Healthy,P0163,0,Healthy,0.0028,0.9968,0.0003,0.0000
Healthy/lyria__P0163__b11.png,Healthy,P0163,0,Healthy,0.0388,0.9555,0.0057,0.0001
Healthy/lyria__P0163__b12.png,Healthy,P0163,0,Healthy,0.0656,0.6403,0.2940,0.0001
Healthy/lyria__P0163__b13.png,Healthy,P0163,0,Impacted,0.0010,0.2469,0.7519,0.0002
Healthy/lyria__P0163__b15.png,Healthy,P0163,0,Healthy,0.0065,0.9739,0.0196,0.0000
Healthy/lyria__P0163__b16.png,Healthy,P0163,0,Healthy,0.0001,0.9996,0.0003,0.0000
Healthy/lyria__P0163__b17.png,Healthy,P0163,0,Healthy,0.0000,0.9994,0.0006,0.0000
Healthy/lyria__P0163__b18.png,Healthy,P0163,0,Healthy,0.0000,0.9999,0.0001,0.0000
Healthy/lyria__P0163__b19.png,Healthy,P0163,0,Healthy,0.0000,0.9999,0.0000,0.0000
Healthy/lyria__P0163__b20.png,Healthy,P0163,0,Healthy,0.0000,1.0000,0.0000,0.0000
Healthy/lyria__P0163__b21.png,Healthy,P0163,0,Healthy,0.0000,0.9999,0.0001,0.0000
Healthy/lyria__P0163__b22.png,Healthy,P0163,0,Healthy,0.0001,0.9997,0.0002,0.0000
Healthy/lyria__P0163__b23.png,Healthy,P0163,0,Healthy,0.0000,0.9997,0.0003,0.0000
Healthy/lyria__P0163__b24.png,Healthy,P0163,0,Healthy,0.0238,0.9745,0.0016,0.0000
Healthy/lyria__P0163__b25.png,Healthy,P0163,0,Healthy,0.0014,0.6512,0.3473,0.0000
Healthy/lyria__P0014__b0.png,Healthy,P0014,0,Healthy,0.0172,0.9826,0.0001,0.0001
Healthy/lyria__P0014__b2.png,Healthy,P0014,0,Healthy,0.0021,0.9968,0.0010,0.0000
Healthy/lyria__P0014__b3.png,Healthy,P0014,0,Healthy,0.0002,0.9998,0.0001,0.0000
Healthy/lyria__P0164__b2.png,Healthy,P0164,0,Healthy,0.0000,0.9996,0.0003,0.0000
Healthy/lyria__P0166__b0.png,Healthy,P0166,0,Healthy,0.0000,0.9999,0.0001,0.0000
Healthy/lyria__P0166__b1.png,Healthy,P0166,0,Healthy,0.0001,0.9999,0.0000,0.0000
Healthy/lyria__P0166__b2.png,Healthy,P0166,0,Healthy,0.0020,0.8491,0.1488,0.0001
Healthy/lyria__P0166__b3.png,Healthy,P0166,0,Healthy,0.0002,0.9690,0.0308,0.0000
Healthy/lyria__P0166__b5.png,Healthy,P0166,0,Healthy,0.0000,0.9996,0.0004,0.0000
Healthy/lyria__P0166__b6.png,Healthy,P0166,0,Healthy,0.0000,0.9999,0.0001,0.0000
Healthy/lyria__P0166__b7.png,Healthy,P0166,0,Healthy,0.0000,0.9996,0.0003,0.0000
Healthy/lyria__P0166__b9.png,Healthy,P0166,0,Healthy,0.0037,0.9955,0.0007,0.0001
Healthy/lyria__P0168__b1.png,Healthy,P0168,0,Healthy,0.0001,0.9992,0.0006,0.0000
Healthy/lyria__P0168__b2.png,Healthy,P0168,0,Healthy,0.0000,0.9999,0.0001,0.0000
Healthy/lyria__P0168__b3.png,Healthy,P0168,0,Healthy,0.0000,0.9999,0.0001,0.0000
Healthy/lyria__P0168__b4.png,Healthy,P0168,0,Healthy,0.0001,0.9998,0.0002,0.0000
Healthy/lyria__P0168__b5.png,Healthy,P0168,0,Healthy,0.0002,0.9961,0.0037,0.0000
Healthy/lyria__P0168__b6.png,Healthy,P0168,0,Healthy,0.0039,0.9959,0.0002,0.0000
Healthy/lyria__P0168__b7.png,Healthy,P0168,0,Healthy,0.0000,1.0000,0.0000,0.0000
Healthy/lyria__P0168__b8.png,Healthy,P0168,0,Healthy,0.0008,0.9959,0.0031,0.0002
Healthy/lyria__P0168__b9.png,Healthy,P0168,0,Healthy,0.0003,0.9996,0.0000,0.0000
Healthy/lyria__P0168__b10.png,Healthy,P0168,0,Healthy,0.0005,0.9994,0.0001,0.0000
Healthy/lyria__P0168__b11.png,Healthy,P0168,0,Healthy,0.0007,0.9947,0.0046,0.0000
Healthy/lyria__P0169__b0.png,Healthy,P0169,0,Healthy,0.0020,0.9751,0.0228,0.0001
Healthy/lyria__P0169__b1.png,Healthy,P0169,0,Healthy,0.0101,0.9335,0.0528,0.0036
Healthy/lyria__P0169__b2.png,Healthy,P0169,0,Healthy,0.0002,0.9991,0.0007,0.0000
Healthy/lyria__P0169__b3.png,Healthy,P0169,0,Healthy,0.0012,0.9986,0.0002,0.0000
Healthy/lyria__P0169__b4.png,Healthy,P0169,0,Healthy,0.3376,0.6621,0.0003,0.0001
Healthy/lyria__P0169__b5.png,Healthy,P0169,0,Healthy,0.0003,0.9995,0.0002,0.0000
Healthy/lyria__P0169__b6.png,Healthy,P0169,0,Healthy,0.0005,0.9995,0.0000,0.0000
Healthy/lyria__P0169__b7.png,Healthy,P0169,0,Healthy,0.0037,0.9961,0.0001,0.0000
Healthy/lyria__P0169__b8.png,Healthy,P0169,0,Healthy,0.0001,0.9995,0.0004,0.0000
Healthy/lyria__P0169__b9.png,Healthy,P0169,0,Healthy,0.0000,1.0000,0.0000,0.0000
Healthy/lyria__P0169__b11.png,Healthy,P0169,0,Healthy,0.0016,0.9977,0.0007,0.0000
Healthy/lyria__P0169__b12.png,Healthy,P0169,0,Healthy,0.0000,0.9994,0.0006,0.0000
Healthy/lyria__P0169__b13.png,Healthy,P0169,0,Healthy,0.0000,1.0000,0.0000,0.0000
Healthy/lyria__P0172__b0.png,Healthy,P0172,0,Healthy,0.0004,0.7132,0.2864,0.0000
Healthy/lyria__P0172__b1.png,Healthy,P0172,0,Healthy,0.0017,0.9713,0.0270,0.0000
Healthy/lyria__P0172__b2.png,Healthy,P0172,0,Healthy,0.0009,0.9989,0.0002,0.0000
Healthy/lyria__P0172__b3.png,Healthy,P0172,0,Healthy,0.0000,0.9999,0.0000,0.0000
Healthy/lyria__P0172__b4.png,Healthy,P0172,0,Healthy,0.0000,1.0000,0.0000,0.0000
Healthy/lyria__P0172__b5.png,Healthy,P0172,0,Healthy,0.0005,0.9976,0.0018,0.0000
Healthy/lyria__P0172__b6.png,Healthy,P0172,0,Healthy,0.0016,0.9983,0.0001,0.0000
Healthy/lyria__P0172__b7.png,Healthy,P0172,0,Healthy,0.0001,0.9995,0.0004,0.0000
Healthy/lyria__P0172__b8.png,Healthy,P0172,0,Healthy,0.0001,0.9999,0.0000,0.0000
Healthy/lyria__P0172__b9.png,Healthy,P0172,0,Healthy,0.0001,0.9999,0.0000,0.0000
Healthy/lyria__P0172__b10.png,Healthy,P0172,0,Healthy,0.0002,0.9997,0.0001,0.0000
Healthy/lyria__P0172__b12.png,Healthy,P0172,0,Healthy,0.0105,0.8453,0.1438,0.0004
Healthy/lyria__P0172__b13.png,Healthy,P0172,0,Healthy,0.0000,0.9995,0.0004,0.0000
Healthy/lyria__P0172__b14.png,Healthy,P0172,0,Healthy,0.0035,0.9964,0.0000,0.0000
Healthy/lyria__P0172__b15.png,Healthy,P0172,0,Healthy,0.0031,0.9968,0.0000,0.0001
Healthy/lyria__P0172__b16.png,Healthy,P0172,0,Healthy,0.0000,0.9997,0.0003,0.0000
Healthy/lyria__P0172__b17.png,Healthy,P0172,0,Healthy,0.0000,1.0000,0.0000,0.0000
Healthy/lyria__P0172__b18.png,Healthy,P0172,0,Healthy,0.0003,0.9996,0.0002,0.0000
Healthy/lyria__P0172__b19.png,Healthy,P0172,0,Healthy,0.0003,0.9992,0.0005,0.0000
Healthy/lyria__P0172__b20.png,Healthy,P0172,0,Healthy,0.0003,0.9994,0.0003,0.0000
Healthy/lyria__P0172__b22.png,Healthy,P0172,0,Healthy,0.0001,0.9915,0.0084,0.0000
Healthy/lyria__P0173__b1.png,Healthy,P0173,0,Healthy,0.0002,0.9925,0.0072,0.0000
Healthy/lyria__P0173__b2.png,Healthy,P0173,0,Healthy,0.0001,0.9964,0.0035,0.0000
Healthy/lyria__P0173__b3.png,Healthy,P0173,0,Healthy,0.0000,0.9999,0.0001,0.0000
Healthy/lyria__P0173__b4.png,Healthy,P0173,0,Healthy,0.0000,0.9999,0.0001,0.0000
Healthy/lyria__P0173__b6.png,Healthy,P0173,0,Healthy,0.3702,0.6281,0.0008,0.0009
Healthy/lyria__P0173__b7.png,Healthy,P0173,0,Healthy,0.0024,0.8154,0.1821,0.0001
Healthy/lyria__P0175__b0.png,Healthy,P0175,0,Healthy,0.0049,0.9889,0.0062,0.0001
Healthy/lyria__P0175__b1.png,Healthy,P0175,0,Healthy,0.0005,0.9985,0.0009,0.0000
Healthy/lyria__P0175__b2.png,Healthy,P0175,0,Healthy,0.0072,0.9927,0.0001,0.0000
Healthy/lyria__P0175__b3.png,Healthy,P0175,0,Healthy,0.0261,0.9733,0.0003,0.0002
Healthy/lyria__P0175__b4.png,Healthy,P0175,0,Healthy,0.0009,0.9978,0.0013,0.0000
Healthy/lyria__P0175__b5.png,Healthy,P0175,0,Healthy,0.0002,0.9990,0.0008,0.0000
Healthy/lyria__P0175__b6.png,Healthy,P0175,0,Healthy,0.0031,0.9968,0.0001,0.0001
Healthy/lyria__P0175__b7.png,Healthy,P0175,0,Healthy,0.0109,0.9889,0.0002,0.0000
Healthy/lyria__P0175__b9.png,Healthy,P0175,0,Healthy,0.0002,0.9993,0.0005,0.0000
Healthy/lyria__P0175__b10.png,Healthy,P0175,0,Healthy,0.0006,0.9991,0.0003,0.0000
Healthy/lyria__P0175__b11.png,Healthy,P0175,0,Healthy,0.0000,0.9994,0.0006,0.0000
Healthy/lyria__P0175__b12.png,Healthy,P0175,0,Healthy,0.0003,0.9990,0.0007,0.0000
Healthy/lyria__P0175__b13.png,Healthy,P0175,0,Healthy,0.0001,0.9940,0.0059,0.0000
Healthy/lyria__P0175__b14.png,Healthy,P0175,0,Healthy,0.0006,0.9992,0.0002,0.0000
Healthy/lyria__P0175__b15.png,Healthy,P0175,0,Healthy,0.0001,0.9999,0.0000,0.0000
Healthy/lyria__P0175__b16.png,Healthy,P0175,0,Healthy,0.0010,0.9984,0.0006,0.0000
Healthy/lyria__P0176__b1.png,Healthy,P0176,0,Endodontics,0.9309,0.0631,0.0001,0.0059
Healthy/lyria__P0176__b2.png,Healthy,P0176,0,Healthy,0.0001,0.9934,0.0065,0.0000
Healthy/lyria__P0176__b3.png,Healthy,P0176,0,Healthy,0.0006,0.9967,0.0027,0.0000
Healthy/lyria__P0176__b4.png,Healthy,P0176,0,Healthy,0.0424,0.9142,0.0432,0.0002
Healthy/lyria__P0178__b0.png,Healthy,P0178,0,Endodontics,0.6735,0.3259,0.0000,0.0005
Healthy/lyria__P0178__b1.png,Healthy,P0178,0,Healthy,0.1820,0.8171,0.0001,0.0008
Healthy/lyria__P0178__b2.png,Healthy,P0178,0,Endodontics,0.9250,0.0467,0.0000,0.0283
Healthy/lyria__P0178__b3.png,Healthy,P0178,0,Healthy,0.0001,0.9998,0.0000,0.0000
Healthy/lyria__P0178__b4.png,Healthy,P0178,0,Healthy,0.0012,0.9987,0.0001,0.0000
Healthy/lyria__P0178__b5.png,Healthy,P0178,0,Healthy,0.0017,0.9975,0.0009,0.0000
Healthy/lyria__P0178__b6.png,Healthy,P0178,0,Healthy,0.0005,0.9995,0.0000,0.0000
Healthy/lyria__P0178__b7.png,Healthy,P0178,0,Healthy,0.0002,0.9998,0.0000,0.0000
Healthy/lyria__P0178__b8.png,Healthy,P0178,0,Healthy,0.0001,0.9999,0.0001,0.0000
Healthy/lyria__P0179__b0.png,Healthy,P0179,0,Healthy,0.0138,0.9859,0.0003,0.0000
Healthy/lyria__P0179__b1.png,Healthy,P0179,0,Healthy,0.0059,0.9938,0.0003,0.0000
Healthy/lyria__P0179__b2.png,Healthy,P0179,0,Healthy,0.0006,0.9991,0.0003,0.0000
Healthy/lyria__P0179__b4.png,Healthy,P0179,0,Healthy,0.0000,0.9999,0.0000,0.0000
Healthy/lyria__P0179__b5.png,Healthy,P0179,0,Healthy,0.0003,0.9996,0.0001,0.0000
Healthy/lyria__P0179__b6.png,Healthy,P0179,0,Healthy,0.0000,1.0000,0.0000,0.0000
Healthy/lyria__P0179__b8.png,Healthy,P0179,0,Healthy,0.0006,0.9987,0.0006,0.0000
Healthy/lyria__P0180__b0.png,Healthy,P0180,0,Healthy,0.0010,0.9985,0.0002,0.0002
Healthy/lyria__P0180__b1.png,Healthy,P0180,0,Healthy,0.0009,0.9985,0.0001,0.0004
Healthy/lyria__P0180__b2.png,Healthy,P0180,0,Healthy,0.0280,0.8906,0.0809,0.0005
Healthy/lyria__P0180__b3.png,Healthy,P0180,0,Healthy,0.1336,0.8664,0.0001,0.0000
Healthy/lyria__P0180__b4.png,Healthy,P0180,0,Healthy,0.0012,0.9988,0.0000,0.0000
Healthy/lyria__P0180__b5.png,Healthy,P0180,0,Healthy,0.0155,0.9834,0.0011,0.0000
Healthy/lyria__P0180__b6.png,Healthy,P0180,0,Healthy,0.0001,0.9955,0.0044,0.0000
Healthy/lyria__P0180__b8.png,Healthy,P0180,0,Healthy,0.0000,0.9999,0.0001,0.0000
Healthy/lyria__P0180__b9.png,Healthy,P0180,0,Healthy,0.0032,0.9968,0.0000,0.0000
Healthy/lyria__P0180__b10.png,Healthy,P0180,0,Healthy,0.0063,0.9930,0.0006,0.0001
Healthy/lyria__P0180__b11.png,Healthy,P0180,0,Healthy,0.0000,1.0000,0.0000,0.0000
Healthy/lyria__P0180__b13.png,Healthy,P0180,0,Healthy,0.0008,0.9952,0.0038,0.0001
Healthy/lyria__P0180__b14.png,Healthy,P0180,0,Healthy,0.0008,0.9981,0.0008,0.0003
Healthy/lyria__P0180__b15.png,Healthy,P0180,0,Healthy,0.0028,0.5206,0.4744,0.0023
Healthy/lyria__P0180__b16.png,Healthy,P0180,0,Healthy,0.0001,0.9977,0.0021,0.0000
Healthy/lyria__P0180__b17.png,Healthy,P0180,0,Healthy,0.0010,0.9987,0.0002,0.0000
Healthy/lyria__P0180__b18.png,Healthy,P0180,0,Healthy,0.0003,0.9996,0.0000,0.0000
Healthy/lyria__P0180__b19.png,Healthy,P0180,0,Healthy,0.0933,0.9059,0.0007,0.0001
Healthy/lyria__P0180__b20.png,Healthy,P0180,0,Healthy,0.1378,0.8620,0.0000,0.0001
Healthy/lyria__P0180__b21.png,Healthy,P0180,0,Healthy,0.0001,0.9998,0.0001,0.0000
Healthy/lyria__P0180__b22.png,Healthy,P0180,0,Healthy,0.0000,1.0000,0.0000,0.0000
Healthy/lyria__P0180__b23.png,Healthy,P0180,0,Healthy,0.0000,0.9997,0.0002,0.0000
Healthy/lyria__P0180__b24.png,Healthy,P0180,0,Healthy,0.0000,0.9999,0.0000,0.0000
Healthy/lyria__P0180__b25.png,Healthy,P0180,0,Healthy,0.0002,0.9997,0.0001,0.0000
Healthy/lyria__P0180__b26.png,Healthy,P0180,0,Healthy,0.0006,0.9973,0.0021,0.0000
Healthy/lyria__P0180__b27.png,Healthy,P0180,0,Healthy,0.0000,0.9999,0.0001,0.0000
Healthy/lyria__P0180__b28.png,Healthy,P0180,0,Healthy,0.0000,0.9998,0.0002,0.0000
Healthy/lyria__P0180__b29.png,Healthy,P0180,0,Healthy,0.0002,0.9994,0.0004,0.0000
Healthy/lyria__P0180__b30.png,Healthy,P0180,0,Healthy,0.0010,0.6712,0.3277,0.0000
Healthy/lyria__P0181__b0.png,Healthy,P0181,0,Healthy,0.0021,0.8046,0.1932,0.0002
Healthy/lyria__P0181__b1.png,Healthy,P0181,0,Healthy,0.0006,0.9980,0.0013,0.0000
Healthy/lyria__P0181__b2.png,Healthy,P0181,0,Healthy,0.0015,0.9955,0.0030,0.0000
Healthy/lyria__P0181__b3.png,Healthy,P0181,0,Healthy,0.0088,0.9911,0.0001,0.0000
Healthy/lyria__P0181__b4.png,Healthy,P0181,0,Endodontics,0.5000,0.4971,0.0021,0.0009
Healthy/lyria__P0181__b5.png,Healthy,P0181,0,Healthy,0.0015,0.9982,0.0003,0.0001
Healthy/lyria__P0181__b7.png,Healthy,P0181,0,Healthy,0.0377,0.9544,0.0076,0.0003
Healthy/lyria__P0181__b9.png,Healthy,P0181,0,Healthy,0.0452,0.9030,0.0489,0.0028
Healthy/lyria__P0181__b10.png,Healthy,P0181,0,Healthy,0.0020,0.9879,0.0099,0.0002
Healthy/lyria__P0181__b11.png,Healthy,P0181,0,Healthy,0.0093,0.8018,0.1868,0.0022
Healthy/lyria__P0181__b12.png,Healthy,P0181,0,Healthy,0.0002,0.9989,0.0008,0.0000
Healthy/lyria__P0181__b13.png,Healthy,P0181,0,Healthy,0.0000,0.9961,0.0039,0.0000
Healthy/lyria__P0181__b14.png,Healthy,P0181,0,Healthy,0.0000,1.0000,0.0000,0.0000
Healthy/lyria__P0181__b15.png,Healthy,P0181,0,Healthy,0.0000,0.9999,0.0001,0.0000
Healthy/lyria__P0181__b16.png,Healthy,P0181,0,Healthy,0.0002,0.9996,0.0002,0.0000
Healthy/lyria__P0181__b17.png,Healthy,P0181,0,Healthy,0.0001,0.9998,0.0001,0.0000
Healthy/lyria__P0181__b18.png,Healthy,P0181,0,Healthy,0.0012,0.9986,0.0003,0.0000
Healthy/lyria__P0181__b19.png,Healthy,P0181,0,Impacted,0.0002,0.0690,0.9307,0.0002
Healthy/lyria__P0181__b20.png,Healthy,P0181,0,Impacted,0.0000,0.0039,0.9961,0.0000
Healthy/lyria__P0182__b0.png,Healthy,P0182,0,Healthy,0.0124,0.9837,0.0038,0.0001
Healthy/lyria__P0182__b1.png,Healthy,P0182,0,Healthy,0.0002,0.9570,0.0417,0.0011
Healthy/lyria__P0182__b2.png,Healthy,P0182,0,Healthy,0.0053,0.9942,0.0005,0.0000
Healthy/lyria__P0182__b3.png,Healthy,P0182,0,Healthy,0.0043,0.9956,0.0001,0.0000
Healthy/lyria__P0182__b4.png,Healthy,P0182,0,Healthy,0.0925,0.9074,0.0000,0.0000
Healthy/lyria__P0182__b5.png,Healthy,P0182,0,Healthy,0.0013,0.9982,0.0005,0.0000
Healthy/lyria__P0182__b6.png,Healthy,P0182,0,Healthy,0.0018,0.9977,0.0005,0.0000
Healthy/lyria__P0182__b7.png,Healthy,P0182,0,Healthy,0.0004,0.9920,0.0075,0.0000
Healthy/lyria__P0182__b8.png,Healthy,P0182,0,Healthy,0.3064,0.6746,0.0102,0.0087
Healthy/lyria__P0182__b9.png,Healthy,P0182,0,Healthy,0.0007,0.9993,0.0000,0.0000
Healthy/lyria__P0182__b10.png,Healthy,P0182,0,Healthy,0.0011,0.9989,0.0000,0.0000
Healthy/lyria__P0182__b12.png,Healthy,P0182,0,Healthy,0.0001,0.9991,0.0007,0.0000
Healthy/lyria__P0182__b13.png,Healthy,P0182,0,Impacted,0.0014,0.4343,0.5579,0.0064
Healthy/lyria__P0182__b15.png,Healthy,P0182,0,Healthy,0.0384,0.9541,0.0074,0.0001
Healthy/lyria__P0182__b16.png,Healthy,P0182,0,Healthy,0.0002,0.9974,0.0024,0.0000
Healthy/lyria__P0182__b17.png,Healthy,P0182,0,Healthy,0.0000,0.9999,0.0001,0.0000
Healthy/lyria__P0182__b18.png,Healthy,P0182,0,Healthy,0.0001,0.9971,0.0029,0.0000
Healthy/lyria__P0182__b19.png,Healthy,P0182,0,Healthy,0.0001,0.9984,0.0014,0.0000
Healthy/lyria__P0182__b20.png,Healthy,P0182,0,Healthy,0.0001,0.9970,0.0025,0.0004
Healthy/lyria__P0182__b21.png,Healthy,P0182,0,Healthy,0.0102,0.9887,0.0011,0.0000
Healthy/lyria__P0182__b22.png,Healthy,P0182,0,Healthy,0.0017,0.9956,0.0027,0.0000
Healthy/lyria__P0182__b23.png,Healthy,P0182,0,Healthy,0.0001,0.9990,0.0009,0.0000
Healthy/lyria__P0182__b24.png,Healthy,P0182,0,Healthy,0.0001,0.9992,0.0007,0.0000
Healthy/lyria__P0182__b25.png,Healthy,P0182,0,Healthy,0.0009,0.9961,0.0029,0.0001
Healthy/lyria__P0184__b0.png,Healthy,P0184,0,Healthy,0.0660,0.9331,0.0009,0.0000
Healthy/lyria__P0184__b2.png,Healthy,P0184,0,Healthy,0.0000,0.9990,0.0009,0.0001
Healthy/lyria__P0184__b3.png,Healthy,P0184,0,Healthy,0.0000,0.9988,0.0012,0.0000
Healthy/lyria__P0184__b4.png,Healthy,P0184,0,Healthy,0.0006,0.9985,0.0009,0.0000
Healthy/lyria__P0189__b0.png,Healthy,P0189,0,Healthy,0.0147,0.9846,0.0007,0.0000
Healthy/lyria__P0189__b1.png,Healthy,P0189,0,Healthy,0.0000,1.0000,0.0000,0.0000
Healthy/lyria__P0189__b3.png,Healthy,P0189,0,Healthy,0.0053,0.9868,0.0079,0.0000
Healthy/lyria__P0189__b4.png,Healthy,P0189,0,Healthy,0.0014,0.9986,0.0000,0.0000
Healthy/lyria__P0189__b5.png,Healthy,P0189,0,Healthy,0.0090,0.9902,0.0007,0.0001
Healthy/lyria__P0189__b6.png,Healthy,P0189,0,Healthy,0.0010,0.9988,0.0002,0.0000
Healthy/lyria__P0189__b7.png,Healthy,P0189,0,Healthy,0.1505,0.8475,0.0002,0.0017
Healthy/lyria__P0189__b8.png,Healthy,P0189,0,Healthy,0.0000,0.9999,0.0000,0.0000
Healthy/lyria__P0189__b9.png,Healthy,P0189,0,Healthy,0.0000,0.9998,0.0002,0.0000
Healthy/lyria__P0189__b10.png,Healthy,P0189,0,Healthy,0.0000,0.9999,0.0000,0.0000
Healthy/lyria__P0189__b11.png,Healthy,P0189,0,Healthy,0.0000,0.9999,0.0000,0.0000
Healthy/lyria__P0189__b12.png,Healthy,P0189,0,Healthy,0.0000,1.0000,0.0000,0.0000
Healthy/lyria__P0189__b14.png,Healthy,P0189,0,Healthy,0.0000,0.9999,0.0000,0.0000
Healthy/lyria__P0189__b15.png,Healthy,P0189,0,Healthy,0.0000,0.9999,0.0000,0.0000
Healthy/lyria__P0190__b1.png,Healthy,P0190,0,Healthy,0.0004,0.9892,0.0104,0.0000
Healthy/lyria__P0190__b2.png,Healthy,P0190,0,Healthy,0.0011,0.9451,0.0538,0.0000
Healthy/lyria__P0190__b3.png,Healthy,P0190,0,Healthy,0.0085,0.9854,0.0061,0.0000
Healthy/lyria__P0190__b4.png,Healthy,P0190,0,Healthy,0.0058,0.9935,0.0006,0.0001
Healthy/lyria__P0190__b5.png,Healthy,P0190,0,Healthy,0.0007,0.9991,0.0001,0.0000
Healthy/lyria__P0190__b6.png,Healthy,P0190,0,Healthy,0.0025,0.9970,0.0004,0.0000
Healthy/lyria__P0190__b7.png,Healthy,P0190,0,Healthy,0.0026,0.9923,0.0050,0.0000
Healthy/lyria__P0190__b8.png,Healthy,P0190,0,Healthy,0.0024,0.9970,0.0005,0.0000
Healthy/lyria__P0190__b9.png,Healthy,P0190,0,Healthy,0.0005,0.9993,0.0001,0.0000
Healthy/lyria__P0190__b10.png,Healthy,P0190,0,Healthy,0.0079,0.9025,0.0890,0.0006
Healthy/lyria__P0190__b11.png,Healthy,P0190,0,Healthy,0.0047,0.6936,0.2969,0.0048
Healthy/lyria__P0190__b12.png,Healthy,P0190,0,Impacted,0.0079,0.4510,0.5371,0.0040
Healthy/lyria__P0190__b13.png,Healthy,P0190,0,Healthy,0.0001,0.9770,0.0227,0.0001
Healthy/lyria__P0190__b14.png,Healthy,P0190,0,Healthy,0.0044,0.9941,0.0014,0.0001
Healthy/lyria__P0190__b15.png,Healthy,P0190,0,Healthy,0.0049,0.9158,0.0793,0.0000
Healthy/lyria__P0190__b16.png,Healthy,P0190,0,Healthy,0.0357,0.9639,0.0002,0.0002
Healthy/lyria__P0190__b17.png,Healthy,P0190,0,Healthy,0.0000,1.0000,0.0000,0.0000
Healthy/lyria__P0190__b18.png,Healthy,P0190,0,Healthy,0.0002,0.9991,0.0007,0.0000
Healthy/lyria__P0190__b19.png,Healthy,P0190,0,Healthy,0.0000,0.9999,0.0001,0.0000
Healthy/lyria__P0190__b20.png,Healthy,P0190,0,Healthy,0.0027,0.9888,0.0008,0.0076
Healthy/lyria__P0190__b21.png,Healthy,P0190,0,Healthy,0.0070,0.9926,0.0004,0.0000
Healthy/lyria__P0190__b22.png,Healthy,P0190,0,Healthy,0.0057,0.9913,0.0020,0.0009
Healthy/lyria__P0190__b23.png,Healthy,P0190,0,Healthy,0.0579,0.9391,0.0015,0.0015
Healthy/lyria__P0191__b0.png,Healthy,P0191,0,Healthy,0.0559,0.9437,0.0004,0.0000
Healthy/lyria__P0191__b1.png,Healthy,P0191,0,Healthy,0.0013,0.9987,0.0000,0.0000
Healthy/lyria__P0191__b2.png,Healthy,P0191,0,Healthy,0.0001,0.9999,0.0000,0.0000
Healthy/lyria__P0191__b4.png,Healthy,P0191,0,Healthy,0.0026,0.9964,0.0010,0.0000
Healthy/lyria__P0191__b5.png,Healthy,P0191,0,Healthy,0.0000,0.9999,0.0000,0.0000
Healthy/lyria__P0191__b6.png,Healthy,P0191,0,Healthy,0.0000,1.0000,0.0000,0.0000
Healthy/lyria__P0191__b7.png,Healthy,P0191,0,Healthy,0.0003,0.9481,0.0516,0.0000
Healthy/lyria__P0191__b8.png,Healthy,P0191,0,Healthy,0.0003,0.9994,0.0003,0.0000
Healthy/lyria__P0191__b9.png,Healthy,P0191,0,Healthy,0.0018,0.9981,0.0001,0.0000
Healthy/lyria__P0191__b10.png,Healthy,P0191,0,Healthy,0.1420,0.7549,0.1008,0.0023
Healthy/lyria__P0191__b11.png,Healthy,P0191,0,Healthy,0.0004,0.9992,0.0003,0.0000
Healthy/lyria__P0191__b12.png,Healthy,P0191,0,Healthy,0.0067,0.9928,0.0004,0.0000
Healthy/lyria__P0191__b13.png,Healthy,P0191,0,Healthy,0.0001,0.9999,0.0001,0.0000
Healthy/lyria__P0191__b14.png,Healthy,P0191,0,Healthy,0.0005,0.9992,0.0004,0.0000
Healthy/lyria__P0191__b15.png,Healthy,P0191,0,Healthy,0.0010,0.9931,0.0058,0.0000
Healthy/lyria__P0191__b16.png,Healthy,P0191,0,Healthy,0.0013,0.9961,0.0026,0.0000
Healthy/lyria__P0191__b17.png,Healthy,P0191,0,Healthy,0.0007,0.9992,0.0001,0.0000
Healthy/lyria__P0192__b0.png,Healthy,P0192,0,Healthy,0.0439,0.9492,0.0008,0.0061
Healthy/lyria__P0192__b1.png,Healthy,P0192,0,Healthy,0.0022,0.9967,0.0009,0.0001
Healthy/lyria__P0192__b2.png,Healthy,P0192,0,Healthy,0.0041,0.9943,0.0010,0.0005
Healthy/lyria__P0192__b3.png,Healthy,P0192,0,Healthy,0.0016,0.9983,0.0000,0.0000
Healthy/lyria__P0192__b4.png,Healthy,P0192,0,Healthy,0.0009,0.9988,0.0003,0.0000
Healthy/lyria__P0192__b5.png,Healthy,P0192,0,Healthy,0.0002,0.9980,0.0018,0.0000
Healthy/lyria__P0192__b6.png,Healthy,P0192,0,Healthy,0.0008,0.9991,0.0000,0.0000
Healthy/lyria__P0192__b7.png,Healthy,P0192,0,Healthy,0.0162,0.9817,0.0021,0.0000
Healthy/lyria__P0192__b8.png,Healthy,P0192,0,Healthy,0.0011,0.9957,0.0032,0.0000
Healthy/lyria__P0192__b10.png,Healthy,P0192,0,Healthy,0.0000,0.9997,0.0003,0.0000
Healthy/lyria__P0192__b11.png,Healthy,P0192,0,Healthy,0.0000,0.9999,0.0000,0.0000
Healthy/lyria__P0192__b12.png,Healthy,P0192,0,Healthy,0.0000,0.9997,0.0002,0.0000
Healthy/lyria__P0192__b13.png,Healthy,P0192,0,Healthy,0.0001,0.9999,0.0000,0.0000
Healthy/lyria__P0192__b14.png,Healthy,P0192,0,Healthy,0.0000,0.9999,0.0000,0.0000
Healthy/lyria__P0192__b15.png,Healthy,P0192,0,Healthy,0.0000,0.9993,0.0006,0.0000
Healthy/lyria__P0192__b17.png,Healthy,P0192,0,Healthy,0.2831,0.7158,0.0009,0.0002
Healthy/lyria__P0193__b0.png,Healthy,P0193,0,Healthy,0.0022,0.9970,0.0006,0.0002
Healthy/lyria__P0193__b1.png,Healthy,P0193,0,Healthy,0.0000,0.9999,0.0000,0.0000
Healthy/lyria__P0193__b3.png,Healthy,P0193,0,Healthy,0.0000,1.0000,0.0000,0.0000
Healthy/lyria__P0193__b4.png,Healthy,P0193,0,Healthy,0.0000,1.0000,0.0000,0.0000
Healthy/lyria__P0193__b5.png,Healthy,P0193,0,Healthy,0.0000,1.0000,0.0000,0.0000
Healthy/lyria__P0194__b0.png,Healthy,P0194,0,Healthy,0.0582,0.9307,0.0012,0.0099
Healthy/lyria__P0194__b1.png,Healthy,P0194,0,Healthy,0.0051,0.9948,0.0000,0.0000
Healthy/lyria__P0194__b2.png,Healthy,P0194,0,Healthy,0.0010,0.9990,0.0000,0.0000
Healthy/lyria__P0194__b3.png,Healthy,P0194,0,Healthy,0.0001,0.9998,0.0000,0.0001
Healthy/lyria__P0194__b4.png,Healthy,P0194,0,Healthy,0.0002,0.9980,0.0018,0.0000
Healthy/lyria__P0194__b6.png,Healthy,P0194,0,Healthy,0.0023,0.9976,0.0001,0.0000
Healthy/lyria__P0194__b7.png,Healthy,P0194,0,Healthy,0.0271,0.9597,0.0132,0.0000
Healthy/lyria__P0194__b8.png,Healthy,P0194,0,Healthy,0.0004,0.9995,0.0000,0.0000
Healthy/lyria__P0194__b9.png,Healthy,P0194,0,Healthy,0.0000,0.9999,0.0000,0.0000
Healthy/lyria__P0194__b11.png,Healthy,P0194,0,Healthy,0.0035,0.9958,0.0003,0.0004
Healthy/lyria__P0195__b0.png,Healthy,P0195,0,Healthy,0.0000,0.9999,0.0001,0.0000
Healthy/lyria__P0195__b1.png,Healthy,P0195,0,Healthy,0.0001,0.9999,0.0000,0.0000
Healthy/lyria__P0195__b2.png,Healthy,P0195,0,Healthy,0.0000,0.9998,0.0002,0.0000
Healthy/lyria__P0195__b3.png,Healthy,P0195,0,Healthy,0.0003,0.9992,0.0005,0.0000
Healthy/lyria__P0195__b4.png,Healthy,P0195,0,Healthy,0.0001,0.9996,0.0003,0.0000
Healthy/lyria__P0195__b5.png,Healthy,P0195,0,Healthy,0.0000,0.9997,0.0003,0.0000
Healthy/lyria__P0195__b6.png,Healthy,P0195,0,Healthy,0.0003,0.9996,0.0001,0.0000
Healthy/lyria__P0195__b7.png,Healthy,P0195,0,Healthy,0.0131,0.9869,0.0000,0.0000
Healthy/lyria__P0195__b8.png,Healthy,P0195,0,Healthy,0.0128,0.9867,0.0002,0.0003
Healthy/lyria__P0195__b11.png,Healthy,P0195,0,Healthy,0.0042,0.9954,0.0004,0.0000
Healthy/lyria__P0195__b12.png,Healthy,P0195,0,Healthy,0.0028,0.8499,0.1472,0.0001
Healthy/lyria__P0197__b0.png,Healthy,P0197,0,Healthy,0.0015,0.9976,0.0009,0.0000
Healthy/lyria__P0197__b1.png,Healthy,P0197,0,Healthy,0.0001,0.9987,0.0012,0.0000
Healthy/lyria__P0197__b2.png,Healthy,P0197,0,Healthy,0.0007,0.9948,0.0044,0.0000
Healthy/lyria__P0197__b3.png,Healthy,P0197,0,Healthy,0.0001,0.9992,0.0007,0.0000
Healthy/lyria__P0197__b4.png,Healthy,P0197,0,Healthy,0.0002,0.9997,0.0001,0.0000
Healthy/lyria__P0197__b6.png,Healthy,P0197,0,Healthy,0.0004,0.9977,0.0019,0.0000
Healthy/lyria__P0197__b7.png,Healthy,P0197,0,Healthy,0.0003,0.9993,0.0003,0.0000
Healthy/lyria__P0197__b8.png,Healthy,P0197,0,Healthy,0.0008,0.9967,0.0026,0.0000
Healthy/lyria__P0197__b9.png,Healthy,P0197,0,Healthy,0.0040,0.9383,0.0577,0.0000
Healthy/lyria__P0197__b10.png,Healthy,P0197,0,Healthy,0.0004,0.9995,0.0001,0.0000
Healthy/lyria__P0197__b11.png,Healthy,P0197,0,Healthy,0.0165,0.9819,0.0016,0.0000
Healthy/lyria__P0197__b12.png,Healthy,P0197,0,Healthy,0.0072,0.9928,0.0001,0.0000
Healthy/lyria__P0197__b14.png,Healthy,P0197,0,Healthy,0.0015,0.9983,0.0003,0.0000
Healthy/lyria__P0197__b15.png,Healthy,P0197,0,Healthy,0.0053,0.9830,0.0117,0.0000
Healthy/lyria__P0197__b16.png,Healthy,P0197,0,Healthy,0.0361,0.9585,0.0054,0.0000
Healthy/lyria__P0197__b17.png,Healthy,P0197,0,Healthy,0.0133,0.9123,0.0740,0.0004
Healthy/lyria__P0019__b0.png,Healthy,P0019,0,Healthy,0.0206,0.9561,0.0016,0.0217
Healthy/lyria__P0019__b2.png,Healthy,P0019,0,Healthy,0.0002,0.9997,0.0001,0.0001
Healthy/lyria__P0019__b3.png,Healthy,P0019,0,Healthy,0.0151,0.9788,0.0013,0.0048
Healthy/lyria__P0019__b5.png,Healthy,P0019,0,Healthy,0.0000,1.0000,0.0000,0.0000
Healthy/lyria__P0200__b0.png,Healthy,P0200,0,Healthy,0.0367,0.9608,0.0007,0.0018
Healthy/lyria__P0200__b1.png,Healthy,P0200,0,Healthy,0.0000,0.9999,0.0001,0.0000
Healthy/lyria__P0200__b2.png,Healthy,P0200,0,Healthy,0.0012,0.9975,0.0011,0.0002
Healthy/lyria__P0200__b3.png,Healthy,P0200,0,Healthy,0.0003,0.9985,0.0008,0.0004
Healthy/lyria__P0200__b4.png,Healthy,P0200,0,Healthy,0.0000,0.9999,0.0000,0.0000
Healthy/lyria__P0200__b6.png,Healthy,P0200,0,Healthy,0.1462,0.7913,0.0579,0.0046
Healthy/lyria__P0200__b8.png,Healthy,P0200,0,Healthy,0.0001,0.9997,0.0001,0.0000
Healthy/lyria__P0200__b9.png,Healthy,P0200,0,Healthy,0.0002,0.9997,0.0001,0.0000
Healthy/lyria__P0200__b10.png,Healthy,P0200,0,Healthy,0.0001,0.9998,0.0001,0.0000
Healthy/lyria__P0200__b11.png,Healthy,P0200,0,Healthy,0.0001,0.9999,0.0000,0.0000
Healthy/lyria__P0200__b12.png,Healthy,P0200,0,Healthy,0.0003,0.9997,0.0001,0.0000
Healthy/lyria__P0200__b13.png,Healthy,P0200,0,Healthy,0.0000,1.0000,0.0000,0.0000
Healthy/lyria__P0200__b14.png,Healthy,P0200,0,Healthy,0.0007,0.9974,0.0009,0.0010
Healthy/lyria__P0200__b15.png,Healthy,P0200,0,Healthy,0.0095,0.9894,0.0002,0.0009
Healthy/lyria__P0201__b0.png,Healthy,P0201,0,Healthy,0.0853,0.9137,0.0010,0.0001
Healthy/lyria__P0201__b1.png,Healthy,P0201,0,Healthy,0.0001,0.9998,0.0001,0.0000
Healthy/lyria__P0201__b2.png,Healthy,P0201,0,Healthy,0.0006,0.9994,0.0000,0.0000
Healthy/lyria__P0201__b3.png,Healthy,P0201,0,Healthy,0.0000,0.9999,0.0000,0.0000
Healthy/lyria__P0201__b4.png,Healthy,P0201,0,Healthy,0.0001,0.9997,0.0002,0.0000
Healthy/lyria__P0201__b6.png,Healthy,P0201,0,Healthy,0.0005,0.9991,0.0004,0.0001
Healthy/lyria__P0203__b0.png,Healthy,P0203,0,Healthy,0.0126,0.9854,0.0019,0.0000
Healthy/lyria__P0203__b1.png,Healthy,P0203,0,Healthy,0.0232,0.9765,0.0003,0.0000
Healthy/lyria__P0203__b2.png,Healthy,P0203,0,Healthy,0.0142,0.9855,0.0003,0.0001
Healthy/lyria__P0203__b3.png,Healthy,P0203,0,Healthy,0.0112,0.9880,0.0009,0.0000
Healthy/lyria__P0203__b4.png,Healthy,P0203,0,Healthy,0.0006,0.9990,0.0003,0.0001
Healthy/lyria__P0203__b5.png,Healthy,P0203,0,Healthy,0.0018,0.8697,0.1276,0.0009
Healthy/lyria__P0203__b6.png,Healthy,P0203,0,Healthy,0.0002,0.9950,0.0048,0.0000
Healthy/lyria__P0203__b7.png,Healthy,P0203,0,Healthy,0.0000,1.0000,0.0000,0.0000
Healthy/lyria__P0203__b9.png,Healthy,P0203,0,Healthy,0.0004,0.9993,0.0002,0.0000
Healthy/lyria__P0203__b10.png,Healthy,P0203,0,Healthy,0.0000,0.9998,0.0001,0.0000
Healthy/lyria__P0203__b11.png,Healthy,P0203,0,Healthy,0.0000,0.9999,0.0001,0.0000
Healthy/lyria__P0203__b12.png,Healthy,P0203,0,Healthy,0.0033,0.9842,0.0016,0.0109
Healthy/lyria__P0203__b14.png,Healthy,P0203,0,Healthy,0.0000,0.9955,0.0045,0.0000
Healthy/lyria__P0204__b0.png,Healthy,P0204,0,Healthy,0.0048,0.9948,0.0004,0.0000
Healthy/lyria__P0204__b1.png,Healthy,P0204,0,Healthy,0.0084,0.9915,0.0000,0.0001
Healthy/lyria__P0204__b2.png,Healthy,P0204,0,Healthy,0.0015,0.9983,0.0002,0.0000
Healthy/lyria__P0204__b4.png,Healthy,P0204,0,Healthy,0.0001,0.9998,0.0001,0.0000
Healthy/lyria__P0204__b5.png,Healthy,P0204,0,Healthy,0.0003,0.9994,0.0003,0.0000
Healthy/lyria__P0204__b6.png,Healthy,P0204,0,Healthy,0.0001,0.9991,0.0008,0.0000
Healthy/lyria__P0204__b7.png,Healthy,P0204,0,Healthy,0.0566,0.9433,0.0001,0.0000
Healthy/lyria__P0204__b8.png,Healthy,P0204,0,Healthy,0.0001,0.9999,0.0000,0.0000
Healthy/lyria__P0204__b9.png,Healthy,P0204,0,Healthy,0.0000,1.0000,0.0000,0.0000
Healthy/lyria__P0204__b10.png,Healthy,P0204,0,Healthy,0.0000,1.0000,0.0000,0.0000
Healthy/lyria__P0204__b11.png,Healthy,P0204,0,Healthy,0.0004,0.9995,0.0001,0.0001
Healthy/lyria__P0204__b12.png,Healthy,P0204,0,Healthy,0.0000,1.0000,0.0000,0.0000
Healthy/lyria__P0205__b0.png,Healthy,P0205,0,Healthy,0.0008,0.9983,0.0009,0.0000
Healthy/lyria__P0205__b2.png,Healthy,P0205,0,Healthy,0.0002,0.9994,0.0001,0.0003
Healthy/lyria__P0205__b3.png,Healthy,P0205,0,Healthy,0.0000,1.0000,0.0000,0.0000
Healthy/lyria__P0206__b0.png,Healthy,P0206,0,Healthy,0.0028,0.9660,0.0003,0.0309
Healthy/lyria__P0206__b1.png,Healthy,P0206,0,Healthy,0.0006,0.9994,0.0000,0.0000
Healthy/lyria__P0206__b2.png,Healthy,P0206,0,Healthy,0.0029,0.9146,0.0809,0.0016
Healthy/lyria__P0206__b4.png,Healthy,P0206,0,Healthy,0.0000,1.0000,0.0000,0.0000
Healthy/lyria__P0206__b5.png,Healthy,P0206,0,Healthy,0.0000,1.0000,0.0000,0.0000
Healthy/lyria__P0206__b7.png,Healthy,P0206,0,Healthy,0.0000,1.0000,0.0000,0.0000
Healthy/lyria__P0206__b8.png,Healthy,P0206,0,Healthy,0.0000,1.0000,0.0000,0.0000
Healthy/lyria__P0206__b9.png,Healthy,P0206,0,Healthy,0.0000,1.0000,0.0000,0.0000
Healthy/lyria__P0206__b10.png,Healthy,P0206,0,Healthy,0.0000,1.0000,0.0000,0.0000
Healthy/lyria__P0206__b11.png,Healthy,P0206,0,Impacted,0.0004,0.4404,0.5589,0.0003
Healthy/lyria__P0208__b0.png,Healthy,P0208,0,Healthy,0.3631,0.6368,0.0001,0.0000
Healthy/lyria__P0208__b1.png,Healthy,P0208,0,Healthy,0.0000,0.9997,0.0003,0.0000
Healthy/lyria__P0208__b2.png,Healthy,P0208,0,Healthy,0.0000,0.9997,0.0003,0.0000
Healthy/lyria__P0210__b1.png,Healthy,P0210,0,Impacted,0.2533,0.0454,0.6914,0.0099
Healthy/lyria__P0211__b0.png,Healthy,P0211,0,Healthy,0.0000,0.9999,0.0001,0.0000
Healthy/lyria__P0211__b2.png,Healthy,P0211,0,Healthy,0.0000,1.0000,0.0000,0.0000
Healthy/lyria__P0211__b3.png,Healthy,P0211,0,Healthy,0.0000,0.9999,0.0001,0.0000
Healthy/lyria__P0211__b4.png,Healthy,P0211,0,Healthy,0.0000,0.9999,0.0001,0.0000
Healthy/lyria__P0211__b5.png,Healthy,P0211,0,Healthy,0.0000,0.9998,0.0002,0.0000
Healthy/lyria__P0212__b0.png,Healthy,P0212,0,Healthy,0.0022,0.9976,0.0001,0.0001
Healthy/lyria__P0212__b1.png,Healthy,P0212,0,Healthy,0.0000,1.0000,0.0000,0.0000
Healthy/lyria__P0212__b2.png,Healthy,P0212,0,Healthy,0.0000,0.9999,0.0001,0.0000
Healthy/lyria__P0212__b3.png,Healthy,P0212,0,Healthy,0.0000,1.0000,0.0000,0.0000
Healthy/lyria__P0214__b0.png,Healthy,P0214,0,Healthy,0.0434,0.9506,0.0060,0.0000
Healthy/lyria__P0214__b2.png,Healthy,P0214,0,Healthy,0.0001,0.9996,0.0003,0.0000
Healthy/lyria__P0214__b3.png,Healthy,P0214,0,Healthy,0.0000,1.0000,0.0000,0.0000
Healthy/lyria__P0214__b4.png,Healthy,P0214,0,Healthy,0.0000,0.9999,0.0000,0.0000
Healthy/lyria__P0214__b5.png,Healthy,P0214,0,Healthy,0.0003,0.9997,0.0000,0.0000
Healthy/lyria__P0214__b6.png,Healthy,P0214,0,Healthy,0.0000,0.9999,0.0001,0.0000
Healthy/lyria__P0214__b7.png,Healthy,P0214,0,Healthy,0.0006,0.9993,0.0000,0.0000
Healthy/lyria__P0215__b0.png,Healthy,P0215,0,Healthy,0.0207,0.9745,0.0044,0.0004
Healthy/lyria__P0215__b1.png,Healthy,P0215,0,Healthy,0.2234,0.6992,0.0761,0.0014
Healthy/lyria__P0215__b2.png,Healthy,P0215,0,Healthy,0.0144,0.9462,0.0380,0.0014
Healthy/lyria__P0215__b4.png,Healthy,P0215,0,Healthy,0.0001,0.9998,0.0001,0.0000
Healthy/lyria__P0215__b5.png,Healthy,P0215,0,Healthy,0.0000,0.9998,0.0001,0.0000
Healthy/lyria__P0215__b6.png,Healthy,P0215,0,Healthy,0.0000,0.9999,0.0000,0.0000
Healthy/lyria__P0215__b8.png,Healthy,P0215,0,Healthy,0.0002,0.9997,0.0001,0.0000
Healthy/lyria__P0215__b9.png,Healthy,P0215,0,Healthy,0.0559,0.9373,0.0007,0.0061
Healthy/lyria__P0215__b10.png,Healthy,P0215,0,Healthy,0.0844,0.9137,0.0005,0.0014
Healthy/lyria__P0215__b11.png,Healthy,P0215,0,Healthy,0.0113,0.9832,0.0022,0.0033
Healthy/lyria__P0215__b12.png,Healthy,P0215,0,Endodontics,0.5255,0.4584,0.0152,0.0010
Healthy/lyria__P0217__b0.png,Healthy,P0217,0,Healthy,0.0020,0.9979,0.0000,0.0000
Healthy/lyria__P0217__b1.png,Healthy,P0217,0,Healthy,0.0016,0.9983,0.0001,0.0000
Healthy/lyria__P0217__b2.png,Healthy,P0217,0,Healthy,0.0001,0.9996,0.0004,0.0000
Healthy/lyria__P0217__b3.png,Healthy,P0217,0,Healthy,0.0180,0.9783,0.0037,0.0000
Healthy/lyria__P0217__b5.png,Healthy,P0217,0,Healthy,0.0002,0.9997,0.0000,0.0000
Healthy/lyria__P0217__b6.png,Healthy,P0217,0,Healthy,0.0005,0.9994,0.0001,0.0000
Healthy/lyria__P0217__b7.png,Healthy,P0217,0,Healthy,0.0000,0.9999,0.0001,0.0000
Healthy/lyria__P0217__b8.png,Healthy,P0217,0,Healthy,0.0001,0.9999,0.0000,0.0000
Healthy/lyria__P0217__b9.png,Healthy,P0217,0,Healthy,0.0000,0.9997,0.0003,0.0000
Healthy/lyria__P0217__b10.png,Healthy,P0217,0,Healthy,0.0003,0.9995,0.0002,0.0000
Healthy/lyria__P0217__b11.png,Healthy,P0217,0,Healthy,0.0006,0.9988,0.0006,0.0000
Healthy/lyria__P0217__b12.png,Healthy,P0217,0,Healthy,0.0001,0.9999,0.0001,0.0000
Healthy/lyria__P0217__b13.png,Healthy,P0217,0,Healthy,0.0001,0.9999,0.0000,0.0000
Healthy/lyria__P0219__b0.png,Healthy,P0219,0,Endodontics,0.9262,0.0737,0.0001,0.0000
Healthy/lyria__P0219__b1.png,Healthy,P0219,0,Healthy,0.0000,0.9994,0.0006,0.0000
Healthy/lyria__P0219__b3.png,Healthy,P0219,0,Healthy,0.0000,0.9999,0.0001,0.0000
Healthy/lyria__P0219__b4.png,Healthy,P0219,0,Healthy,0.0000,0.9788,0.0211,0.0000
Healthy/lyria__P0219__b5.png,Healthy,P0219,0,Healthy,0.0002,0.9995,0.0003,0.0000
Healthy/lyria__P0220__b0.png,Healthy,P0220,0,Healthy,0.0026,0.9948,0.0012,0.0015
Healthy/lyria__P0220__b1.png,Healthy,P0220,0,Healthy,0.0001,0.9992,0.0005,0.0002
Healthy/lyria__P0220__b2.png,Healthy,P0220,0,Healthy,0.0089,0.9864,0.0047,0.0000
Healthy/lyria__P0220__b3.png,Healthy,P0220,0,Healthy,0.0003,0.9989,0.0009,0.0000
Healthy/lyria__P0220__b4.png,Healthy,P0220,0,Healthy,0.0078,0.9913,0.0008,0.0001
Healthy/lyria__P0220__b5.png,Healthy,P0220,0,Healthy,0.1211,0.8780,0.0007,0.0001
Healthy/lyria__P0220__b6.png,Healthy,P0220,0,Healthy,0.0002,0.9997,0.0002,0.0000
Healthy/lyria__P0220__b7.png,Healthy,P0220,0,Healthy,0.0005,0.9995,0.0000,0.0000
Healthy/lyria__P0220__b8.png,Healthy,P0220,0,Healthy,0.0000,1.0000,0.0000,0.0000
Healthy/lyria__P0220__b9.png,Healthy,P0220,0,Healthy,0.0010,0.9989,0.0001,0.0000
Healthy/lyria__P0220__b10.png,Healthy,P0220,0,Healthy,0.0000,1.0000,0.0000,0.0000
Healthy/lyria__P0220__b12.png,Healthy,P0220,0,Healthy,0.0000,1.0000,0.0000,0.0000
Healthy/lyria__P0220__b13.png,Healthy,P0220,0,Healthy,0.0001,0.9999,0.0001,0.0000
Healthy/lyria__P0220__b14.png,Healthy,P0220,0,Healthy,0.0000,0.9999,0.0000,0.0000
Healthy/lyria__P0220__b15.png,Healthy,P0220,0,Healthy,0.0000,1.0000,0.0000,0.0000
Healthy/lyria__P0220__b16.png,Healthy,P0220,0,Healthy,0.0001,0.9999,0.0000,0.0000
Healthy/lyria__P0221__b0.png,Healthy,P0221,0,Healthy,0.0877,0.6737,0.2384,0.0001
Healthy/lyria__P0221__b1.png,Healthy,P0221,0,Impacted,0.0008,0.4238,0.5727,0.0028
Healthy/lyria__P0221__b2.png,Healthy,P0221,0,Healthy,0.0006,0.9993,0.0001,0.0000
Healthy/lyria__P0221__b3.png,Healthy,P0221,0,Healthy,0.0001,0.9995,0.0004,0.0000
Healthy/lyria__P0221__b4.png,Healthy,P0221,0,Healthy,0.0000,0.9997,0.0003,0.0000
Healthy/lyria__P0221__b5.png,Healthy,P0221,0,Healthy,0.0000,0.9999,0.0000,0.0000
Healthy/lyria__P0221__b8.png,Healthy,P0221,0,Healthy,0.0001,0.9994,0.0005,0.0000
Healthy/lyria__P0221__b9.png,Healthy,P0221,0,Healthy,0.0000,0.9999,0.0001,0.0000
Healthy/lyria__P0221__b10.png,Healthy,P0221,0,Healthy,0.0000,0.9998,0.0002,0.0000
Healthy/lyria__P0221__b11.png,Healthy,P0221,0,Healthy,0.0000,0.9997,0.0003,0.0000
Healthy/lyria__P0223__b0.png,Healthy,P0223,0,Healthy,0.0091,0.9903,0.0002,0.0004
Healthy/lyria__P0223__b1.png,Healthy,P0223,0,Healthy,0.2757,0.7161,0.0081,0.0000
Healthy/lyria__P0223__b2.png,Healthy,P0223,0,Healthy,0.0064,0.9934,0.0002,0.0000
Healthy/lyria__P0223__b3.png,Healthy,P0223,0,Healthy,0.0017,0.9976,0.0007,0.0000
Healthy/lyria__P0223__b4.png,Healthy,P0223,0,Healthy,0.0004,0.9995,0.0000,0.0000
Healthy/lyria__P0223__b5.png,Healthy,P0223,0,Healthy,0.0033,0.9963,0.0004,0.0000
Healthy/lyria__P0223__b6.png,Healthy,P0223,0,Healthy,0.0861,0.9077,0.0061,0.0000
Healthy/lyria__P0223__b8.png,Healthy,P0223,0,Healthy,0.3761,0.6226,0.0010,0.0003
Healthy/lyria__P0223__b9.png,Healthy,P0223,0,Healthy,0.0000,0.9990,0.0009,0.0000
Healthy/lyria__P0223__b10.png,Healthy,P0223,0,Healthy,0.0002,0.9995,0.0003,0.0000
Healthy/lyria__P0223__b11.png,Healthy,P0223,0,Healthy,0.0000,0.9999,0.0001,0.0000
Healthy/lyria__P0223__b12.png,Healthy,P0223,0,Healthy,0.0000,1.0000,0.0000,0.0000
Healthy/lyria__P0223__b13.png,Healthy,P0223,0,Healthy,0.0001,0.9999,0.0000,0.0000
Healthy/lyria__P0223__b14.png,Healthy,P0223,0,Healthy,0.0000,1.0000,0.0000,0.0000
Healthy/lyria__P0223__b15.png,Healthy,P0223,0,Healthy,0.0002,0.9997,0.0000,0.0000
Healthy/lyria__P0223__b16.png,Healthy,P0223,0,Healthy,0.0411,0.9576,0.0003,0.0010
Healthy/lyria__P0021__b0.png,Healthy,P0021,0,Healthy,0.0036,0.9963,0.0001,0.0000
Healthy/lyria__P0021__b1.png,Healthy,P0021,0,Healthy,0.0013,0.9986,0.0001,0.0001
Healthy/lyria__P0021__b2.png,Healthy,P0021,0,Healthy,0.0011,0.9988,0.0001,0.0000
Healthy/lyria__P0021__b4.png,Healthy,P0021,0,Healthy,0.0000,0.9998,0.0002,0.0000
Healthy/lyria__P0021__b5.png,Healthy,P0021,0,Healthy,0.0000,0.9999,0.0001,0.0000
Healthy/lyria__P0021__b6.png,Healthy,P0021,0,Healthy,0.0005,0.9990,0.0001,0.0003
Healthy/lyria__P0021__b7.png,Healthy,P0021,0,Healthy,0.0000,0.9999,0.0000,0.0000
Healthy/lyria__P0021__b9.png,Healthy,P0021,0,Healthy,0.0000,1.0000,0.0000,0.0000
Healthy/lyria__P0225__b0.png,Healthy,P0225,0,Healthy,0.0001,0.9979,0.0019,0.0000
Healthy/lyria__P0225__b1.png,Healthy,P0225,0,Healthy,0.0000,0.9999,0.0001,0.0000
Healthy/lyria__P0225__b2.png,Healthy,P0225,0,Healthy,0.0000,1.0000,0.0000,0.0000
Healthy/lyria__P0225__b5.png,Healthy,P0225,0,Healthy,0.0007,0.9988,0.0005,0.0000
Healthy/lyria__P0225__b6.png,Healthy,P0225,0,Healthy,0.0000,1.0000,0.0000,0.0000
Healthy/lyria__P0225__b7.png,Healthy,P0225,0,Healthy,0.0000,0.9999,0.0001,0.0000
Healthy/lyria__P0225__b8.png,Healthy,P0225,0,Healthy,0.0007,0.9992,0.0001,0.0000
Healthy/lyria__P0225__b9.png,Healthy,P0225,0,Healthy,0.0036,0.9958,0.0005,0.0000
Healthy/lyria__P0227__b0.png,Healthy,P0227,0,Healthy,0.0000,1.0000,0.0000,0.0000
Healthy/lyria__P0227__b1.png,Healthy,P0227,0,Healthy,0.0002,0.9997,0.0000,0.0001
Healthy/lyria__P0227__b2.png,Healthy,P0227,0,Healthy,0.0001,0.9999,0.0000,0.0000
Healthy/lyria__P0227__b3.png,Healthy,P0227,0,Healthy,0.0000,0.9993,0.0007,0.0000
Healthy/lyria__P0227__b5.png,Healthy,P0227,0,Healthy,0.0000,1.0000,0.0000,0.0000
Healthy/lyria__P0230__b1.png,Healthy,P0230,0,Healthy,0.0000,0.9999,0.0001,0.0000
Healthy/lyria__P0230__b2.png,Healthy,P0230,0,Healthy,0.0003,0.9996,0.0002,0.0000
Healthy/lyria__P0230__b4.png,Healthy,P0230,0,Healthy,0.0000,0.9999,0.0001,0.0000
Healthy/lyria__P0231__b0.png,Healthy,P0231,0,Healthy,0.0046,0.7200,0.2747,0.0007
Healthy/lyria__P0231__b1.png,Healthy,P0231,0,Healthy,0.0407,0.9486,0.0106,0.0002
Healthy/lyria__P0231__b2.png,Healthy,P0231,0,Healthy,0.0027,0.9973,0.0001,0.0000
Healthy/lyria__P0231__b3.png,Healthy,P0231,0,Healthy,0.0001,0.9954,0.0045,0.0000
Healthy/lyria__P0231__b4.png,Healthy,P0231,0,Healthy,0.0001,0.9997,0.0002,0.0000
Healthy/lyria__P0231__b7.png,Healthy,P0231,0,Healthy,0.0254,0.9743,0.0003,0.0000
Healthy/lyria__P0022__b1.png,Healthy,P0022,0,Healthy,0.0001,0.9941,0.0058,0.0000
Healthy/lyria__P0232__b1.png,Healthy,P0232,0,Healthy,0.0002,0.9991,0.0007,0.0000
Healthy/lyria__P0232__b2.png,Healthy,P0232,0,Healthy,0.0000,0.9999,0.0000,0.0000
Healthy/lyria__P0232__b4.png,Healthy,P0232,0,Healthy,0.0001,0.9999,0.0000,0.0000
Healthy/lyria__P0233__b0.png,Healthy,P0233,0,Healthy,0.0003,0.9996,0.0001,0.0000
Healthy/lyria__P0233__b1.png,Healthy,P0233,0,Healthy,0.0000,0.9999,0.0001,0.0000
Healthy/lyria__P0233__b4.png,Healthy,P0233,0,Healthy,0.0002,0.9961,0.0037,0.0000
Healthy/lyria__P0233__b5.png,Healthy,P0233,0,Healthy,0.0089,0.9353,0.0557,0.0001
Healthy/lyria__P0234__b1.png,Healthy,P0234,0,Healthy,0.0000,1.0000,0.0000,0.0000
Healthy/lyria__P0234__b2.png,Healthy,P0234,0,Healthy,0.0000,1.0000,0.0000,0.0000
Healthy/lyria__P0234__b3.png,Healthy,P0234,0,Healthy,0.0000,1.0000,0.0000,0.0000
Healthy/lyria__P0234__b4.png,Healthy,P0234,0,Healthy,0.0000,1.0000,0.0000,0.0000
Healthy/lyria__P0023__b0.png,Healthy,P0023,0,Healthy,0.0023,0.9653,0.0323,0.0000
Healthy/lyria__P0023__b1.png,Healthy,P0023,0,Healthy,0.0000,1.0000,0.0000,0.0000
Healthy/lyria__P0023__b2.png,Healthy,P0023,0,Healthy,0.0000,0.9999,0.0001,0.0000
Healthy/lyria__P0023__b5.png,Healthy,P0023,0,Healthy,0.0001,0.9806,0.0193,0.0000
Healthy/lyria__P0023__b6.png,Healthy,P0023,0,Healthy,0.0000,0.9989,0.0010,0.0000
Healthy/lyria__P0236__b1.png,Healthy,P0236,0,Healthy,0.0000,1.0000,0.0000,0.0000
Healthy/lyria__P0236__b2.png,Healthy,P0236,0,Healthy,0.0000,1.0000,0.0000,0.0000
Healthy/lyria__P0236__b3.png,Healthy,P0236,0,Healthy,0.0000,0.9986,0.0013,0.0000
Healthy/lyria__P0236__b5.png,Healthy,P0236,0,Healthy,0.0000,1.0000,0.0000,0.0000
Healthy/lyria__P0236__b6.png,Healthy,P0236,0,Healthy,0.0000,0.9999,0.0001,0.0000
Healthy/lyria__P0236__b7.png,Healthy,P0236,0,Healthy,0.0001,0.9990,0.0009,0.0000
Healthy/lyria__P0236__b8.png,Healthy,P0236,0,Healthy,0.0029,0.9971,0.0000,0.0000
Healthy/lyria__P0236__b9.png,Healthy,P0236,0,Healthy,0.0006,0.9992,0.0001,0.0000
Healthy/lyria__P0236__b10.png,Healthy,P0236,0,Healthy,0.0011,0.9983,0.0006,0.0000
Healthy/lyria__P0236__b11.png,Healthy,P0236,0,Healthy,0.0061,0.9937,0.0000,0.0001
Healthy/lyria__P0238__b1.png,Healthy,P0238,0,Healthy,0.0002,0.9997,0.0001,0.0000
Healthy/lyria__P0238__b2.png,Healthy,P0238,0,Healthy,0.0000,0.9984,0.0016,0.0000
Healthy/lyria__P0238__b3.png,Healthy,P0238,0,Healthy,0.0000,0.9998,0.0002,0.0000
Healthy/lyria__P0238__b5.png,Healthy,P0238,0,Healthy,0.0001,0.9999,0.0000,0.0000
Healthy/lyria__P0238__b6.png,Healthy,P0238,0,Healthy,0.0010,0.9975,0.0016,0.0000
Healthy/lyria__P0238__b7.png,Healthy,P0238,0,Healthy,0.0001,0.9983,0.0017,0.0000
Healthy/lyria__P0238__b8.png,Healthy,P0238,0,Healthy,0.0001,0.9989,0.0010,0.0000
Healthy/lyria__P0239__b0.png,Healthy,P0239,0,Healthy,0.0149,0.9823,0.0028,0.0000
Healthy/lyria__P0239__b1.png,Healthy,P0239,0,Healthy,0.0198,0.9316,0.0478,0.0008
Healthy/lyria__P0239__b3.png,Healthy,P0239,0,Healthy,0.0001,0.9999,0.0000,0.0000
Healthy/lyria__P0239__b4.png,Healthy,P0239,0,Healthy,0.0000,0.9999,0.0000,0.0000
Healthy/lyria__P0239__b5.png,Healthy,P0239,0,Healthy,0.0000,1.0000,0.0000,0.0000
Healthy/lyria__P0239__b7.png,Healthy,P0239,0,Healthy,0.0000,0.9999,0.0001,0.0000
Healthy/lyria__P0239__b8.png,Healthy,P0239,0,Healthy,0.0000,0.9999,0.0001,0.0000
Healthy/lyria__P0239__b9.png,Healthy,P0239,0,Healthy,0.0003,0.9996,0.0002,0.0000
Healthy/lyria__P0240__b0.png,Healthy,P0240,0,Healthy,0.0023,0.9697,0.0279,0.0001
Healthy/lyria__P0240__b1.png,Healthy,P0240,0,Healthy,0.0066,0.9929,0.0005,0.0000
Healthy/lyria__P0240__b2.png,Healthy,P0240,0,Healthy,0.0001,0.9998,0.0001,0.0000
Healthy/lyria__P0240__b4.png,Healthy,P0240,0,Healthy,0.0004,0.9992,0.0003,0.0000
Healthy/lyria__P0240__b5.png,Healthy,P0240,0,Healthy,0.0001,0.9997,0.0002,0.0000
Healthy/lyria__P0240__b6.png,Healthy,P0240,0,Healthy,0.0000,0.9997,0.0002,0.0000
Healthy/lyria__P0240__b8.png,Healthy,P0240,0,Healthy,0.0019,0.9631,0.0350,0.0000
Healthy/lyria__P0240__b9.png,Healthy,P0240,0,Healthy,0.0192,0.6200,0.3305,0.0303
Healthy/lyria__P0240__b10.png,Healthy,P0240,0,Healthy,0.0001,0.8953,0.1045,0.0000
Healthy/lyria__P0240__b11.png,Healthy,P0240,0,Healthy,0.0007,0.9985,0.0008,0.0000
Healthy/lyria__P0240__b12.png,Healthy,P0240,0,Healthy,0.0004,0.9994,0.0002,0.0000
Healthy/lyria__P0240__b13.png,Healthy,P0240,0,Healthy,0.0001,0.9971,0.0028,0.0000
Healthy/lyria__P0240__b14.png,Healthy,P0240,0,Healthy,0.0002,0.9998,0.0000,0.0000
Healthy/lyria__P0240__b15.png,Healthy,P0240,0,Healthy,0.0004,0.9986,0.0010,0.0000
Healthy/lyria__P0240__b16.png,Healthy,P0240,0,Healthy,0.0001,0.9962,0.0037,0.0000
Healthy/lyria__P0240__b17.png,Healthy,P0240,0,Healthy,0.0004,0.9964,0.0033,0.0000
Healthy/lyria__P0240__b18.png,Healthy,P0240,0,Healthy,0.0000,1.0000,0.0000,0.0000
Healthy/lyria__P0240__b19.png,Healthy,P0240,0,Healthy,0.0000,1.0000,0.0000,0.0000
Healthy/lyria__P0240__b20.png,Healthy,P0240,0,Healthy,0.0117,0.9881,0.0002,0.0000
Healthy/lyria__P0240__b21.png,Healthy,P0240,0,Healthy,0.0011,0.9862,0.0126,0.0002
Healthy/lyria__P0240__b22.png,Healthy,P0240,0,Impacted,0.0078,0.3693,0.6212,0.0017
Healthy/lyria__P0241__b1.png,Healthy,P0241,0,Healthy,0.0014,0.9981,0.0004,0.0001
Healthy/lyria__P0241__b2.png,Healthy,P0241,0,Healthy,0.0001,0.9996,0.0003,0.0000
Healthy/lyria__P0241__b3.png,Healthy,P0241,0,Healthy,0.0653,0.9244,0.0048,0.0055
Healthy/lyria__P0241__b4.png,Healthy,P0241,0,Healthy,0.0001,0.9997,0.0003,0.0000
Healthy/lyria__P0241__b5.png,Healthy,P0241,0,Healthy,0.0001,0.9998,0.0001,0.0000
Healthy/lyria__P0241__b6.png,Healthy,P0241,0,Healthy,0.0000,1.0000,0.0000,0.0000
Healthy/lyria__P0241__b8.png,Healthy,P0241,0,Healthy,0.0000,0.9999,0.0001,0.0000
Healthy/lyria__P0242__b2.png,Healthy,P0242,0,Healthy,0.0006,0.9907,0.0080,0.0008
Healthy/lyria__P0245__b0.png,Healthy,P0245,0,Healthy,0.0116,0.6011,0.3871,0.0002
Healthy/lyria__P0245__b1.png,Healthy,P0245,0,Healthy,0.0093,0.9349,0.0558,0.0000
Healthy/lyria__P0245__b2.png,Healthy,P0245,0,Impacted,0.0032,0.4712,0.5255,0.0001
Healthy/lyria__P0245__b3.png,Healthy,P0245,0,Endodontics,0.5852,0.4148,0.0000,0.0000
Healthy/lyria__P0245__b4.png,Healthy,P0245,0,Healthy,0.0001,0.9999,0.0000,0.0000
Healthy/lyria__P0245__b5.png,Healthy,P0245,0,Healthy,0.0000,0.9998,0.0002,0.0000
Healthy/lyria__P0245__b6.png,Healthy,P0245,0,Healthy,0.0001,0.9939,0.0061,0.0000
Healthy/lyria__P0245__b7.png,Healthy,P0245,0,Healthy,0.0000,0.9995,0.0004,0.0000
Healthy/lyria__P0245__b8.png,Healthy,P0245,0,Healthy,0.0000,0.9991,0.0008,0.0000
Healthy/lyria__P0245__b9.png,Healthy,P0245,0,Healthy,0.0001,0.9998,0.0001,0.0000
Healthy/lyria__P0245__b10.png,Healthy,P0245,0,Healthy,0.0000,0.9999,0.0001,0.0000
Healthy/lyria__P0245__b12.png,Healthy,P0245,0,Healthy,0.0007,0.8461,0.1531,0.0001
Healthy/lyria__P0249__b0.png,Healthy,P0249,0,Healthy,0.0000,1.0000,0.0000,0.0000
Healthy/lyria__P0024__b1.png,Healthy,P0024,0,Healthy,0.0042,0.6111,0.3841,0.0006
Healthy/lyria__P0024__b3.png,Healthy,P0024,0,Healthy,0.0000,1.0000,0.0000,0.0000
Healthy/lyria__P0024__b4.png,Healthy,P0024,0,Healthy,0.0000,0.9998,0.0002,0.0000
Healthy/lyria__P0024__b5.png,Healthy,P0024,0,Impacted,0.0002,0.3725,0.6272,0.0001
Healthy/lyria__P0251__b0.png,Healthy,P0251,0,Healthy,0.4509,0.5491,0.0000,0.0000
Healthy/lyria__P0251__b1.png,Healthy,P0251,0,Healthy,0.0121,0.9865,0.0007,0.0007
Healthy/lyria__P0251__b3.png,Healthy,P0251,0,Healthy,0.0000,1.0000,0.0000,0.0000
Healthy/lyria__P0251__b4.png,Healthy,P0251,0,Endodontics,0.5777,0.4189,0.0021,0.0012
Healthy/lyria__P0251__b5.png,Healthy,P0251,0,Healthy,0.0239,0.9760,0.0001,0.0000
Healthy/lyria__P0252__b0.png,Healthy,P0252,0,Healthy,0.0002,0.9949,0.0049,0.0000
Healthy/lyria__P0252__b1.png,Healthy,P0252,0,Healthy,0.0000,0.9996,0.0004,0.0000
Healthy/lyria__P0252__b2.png,Healthy,P0252,0,Healthy,0.0001,0.9983,0.0016,0.0000
Healthy/lyria__P0252__b3.png,Healthy,P0252,0,Healthy,0.0002,0.9985,0.0013,0.0000
Healthy/lyria__P0252__b4.png,Healthy,P0252,0,Healthy,0.0005,0.9995,0.0000,0.0000
Healthy/lyria__P0253__b0.png,Healthy,P0253,0,Healthy,0.0009,0.9969,0.0018,0.0004
Healthy/lyria__P0253__b1.png,Healthy,P0253,0,Healthy,0.0013,0.7220,0.2766,0.0000
Healthy/lyria__P0253__b2.png,Healthy,P0253,0,Impacted,0.0005,0.3520,0.6475,0.0000
Healthy/lyria__P0253__b3.png,Healthy,P0253,0,Healthy,0.0130,0.9839,0.0027,0.0003
Healthy/lyria__P0253__b4.png,Healthy,P0253,0,Healthy,0.0001,0.9991,0.0008,0.0000
Healthy/lyria__P0253__b5.png,Healthy,P0253,0,Healthy,0.0006,0.9979,0.0011,0.0004
Healthy/lyria__P0253__b6.png,Healthy,P0253,0,Healthy,0.0183,0.9816,0.0001,0.0000
Healthy/lyria__P0253__b7.png,Healthy,P0253,0,Healthy,0.0003,0.9986,0.0012,0.0000
Healthy/lyria__P0253__b8.png,Healthy,P0253,0,Healthy,0.0000,0.9998,0.0001,0.0000
Healthy/lyria__P0253__b9.png,Healthy,P0253,0,Healthy,0.0001,0.9999,0.0000,0.0000
Healthy/lyria__P0253__b10.png,Healthy,P0253,0,Healthy,0.0000,1.0000,0.0000,0.0000
Healthy/lyria__P0253__b11.png,Healthy,P0253,0,Healthy,0.0001,0.9999,0.0000,0.0000
Healthy/lyria__P0253__b12.png,Healthy,P0253,0,Healthy,0.0012,0.9969,0.0019,0.0000
Healthy/lyria__P0253__b13.png,Healthy,P0253,0,Healthy,0.0027,0.9970,0.0002,0.0000
Healthy/lyria__P0253__b14.png,Healthy,P0253,0,Healthy,0.0054,0.9265,0.0668,0.0013
Healthy/lyria__P0253__b15.png,Healthy,P0253,0,Healthy,0.0165,0.9833,0.0001,0.0000
Healthy/lyria__P0253__b16.png,Healthy,P0253,0,Healthy,0.0088,0.9905,0.0007,0.0001
Healthy/lyria__P0253__b17.png,Healthy,P0253,0,Healthy,0.0001,0.9986,0.0014,0.0000
Healthy/lyria__P0253__b18.png,Healthy,P0253,0,Healthy,0.0000,0.9962,0.0038,0.0000
Healthy/lyria__P0253__b19.png,Healthy,P0253,0,Healthy,0.0001,0.9999,0.0001,0.0000
Healthy/lyria__P0253__b20.png,Healthy,P0253,0,Healthy,0.0000,0.9999,0.0001,0.0000
Healthy/lyria__P0253__b22.png,Healthy,P0253,0,Healthy,0.0002,0.9995,0.0002,0.0000
Healthy/lyria__P0253__b23.png,Healthy,P0253,0,Healthy,0.0000,1.0000,0.0000,0.0000
Healthy/lyria__P0253__b24.png,Healthy,P0253,0,Healthy,0.0000,1.0000,0.0000,0.0000
Healthy/lyria__P0253__b25.png,Healthy,P0253,0,Healthy,0.0063,0.9760,0.0176,0.0002
Healthy/lyria__P0253__b26.png,Healthy,P0253,0,Healthy,0.0092,0.7353,0.2526,0.0030
Healthy/lyria__P0254__b0.png,Healthy,P0254,0,Impacted,0.0326,0.3645,0.6021,0.0008
Healthy/lyria__P0254__b2.png,Healthy,P0254,0,Healthy,0.0003,0.9994,0.0003,0.0000
Healthy/lyria__P0254__b3.png,Healthy,P0254,0,Healthy,0.0005,0.9972,0.0023,0.0000
Healthy/lyria__P0254__b4.png,Healthy,P0254,0,Healthy,0.0001,0.9976,0.0024,0.0000
Healthy/lyria__P0254__b5.png,Healthy,P0254,0,Healthy,0.0033,0.9681,0.0286,0.0000
Healthy/lyria__P0254__b6.png,Healthy,P0254,0,Healthy,0.0007,0.7484,0.2505,0.0003
Healthy/lyria__P0254__b7.png,Healthy,P0254,0,Healthy,0.0001,0.9994,0.0005,0.0000
Healthy/lyria__P0254__b8.png,Healthy,P0254,0,Healthy,0.0000,0.9999,0.0001,0.0000
Healthy/lyria__P0254__b9.png,Healthy,P0254,0,Healthy,0.0000,0.9999,0.0001,0.0000
Healthy/lyria__P0254__b10.png,Healthy,P0254,0,Healthy,0.0000,0.9999,0.0001,0.0000
Healthy/lyria__P0254__b12.png,Healthy,P0254,0,Healthy,0.0959,0.8898,0.0132,0.0010
Healthy/lyria__P0254__b13.png,Healthy,P0254,0,Healthy,0.0345,0.9189,0.0463,0.0003
Healthy/lyria__P0256__b0.png,Healthy,P0256,0,Healthy,0.0001,0.9998,0.0001,0.0000
Healthy/lyria__P0256__b2.png,Healthy,P0256,0,Healthy,0.0001,0.9999,0.0000,0.0000
Healthy/lyria__P0256__b3.png,Healthy,P0256,0,Healthy,0.0011,0.9987,0.0002,0.0000
Healthy/lyria__P0256__b5.png,Healthy,P0256,0,Healthy,0.0031,0.9967,0.0002,0.0000
Healthy/lyria__P0256__b6.png,Healthy,P0256,0,Healthy,0.0033,0.9919,0.0048,0.0000
Healthy/lyria__P0256__b7.png,Healthy,P0256,0,Healthy,0.0001,0.9999,0.0001,0.0000
Healthy/lyria__P0026__b0.png,Healthy,P0026,0,Healthy,0.0004,0.7532,0.2462,0.0002
Healthy/lyria__P0026__b1.png,Healthy,P0026,0,Healthy,0.0030,0.9961,0.0009,0.0001
Healthy/lyria__P0026__b2.png,Healthy,P0026,0,Healthy,0.0012,0.9985,0.0003,0.0000
Healthy/lyria__P0026__b3.png,Healthy,P0026,0,Healthy,0.0012,0.9988,0.0000,0.0000
Healthy/lyria__P0026__b4.png,Healthy,P0026,0,Healthy,0.0000,1.0000,0.0000,0.0000
Healthy/lyria__P0026__b5.png,Healthy,P0026,0,Healthy,0.0017,0.9977,0.0006,0.0000
Healthy/lyria__P0026__b8.png,Healthy,P0026,0,Healthy,0.0001,0.9998,0.0001,0.0000
Healthy/lyria__P0026__b9.png,Healthy,P0026,0,Healthy,0.0001,0.9957,0.0041,0.0000
Healthy/lyria__P0026__b10.png,Healthy,P0026,0,Healthy,0.0001,0.6392,0.3606,0.0000
Healthy/lyria__P0026__b11.png,Healthy,P0026,0,Healthy,0.0000,0.7372,0.2627,0.0000
Healthy/lyria__P0026__b12.png,Healthy,P0026,0,Healthy,0.0000,0.9949,0.0051,0.0000
Healthy/lyria__P0026__b13.png,Healthy,P0026,0,Healthy,0.0001,0.9929,0.0070,0.0000
Healthy/lyria__P0026__b14.png,Healthy,P0026,0,Healthy,0.0002,0.9702,0.0296,0.0000
Healthy/lyria__P0026__b15.png,Healthy,P0026,0,Healthy,0.0000,0.9815,0.0185,0.0000
Healthy/lyria__P0026__b16.png,Healthy,P0026,0,Healthy,0.0000,0.9998,0.0002,0.0000
Healthy/lyria__P0026__b17.png,Healthy,P0026,0,Healthy,0.0001,0.9994,0.0004,0.0001
Healthy/lyria__P0026__b18.png,Healthy,P0026,0,Healthy,0.0006,0.9985,0.0009,0.0000
Healthy/lyria__P0026__b19.png,Healthy,P0026,0,Healthy,0.0000,0.9999,0.0001,0.0000
Healthy/lyria__P0026__b20.png,Healthy,P0026,0,Healthy,0.0001,0.9998,0.0001,0.0000
Healthy/lyria__P0026__b21.png,Healthy,P0026,0,Healthy,0.0000,0.9999,0.0001,0.0000
Healthy/lyria__P0026__b22.png,Healthy,P0026,0,Healthy,0.0004,0.9992,0.0004,0.0000
Healthy/lyria__P0026__b23.png,Healthy,P0026,0,Impacted,0.0005,0.3062,0.6932,0.0001
Healthy/lyria__P0257__b2.png,Healthy,P0257,0,Healthy,0.0002,0.9995,0.0004,0.0000
Healthy/lyria__P0257__b3.png,Healthy,P0257,0,Healthy,0.0000,0.9999,0.0001,0.0000
Healthy/lyria__P0257__b4.png,Healthy,P0257,0,Healthy,0.0000,1.0000,0.0000,0.0000
Healthy/lyria__P0257__b5.png,Healthy,P0257,0,Healthy,0.0004,0.9968,0.0029,0.0000
Healthy/lyria__P0259__b1.png,Healthy,P0259,0,Healthy,0.0000,1.0000,0.0000,0.0000
Healthy/lyria__P0260__b0.png,Healthy,P0260,0,Healthy,0.0137,0.9723,0.0014,0.0126
Healthy/lyria__P0260__b1.png,Healthy,P0260,0,Healthy,0.0016,0.9983,0.0001,0.0000
Healthy/lyria__P0260__b3.png,Healthy,P0260,0,Healthy,0.2016,0.7971,0.0012,0.0001
Healthy/lyria__P0260__b4.png,Healthy,P0260,0,Endodontics,0.6116,0.3843,0.0009,0.0033
Healthy/lyria__P0260__b5.png,Healthy,P0260,0,Healthy,0.0066,0.9818,0.0086,0.0030
Healthy/lyria__P0260__b6.png,Healthy,P0260,0,Healthy,0.0221,0.9712,0.0044,0.0023
Healthy/lyria__P0260__b7.png,Healthy,P0260,0,Healthy,0.0002,0.9914,0.0084,0.0000
Healthy/lyria__P0260__b8.png,Healthy,P0260,0,Healthy,0.0000,0.9959,0.0041,0.0000
Healthy/lyria__P0260__b10.png,Healthy,P0260,0,Healthy,0.0000,0.9970,0.0030,0.0000
Healthy/lyria__P0260__b11.png,Healthy,P0260,0,Healthy,0.0001,0.9998,0.0001,0.0000
Healthy/lyria__P0260__b12.png,Healthy,P0260,0,Healthy,0.1137,0.8818,0.0037,0.0009
Healthy/lyria__P0260__b13.png,Healthy,P0260,0,Healthy,0.0001,0.9999,0.0000,0.0000
Healthy/lyria__P0260__b14.png,Healthy,P0260,0,Healthy,0.0005,0.9989,0.0006,0.0000
Healthy/lyria__P0261__b1.png,Healthy,P0261,0,Healthy,0.0001,0.9998,0.0001,0.0000
Healthy/lyria__P0261__b3.png,Healthy,P0261,0,Healthy,0.0016,0.9970,0.0014,0.0000
Healthy/lyria__P0261__b4.png,Healthy,P0261,0,Healthy,0.0004,0.9429,0.0566,0.0001
Healthy/lyria__P0261__b5.png,Healthy,P0261,0,Healthy,0.0342,0.8862,0.0795,0.0000
Healthy/lyria__P0261__b6.png,Healthy,P0261,0,Healthy,0.0014,0.9943,0.0043,0.0000
Healthy/lyria__P0027__b1.png,Healthy,P0027,0,Healthy,0.2273,0.7725,0.0000,0.0001
Healthy/lyria__P0027__b2.png,Healthy,P0027,0,Healthy,0.0006,0.9967,0.0027,0.0000
Healthy/lyria__P0027__b3.png,Healthy,P0027,0,Healthy,0.0001,0.9999,0.0000,0.0000
Healthy/lyria__P0027__b4.png,Healthy,P0027,0,Healthy,0.0025,0.9973,0.0001,0.0000
Healthy/lyria__P0027__b5.png,Healthy,P0027,0,Healthy,0.0001,0.9993,0.0006,0.0000
Healthy/lyria__P0027__b6.png,Healthy,P0027,0,Healthy,0.0024,0.9967,0.0008,0.0001
Healthy/lyria__P0027__b7.png,Healthy,P0027,0,Healthy,0.0002,0.9994,0.0004,0.0000
Healthy/lyria__P0264__b0.png,Healthy,P0264,0,Healthy,0.0003,0.9706,0.0292,0.0000
Healthy/lyria__P0264__b1.png,Healthy,P0264,0,Healthy,0.0005,0.9691,0.0305,0.0000
Healthy/lyria__P0264__b2.png,Healthy,P0264,0,Healthy,0.0000,0.9999,0.0000,0.0000
Healthy/lyria__P0264__b3.png,Healthy,P0264,0,Healthy,0.0039,0.9943,0.0019,0.0000
Healthy/lyria__P0264__b4.png,Healthy,P0264,0,Healthy,0.0012,0.9988,0.0001,0.0000
Healthy/lyria__P0264__b5.png,Healthy,P0264,0,Healthy,0.0001,0.9998,0.0001,0.0000
Healthy/lyria__P0264__b6.png,Healthy,P0264,0,Healthy,0.0003,0.9995,0.0002,0.0000
Healthy/lyria__P0264__b7.png,Healthy,P0264,0,Healthy,0.0006,0.9970,0.0023,0.0000
Healthy/lyria__P0264__b8.png,Healthy,P0264,0,Healthy,0.0005,0.9995,0.0001,0.0000
Healthy/lyria__P0264__b10.png,Healthy,P0264,0,Healthy,0.0001,0.9999,0.0000,0.0000
Healthy/lyria__P0264__b11.png,Healthy,P0264,0,Healthy,0.0000,0.9999,0.0000,0.0000
Healthy/lyria__P0264__b12.png,Healthy,P0264,0,Healthy,0.0003,0.9723,0.0274,0.0001
Healthy/lyria__P0264__b13.png,Healthy,P0264,0,Healthy,0.0118,0.6402,0.3476,0.0005
Healthy/lyria__P0264__b15.png,Healthy,P0264,0,Healthy,0.0002,0.6170,0.3824,0.0003
Healthy/lyria__P0264__b16.png,Healthy,P0264,0,Healthy,0.0000,0.9995,0.0005,0.0000
Healthy/lyria__P0264__b17.png,Healthy,P0264,0,Healthy,0.0000,0.9994,0.0006,0.0000
Healthy/lyria__P0264__b18.png,Healthy,P0264,0,Healthy,0.0000,0.9998,0.0002,0.0000
Healthy/lyria__P0264__b19.png,Healthy,P0264,0,Healthy,0.0002,0.9997,0.0001,0.0000
Healthy/lyria__P0264__b20.png,Healthy,P0264,0,Healthy,0.0000,0.9998,0.0002,0.0000
Healthy/lyria__P0264__b21.png,Healthy,P0264,0,Healthy,0.0001,0.9999,0.0000,0.0000
Healthy/lyria__P0264__b22.png,Healthy,P0264,0,Healthy,0.0000,0.9999,0.0001,0.0000
Healthy/lyria__P0264__b23.png,Healthy,P0264,0,Healthy,0.0000,1.0000,0.0000,0.0000
Healthy/lyria__P0264__b24.png,Healthy,P0264,0,Healthy,0.0000,0.9989,0.0011,0.0000
Healthy/lyria__P0264__b25.png,Healthy,P0264,0,Healthy,0.0000,0.9998,0.0002,0.0000
Healthy/lyria__P0264__b26.png,Healthy,P0264,0,Healthy,0.0000,0.9998,0.0001,0.0000
Healthy/lyria__P0264__b27.png,Healthy,P0264,0,Healthy,0.0000,0.9999,0.0001,0.0000
Healthy/lyria__P0264__b28.png,Healthy,P0264,0,Healthy,0.0000,1.0000,0.0000,0.0000
Healthy/lyria__P0264__b29.png,Healthy,P0264,0,Healthy,0.0005,0.9638,0.0356,0.0001
Healthy/lyria__P0265__b0.png,Healthy,P0265,0,Healthy,0.0003,0.9672,0.0324,0.0000
Healthy/lyria__P0265__b1.png,Healthy,P0265,0,Healthy,0.0007,0.9851,0.0142,0.0000
Healthy/lyria__P0265__b2.png,Healthy,P0265,0,Healthy,0.0091,0.9908,0.0000,0.0000
Healthy/lyria__P0265__b4.png,Healthy,P0265,0,Healthy,0.0007,0.9992,0.0002,0.0000
Healthy/lyria__P0265__b5.png,Healthy,P0265,0,Healthy,0.0040,0.9746,0.0214,0.0001
Healthy/lyria__P0265__b6.png,Healthy,P0265,0,Healthy,0.0090,0.9847,0.0061,0.0003
Healthy/lyria__P0265__b7.png,Healthy,P0265,0,Healthy,0.0027,0.9962,0.0009,0.0002
Healthy/lyria__P0265__b8.png,Healthy,P0265,0,Healthy,0.0020,0.9979,0.0001,0.0000
Healthy/lyria__P0265__b9.png,Healthy,P0265,0,Healthy,0.0003,0.9996,0.0001,0.0000
Healthy/lyria__P0265__b10.png,Healthy,P0265,0,Healthy,0.0000,0.9972,0.0027,0.0000
Healthy/lyria__P0265__b11.png,Healthy,P0265,0,Healthy,0.0011,0.9973,0.0016,0.0000
Healthy/lyria__P0265__b12.png,Healthy,P0265,0,Healthy,0.0001,0.9996,0.0002,0.0000
Healthy/lyria__P0265__b13.png,Healthy,P0265,0,Healthy,0.0000,0.9998,0.0002,0.0000
Healthy/lyria__P0265__b14.png,Healthy,P0265,0,Healthy,0.0007,0.9992,0.0000,0.0001
Healthy/lyria__P0265__b15.png,Healthy,P0265,0,Healthy,0.0000,1.0000,0.0000,0.0000
Healthy/lyria__P0265__b16.png,Healthy,P0265,0,Healthy,0.0001,0.9999,0.0000,0.0000
Healthy/lyria__P0265__b17.png,Healthy,P0265,0,Healthy,0.0000,0.9997,0.0003,0.0000
Healthy/lyria__P0265__b18.png,Healthy,P0265,0,Healthy,0.0000,0.9999,0.0001,0.0000
Healthy/lyria__P0265__b19.png,Healthy,P0265,0,Healthy,0.0001,0.9995,0.0004,0.0000
Healthy/lyria__P0265__b20.png,Healthy,P0265,0,Healthy,0.0000,1.0000,0.0000,0.0000
Healthy/lyria__P0265__b21.png,Healthy,P0265,0,Healthy,0.0000,1.0000,0.0000,0.0000
Healthy/lyria__P0266__b1.png,Healthy,P0266,0,Healthy,0.0491,0.9495,0.0013,0.0001
Healthy/lyria__P0266__b2.png,Healthy,P0266,0,Healthy,0.0342,0.9653,0.0003,0.0003
Healthy/lyria__P0266__b3.png,Healthy,P0266,0,Healthy,0.0000,0.9989,0.0010,0.0000
Healthy/lyria__P0266__b4.png,Healthy,P0266,0,Healthy,0.0000,1.0000,0.0000,0.0000
Healthy/lyria__P0266__b5.png,Healthy,P0266,0,Healthy,0.0000,0.9998,0.0002,0.0000
Healthy/lyria__P0266__b6.png,Healthy,P0266,0,Healthy,0.0000,1.0000,0.0000,0.0000
Healthy/lyria__P0266__b7.png,Healthy,P0266,0,Healthy,0.0000,0.9999,0.0001,0.0000
Healthy/lyria__P0266__b8.png,Healthy,P0266,0,Healthy,0.0020,0.9980,0.0000,0.0000
Healthy/lyria__P0267__b0.png,Healthy,P0267,0,Healthy,0.0016,0.9982,0.0002,0.0000
Healthy/lyria__P0267__b2.png,Healthy,P0267,0,Healthy,0.0000,0.9999,0.0001,0.0000
Healthy/lyria__P0267__b4.png,Healthy,P0267,0,Healthy,0.0000,1.0000,0.0000,0.0000
Healthy/lyria__P0268__b0.png,Healthy,P0268,0,Healthy,0.0007,0.9991,0.0000,0.0002
Healthy/lyria__P0268__b2.png,Healthy,P0268,0,Healthy,0.0000,1.0000,0.0000,0.0000
Healthy/lyria__P0268__b3.png,Healthy,P0268,0,Healthy,0.0000,1.0000,0.0000,0.0000
Healthy/lyria__P0268__b5.png,Healthy,P0268,0,Healthy,0.1335,0.8653,0.0001,0.0011
Healthy/lyria__P0271__b2.png,Healthy,P0271,0,Healthy,0.0018,0.9972,0.0009,0.0000
Healthy/lyria__P0271__b3.png,Healthy,P0271,0,Healthy,0.0001,0.9998,0.0001,0.0000
Healthy/lyria__P0271__b4.png,Healthy,P0271,0,Healthy,0.0001,0.9998,0.0001,0.0000
Healthy/lyria__P0271__b5.png,Healthy,P0271,0,Healthy,0.0000,1.0000,0.0000,0.0000
Healthy/lyria__P0271__b6.png,Healthy,P0271,0,Healthy,0.0000,1.0000,0.0000,0.0000
Healthy/lyria__P0271__b7.png,Healthy,P0271,0,Healthy,0.0000,1.0000,0.0000,0.0000
Healthy/lyria__P0271__b8.png,Healthy,P0271,0,Healthy,0.0001,0.9998,0.0001,0.0000
Healthy/lyria__P0271__b9.png,Healthy,P0271,0,Healthy,0.0002,0.9998,0.0000,0.0000
Healthy/lyria__P0272__b0.png,Healthy,P0272,0,Healthy,0.0002,0.9997,0.0001,0.0000
Healthy/lyria__P0272__b1.png,Healthy,P0272,0,Healthy,0.0000,0.9990,0.0009,0.0000
Healthy/lyria__P0272__b2.png,Healthy,P0272,0,Healthy,0.0000,0.9863,0.0137,0.0000
Healthy/lyria__P0272__b3.png,Healthy,P0272,0,Healthy,0.0000,1.0000,0.0000,0.0000
Healthy/lyria__P0272__b5.png,Healthy,P0272,0,Healthy,0.0000,0.9997,0.0003,0.0000
Healthy/lyria__P0272__b6.png,Healthy,P0272,0,Healthy,0.0004,0.9996,0.0000,0.0000
Healthy/lyria__P0272__b7.png,Healthy,P0272,0,Impacted,0.0017,0.0062,0.9833,0.0088
Healthy/lyria__P0272__b9.png,Healthy,P0272,0,Healthy,0.0004,0.9996,0.0001,0.0000
Healthy/lyria__P0272__b10.png,Healthy,P0272,0,Healthy,0.0077,0.9471,0.0449,0.0003
Healthy/lyria__P0272__b11.png,Healthy,P0272,0,Healthy,0.0086,0.7744,0.2161,0.0008
Healthy/lyria__P0273__b0.png,Healthy,P0273,0,Healthy,0.0203,0.9796,0.0001,0.0000
Healthy/lyria__P0273__b1.png,Healthy,P0273,0,Healthy,0.1542,0.8453,0.0004,0.0000
Healthy/lyria__P0273__b2.png,Healthy,P0273,0,Healthy,0.0022,0.9961,0.0015,0.0002
Healthy/lyria__P0273__b3.png,Healthy,P0273,0,Healthy,0.0009,0.9990,0.0001,0.0000
Healthy/lyria__P0273__b4.png,Healthy,P0273,0,Healthy,0.0206,0.9792,0.0002,0.0000
Healthy/lyria__P0273__b5.png,Healthy,P0273,0,Impacted,0.0005,0.3119,0.6872,0.0003
Healthy/lyria__P0273__b6.png,Healthy,P0273,0,Healthy,0.0025,0.9317,0.0655,0.0003
Healthy/lyria__P0273__b7.png,Healthy,P0273,0,Healthy,0.0013,0.9986,0.0001,0.0000
Healthy/lyria__P0273__b8.png,Healthy,P0273,0,Healthy,0.0001,0.9996,0.0002,0.0000
Healthy/lyria__P0273__b9.png,Healthy,P0273,0,Healthy,0.0000,0.9995,0.0005,0.0000
Healthy/lyria__P0273__b10.png,Healthy,P0273,0,Healthy,0.0005,0.9966,0.0029,0.0000
Healthy/lyria__P0273__b11.png,Healthy,P0273,0,Healthy,0.0000,0.9997,0.0003,0.0000
Healthy/lyria__P0273__b13.png,Healthy,P0273,0,Healthy,0.0060,0.9657,0.0013,0.0270
Healthy/lyria__P0273__b14.png,Healthy,P0273,0,Healthy,0.0191,0.9721,0.0088,0.0000
Healthy/lyria__P0273__b15.png,Healthy,P0273,0,Healthy,0.0003,0.9978,0.0019,0.0000
Healthy/lyria__P0273__b16.png,Healthy,P0273,0,Healthy,0.0318,0.9309,0.0369,0.0003
Healthy/lyria__P0273__b17.png,Healthy,P0273,0,Healthy,0.0336,0.6491,0.3153,0.0020
Healthy/lyria__P0273__b18.png,Healthy,P0273,0,Impacted,0.0097,0.2725,0.7171,0.0007
Healthy/lyria__P0274__b0.png,Healthy,P0274,0,Healthy,0.0256,0.9664,0.0049,0.0031
Healthy/lyria__P0274__b1.png,Healthy,P0274,0,Healthy,0.0000,0.9999,0.0001,0.0000
Healthy/lyria__P0274__b2.png,Healthy,P0274,0,Healthy,0.0001,0.9989,0.0011,0.0000
Healthy/lyria__P0274__b4.png,Healthy,P0274,0,Healthy,0.0000,0.9997,0.0002,0.0000
Healthy/lyria__P0274__b6.png,Healthy,P0274,0,Healthy,0.0001,0.9998,0.0001,0.0000
Healthy/lyria__P0274__b7.png,Healthy,P0274,0,Healthy,0.0001,0.9997,0.0002,0.0000
Healthy/lyria__P0274__b8.png,Healthy,P0274,0,Healthy,0.0003,0.9991,0.0006,0.0000
Healthy/lyria__P0274__b9.png,Healthy,P0274,0,Healthy,0.0127,0.9861,0.0008,0.0003
Healthy/lyria__P0275__b0.png,Healthy,P0275,0,Healthy,0.0003,0.9992,0.0005,0.0001
Healthy/lyria__P0275__b1.png,Healthy,P0275,0,Healthy,0.0000,0.9998,0.0002,0.0000
Healthy/lyria__P0275__b2.png,Healthy,P0275,0,Healthy,0.0000,1.0000,0.0000,0.0000
Healthy/lyria__P0275__b3.png,Healthy,P0275,0,Healthy,0.0015,0.9984,0.0001,0.0000
Healthy/lyria__P0275__b4.png,Healthy,P0275,0,Healthy,0.2709,0.7266,0.0015,0.0009
Healthy/lyria__P0275__b6.png,Healthy,P0275,0,Healthy,0.0029,0.9751,0.0220,0.0000
Healthy/lyria__P0275__b7.png,Healthy,P0275,0,Healthy,0.0002,0.9994,0.0004,0.0000
Healthy/lyria__P0275__b8.png,Healthy,P0275,0,Healthy,0.0000,1.0000,0.0000,0.0000
Healthy/lyria__P0275__b9.png,Healthy,P0275,0,Healthy,0.0000,0.9999,0.0000,0.0000
Healthy/lyria__P0275__b10.png,Healthy,P0275,0,Healthy,0.0219,0.6299,0.2865,0.0616
Healthy/lyria__P0275__b11.png,Healthy,P0275,0,Healthy,0.0000,1.0000,0.0000,0.0000
Healthy/lyria__P0275__b12.png,Healthy,P0275,0,Healthy,0.0000,1.0000,0.0000,0.0000
Healthy/lyria__P0275__b13.png,Healthy,P0275,0,Healthy,0.0016,0.9977,0.0007,0.0000
Healthy/lyria__P0275__b14.png,Healthy,P0275,0,Healthy,0.0000,1.0000,0.0000,0.0000
Healthy/lyria__P0275__b15.png,Healthy,P0275,0,Healthy,0.0000,1.0000,0.0000,0.0000
Healthy/lyria__P0276__b1.png,Healthy,P0276,0,Healthy,0.0009,0.9981,0.0009,0.0001
Healthy/lyria__P0276__b3.png,Healthy,P0276,0,Healthy,0.0000,0.9998,0.0001,0.0000
Healthy/lyria__P0276__b4.png,Healthy,P0276,0,Healthy,0.0000,0.9996,0.0003,0.0000
Healthy/lyria__P0276__b5.png,Healthy,P0276,0,Healthy,0.0004,0.9995,0.0001,0.0000
Healthy/lyria__P0277__b0.png,Healthy,P0277,0,Healthy,0.0000,1.0000,0.0000,0.0000
Healthy/lyria__P0277__b1.png,Healthy,P0277,0,Healthy,0.0058,0.9941,0.0001,0.0000
Healthy/lyria__P0277__b3.png,Healthy,P0277,0,Healthy,0.0001,0.9994,0.0005,0.0000
Healthy/lyria__P0277__b4.png,Healthy,P0277,0,Healthy,0.0000,0.9999,0.0000,0.0000
Healthy/lyria__P0277__b6.png,Healthy,P0277,0,Healthy,0.0001,0.9999,0.0000,0.0000
Healthy/lyria__P0278__b0.png,Healthy,P0278,0,Healthy,0.0015,0.9967,0.0017,0.0000
Healthy/lyria__P0278__b1.png,Healthy,P0278,0,Healthy,0.0000,0.9978,0.0022,0.0000
Healthy/lyria__P0278__b2.png,Healthy,P0278,0,Healthy,0.0000,0.9997,0.0003,0.0000
Healthy/lyria__P0278__b3.png,Healthy,P0278,0,Healthy,0.0001,0.9994,0.0005,0.0000
Healthy/lyria__P0278__b4.png,Healthy,P0278,0,Healthy,0.0007,0.9991,0.0001,0.0001
Healthy/lyria__P0278__b5.png,Healthy,P0278,0,Impacted,0.0001,0.1897,0.8102,0.0000
Healthy/lyria__P0278__b7.png,Healthy,P0278,0,Healthy,0.3069,0.6742,0.0185,0.0004
Healthy/lyria__P0278__b8.png,Healthy,P0278,0,Healthy,0.0001,0.9984,0.0015,0.0000
Healthy/lyria__P0278__b9.png,Healthy,P0278,0,Healthy,0.0002,0.9996,0.0001,0.0000
Healthy/lyria__P0278__b10.png,Healthy,P0278,0,Healthy,0.0017,0.9977,0.0006,0.0000
Healthy/lyria__P0278__b11.png,Healthy,P0278,0,Healthy,0.0008,0.9990,0.0002,0.0000
Healthy/lyria__P0278__b12.png,Healthy,P0278,0,Healthy,0.0018,0.9830,0.0152,0.0000
Healthy/lyria__P0278__b13.png,Healthy,P0278,0,Healthy,0.0000,0.9999,0.0001,0.0000
Healthy/lyria__P0278__b14.png,Healthy,P0278,0,Healthy,0.0000,1.0000,0.0000,0.0000
Healthy/lyria__P0278__b15.png,Healthy,P0278,0,Healthy,0.0001,0.9999,0.0001,0.0000
Healthy/lyria__P0279__b0.png,Healthy,P0279,0,Healthy,0.0014,0.9975,0.0009,0.0001
Healthy/lyria__P0279__b1.png,Healthy,P0279,0,Healthy,0.0082,0.9875,0.0037,0.0005
Healthy/lyria__P0279__b2.png,Healthy,P0279,0,Healthy,0.0000,0.9999,0.0000,0.0000
Healthy/lyria__P0279__b3.png,Healthy,P0279,0,Healthy,0.0001,0.9999,0.0000,0.0000
Healthy/lyria__P0279__b4.png,Healthy,P0279,0,Healthy,0.0006,0.9969,0.0024,0.0000
Healthy/lyria__P0279__b5.png,Healthy,P0279,0,Healthy,0.0005,0.9991,0.0005,0.0000
Healthy/lyria__P0279__b6.png,Healthy,P0279,0,Impacted,0.0001,0.0002,0.9997,0.0000
Healthy/lyria__P0279__b7.png,Healthy,P0279,0,Healthy,0.0001,0.9999,0.0000,0.0000
Healthy/lyria__P0279__b9.png,Healthy,P0279,0,Healthy,0.0001,0.9990,0.0009,0.0000
Healthy/lyria__P0279__b10.png,Healthy,P0279,0,Healthy,0.0000,0.9999,0.0000,0.0000
Healthy/lyria__P0279__b12.png,Healthy,P0279,0,Healthy,0.0017,0.9974,0.0008,0.0000
Healthy/lyria__P0279__b13.png,Healthy,P0279,0,Healthy,0.0007,0.9919,0.0075,0.0000
Healthy/lyria__P0279__b14.png,Healthy,P0279,0,Healthy,0.0000,0.9957,0.0042,0.0000
Healthy/lyria__P0279__b15.png,Healthy,P0279,0,Healthy,0.4830,0.5155,0.0001,0.0015
Healthy/lyria__P0279__b16.png,Healthy,P0279,0,Healthy,0.0004,0.9996,0.0000,0.0000
Healthy/lyria__P0279__b17.png,Healthy,P0279,0,Healthy,0.1840,0.8150,0.0010,0.0000
Healthy/lyria__P0279__b18.png,Healthy,P0279,0,Healthy,0.0095,0.5287,0.4614,0.0004
Healthy/lyria__P0280__b0.png,Healthy,P0280,0,Healthy,0.0005,0.9991,0.0004,0.0000
Healthy/lyria__P0280__b2.png,Healthy,P0280,0,Healthy,0.0019,0.9978,0.0003,0.0000
Healthy/lyria__P0280__b3.png,Healthy,P0280,0,Healthy,0.0110,0.9434,0.0448,0.0008
Healthy/lyria__P0280__b4.png,Healthy,P0280,0,Healthy,0.0000,0.9995,0.0005,0.0000
Healthy/lyria__P0280__b5.png,Healthy,P0280,0,Healthy,0.0000,0.9998,0.0001,0.0000
Healthy/lyria__P0280__b6.png,Healthy,P0280,0,Healthy,0.0008,0.9992,0.0000,0.0000
Healthy/lyria__P0280__b7.png,Healthy,P0280,0,Healthy,0.0000,1.0000,0.0000,0.0000
Healthy/lyria__P0280__b8.png,Healthy,P0280,0,Healthy,0.0000,1.0000,0.0000,0.0000
Healthy/lyria__P0281__b0.png,Healthy,P0281,0,Healthy,0.0001,0.9999,0.0000,0.0000
Healthy/lyria__P0281__b1.png,Healthy,P0281,0,Healthy,0.0009,0.9989,0.0002,0.0000
Healthy/lyria__P0281__b2.png,Healthy,P0281,0,Healthy,0.0000,1.0000,0.0000,0.0000
Healthy/lyria__P0281__b3.png,Healthy,P0281,0,Healthy,0.0000,1.0000,0.0000,0.0000
Healthy/lyria__P0281__b4.png,Healthy,P0281,0,Healthy,0.0000,1.0000,0.0000,0.0000
Healthy/lyria__P0281__b6.png,Healthy,P0281,0,Healthy,0.0025,0.9974,0.0002,0.0000
Healthy/lyria__P0281__b7.png,Healthy,P0281,0,Healthy,0.0006,0.9990,0.0004,0.0000
Healthy/lyria__P0281__b8.png,Healthy,P0281,0,Healthy,0.0031,0.9924,0.0044,0.0001
Healthy/lyria__P0282__b0.png,Healthy,P0282,0,Healthy,0.0002,0.9998,0.0000,0.0000
Healthy/lyria__P0282__b1.png,Healthy,P0282,0,Healthy,0.0005,0.9993,0.0001,0.0000
Healthy/lyria__P0282__b2.png,Healthy,P0282,0,Healthy,0.0007,0.9969,0.0022,0.0002
Healthy/lyria__P0282__b3.png,Healthy,P0282,0,Healthy,0.0092,0.9884,0.0022,0.0001
Healthy/lyria__P0282__b4.png,Healthy,P0282,0,Healthy,0.0018,0.9977,0.0005,0.0000
Healthy/lyria__P0282__b5.png,Healthy,P0282,0,Healthy,0.0003,0.9996,0.0001,0.0000
Healthy/lyria__P0282__b7.png,Healthy,P0282,0,Healthy,0.0000,1.0000,0.0000,0.0000
Healthy/lyria__P0282__b9.png,Healthy,P0282,0,Healthy,0.0000,1.0000,0.0000,0.0000
Healthy/lyria__P0282__b10.png,Healthy,P0282,0,Healthy,0.0000,1.0000,0.0000,0.0000
Healthy/lyria__P0282__b11.png,Healthy,P0282,0,Healthy,0.0000,1.0000,0.0000,0.0000
Healthy/lyria__P0283__b0.png,Healthy,P0283,0,Healthy,0.0262,0.9016,0.0117,0.0606
Healthy/lyria__P0283__b2.png,Healthy,P0283,0,Healthy,0.0001,0.9999,0.0001,0.0000
Healthy/lyria__P0283__b3.png,Healthy,P0283,0,Healthy,0.0077,0.9903,0.0018,0.0002
Healthy/lyria__P0283__b4.png,Healthy,P0283,0,Healthy,0.0011,0.9888,0.0102,0.0000
Healthy/lyria__P0283__b6.png,Healthy,P0283,0,Healthy,0.0000,0.9999,0.0001,0.0000
Healthy/lyria__P0283__b7.png,Healthy,P0283,0,Healthy,0.0000,0.9976,0.0023,0.0000
Healthy/lyria__P0283__b8.png,Healthy,P0283,0,Healthy,0.0001,0.9996,0.0002,0.0000
Healthy/lyria__P0285__b0.png,Healthy,P0285,0,Healthy,0.0005,0.9991,0.0002,0.0002
Healthy/lyria__P0285__b1.png,Healthy,P0285,0,Healthy,0.0000,1.0000,0.0000,0.0000
Healthy/lyria__P0285__b3.png,Healthy,P0285,0,Healthy,0.0000,0.9999,0.0001,0.0000
Healthy/lyria__P0285__b4.png,Healthy,P0285,0,Healthy,0.0000,1.0000,0.0000,0.0000
Healthy/lyria__P0285__b5.png,Healthy,P0285,0,Healthy,0.0000,0.9999,0.0001,0.0000
Healthy/lyria__P0285__b6.png,Healthy,P0285,0,Healthy,0.0013,0.9985,0.0002,0.0000
Healthy/lyria__P0285__b7.png,Healthy,P0285,0,Healthy,0.0056,0.9934,0.0009,0.0000
Healthy/lyria__P0288__b0.png,Healthy,P0288,0,Healthy,0.0007,0.9984,0.0009,0.0000
Healthy/lyria__P0288__b1.png,Healthy,P0288,0,Healthy,0.0002,0.9997,0.0001,0.0000
Healthy/lyria__P0288__b2.png,Healthy,P0288,0,Healthy,0.0004,0.9996,0.0000,0.0000
Healthy/lyria__P0288__b3.png,Healthy,P0288,0,Healthy,0.0000,1.0000,0.0000,0.0000
Healthy/lyria__P0288__b4.png,Healthy,P0288,0,Healthy,0.0000,1.0000,0.0000,0.0000
Healthy/lyria__P0288__b5.png,Healthy,P0288,0,Healthy,0.0002,0.9997,0.0001,0.0000
Healthy/lyria__P0288__b6.png,Healthy,P0288,0,Healthy,0.0108,0.9892,0.0000,0.0000
Healthy/lyria__P0288__b7.png,Healthy,P0288,0,Impacted,0.0001,0.4581,0.5417,0.0001
Healthy/lyria__P0288__b8.png,Healthy,P0288,0,Healthy,0.0031,0.9969,0.0000,0.0000
Healthy/lyria__P0288__b9.png,Healthy,P0288,0,Healthy,0.0004,0.9996,0.0000,0.0000
Healthy/lyria__P0288__b10.png,Healthy,P0288,0,Healthy,0.0171,0.9817,0.0012,0.0000
Healthy/lyria__P0288__b11.png,Healthy,P0288,0,Healthy,0.0022,0.9977,0.0001,0.0000
Healthy/lyria__P0288__b12.png,Healthy,P0288,0,Endodontics,0.6224,0.3772,0.0004,0.0000
Healthy/lyria__P0288__b13.png,Healthy,P0288,0,Healthy,0.0492,0.9402,0.0105,0.0000
Healthy/lyria__P0288__b14.png,Healthy,P0288,0,Healthy,0.0004,0.9993,0.0003,0.0000
Healthy/lyria__P0288__b15.png,Healthy,P0288,0,Healthy,0.0013,0.9986,0.0000,0.0000
Healthy/lyria__P0288__b17.png,Healthy,P0288,0,Healthy,0.1266,0.8726,0.0007,0.0001
Healthy/lyria__P0288__b18.png,Healthy,P0288,0,Healthy,0.0009,0.9922,0.0068,0.0001
Healthy/lyria__P0288__b19.png,Healthy,P0288,0,Healthy,0.0094,0.6598,0.3307,0.0002
Healthy/lyria__P0289__b1.png,Healthy,P0289,0,Healthy,0.0002,0.9996,0.0001,0.0000
Healthy/lyria__P0289__b2.png,Healthy,P0289,0,Healthy,0.0002,0.9997,0.0002,0.0000
Healthy/lyria__P0289__b3.png,Healthy,P0289,0,Healthy,0.0002,0.9998,0.0000,0.0000
Healthy/lyria__P0289__b4.png,Healthy,P0289,0,Healthy,0.0002,0.9982,0.0015,0.0000
Healthy/lyria__P0290__b0.png,Healthy,P0290,0,Healthy,0.0000,1.0000,0.0000,0.0000
Healthy/lyria__P0290__b1.png,Healthy,P0290,0,Healthy,0.0005,0.9994,0.0001,0.0000
Healthy/lyria__P0290__b3.png,Healthy,P0290,0,Healthy,0.0000,0.9990,0.0009,0.0000
Healthy/lyria__P0290__b4.png,Healthy,P0290,0,Healthy,0.0009,0.9990,0.0000,0.0001
Healthy/lyria__P0290__b5.png,Healthy,P0290,0,Healthy,0.0003,0.9997,0.0001,0.0000
Healthy/lyria__P0290__b7.png,Healthy,P0290,0,Healthy,0.0000,1.0000,0.0000,0.0000
Healthy/lyria__P0290__b8.png,Healthy,P0290,0,Healthy,0.0000,1.0000,0.0000,0.0000
Healthy/lyria__P0290__b9.png,Healthy,P0290,0,Healthy,0.0000,0.9997,0.0002,0.0000
Healthy/lyria__P0290__b10.png,Healthy,P0290,0,Healthy,0.0000,1.0000,0.0000,0.0000
Healthy/lyria__P0290__b11.png,Healthy,P0290,0,Healthy,0.0046,0.9946,0.0007,0.0001
Healthy/lyria__P0293__b0.png,Healthy,P0293,0,Healthy,0.3200,0.5166,0.1566,0.0068
Healthy/lyria__P0293__b1.png,Healthy,P0293,0,Healthy,0.0008,0.9958,0.0022,0.0012
Healthy/lyria__P0293__b2.png,Healthy,P0293,0,Healthy,0.0355,0.9618,0.0021,0.0005
Healthy/lyria__P0293__b3.png,Healthy,P0293,0,Healthy,0.0000,1.0000,0.0000,0.0000
Healthy/lyria__P0293__b4.png,Healthy,P0293,0,Healthy,0.0000,0.9998,0.0001,0.0000
Healthy/lyria__P0293__b5.png,Healthy,P0293,0,Healthy,0.0005,0.9994,0.0001,0.0000
Healthy/lyria__P0293__b6.png,Healthy,P0293,0,Healthy,0.0001,0.9997,0.0002,0.0000
Healthy/lyria__P0293__b7.png,Healthy,P0293,0,Healthy,0.0029,0.9969,0.0001,0.0001
Healthy/lyria__P0293__b8.png,Healthy,P0293,0,Healthy,0.0005,0.9993,0.0002,0.0000
Healthy/lyria__P0293__b9.png,Healthy,P0293,0,Healthy,0.0567,0.9427,0.0003,0.0003
Healthy/lyria__P0293__b10.png,Healthy,P0293,0,Healthy,0.0038,0.9918,0.0044,0.0000
Healthy/lyria__P0293__b11.png,Healthy,P0293,0,Healthy,0.0001,0.9999,0.0001,0.0000
Healthy/lyria__P0293__b12.png,Healthy,P0293,0,Healthy,0.0001,0.9986,0.0012,0.0000
Healthy/lyria__P0293__b13.png,Healthy,P0293,0,Healthy,0.0082,0.5830,0.4086,0.0002
Healthy/lyria__P0293__b14.png,Healthy,P0293,0,Healthy,0.0000,1.0000,0.0000,0.0000
Healthy/lyria__P0293__b15.png,Healthy,P0293,0,Healthy,0.0001,0.9999,0.0000,0.0000
Healthy/lyria__P0293__b16.png,Healthy,P0293,0,Healthy,0.0003,0.9996,0.0001,0.0000
Healthy/lyria__P0293__b17.png,Healthy,P0293,0,Healthy,0.0000,0.9999,0.0001,0.0000
Healthy/lyria__P0293__b18.png,Healthy,P0293,0,Healthy,0.0001,0.9997,0.0002,0.0000
Healthy/lyria__P0293__b19.png,Healthy,P0293,0,Healthy,0.0000,0.9999,0.0001,0.0000
Healthy/lyria__P0293__b20.png,Healthy,P0293,0,Healthy,0.0000,0.9993,0.0006,0.0000
Healthy/lyria__P0293__b22.png,Healthy,P0293,0,Healthy,0.0001,0.9999,0.0000,0.0000
Healthy/lyria__P0293__b23.png,Healthy,P0293,0,Healthy,0.0213,0.8925,0.0862,0.0000
Healthy/lyria__P0294__b1.png,Healthy,P0294,0,Healthy,0.0003,0.9982,0.0015,0.0000
Healthy/lyria__P0294__b2.png,Healthy,P0294,0,Healthy,0.0010,0.9929,0.0061,0.0000
Healthy/lyria__P0294__b3.png,Healthy,P0294,0,Healthy,0.0000,0.9999,0.0000,0.0000
Healthy/lyria__P0294__b4.png,Healthy,P0294,0,Healthy,0.0000,1.0000,0.0000,0.0000
Healthy/lyria__P0294__b5.png,Healthy,P0294,0,Healthy,0.0000,0.9999,0.0000,0.0000
Healthy/lyria__P0294__b7.png,Healthy,P0294,0,Healthy,0.0003,0.9992,0.0005,0.0000
Healthy/lyria__P0294__b8.png,Healthy,P0294,0,Healthy,0.0009,0.9990,0.0001,0.0000
Healthy/lyria__P0294__b9.png,Healthy,P0294,0,Healthy,0.1541,0.8454,0.0003,0.0002
Healthy/lyria__P0294__b10.png,Healthy,P0294,0,Healthy,0.0000,1.0000,0.0000,0.0000
Healthy/lyria__P0294__b11.png,Healthy,P0294,0,Impacted,0.1816,0.2410,0.5738,0.0036
Healthy/lyria__P0294__b12.png,Healthy,P0294,0,Healthy,0.0033,0.9948,0.0019,0.0000
Healthy/lyria__P0295__b0.png,Healthy,P0295,0,Healthy,0.0001,0.9995,0.0004,0.0000
Healthy/lyria__P0295__b1.png,Healthy,P0295,0,Healthy,0.0001,0.9985,0.0014,0.0000
Healthy/lyria__P0295__b2.png,Healthy,P0295,0,Healthy,0.0000,1.0000,0.0000,0.0000
Healthy/lyria__P0295__b5.png,Healthy,P0295,0,Healthy,0.0002,0.9996,0.0001,0.0000
Healthy/lyria__P0296__b1.png,Healthy,P0296,0,Healthy,0.0002,0.9968,0.0030,0.0000
Healthy/lyria__P0296__b2.png,Healthy,P0296,0,Healthy,0.0940,0.4695,0.4341,0.0024
Healthy/lyria__P0296__b3.png,Healthy,P0296,0,Healthy,0.0365,0.9345,0.0289,0.0000
Healthy/lyria__P0296__b4.png,Healthy,P0296,0,Healthy,0.0014,0.9986,0.0000,0.0000
Healthy/lyria__P0296__b5.png,Healthy,P0296,0,Healthy,0.1743,0.4421,0.3661,0.0174
Healthy/lyria__P0296__b6.png,Healthy,P0296,0,Healthy,0.0000,1.0000,0.0000,0.0000
Healthy/lyria__P0296__b7.png,Healthy,P0296,0,Healthy,0.0000,0.9999,0.0001,0.0000
Healthy/lyria__P0296__b8.png,Healthy,P0296,0,Healthy,0.0002,0.9997,0.0001,0.0000
Healthy/lyria__P0296__b9.png,Healthy,P0296,0,Healthy,0.0004,0.9942,0.0055,0.0000
Healthy/lyria__P0296__b10.png,Healthy,P0296,0,Impacted,0.0007,0.4403,0.5589,0.0000
Healthy/lyria__P0296__b11.png,Healthy,P0296,0,Healthy,0.0000,1.0000,0.0000,0.0000
Healthy/lyria__P0296__b12.png,Healthy,P0296,0,Healthy,0.0000,1.0000,0.0000,0.0000
Healthy/lyria__P0296__b14.png,Healthy,P0296,0,Healthy,0.0080,0.9841,0.0079,0.0000
Healthy/lyria__P0296__b15.png,Healthy,P0296,0,Endodontics,0.9727,0.0261,0.0012,0.0000
Healthy/lyria__P0298__b0.png,Healthy,P0298,0,Healthy,0.0021,0.9934,0.0044,0.0001
Healthy/lyria__P0298__b2.png,Healthy,P0298,0,Healthy,0.0099,0.5827,0.4057,0.0017
Healthy/lyria__P0298__b4.png,Healthy,P0298,0,Healthy,0.0014,0.9958,0.0026,0.0001
Healthy/lyria__P0298__b5.png,Healthy,P0298,0,Healthy,0.0027,0.9918,0.0004,0.0051
Healthy/lyria__P0298__b6.png,Healthy,P0298,0,Healthy,0.0364,0.9475,0.0151,0.0010
Healthy/lyria__P0298__b7.png,Healthy,P0298,0,Healthy,0.0001,0.9985,0.0015,0.0000
Healthy/lyria__P0298__b8.png,Healthy,P0298,0,Healthy,0.0004,0.9903,0.0093,0.0000
Healthy/lyria__P0298__b9.png,Healthy,P0298,0,Healthy,0.0001,0.9990,0.0009,0.0000
Healthy/lyria__P0298__b10.png,Healthy,P0298,0,Healthy,0.0002,0.9997,0.0001,0.0000
Healthy/lyria__P0298__b11.png,Healthy,P0298,0,Healthy,0.0116,0.9882,0.0001,0.0000
Healthy/lyria__P0298__b12.png,Healthy,P0298,0,Healthy,0.0010,0.9990,0.0000,0.0000
Healthy/lyria__P0298__b13.png,Healthy,P0298,0,Healthy,0.0018,0.9976,0.0005,0.0002
Healthy/lyria__P0299__b1.png,Healthy,P0299,0,Healthy,0.0294,0.7968,0.1737,0.0000
Healthy/lyria__P0299__b2.png,Healthy,P0299,0,Healthy,0.0001,0.9988,0.0011,0.0000
Healthy/lyria__P0299__b3.png,Healthy,P0299,0,Healthy,0.0013,0.9985,0.0002,0.0000
Healthy/lyria__P0299__b4.png,Healthy,P0299,0,Healthy,0.0139,0.9860,0.0000,0.0000
Healthy/lyria__P0299__b5.png,Healthy,P0299,0,Healthy,0.0011,0.9982,0.0007,0.0000
Healthy/lyria__P0299__b6.png,Healthy,P0299,0,Healthy,0.0970,0.9021,0.0008,0.0000
Healthy/lyria__P0299__b7.png,Healthy,P0299,0,Healthy,0.0011,0.9988,0.0000,0.0000
Healthy/lyria__P0299__b8.png,Healthy,P0299,0,Healthy,0.0041,0.9956,0.0003,0.0000
Healthy/lyria__P0299__b9.png,Healthy,P0299,0,Healthy,0.0044,0.9951,0.0004,0.0001
Healthy/lyria__P0299__b10.png,Healthy,P0299,0,Healthy,0.0018,0.9980,0.0002,0.0000
Healthy/lyria__P0299__b12.png,Healthy,P0299,0,Healthy,0.0009,0.9965,0.0026,0.0000
Healthy/lyria__P0299__b13.png,Healthy,P0299,0,Healthy,0.0003,0.8988,0.1008,0.0002
Healthy/lyria__P0299__b14.png,Healthy,P0299,0,Healthy,0.0052,0.8453,0.1483,0.0012
Healthy/lyria__P0299__b15.png,Healthy,P0299,0,Impacted,0.0081,0.4607,0.5303,0.0009
Healthy/lyria__P0299__b16.png,Healthy,P0299,0,Healthy,0.0001,0.7156,0.2841,0.0002
Healthy/lyria__P0299__b17.png,Healthy,P0299,0,Healthy,0.0000,0.9999,0.0001,0.0000
Healthy/lyria__P0299__b18.png,Healthy,P0299,0,Healthy,0.0001,0.9990,0.0009,0.0000
Healthy/lyria__P0299__b19.png,Healthy,P0299,0,Healthy,0.0000,0.9992,0.0008,0.0000
Healthy/lyria__P0299__b20.png,Healthy,P0299,0,Healthy,0.0000,1.0000,0.0000,0.0000
Healthy/lyria__P0299__b21.png,Healthy,P0299,0,Healthy,0.0000,0.9999,0.0001,0.0000
Healthy/lyria__P0299__b22.png,Healthy,P0299,0,Healthy,0.0001,0.9993,0.0006,0.0000
Healthy/lyria__P0299__b23.png,Healthy,P0299,0,Healthy,0.0000,0.9998,0.0001,0.0000
Healthy/lyria__P0299__b24.png,Healthy,P0299,0,Healthy,0.0000,0.9999,0.0000,0.0000
Healthy/lyria__P0299__b25.png,Healthy,P0299,0,Healthy,0.0000,1.0000,0.0000,0.0000
Healthy/lyria__P0299__b26.png,Healthy,P0299,0,Healthy,0.0001,0.9997,0.0001,0.0000
Healthy/lyria__P0299__b27.png,Healthy,P0299,0,Healthy,0.0000,0.9999,0.0001,0.0000
Healthy/lyria__P0299__b28.png,Healthy,P0299,0,Healthy,0.0000,0.9998,0.0002,0.0000
Healthy/lyria__P0299__b29.png,Healthy,P0299,0,Healthy,0.0000,0.9981,0.0019,0.0000
Healthy/lyria__P0299__b30.png,Healthy,P0299,0,Healthy,0.0000,0.9915,0.0085,0.0000
Healthy/lyria__P0299__b31.png,Healthy,P0299,0,Impacted,0.0000,0.0987,0.9012,0.0000
Healthy/lyria__P0300__b0.png,Healthy,P0300,0,Healthy,0.0004,0.8175,0.1813,0.0008
Healthy/lyria__P0300__b1.png,Healthy,P0300,0,Healthy,0.0001,0.9769,0.0230,0.0001
Healthy/lyria__P0300__b2.png,Healthy,P0300,0,Healthy,0.0031,0.9960,0.0008,0.0000
Healthy/lyria__P0300__b3.png,Healthy,P0300,0,Healthy,0.0014,0.9982,0.0004,0.0000
Healthy/lyria__P0300__b4.png,Healthy,P0300,0,Healthy,0.0002,0.9998,0.0000,0.0000
Healthy/lyria__P0300__b5.png,Healthy,P0300,0,Healthy,0.0000,0.9997,0.0003,0.0000
Healthy/lyria__P0300__b6.png,Healthy,P0300,0,Healthy,0.0002,0.9998,0.0001,0.0000
Healthy/lyria__P0300__b7.png,Healthy,P0300,0,Healthy,0.0005,0.9994,0.0000,0.0000
Healthy/lyria__P0300__b8.png,Healthy,P0300,0,Healthy,0.0013,0.9986,0.0001,0.0000
Healthy/lyria__P0300__b9.png,Healthy,P0300,0,Healthy,0.0003,0.9995,0.0001,0.0000
Healthy/lyria__P0300__b10.png,Healthy,P0300,0,Healthy,0.0073,0.9927,0.0001,0.0000
Healthy/lyria__P0300__b11.png,Healthy,P0300,0,Healthy,0.0004,0.9980,0.0016,0.0000
Healthy/lyria__P0300__b12.png,Healthy,P0300,0,Healthy,0.0614,0.5610,0.3775,0.0001
Healthy/lyria__P0300__b13.png,Healthy,P0300,0,Healthy,0.0060,0.6000,0.3933,0.0006
Healthy/lyria__P0300__b14.png,Healthy,P0300,0,Impacted,0.0021,0.0020,0.9959,0.0000
Healthy/lyria__P0300__b15.png,Healthy,P0300,0,Healthy,0.0007,0.9934,0.0059,0.0000
Healthy/lyria__P0300__b16.png,Healthy,P0300,0,Healthy,0.0002,0.9970,0.0028,0.0000
Healthy/lyria__P0300__b17.png,Healthy,P0300,0,Healthy,0.0000,0.9999,0.0001,0.0000
Healthy/lyria__P0300__b18.png,Healthy,P0300,0,Healthy,0.0000,1.0000,0.0000,0.0000
Healthy/lyria__P0300__b19.png,Healthy,P0300,0,Healthy,0.0000,0.9999,0.0001,0.0000
Healthy/lyria__P0300__b20.png,Healthy,P0300,0,Healthy,0.0001,0.9934,0.0065,0.0000
Healthy/lyria__P0300__b21.png,Healthy,P0300,0,Healthy,0.1374,0.8625,0.0001,0.0000
Healthy/lyria__P0300__b22.png,Healthy,P0300,0,Healthy,0.0370,0.9629,0.0000,0.0000
Healthy/lyria__P0300__b24.png,Healthy,P0300,0,Healthy,0.0002,0.9893,0.0104,0.0001
Healthy/lyria__P0300__b26.png,Healthy,P0300,0,Healthy,0.0000,1.0000,0.0000,0.0000
Healthy/lyria__P0300__b27.png,Healthy,P0300,0,Healthy,0.0001,0.9997,0.0001,0.0000
Healthy/lyria__P0300__b28.png,Healthy,P0300,0,Healthy,0.0002,0.9948,0.0050,0.0000
Healthy/lyria__P0300__b29.png,Healthy,P0300,0,Healthy,0.0007,0.6748,0.3245,0.0000
Healthy/lyria__P0302__b0.png,Healthy,P0302,0,Healthy,0.0065,0.5559,0.4374,0.0002
Healthy/lyria__P0302__b1.png,Healthy,P0302,0,Healthy,0.0410,0.9028,0.0561,0.0001
Healthy/lyria__P0302__b3.png,Healthy,P0302,0,Healthy,0.2873,0.7123,0.0002,0.0002
Healthy/lyria__P0302__b4.png,Healthy,P0302,0,Healthy,0.0197,0.9801,0.0001,0.0000
Healthy/lyria__P0302__b5.png,Healthy,P0302,0,Healthy,0.0000,1.0000,0.0000,0.0000
Healthy/lyria__P0302__b6.png,Healthy,P0302,0,Healthy,0.0059,0.9917,0.0024,0.0000
Healthy/lyria__P0302__b7.png,Healthy,P0302,0,Healthy,0.0004,0.9993,0.0002,0.0000
Healthy/lyria__P0302__b8.png,Healthy,P0302,0,Healthy,0.0002,0.9992,0.0007,0.0000
Healthy/lyria__P0302__b9.png,Healthy,P0302,0,Healthy,0.1301,0.8687,0.0011,0.0000
Healthy/lyria__P0302__b11.png,Healthy,P0302,0,Healthy,0.0059,0.9940,0.0000,0.0000
Healthy/lyria__P0302__b12.png,Healthy,P0302,0,Healthy,0.0636,0.8900,0.0464,0.0000
Healthy/lyria__P0302__b13.png,Healthy,P0302,0,Healthy,0.0074,0.7568,0.2356,0.0002
Healthy/lyria__P0302__b14.png,Healthy,P0302,0,Healthy,0.0006,0.9961,0.0033,0.0000
Healthy/lyria__P0302__b15.png,Healthy,P0302,0,Healthy,0.0002,0.9998,0.0000,0.0000
Healthy/lyria__P0302__b16.png,Healthy,P0302,0,Healthy,0.0038,0.9871,0.0091,0.0000
Healthy/lyria__P0302__b17.png,Healthy,P0302,0,Healthy,0.0000,1.0000,0.0000,0.0000
Healthy/lyria__P0302__b18.png,Healthy,P0302,0,Healthy,0.0001,0.9999,0.0000,0.0000
Healthy/lyria__P0302__b19.png,Healthy,P0302,0,Healthy,0.0004,0.9993,0.0004,0.0000
Healthy/lyria__P0302__b20.png,Healthy,P0302,0,Healthy,0.0000,0.9998,0.0002,0.0000
Healthy/lyria__P0302__b21.png,Healthy,P0302,0,Healthy,0.0053,0.9946,0.0001,0.0000
Healthy/lyria__P0302__b22.png,Healthy,P0302,0,Healthy,0.0001,0.9997,0.0003,0.0000
Healthy/lyria__P0030__b0.png,Healthy,P0030,0,Healthy,0.0001,0.9994,0.0006,0.0000
Healthy/lyria__P0030__b1.png,Healthy,P0030,0,Healthy,0.0000,0.9999,0.0000,0.0000
Healthy/lyria__P0030__b2.png,Healthy,P0030,0,Healthy,0.0000,0.9999,0.0001,0.0000
Healthy/lyria__P0306__b1.png,Healthy,P0306,0,Healthy,0.0006,0.9981,0.0012,0.0000
Healthy/lyria__P0306__b2.png,Healthy,P0306,0,Healthy,0.0001,0.9999,0.0000,0.0000
Healthy/lyria__P0306__b4.png,Healthy,P0306,0,Healthy,0.0000,0.9996,0.0004,0.0000
Healthy/lyria__P0306__b5.png,Healthy,P0306,0,Healthy,0.0000,0.9999,0.0001,0.0000
Healthy/lyria__P0306__b6.png,Healthy,P0306,0,Healthy,0.0000,1.0000,0.0000,0.0000
Healthy/lyria__P0306__b7.png,Healthy,P0306,0,Healthy,0.0000,1.0000,0.0000,0.0000
Healthy/lyria__P0306__b8.png,Healthy,P0306,0,Healthy,0.0009,0.9989,0.0002,0.0001
Healthy/lyria__P0306__b9.png,Healthy,P0306,0,Healthy,0.0036,0.9910,0.0051,0.0003
Healthy/lyria__P0306__b10.png,Healthy,P0306,0,Healthy,0.0000,1.0000,0.0000,0.0000
Healthy/lyria__P0306__b11.png,Healthy,P0306,0,Healthy,0.0000,1.0000,0.0000,0.0000
Healthy/lyria__P0306__b12.png,Healthy,P0306,0,Healthy,0.0024,0.9919,0.0056,0.0001
Healthy/lyria__P0306__b13.png,Healthy,P0306,0,Healthy,0.0033,0.8463,0.1501,0.0002
Healthy/lyria__P0306__b14.png,Healthy,P0306,0,Healthy,0.0001,0.6986,0.3012,0.0002
Healthy/lyria__P0306__b15.png,Healthy,P0306,0,Healthy,0.0002,0.9963,0.0035,0.0000
Healthy/lyria__P0306__b16.png,Healthy,P0306,0,Healthy,0.0001,0.9998,0.0001,0.0000
Healthy/lyria__P0306__b17.png,Healthy,P0306,0,Healthy,0.0002,0.9998,0.0001,0.0000
Healthy/lyria__P0306__b18.png,Healthy,P0306,0,Healthy,0.0014,0.9982,0.0003,0.0000
Healthy/lyria__P0306__b19.png,Healthy,P0306,0,Healthy,0.0001,0.9997,0.0002,0.0000
Healthy/lyria__P0306__b20.png,Healthy,P0306,0,Healthy,0.0001,0.9997,0.0002,0.0000
Healthy/lyria__P0306__b21.png,Healthy,P0306,0,Healthy,0.0040,0.9905,0.0053,0.0002
Healthy/lyria__P0306__b22.png,Healthy,P0306,0,Healthy,0.0005,0.9984,0.0010,0.0000
Healthy/lyria__P0306__b23.png,Healthy,P0306,0,Healthy,0.0011,0.9988,0.0001,0.0000
Healthy/lyria__P0306__b24.png,Healthy,P0306,0,Healthy,0.0000,0.9999,0.0000,0.0000
Healthy/lyria__P0306__b25.png,Healthy,P0306,0,Healthy,0.0002,0.9970,0.0028,0.0000
Healthy/lyria__P0306__b26.png,Healthy,P0306,0,Healthy,0.0000,0.9991,0.0008,0.0001
Healthy/lyria__P0306__b27.png,Healthy,P0306,0,Impacted,0.0011,0.2849,0.7140,0.0000
Healthy/lyria__P0307__b0.png,Healthy,P0307,0,Healthy,0.0001,0.9997,0.0001,0.0002
Healthy/lyria__P0307__b1.png,Healthy,P0307,0,Healthy,0.0001,0.9999,0.0000,0.0000
Healthy/lyria__P0307__b3.png,Healthy,P0307,0,Healthy,0.0002,0.9996,0.0001,0.0001
Healthy/lyria__P0309__b0.png,Healthy,P0309,0,Healthy,0.0221,0.9709,0.0055,0.0015
Healthy/lyria__P0309__b1.png,Healthy,P0309,0,Healthy,0.0012,0.9824,0.0163,0.0001
Healthy/lyria__P0309__b2.png,Healthy,P0309,0,Healthy,0.0000,1.0000,0.0000,0.0000
Healthy/lyria__P0309__b3.png,Healthy,P0309,0,Healthy,0.0000,1.0000,0.0000,0.0000
Healthy/lyria__P0309__b4.png,Healthy,P0309,0,Healthy,0.0000,1.0000,0.0000,0.0000
Healthy/lyria__P0309__b5.png,Healthy,P0309,0,Healthy,0.0000,1.0000,0.0000,0.0000
Healthy/lyria__P0309__b7.png,Healthy,P0309,0,Healthy,0.0001,0.9999,0.0000,0.0000
Healthy/lyria__P0309__b9.png,Healthy,P0309,0,Healthy,0.0000,1.0000,0.0000,0.0000
Healthy/lyria__P0031__b0.png,Healthy,P0031,0,Healthy,0.0000,0.9999,0.0001,0.0000
Healthy/lyria__P0031__b1.png,Healthy,P0031,0,Healthy,0.0000,0.9999,0.0001,0.0000
Healthy/lyria__P0312__b0.png,Healthy,P0312,0,Impacted,0.0004,0.2037,0.7927,0.0031
Healthy/lyria__P0312__b1.png,Healthy,P0312,0,Healthy,0.0095,0.9849,0.0056,0.0000
Healthy/lyria__P0312__b3.png,Healthy,P0312,0,Healthy,0.0002,0.9997,0.0002,0.0000
Healthy/lyria__P0312__b4.png,Healthy,P0312,0,Healthy,0.0000,1.0000,0.0000,0.0000
Healthy/lyria__P0312__b5.png,Healthy,P0312,0,Healthy,0.4316,0.5679,0.0002,0.0004
Healthy/lyria__P0312__b6.png,Healthy,P0312,0,Healthy,0.0000,0.9990,0.0009,0.0000
Healthy/lyria__P0312__b7.png,Healthy,P0312,0,Healthy,0.0000,1.0000,0.0000,0.0000
Healthy/lyria__P0312__b8.png,Healthy,P0312,0,Healthy,0.0003,0.9996,0.0001,0.0000
Healthy/lyria__P0312__b9.png,Healthy,P0312,0,Healthy,0.0000,1.0000,0.0000,0.0000
Healthy/lyria__P0312__b11.png,Healthy,P0312,0,Healthy,0.0000,0.9999,0.0001,0.0000
Healthy/lyria__P0312__b12.png,Healthy,P0312,0,Healthy,0.0061,0.9901,0.0038,0.0000
Healthy/lyria__P0313__b1.png,Healthy,P0313,0,Healthy,0.0000,1.0000,0.0000,0.0000
Healthy/lyria__P0314__b0.png,Healthy,P0314,0,Healthy,0.0003,0.9978,0.0018,0.0000
Healthy/lyria__P0314__b1.png,Healthy,P0314,0,Healthy,0.0004,0.9841,0.0155,0.0000
Healthy/lyria__P0314__b2.png,Healthy,P0314,0,Healthy,0.0006,0.8972,0.1022,0.0000
Healthy/lyria__P0314__b3.png,Healthy,P0314,0,Healthy,0.0027,0.8964,0.1009,0.0000
Healthy/lyria__P0315__b0.png,Healthy,P0315,0,Healthy,0.0069,0.9534,0.0395,0.0003
Healthy/lyria__P0315__b1.png,Healthy,P0315,0,Healthy,0.0002,0.9998,0.0000,0.0000
Healthy/lyria__P0315__b2.png,Healthy,P0315,0,Healthy,0.0000,1.0000,0.0000,0.0000
Healthy/lyria__P0315__b3.png,Healthy,P0315,0,Healthy,0.0000,0.9999,0.0000,0.0000
Healthy/lyria__P0315__b4.png,Healthy,P0315,0,Healthy,0.0000,1.0000,0.0000,0.0000
Healthy/lyria__P0315__b5.png,Healthy,P0315,0,Healthy,0.0000,1.0000,0.0000,0.0000
Healthy/lyria__P0316__b1.png,Healthy,P0316,0,Healthy,0.0004,0.9994,0.0002,0.0000
Healthy/lyria__P0316__b2.png,Healthy,P0316,0,Healthy,0.3022,0.6975,0.0003,0.0000
Healthy/lyria__P0316__b3.png,Healthy,P0316,0,Healthy,0.3399,0.6598,0.0001,0.0001
Healthy/lyria__P0316__b4.png,Healthy,P0316,0,Healthy,0.0036,0.9944,0.0020,0.0001
Healthy/lyria__P0316__b5.png,Healthy,P0316,0,Healthy,0.4301,0.5296,0.0035,0.0367
Healthy/lyria__P0316__b6.png,Healthy,P0316,0,Healthy,0.0006,0.9994,0.0000,0.0000
Healthy/lyria__P0316__b7.png,Healthy,P0316,0,Healthy,0.0030,0.9965,0.0005,0.0000
Healthy/lyria__P0316__b8.png,Healthy,P0316,0,Healthy,0.0028,0.8297,0.1673,0.0002
Healthy/lyria__P0316__b9.png,Healthy,P0316,0,Healthy,0.0057,0.6691,0.3233,0.0019
Healthy/lyria__P0316__b11.png,Healthy,P0316,0,Healthy,0.0023,0.9961,0.0015,0.0000
Healthy/lyria__P0316__b12.png,Healthy,P0316,0,Healthy,0.0011,0.9986,0.0003,0.0000
Healthy/lyria__P0032__b0.png,Healthy,P0032,0,Healthy,0.1443,0.8553,0.0002,0.0001
Healthy/lyria__P0032__b1.png,Healthy,P0032,0,Healthy,0.0001,0.9999,0.0001,0.0000
Healthy/lyria__P0032__b4.png,Healthy,P0032,0,Healthy,0.0002,0.9994,0.0003,0.0000
Healthy/lyria__P0032__b5.png,Healthy,P0032,0,Healthy,0.0107,0.9889,0.0004,0.0000
Healthy/lyria__P0032__b6.png,Healthy,P0032,0,Healthy,0.0021,0.9962,0.0016,0.0000
Healthy/lyria__P0319__b0.png,Healthy,P0319,0,Healthy,0.0004,0.9990,0.0006,0.0000
Healthy/lyria__P0319__b1.png,Healthy,P0319,0,Healthy,0.0021,0.9978,0.0000,0.0000
Healthy/lyria__P0319__b2.png,Healthy,P0319,0,Healthy,0.0007,0.9943,0.0039,0.0011
Healthy/lyria__P0319__b3.png,Healthy,P0319,0,Healthy,0.0078,0.6822,0.3076,0.0024
Healthy/lyria__P0319__b5.png,Healthy,P0319,0,Healthy,0.0003,0.9995,0.0002,0.0000
Healthy/lyria__P0319__b6.png,Healthy,P0319,0,Healthy,0.0006,0.9994,0.0000,0.0000
Healthy/lyria__P0319__b7.png,Healthy,P0319,0,Healthy,0.0006,0.9977,0.0014,0.0003
Healthy/lyria__P0319__b9.png,Healthy,P0319,0,Healthy,0.0003,0.9996,0.0001,0.0000
Healthy/lyria__P0320__b0.png,Healthy,P0320,0,Healthy,0.0356,0.5484,0.4159,0.0002
Healthy/lyria__P0320__b1.png,Healthy,P0320,0,Healthy,0.0389,0.7968,0.1638,0.0005
Healthy/lyria__P0320__b2.png,Healthy,P0320,0,Healthy,0.0000,0.9999,0.0001,0.0000
Healthy/lyria__P0320__b3.png,Healthy,P0320,0,Healthy,0.0003,0.9993,0.0004,0.0000
Healthy/lyria__P0320__b4.png,Healthy,P0320,0,Healthy,0.0082,0.9915,0.0002,0.0001
Healthy/lyria__P0320__b5.png,Healthy,P0320,0,Healthy,0.0003,0.9994,0.0003,0.0000
Healthy/lyria__P0320__b6.png,Healthy,P0320,0,Healthy,0.0113,0.9818,0.0069,0.0000
Healthy/lyria__P0320__b7.png,Healthy,P0320,0,Healthy,0.0014,0.9944,0.0040,0.0002
Healthy/lyria__P0320__b8.png,Healthy,P0320,0,Healthy,0.0019,0.9979,0.0002,0.0000
Healthy/lyria__P0320__b9.png,Healthy,P0320,0,Healthy,0.0006,0.9993,0.0001,0.0000
Healthy/lyria__P0320__b10.png,Healthy,P0320,0,Healthy,0.0010,0.9944,0.0046,0.0000
Healthy/lyria__P0320__b11.png,Healthy,P0320,0,Healthy,0.0017,0.9934,0.0048,0.0000
Healthy/lyria__P0320__b12.png,Healthy,P0320,0,Impacted,0.0800,0.4569,0.4609,0.0022
Healthy/lyria__P0320__b13.png,Healthy,P0320,0,Impacted,0.0093,0.0085,0.9800,0.0022
Healthy/lyria__P0320__b14.png,Healthy,P0320,0,Impacted,0.0197,0.3712,0.6067,0.0024
Healthy/lyria__P0320__b15.png,Healthy,P0320,0,Healthy,0.0002,0.9946,0.0052,0.0000
Healthy/lyria__P0320__b16.png,Healthy,P0320,0,Healthy,0.0001,0.9974,0.0026,0.0000
Healthy/lyria__P0320__b17.png,Healthy,P0320,0,Healthy,0.0001,0.9972,0.0027,0.0000
Healthy/lyria__P0320__b18.png,Healthy,P0320,0,Healthy,0.0002,0.9996,0.0001,0.0001
Healthy/lyria__P0320__b19.png,Healthy,P0320,0,Healthy,0.0000,0.9999,0.0001,0.0000
Healthy/lyria__P0320__b20.png,Healthy,P0320,0,Healthy,0.0003,0.9983,0.0005,0.0008
Healthy/lyria__P0320__b21.png,Healthy,P0320,0,Healthy,0.0012,0.9985,0.0003,0.0000
Healthy/lyria__P0320__b22.png,Healthy,P0320,0,Healthy,0.0010,0.9938,0.0052,0.0000
Healthy/lyria__P0320__b23.png,Healthy,P0320,0,Healthy,0.0004,0.9968,0.0028,0.0000
Healthy/lyria__P0320__b25.png,Healthy,P0320,0,Healthy,0.0009,0.9796,0.0195,0.0000
Healthy/lyria__P0320__b26.png,Healthy,P0320,0,Healthy,0.0017,0.6445,0.3538,0.0000
Healthy/lyria__P0321__b0.png,Healthy,P0321,0,Healthy,0.0028,0.9951,0.0021,0.0000
Healthy/lyria__P0321__b1.png,Healthy,P0321,0,Healthy,0.0108,0.9769,0.0116,0.0006
Healthy/lyria__P0321__b2.png,Healthy,P0321,0,Healthy,0.0020,0.9974,0.0005,0.0000
Healthy/lyria__P0321__b4.png,Healthy,P0321,0,Healthy,0.0001,0.9988,0.0006,0.0005
Healthy/lyria__P0321__b6.png,Healthy,P0321,0,Healthy,0.0000,0.9976,0.0024,0.0000
Healthy/lyria__P0321__b7.png,Healthy,P0321,0,Healthy,0.0030,0.9879,0.0091,0.0000
Healthy/lyria__P0321__b8.png,Healthy,P0321,0,Healthy,0.0052,0.7892,0.2057,0.0000
Healthy/lyria__P0322__b1.png,Healthy,P0322,0,Healthy,0.0137,0.9811,0.0050,0.0003
Healthy/lyria__P0322__b2.png,Healthy,P0322,0,Healthy,0.0008,0.9979,0.0013,0.0000
Healthy/lyria__P0322__b3.png,Healthy,P0322,0,Healthy,0.0028,0.9972,0.0001,0.0000
Healthy/lyria__P0322__b4.png,Healthy,P0322,0,Healthy,0.0015,0.9984,0.0000,0.0000
Healthy/lyria__P0322__b5.png,Healthy,P0322,0,Healthy,0.0003,0.9997,0.0001,0.0000
Healthy/lyria__P0322__b6.png,Healthy,P0322,0,Healthy,0.0001,0.9997,0.0002,0.0000
Healthy/lyria__P0322__b7.png,Healthy,P0322,0,Healthy,0.0065,0.9931,0.0003,0.0001
Healthy/lyria__P0322__b8.png,Healthy,P0322,0,Healthy,0.0009,0.9990,0.0000,0.0001
Healthy/lyria__P0322__b9.png,Healthy,P0322,0,Healthy,0.0227,0.9771,0.0002,0.0000
Healthy/lyria__P0322__b11.png,Healthy,P0322,0,Healthy,0.0036,0.9905,0.0059,0.0000
Healthy/lyria__P0322__b12.png,Healthy,P0322,0,Healthy,0.1012,0.8856,0.0089,0.0044
Healthy/lyria__P0322__b13.png,Healthy,P0322,0,Healthy,0.0012,0.9959,0.0015,0.0013
Healthy/lyria__P0322__b14.png,Healthy,P0322,0,Healthy,0.0614,0.6563,0.2551,0.0273
Healthy/lyria__P0322__b15.png,Healthy,P0322,0,Healthy,0.0000,0.9999,0.0000,0.0000
Healthy/lyria__P0322__b16.png,Healthy,P0322,0,Healthy,0.0001,0.9998,0.0001,0.0000
Healthy/lyria__P0322__b17.png,Healthy,P0322,0,Healthy,0.0002,0.9998,0.0001,0.0000
Healthy/lyria__P0322__b18.png,Healthy,P0322,0,Healthy,0.0002,0.9988,0.0010,0.0000
Healthy/lyria__P0322__b19.png,Healthy,P0322,0,Healthy,0.0017,0.9976,0.0004,0.0003
Healthy/lyria__P0322__b20.png,Healthy,P0322,0,Healthy,0.0001,0.9984,0.0015,0.0000
Healthy/lyria__P0322__b21.png,Healthy,P0322,0,Healthy,0.0247,0.8380,0.1371,0.0002
Healthy/lyria__P0322__b22.png,Healthy,P0322,0,Healthy,0.0001,0.9999,0.0000,0.0000
Healthy/lyria__P0322__b23.png,Healthy,P0322,0,Healthy,0.0001,0.9992,0.0001,0.0006
Healthy/lyria__P0322__b24.png,Healthy,P0322,0,Healthy,0.0000,0.9997,0.0000,0.0002
Healthy/lyria__P0322__b25.png,Healthy,P0322,0,Healthy,0.0000,0.9999,0.0000,0.0000
Healthy/lyria__P0322__b26.png,Healthy,P0322,0,Healthy,0.0000,1.0000,0.0000,0.0000
Healthy/lyria__P0322__b27.png,Healthy,P0322,0,Healthy,0.0101,0.9895,0.0004,0.0000
Healthy/lyria__P0322__b28.png,Healthy,P0322,0,Healthy,0.0002,0.9842,0.0154,0.0001
Healthy/lyria__P0322__b29.png,Healthy,P0322,0,Healthy,0.0040,0.6701,0.3259,0.0001
Healthy/lyria__P0323__b0.png,Healthy,P0323,0,Healthy,0.0001,0.9702,0.0296,0.0000
Healthy/lyria__P0323__b1.png,Healthy,P0323,0,Healthy,0.0003,0.9994,0.0003,0.0000
Healthy/lyria__P0323__b2.png,Healthy,P0323,0,Healthy,0.0007,0.9989,0.0003,0.0000
Healthy/lyria__P0323__b3.png,Healthy,P0323,0,Healthy,0.0046,0.9953,0.0001,0.0000
Healthy/lyria__P0323__b5.png,Healthy,P0323,0,Healthy,0.0009,0.9991,0.0000,0.0000
Healthy/lyria__P0323__b6.png,Healthy,P0323,0,Healthy,0.0036,0.9964,0.0000,0.0000
Healthy/lyria__P0323__b7.png,Healthy,P0323,0,Healthy,0.0001,0.9991,0.0007,0.0000
Healthy/lyria__P0323__b8.png,Healthy,P0323,0,Healthy,0.0009,0.9989,0.0002,0.0000
Healthy/lyria__P0323__b9.png,Healthy,P0323,0,Healthy,0.0029,0.9969,0.0002,0.0000
Healthy/lyria__P0323__b10.png,Healthy,P0323,0,Healthy,0.0014,0.9985,0.0001,0.0000
Healthy/lyria__P0323__b12.png,Healthy,P0323,0,Healthy,0.0065,0.9557,0.0376,0.0001
Healthy/lyria__P0323__b13.png,Healthy,P0323,0,Impacted,0.0436,0.3322,0.6241,0.0001
Healthy/lyria__P0323__b14.png,Healthy,P0323,0,Healthy,0.0001,0.9841,0.0157,0.0001
Healthy/lyria__P0323__b15.png,Healthy,P0323,0,Healthy,0.0103,0.9582,0.0310,0.0005
Healthy/lyria__P0323__b16.png,Healthy,P0323,0,Healthy,0.0002,0.9984,0.0014,0.0000
Healthy/lyria__P0323__b17.png,Healthy,P0323,0,Healthy,0.0026,0.9453,0.0521,0.0000
Healthy/lyria__P0323__b18.png,Healthy,P0323,0,Healthy,0.0012,0.9983,0.0005,0.0000
Healthy/lyria__P0323__b19.png,Healthy,P0323,0,Healthy,0.0000,0.9971,0.0029,0.0000
Healthy/lyria__P0323__b20.png,Healthy,P0323,0,Healthy,0.0000,0.9996,0.0004,0.0000
Healthy/lyria__P0323__b21.png,Healthy,P0323,0,Healthy,0.0003,0.9989,0.0008,0.0000
Healthy/lyria__P0323__b22.png,Healthy,P0323,0,Healthy,0.0001,0.9972,0.0027,0.0000
Healthy/lyria__P0323__b23.png,Healthy,P0323,0,Healthy,0.0026,0.9929,0.0045,0.0000
Healthy/lyria__P0323__b24.png,Healthy,P0323,0,Healthy,0.0008,0.9967,0.0025,0.0000
Healthy/lyria__P0324__b0.png,Healthy,P0324,0,Healthy,0.0000,0.9909,0.0091,0.0000
Healthy/lyria__P0324__b1.png,Healthy,P0324,0,Healthy,0.0007,0.9101,0.0816,0.0076
Healthy/lyria__P0324__b2.png,Healthy,P0324,0,Healthy,0.0136,0.9859,0.0005,0.0000
Healthy/lyria__P0324__b3.png,Healthy,P0324,0,Healthy,0.0010,0.9988,0.0002,0.0000
Healthy/lyria__P0324__b4.png,Healthy,P0324,0,Healthy,0.0012,0.9983,0.0005,0.0000
Healthy/lyria__P0324__b5.png,Healthy,P0324,0,Healthy,0.0129,0.9870,0.0001,0.0000
Healthy/lyria__P0324__b6.png,Healthy,P0324,0,Healthy,0.0001,0.9999,0.0000,0.0000
Healthy/lyria__P0324__b7.png,Healthy,P0324,0,Healthy,0.0021,0.9932,0.0046,0.0000
Healthy/lyria__P0324__b8.png,Healthy,P0324,0,Healthy,0.0005,0.9972,0.0023,0.0000
Healthy/lyria__P0324__b9.png,Healthy,P0324,0,Healthy,0.2425,0.7467,0.0109,0.0000
Healthy/lyria__P0324__b10.png,Healthy,P0324,0,Healthy,0.0034,0.9965,0.0000,0.0000
Healthy/lyria__P0324__b11.png,Healthy,P0324,0,Healthy,0.0008,0.9992,0.0000,0.0000
Healthy/lyria__P0324__b12.png,Healthy,P0324,0,Healthy,0.0016,0.8544,0.1411,0.0029
Healthy/lyria__P0324__b13.png,Healthy,P0324,0,Healthy,0.0013,0.9069,0.0909,0.0009
Healthy/lyria__P0324__b14.png,Healthy,P0324,0,Impacted,0.0015,0.0695,0.9289,0.0001
Healthy/lyria__P0324__b15.png,Healthy,P0324,0,Healthy,0.0124,0.9866,0.0010,0.0000
Healthy/lyria__P0324__b16.png,Healthy,P0324,0,Healthy,0.0003,0.9990,0.0007,0.0000
Healthy/lyria__P0324__b17.png,Healthy,P0324,0,Healthy,0.0004,0.9995,0.0001,0.0000
Healthy/lyria__P0324__b18.png,Healthy,P0324,0,Healthy,0.0091,0.9873,0.0016,0.0020
Healthy/lyria__P0324__b19.png,Healthy,P0324,0,Healthy,0.0000,1.0000,0.0000,0.0000
Healthy/lyria__P0324__b20.png,Healthy,P0324,0,Healthy,0.0000,0.9999,0.0001,0.0000
Healthy/lyria__P0324__b21.png,Healthy,P0324,0,Healthy,0.0001,0.9998,0.0001,0.0000
Healthy/lyria__P0324__b22.png,Healthy,P0324,0,Healthy,0.0001,0.9972,0.0027,0.0000
Healthy/lyria__P0324__b23.png,Healthy,P0324,0,Healthy,0.0011,0.9925,0.0064,0.0000
Healthy/lyria__P0324__b24.png,Healthy,P0324,0,Healthy,0.0001,0.9998,0.0001,0.0000
Healthy/lyria__P0328__b0.png,Healthy,P0328,0,Healthy,0.1289,0.8683,0.0026,0.0002
Healthy/lyria__P0328__b3.png,Healthy,P0328,0,Healthy,0.0000,1.0000,0.0000,0.0000
Healthy/lyria__P0328__b4.png,Healthy,P0328,0,Healthy,0.0000,0.9999,0.0001,0.0000
Healthy/lyria__P0328__b5.png,Healthy,P0328,0,Healthy,0.0000,0.9998,0.0002,0.0000
Healthy/lyria__P0033__b0.png,Healthy,P0033,0,Healthy,0.0002,0.9982,0.0015,0.0000
Healthy/lyria__P0033__b1.png,Healthy,P0033,0,Healthy,0.2101,0.7756,0.0138,0.0006
Healthy/lyria__P0033__b2.png,Healthy,P0033,0,Healthy,0.2938,0.7037,0.0021,0.0003
Healthy/lyria__P0033__b3.png,Healthy,P0033,0,Healthy,0.0209,0.8255,0.1535,0.0001
Healthy/lyria__P0033__b4.png,Healthy,P0033,0,Healthy,0.0064,0.7122,0.2803,0.0011
Healthy/lyria__P0033__b6.png,Healthy,P0033,0,Healthy,0.0014,0.9960,0.0026,0.0000
Healthy/lyria__P0033__b7.png,Healthy,P0033,0,Healthy,0.0005,0.9995,0.0000,0.0000
Healthy/lyria__P0033__b8.png,Healthy,P0033,0,Healthy,0.0000,0.9998,0.0001,0.0000
Healthy/lyria__P0033__b9.png,Healthy,P0033,0,Healthy,0.0001,0.9999,0.0001,0.0000
Healthy/lyria__P0033__b10.png,Healthy,P0033,0,Healthy,0.0007,0.9989,0.0003,0.0000
Healthy/lyria__P0033__b11.png,Healthy,P0033,0,Healthy,0.0001,0.9986,0.0013,0.0000
Healthy/lyria__P0033__b12.png,Healthy,P0033,0,Healthy,0.0002,0.9998,0.0000,0.0000
Healthy/lyria__P0033__b13.png,Healthy,P0033,0,Healthy,0.0046,0.9596,0.0355,0.0004
Healthy/lyria__P0332__b0.png,Healthy,P0332,0,Healthy,0.0006,0.9989,0.0005,0.0000
Healthy/lyria__P0332__b1.png,Healthy,P0332,0,Healthy,0.0000,0.9997,0.0003,0.0000
Healthy/lyria__P0332__b4.png,Healthy,P0332,0,Healthy,0.0001,0.9999,0.0000,0.0000
Healthy/lyria__P0332__b5.png,Healthy,P0332,0,Healthy,0.0446,0.8551,0.0962,0.0041
Healthy/lyria__P0333__b0.png,Healthy,P0333,0,Impacted,0.0019,0.3678,0.6303,0.0000
Healthy/lyria__P0333__b1.png,Healthy,P0333,0,Healthy,0.0003,0.8818,0.1179,0.0001
Healthy/lyria__P0333__b2.png,Healthy,P0333,0,Healthy,0.0004,0.9887,0.0108,0.0001
Healthy/lyria__P0333__b3.png,Healthy,P0333,0,Healthy,0.0001,0.9998,0.0002,0.0000
Healthy/lyria__P0333__b4.png,Healthy,P0333,0,Healthy,0.0000,0.9992,0.0008,0.0000
Healthy/lyria__P0333__b5.png,Healthy,P0333,0,Healthy,0.0002,0.9940,0.0059,0.0000
Healthy/lyria__P0333__b6.png,Healthy,P0333,0,Healthy,0.0327,0.9658,0.0013,0.0002
Healthy/lyria__P0333__b7.png,Healthy,P0333,0,Healthy,0.0001,0.9996,0.0003,0.0000
Healthy/lyria__P0333__b8.png,Healthy,P0333,0,Healthy,0.0004,0.9989,0.0005,0.0002
Healthy/lyria__P0333__b9.png,Healthy,P0333,0,Healthy,0.0011,0.9963,0.0025,0.0001
Healthy/lyria__P0333__b10.png,Healthy,P0333,0,Healthy,0.0000,1.0000,0.0000,0.0000
Healthy/lyria__P0333__b11.png,Healthy,P0333,0,Healthy,0.0000,0.9999,0.0001,0.0000
Healthy/lyria__P0333__b12.png,Healthy,P0333,0,Healthy,0.0005,0.9299,0.0697,0.0000
Healthy/lyria__P0333__b13.png,Healthy,P0333,0,Impacted,0.0001,0.2150,0.7849,0.0000
Healthy/lyria__P0333__b14.png,Healthy,P0333,0,Healthy,0.0000,0.8661,0.1338,0.0000
Healthy/lyria__P0333__b15.png,Healthy,P0333,0,Healthy,0.0001,0.8927,0.1072,0.0000
Healthy/lyria__P0333__b16.png,Healthy,P0333,0,Healthy,0.0007,0.9975,0.0019,0.0000
Healthy/lyria__P0333__b17.png,Healthy,P0333,0,Healthy,0.0013,0.9962,0.0025,0.0000
Healthy/lyria__P0333__b18.png,Healthy,P0333,0,Healthy,0.0000,0.8717,0.1283,0.0000
Healthy/lyria__P0333__b20.png,Healthy,P0333,0,Healthy,0.0003,0.9852,0.0145,0.0000
Healthy/lyria__P0333__b21.png,Healthy,P0333,0,Healthy,0.0002,0.8858,0.1140,0.0000
Healthy/lyria__P0333__b22.png,Healthy,P0333,0,Healthy,0.0001,0.9964,0.0035,0.0000
Healthy/lyria__P0333__b23.png,Healthy,P0333,0,Healthy,0.0000,0.9969,0.0030,0.0000
Healthy/lyria__P0333__b24.png,Healthy,P0333,0,Healthy,0.0001,0.9998,0.0001,0.0000
Healthy/lyria__P0333__b25.png,Healthy,P0333,0,Healthy,0.0001,0.9998,0.0001,0.0000
Healthy/lyria__P0333__b26.png,Healthy,P0333,0,Healthy,0.0009,0.9856,0.0134,0.0001
Healthy/lyria__P0333__b27.png,Healthy,P0333,0,Healthy,0.0004,0.9180,0.0814,0.0001
Healthy/lyria__P0034__b0.png,Healthy,P0034,0,Healthy,0.0061,0.7017,0.2916,0.0006
Healthy/lyria__P0034__b1.png,Healthy,P0034,0,Healthy,0.0001,0.9994,0.0002,0.0003
Healthy/lyria__P0034__b2.png,Healthy,P0034,0,Healthy,0.0000,0.9999,0.0001,0.0000
Healthy/lyria__P0034__b3.png,Healthy,P0034,0,Healthy,0.0000,0.9999,0.0000,0.0000
Healthy/lyria__P0335__b0.png,Healthy,P0335,0,Healthy,0.0491,0.7168,0.2298,0.0042
Healthy/lyria__P0335__b1.png,Healthy,P0335,0,Healthy,0.0095,0.6651,0.3215,0.0039
Healthy/lyria__P0335__b2.png,Healthy,P0335,0,Healthy,0.0045,0.9954,0.0001,0.0000
Healthy/lyria__P0335__b3.png,Healthy,P0335,0,Healthy,0.0010,0.9989,0.0000,0.0000
Healthy/lyria__P0335__b4.png,Healthy,P0335,0,Healthy,0.0557,0.9362,0.0007,0.0074
Healthy/lyria__P0335__b5.png,Healthy,P0335,0,Healthy,0.0001,0.9997,0.0001,0.0001
Healthy/lyria__P0335__b7.png,Healthy,P0335,0,Healthy,0.0047,0.8513,0.0013,0.1426
Healthy/lyria__P0335__b8.png,Healthy,P0335,0,Healthy,0.0056,0.9868,0.0006,0.0070
Healthy/lyria__P0335__b9.png,Healthy,P0335,0,Healthy,0.0009,0.9985,0.0005,0.0001
Healthy/lyria__P0335__b10.png,Healthy,P0335,0,Healthy,0.0020,0.9890,0.0032,0.0059
Healthy/lyria__P0335__b11.png,Healthy,P0335,0,Healthy,0.0084,0.7226,0.2643,0.0047
Healthy/lyria__P0335__b12.png,Healthy,P0335,0,Healthy,0.0278,0.4883,0.4817,0.0022
Healthy/lyria__P0335__b13.png,Healthy,P0335,0,Healthy,0.0217,0.8568,0.0932,0.0283
Healthy/lyria__P0335__b14.png,Healthy,P0335,0,Healthy,0.0007,0.9983,0.0010,0.0000
Healthy/lyria__P0335__b15.png,Healthy,P0335,0,Healthy,0.0001,0.9999,0.0000,0.0000
Healthy/lyria__P0335__b16.png,Healthy,P0335,0,Healthy,0.0002,0.9995,0.0002,0.0000
Healthy/lyria__P0335__b17.png,Healthy,P0335,0,Healthy,0.0002,0.9980,0.0018,0.0000
Healthy/lyria__P0335__b18.png,Healthy,P0335,0,Healthy,0.0007,0.9671,0.0012,0.0310
Healthy/lyria__P0335__b19.png,Healthy,P0335,0,Healthy,0.0007,0.9987,0.0002,0.0004
Healthy/lyria__P0335__b20.png,Healthy,P0335,0,Healthy,0.0004,0.9990,0.0006,0.0000
Healthy/lyria__P0335__b21.png,Healthy,P0335,0,Healthy,0.0000,1.0000,0.0000,0.0000
Healthy/lyria__P0335__b22.png,Healthy,P0335,0,Healthy,0.0151,0.9812,0.0037,0.0000
Healthy/lyria__P0335__b23.png,Healthy,P0335,0,Healthy,0.0707,0.8479,0.0781,0.0033
Healthy/lyria__P0336__b0.png,Healthy,P0336,0,Impacted,0.0049,0.3867,0.6062,0.0022
Healthy/lyria__P0336__b1.png,Healthy,P0336,0,Healthy,0.0247,0.5387,0.4221,0.0144
Healthy/lyria__P0336__b2.png,Healthy,P0336,0,Healthy,0.0041,0.9958,0.0000,0.0000
Healthy/lyria__P0336__b3.png,Healthy,P0336,0,Healthy,0.0188,0.9809,0.0003,0.0000
Healthy/lyria__P0336__b4.png,Healthy,P0336,0,Healthy,0.0368,0.9595,0.0006,0.0031
Healthy/lyria__P0336__b5.png,Healthy,P0336,0,Healthy,0.0004,0.9987,0.0004,0.0006
Healthy/lyria__P0336__b6.png,Healthy,P0336,0,Healthy,0.0035,0.9959,0.0004,0.0002
Healthy/lyria__P0336__b7.png,Healthy,P0336,0,Healthy,0.0039,0.9929,0.0012,0.0020
Healthy/lyria__P0336__b8.png,Healthy,P0336,0,Healthy,0.2493,0.6134,0.0168,0.1205
Healthy/lyria__P0336__b9.png,Healthy,P0336,0,Healthy,0.0001,0.9999,0.0000,0.0000
Healthy/lyria__P0336__b10.png,Healthy,P0336,0,Healthy,0.0053,0.9926,0.0012,0.0008
Healthy/lyria__P0336__b11.png,Healthy,P0336,0,Healthy,0.0648,0.6198,0.3101,0.0053
Healthy/lyria__P0336__b12.png,Healthy,P0336,0,Healthy,0.3018,0.6609,0.0256,0.0117
Healthy/lyria__P0336__b14.png,Healthy,P0336,0,Healthy,0.0076,0.9911,0.0013,0.0000
Healthy/lyria__P0336__b15.png,Healthy,P0336,0,Healthy,0.0001,0.9999,0.0000,0.0000
Healthy/lyria__P0336__b16.png,Healthy,P0336,0,Healthy,0.0016,0.9979,0.0005,0.0000
Healthy/lyria__P0336__b17.png,Healthy,P0336,0,Healthy,0.0005,0.9977,0.0017,0.0001
Healthy/lyria__P0336__b18.png,Healthy,P0336,0,Healthy,0.0055,0.8870,0.0047,0.1029
Healthy/lyria__P0336__b19.png,Healthy,P0336,0,Healthy,0.0001,0.9986,0.0008,0.0005
Healthy/lyria__P0336__b21.png,Healthy,P0336,0,Healthy,0.0001,0.9999,0.0000,0.0000
Healthy/lyria__P0336__b22.png,Healthy,P0336,0,Healthy,0.0007,0.9991,0.0002,0.0000
Healthy/lyria__P0336__b23.png,Healthy,P0336,0,Healthy,0.1081,0.5866,0.2087,0.0966
Healthy/lyria__P0337__b0.png,Healthy,P0337,0,Healthy,0.0094,0.9530,0.0375,0.0000
Healthy/lyria__P0337__b1.png,Healthy,P0337,0,Healthy,0.0002,0.9997,0.0000,0.0000
Healthy/lyria__P0337__b2.png,Healthy,P0337,0,Healthy,0.0055,0.9944,0.0000,0.0000
Healthy/lyria__P0337__b3.png,Healthy,P0337,0,Healthy,0.0001,0.9999,0.0000,0.0000
Healthy/lyria__P0337__b4.png,Healthy,P0337,0,Healthy,0.0001,0.9964,0.0035,0.0000
Healthy/lyria__P0337__b5.png,Healthy,P0337,0,Healthy,0.0517,0.9367,0.0115,0.0000
Healthy/lyria__P0337__b6.png,Healthy,P0337,0,Healthy,0.0013,0.9982,0.0004,0.0000
Healthy/lyria__P0337__b7.png,Healthy,P0337,0,Healthy,0.0982,0.9018,0.0001,0.0000
Healthy/lyria__P0337__b8.png,Healthy,P0337,0,Healthy,0.0015,0.9972,0.0013,0.0000
Healthy/lyria__P0337__b9.png,Healthy,P0337,0,Healthy,0.0000,0.9997,0.0003,0.0000
Healthy/lyria__P0337__b10.png,Healthy,P0337,0,Healthy,0.0001,0.9998,0.0001,0.0000
Healthy/lyria__P0337__b11.png,Healthy,P0337,0,Healthy,0.0000,1.0000,0.0000,0.0000
Healthy/lyria__P0337__b12.png,Healthy,P0337,0,Healthy,0.0000,0.9994,0.0006,0.0000
Healthy/lyria__P0337__b13.png,Healthy,P0337,0,Healthy,0.0000,0.9999,0.0001,0.0000
Healthy/lyria__P0337__b15.png,Healthy,P0337,0,Healthy,0.0003,0.9991,0.0006,0.0000
Healthy/lyria__P0337__b16.png,Healthy,P0337,0,Healthy,0.0001,0.9997,0.0002,0.0000
Healthy/lyria__P0337__b17.png,Healthy,P0337,0,Healthy,0.0000,0.9999,0.0000,0.0000
Healthy/lyria__P0339__b0.png,Healthy,P0339,0,Healthy,0.0029,0.9857,0.0071,0.0043
Healthy/lyria__P0339__b1.png,Healthy,P0339,0,Healthy,0.0007,0.9939,0.0054,0.0000
Healthy/lyria__P0339__b2.png,Healthy,P0339,0,Healthy,0.0009,0.9990,0.0001,0.0000
Healthy/lyria__P0339__b3.png,Healthy,P0339,0,Healthy,0.0013,0.9985,0.0001,0.0000
Healthy/lyria__P0339__b4.png,Healthy,P0339,0,Healthy,0.0001,0.9998,0.0001,0.0000
Healthy/lyria__P0339__b6.png,Healthy,P0339,0,Healthy,0.0000,0.9999,0.0000,0.0000
Healthy/lyria__P0339__b7.png,Healthy,P0339,0,Healthy,0.0057,0.9940,0.0002,0.0001
Healthy/lyria__P0339__b8.png,Healthy,P0339,0,Healthy,0.0087,0.9904,0.0009,0.0000
Healthy/lyria__P0339__b9.png,Healthy,P0339,0,Healthy,0.0000,1.0000,0.0000,0.0000
Healthy/lyria__P0339__b10.png,Healthy,P0339,0,Healthy,0.0004,0.9996,0.0000,0.0000
Healthy/lyria__P0339__b11.png,Healthy,P0339,0,Healthy,0.0007,0.9992,0.0001,0.0000
Healthy/lyria__P0339__b12.png,Healthy,P0339,0,Healthy,0.0057,0.9118,0.0798,0.0027
Healthy/lyria__P0339__b13.png,Healthy,P0339,0,Healthy,0.0001,0.9979,0.0020,0.0001
Healthy/lyria__P0339__b14.png,Healthy,P0339,0,Healthy,0.0006,0.9994,0.0000,0.0000
Healthy/lyria__P0339__b15.png,Healthy,P0339,0,Healthy,0.0000,0.9999,0.0000,0.0000
Healthy/lyria__P0339__b16.png,Healthy,P0339,0,Healthy,0.0001,0.9999,0.0000,0.0000
Healthy/lyria__P0339__b17.png,Healthy,P0339,0,Healthy,0.0000,1.0000,0.0000,0.0000
Healthy/lyria__P0339__b18.png,Healthy,P0339,0,Healthy,0.0013,0.9980,0.0004,0.0003
Healthy/lyria__P0339__b19.png,Healthy,P0339,0,Healthy,0.0000,1.0000,0.0000,0.0000
Healthy/lyria__P0339__b21.png,Healthy,P0339,0,Healthy,0.0000,0.9995,0.0005,0.0000
Healthy/lyria__P0339__b22.png,Healthy,P0339,0,Healthy,0.0001,0.9999,0.0000,0.0000
Healthy/lyria__P0339__b23.png,Healthy,P0339,0,Healthy,0.0000,1.0000,0.0000,0.0000
Healthy/lyria__P0339__b24.png,Healthy,P0339,0,Healthy,0.0133,0.9856,0.0011,0.0000
Healthy/lyria__P0339__b25.png,Healthy,P0339,0,Healthy,0.0022,0.9977,0.0001,0.0000
Healthy/lyria__P0339__b26.png,Healthy,P0339,0,Healthy,0.0040,0.9356,0.0603,0.0001
Healthy/lyria__P0342__b0.png,Healthy,P0342,0,Healthy,0.0248,0.9751,0.0001,0.0000
Healthy/lyria__P0342__b2.png,Healthy,P0342,0,Healthy,0.0002,0.9997,0.0001,0.0000
Healthy/lyria__P0342__b4.png,Healthy,P0342,0,Healthy,0.0000,0.9999,0.0000,0.0000
Healthy/lyria__P0342__b5.png,Healthy,P0342,0,Healthy,0.0001,0.9999,0.0000,0.0000
Healthy/lyria__P0343__b0.png,Healthy,P0343,0,Healthy,0.1178,0.8821,0.0000,0.0000
Healthy/lyria__P0343__b1.png,Healthy,P0343,0,Healthy,0.0001,0.9999,0.0001,0.0000
Healthy/lyria__P0343__b3.png,Healthy,P0343,0,Healthy,0.0001,0.9998,0.0001,0.0000
Healthy/lyria__P0343__b4.png,Healthy,P0343,0,Healthy,0.0000,0.9996,0.0004,0.0000
Healthy/lyria__P0343__b5.png,Healthy,P0343,0,Healthy,0.0000,0.9999,0.0001,0.0000
Healthy/lyria__P0344__b1.png,Healthy,P0344,0,Healthy,0.0068,0.9928,0.0004,0.0000
Healthy/lyria__P0344__b2.png,Healthy,P0344,0,Healthy,0.0671,0.9295,0.0033,0.0001
Healthy/lyria__P0344__b3.png,Healthy,P0344,0,Healthy,0.0329,0.9643,0.0025,0.0002
Healthy/lyria__P0344__b4.png,Healthy,P0344,0,Healthy,0.0016,0.9980,0.0003,0.0000
Healthy/lyria__P0344__b5.png,Healthy,P0344,0,Healthy,0.0004,0.9995,0.0001,0.0000
Healthy/lyria__P0344__b6.png,Healthy,P0344,0,Healthy,0.0004,0.9832,0.0164,0.0000
Healthy/lyria__P0344__b7.png,Healthy,P0344,0,Healthy,0.0006,0.9990,0.0004,0.0000
Healthy/lyria__P0344__b8.png,Healthy,P0344,0,Healthy,0.0011,0.9986,0.0002,0.0000
Healthy/lyria__P0344__b9.png,Healthy,P0344,0,Healthy,0.0048,0.9899,0.0052,0.0001
Healthy/lyria__P0344__b10.png,Healthy,P0344,0,Healthy,0.0000,0.9967,0.0033,0.0000
Healthy/lyria__P0344__b11.png,Healthy,P0344,0,Healthy,0.0009,0.9614,0.0378,0.0000
Healthy/lyria__P0344__b12.png,Healthy,P0344,0,Healthy,0.0002,0.9982,0.0016,0.0000
Healthy/lyria__P0344__b13.png,Healthy,P0344,0,Healthy,0.0001,0.9996,0.0003,0.0000
Healthy/lyria__P0344__b14.png,Healthy,P0344,0,Healthy,0.0000,0.9990,0.0010,0.0000
Healthy/lyria__P0344__b15.png,Healthy,P0344,0,Healthy,0.0011,0.9988,0.0001,0.0000
Healthy/lyria__P0344__b16.png,Healthy,P0344,0,Healthy,0.0004,0.9990,0.0006,0.0000
Healthy/lyria__P0344__b17.png,Healthy,P0344,0,Healthy,0.0044,0.9953,0.0001,0.0002
Healthy/lyria__P0344__b18.png,Healthy,P0344,0,Healthy,0.0000,1.0000,0.0000,0.0000
Healthy/lyria__P0344__b19.png,Healthy,P0344,0,Healthy,0.0000,0.9992,0.0008,0.0000
Healthy/lyria__P0344__b20.png,Healthy,P0344,0,Healthy,0.0041,0.9893,0.0066,0.0000
Healthy/lyria__P0344__b21.png,Healthy,P0344,0,Healthy,0.0000,0.7854,0.2146,0.0000
Healthy/lyria__P0345__b0.png,Healthy,P0345,0,Healthy,0.0001,0.7839,0.2160,0.0000
Healthy/lyria__P0345__b1.png,Healthy,P0345,0,Healthy,0.0005,0.9499,0.0496,0.0000
Healthy/lyria__P0345__b2.png,Healthy,P0345,0,Healthy,0.0001,0.9979,0.0021,0.0000
Healthy/lyria__P0345__b3.png,Healthy,P0345,0,Healthy,0.0049,0.9945,0.0005,0.0000
Healthy/lyria__P0345__b4.png,Healthy,P0345,0,Healthy,0.0036,0.9959,0.0005,0.0000
Healthy/lyria__P0345__b5.png,Healthy,P0345,0,Healthy,0.1712,0.8286,0.0002,0.0000
Healthy/lyria__P0345__b6.png,Healthy,P0345,0,Healthy,0.0005,0.9965,0.0029,0.0001
Healthy/lyria__P0345__b7.png,Healthy,P0345,0,Healthy,0.0273,0.9718,0.0008,0.0001
Healthy/lyria__P0345__b8.png,Healthy,P0345,0,Healthy,0.0008,0.9929,0.0063,0.0000
Healthy/lyria__P0345__b9.png,Healthy,P0345,0,Healthy,0.0000,0.9975,0.0024,0.0000
Healthy/lyria__P0345__b10.png,Healthy,P0345,0,Healthy,0.0018,0.9964,0.0018,0.0000
Healthy/lyria__P0345__b11.png,Healthy,P0345,0,Healthy,0.0000,1.0000,0.0000,0.0000
Healthy/lyria__P0345__b13.png,Healthy,P0345,0,Healthy,0.0005,0.9852,0.0143,0.0000
Healthy/lyria__P0345__b14.png,Healthy,P0345,0,Healthy,0.0014,0.7737,0.2248,0.0000
Healthy/lyria__P0345__b15.png,Healthy,P0345,0,Healthy,0.0001,0.9911,0.0088,0.0000
Healthy/lyria__P0345__b17.png,Healthy,P0345,0,Healthy,0.0000,0.9999,0.0000,0.0000
Healthy/lyria__P0345__b18.png,Healthy,P0345,0,Healthy,0.0002,0.9988,0.0008,0.0002
Healthy/lyria__P0345__b19.png,Healthy,P0345,0,Healthy,0.0006,0.9985,0.0009,0.0000
Healthy/lyria__P0345__b20.png,Healthy,P0345,0,Healthy,0.0001,0.9998,0.0001,0.0000
Healthy/lyria__P0345__b21.png,Healthy,P0345,0,Healthy,0.0093,0.9844,0.0003,0.0060
Healthy/lyria__P0345__b22.png,Healthy,P0345,0,Healthy,0.0000,0.9998,0.0002,0.0000
Healthy/lyria__P0345__b23.png,Healthy,P0345,0,Healthy,0.0132,0.9734,0.0023,0.0111
Healthy/lyria__P0345__b24.png,Healthy,P0345,0,Healthy,0.0002,0.9868,0.0130,0.0000
Healthy/lyria__P0345__b25.png,Healthy,P0345,0,Healthy,0.0001,0.9998,0.0001,0.0000
Healthy/lyria__P0345__b26.png,Healthy,P0345,0,Healthy,0.0003,0.9533,0.0464,0.0000
Healthy/lyria__P0035__b0.png,Healthy,P0035,0,Healthy,0.0051,0.9401,0.0548,0.0001
Healthy/lyria__P0035__b1.png,Healthy,P0035,0,Healthy,0.0002,0.9965,0.0033,0.0000
Healthy/lyria__P0035__b2.png,Healthy,P0035,0,Healthy,0.0000,1.0000,0.0000,0.0000
Healthy/lyria__P0035__b5.png,Healthy,P0035,0,Healthy,0.0001,0.9979,0.0020,0.0000
Healthy/lyria__P0035__b6.png,Healthy,P0035,0,Healthy,0.0001,0.9945,0.0054,0.0000
Healthy/lyria__P0346__b0.png,Healthy,P0346,0,Impacted,0.0294,0.4005,0.5698,0.0003
Healthy/lyria__P0346__b1.png,Healthy,P0346,0,Healthy,0.0993,0.9007,0.0001,0.0000
Healthy/lyria__P0346__b2.png,Healthy,P0346,0,Healthy,0.0009,0.9989,0.0001,0.0000
Healthy/lyria__P0346__b3.png,Healthy,P0346,0,Healthy,0.0004,0.9996,0.0001,0.0000
Healthy/lyria__P0346__b4.png,Healthy,P0346,0,Healthy,0.0000,0.9980,0.0019,0.0000
Healthy/lyria__P0346__b5.png,Healthy,P0346,0,Healthy,0.0000,0.9999,0.0001,0.0000
Healthy/lyria__P0346__b6.png,Healthy,P0346,0,Healthy,0.0000,1.0000,0.0000,0.0000
Healthy/lyria__P0346__b8.png,Healthy,P0346,0,Healthy,0.0000,1.0000,0.0000,0.0000
Healthy/lyria__P0346__b9.png,Healthy,P0346,0,Healthy,0.0000,0.9996,0.0004,0.0000
Healthy/lyria__P0347__b0.png,Healthy,P0347,0,Healthy,0.0001,0.9998,0.0000,0.0000
Healthy/lyria__P0347__b1.png,Healthy,P0347,0,Healthy,0.0045,0.9944,0.0010,0.0001
Healthy/lyria__P0347__b2.png,Healthy,P0347,0,Healthy,0.0020,0.9978,0.0002,0.0000
Healthy/lyria__P0347__b3.png,Healthy,P0347,0,Healthy,0.0013,0.9986,0.0000,0.0000
Healthy/lyria__P0347__b5.png,Healthy,P0347,0,Healthy,0.0003,0.9997,0.0000,0.0000
Healthy/lyria__P0347__b6.png,Healthy,P0347,0,Healthy,0.0000,0.9999,0.0000,0.0000
Healthy/lyria__P0347__b7.png,Healthy,P0347,0,Healthy,0.0011,0.9984,0.0005,0.0000
Healthy/lyria__P0347__b8.png,Healthy,P0347,0,Healthy,0.0011,0.9546,0.0440,0.0004
Healthy/lyria__P0347__b9.png,Healthy,P0347,0,Healthy,0.0005,0.9990,0.0005,0.0000
Healthy/lyria__P0347__b10.png,Healthy,P0347,0,Healthy,0.0007,0.9948,0.0045,0.0000
Healthy/lyria__P0347__b11.png,Healthy,P0347,0,Healthy,0.0000,0.9999,0.0001,0.0000
Healthy/lyria__P0347__b12.png,Healthy,P0347,0,Healthy,0.0000,0.9998,0.0002,0.0000
Healthy/lyria__P0347__b13.png,Healthy,P0347,0,Healthy,0.0001,0.9941,0.0058,0.0000
Healthy/lyria__P0347__b14.png,Healthy,P0347,0,Healthy,0.1352,0.8641,0.0007,0.0000
Healthy/lyria__P0347__b15.png,Healthy,P0347,0,Healthy,0.0001,0.9919,0.0080,0.0000
Healthy/lyria__P0347__b16.png,Healthy,P0347,0,Healthy,0.0002,0.9997,0.0001,0.0000
Healthy/lyria__P0347__b17.png,Healthy,P0347,0,Healthy,0.0000,0.9995,0.0005,0.0000
Healthy/lyria__P0348__b1.png,Healthy,P0348,0,Healthy,0.0002,0.9997,0.0001,0.0000
Healthy/lyria__P0348__b3.png,Healthy,P0348,0,Healthy,0.0000,1.0000,0.0000,0.0000
Healthy/lyria__P0348__b4.png,Healthy,P0348,0,Healthy,0.0000,0.9998,0.0002,0.0000
Healthy/lyria__P0348__b5.png,Healthy,P0348,0,Healthy,0.1947,0.8051,0.0002,0.0000
Healthy/lyria__P0348__b6.png,Healthy,P0348,0,Healthy,0.1631,0.8368,0.0001,0.0000
Healthy/lyria__P0348__b7.png,Healthy,P0348,0,Healthy,0.0000,0.9998,0.0002,0.0000
Healthy/lyria__P0348__b8.png,Healthy,P0348,0,Healthy,0.0000,0.9988,0.0012,0.0000
Healthy/lyria__P0349__b0.png,Healthy,P0349,0,Healthy,0.2613,0.7036,0.0028,0.0323
Healthy/lyria__P0349__b1.png,Healthy,P0349,0,Healthy,0.0079,0.9921,0.0000,0.0000
Healthy/lyria__P0349__b2.png,Healthy,P0349,0,Healthy,0.0057,0.9940,0.0003,0.0000
Healthy/lyria__P0349__b3.png,Healthy,P0349,0,Healthy,0.0027,0.9969,0.0004,0.0000
Healthy/lyria__P0349__b4.png,Healthy,P0349,0,Healthy,0.1033,0.8941,0.0025,0.0002
Healthy/lyria__P0349__b5.png,Healthy,P0349,0,Healthy,0.0022,0.9954,0.0024,0.0001
Healthy/lyria__P0349__b6.png,Healthy,P0349,0,Healthy,0.1153,0.8769,0.0006,0.0072
Healthy/lyria__P0349__b7.png,Healthy,P0349,0,Healthy,0.0093,0.9861,0.0002,0.0044
Healthy/lyria__P0349__b8.png,Healthy,P0349,0,Healthy,0.0217,0.4816,0.3665,0.1302
Healthy/lyria__P0349__b9.png,Healthy,P0349,0,Healthy,0.0320,0.9671,0.0009,0.0000
Healthy/lyria__P0349__b10.png,Healthy,P0349,0,Healthy,0.0054,0.9925,0.0020,0.0000
Healthy/lyria__P0349__b11.png,Healthy,P0349,0,Healthy,0.0026,0.9971,0.0003,0.0000
Healthy/lyria__P0349__b13.png,Healthy,P0349,0,Healthy,0.0110,0.9889,0.0001,0.0000
Healthy/lyria__P0349__b14.png,Healthy,P0349,0,Healthy,0.0000,1.0000,0.0000,0.0000
Healthy/lyria__P0353__b0.png,Healthy,P0353,0,Healthy,0.0047,0.9933,0.0019,0.0001
Healthy/lyria__P0353__b1.png,Healthy,P0353,0,Healthy,0.0011,0.9989,0.0001,0.0000
Healthy/lyria__P0353__b2.png,Healthy,P0353,0,Healthy,0.0015,0.9983,0.0000,0.0002
Healthy/lyria__P0353__b3.png,Healthy,P0353,0,Healthy,0.0047,0.9932,0.0021,0.0000
Healthy/lyria__P0353__b4.png,Healthy,P0353,0,Healthy,0.0001,0.9979,0.0020,0.0000
Healthy/lyria__P0353__b5.png,Healthy,P0353,0,Healthy,0.1745,0.8253,0.0003,0.0000
Healthy/lyria__P0353__b7.png,Healthy,P0353,0,Healthy,0.0001,0.9836,0.0163,0.0000
Healthy/lyria__P0353__b8.png,Healthy,P0353,0,Healthy,0.0024,0.9917,0.0058,0.0001
Healthy/lyria__P0353__b9.png,Healthy,P0353,0,Healthy,0.3878,0.5887,0.0076,0.0158
Healthy/lyria__P0354__b1.png,Healthy,P0354,0,Healthy,0.0081,0.9917,0.0002,0.0000
Healthy/lyria__P0354__b2.png,Healthy,P0354,0,Healthy,0.0003,0.9986,0.0009,0.0002
Healthy/lyria__P0354__b3.png,Healthy,P0354,0,Healthy,0.0000,0.9995,0.0004,0.0000
Healthy/lyria__P0354__b4.png,Healthy,P0354,0,Healthy,0.0015,0.9948,0.0002,0.0035
Healthy/lyria__P0354__b5.png,Healthy,P0354,0,Healthy,0.0012,0.9984,0.0003,0.0000
Healthy/lyria__P0354__b7.png,Healthy,P0354,0,Healthy,0.0001,0.9999,0.0000,0.0000
Healthy/lyria__P0354__b8.png,Healthy,P0354,0,Healthy,0.0002,0.9997,0.0000,0.0000
Healthy/lyria__P0354__b9.png,Healthy,P0354,0,Healthy,0.0000,0.9996,0.0004,0.0000
Healthy/lyria__P0354__b10.png,Healthy,P0354,0,Healthy,0.0026,0.9965,0.0009,0.0000
Healthy/lyria__P0356__b0.png,Healthy,P0356,0,Healthy,0.0002,0.5751,0.4246,0.0001
Healthy/lyria__P0356__b1.png,Healthy,P0356,0,Healthy,0.0026,0.9471,0.0503,0.0000
Healthy/lyria__P0356__b3.png,Healthy,P0356,0,Healthy,0.0013,0.9986,0.0001,0.0000
Healthy/lyria__P0356__b4.png,Healthy,P0356,0,Healthy,0.0004,0.9993,0.0002,0.0000
Healthy/lyria__P0356__b5.png,Healthy,P0356,0,Healthy,0.0015,0.9985,0.0001,0.0000
Healthy/lyria__P0356__b6.png,Healthy,P0356,0,Healthy,0.0003,0.9834,0.0163,0.0000
Healthy/lyria__P0356__b7.png,Healthy,P0356,0,Healthy,0.0003,0.9996,0.0001,0.0000
Healthy/lyria__P0356__b8.png,Healthy,P0356,0,Healthy,0.0000,0.9999,0.0000,0.0000
Healthy/lyria__P0356__b9.png,Healthy,P0356,0,Healthy,0.0007,0.9967,0.0026,0.0000
Healthy/lyria__P0356__b10.png,Healthy,P0356,0,Impacted,0.0002,0.0137,0.9861,0.0000
Healthy/lyria__P0356__b12.png,Healthy,P0356,0,Healthy,0.0029,0.9900,0.0068,0.0002
Healthy/lyria__P0356__b13.png,Healthy,P0356,0,Healthy,0.0001,0.9999,0.0000,0.0000
Healthy/lyria__P0356__b14.png,Healthy,P0356,0,Healthy,0.0000,1.0000,0.0000,0.0000
Healthy/lyria__P0356__b15.png,Healthy,P0356,0,Healthy,0.0001,0.9993,0.0005,0.0000
Healthy/lyria__P0356__b16.png,Healthy,P0356,0,Healthy,0.0000,1.0000,0.0000,0.0000
Healthy/lyria__P0356__b17.png,Healthy,P0356,0,Healthy,0.0000,1.0000,0.0000,0.0000
Healthy/lyria__P0356__b18.png,Healthy,P0356,0,Healthy,0.0001,0.9998,0.0000,0.0000
Healthy/lyria__P0356__b19.png,Healthy,P0356,0,Healthy,0.0011,0.9907,0.0081,0.0000
Healthy/lyria__P0356__b20.png,Healthy,P0356,0,Healthy,0.0033,0.8464,0.1501,0.0002
Healthy/lyria__P0359__b0.png,Healthy,P0359,0,Impacted,0.0022,0.1348,0.8625,0.0006
Healthy/lyria__P0359__b1.png,Healthy,P0359,0,Healthy,0.0065,0.9904,0.0031,0.0000
Healthy/lyria__P0359__b2.png,Healthy,P0359,0,Healthy,0.0077,0.9852,0.0070,0.0001
Healthy/lyria__P0359__b3.png,Healthy,P0359,0,Healthy,0.0591,0.9399,0.0009,0.0001
Healthy/lyria__P0359__b4.png,Healthy,P0359,0,Impacted,0.0680,0.3733,0.4645,0.0941
Healthy/lyria__P0359__b5.png,Healthy,P0359,0,Healthy,0.1292,0.8652,0.0055,0.0001
Healthy/lyria__P0359__b6.png,Healthy,P0359,0,Healthy,0.0000,1.0000,0.0000,0.0000
Healthy/lyria__P0359__b7.png,Healthy,P0359,0,Healthy,0.0000,0.9998,0.0002,0.0000
Healthy/lyria__P0359__b9.png,Healthy,P0359,0,Healthy,0.0000,1.0000,0.0000,0.0000
Healthy/lyria__P0359__b10.png,Healthy,P0359,0,Healthy,0.0000,0.9999,0.0000,0.0000
Healthy/lyria__P0359__b11.png,Healthy,P0359,0,Healthy,0.0110,0.8951,0.0938,0.0000
Healthy/lyria__P0359__b12.png,Healthy,P0359,0,Healthy,0.0216,0.5402,0.4364,0.0018
Healthy/lyria__P0361__b0.png,Healthy,P0361,0,Healthy,0.0009,0.9986,0.0005,0.0000
Healthy/lyria__P0361__b2.png,Healthy,P0361,0,Healthy,0.0000,1.0000,0.0000,0.0000
Healthy/lyria__P0361__b3.png,Healthy,P0361,0,Healthy,0.0001,0.9999,0.0000,0.0000
Healthy/lyria__P0361__b4.png,Healthy,P0361,0,Healthy,0.0000,1.0000,0.0000,0.0000
Healthy/lyria__P0361__b5.png,Healthy,P0361,0,Healthy,0.0002,0.9967,0.0031,0.0000
Healthy/lyria__P0362__b0.png,Healthy,P0362,0,Healthy,0.0113,0.9875,0.0008,0.0004
Healthy/lyria__P0362__b3.png,Healthy,P0362,0,Healthy,0.0000,0.9999,0.0001,0.0000
Healthy/lyria__P0362__b4.png,Healthy,P0362,0,Healthy,0.0001,0.9999,0.0000,0.0000
Healthy/lyria__P0362__b5.png,Healthy,P0362,0,Healthy,0.0001,0.9998,0.0001,0.0000
Healthy/lyria__P0037__b0.png,Healthy,P0037,0,Healthy,0.2021,0.7943,0.0003,0.0033
Healthy/lyria__P0037__b2.png,Healthy,P0037,0,Healthy,0.2065,0.7722,0.0138,0.0074
Healthy/lyria__P0037__b3.png,Healthy,P0037,0,Healthy,0.0408,0.9587,0.0004,0.0001
Healthy/lyria__P0037__b5.png,Healthy,P0037,0,Healthy,0.0150,0.9846,0.0002,0.0001
Healthy/lyria__P0037__b6.png,Healthy,P0037,0,Healthy,0.0003,0.9996,0.0001,0.0000
Healthy/lyria__P0364__b0.png,Healthy,P0364,0,Impacted,0.0190,0.4244,0.5515,0.0051
Healthy/lyria__P0364__b1.png,Healthy,P0364,0,Healthy,0.0398,0.9546,0.0016,0.0041
Healthy/lyria__P0364__b2.png,Healthy,P0364,0,Healthy,0.0016,0.9966,0.0017,0.0000
Healthy/lyria__P0364__b3.png,Healthy,P0364,0,Healthy,0.0149,0.9850,0.0001,0.0001
Healthy/lyria__P0364__b4.png,Healthy,P0364,0,Healthy,0.1147,0.8849,0.0002,0.0003
Healthy/lyria__P0364__b5.png,Healthy,P0364,0,Healthy,0.0021,0.9959,0.0013,0.0007
Healthy/lyria__P0364__b6.png,Healthy,P0364,0,Healthy,0.0000,0.9999,0.0000,0.0000
Healthy/lyria__P0364__b7.png,Healthy,P0364,0,Healthy,0.0064,0.9797,0.0000,0.0139
Healthy/lyria__P0364__b8.png,Healthy,P0364,0,Healthy,0.0004,0.9991,0.0002,0.0003
Healthy/lyria__P0364__b10.png,Healthy,P0364,0,Healthy,0.0061,0.9897,0.0040,0.0002
Healthy/lyria__P0367__b1.png,Healthy,P0367,0,Healthy,0.0610,0.7104,0.0666,0.1620
Healthy/lyria__P0367__b2.png,Healthy,P0367,0,Healthy,0.0544,0.9405,0.0030,0.0020
Healthy/lyria__P0367__b3.png,Healthy,P0367,0,Healthy,0.0004,0.9995,0.0000,0.0000
Healthy/lyria__P0367__b4.png,Healthy,P0367,0,Healthy,0.0013,0.9984,0.0003,0.0000
Healthy/lyria__P0367__b5.png,Healthy,P0367,0,Healthy,0.0013,0.9987,0.0000,0.0000
Healthy/lyria__P0367__b6.png,Healthy,P0367,0,Healthy,0.0121,0.9719,0.0080,0.0080
Healthy/lyria__P0367__b7.png,Healthy,P0367,0,Healthy,0.0017,0.9982,0.0001,0.0000
Healthy/lyria__P0367__b8.png,Healthy,P0367,0,Healthy,0.0970,0.9027,0.0003,0.0000
Healthy/lyria__P0367__b9.png,Healthy,P0367,0,Healthy,0.0055,0.9944,0.0001,0.0000
Healthy/lyria__P0367__b10.png,Healthy,P0367,0,Healthy,0.2923,0.5489,0.0891,0.0697
Healthy/lyria__P0367__b11.png,Healthy,P0367,0,Impacted,0.0943,0.2365,0.5966,0.0726
Healthy/lyria__P0368__b0.png,Healthy,P0368,0,Healthy,0.0884,0.8042,0.0959,0.0116
Healthy/lyria__P0368__b1.png,Healthy,P0368,0,Healthy,0.2118,0.7584,0.0068,0.0230
Healthy/lyria__P0368__b2.png,Healthy,P0368,0,Healthy,0.0012,0.9977,0.0011,0.0000
Healthy/lyria__P0368__b3.png,Healthy,P0368,0,Healthy,0.0002,0.9987,0.0011,0.0000
Healthy/lyria__P0368__b4.png,Healthy,P0368,0,Healthy,0.0143,0.9856,0.0000,0.0000
Healthy/lyria__P0368__b5.png,Healthy,P0368,0,Healthy,0.0016,0.9979,0.0004,0.0001
Healthy/lyria__P0368__b6.png,Healthy,P0368,0,Healthy,0.0032,0.9554,0.0413,0.0001
Healthy/lyria__P0368__b7.png,Healthy,P0368,0,Impacted,0.0015,0.0031,0.9944,0.0010
Healthy/lyria__P0368__b8.png,Healthy,P0368,0,Healthy,0.0732,0.7396,0.1803,0.0070
Healthy/lyria__P0368__b10.png,Healthy,P0368,0,Healthy,0.0027,0.9967,0.0005,0.0001
Healthy/lyria__P0368__b11.png,Healthy,P0368,0,Healthy,0.0547,0.9451,0.0002,0.0000
Healthy/lyria__P0368__b12.png,Healthy,P0368,0,Healthy,0.0008,0.9991,0.0001,0.0000
Healthy/lyria__P0368__b14.png,Healthy,P0368,0,Healthy,0.0000,0.9997,0.0003,0.0000
Healthy/lyria__P0368__b15.png,Healthy,P0368,0,Healthy,0.0068,0.9549,0.0382,0.0001
Healthy/lyria__P0368__b16.png,Healthy,P0368,0,Healthy,0.2652,0.7240,0.0108,0.0000
Healthy/lyria__P0368__b17.png,Healthy,P0368,0,Healthy,0.0064,0.9922,0.0014,0.0000
Healthy/lyria__P0370__b1.png,Healthy,P0370,0,Healthy,0.1298,0.8697,0.0003,0.0002
Healthy/lyria__P0370__b2.png,Healthy,P0370,0,Healthy,0.1038,0.8961,0.0000,0.0001
Healthy/lyria__P0370__b3.png,Healthy,P0370,0,Healthy,0.0030,0.9792,0.0177,0.0001
Healthy/lyria__P0370__b4.png,Healthy,P0370,0,Healthy,0.0012,0.9987,0.0001,0.0000
Healthy/lyria__P0370__b5.png,Healthy,P0370,0,Healthy,0.0064,0.9930,0.0004,0.0003
Healthy/lyria__P0370__b6.png,Healthy,P0370,0,Healthy,0.0002,0.9998,0.0000,0.0000
Healthy/lyria__P0370__b7.png,Healthy,P0370,0,Healthy,0.0263,0.9732,0.0005,0.0000
Healthy/lyria__P0038__b0.png,Healthy,P0038,0,Healthy,0.0004,0.5454,0.4526,0.0016
Healthy/lyria__P0038__b1.png,Healthy,P0038,0,Healthy,0.0327,0.8825,0.0843,0.0005
Healthy/lyria__P0038__b2.png,Healthy,P0038,0,Healthy,0.0193,0.9803,0.0005,0.0000
Healthy/lyria__P0038__b3.png,Healthy,P0038,0,Healthy,0.0012,0.9980,0.0008,0.0000
Healthy/lyria__P0038__b4.png,Healthy,P0038,0,Healthy,0.0008,0.9986,0.0004,0.0002
Healthy/lyria__P0038__b5.png,Healthy,P0038,0,Healthy,0.0008,0.9984,0.0006,0.0003
Healthy/lyria__P0038__b6.png,Healthy,P0038,0,Healthy,0.0003,0.9990,0.0007,0.0000
Healthy/lyria__P0038__b7.png,Healthy,P0038,0,Healthy,0.0001,0.9996,0.0002,0.0002
Healthy/lyria__P0038__b8.png,Healthy,P0038,0,Healthy,0.0002,0.9951,0.0035,0.0013
Healthy/lyria__P0038__b10.png,Healthy,P0038,0,Healthy,0.0018,0.9980,0.0002,0.0000
Healthy/lyria__P0038__b11.png,Healthy,P0038,0,Healthy,0.0050,0.9702,0.0248,0.0000
Healthy/lyria__P0038__b12.png,Healthy,P0038,0,Healthy,0.0042,0.8413,0.1544,0.0001
Healthy/lyria__P0038__b13.png,Healthy,P0038,0,Impacted,0.0006,0.3727,0.6263,0.0004
Healthy/lyria__P0038__b14.png,Healthy,P0038,0,Healthy,0.0079,0.9907,0.0014,0.0001
Healthy/lyria__P0038__b15.png,Healthy,P0038,0,Healthy,0.0001,0.9994,0.0005,0.0000
Healthy/lyria__P0038__b16.png,Healthy,P0038,0,Healthy,0.0002,0.9904,0.0094,0.0000
Healthy/lyria__P0038__b17.png,Healthy,P0038,0,Healthy,0.0000,0.9999,0.0001,0.0000
Healthy/lyria__P0038__b18.png,Healthy,P0038,0,Healthy,0.0000,0.9990,0.0010,0.0000
Healthy/lyria__P0038__b20.png,Healthy,P0038,0,Healthy,0.0002,0.9998,0.0000,0.0000
Healthy/lyria__P0038__b21.png,Healthy,P0038,0,Healthy,0.0000,1.0000,0.0000,0.0000
Healthy/lyria__P0038__b22.png,Healthy,P0038,0,Healthy,0.0000,0.9999,0.0001,0.0000
Healthy/lyria__P0038__b23.png,Healthy,P0038,0,Healthy,0.0000,0.9994,0.0006,0.0000
Healthy/lyria__P0038__b24.png,Healthy,P0038,0,Healthy,0.0018,0.9313,0.0669,0.0000
Healthy/lyria__P0038__b25.png,Healthy,P0038,0,Healthy,0.0031,0.8171,0.1788,0.0010
Healthy/lyria__P0374__b0.png,Healthy,P0374,0,Healthy,0.0001,0.9991,0.0008,0.0000
Healthy/lyria__P0374__b1.png,Healthy,P0374,0,Healthy,0.0043,0.7874,0.2082,0.0001
Healthy/lyria__P0374__b2.png,Healthy,P0374,0,Healthy,0.0306,0.9552,0.0142,0.0001
Healthy/lyria__P0374__b3.png,Healthy,P0374,0,Healthy,0.0011,0.8613,0.1377,0.0000
Healthy/lyria__P0374__b4.png,Healthy,P0374,0,Healthy,0.0001,0.9985,0.0014,0.0000
Healthy/lyria__P0374__b5.png,Healthy,P0374,0,Healthy,0.0054,0.9941,0.0005,0.0000
Healthy/lyria__P0374__b6.png,Healthy,P0374,0,Healthy,0.0000,1.0000,0.0000,0.0000
Healthy/lyria__P0374__b7.png,Healthy,P0374,0,Healthy,0.0000,1.0000,0.0000,0.0000
Healthy/lyria__P0374__b8.png,Healthy,P0374,0,Healthy,0.0000,0.9999,0.0001,0.0000
Healthy/lyria__P0374__b9.png,Healthy,P0374,0,Healthy,0.0002,0.9997,0.0001,0.0000
Healthy/lyria__P0374__b10.png,Healthy,P0374,0,Healthy,0.0000,1.0000,0.0000,0.0000
Healthy/lyria__P0380__b1.png,Healthy,P0380,0,Healthy,0.0001,0.9997,0.0002,0.0000
Healthy/lyria__P0380__b2.png,Healthy,P0380,0,Healthy,0.0000,1.0000,0.0000,0.0000
Healthy/lyria__P0382__b1.png,Healthy,P0382,0,Healthy,0.0094,0.5252,0.4569,0.0086
Healthy/lyria__P0382__b2.png,Healthy,P0382,0,Healthy,0.0000,0.9999,0.0000,0.0000
Healthy/lyria__P0382__b3.png,Healthy,P0382,0,Healthy,0.0000,1.0000,0.0000,0.0000
Healthy/lyria__P0382__b4.png,Healthy,P0382,0,Healthy,0.0041,0.5632,0.4319,0.0008
Healthy/lyria__P0382__b5.png,Healthy,P0382,0,Healthy,0.0039,0.9938,0.0023,0.0000
Healthy/lyria__P0382__b6.png,Healthy,P0382,0,Healthy,0.0753,0.9235,0.0002,0.0010
Healthy/lyria__P0382__b7.png,Healthy,P0382,0,Healthy,0.0126,0.9794,0.0076,0.0005
Healthy/lyria__P0382__b8.png,Healthy,P0382,0,Healthy,0.0007,0.9991,0.0002,0.0001
Healthy/lyria__P0384__b1.png,Healthy,P0384,0,Endodontics,0.7038,0.2941,0.0001,0.0020
Healthy/lyria__P0384__b2.png,Healthy,P0384,0,Healthy,0.0672,0.9307,0.0021,0.0001
Healthy/lyria__P0384__b3.png,Healthy,P0384,0,Healthy,0.0001,0.9999,0.0000,0.0000
Healthy/lyria__P0384__b4.png,Healthy,P0384,0,Healthy,0.0011,0.9980,0.0008,0.0001
Healthy/lyria__P0384__b5.png,Healthy,P0384,0,Healthy,0.0077,0.9916,0.0001,0.0006
Healthy/lyria__P0384__b6.png,Healthy,P0384,0,Endodontics,0.3959,0.0983,0.3378,0.1679
Healthy/lyria__P0384__b7.png,Healthy,P0384,0,Healthy,0.0004,0.9994,0.0002,0.0000
Healthy/lyria__P0384__b8.png,Healthy,P0384,0,Healthy,0.0006,0.9970,0.0003,0.0021
Healthy/lyria__P0384__b10.png,Healthy,P0384,0,Healthy,0.0118,0.9483,0.0396,0.0003
Healthy/lyria__P0384__b11.png,Healthy,P0384,0,Healthy,0.0020,0.9934,0.0046,0.0000
Healthy/lyria__P0384__b12.png,Healthy,P0384,0,Healthy,0.0301,0.9696,0.0003,0.0000
Healthy/lyria__P0384__b13.png,Healthy,P0384,0,Healthy,0.0000,0.9999,0.0001,0.0000
Healthy/lyria__P0384__b14.png,Healthy,P0384,0,Healthy,0.0003,0.9991,0.0006,0.0000
Healthy/lyria__P0384__b15.png,Healthy,P0384,0,Healthy,0.0017,0.9661,0.0321,0.0000
Healthy/lyria__P0039__b0.png,Healthy,P0039,0,Impacted,0.0043,0.4296,0.5653,0.0009
Healthy/lyria__P0039__b1.png,Healthy,P0039,0,Healthy,0.0039,0.9956,0.0005,0.0000
Healthy/lyria__P0039__b2.png,Healthy,P0039,0,Healthy,0.0043,0.9938,0.0019,0.0000
Healthy/lyria__P0039__b3.png,Healthy,P0039,0,Healthy,0.0001,0.9998,0.0001,0.0000
Healthy/lyria__P0039__b4.png,Healthy,P0039,0,Healthy,0.0001,0.9982,0.0017,0.0000
Healthy/lyria__P0039__b6.png,Healthy,P0039,0,Healthy,0.0001,0.9992,0.0006,0.0000
Healthy/lyria__P0039__b7.png,Healthy,P0039,0,Healthy,0.0015,0.9976,0.0009,0.0000
Healthy/lyria__P0039__b8.png,Healthy,P0039,0,Healthy,0.0091,0.9906,0.0002,0.0000
Healthy/lyria__P0039__b10.png,Healthy,P0039,0,Healthy,0.0009,0.9942,0.0049,0.0000
Healthy/lyria__P0039__b11.png,Healthy,P0039,0,Impacted,0.0011,0.4165,0.5797,0.0027
Healthy/lyria__P0039__b12.png,Healthy,P0039,0,Impacted,0.0886,0.2576,0.6530,0.0008
Healthy/lyria__P0039__b13.png,Healthy,P0039,0,Healthy,0.0002,0.9987,0.0011,0.0000
Healthy/lyria__P0039__b14.png,Healthy,P0039,0,Healthy,0.0000,0.9998,0.0002,0.0000
Healthy/lyria__P0039__b15.png,Healthy,P0039,0,Healthy,0.0002,0.9992,0.0006,0.0000
Healthy/lyria__P0039__b16.png,Healthy,P0039,0,Healthy,0.0001,0.9992,0.0007,0.0000
Healthy/lyria__P0039__b17.png,Healthy,P0039,0,Healthy,0.0000,0.9999,0.0001,0.0000
Healthy/lyria__P0039__b18.png,Healthy,P0039,0,Healthy,0.0000,0.9999,0.0000,0.0000
Healthy/lyria__P0039__b19.png,Healthy,P0039,0,Healthy,0.0000,0.9998,0.0002,0.0000
Healthy/lyria__P0039__b20.png,Healthy,P0039,0,Healthy,0.0001,0.9996,0.0003,0.0000
Healthy/lyria__P0039__b21.png,Healthy,P0039,0,Healthy,0.0002,0.9791,0.0207,0.0000
Healthy/lyria__P0039__b22.png,Healthy,P0039,0,Healthy,0.0009,0.9975,0.0016,0.0000
Healthy/lyria__P0039__b23.png,Healthy,P0039,0,Healthy,0.0015,0.6263,0.3722,0.0000
Healthy/lyria__P0385__b0.png,Healthy,P0385,0,Healthy,0.0019,0.9971,0.0010,0.0000
Healthy/lyria__P0385__b1.png,Healthy,P0385,0,Healthy,0.0016,0.9983,0.0000,0.0000
Healthy/lyria__P0385__b3.png,Healthy,P0385,0,Healthy,0.0003,0.9982,0.0016,0.0000
Healthy/lyria__P0385__b4.png,Healthy,P0385,0,Healthy,0.0021,0.9966,0.0003,0.0010
Healthy/lyria__P0385__b5.png,Healthy,P0385,0,Healthy,0.0003,0.9992,0.0002,0.0003
Healthy/lyria__P0385__b6.png,Healthy,P0385,0,Healthy,0.0006,0.9984,0.0010,0.0000
Healthy/lyria__P0385__b7.png,Healthy,P0385,0,Healthy,0.0110,0.9873,0.0017,0.0000
Healthy/lyria__P0385__b8.png,Healthy,P0385,0,Healthy,0.0000,0.9999,0.0001,0.0000
Healthy/lyria__P0385__b9.png,Healthy,P0385,0,Endodontics,0.6042,0.1525,0.2429,0.0004
Healthy/lyria__P0385__b10.png,Healthy,P0385,0,Impacted,0.0003,0.0082,0.9914,0.0001
Healthy/lyria__P0385__b11.png,Healthy,P0385,0,Healthy,0.0008,0.6607,0.3384,0.0001
Healthy/lyria__P0385__b12.png,Healthy,P0385,0,Healthy,0.0000,0.9997,0.0003,0.0000
Healthy/lyria__P0385__b13.png,Healthy,P0385,0,Healthy,0.0002,0.9975,0.0024,0.0000
Healthy/lyria__P0385__b14.png,Healthy,P0385,0,Healthy,0.0001,0.9978,0.0022,0.0000
Healthy/lyria__P0385__b15.png,Healthy,P0385,0,Healthy,0.0000,0.9997,0.0002,0.0000
Healthy/lyria__P0385__b16.png,Healthy,P0385,0,Healthy,0.0000,0.9987,0.0013,0.0000
Healthy/lyria__P0385__b18.png,Healthy,P0385,0,Healthy,0.0001,0.9998,0.0000,0.0000
Healthy/lyria__P0385__b19.png,Healthy,P0385,0,Healthy,0.0000,0.9983,0.0017,0.0000
Healthy/lyria__P0385__b20.png,Healthy,P0385,0,Healthy,0.0001,0.9993,0.0006,0.0000
Healthy/lyria__P0385__b21.png,Healthy,P0385,0,Impacted,0.0024,0.3558,0.6417,0.0001
Healthy/lyria__P0386__b0.png,Healthy,P0386,0,Healthy,0.0000,0.9999,0.0001,0.0000
Healthy/lyria__P0386__b1.png,Healthy,P0386,0,Healthy,0.0000,0.9968,0.0032,0.0000
Healthy/lyria__P0386__b2.png,Healthy,P0386,0,Healthy,0.0001,0.9896,0.0103,0.0000
Healthy/lyria__P0386__b3.png,Healthy,P0386,0,Healthy,0.0002,0.9988,0.0010,0.0000
Healthy/lyria__P0386__b5.png,Healthy,P0386,0,Healthy,0.0000,0.9956,0.0044,0.0000
Healthy/lyria__P0386__b6.png,Healthy,P0386,0,Healthy,0.0000,0.9997,0.0002,0.0000
Healthy/lyria__P0386__b7.png,Healthy,P0386,0,Healthy,0.0324,0.9648,0.0014,0.0015
Healthy/lyria__P0386__b8.png,Healthy,P0386,0,Endodontics,0.7199,0.2206,0.0144,0.0450
Healthy/lyria__P0386__b10.png,Healthy,P0386,0,Healthy,0.2237,0.7264,0.0496,0.0002
Healthy/lyria__P0386__b11.png,Healthy,P0386,0,Healthy,0.0185,0.9784,0.0030,0.0001
Healthy/lyria__P0387__b0.png,Healthy,P0387,0,Healthy,0.0029,0.9937,0.0033,0.0000
Healthy/lyria__P0387__b2.png,Healthy,P0387,0,Healthy,0.0018,0.9932,0.0050,0.0000
Healthy/lyria__P0387__b3.png,Healthy,P0387,0,Healthy,0.0045,0.9586,0.0365,0.0004
Healthy/lyria__P0387__b4.png,Healthy,P0387,0,Healthy,0.0001,0.9986,0.0013,0.0000
Healthy/lyria__P0387__b5.png,Healthy,P0387,0,Healthy,0.0000,0.9998,0.0002,0.0000
Healthy/lyria__P0387__b6.png,Healthy,P0387,0,Healthy,0.0000,0.9999,0.0001,0.0000
Healthy/lyria__P0387__b7.png,Healthy,P0387,0,Healthy,0.0015,0.9984,0.0001,0.0000
Healthy/lyria__P0387__b8.png,Healthy,P0387,0,Healthy,0.0000,0.9999,0.0001,0.0000
Healthy/lyria__P0387__b10.png,Healthy,P0387,0,Healthy,0.0001,0.9994,0.0005,0.0000
Healthy/lyria__P0040__b0.png,Healthy,P0040,0,Healthy,0.0002,0.9286,0.0712,0.0000
Healthy/lyria__P0040__b1.png,Healthy,P0040,0,Healthy,0.0011,0.9988,0.0000,0.0000
Healthy/lyria__P0040__b2.png,Healthy,P0040,0,Healthy,0.0020,0.9977,0.0003,0.0000
Healthy/lyria__P0040__b3.png,Healthy,P0040,0,Healthy,0.0045,0.9949,0.0006,0.0000
Healthy/lyria__P0040__b5.png,Healthy,P0040,0,Healthy,0.0002,0.9995,0.0003,0.0000
Healthy/lyria__P0040__b6.png,Healthy,P0040,0,Healthy,0.0075,0.9909,0.0015,0.0001
Healthy/lyria__P0040__b7.png,Healthy,P0040,0,Healthy,0.0011,0.9989,0.0000,0.0000
Healthy/lyria__P0040__b8.png,Healthy,P0040,0,Healthy,0.0579,0.9396,0.0020,0.0005
Healthy/lyria__P0040__b9.png,Healthy,P0040,0,Healthy,0.0287,0.9711,0.0002,0.0000
Healthy/lyria__P0040__b10.png,Healthy,P0040,0,Healthy,0.0052,0.9915,0.0031,0.0002
Healthy/lyria__P0040__b11.png,Healthy,P0040,0,Healthy,0.0000,0.9994,0.0006,0.0000
Healthy/lyria__P0040__b13.png,Healthy,P0040,0,Healthy,0.0000,0.9999,0.0001,0.0000
Healthy/lyria__P0040__b14.png,Healthy,P0040,0,Healthy,0.0000,0.9995,0.0005,0.0000
Healthy/lyria__P0040__b15.png,Healthy,P0040,0,Healthy,0.0034,0.9960,0.0004,0.0001
Healthy/lyria__P0040__b16.png,Healthy,P0040,0,Healthy,0.0119,0.9849,0.0031,0.0000
Healthy/lyria__P0040__b17.png,Healthy,P0040,0,Healthy,0.0511,0.9481,0.0002,0.0006
Healthy/lyria__P0040__b18.png,Healthy,P0040,0,Healthy,0.0006,0.9990,0.0005,0.0000
Healthy/lyria__P0040__b19.png,Healthy,P0040,0,Healthy,0.0001,0.9916,0.0083,0.0000
Healthy/lyria__P0040__b20.png,Healthy,P0040,0,Healthy,0.0000,1.0000,0.0000,0.0000
Healthy/lyria__P0040__b21.png,Healthy,P0040,0,Healthy,0.0000,1.0000,0.0000,0.0000
Healthy/lyria__P0040__b22.png,Healthy,P0040,0,Healthy,0.0008,0.9232,0.0757,0.0003
Healthy/lyria__P0388__b0.png,Healthy,P0388,0,Healthy,0.0005,0.9547,0.0446,0.0002
Healthy/lyria__P0388__b1.png,Healthy,P0388,0,Healthy,0.0002,0.9981,0.0017,0.0000
Healthy/lyria__P0388__b2.png,Healthy,P0388,0,Healthy,0.0002,0.9993,0.0004,0.0000
Healthy/lyria__P0388__b3.png,Healthy,P0388,0,Healthy,0.0003,0.9995,0.0001,0.0000
Healthy/lyria__P0388__b4.png,Healthy,P0388,0,Healthy,0.0088,0.9910,0.0002,0.0000
Healthy/lyria__P0388__b5.png,Healthy,P0388,0,Healthy,0.0514,0.9466,0.0017,0.0002
Healthy/lyria__P0388__b6.png,Healthy,P0388,0,Healthy,0.0006,0.9993,0.0001,0.0000
Healthy/lyria__P0388__b8.png,Healthy,P0388,0,Healthy,0.0003,0.9928,0.0069,0.0000
Healthy/lyria__P0388__b9.png,Healthy,P0388,0,Healthy,0.0000,0.9992,0.0007,0.0000
Healthy/lyria__P0388__b10.png,Healthy,P0388,0,Healthy,0.1011,0.8764,0.0224,0.0001
Healthy/lyria__P0388__b11.png,Healthy,P0388,0,Healthy,0.0030,0.9952,0.0018,0.0000
Healthy/lyria__P0388__b12.png,Healthy,P0388,0,Healthy,0.0017,0.9980,0.0003,0.0000
Healthy/lyria__P0388__b13.png,Healthy,P0388,0,Healthy,0.0000,0.9921,0.0079,0.0000
Healthy/lyria__P0388__b14.png,Healthy,P0388,0,Healthy,0.0000,0.9892,0.0108,0.0000
Healthy/lyria__P0388__b15.png,Healthy,P0388,0,Healthy,0.0083,0.9859,0.0053,0.0005
Healthy/lyria__P0388__b17.png,Healthy,P0388,0,Healthy,0.0002,0.9998,0.0001,0.0000
Healthy/lyria__P0388__b18.png,Healthy,P0388,0,Healthy,0.0000,1.0000,0.0000,0.0000
Healthy/lyria__P0388__b19.png,Healthy,P0388,0,Healthy,0.0000,0.9999,0.0000,0.0000
Healthy/lyria__P0388__b20.png,Healthy,P0388,0,Healthy,0.0000,0.9998,0.0002,0.0000
Healthy/lyria__P0388__b21.png,Healthy,P0388,0,Healthy,0.0005,0.9992,0.0003,0.0000
Healthy/lyria__P0388__b22.png,Healthy,P0388,0,Healthy,0.0000,0.9985,0.0015,0.0000
Healthy/lyria__P0388__b23.png,Healthy,P0388,0,Healthy,0.0005,0.9994,0.0001,0.0000
Healthy/lyria__P0388__b24.png,Healthy,P0388,0,Healthy,0.0000,0.9994,0.0006,0.0000
Healthy/lyria__P0388__b25.png,Healthy,P0388,0,Healthy,0.0000,1.0000,0.0000,0.0000
Healthy/lyria__P0388__b26.png,Healthy,P0388,0,Healthy,0.0000,0.7823,0.2177,0.0000
Healthy/lyria__P0388__b27.png,Healthy,P0388,0,Healthy,0.0008,0.9986,0.0006,0.0000
Healthy/lyria__P0388__b28.png,Healthy,P0388,0,Healthy,0.0000,1.0000,0.0000,0.0000
Healthy/lyria__P0388__b29.png,Healthy,P0388,0,Healthy,0.0000,1.0000,0.0000,0.0000
Healthy/lyria__P0388__b30.png,Healthy,P0388,0,Healthy,0.0000,1.0000,0.0000,0.0000
Healthy/lyria__P0388__b31.png,Healthy,P0388,0,Healthy,0.0000,0.9772,0.0228,0.0000
Healthy/lyria__P0390__b0.png,Healthy,P0390,0,Healthy,0.0052,0.7258,0.2689,0.0001
Healthy/lyria__P0390__b1.png,Healthy,P0390,0,Healthy,0.0012,0.9985,0.0002,0.0000
Healthy/lyria__P0390__b2.png,Healthy,P0390,0,Healthy,0.0106,0.9889,0.0006,0.0000
Healthy/lyria__P0390__b3.png,Healthy,P0390,0,Healthy,0.0022,0.9978,0.0000,0.0000
Healthy/lyria__P0390__b4.png,Healthy,P0390,0,Healthy,0.0188,0.9752,0.0060,0.0000
Healthy/lyria__P0390__b5.png,Healthy,P0390,0,Healthy,0.0028,0.9966,0.0005,0.0001
Healthy/lyria__P0390__b6.png,Healthy,P0390,0,Healthy,0.0017,0.9970,0.0013,0.0000
Healthy/lyria__P0390__b7.png,Healthy,P0390,0,Healthy,0.0014,0.9975,0.0009,0.0002
Healthy/lyria__P0390__b8.png,Healthy,P0390,0,Healthy,0.0006,0.9994,0.0000,0.0000
Healthy/lyria__P0390__b9.png,Healthy,P0390,0,Healthy,0.0796,0.9184,0.0018,0.0002
Healthy/lyria__P0390__b10.png,Healthy,P0390,0,Healthy,0.0034,0.9965,0.0001,0.0000
Healthy/lyria__P0390__b11.png,Healthy,P0390,0,Healthy,0.0066,0.9911,0.0006,0.0016
Healthy/lyria__P0390__b12.png,Healthy,P0390,0,Healthy,0.0963,0.6243,0.2706,0.0088
Healthy/lyria__P0390__b13.png,Healthy,P0390,0,Healthy,0.0036,0.7774,0.2189,0.0001
Healthy/lyria__P0390__b14.png,Healthy,P0390,0,Healthy,0.0012,0.9979,0.0009,0.0000
Healthy/lyria__P0390__b15.png,Healthy,P0390,0,Healthy,0.0001,0.9881,0.0119,0.0000
Healthy/lyria__P0390__b16.png,Healthy,P0390,0,Healthy,0.0000,0.9999,0.0000,0.0000
Healthy/lyria__P0390__b17.png,Healthy,P0390,0,Healthy,0.0007,0.9991,0.0001,0.0001
Healthy/lyria__P0390__b19.png,Healthy,P0390,0,Healthy,0.0001,0.9999,0.0000,0.0000
Healthy/lyria__P0390__b20.png,Healthy,P0390,0,Healthy,0.0044,0.9930,0.0026,0.0000
Healthy/lyria__P0390__b21.png,Healthy,P0390,0,Healthy,0.0000,0.9968,0.0032,0.0000
Healthy/lyria__P0390__b23.png,Healthy,P0390,0,Healthy,0.0002,0.9986,0.0012,0.0000
Healthy/lyria__P0390__b24.png,Healthy,P0390,0,Healthy,0.0040,0.9935,0.0023,0.0002
Healthy/lyria__P0390__b25.png,Healthy,P0390,0,Healthy,0.0001,0.9138,0.0860,0.0001
Healthy/lyria__P0391__b0.png,Healthy,P0391,0,Healthy,0.0098,0.9896,0.0004,0.0002
Healthy/lyria__P0391__b1.png,Healthy,P0391,0,Healthy,0.0183,0.9813,0.0002,0.0001
Healthy/lyria__P0391__b2.png,Healthy,P0391,0,Healthy,0.0227,0.9742,0.0020,0.0011
Healthy/lyria__P0391__b3.png,Healthy,P0391,0,Healthy,0.0213,0.9731,0.0048,0.0008
Healthy/lyria__P0391__b4.png,Healthy,P0391,0,Healthy,0.0341,0.9633,0.0024,0.0002
Healthy/lyria__P0391__b5.png,Healthy,P0391,0,Healthy,0.0014,0.9958,0.0027,0.0000
Healthy/lyria__P0391__b6.png,Healthy,P0391,0,Healthy,0.0005,0.9992,0.0001,0.0002
Healthy/lyria__P0391__b7.png,Healthy,P0391,0,Healthy,0.0005,0.9994,0.0001,0.0001
Healthy/lyria__P0391__b8.png,Healthy,P0391,0,Healthy,0.0006,0.9980,0.0013,0.0001
Healthy/lyria__P0391__b9.png,Healthy,P0391,0,Healthy,0.0022,0.7821,0.2157,0.0001
Healthy/lyria__P0391__b10.png,Healthy,P0391,0,Healthy,0.0001,0.9997,0.0001,0.0000
Healthy/lyria__P0391__b11.png,Healthy,P0391,0,Healthy,0.0001,0.9999,0.0001,0.0000
Healthy/lyria__P0391__b12.png,Healthy,P0391,0,Healthy,0.0022,0.9976,0.0002,0.0000
Healthy/lyria__P0391__b13.png,Healthy,P0391,0,Healthy,0.0003,0.9978,0.0019,0.0000
Healthy/lyria__P0391__b14.png,Healthy,P0391,0,Healthy,0.0000,0.9999,0.0001,0.0000
Healthy/lyria__P0391__b15.png,Healthy,P0391,0,Healthy,0.0001,0.9994,0.0005,0.0000
Healthy/lyria__P0391__b16.png,Healthy,P0391,0,Healthy,0.0001,0.9994,0.0006,0.0000
Healthy/lyria__P0391__b17.png,Healthy,P0391,0,Healthy,0.0096,0.9857,0.0046,0.0000
Healthy/lyria__P0391__b19.png,Healthy,P0391,0,Healthy,0.0000,1.0000,0.0000,0.0000
Healthy/lyria__P0393__b1.png,Healthy,P0393,0,Healthy,0.0000,0.9999,0.0000,0.0000
Healthy/lyria__P0393__b2.png,Healthy,P0393,0,Healthy,0.0000,1.0000,0.0000,0.0000
Healthy/lyria__P0393__b3.png,Healthy,P0393,0,Healthy,0.0000,1.0000,0.0000,0.0000
Healthy/lyria__P0393__b4.png,Healthy,P0393,0,Healthy,0.0006,0.9993,0.0001,0.0000
Healthy/lyria__P0393__b5.png,Healthy,P0393,0,Healthy,0.0000,0.9999,0.0001,0.0000
Healthy/lyria__P0394__b0.png,Healthy,P0394,0,Healthy,0.0441,0.9321,0.0233,0.0004
Healthy/lyria__P0394__b1.png,Healthy,P0394,0,Healthy,0.0005,0.9990,0.0005,0.0000
Healthy/lyria__P0394__b2.png,Healthy,P0394,0,Healthy,0.0011,0.9989,0.0000,0.0000
Healthy/lyria__P0394__b3.png,Healthy,P0394,0,Healthy,0.0000,1.0000,0.0000,0.0000
Healthy/lyria__P0394__b4.png,Healthy,P0394,0,Healthy,0.0003,0.9996,0.0001,0.0000
Healthy/lyria__P0394__b5.png,Healthy,P0394,0,Healthy,0.0002,0.9996,0.0002,0.0000
Healthy/lyria__P0394__b6.png,Healthy,P0394,0,Healthy,0.0002,0.9997,0.0000,0.0000
Healthy/lyria__P0394__b7.png,Healthy,P0394,0,Healthy,0.0124,0.9874,0.0002,0.0000
Healthy/lyria__P0394__b8.png,Healthy,P0394,0,Healthy,0.0001,0.9985,0.0014,0.0000
Healthy/lyria__P0394__b9.png,Healthy,P0394,0,Healthy,0.0640,0.9262,0.0083,0.0016
Healthy/lyria__P0394__b10.png,Healthy,P0394,0,Healthy,0.0025,0.7697,0.2275,0.0003
Healthy/lyria__P0394__b11.png,Healthy,P0394,0,Impacted,0.0003,0.4826,0.5169,0.0002
Healthy/lyria__P0394__b12.png,Healthy,P0394,0,Healthy,0.1001,0.8906,0.0092,0.0001
Healthy/lyria__P0394__b13.png,Healthy,P0394,0,Healthy,0.0028,0.9971,0.0001,0.0000
Healthy/lyria__P0394__b14.png,Healthy,P0394,0,Healthy,0.0004,0.9996,0.0000,0.0000
Healthy/lyria__P0394__b16.png,Healthy,P0394,0,Healthy,0.0001,0.9997,0.0002,0.0000
Healthy/lyria__P0394__b17.png,Healthy,P0394,0,Healthy,0.0003,0.9997,0.0000,0.0000
Healthy/lyria__P0394__b18.png,Healthy,P0394,0,Healthy,0.0000,0.9999,0.0001,0.0000
Healthy/lyria__P0394__b19.png,Healthy,P0394,0,Healthy,0.0000,0.9998,0.0002,0.0000
Healthy/lyria__P0394__b20.png,Healthy,P0394,0,Healthy,0.0004,0.9996,0.0001,0.0000
Healthy/lyria__P0041__b2.png,Healthy,P0041,0,Healthy,0.0042,0.9958,0.0000,0.0000
Healthy/lyria__P0041__b3.png,Healthy,P0041,0,Healthy,0.0020,0.9976,0.0004,0.0000
Healthy/lyria__P0041__b4.png,Healthy,P0041,0,Healthy,0.0011,0.9987,0.0002,0.0000
Healthy/lyria__P0041__b5.png,Healthy,P0041,0,Healthy,0.0426,0.9435,0.0126,0.0013
Healthy/lyria__P0041__b6.png,Healthy,P0041,0,Healthy,0.0000,0.9999,0.0001,0.0000
Healthy/lyria__P0041__b7.png,Healthy,P0041,0,Healthy,0.0000,0.9997,0.0003,0.0000
Healthy/lyria__P0041__b8.png,Healthy,P0041,0,Healthy,0.0000,0.9991,0.0008,0.0000
Healthy/lyria__P0041__b9.png,Healthy,P0041,0,Healthy,0.0001,0.9997,0.0002,0.0000
Healthy/lyria__P0041__b10.png,Healthy,P0041,0,Healthy,0.0000,0.9998,0.0002,0.0000
Healthy/lyria__P0041__b11.png,Healthy,P0041,0,Healthy,0.0000,0.9999,0.0001,0.0000
Healthy/lyria__P0041__b12.png,Healthy,P0041,0,Healthy,0.0000,1.0000,0.0000,0.0000
Healthy/lyria__P0395__b0.png,Healthy,P0395,0,Healthy,0.0328,0.9336,0.0330,0.0006
Healthy/lyria__P0395__b1.png,Healthy,P0395,0,Healthy,0.1637,0.8243,0.0116,0.0004
Healthy/lyria__P0395__b2.png,Healthy,P0395,0,Healthy,0.0164,0.9619,0.0154,0.0063
Healthy/lyria__P0395__b3.png,Healthy,P0395,0,Healthy,0.0641,0.9335,0.0023,0.0001
Healthy/lyria__P0395__b4.png,Healthy,P0395,0,Healthy,0.0005,0.9993,0.0002,0.0000
Healthy/lyria__P0395__b5.png,Healthy,P0395,0,Healthy,0.0000,0.9999,0.0001,0.0000
Healthy/lyria__P0395__b6.png,Healthy,P0395,0,Healthy,0.0004,0.9994,0.0001,0.0000
Healthy/lyria__P0395__b7.png,Healthy,P0395,0,Healthy,0.0004,0.9988,0.0006,0.0001
Healthy/lyria__P0395__b8.png,Healthy,P0395,0,Healthy,0.0002,0.9989,0.0003,0.0007
Healthy/lyria__P0395__b9.png,Healthy,P0395,0,Healthy,0.0003,0.9995,0.0001,0.0002
Healthy/lyria__P0395__b11.png,Healthy,P0395,0,Healthy,0.0001,0.9998,0.0001,0.0000
Healthy/lyria__P0396__b0.png,Healthy,P0396,0,Healthy,0.0054,0.9435,0.0365,0.0146
Healthy/lyria__P0396__b1.png,Healthy,P0396,0,Healthy,0.0012,0.9487,0.0501,0.0001
Healthy/lyria__P0396__b2.png,Healthy,P0396,0,Healthy,0.0583,0.6526,0.2888,0.0002
Healthy/lyria__P0396__b3.png,Healthy,P0396,0,Healthy,0.0001,0.9996,0.0002,0.0000
Healthy/lyria__P0396__b4.png,Healthy,P0396,0,Healthy,0.0009,0.9987,0.0004,0.0000
Healthy/lyria__P0396__b5.png,Healthy,P0396,0,Healthy,0.0024,0.9975,0.0001,0.0000
Healthy/lyria__P0396__b6.png,Healthy,P0396,0,Healthy,0.0013,0.9977,0.0009,0.0000
Healthy/lyria__P0396__b7.png,Healthy,P0396,0,Healthy,0.0019,0.9980,0.0000,0.0000
Healthy/lyria__P0396__b8.png,Healthy,P0396,0,Healthy,0.0002,0.9992,0.0006,0.0000
Healthy/lyria__P0396__b9.png,Healthy,P0396,0,Healthy,0.0017,0.9973,0.0009,0.0000
Healthy/lyria__P0396__b10.png,Healthy,P0396,0,Healthy,0.0077,0.9825,0.0097,0.0000
Healthy/lyria__P0396__b11.png,Healthy,P0396,0,Healthy,0.0047,0.9929,0.0023,0.0001
Healthy/lyria__P0396__b12.png,Healthy,P0396,0,Healthy,0.0183,0.9494,0.0323,0.0001
Healthy/lyria__P0396__b13.png,Healthy,P0396,0,Impacted,0.0857,0.4071,0.5053,0.0020
Healthy/lyria__P0396__b14.png,Healthy,P0396,0,Healthy,0.0018,0.9756,0.0181,0.0045
Healthy/lyria__P0396__b16.png,Healthy,P0396,0,Healthy,0.1380,0.8138,0.0001,0.0480
Healthy/lyria__P0396__b17.png,Healthy,P0396,0,Healthy,0.0020,0.9979,0.0001,0.0000
Healthy/lyria__P0396__b18.png,Healthy,P0396,0,Healthy,0.0077,0.9923,0.0000,0.0000
Healthy/lyria__P0396__b19.png,Healthy,P0396,0,Healthy,0.0012,0.9976,0.0011,0.0000
Healthy/lyria__P0396__b20.png,Healthy,P0396,0,Healthy,0.0566,0.8048,0.1300,0.0086
Healthy/lyria__P0396__b21.png,Healthy,P0396,0,Healthy,0.0015,0.8443,0.1540,0.0002
Healthy/lyria__P0396__b22.png,Healthy,P0396,0,Healthy,0.0036,0.7357,0.2602,0.0005
Healthy/lyria__P0396__b24.png,Healthy,P0396,0,Healthy,0.0000,1.0000,0.0000,0.0000
Healthy/lyria__P0396__b25.png,Healthy,P0396,0,Healthy,0.0000,1.0000,0.0000,0.0000
Healthy/lyria__P0396__b26.png,Healthy,P0396,0,Healthy,0.0000,1.0000,0.0000,0.0000
Healthy/lyria__P0396__b27.png,Healthy,P0396,0,Healthy,0.0000,1.0000,0.0000,0.0000
Healthy/lyria__P0396__b28.png,Healthy,P0396,0,Healthy,0.0000,0.9997,0.0003,0.0000
Healthy/lyria__P0396__b29.png,Healthy,P0396,0,Healthy,0.0006,0.9984,0.0010,0.0000
Healthy/lyria__P0396__b30.png,Healthy,P0396,0,Healthy,0.0012,0.9120,0.0860,0.0007
Healthy/lyria__P0396__b31.png,Healthy,P0396,0,Healthy,0.0005,0.9285,0.0706,0.0004
Healthy/lyria__P0397__b0.png,Healthy,P0397,0,Healthy,0.0005,0.9705,0.0279,0.0011
Healthy/lyria__P0397__b1.png,Healthy,P0397,0,Healthy,0.0003,0.9962,0.0035,0.0000
Healthy/lyria__P0397__b2.png,Healthy,P0397,0,Healthy,0.0016,0.9982,0.0002,0.0000
Healthy/lyria__P0397__b3.png,Healthy,P0397,0,Healthy,0.0000,1.0000,0.0000,0.0000
Healthy/lyria__P0397__b4.png,Healthy,P0397,0,Healthy,0.0018,0.9979,0.0002,0.0000
Healthy/lyria__P0397__b5.png,Healthy,P0397,0,Healthy,0.1229,0.8757,0.0013,0.0001
Healthy/lyria__P0397__b6.png,Healthy,P0397,0,Healthy,0.0108,0.9615,0.0275,0.0002
Healthy/lyria__P0397__b7.png,Healthy,P0397,0,Healthy,0.0023,0.9973,0.0003,0.0000
Healthy/lyria__P0397__b8.png,Healthy,P0397,0,Healthy,0.0172,0.9820,0.0008,0.0000
Healthy/lyria__P0397__b9.png,Healthy,P0397,0,Healthy,0.0008,0.9990,0.0002,0.0000
Healthy/lyria__P0397__b10.png,Healthy,P0397,0,Healthy,0.0019,0.9973,0.0008,0.0000
Healthy/lyria__P0397__b11.png,Healthy,P0397,0,Healthy,0.0002,0.9989,0.0008,0.0000
Healthy/lyria__P0397__b12.png,Healthy,P0397,0,Healthy,0.0167,0.7397,0.2436,0.0000
Healthy/lyria__P0397__b13.png,Healthy,P0397,0,Impacted,0.0008,0.3654,0.6318,0.0019
Healthy/lyria__P0397__b14.png,Healthy,P0397,0,Healthy,0.1966,0.7526,0.0505,0.0003
Healthy/lyria__P0397__b15.png,Healthy,P0397,0,Healthy,0.0011,0.9825,0.0163,0.0000
Healthy/lyria__P0397__b16.png,Healthy,P0397,0,Healthy,0.0005,0.9995,0.0000,0.0000
Healthy/lyria__P0397__b17.png,Healthy,P0397,0,Healthy,0.0000,0.9997,0.0003,0.0000
Healthy/lyria__P0397__b18.png,Healthy,P0397,0,Healthy,0.0000,1.0000,0.0000,0.0000
Healthy/lyria__P0397__b19.png,Healthy,P0397,0,Healthy,0.0000,0.9999,0.0001,0.0000
Healthy/lyria__P0397__b20.png,Healthy,P0397,0,Healthy,0.0007,0.9943,0.0001,0.0050
Healthy/lyria__P0397__b21.png,Healthy,P0397,0,Healthy,0.0004,0.9976,0.0019,0.0001
Healthy/lyria__P0397__b22.png,Healthy,P0397,0,Healthy,0.0120,0.9805,0.0002,0.0072
Healthy/lyria__P0397__b25.png,Healthy,P0397,0,Healthy,0.0015,0.9974,0.0011,0.0000
Healthy/lyria__P0397__b26.png,Healthy,P0397,0,Healthy,0.0788,0.9016,0.0190,0.0005
Healthy/lyria__P0397__b27.png,Healthy,P0397,0,Healthy,0.0006,0.6237,0.3757,0.0000
Healthy/lyria__P0042__b0.png,Healthy,P0042,0,Endodontics,0.9917,0.0080,0.0000,0.0003
Healthy/lyria__P0042__b1.png,Healthy,P0042,0,Impacted,0.0198,0.3230,0.6570,0.0003
Healthy/lyria__P0042__b2.png,Healthy,P0042,0,Healthy,0.0001,0.9995,0.0004,0.0000
Healthy/lyria__P0042__b3.png,Healthy,P0042,0,Healthy,0.0000,0.9987,0.0012,0.0000
Healthy/lyria__P0042__b4.png,Healthy,P0042,0,Healthy,0.0000,0.9923,0.0076,0.0000
Healthy/lyria__P0042__b5.png,Healthy,P0042,0,Healthy,0.0001,0.9999,0.0000,0.0000
Healthy/lyria__P0042__b6.png,Healthy,P0042,0,Healthy,0.0000,0.9998,0.0001,0.0000
Healthy/lyria__P0042__b7.png,Healthy,P0042,0,Healthy,0.0001,0.9993,0.0006,0.0000
Healthy/lyria__P0042__b8.png,Healthy,P0042,0,Healthy,0.0000,0.9997,0.0003,0.0000
Healthy/lyria__P0042__b9.png,Healthy,P0042,0,Healthy,0.0001,0.9991,0.0008,0.0000
Healthy/lyria__P0042__b10.png,Healthy,P0042,0,Healthy,0.0000,0.9999,0.0000,0.0000
Healthy/lyria__P0399__b1.png,Healthy,P0399,0,Healthy,0.0131,0.9851,0.0018,0.0000
Healthy/lyria__P0400__b0.png,Healthy,P0400,0,Healthy,0.3113,0.6883,0.0000,0.0003
Healthy/lyria__P0400__b1.png,Healthy,P0400,0,Healthy,0.0107,0.9411,0.0047,0.0435
Healthy/lyria__P0400__b2.png,Healthy,P0400,0,Healthy,0.0004,0.9980,0.0001,0.0016
Healthy/lyria__P0400__b3.png,Healthy,P0400,0,Healthy,0.0033,0.9963,0.0004,0.0000
Healthy/lyria__P0401__b0.png,Healthy,P0401,0,Impacted,0.2324,0.2316,0.5282,0.0078
Healthy/lyria__P0401__b2.png,Healthy,P0401,0,Impacted,0.0063,0.4571,0.5366,0.0001
Healthy/lyria__P0401__b3.png,Healthy,P0401,0,Impacted,0.0104,0.4313,0.5581,0.0001
Healthy/lyria__P0401__b4.png,Healthy,P0401,0,Healthy,0.1315,0.8684,0.0000,0.0001
Healthy/lyria__P0401__b5.png,Healthy,P0401,0,Healthy,0.0015,0.9984,0.0000,0.0000
Healthy/lyria__P0401__b7.png,Healthy,P0401,0,Healthy,0.0056,0.9934,0.0009,0.0001
Healthy/lyria__P0401__b8.png,Healthy,P0401,0,Healthy,0.2068,0.7925,0.0006,0.0000
Healthy/lyria__P0402__b0.png,Healthy,P0402,0,Healthy,0.0024,0.9947,0.0026,0.0002
Healthy/lyria__P0402__b1.png,Healthy,P0402,0,Healthy,0.0001,0.9999,0.0000,0.0000
Healthy/lyria__P0402__b2.png,Healthy,P0402,0,Healthy,0.0005,0.9988,0.0006,0.0000
Healthy/lyria__P0402__b3.png,Healthy,P0402,0,Healthy,0.0060,0.9935,0.0004,0.0000
Healthy/lyria__P0402__b4.png,Healthy,P0402,0,Healthy,0.4722,0.5256,0.0006,0.0016
Healthy/lyria__P0402__b6.png,Healthy,P0402,0,Healthy,0.1164,0.8820,0.0014,0.0002
Healthy/lyria__P0402__b7.png,Healthy,P0402,0,Healthy,0.0001,0.9929,0.0070,0.0000
Healthy/lyria__P0402__b8.png,Healthy,P0402,0,Healthy,0.0433,0.9511,0.0008,0.0047
Healthy/lyria__P0402__b9.png,Healthy,P0402,0,Healthy,0.0008,0.9988,0.0004,0.0000
Healthy/lyria__P0402__b10.png,Healthy,P0402,0,Healthy,0.0005,0.9989,0.0006,0.0000
Healthy/lyria__P0402__b11.png,Healthy,P0402,0,Healthy,0.0001,0.9999,0.0000,0.0000
Healthy/lyria__P0402__b12.png,Healthy,P0402,0,Healthy,0.0016,0.9966,0.0018,0.0000
Healthy/lyria__P0403__b0.png,Healthy,P0403,0,Endodontics,0.6267,0.1896,0.0044,0.1793
Healthy/lyria__P0403__b1.png,Healthy,P0403,0,Healthy,0.0002,0.9995,0.0003,0.0000
Healthy/lyria__P0403__b2.png,Healthy,P0403,0,Healthy,0.1330,0.8592,0.0077,0.0001
Healthy/lyria__P0403__b3.png,Healthy,P0403,0,Healthy,0.0057,0.9935,0.0007,0.0000
Healthy/lyria__P0403__b4.png,Healthy,P0403,0,Healthy,0.0062,0.9925,0.0012,0.0001
Healthy/lyria__P0403__b5.png,Healthy,P0403,0,Healthy,0.0019,0.9957,0.0024,0.0000
Healthy/lyria__P0403__b6.png,Healthy,P0403,0,Healthy,0.0001,0.9998,0.0001,0.0000
Healthy/lyria__P0403__b7.png,Healthy,P0403,0,Healthy,0.0001,0.9994,0.0005,0.0000
Healthy/lyria__P0403__b9.png,Healthy,P0403,0,Healthy,0.0013,0.9950,0.0037,0.0000
Healthy/lyria__P0403__b10.png,Healthy,P0403,0,Healthy,0.0074,0.9923,0.0002,0.0000
Healthy/lyria__P0403__b11.png,Healthy,P0403,0,Healthy,0.0137,0.9846,0.0017,0.0000
Healthy/lyria__P0403__b12.png,Healthy,P0403,0,Healthy,0.0005,0.9995,0.0000,0.0000
Healthy/lyria__P0404__b1.png,Healthy,P0404,0,Healthy,0.0015,0.9982,0.0003,0.0001
Healthy/lyria__P0404__b2.png,Healthy,P0404,0,Healthy,0.0007,0.9776,0.0215,0.0002
Healthy/lyria__P0404__b3.png,Healthy,P0404,0,Healthy,0.0292,0.8993,0.0712,0.0003
Healthy/lyria__P0404__b4.png,Healthy,P0404,0,Healthy,0.0008,0.9991,0.0001,0.0000
Healthy/lyria__P0404__b5.png,Healthy,P0404,0,Healthy,0.0020,0.9874,0.0105,0.0001
Healthy/lyria__P0404__b6.png,Healthy,P0404,0,Healthy,0.0029,0.9570,0.0341,0.0060
Healthy/lyria__P0404__b7.png,Healthy,P0404,0,Healthy,0.2546,0.5847,0.0478,0.1129
Healthy/lyria__P0404__b9.png,Healthy,P0404,0,Healthy,0.0247,0.9707,0.0046,0.0000
Healthy/lyria__P0404__b10.png,Healthy,P0404,0,Healthy,0.0010,0.9987,0.0003,0.0000
Healthy/lyria__P0404__b11.png,Healthy,P0404,0,Healthy,0.0004,0.9982,0.0015,0.0000
Healthy/lyria__P0404__b12.png,Healthy,P0404,0,Healthy,0.0124,0.9578,0.0039,0.0259
Healthy/lyria__P0405__b0.png,Healthy,P0405,0,Healthy,0.0003,0.9968,0.0029,0.0000
Healthy/lyria__P0405__b1.png,Healthy,P0405,0,Healthy,0.0219,0.9779,0.0001,0.0000
Healthy/lyria__P0405__b3.png,Healthy,P0405,0,Healthy,0.0043,0.9944,0.0012,0.0000
Healthy/lyria__P0405__b4.png,Healthy,P0405,0,Healthy,0.0007,0.9951,0.0008,0.0034
Healthy/lyria__P0405__b6.png,Healthy,P0405,0,Healthy,0.2860,0.7131,0.0008,0.0000
Healthy/lyria__P0405__b7.png,Healthy,P0405,0,Healthy,0.0277,0.9703,0.0019,0.0001
Healthy/lyria__P0405__b8.png,Healthy,P0405,0,Impacted,0.0097,0.0144,0.9758,0.0002
Healthy/lyria__P0405__b9.png,Healthy,P0405,0,Impacted,0.2979,0.2778,0.4224,0.0019
Healthy/lyria__P0406__b0.png,Healthy,P0406,0,Healthy,0.0011,0.9987,0.0001,0.0000
Healthy/lyria__P0406__b1.png,Healthy,P0406,0,Healthy,0.0000,1.0000,0.0000,0.0000
Healthy/lyria__P0406__b2.png,Healthy,P0406,0,Healthy,0.0001,0.9994,0.0004,0.0000
Healthy/lyria__P0406__b3.png,Healthy,P0406,0,Healthy,0.0000,0.9952,0.0047,0.0001
Healthy/lyria__P0406__b5.png,Healthy,P0406,0,Healthy,0.0010,0.9982,0.0008,0.0000
Healthy/lyria__P0407__b0.png,Healthy,P0407,0,Healthy,0.2333,0.7589,0.0019,0.0059
Healthy/lyria__P0407__b1.png,Healthy,P0407,0,Healthy,0.0002,0.9998,0.0000,0.0000
Healthy/lyria__P0407__b2.png,Healthy,P0407,0,Healthy,0.0001,0.9999,0.0000,0.0000
Healthy/lyria__P0407__b3.png,Healthy,P0407,0,Healthy,0.0000,0.9999,0.0000,0.0000
Healthy/lyria__P0407__b4.png,Healthy,P0407,0,Endodontics,0.6589,0.3409,0.0001,0.0000
Healthy/lyria__P0407__b5.png,Healthy,P0407,0,Healthy,0.0079,0.9920,0.0000,0.0001
Healthy/lyria__P0407__b7.png,Healthy,P0407,0,Healthy,0.0001,0.9999,0.0000,0.0000
Healthy/lyria__P0407__b8.png,Healthy,P0407,0,Healthy,0.0000,1.0000,0.0000,0.0000
Healthy/lyria__P0407__b9.png,Healthy,P0407,0,Healthy,0.0001,0.9993,0.0006,0.0000
Healthy/lyria__P0407__b10.png,Healthy,P0407,0,Healthy,0.0012,0.9986,0.0002,0.0000
Healthy/lyria__P0043__b1.png,Healthy,P0043,0,Healthy,0.0000,0.9999,0.0000,0.0000
Healthy/lyria__P0408__b1.png,Healthy,P0408,0,Healthy,0.0002,0.9994,0.0003,0.0001
Healthy/lyria__P0408__b2.png,Healthy,P0408,0,Healthy,0.0026,0.9969,0.0004,0.0000
Healthy/lyria__P0408__b4.png,Healthy,P0408,0,Endodontics,0.6420,0.3432,0.0009,0.0138
Healthy/lyria__P0408__b5.png,Healthy,P0408,0,Healthy,0.0010,0.9946,0.0043,0.0000
Healthy/lyria__P0408__b6.png,Healthy,P0408,0,Healthy,0.0002,0.9998,0.0001,0.0000
Healthy/lyria__P0408__b7.png,Healthy,P0408,0,Healthy,0.0061,0.9897,0.0041,0.0001
Healthy/lyria__P0408__b8.png,Healthy,P0408,0,Healthy,0.2727,0.7215,0.0015,0.0043
Healthy/lyria__P0408__b9.png,Healthy,P0408,0,Healthy,0.0005,0.9993,0.0002,0.0000
Healthy/lyria__P0408__b10.png,Healthy,P0408,0,Healthy,0.0002,0.9997,0.0001,0.0000
Healthy/lyria__P0408__b11.png,Healthy,P0408,0,Healthy,0.0005,0.9995,0.0000,0.0000
Healthy/lyria__P0408__b12.png,Healthy,P0408,0,Healthy,0.0060,0.9879,0.0061,0.0000
Healthy/lyria__P0408__b13.png,Healthy,P0408,0,Healthy,0.0000,0.9999,0.0000,0.0000
Healthy/lyria__P0409__b0.png,Healthy,P0409,0,Healthy,0.1000,0.8991,0.0009,0.0001
Healthy/lyria__P0409__b2.png,Healthy,P0409,0,Healthy,0.0001,0.9997,0.0002,0.0000
Healthy/lyria__P0409__b3.png,Healthy,P0409,0,Healthy,0.0160,0.9838,0.0002,0.0000
Healthy/lyria__P0409__b4.png,Healthy,P0409,0,Healthy,0.0000,0.9999,0.0000,0.0000
Healthy/lyria__P0409__b5.png,Healthy,P0409,0,Healthy,0.0002,0.9998,0.0000,0.0000
Healthy/lyria__P0409__b6.png,Healthy,P0409,0,Healthy,0.0001,0.9996,0.0003,0.0000
Healthy/lyria__P0409__b7.png,Healthy,P0409,0,Healthy,0.0002,0.9996,0.0002,0.0000
Healthy/lyria__P0409__b8.png,Healthy,P0409,0,Healthy,0.0036,0.9948,0.0016,0.0000
Healthy/lyria__P0410__b0.png,Healthy,P0410,0,Healthy,0.3177,0.6823,0.0000,0.0000
Healthy/lyria__P0410__b2.png,Healthy,P0410,0,Healthy,0.0012,0.9985,0.0003,0.0000
Healthy/lyria__P0410__b3.png,Healthy,P0410,0,Healthy,0.0007,0.9989,0.0004,0.0000
Healthy/lyria__P0410__b4.png,Healthy,P0410,0,Healthy,0.0012,0.9982,0.0005,0.0000
Healthy/lyria__P0410__b5.png,Healthy,P0410,0,Healthy,0.0405,0.9560,0.0012,0.0024
Healthy/lyria__P0410__b6.png,Healthy,P0410,0,Healthy,0.3077,0.6860,0.0058,0.0005
Healthy/lyria__P0410__b7.png,Healthy,P0410,0,Healthy,0.2305,0.7679,0.0016,0.0000
Healthy/lyria__P0410__b8.png,Healthy,P0410,0,Healthy,0.0001,0.7051,0.2948,0.0000
Healthy/lyria__P0410__b9.png,Healthy,P0410,0,Healthy,0.0009,0.9523,0.0467,0.0000
Healthy/lyria__P0410__b10.png,Healthy,P0410,0,Healthy,0.0000,0.9974,0.0026,0.0000
Healthy/lyria__P0410__b11.png,Healthy,P0410,0,Healthy,0.0002,0.9974,0.0024,0.0000
Healthy/lyria__P0410__b12.png,Healthy,P0410,0,Healthy,0.0014,0.9949,0.0006,0.0030
Healthy/lyria__P0410__b13.png,Healthy,P0410,0,Healthy,0.0000,0.9999,0.0000,0.0000
Healthy/lyria__P0410__b14.png,Healthy,P0410,0,Healthy,0.0000,0.9998,0.0001,0.0000
Healthy/lyria__P0410__b15.png,Healthy,P0410,0,Healthy,0.0003,0.9997,0.0000,0.0000
Healthy/lyria__P0410__b16.png,Healthy,P0410,0,Healthy,0.0014,0.9980,0.0006,0.0000
Healthy/lyria__P0410__b17.png,Healthy,P0410,0,Healthy,0.0003,0.9997,0.0001,0.0000
Healthy/lyria__P0410__b18.png,Healthy,P0410,0,Healthy,0.0001,0.9996,0.0003,0.0000
Healthy/lyria__P0413__b0.png,Healthy,P0413,0,Healthy,0.0014,0.9972,0.0011,0.0002
Healthy/lyria__P0413__b2.png,Healthy,P0413,0,Healthy,0.0069,0.9902,0.0030,0.0000
Healthy/lyria__P0413__b3.png,Healthy,P0413,0,Healthy,0.0008,0.9990,0.0003,0.0000
Healthy/lyria__P0413__b4.png,Healthy,P0413,0,Healthy,0.1782,0.8182,0.0022,0.0014
Healthy/lyria__P0414__b2.png,Healthy,P0414,0,Healthy,0.0001,0.9998,0.0000,0.0000
Healthy/lyria__P0414__b3.png,Healthy,P0414,0,Healthy,0.0001,0.9999,0.0000,0.0000
Healthy/lyria__P0414__b4.png,Healthy,P0414,0,Healthy,0.1227,0.8770,0.0003,0.0000
Healthy/lyria__P0414__b5.png,Healthy,P0414,0,Healthy,0.0149,0.9849,0.0002,0.0000
Healthy/lyria__P0414__b6.png,Healthy,P0414,0,Healthy,0.0000,0.9999,0.0000,0.0000
Healthy/lyria__P0414__b7.png,Healthy,P0414,0,Healthy,0.0000,0.9999,0.0001,0.0000
Healthy/lyria__P0414__b8.png,Healthy,P0414,0,Healthy,0.0000,0.9998,0.0002,0.0000
Healthy/lyria__P0414__b9.png,Healthy,P0414,0,Healthy,0.0000,1.0000,0.0000,0.0000
Healthy/lyria__P0414__b10.png,Healthy,P0414,0,Healthy,0.0000,0.9999,0.0000,0.0000
Healthy/lyria__P0414__b11.png,Healthy,P0414,0,Healthy,0.0002,0.9997,0.0001,0.0000
Healthy/lyria__P0414__b12.png,Healthy,P0414,0,Healthy,0.0056,0.9943,0.0001,0.0000
Healthy/lyria__P0414__b13.png,Healthy,P0414,0,Healthy,0.0000,1.0000,0.0000,0.0000
Healthy/lyria__P0414__b14.png,Healthy,P0414,0,Healthy,0.0000,0.9990,0.0010,0.0000
Healthy/lyria__P0414__b15.png,Healthy,P0414,0,Healthy,0.1512,0.8459,0.0020,0.0009
Healthy/lyria__P0415__b0.png,Healthy,P0415,0,Healthy,0.0010,0.9986,0.0002,0.0002
Healthy/lyria__P0415__b3.png,Healthy,P0415,0,Healthy,0.0018,0.9969,0.0012,0.0000
Healthy/lyria__P0415__b4.png,Healthy,P0415,0,Healthy,0.0007,0.9993,0.0000,0.0000
Healthy/lyria__P0415__b5.png,Healthy,P0415,0,Healthy,0.0000,0.9999,0.0000,0.0000
Healthy/lyria__P0415__b6.png,Healthy,P0415,0,Healthy,0.0000,0.9999,0.0001,0.0000
Healthy/lyria__P0415__b7.png,Healthy,P0415,0,Endodontics,0.6257,0.3737,0.0004,0.0002
Healthy/lyria__P0415__b8.png,Healthy,P0415,0,Healthy,0.1049,0.6278,0.2654,0.0019
Healthy/lyria__P0415__b9.png,Healthy,P0415,0,Impacted,0.0001,0.0047,0.9952,0.0000
Healthy/lyria__P0417__b0.png,Healthy,P0417,0,Impacted,0.0102,0.3893,0.5989,0.0017
Healthy/lyria__P0417__b1.png,Healthy,P0417,0,Healthy,0.0179,0.9477,0.0342,0.0002
Healthy/lyria__P0417__b2.png,Healthy,P0417,0,Healthy,0.0025,0.9974,0.0002,0.0000
Healthy/lyria__P0417__b3.png,Healthy,P0417,0,Healthy,0.0036,0.9961,0.0003,0.0000
Healthy/lyria__P0417__b4.png,Healthy,P0417,0,Healthy,0.0047,0.9950,0.0002,0.0000
Healthy/lyria__P0417__b5.png,Healthy,P0417,0,Healthy,0.0110,0.9391,0.0495,0.0004
Healthy/lyria__P0417__b6.png,Healthy,P0417,0,Healthy,0.0056,0.9942,0.0001,0.0000
Healthy/lyria__P0417__b7.png,Healthy,P0417,0,Healthy,0.0002,0.9998,0.0000,0.0000
Healthy/lyria__P0417__b8.png,Healthy,P0417,0,Healthy,0.0400,0.9593,0.0006,0.0001
Healthy/lyria__P0417__b9.png,Healthy,P0417,0,Healthy,0.3264,0.3880,0.1714,0.1142
Healthy/lyria__P0417__b10.png,Healthy,P0417,0,Impacted,0.0079,0.0635,0.9255,0.0032
Healthy/lyria__P0417__b11.png,Healthy,P0417,0,Impacted,0.0028,0.0664,0.9295,0.0013
Healthy/lyria__P0417__b12.png,Healthy,P0417,0,Healthy,0.0078,0.9195,0.0721,0.0006
Healthy/lyria__P0417__b13.png,Healthy,P0417,0,Healthy,0.0000,1.0000,0.0000,0.0000
Healthy/lyria__P0417__b14.png,Healthy,P0417,0,Healthy,0.0042,0.9894,0.0064,0.0000
Healthy/lyria__P0417__b15.png,Healthy,P0417,0,Healthy,0.0001,0.9979,0.0021,0.0000
Healthy/lyria__P0417__b16.png,Healthy,P0417,0,Healthy,0.0000,0.9998,0.0002,0.0000
Healthy/lyria__P0417__b17.png,Healthy,P0417,0,Healthy,0.0000,0.9999,0.0001,0.0000
Healthy/lyria__P0417__b18.png,Healthy,P0417,0,Healthy,0.0000,1.0000,0.0000,0.0000
Healthy/lyria__P0417__b20.png,Healthy,P0417,0,Healthy,0.0000,0.9999,0.0001,0.0000
Healthy/lyria__P0417__b21.png,Healthy,P0417,0,Healthy,0.0643,0.8312,0.1041,0.0004
Healthy/lyria__P0417__b22.png,Healthy,P0417,0,Impacted,0.0027,0.1159,0.8814,0.0000
Healthy/lyria__P0421__b0.png,Healthy,P0421,0,Healthy,0.0005,0.9994,0.0001,0.0000
Healthy/lyria__P0421__b2.png,Healthy,P0421,0,Healthy,0.0087,0.9714,0.0180,0.0020
Healthy/lyria__P0421__b3.png,Healthy,P0421,0,Healthy,0.0005,0.9983,0.0011,0.0001
Healthy/lyria__P0421__b4.png,Healthy,P0421,0,Healthy,0.0029,0.9923,0.0020,0.0028
Healthy/lyria__P0421__b5.png,Healthy,P0421,0,Healthy,0.2684,0.7156,0.0159,0.0001
Healthy/lyria__P0421__b6.png,Healthy,P0421,0,Healthy,0.0069,0.9925,0.0005,0.0001
Healthy/lyria__P0421__b7.png,Healthy,P0421,0,Healthy,0.0021,0.9978,0.0000,0.0001
Healthy/lyria__P0423__b0.png,Healthy,P0423,0,Healthy,0.0004,0.9994,0.0002,0.0000
Healthy/lyria__P0423__b1.png,Healthy,P0423,0,Healthy,0.0001,0.9996,0.0003,0.0000
Healthy/lyria__P0423__b3.png,Healthy,P0423,0,Healthy,0.0004,0.9985,0.0011,0.0000
Healthy/lyria__P0424__b0.png,Healthy,P0424,0,Healthy,0.3005,0.6910,0.0018,0.0067
Healthy/lyria__P0424__b1.png,Healthy,P0424,0,Healthy,0.0000,0.9999,0.0001,0.0000
Healthy/lyria__P0424__b3.png,Healthy,P0424,0,Healthy,0.0052,0.9885,0.0061,0.0002
Healthy/lyria__P0424__b4.png,Healthy,P0424,0,Healthy,0.0019,0.9793,0.0188,0.0000
Healthy/lyria__P0424__b5.png,Healthy,P0424,0,Healthy,0.0002,0.9987,0.0011,0.0000
Healthy/lyria__P0424__b6.png,Healthy,P0424,0,Healthy,0.0000,0.9997,0.0002,0.0000
Healthy/lyria__P0425__b0.png,Healthy,P0425,0,Healthy,0.0002,0.5035,0.4963,0.0000
Healthy/lyria__P0425__b1.png,Healthy,P0425,0,Healthy,0.0000,0.9999,0.0000,0.0000
Healthy/lyria__P0425__b2.png,Healthy,P0425,0,Healthy,0.0014,0.9986,0.0001,0.0000
Healthy/lyria__P0425__b3.png,Healthy,P0425,0,Healthy,0.0007,0.9993,0.0000,0.0000
Healthy/lyria__P0425__b4.png,Healthy,P0425,0,Healthy,0.0001,0.9997,0.0002,0.0000
Healthy/lyria__P0425__b5.png,Healthy,P0425,0,Healthy,0.0005,0.9992,0.0003,0.0000
Healthy/lyria__P0425__b6.png,Healthy,P0425,0,Healthy,0.0000,0.9999,0.0001,0.0000
Healthy/lyria__P0425__b7.png,Healthy,P0425,0,Healthy,0.0001,0.9999,0.0000,0.0000
Healthy/lyria__P0425__b8.png,Healthy,P0425,0,Healthy,0.0001,0.9998,0.0001,0.0000
Healthy/lyria__P0425__b9.png,Healthy,P0425,0,Healthy,0.0017,0.9979,0.0004,0.0000
Healthy/lyria__P0425__b11.png,Healthy,P0425,0,Healthy,0.0004,0.9985,0.0011,0.0000
Healthy/lyria__P0425__b12.png,Healthy,P0425,0,Healthy,0.0001,0.8019,0.1980,0.0001
Healthy/lyria__P0425__b13.png,Healthy,P0425,0,Healthy,0.0000,0.9999,0.0000,0.0000
Healthy/lyria__P0425__b14.png,Healthy,P0425,0,Healthy,0.0001,0.9998,0.0001,0.0000
Healthy/lyria__P0425__b15.png,Healthy,P0425,0,Healthy,0.0000,1.0000,0.0000,0.0000
Healthy/lyria__P0425__b16.png,Healthy,P0425,0,Healthy,0.0000,0.9994,0.0006,0.0000
Healthy/lyria__P0425__b17.png,Healthy,P0425,0,Healthy,0.0002,0.9987,0.0011,0.0000
Healthy/lyria__P0425__b18.png,Healthy,P0425,0,Healthy,0.0001,0.9995,0.0004,0.0000
Healthy/lyria__P0425__b19.png,Healthy,P0425,0,Healthy,0.0006,0.5518,0.4475,0.0000
Healthy/lyria__P0425__b20.png,Healthy,P0425,0,Healthy,0.0000,1.0000,0.0000,0.0000
Healthy/lyria__P0425__b21.png,Healthy,P0425,0,Healthy,0.0000,0.9992,0.0008,0.0000
Healthy/lyria__P0425__b23.png,Healthy,P0425,0,Healthy,0.0019,0.9823,0.0158,0.0000
Healthy/lyria__P0425__b24.png,Healthy,P0425,0,Impacted,0.0000,0.3918,0.6080,0.0001
Healthy/lyria__P0426__b0.png,Healthy,P0426,0,Healthy,0.0039,0.9170,0.0786,0.0004
Healthy/lyria__P0426__b1.png,Healthy,P0426,0,Healthy,0.0000,1.0000,0.0000,0.0000
Healthy/lyria__P0426__b2.png,Healthy,P0426,0,Healthy,0.0003,0.9997,0.0000,0.0000
Healthy/lyria__P0426__b3.png,Healthy,P0426,0,Healthy,0.0556,0.9443,0.0001,0.0000
Healthy/lyria__P0426__b5.png,Healthy,P0426,0,Healthy,0.0000,0.9999,0.0001,0.0000
Healthy/lyria__P0426__b6.png,Healthy,P0426,0,Healthy,0.0004,0.9979,0.0017,0.0000
Healthy/lyria__P0426__b7.png,Healthy,P0426,0,Healthy,0.0111,0.9837,0.0048,0.0003
Healthy/lyria__P0426__b8.png,Healthy,P0426,0,Healthy,0.0023,0.9970,0.0007,0.0000
Healthy/lyria__P0426__b9.png,Healthy,P0426,0,Healthy,0.0000,1.0000,0.0000,0.0000
Healthy/lyria__P0426__b10.png,Healthy,P0426,0,Healthy,0.0000,0.9999,0.0000,0.0000
Healthy/lyria__P0426__b11.png,Healthy,P0426,0,Healthy,0.0001,0.9981,0.0018,0.0000
Healthy/lyria__P0426__b12.png,Healthy,P0426,0,Healthy,0.0045,0.9227,0.0726,0.0002
Healthy/lyria__P0426__b13.png,Healthy,P0426,0,Healthy,0.0000,1.0000,0.0000,0.0000
Healthy/lyria__P0426__b14.png,Healthy,P0426,0,Healthy,0.0000,0.9993,0.0005,0.0001
Healthy/lyria__P0426__b15.png,Healthy,P0426,0,Healthy,0.0000,0.9999,0.0000,0.0000
Healthy/lyria__P0426__b16.png,Healthy,P0426,0,Healthy,0.0000,1.0000,0.0000,0.0000
Healthy/lyria__P0426__b17.png,Healthy,P0426,0,Healthy,0.0000,0.9999,0.0001,0.0000
Healthy/lyria__P0426__b18.png,Healthy,P0426,0,Healthy,0.0000,0.9998,0.0002,0.0000
Healthy/lyria__P0426__b19.png,Healthy,P0426,0,Healthy,0.0000,0.9998,0.0002,0.0000
Healthy/lyria__P0426__b20.png,Healthy,P0426,0,Healthy,0.0028,0.9933,0.0038,0.0000
Healthy/lyria__P0426__b21.png,Healthy,P0426,0,Healthy,0.0000,0.9999,0.0001,0.0000
Healthy/lyria__P0426__b22.png,Healthy,P0426,0,Healthy,0.0002,0.9970,0.0028,0.0000
Healthy/lyria__P0426__b23.png,Healthy,P0426,0,Impacted,0.0001,0.4085,0.5913,0.0001
Healthy/lyria__P0426__b24.png,Healthy,P0426,0,Healthy,0.0000,0.8808,0.1192,0.0000
Healthy/lyria__P0426__b25.png,Healthy,P0426,0,Impacted,0.0001,0.1644,0.8354,0.0001
Healthy/lyria__P0427__b0.png,Healthy,P0427,0,Healthy,0.0012,0.8036,0.1952,0.0000
Healthy/lyria__P0427__b3.png,Healthy,P0427,0,Healthy,0.0003,0.9984,0.0013,0.0001
Healthy/lyria__P0427__b4.png,Healthy,P0427,0,Healthy,0.0002,0.9997,0.0001,0.0000
Healthy/lyria__P0427__b5.png,Healthy,P0427,0,Healthy,0.0002,0.9996,0.0002,0.0000
Healthy/lyria__P0427__b6.png,Healthy,P0427,0,Healthy,0.0030,0.9964,0.0002,0.0004
Healthy/lyria__P0427__b7.png,Healthy,P0427,0,Healthy,0.0008,0.9990,0.0001,0.0001
Healthy/lyria__P0427__b8.png,Healthy,P0427,0,Healthy,0.0116,0.9844,0.0035,0.0005
Healthy/lyria__P0428__b0.png,Healthy,P0428,0,Healthy,0.0000,0.9979,0.0021,0.0000
Healthy/lyria__P0428__b1.png,Healthy,P0428,0,Healthy,0.0001,0.9997,0.0003,0.0000
Healthy/lyria__P0428__b2.png,Healthy,P0428,0,Healthy,0.0006,0.9988,0.0006,0.0000
Healthy/lyria__P0429__b0.png,Healthy,P0429,0,Healthy,0.0022,0.8915,0.1063,0.0000
Healthy/lyria__P0429__b1.png,Healthy,P0429,0,Healthy,0.0012,0.9923,0.0065,0.0000
Healthy/lyria__P0429__b2.png,Healthy,P0429,0,Healthy,0.0060,0.9920,0.0020,0.0000
Healthy/lyria__P0429__b3.png,Healthy,P0429,0,Healthy,0.0465,0.9522,0.0012,0.0001
Healthy/lyria__P0429__b4.png,Healthy,P0429,0,Healthy,0.0023,0.9400,0.0576,0.0001
Healthy/lyria__P0429__b5.png,Healthy,P0429,0,Healthy,0.0003,0.9949,0.0048,0.0000
Healthy/lyria__P0429__b6.png,Healthy,P0429,0,Healthy,0.0004,0.9989,0.0007,0.0000
Healthy/lyria__P0429__b7.png,Healthy,P0429,0,Healthy,0.0093,0.9868,0.0036,0.0002
Healthy/lyria__P0429__b8.png,Healthy,P0429,0,Healthy,0.0024,0.9937,0.0037,0.0002
Healthy/lyria__P0429__b9.png,Healthy,P0429,0,Healthy,0.0004,0.9996,0.0000,0.0000
Healthy/lyria__P0429__b10.png,Healthy,P0429,0,Healthy,0.0001,0.9999,0.0000,0.0000
Healthy/lyria__P0429__b11.png,Healthy,P0429,0,Healthy,0.0002,0.9667,0.0330,0.0000
Healthy/lyria__P0429__b12.png,Healthy,P0429,0,Healthy,0.0028,0.9460,0.0509,0.0003
Healthy/lyria__P0429__b13.png,Healthy,P0429,0,Healthy,0.0026,0.7729,0.2234,0.0012
Healthy/lyria__P0429__b14.png,Healthy,P0429,0,Healthy,0.0002,0.6421,0.3577,0.0001
Healthy/lyria__P0429__b15.png,Healthy,P0429,0,Healthy,0.0001,0.9848,0.0151,0.0000
Healthy/lyria__P0429__b16.png,Healthy,P0429,0,Healthy,0.0000,0.9975,0.0024,0.0000
Healthy/lyria__P0429__b17.png,Healthy,P0429,0,Healthy,0.0000,1.0000,0.0000,0.0000
Healthy/lyria__P0429__b18.png,Healthy,P0429,0,Healthy,0.0019,0.9971,0.0010,0.0000
Healthy/lyria__P0429__b19.png,Healthy,P0429,0,Healthy,0.0027,0.9867,0.0058,0.0049
Healthy/lyria__P0429__b20.png,Healthy,P0429,0,Healthy,0.0067,0.9852,0.0007,0.0074
Healthy/lyria__P0429__b21.png,Healthy,P0429,0,Healthy,0.0002,0.9997,0.0001,0.0000
Healthy/lyria__P0429__b22.png,Healthy,P0429,0,Healthy,0.0031,0.9885,0.0083,0.0001
Healthy/lyria__P0429__b24.png,Healthy,P0429,0,Healthy,0.0075,0.9847,0.0077,0.0002
Healthy/lyria__P0429__b25.png,Healthy,P0429,0,Healthy,0.0001,0.9996,0.0003,0.0000
Healthy/lyria__P0429__b26.png,Healthy,P0429,0,Healthy,0.0001,0.9950,0.0049,0.0000
Healthy/lyria__P0429__b27.png,Healthy,P0429,0,Healthy,0.0000,0.9201,0.0799,0.0000
Healthy/lyria__P0045__b0.png,Healthy,P0045,0,Impacted,0.0022,0.4071,0.5866,0.0040
Healthy/lyria__P0045__b1.png,Healthy,P0045,0,Healthy,0.0007,0.9979,0.0012,0.0003
Healthy/lyria__P0045__b3.png,Healthy,P0045,0,Healthy,0.0003,0.9983,0.0013,0.0000
Healthy/lyria__P0045__b4.png,Healthy,P0045,0,Healthy,0.0101,0.9782,0.0115,0.0001
Healthy/lyria__P0045__b5.png,Healthy,P0045,0,Impacted,0.0027,0.2226,0.7741,0.0006
Healthy/lyria__P0045__b6.png,Healthy,P0045,0,Impacted,0.0010,0.4008,0.5973,0.0009
Healthy/lyria__P0045__b7.png,Healthy,P0045,0,Healthy,0.0001,0.8974,0.1025,0.0000
Healthy/lyria__P0045__b8.png,Healthy,P0045,0,Healthy,0.0001,0.9989,0.0009,0.0000
Healthy/lyria__P0045__b10.png,Healthy,P0045,0,Healthy,0.0000,0.9997,0.0003,0.0000
Healthy/lyria__P0045__b11.png,Healthy,P0045,0,Healthy,0.0001,0.9990,0.0009,0.0000
Healthy/lyria__P0045__b12.png,Healthy,P0045,0,Healthy,0.0002,0.9501,0.0497,0.0000
Healthy/lyria__P0045__b13.png,Healthy,P0045,0,Healthy,0.0006,0.9711,0.0283,0.0000
Healthy/lyria__P0045__b14.png,Healthy,P0045,0,Impacted,0.0010,0.1695,0.8279,0.0016
Healthy/lyria__P0431__b0.png,Healthy,P0431,0,Healthy,0.3103,0.6893,0.0001,0.0003
Healthy/lyria__P0431__b3.png,Healthy,P0431,0,Healthy,0.0000,0.9999,0.0001,0.0000
Healthy/lyria__P0431__b4.png,Healthy,P0431,0,Healthy,0.0000,1.0000,0.0000,0.0000
Healthy/lyria__P0431__b5.png,Healthy,P0431,0,Healthy,0.0008,0.9991,0.0002,0.0000
Healthy/lyria__P0432__b0.png,Healthy,P0432,0,Healthy,0.0157,0.9767,0.0073,0.0003
Healthy/lyria__P0432__b1.png,Healthy,P0432,0,Healthy,0.0025,0.9968,0.0007,0.0000
Healthy/lyria__P0432__b3.png,Healthy,P0432,0,Healthy,0.2398,0.7417,0.0107,0.0078
Healthy/lyria__P0432__b4.png,Healthy,P0432,0,Healthy,0.0004,0.9985,0.0010,0.0000
Healthy/lyria__P0432__b5.png,Healthy,P0432,0,Healthy,0.0062,0.9936,0.0001,0.0000
Healthy/lyria__P0432__b6.png,Healthy,P0432,0,Healthy,0.0005,0.9841,0.0152,0.0003
Healthy/lyria__P0432__b7.png,Healthy,P0432,0,Healthy,0.0010,0.9674,0.0316,0.0000
Healthy/lyria__P0432__b9.png,Healthy,P0432,0,Healthy,0.0000,0.9992,0.0007,0.0001
Healthy/lyria__P0432__b10.png,Healthy,P0432,0,Healthy,0.0000,0.9997,0.0003,0.0000
Healthy/lyria__P0432__b11.png,Healthy,P0432,0,Healthy,0.0001,0.9999,0.0000,0.0000
Healthy/lyria__P0432__b12.png,Healthy,P0432,0,Healthy,0.0000,0.9999,0.0001,0.0000
Healthy/lyria__P0433__b0.png,Healthy,P0433,0,Healthy,0.0778,0.8608,0.0611,0.0003
Healthy/lyria__P0433__b1.png,Healthy,P0433,0,Healthy,0.0100,0.9355,0.0545,0.0000
Healthy/lyria__P0433__b2.png,Healthy,P0433,0,Healthy,0.0527,0.9468,0.0004,0.0001
Healthy/lyria__P0433__b3.png,Healthy,P0433,0,Healthy,0.0110,0.9884,0.0006,0.0000
Healthy/lyria__P0433__b4.png,Healthy,P0433,0,Healthy,0.0005,0.9994,0.0001,0.0000
Healthy/lyria__P0433__b5.png,Healthy,P0433,0,Healthy,0.0024,0.9972,0.0004,0.0000
Healthy/lyria__P0433__b6.png,Healthy,P0433,0,Healthy,0.1143,0.8845,0.0012,0.0000
Healthy/lyria__P0433__b7.png,Healthy,P0433,0,Healthy,0.0010,0.9985,0.0004,0.0000
Healthy/lyria__P0433__b8.png,Healthy,P0433,0,Healthy,0.0001,0.9998,0.0001,0.0000
Healthy/lyria__P0433__b10.png,Healthy,P0433,0,Healthy,0.0000,0.9996,0.0004,0.0000
Healthy/lyria__P0433__b12.png,Healthy,P0433,0,Healthy,0.0025,0.9975,0.0000,0.0000
Healthy/lyria__P0433__b13.png,Healthy,P0433,0,Healthy,0.0000,0.9999,0.0000,0.0000
Healthy/lyria__P0433__b14.png,Healthy,P0433,0,Healthy,0.0000,0.9998,0.0002,0.0000
Healthy/lyria__P0433__b15.png,Healthy,P0433,0,Healthy,0.0000,0.9999,0.0000,0.0000
Healthy/lyria__P0433__b16.png,Healthy,P0433,0,Healthy,0.0032,0.9945,0.0022,0.0000
Healthy/lyria__P0433__b17.png,Healthy,P0433,0,Healthy,0.0000,0.9883,0.0117,0.0000
Healthy/lyria__P0434__b0.png,Healthy,P0434,0,Healthy,0.0000,0.9995,0.0005,0.0000
Healthy/lyria__P0434__b1.png,Healthy,P0434,0,Healthy,0.0002,0.9997,0.0002,0.0000
Healthy/lyria__P0434__b3.png,Healthy,P0434,0,Healthy,0.0001,0.9998,0.0000,0.0000
Healthy/lyria__P0434__b4.png,Healthy,P0434,0,Healthy,0.0002,0.9966,0.0032,0.0000
Healthy/lyria__P0434__b5.png,Healthy,P0434,0,Healthy,0.0000,0.9999,0.0000,0.0000
Healthy/lyria__P0434__b6.png,Healthy,P0434,0,Healthy,0.0163,0.9739,0.0092,0.0006
Healthy/lyria__P0434__b7.png,Healthy,P0434,0,Healthy,0.0000,0.9998,0.0002,0.0000
Healthy/lyria__P0434__b8.png,Healthy,P0434,0,Healthy,0.0000,0.9999,0.0001,0.0000
Healthy/lyria__P0434__b9.png,Healthy,P0434,0,Healthy,0.0000,0.9979,0.0021,0.0000
Healthy/lyria__P0434__b10.png,Healthy,P0434,0,Healthy,0.0000,1.0000,0.0000,0.0000
Healthy/lyria__P0434__b11.png,Healthy,P0434,0,Healthy,0.0000,0.9970,0.0030,0.0000
Healthy/lyria__P0434__b13.png,Healthy,P0434,0,Healthy,0.0010,0.9975,0.0015,0.0000
Healthy/lyria__P0436__b0.png,Healthy,P0436,0,Healthy,0.0002,0.9921,0.0077,0.0000
Healthy/lyria__P0436__b1.png,Healthy,P0436,0,Healthy,0.0074,0.9740,0.0174,0.0012
Healthy/lyria__P0437__b0.png,Healthy,P0437,0,Endodontics,0.6394,0.3604,0.0001,0.0000
Healthy/lyria__P0437__b1.png,Healthy,P0437,0,Healthy,0.2893,0.7042,0.0049,0.0016
Healthy/lyria__P0437__b2.png,Healthy,P0437,0,Endodontics,0.6462,0.3536,0.0001,0.0000
Healthy/lyria__P0437__b3.png,Healthy,P0437,0,Healthy,0.4803,0.5187,0.0006,0.0004
Healthy/lyria__P0437__b4.png,Healthy,P0437,0,Healthy,0.0058,0.9683,0.0253,0.0006
Healthy/lyria__P0437__b6.png,Healthy,P0437,0,Healthy,0.0016,0.9980,0.0001,0.0003
Healthy/lyria__P0437__b7.png,Healthy,P0437,0,Healthy,0.0091,0.9651,0.0003,0.0255
Healthy/lyria__P0437__b8.png,Healthy,P0437,0,Healthy,0.0017,0.9969,0.0001,0.0014
Healthy/lyria__P0437__b9.png,Healthy,P0437,0,Healthy,0.0001,0.9997,0.0002,0.0000
Healthy/lyria__P0437__b10.png,Healthy,P0437,0,Healthy,0.0075,0.8349,0.1576,0.0001
Healthy/lyria__P0438__b0.png,Healthy,P0438,0,Healthy,0.1450,0.7257,0.0021,0.1272
Healthy/lyria__P0438__b1.png,Healthy,P0438,0,Healthy,0.2847,0.7105,0.0025,0.0023
Healthy/lyria__P0438__b2.png,Healthy,P0438,0,Healthy,0.0000,0.9997,0.0002,0.0000
Healthy/lyria__P0438__b4.png,Healthy,P0438,0,Healthy,0.0001,0.9997,0.0001,0.0001
Healthy/lyria__P0438__b6.png,Healthy,P0438,0,Healthy,0.0000,0.9999,0.0001,0.0000
Healthy/lyria__P0439__b1.png,Healthy,P0439,0,Healthy,0.0429,0.9013,0.0005,0.0553
Healthy/lyria__P0439__b2.png,Healthy,P0439,0,Healthy,0.1087,0.8804,0.0096,0.0014
Healthy/lyria__P0439__b4.png,Healthy,P0439,0,Healthy,0.0001,0.9998,0.0001,0.0000
Healthy/lyria__P0439__b5.png,Healthy,P0439,0,Healthy,0.2974,0.6995,0.0014,0.0017
Healthy/lyria__P0440__b0.png,Healthy,P0440,0,Healthy,0.0029,0.9934,0.0037,0.0000
Healthy/lyria__P0440__b2.png,Healthy,P0440,0,Healthy,0.0000,1.0000,0.0000,0.0000
Healthy/lyria__P0440__b3.png,Healthy,P0440,0,Healthy,0.0001,0.9999,0.0001,0.0000
Healthy/lyria__P0440__b5.png,Healthy,P0440,0,Healthy,0.1847,0.8060,0.0093,0.0000
Healthy/lyria__P0441__b0.png,Healthy,P0441,0,Healthy,0.0000,1.0000,0.0000,0.0000
Healthy/lyria__P0441__b2.png,Healthy,P0441,0,Healthy,0.0000,1.0000,0.0000,0.0000
Healthy/lyria__P0445__b1.png,Healthy,P0445,0,Healthy,0.0000,0.9997,0.0003,0.0000
Healthy/lyria__P0445__b3.png,Healthy,P0445,0,Healthy,0.0009,0.9961,0.0001,0.0028
Healthy/lyria__P0445__b4.png,Healthy,P0445,0,Healthy,0.0000,1.0000,0.0000,0.0000
Healthy/lyria__P0445__b5.png,Healthy,P0445,0,Healthy,0.0000,1.0000,0.0000,0.0000
Healthy/lyria__P0445__b6.png,Healthy,P0445,0,Healthy,0.0107,0.9799,0.0009,0.0084
Healthy/lyria__P0445__b7.png,Healthy,P0445,0,Healthy,0.0002,0.9994,0.0004,0.0000
Healthy/lyria__P0445__b8.png,Healthy,P0445,0,Healthy,0.0000,1.0000,0.0000,0.0000
Healthy/lyria__P0447__b0.png,Healthy,P0447,0,Healthy,0.2215,0.6539,0.1243,0.0004
Healthy/lyria__P0447__b1.png,Healthy,P0447,0,Healthy,0.0004,0.9947,0.0047,0.0002
Healthy/lyria__P0447__b2.png,Healthy,P0447,0,Healthy,0.0000,0.9992,0.0008,0.0000
Healthy/lyria__P0447__b3.png,Healthy,P0447,0,Healthy,0.0003,0.9994,0.0003,0.0000
Healthy/lyria__P0447__b4.png,Healthy,P0447,0,Healthy,0.0002,0.9996,0.0002,0.0000
Healthy/lyria__P0447__b5.png,Healthy,P0447,0,Healthy,0.0103,0.9894,0.0003,0.0000
Healthy/lyria__P0447__b6.png,Healthy,P0447,0,Healthy,0.0042,0.9953,0.0005,0.0000
Healthy/lyria__P0447__b7.png,Healthy,P0447,0,Healthy,0.0021,0.9976,0.0003,0.0000
Healthy/lyria__P0447__b9.png,Healthy,P0447,0,Healthy,0.0011,0.9988,0.0000,0.0001
Healthy/lyria__P0447__b10.png,Healthy,P0447,0,Healthy,0.0059,0.9934,0.0007,0.0000
Healthy/lyria__P0447__b11.png,Healthy,P0447,0,Healthy,0.0002,0.9997,0.0001,0.0000
Healthy/lyria__P0447__b12.png,Healthy,P0447,0,Healthy,0.0015,0.9006,0.0977,0.0002
Healthy/lyria__P0447__b13.png,Healthy,P0447,0,Healthy,0.0013,0.5310,0.4673,0.0004
Healthy/lyria__P0447__b14.png,Healthy,P0447,0,Healthy,0.0018,0.5370,0.4566,0.0046
Healthy/lyria__P0447__b15.png,Healthy,P0447,0,Healthy,0.0045,0.6445,0.3509,0.0000
Healthy/lyria__P0447__b16.png,Healthy,P0447,0,Healthy,0.0005,0.9884,0.0111,0.0000
Healthy/lyria__P0447__b17.png,Healthy,P0447,0,Healthy,0.0005,0.9664,0.0331,0.0000
Healthy/lyria__P0447__b18.png,Healthy,P0447,0,Healthy,0.0118,0.9841,0.0033,0.0008
Healthy/lyria__P0447__b19.png,Healthy,P0447,0,Healthy,0.0000,1.0000,0.0000,0.0000
Healthy/lyria__P0447__b20.png,Healthy,P0447,0,Healthy,0.0000,0.9998,0.0001,0.0000
Healthy/lyria__P0447__b21.png,Healthy,P0447,0,Healthy,0.0000,0.9997,0.0002,0.0000
Healthy/lyria__P0447__b22.png,Healthy,P0447,0,Healthy,0.0000,0.9999,0.0001,0.0000
Healthy/lyria__P0447__b24.png,Healthy,P0447,0,Healthy,0.0002,0.9978,0.0020,0.0000
Healthy/lyria__P0447__b25.png,Healthy,P0447,0,Healthy,0.0001,0.9863,0.0136,0.0000
Healthy/lyria__P0447__b26.png,Healthy,P0447,0,Healthy,0.0007,0.9972,0.0021,0.0000
Healthy/lyria__P0447__b27.png,Healthy,P0447,0,Healthy,0.0013,0.8044,0.1942,0.0001
Healthy/lyria__P0449__b0.png,Healthy,P0449,0,Healthy,0.0015,0.6490,0.3493,0.0002
Healthy/lyria__P0449__b1.png,Healthy,P0449,0,Healthy,0.0000,0.9999,0.0001,0.0000
Healthy/lyria__P0449__b3.png,Healthy,P0449,0,Healthy,0.0042,0.9957,0.0001,0.0000
Healthy/lyria__P0449__b4.png,Healthy,P0449,0,Healthy,0.0035,0.9965,0.0000,0.0000
Healthy/lyria__P0449__b5.png,Healthy,P0449,0,Healthy,0.0249,0.9741,0.0002,0.0008
Healthy/lyria__P0449__b6.png,Healthy,P0449,0,Healthy,0.0062,0.9925,0.0011,0.0002
Healthy/lyria__P0449__b7.png,Healthy,P0449,0,Healthy,0.0009,0.9987,0.0004,0.0001
Healthy/lyria__P0449__b8.png,Healthy,P0449,0,Healthy,0.0007,0.9965,0.0028,0.0000
Healthy/lyria__P0449__b9.png,Healthy,P0449,0,Impacted,0.0004,0.3310,0.6676,0.0010
Healthy/lyria__P0449__b10.png,Healthy,P0449,0,Healthy,0.0003,0.9993,0.0004,0.0000
Healthy/lyria__P0449__b11.png,Healthy,P0449,0,Healthy,0.0002,0.9989,0.0006,0.0002
Healthy/lyria__P0449__b12.png,Healthy,P0449,0,Healthy,0.0005,0.9975,0.0020,0.0001
Healthy/lyria__P0449__b13.png,Healthy,P0449,0,Healthy,0.0032,0.8449,0.1513,0.0007
Healthy/lyria__P0449__b14.png,Healthy,P0449,0,Healthy,0.0000,0.9998,0.0002,0.0000
Healthy/lyria__P0449__b15.png,Healthy,P0449,0,Healthy,0.0000,1.0000,0.0000,0.0000
Healthy/lyria__P0449__b16.png,Healthy,P0449,0,Healthy,0.0000,0.9999,0.0000,0.0000
Healthy/lyria__P0449__b17.png,Healthy,P0449,0,Healthy,0.0000,0.9998,0.0002,0.0000
Healthy/lyria__P0449__b18.png,Healthy,P0449,0,Healthy,0.0000,0.9994,0.0006,0.0000
Healthy/lyria__P0449__b19.png,Healthy,P0449,0,Healthy,0.0000,0.9999,0.0000,0.0000
Healthy/lyria__P0449__b20.png,Healthy,P0449,0,Healthy,0.0055,0.9938,0.0003,0.0005
Healthy/lyria__P0449__b21.png,Healthy,P0449,0,Healthy,0.0018,0.9978,0.0003,0.0001
Healthy/lyria__P0449__b22.png,Healthy,P0449,0,Healthy,0.0001,0.9999,0.0000,0.0000
Healthy/lyria__P0449__b24.png,Healthy,P0449,0,Healthy,0.0484,0.9446,0.0055,0.0015
Healthy/lyria__P0449__b25.png,Healthy,P0449,0,Healthy,0.0496,0.9464,0.0037,0.0002
Healthy/lyria__P0449__b26.png,Healthy,P0449,0,Healthy,0.0005,0.9129,0.0866,0.0000
Healthy/lyria__P0450__b0.png,Healthy,P0450,0,Healthy,0.0282,0.9712,0.0005,0.0002
Healthy/lyria__P0450__b1.png,Healthy,P0450,0,Healthy,0.1700,0.8159,0.0002,0.0139
Healthy/lyria__P0450__b2.png,Healthy,P0450,0,Healthy,0.0633,0.9359,0.0008,0.0001
Healthy/lyria__P0450__b3.png,Healthy,P0450,0,Healthy,0.0945,0.9052,0.0003,0.0000
Healthy/lyria__P0450__b5.png,Healthy,P0450,0,Healthy,0.0000,0.9998,0.0002,0.0000
Healthy/lyria__P0450__b6.png,Healthy,P0450,0,Healthy,0.0030,0.9901,0.0030,0.0039
Healthy/lyria__P0450__b7.png,Healthy,P0450,0,Healthy,0.0000,0.9990,0.0009,0.0000
Healthy/lyria__P0450__b8.png,Healthy,P0450,0,Healthy,0.0000,0.9995,0.0005,0.0000
Healthy/lyria__P0450__b9.png,Healthy,P0450,0,Healthy,0.0045,0.9908,0.0046,0.0000
Healthy/lyria__P0450__b10.png,Healthy,P0450,0,Healthy,0.0756,0.9231,0.0011,0.0001
Healthy/lyria__P0450__b11.png,Healthy,P0450,0,Healthy,0.0684,0.9304,0.0011,0.0000
Healthy/lyria__P0046__b0.png,Healthy,P0046,0,Healthy,0.0002,0.9996,0.0001,0.0000
Healthy/lyria__P0046__b1.png,Healthy,P0046,0,Healthy,0.0001,0.9998,0.0000,0.0000
Healthy/lyria__P0046__b4.png,Healthy,P0046,0,Healthy,0.0001,0.9998,0.0000,0.0001
Healthy/lyria__P0046__b5.png,Healthy,P0046,0,Healthy,0.0011,0.9988,0.0001,0.0000
Healthy/lyria__P0046__b6.png,Healthy,P0046,0,Healthy,0.0000,0.9999,0.0001,0.0000
Healthy/lyria__P0046__b7.png,Healthy,P0046,0,Healthy,0.0003,0.9996,0.0001,0.0000
Healthy/lyria__P0046__b8.png,Healthy,P0046,0,Healthy,0.0000,1.0000,0.0000,0.0000
Healthy/lyria__P0046__b9.png,Healthy,P0046,0,Healthy,0.0000,0.9999,0.0000,0.0000
Healthy/lyria__P0046__b10.png,Healthy,P0046,0,Healthy,0.0001,0.9995,0.0004,0.0000
Healthy/lyria__P0046__b11.png,Healthy,P0046,0,Healthy,0.0000,0.9999,0.0001,0.0000
Healthy/lyria__P0046__b12.png,Healthy,P0046,0,Healthy,0.0002,0.9983,0.0015,0.0000
Healthy/lyria__P0454__b0.png,Healthy,P0454,0,Healthy,0.0015,0.9916,0.0069,0.0000
Healthy/lyria__P0454__b1.png,Healthy,P0454,0,Healthy,0.0008,0.9985,0.0007,0.0000
Healthy/lyria__P0454__b2.png,Healthy,P0454,0,Healthy,0.0000,0.9996,0.0004,0.0000
Healthy/lyria__P0454__b3.png,Healthy,P0454,0,Healthy,0.0001,0.9999,0.0000,0.0000
Healthy/lyria__P0454__b4.png,Healthy,P0454,0,Healthy,0.0013,0.9947,0.0041,0.0000
Healthy/lyria__P0454__b5.png,Healthy,P0454,0,Healthy,0.0001,0.9996,0.0003,0.0000
Healthy/lyria__P0454__b6.png,Healthy,P0454,0,Healthy,0.0004,0.9992,0.0004,0.0000
Healthy/lyria__P0454__b7.png,Healthy,P0454,0,Healthy,0.0000,0.9999,0.0001,0.0000
Healthy/lyria__P0454__b8.png,Healthy,P0454,0,Healthy,0.0000,0.9998,0.0002,0.0000
Healthy/lyria__P0454__b9.png,Healthy,P0454,0,Healthy,0.0002,0.9969,0.0029,0.0000
Healthy/lyria__P0454__b10.png,Healthy,P0454,0,Healthy,0.1045,0.8091,0.0845,0.0019
Healthy/lyria__P0454__b12.png,Healthy,P0454,0,Healthy,0.0005,0.9887,0.0108,0.0000
Healthy/lyria__P0454__b13.png,Healthy,P0454,0,Healthy,0.0001,0.9983,0.0016,0.0000
Healthy/lyria__P0454__b14.png,Healthy,P0454,0,Healthy,0.0000,1.0000,0.0000,0.0000
Healthy/lyria__P0454__b15.png,Healthy,P0454,0,Healthy,0.0000,0.9999,0.0001,0.0000
Healthy/lyria__P0454__b16.png,Healthy,P0454,0,Healthy,0.0000,1.0000,0.0000,0.0000
Healthy/lyria__P0454__b17.png,Healthy,P0454,0,Healthy,0.0000,0.9981,0.0018,0.0000
Healthy/lyria__P0454__b19.png,Healthy,P0454,0,Healthy,0.0010,0.9584,0.0405,0.0000
Healthy/lyria__P0455__b0.png,Healthy,P0455,0,Healthy,0.1098,0.6382,0.2518,0.0002
Healthy/lyria__P0455__b1.png,Healthy,P0455,0,Healthy,0.0255,0.6968,0.2768,0.0009
Healthy/lyria__P0455__b2.png,Healthy,P0455,0,Healthy,0.0009,0.9989,0.0002,0.0000
Healthy/lyria__P0455__b4.png,Healthy,P0455,0,Healthy,0.0016,0.9982,0.0002,0.0001
Healthy/lyria__P0455__b5.png,Healthy,P0455,0,Healthy,0.0001,0.9999,0.0000,0.0000
Healthy/lyria__P0455__b6.png,Healthy,P0455,0,Healthy,0.0014,0.9788,0.0197,0.0000
Healthy/lyria__P0455__b8.png,Healthy,P0455,0,Healthy,0.0008,0.9991,0.0001,0.0000
Healthy/lyria__P0455__b9.png,Healthy,P0455,0,Healthy,0.0102,0.9891,0.0004,0.0003
Healthy/lyria__P0455__b10.png,Healthy,P0455,0,Healthy,0.1007,0.8986,0.0004,0.0002
Healthy/lyria__P0455__b11.png,Healthy,P0455,0,Healthy,0.0009,0.9988,0.0003,0.0000
Healthy/lyria__P0455__b12.png,Healthy,P0455,0,Impacted,0.0038,0.4903,0.5053,0.0006
Healthy/lyria__P0455__b13.png,Healthy,P0455,0,Healthy,0.0015,0.7253,0.2727,0.0006
Healthy/lyria__P0455__b14.png,Healthy,P0455,0,Healthy,0.0008,0.9703,0.0288,0.0000
Healthy/lyria__P0455__b15.png,Healthy,P0455,0,Healthy,0.0001,0.9994,0.0004,0.0000
Healthy/lyria__P0455__b16.png,Healthy,P0455,0,Healthy,0.0104,0.9873,0.0022,0.0000
Healthy/lyria__P0455__b17.png,Healthy,P0455,0,Healthy,0.0000,0.9946,0.0054,0.0000
Healthy/lyria__P0455__b18.png,Healthy,P0455,0,Healthy,0.0000,0.9998,0.0002,0.0000
Healthy/lyria__P0455__b19.png,Healthy,P0455,0,Healthy,0.0001,0.9998,0.0001,0.0000
Healthy/lyria__P0455__b20.png,Healthy,P0455,0,Healthy,0.0000,1.0000,0.0000,0.0000
Healthy/lyria__P0455__b21.png,Healthy,P0455,0,Healthy,0.0000,1.0000,0.0000,0.0000
Healthy/lyria__P0455__b22.png,Healthy,P0455,0,Healthy,0.0001,0.9997,0.0002,0.0000
Healthy/lyria__P0455__b23.png,Healthy,P0455,0,Healthy,0.0133,0.9857,0.0010,0.0000
Healthy/lyria__P0455__b24.png,Healthy,P0455,0,Healthy,0.0000,0.9966,0.0034,0.0000
Healthy/lyria__P0455__b25.png,Healthy,P0455,0,Impacted,0.0001,0.3266,0.6733,0.0000
Healthy/lyria__P0456__b0.png,Healthy,P0456,0,Impacted,0.0001,0.3204,0.6795,0.0000
Healthy/lyria__P0456__b1.png,Healthy,P0456,0,Healthy,0.0010,0.9907,0.0083,0.0000
Healthy/lyria__P0456__b2.png,Healthy,P0456,0,Healthy,0.0009,0.9717,0.0274,0.0000
Healthy/lyria__P0456__b3.png,Healthy,P0456,0,Healthy,0.0056,0.9943,0.0001,0.0000
Healthy/lyria__P0456__b4.png,Healthy,P0456,0,Healthy,0.0004,0.9996,0.0000,0.0000
Healthy/lyria__P0456__b5.png,Healthy,P0456,0,Healthy,0.0466,0.9521,0.0012,0.0001
Healthy/lyria__P0456__b6.png,Healthy,P0456,0,Healthy,0.0000,0.9999,0.0000,0.0000
Healthy/lyria__P0456__b7.png,Healthy,P0456,0,Healthy,0.0000,0.9999,0.0000,0.0000
Healthy/lyria__P0456__b8.png,Healthy,P0456,0,Healthy,0.0002,0.9997,0.0001,0.0000
Healthy/lyria__P0456__b9.png,Healthy,P0456,0,Healthy,0.0003,0.9996,0.0000,0.0001
Healthy/lyria__P0456__b10.png,Healthy,P0456,0,Healthy,0.0062,0.9932,0.0006,0.0000
Healthy/lyria__P0456__b11.png,Healthy,P0456,0,Healthy,0.0002,0.9998,0.0001,0.0000
Healthy/lyria__P0456__b12.png,Healthy,P0456,0,Healthy,0.0010,0.9989,0.0001,0.0000
Healthy/lyria__P0456__b13.png,Healthy,P0456,0,Healthy,0.0003,0.9582,0.0415,0.0000
Healthy/lyria__P0456__b14.png,Healthy,P0456,0,Impacted,0.0001,0.2910,0.7087,0.0002
Healthy/lyria__P0456__b15.png,Healthy,P0456,0,Impacted,0.0000,0.0220,0.9780,0.0000
Healthy/lyria__P0456__b16.png,Healthy,P0456,0,Healthy,0.0003,0.9143,0.0854,0.0000
Healthy/lyria__P0456__b17.png,Healthy,P0456,0,Healthy,0.0012,0.9820,0.0166,0.0002
Healthy/lyria__P0456__b19.png,Healthy,P0456,0,Healthy,0.0035,0.9964,0.0000,0.0000
Healthy/lyria__P0456__b20.png,Healthy,P0456,0,Healthy,0.0001,0.9999,0.0000,0.0000
Healthy/lyria__P0456__b21.png,Healthy,P0456,0,Healthy,0.0000,0.9999,0.0001,0.0000
Healthy/lyria__P0456__b22.png,Healthy,P0456,0,Healthy,0.0000,0.9992,0.0007,0.0000
Healthy/lyria__P0456__b23.png,Healthy,P0456,0,Healthy,0.0000,0.9999,0.0001,0.0000
Healthy/lyria__P0456__b24.png,Healthy,P0456,0,Healthy,0.0000,0.9999,0.0000,0.0000
Healthy/lyria__P0456__b25.png,Healthy,P0456,0,Healthy,0.0002,0.9998,0.0000,0.0000
Healthy/lyria__P0456__b26.png,Healthy,P0456,0,Healthy,0.0002,0.9993,0.0005,0.0000
Healthy/lyria__P0456__b27.png,Healthy,P0456,0,Healthy,0.0090,0.9886,0.0024,0.0000
Healthy/lyria__P0456__b28.png,Healthy,P0456,0,Healthy,0.0004,0.9981,0.0015,0.0000
Healthy/lyria__P0456__b29.png,Healthy,P0456,0,Healthy,0.0008,0.9911,0.0081,0.0000
Healthy/lyria__P0458__b0.png,Healthy,P0458,0,Impacted,0.0043,0.2243,0.7714,0.0000
Healthy/lyria__P0458__b1.png,Healthy,P0458,0,Healthy,0.0005,0.9988,0.0006,0.0000
Healthy/lyria__P0458__b2.png,Healthy,P0458,0,Healthy,0.0000,1.0000,0.0000,0.0000
Healthy/lyria__P0458__b3.png,Healthy,P0458,0,Healthy,0.0099,0.9890,0.0011,0.0000
Healthy/lyria__P0458__b4.png,Healthy,P0458,0,Healthy,0.0127,0.9867,0.0002,0.0004
Healthy/lyria__P0458__b6.png,Healthy,P0458,0,Healthy,0.0002,0.9995,0.0003,0.0000
Healthy/lyria__P0458__b7.png,Healthy,P0458,0,Healthy,0.0110,0.9621,0.0265,0.0004
Healthy/lyria__P0458__b8.png,Healthy,P0458,0,Healthy,0.0006,0.9987,0.0005,0.0002
Healthy/lyria__P0458__b9.png,Healthy,P0458,0,Healthy,0.0842,0.8772,0.0005,0.0382
Healthy/lyria__P0458__b10.png,Healthy,P0458,0,Healthy,0.0007,0.9991,0.0000,0.0001
Healthy/lyria__P0458__b11.png,Healthy,P0458,0,Healthy,0.0003,0.9988,0.0008,0.0000
Healthy/lyria__P0458__b12.png,Healthy,P0458,0,Healthy,0.0013,0.9941,0.0046,0.0000
Healthy/lyria__P0458__b13.png,Healthy,P0458,0,Healthy,0.0432,0.9500,0.0036,0.0031
Healthy/lyria__P0458__b14.png,Healthy,P0458,0,Healthy,0.0416,0.9251,0.0047,0.0286
Healthy/lyria__P0458__b15.png,Healthy,P0458,0,Impacted,0.0044,0.1188,0.8760,0.0009
Healthy/lyria__P0458__b16.png,Healthy,P0458,0,Impacted,0.0000,0.1299,0.8700,0.0001
Healthy/lyria__P0458__b17.png,Healthy,P0458,0,Healthy,0.0001,0.6959,0.3039,0.0001
Healthy/lyria__P0458__b18.png,Healthy,P0458,0,Healthy,0.0032,0.6700,0.3267,0.0001
Healthy/lyria__P0458__b19.png,Healthy,P0458,0,Healthy,0.0005,0.9678,0.0317,0.0001
Healthy/lyria__P0458__b20.png,Healthy,P0458,0,Healthy,0.0029,0.9674,0.0296,0.0001
Healthy/lyria__P0458__b21.png,Healthy,P0458,0,Healthy,0.0001,0.9998,0.0001,0.0000
Healthy/lyria__P0458__b23.png,Healthy,P0458,0,Healthy,0.0008,0.9838,0.0154,0.0000
Healthy/lyria__P0458__b24.png,Healthy,P0458,0,Healthy,0.0006,0.9986,0.0008,0.0000
Healthy/lyria__P0458__b25.png,Healthy,P0458,0,Healthy,0.0000,0.9979,0.0020,0.0000
Healthy/lyria__P0458__b26.png,Healthy,P0458,0,Healthy,0.0001,0.9967,0.0032,0.0000
Healthy/lyria__P0458__b27.png,Healthy,P0458,0,Healthy,0.0006,0.9984,0.0011,0.0000
Healthy/lyria__P0458__b28.png,Healthy,P0458,0,Healthy,0.0001,0.9904,0.0095,0.0000
Healthy/lyria__P0458__b29.png,Healthy,P0458,0,Healthy,0.0001,0.9817,0.0182,0.0000
Healthy/lyria__P0458__b30.png,Healthy,P0458,0,Healthy,0.0001,0.9979,0.0020,0.0000
Healthy/lyria__P0458__b31.png,Healthy,P0458,0,Healthy,0.0015,0.5847,0.4136,0.0003
Healthy/lyria__P0460__b0.png,Healthy,P0460,0,Healthy,0.0001,0.9074,0.0923,0.0002
Healthy/lyria__P0460__b1.png,Healthy,P0460,0,Healthy,0.0002,0.9724,0.0272,0.0001
Healthy/lyria__P0460__b2.png,Healthy,P0460,0,Healthy,0.0000,0.9999,0.0000,0.0000
Healthy/lyria__P0460__b3.png,Healthy,P0460,0,Healthy,0.0002,0.9998,0.0000,0.0000
Healthy/lyria__P0460__b4.png,Healthy,P0460,0,Healthy,0.0000,0.9999,0.0000,0.0000
Healthy/lyria__P0460__b5.png,Healthy,P0460,0,Healthy,0.0006,0.9993,0.0001,0.0000
Healthy/lyria__P0460__b6.png,Healthy,P0460,0,Healthy,0.0011,0.9987,0.0001,0.0000
Healthy/lyria__P0460__b7.png,Healthy,P0460,0,Healthy,0.0002,0.9997,0.0001,0.0000
Healthy/lyria__P0460__b9.png,Healthy,P0460,0,Healthy,0.0002,0.9998,0.0000,0.0000
Healthy/lyria__P0460__b10.png,Healthy,P0460,0,Healthy,0.0002,0.9998,0.0001,0.0000
Healthy/lyria__P0460__b11.png,Healthy,P0460,0,Healthy,0.0000,1.0000,0.0000,0.0000
Healthy/lyria__P0460__b12.png,Healthy,P0460,0,Healthy,0.0003,0.7661,0.2335,0.0001
Healthy/lyria__P0460__b13.png,Healthy,P0460,0,Healthy,0.0019,0.6480,0.3495,0.0006
Healthy/lyria__P0460__b14.png,Healthy,P0460,0,Healthy,0.0000,0.9999,0.0000,0.0000
Healthy/lyria__P0460__b15.png,Healthy,P0460,0,Healthy,0.0001,0.9997,0.0003,0.0000
Healthy/lyria__P0460__b16.png,Healthy,P0460,0,Healthy,0.0000,1.0000,0.0000,0.0000
Healthy/lyria__P0460__b17.png,Healthy,P0460,0,Healthy,0.0000,1.0000,0.0000,0.0000
Healthy/lyria__P0460__b18.png,Healthy,P0460,0,Healthy,0.0000,0.9998,0.0002,0.0000
Healthy/lyria__P0460__b19.png,Healthy,P0460,0,Healthy,0.0012,0.9975,0.0013,0.0000
Healthy/lyria__P0460__b20.png,Healthy,P0460,0,Healthy,0.0001,0.9998,0.0000,0.0000
Healthy/lyria__P0460__b21.png,Healthy,P0460,0,Healthy,0.0000,1.0000,0.0000,0.0000
Healthy/lyria__P0460__b22.png,Healthy,P0460,0,Healthy,0.0004,0.9994,0.0002,0.0000
Healthy/lyria__P0460__b24.png,Healthy,P0460,0,Healthy,0.0012,0.5467,0.4516,0.0005
Healthy/lyria__P0461__b0.png,Healthy,P0461,0,Healthy,0.0132,0.7358,0.2506,0.0004
Healthy/lyria__P0461__b1.png,Healthy,P0461,0,Healthy,0.0004,0.9993,0.0002,0.0000
Healthy/lyria__P0461__b2.png,Healthy,P0461,0,Healthy,0.0023,0.9975,0.0002,0.0000
Healthy/lyria__P0461__b3.png,Healthy,P0461,0,Healthy,0.0005,0.9992,0.0002,0.0000
Healthy/lyria__P0461__b4.png,Healthy,P0461,0,Healthy,0.0895,0.9090,0.0015,0.0000
Healthy/lyria__P0461__b5.png,Healthy,P0461,0,Healthy,0.0696,0.9290,0.0014,0.0001
Healthy/lyria__P0461__b6.png,Healthy,P0461,0,Healthy,0.0539,0.9340,0.0117,0.0005
Healthy/lyria__P0461__b7.png,Healthy,P0461,0,Healthy,0.1329,0.8585,0.0083,0.0003
Healthy/lyria__P0461__b8.png,Healthy,P0461,0,Healthy,0.0458,0.8643,0.0897,0.0001
Healthy/lyria__P0461__b9.png,Healthy,P0461,0,Healthy,0.0065,0.9769,0.0165,0.0001
Healthy/lyria__P0461__b10.png,Healthy,P0461,0,Healthy,0.3226,0.6761,0.0012,0.0001
Healthy/lyria__P0461__b11.png,Healthy,P0461,0,Healthy,0.0283,0.9710,0.0007,0.0000
Healthy/lyria__P0461__b12.png,Healthy,P0461,0,Healthy,0.0000,1.0000,0.0000,0.0000
Healthy/lyria__P0461__b13.png,Healthy,P0461,0,Healthy,0.0044,0.9867,0.0088,0.0001
Healthy/lyria__P0461__b14.png,Healthy,P0461,0,Healthy,0.0024,0.9040,0.0936,0.0000
Healthy/lyria__P0461__b15.png,Healthy,P0461,0,Impacted,0.0076,0.1391,0.8517,0.0016
Healthy/lyria__P0461__b16.png,Healthy,P0461,0,Healthy,0.0001,0.9996,0.0004,0.0000
Healthy/lyria__P0461__b17.png,Healthy,P0461,0,Healthy,0.0005,0.9893,0.0008,0.0094
Healthy/lyria__P0461__b18.png,Healthy,P0461,0,Healthy,0.0005,0.9978,0.0016,0.0002
Healthy/lyria__P0461__b19.png,Healthy,P0461,0,Healthy,0.0001,0.9993,0.0007,0.0000
Healthy/lyria__P0461__b21.png,Healthy,P0461,0,Healthy,0.0007,0.9985,0.0008,0.0000
Healthy/lyria__P0461__b22.png,Healthy,P0461,0,Healthy,0.0000,0.9940,0.0060,0.0000
Healthy/lyria__P0461__b23.png,Healthy,P0461,0,Healthy,0.0000,1.0000,0.0000,0.0000
Healthy/lyria__P0461__b24.png,Healthy,P0461,0,Healthy,0.0000,0.9982,0.0017,0.0000
Healthy/lyria__P0461__b25.png,Healthy,P0461,0,Healthy,0.0002,0.9598,0.0400,0.0000
Healthy/lyria__P0461__b26.png,Healthy,P0461,0,Impacted,0.0000,0.0007,0.9992,0.0000
Healthy/lyria__P0461__b27.png,Healthy,P0461,0,Healthy,0.0000,0.9999,0.0001,0.0000
Healthy/lyria__P0461__b28.png,Healthy,P0461,0,Healthy,0.0000,1.0000,0.0000,0.0000
Healthy/lyria__P0461__b29.png,Healthy,P0461,0,Healthy,0.0001,0.9700,0.0298,0.0000
Healthy/lyria__P0461__b30.png,Healthy,P0461,0,Impacted,0.0003,0.1984,0.8011,0.0002
Healthy/lyria__P0462__b0.png,Healthy,P0462,0,Healthy,0.0005,0.9937,0.0058,0.0000
Healthy/lyria__P0462__b1.png,Healthy,P0462,0,Healthy,0.0011,0.9950,0.0039,0.0000
Healthy/lyria__P0462__b2.png,Healthy,P0462,0,Healthy,0.0081,0.9909,0.0009,0.0000
Healthy/lyria__P0462__b3.png,Healthy,P0462,0,Healthy,0.0195,0.9804,0.0000,0.0000
Healthy/lyria__P0462__b4.png,Healthy,P0462,0,Healthy,0.0029,0.9971,0.0000,0.0000
Healthy/lyria__P0462__b5.png,Healthy,P0462,0,Healthy,0.0000,0.9999,0.0000,0.0000
Healthy/lyria__P0462__b6.png,Healthy,P0462,0,Healthy,0.0012,0.9903,0.0085,0.0000
Healthy/lyria__P0462__b7.png,Healthy,P0462,0,Healthy,0.0142,0.9828,0.0024,0.0006
Healthy/lyria__P0462__b8.png,Healthy,P0462,0,Healthy,0.0004,0.9994,0.0001,0.0000
Healthy/lyria__P0462__b9.png,Healthy,P0462,0,Healthy,0.0179,0.9820,0.0001,0.0000
Healthy/lyria__P0462__b11.png,Healthy,P0462,0,Healthy,0.0001,0.8176,0.1822,0.0000
Healthy/lyria__P0462__b12.png,Healthy,P0462,0,Healthy,0.0124,0.9852,0.0024,0.0000
Healthy/lyria__P0462__b13.png,Healthy,P0462,0,Healthy,0.0001,0.9999,0.0000,0.0000
Healthy/lyria__P0462__b14.png,Healthy,P0462,0,Healthy,0.0000,0.9997,0.0002,0.0000
Healthy/lyria__P0462__b15.png,Healthy,P0462,0,Healthy,0.0000,0.9999,0.0000,0.0000
Healthy/lyria__P0462__b16.png,Healthy,P0462,0,Healthy,0.0000,1.0000,0.0000,0.0000
Healthy/lyria__P0462__b17.png,Healthy,P0462,0,Healthy,0.0000,1.0000,0.0000,0.0000
Healthy/lyria__P0462__b18.png,Healthy,P0462,0,Healthy,0.0000,1.0000,0.0000,0.0000
Healthy/lyria__P0462__b20.png,Healthy,P0462,0,Healthy,0.0000,0.9999,0.0000,0.0000
Healthy/lyria__P0462__b21.png,Healthy,P0462,0,Healthy,0.0000,0.9998,0.0001,0.0000
Healthy/lyria__P0462__b22.png,Healthy,P0462,0,Healthy,0.0000,0.9998,0.0002,0.0000
Healthy/lyria__P0462__b23.png,Healthy,P0462,0,Healthy,0.0009,0.9937,0.0053,0.0001
Healthy/lyria__P0463__b0.png,Healthy,P0463,0,Healthy,0.0029,0.7861,0.2108,0.0003
Healthy/lyria__P0463__b1.png,Healthy,P0463,0,Healthy,0.0002,0.9991,0.0007,0.0000
Healthy/lyria__P0463__b2.png,Healthy,P0463,0,Healthy,0.0003,0.9994,0.0003,0.0000
Healthy/lyria__P0463__b3.png,Healthy,P0463,0,Healthy,0.0043,0.9809,0.0148,0.0000
Healthy/lyria__P0463__b4.png,Healthy,P0463,0,Healthy,0.0008,0.9992,0.0000,0.0000
Healthy/lyria__P0463__b5.png,Healthy,P0463,0,Healthy,0.0002,0.9998,0.0000,0.0000
Healthy/lyria__P0463__b6.png,Healthy,P0463,0,Healthy,0.0007,0.9992,0.0001,0.0000
Healthy/lyria__P0463__b7.png,Healthy,P0463,0,Healthy,0.0000,0.9999,0.0001,0.0000
Healthy/lyria__P0463__b8.png,Healthy,P0463,0,Healthy,0.0009,0.9947,0.0044,0.0000
Healthy/lyria__P0463__b9.png,Healthy,P0463,0,Healthy,0.0001,0.9999,0.0000,0.0000
Healthy/lyria__P0463__b11.png,Healthy,P0463,0,Healthy,0.0002,0.9998,0.0000,0.0000
Healthy/lyria__P0463__b12.png,Healthy,P0463,0,Healthy,0.0008,0.9817,0.0176,0.0000
Healthy/lyria__P0463__b13.png,Healthy,P0463,0,Healthy,0.0010,0.9968,0.0022,0.0000
Healthy/lyria__P0463__b14.png,Healthy,P0463,0,Healthy,0.0107,0.7887,0.2005,0.0000
Healthy/lyria__P0463__b15.png,Healthy,P0463,0,Healthy,0.0494,0.5853,0.3651,0.0002
Healthy/lyria__P0463__b16.png,Healthy,P0463,0,Healthy,0.0000,0.9998,0.0002,0.0000
Healthy/lyria__P0463__b17.png,Healthy,P0463,0,Healthy,0.0000,1.0000,0.0000,0.0000
Healthy/lyria__P0463__b18.png,Healthy,P0463,0,Healthy,0.0000,0.9999,0.0001,0.0000
Healthy/lyria__P0463__b19.png,Healthy,P0463,0,Healthy,0.0000,0.9998,0.0001,0.0000
Healthy/lyria__P0463__b20.png,Healthy,P0463,0,Healthy,0.0001,0.9955,0.0044,0.0000
Healthy/lyria__P0463__b21.png,Healthy,P0463,0,Healthy,0.0001,0.9965,0.0034,0.0000
Healthy/lyria__P0463__b22.png,Healthy,P0463,0,Healthy,0.0001,0.9997,0.0002,0.0000
Healthy/lyria__P0463__b23.png,Healthy,P0463,0,Healthy,0.0005,0.9986,0.0009,0.0000
Healthy/lyria__P0463__b24.png,Healthy,P0463,0,Healthy,0.0000,1.0000,0.0000,0.0000
Healthy/lyria__P0463__b25.png,Healthy,P0463,0,Healthy,0.0001,0.5799,0.4199,0.0000
Healthy/lyria__P0463__b27.png,Healthy,P0463,0,Healthy,0.0001,0.9997,0.0002,0.0000
Healthy/lyria__P0463__b28.png,Healthy,P0463,0,Healthy,0.0000,0.9999,0.0001,0.0000
Healthy/lyria__P0463__b29.png,Healthy,P0463,0,Healthy,0.0000,0.9925,0.0075,0.0000
Healthy/lyria__P0463__b30.png,Healthy,P0463,0,Healthy,0.0001,0.7154,0.2831,0.0015
Healthy/lyria__P0047__b2.png,Healthy,P0047,0,Healthy,0.0001,0.9999,0.0000,0.0000
Healthy/lyria__P0047__b3.png,Healthy,P0047,0,Healthy,0.0005,0.9904,0.0091,0.0000
Healthy/lyria__P0465__b0.png,Healthy,P0465,0,Healthy,0.0022,0.9934,0.0043,0.0001
Healthy/lyria__P0465__b1.png,Healthy,P0465,0,Healthy,0.0001,0.9995,0.0004,0.0000
Healthy/lyria__P0465__b2.png,Healthy,P0465,0,Healthy,0.0003,0.9996,0.0001,0.0001
Healthy/lyria__P0465__b3.png,Healthy,P0465,0,Healthy,0.0000,1.0000,0.0000,0.0000
Healthy/lyria__P0465__b4.png,Healthy,P0465,0,Healthy,0.0000,1.0000,0.0000,0.0000
Healthy/lyria__P0465__b5.png,Healthy,P0465,0,Healthy,0.0000,0.9999,0.0000,0.0000
Healthy/lyria__P0465__b6.png,Healthy,P0465,0,Healthy,0.0004,0.9982,0.0014,0.0000
Healthy/lyria__P0465__b7.png,Healthy,P0465,0,Healthy,0.0000,0.9999,0.0000,0.0000
Healthy/lyria__P0465__b8.png,Healthy,P0465,0,Healthy,0.0001,0.9998,0.0001,0.0000
Healthy/lyria__P0465__b9.png,Healthy,P0465,0,Healthy,0.0001,0.9999,0.0001,0.0000
Healthy/lyria__P0465__b10.png,Healthy,P0465,0,Healthy,0.0001,0.9999,0.0000,0.0000
Healthy/lyria__P0465__b11.png,Healthy,P0465,0,Healthy,0.0003,0.9996,0.0001,0.0000
Healthy/lyria__P0465__b12.png,Healthy,P0465,0,Healthy,0.0012,0.9985,0.0003,0.0000
Healthy/lyria__P0465__b13.png,Healthy,P0465,0,Healthy,0.0005,0.9692,0.0302,0.0001
Healthy/lyria__P0465__b15.png,Healthy,P0465,0,Healthy,0.0007,0.9946,0.0047,0.0000
Healthy/lyria__P0465__b16.png,Healthy,P0465,0,Healthy,0.0002,0.9974,0.0024,0.0000
Healthy/lyria__P0465__b17.png,Healthy,P0465,0,Healthy,0.0000,0.9997,0.0003,0.0000
Healthy/lyria__P0465__b18.png,Healthy,P0465,0,Healthy,0.0013,0.9986,0.0001,0.0000
Healthy/lyria__P0465__b19.png,Healthy,P0465,0,Healthy,0.0000,0.9999,0.0001,0.0000
Healthy/lyria__P0465__b20.png,Healthy,P0465,0,Healthy,0.0079,0.9752,0.0037,0.0132
Healthy/lyria__P0465__b21.png,Healthy,P0465,0,Healthy,0.0007,0.9959,0.0034,0.0000
Healthy/lyria__P0465__b22.png,Healthy,P0465,0,Healthy,0.0009,0.9420,0.0572,0.0000
Healthy/lyria__P0465__b23.png,Healthy,P0465,0,Healthy,0.0000,1.0000,0.0000,0.0000
Healthy/lyria__P0465__b24.png,Healthy,P0465,0,Healthy,0.0000,0.9999,0.0000,0.0000
Healthy/lyria__P0466__b0.png,Healthy,P0466,0,Healthy,0.0001,0.8275,0.1723,0.0001
Healthy/lyria__P0466__b1.png,Healthy,P0466,0,Healthy,0.0000,0.9987,0.0013,0.0000
Healthy/lyria__P0466__b2.png,Healthy,P0466,0,Healthy,0.0001,0.9993,0.0006,0.0000
Healthy/lyria__P0466__b3.png,Healthy,P0466,0,Healthy,0.0001,0.9998,0.0001,0.0000
Healthy/lyria__P0466__b4.png,Healthy,P0466,0,Healthy,0.0000,1.0000,0.0000,0.0000
Healthy/lyria__P0466__b5.png,Healthy,P0466,0,Healthy,0.0000,1.0000,0.0000,0.0000
Healthy/lyria__P0466__b6.png,Healthy,P0466,0,Healthy,0.0011,0.9985,0.0004,0.0000
Healthy/lyria__P0466__b7.png,Healthy,P0466,0,Healthy,0.0003,0.9995,0.0002,0.0000
Healthy/lyria__P0466__b8.png,Healthy,P0466,0,Healthy,0.0005,0.9994,0.0001,0.0000
Healthy/lyria__P0466__b9.png,Healthy,P0466,0,Healthy,0.0001,0.9996,0.0003,0.0000
Healthy/lyria__P0466__b11.png,Healthy,P0466,0,Healthy,0.0000,1.0000,0.0000,0.0000
Healthy/lyria__P0466__b12.png,Healthy,P0466,0,Healthy,0.0001,0.9998,0.0001,0.0000
Healthy/lyria__P0466__b13.png,Healthy,P0466,0,Healthy,0.0011,0.9926,0.0039,0.0025
Healthy/lyria__P0466__b14.png,Healthy,P0466,0,Healthy,0.0067,0.8648,0.1280,0.0004
Healthy/lyria__P0466__b15.png,Healthy,P0466,0,Impacted,0.0002,0.0380,0.9617,0.0000
Healthy/lyria__P0466__b16.png,Healthy,P0466,0,Healthy,0.0000,0.9987,0.0013,0.0000
Healthy/lyria__P0466__b17.png,Healthy,P0466,0,Healthy,0.0037,0.9961,0.0002,0.0000
Healthy/lyria__P0466__b18.png,Healthy,P0466,0,Healthy,0.0001,0.9999,0.0000,0.0000
Healthy/lyria__P0466__b19.png,Healthy,P0466,0,Healthy,0.0000,0.9999,0.0001,0.0000
Healthy/lyria__P0466__b20.png,Healthy,P0466,0,Healthy,0.0000,0.9976,0.0024,0.0000
Healthy/lyria__P0466__b21.png,Healthy,P0466,0,Healthy,0.0000,1.0000,0.0000,0.0000
Healthy/lyria__P0466__b22.png,Healthy,P0466,0,Healthy,0.0000,1.0000,0.0000,0.0000
Healthy/lyria__P0466__b23.png,Healthy,P0466,0,Healthy,0.0000,1.0000,0.0000,0.0000
Healthy/lyria__P0466__b24.png,Healthy,P0466,0,Healthy,0.0000,1.0000,0.0000,0.0000
Healthy/lyria__P0466__b25.png,Healthy,P0466,0,Healthy,0.0003,0.9995,0.0001,0.0000
Healthy/lyria__P0466__b27.png,Healthy,P0466,0,Healthy,0.0001,0.9974,0.0025,0.0000
Healthy/lyria__P0466__b28.png,Healthy,P0466,0,Healthy,0.0001,0.9996,0.0003,0.0001
Healthy/lyria__P0466__b29.png,Healthy,P0466,0,Healthy,0.0001,0.9974,0.0025,0.0000
Healthy/lyria__P0466__b30.png,Healthy,P0466,0,Impacted,0.0000,0.2680,0.7319,0.0000
Healthy/lyria__P0470__b0.png,Healthy,P0470,0,Healthy,0.0001,0.7712,0.2285,0.0001
Healthy/lyria__P0470__b1.png,Healthy,P0470,0,Healthy,0.0001,0.9987,0.0012,0.0000
Healthy/lyria__P0470__b2.png,Healthy,P0470,0,Healthy,0.0031,0.9958,0.0011,0.0000
Healthy/lyria__P0470__b3.png,Healthy,P0470,0,Healthy,0.0003,0.9997,0.0000,0.0000
Healthy/lyria__P0470__b4.png,Healthy,P0470,0,Healthy,0.0004,0.9996,0.0000,0.0000
Healthy/lyria__P0470__b5.png,Healthy,P0470,0,Healthy,0.0001,0.9999,0.0000,0.0000
Healthy/lyria__P0470__b6.png,Healthy,P0470,0,Healthy,0.0001,0.9999,0.0000,0.0000
Healthy/lyria__P0470__b7.png,Healthy,P0470,0,Healthy,0.0003,0.9997,0.0000,0.0000
Healthy/lyria__P0470__b8.png,Healthy,P0470,0,Healthy,0.0001,0.9999,0.0000,0.0000
Healthy/lyria__P0470__b9.png,Healthy,P0470,0,Healthy,0.0048,0.9939,0.0013,0.0000
Healthy/lyria__P0470__b10.png,Healthy,P0470,0,Healthy,0.0013,0.9960,0.0027,0.0000
Healthy/lyria__P0470__b13.png,Healthy,P0470,0,Healthy,0.0003,0.9978,0.0018,0.0000
Healthy/lyria__P0470__b14.png,Healthy,P0470,0,Healthy,0.0001,0.9999,0.0000,0.0000
Healthy/lyria__P0470__b15.png,Healthy,P0470,0,Healthy,0.0000,0.9997,0.0002,0.0000
Healthy/lyria__P0470__b16.png,Healthy,P0470,0,Healthy,0.0000,1.0000,0.0000,0.0000
Healthy/lyria__P0470__b17.png,Healthy,P0470,0,Healthy,0.0001,0.9999,0.0000,0.0000
Healthy/lyria__P0470__b18.png,Healthy,P0470,0,Healthy,0.0000,0.9998,0.0001,0.0000
Healthy/lyria__P0470__b19.png,Healthy,P0470,0,Healthy,0.0000,1.0000,0.0000,0.0000
Healthy/lyria__P0470__b20.png,Healthy,P0470,0,Healthy,0.0000,1.0000,0.0000,0.0000
Healthy/lyria__P0470__b21.png,Healthy,P0470,0,Healthy,0.0001,0.9994,0.0005,0.0000
Healthy/lyria__P0470__b22.png,Healthy,P0470,0,Healthy,0.0020,0.9898,0.0082,0.0000
Healthy/lyria__P0470__b23.png,Healthy,P0470,0,Healthy,0.0002,0.9994,0.0004,0.0000
Healthy/lyria__P0470__b24.png,Healthy,P0470,0,Healthy,0.0003,0.9741,0.0256,0.0000
Healthy/lyria__P0471__b0.png,Healthy,P0471,0,Healthy,0.0001,0.8807,0.1165,0.0027
Healthy/lyria__P0471__b1.png,Healthy,P0471,0,Healthy,0.0060,0.9930,0.0009,0.0000
Healthy/lyria__P0471__b2.png,Healthy,P0471,0,Healthy,0.0039,0.9960,0.0001,0.0000
Healthy/lyria__P0471__b3.png,Healthy,P0471,0,Healthy,0.0000,0.9995,0.0005,0.0000
Healthy/lyria__P0471__b4.png,Healthy,P0471,0,Healthy,0.0000,1.0000,0.0000,0.0000
Healthy/lyria__P0471__b5.png,Healthy,P0471,0,Healthy,0.0003,0.9997,0.0000,0.0000
Healthy/lyria__P0471__b6.png,Healthy,P0471,0,Healthy,0.0002,0.9982,0.0016,0.0000
Healthy/lyria__P0471__b8.png,Healthy,P0471,0,Healthy,0.0009,0.9991,0.0000,0.0000
Healthy/lyria__P0471__b9.png,Healthy,P0471,0,Healthy,0.0003,0.9997,0.0000,0.0000
Healthy/lyria__P0471__b10.png,Healthy,P0471,0,Healthy,0.0001,0.9999,0.0000,0.0000
Healthy/lyria__P0471__b11.png,Healthy,P0471,0,Healthy,0.0004,0.9941,0.0052,0.0002
Healthy/lyria__P0471__b12.png,Healthy,P0471,0,Healthy,0.0000,1.0000,0.0000,0.0000
Healthy/lyria__P0471__b13.png,Healthy,P0471,0,Healthy,0.0000,1.0000,0.0000,0.0000
Healthy/lyria__P0471__b14.png,Healthy,P0471,0,Healthy,0.0000,1.0000,0.0000,0.0000
Healthy/lyria__P0471__b15.png,Healthy,P0471,0,Healthy,0.0000,1.0000,0.0000,0.0000
Healthy/lyria__P0471__b16.png,Healthy,P0471,0,Healthy,0.0000,0.9999,0.0001,0.0000
Healthy/lyria__P0471__b17.png,Healthy,P0471,0,Healthy,0.0000,0.9999,0.0000,0.0000
Healthy/lyria__P0471__b18.png,Healthy,P0471,0,Healthy,0.0000,0.9999,0.0001,0.0000
Healthy/lyria__P0471__b19.png,Healthy,P0471,0,Healthy,0.0003,0.9996,0.0001,0.0000
Healthy/lyria__P0471__b20.png,Healthy,P0471,0,Healthy,0.0000,0.9999,0.0001,0.0000
Healthy/lyria__P0471__b21.png,Healthy,P0471,0,Healthy,0.0000,1.0000,0.0000,0.0000
Healthy/lyria__P0471__b22.png,Healthy,P0471,0,Healthy,0.0001,0.8927,0.1071,0.0001
Healthy/lyria__P0471__b23.png,Healthy,P0471,0,Healthy,0.0001,0.6999,0.3000,0.0001
Healthy/lyria__P0476__b0.png,Healthy,P0476,0,Healthy,0.0001,0.9955,0.0044,0.0000
Healthy/lyria__P0476__b1.png,Healthy,P0476,0,Healthy,0.0002,0.9997,0.0002,0.0000
Healthy/lyria__P0476__b2.png,Healthy,P0476,0,Healthy,0.1101,0.8897,0.0001,0.0000
Healthy/lyria__P0476__b3.png,Healthy,P0476,0,Healthy,0.0595,0.9402,0.0002,0.0000
Healthy/lyria__P0476__b4.png,Healthy,P0476,0,Healthy,0.0003,0.9997,0.0000,0.0000
Healthy/lyria__P0476__b5.png,Healthy,P0476,0,Healthy,0.0007,0.9992,0.0000,0.0001
Healthy/lyria__P0476__b6.png,Healthy,P0476,0,Healthy,0.0026,0.9939,0.0031,0.0004
Healthy/lyria__P0476__b7.png,Healthy,P0476,0,Healthy,0.0089,0.9894,0.0005,0.0012
Healthy/lyria__P0476__b8.png,Healthy,P0476,0,Healthy,0.0003,0.9996,0.0001,0.0000
Healthy/lyria__P0476__b10.png,Healthy,P0476,0,Healthy,0.0455,0.9535,0.0010,0.0000
Healthy/lyria__P0476__b11.png,Healthy,P0476,0,Healthy,0.0007,0.9947,0.0046,0.0000
Healthy/lyria__P0476__b12.png,Healthy,P0476,0,Healthy,0.0000,0.9999,0.0000,0.0000
Healthy/lyria__P0476__b13.png,Healthy,P0476,0,Impacted,0.0002,0.0399,0.9598,0.0002
Healthy/lyria__P0476__b14.png,Healthy,P0476,0,Healthy,0.0000,0.9999,0.0001,0.0000
Healthy/lyria__P0476__b15.png,Healthy,P0476,0,Healthy,0.0000,0.9999,0.0001,0.0000
Healthy/lyria__P0476__b16.png,Healthy,P0476,0,Healthy,0.0001,0.9997,0.0003,0.0000
Healthy/lyria__P0476__b17.png,Healthy,P0476,0,Healthy,0.0012,0.9987,0.0001,0.0000
Healthy/lyria__P0476__b18.png,Healthy,P0476,0,Healthy,0.0004,0.9992,0.0004,0.0000
Healthy/lyria__P0476__b19.png,Healthy,P0476,0,Healthy,0.0005,0.9988,0.0007,0.0000
Healthy/lyria__P0476__b20.png,Healthy,P0476,0,Healthy,0.0001,0.9999,0.0000,0.0000
Healthy/lyria__P0476__b22.png,Healthy,P0476,0,Impacted,0.0050,0.1604,0.8343,0.0004
Healthy/lyria__P0477__b0.png,Healthy,P0477,0,Healthy,0.0001,0.9973,0.0026,0.0000
Healthy/lyria__P0477__b1.png,Healthy,P0477,0,Healthy,0.0020,0.9912,0.0066,0.0002
Healthy/lyria__P0477__b2.png,Healthy,P0477,0,Healthy,0.0001,0.9998,0.0000,0.0000
Healthy/lyria__P0477__b3.png,Healthy,P0477,0,Healthy,0.0025,0.9973,0.0002,0.0000
Healthy/lyria__P0477__b4.png,Healthy,P0477,0,Healthy,0.0081,0.9913,0.0006,0.0000
Healthy/lyria__P0477__b5.png,Healthy,P0477,0,Healthy,0.0004,0.9995,0.0000,0.0000
Healthy/lyria__P0477__b6.png,Healthy,P0477,0,Healthy,0.0002,0.9996,0.0002,0.0000
Healthy/lyria__P0477__b7.png,Healthy,P0477,0,Healthy,0.0002,0.9985,0.0013,0.0000
Healthy/lyria__P0477__b9.png,Healthy,P0477,0,Healthy,0.0006,0.9994,0.0000,0.0000
Healthy/lyria__P0477__b10.png,Healthy,P0477,0,Healthy,0.0002,0.9997,0.0000,0.0000
Healthy/lyria__P0477__b11.png,Healthy,P0477,0,Healthy,0.0001,0.9999,0.0000,0.0000
Healthy/lyria__P0477__b12.png,Healthy,P0477,0,Healthy,0.0001,0.9993,0.0005,0.0000
Healthy/lyria__P0477__b13.png,Healthy,P0477,0,Healthy,0.0002,0.9881,0.0116,0.0001
Healthy/lyria__P0477__b14.png,Healthy,P0477,0,Healthy,0.0126,0.9709,0.0136,0.0030
Healthy/lyria__P0477__b15.png,Healthy,P0477,0,Healthy,0.0707,0.8756,0.0532,0.0005
Healthy/lyria__P0477__b16.png,Healthy,P0477,0,Healthy,0.0026,0.9972,0.0002,0.0000
Healthy/lyria__P0477__b17.png,Healthy,P0477,0,Healthy,0.0001,0.9977,0.0022,0.0000
Healthy/lyria__P0477__b18.png,Healthy,P0477,0,Healthy,0.0000,1.0000,0.0000,0.0000
Healthy/lyria__P0477__b19.png,Healthy,P0477,0,Healthy,0.0000,1.0000,0.0000,0.0000
Healthy/lyria__P0477__b20.png,Healthy,P0477,0,Healthy,0.0000,0.9999,0.0000,0.0000
Healthy/lyria__P0477__b22.png,Healthy,P0477,0,Healthy,0.0000,1.0000,0.0000,0.0000
Healthy/lyria__P0477__b23.png,Healthy,P0477,0,Healthy,0.0009,0.9881,0.0110,0.0000
Healthy/lyria__P0477__b24.png,Healthy,P0477,0,Healthy,0.0000,0.9998,0.0001,0.0000
Healthy/lyria__P0477__b25.png,Healthy,P0477,0,Healthy,0.0001,0.9971,0.0028,0.0000
Healthy/lyria__P0477__b26.png,Healthy,P0477,0,Healthy,0.0008,0.9771,0.0215,0.0007
Healthy/lyria__P0477__b27.png,Healthy,P0477,0,Healthy,0.0004,0.7298,0.2698,0.0000
Healthy/lyria__P0478__b0.png,Healthy,P0478,0,Healthy,0.0003,0.9992,0.0005,0.0000
Healthy/lyria__P0478__b1.png,Healthy,P0478,0,Healthy,0.0001,0.9998,0.0001,0.0000
Healthy/lyria__P0478__b2.png,Healthy,P0478,0,Healthy,0.0001,0.9997,0.0002,0.0000
Healthy/lyria__P0478__b3.png,Healthy,P0478,0,Healthy,0.0000,0.9999,0.0000,0.0000
Healthy/lyria__P0478__b4.png,Healthy,P0478,0,Healthy,0.0000,0.9999,0.0001,0.0000
Healthy/lyria__P0478__b5.png,Healthy,P0478,0,Healthy,0.0001,0.9999,0.0001,0.0000
Healthy/lyria__P0478__b6.png,Healthy,P0478,0,Healthy,0.0001,0.9998,0.0001,0.0000
Healthy/lyria__P0478__b7.png,Healthy,P0478,0,Healthy,0.0000,0.9997,0.0002,0.0000
Healthy/lyria__P0478__b8.png,Healthy,P0478,0,Healthy,0.0000,1.0000,0.0000,0.0000
Healthy/lyria__P0478__b9.png,Healthy,P0478,0,Healthy,0.0008,0.9992,0.0000,0.0000
Healthy/lyria__P0478__b10.png,Healthy,P0478,0,Healthy,0.0009,0.9986,0.0005,0.0000
Healthy/lyria__P0478__b12.png,Healthy,P0478,0,Impacted,0.0001,0.2210,0.7788,0.0002
Healthy/lyria__P0478__b13.png,Healthy,P0478,0,Healthy,0.0000,0.9964,0.0036,0.0000
Healthy/lyria__P0478__b14.png,Healthy,P0478,0,Healthy,0.0010,0.9986,0.0005,0.0000
Healthy/lyria__P0478__b15.png,Healthy,P0478,0,Healthy,0.0004,0.9995,0.0001,0.0000
Healthy/lyria__P0478__b16.png,Healthy,P0478,0,Healthy,0.0000,0.9997,0.0002,0.0000
Healthy/lyria__P0478__b17.png,Healthy,P0478,0,Healthy,0.0000,1.0000,0.0000,0.0000
Healthy/lyria__P0478__b18.png,Healthy,P0478,0,Healthy,0.0000,1.0000,0.0000,0.0000
Healthy/lyria__P0478__b19.png,Healthy,P0478,0,Healthy,0.0000,0.9999,0.0001,0.0000
Healthy/lyria__P0478__b20.png,Healthy,P0478,0,Healthy,0.0001,0.9993,0.0005,0.0000
Healthy/lyria__P0478__b21.png,Healthy,P0478,0,Healthy,0.0000,1.0000,0.0000,0.0000
Healthy/lyria__P0478__b22.png,Healthy,P0478,0,Healthy,0.0001,0.9998,0.0000,0.0000
Healthy/lyria__P0478__b23.png,Healthy,P0478,0,Healthy,0.0007,0.9981,0.0012,0.0000
Healthy/lyria__P0480__b0.png,Healthy,P0480,0,Healthy,0.0002,0.9992,0.0006,0.0000
Healthy/lyria__P0480__b1.png,Healthy,P0480,0,Healthy,0.0004,0.9996,0.0000,0.0000
Healthy/lyria__P0480__b2.png,Healthy,P0480,0,Healthy,0.0004,0.9994,0.0002,0.0000
Healthy/lyria__P0480__b3.png,Healthy,P0480,0,Healthy,0.0012,0.9984,0.0004,0.0000
Healthy/lyria__P0480__b4.png,Healthy,P0480,0,Healthy,0.0002,0.9993,0.0005,0.0000
Healthy/lyria__P0480__b5.png,Healthy,P0480,0,Healthy,0.0078,0.9882,0.0039,0.0000
Healthy/lyria__P0480__b6.png,Healthy,P0480,0,Healthy,0.0011,0.9986,0.0003,0.0000
Healthy/lyria__P0480__b7.png,Healthy,P0480,0,Healthy,0.0240,0.9759,0.0001,0.0000
Healthy/lyria__P0480__b8.png,Healthy,P0480,0,Healthy,0.0002,0.9986,0.0012,0.0000
Healthy/lyria__P0480__b9.png,Healthy,P0480,0,Healthy,0.0063,0.8372,0.1563,0.0002
Healthy/lyria__P0480__b10.png,Healthy,P0480,0,Healthy,0.0003,0.7587,0.2410,0.0000
Healthy/lyria__P0480__b11.png,Healthy,P0480,0,Healthy,0.0001,0.9992,0.0007,0.0000
Healthy/lyria__P0480__b12.png,Healthy,P0480,0,Healthy,0.0000,0.9999,0.0001,0.0000
Healthy/lyria__P0480__b13.png,Healthy,P0480,0,Healthy,0.0000,0.9999,0.0000,0.0000
Healthy/lyria__P0480__b14.png,Healthy,P0480,0,Healthy,0.0003,0.9984,0.0003,0.0010
Healthy/lyria__P0480__b15.png,Healthy,P0480,0,Healthy,0.0000,0.9998,0.0001,0.0000
Healthy/lyria__P0480__b17.png,Healthy,P0480,0,Healthy,0.0000,0.9998,0.0002,0.0000
Healthy/lyria__P0480__b18.png,Healthy,P0480,0,Healthy,0.0003,0.9753,0.0244,0.0000
Healthy/lyria__P0480__b19.png,Healthy,P0480,0,Healthy,0.0001,0.9989,0.0009,0.0000
Healthy/lyria__P0480__b20.png,Healthy,P0480,0,Healthy,0.0000,0.9997,0.0003,0.0000
Healthy/lyria__P0481__b0.png,Healthy,P0481,0,Healthy,0.0144,0.9827,0.0027,0.0001
Healthy/lyria__P0481__b1.png,Healthy,P0481,0,Healthy,0.0022,0.9972,0.0006,0.0000
Healthy/lyria__P0481__b2.png,Healthy,P0481,0,Healthy,0.0015,0.9978,0.0006,0.0000
Healthy/lyria__P0481__b3.png,Healthy,P0481,0,Healthy,0.0012,0.9988,0.0000,0.0000
Healthy/lyria__P0481__b4.png,Healthy,P0481,0,Healthy,0.0000,1.0000,0.0000,0.0000
Healthy/lyria__P0481__b5.png,Healthy,P0481,0,Healthy,0.0000,0.9999,0.0001,0.0000
Healthy/lyria__P0481__b6.png,Healthy,P0481,0,Endodontics,0.5797,0.3257,0.0413,0.0533
Healthy/lyria__P0481__b7.png,Healthy,P0481,0,Healthy,0.0000,0.9999,0.0000,0.0000
Healthy/lyria__P0481__b8.png,Healthy,P0481,0,Healthy,0.0000,1.0000,0.0000,0.0000
Healthy/lyria__P0481__b9.png,Healthy,P0481,0,Healthy,0.0000,1.0000,0.0000,0.0000
Healthy/lyria__P0481__b11.png,Healthy,P0481,0,Healthy,0.0000,0.9999,0.0001,0.0000
Healthy/lyria__P0481__b12.png,Healthy,P0481,0,Healthy,0.0001,0.9999,0.0000,0.0000
Healthy/lyria__P0481__b13.png,Healthy,P0481,0,Healthy,0.0000,0.9995,0.0004,0.0001
Healthy/lyria__P0481__b14.png,Healthy,P0481,0,Healthy,0.0000,1.0000,0.0000,0.0000
Healthy/lyria__P0481__b15.png,Healthy,P0481,0,Healthy,0.0000,1.0000,0.0000,0.0000
Healthy/lyria__P0481__b16.png,Healthy,P0481,0,Healthy,0.0001,0.9999,0.0000,0.0000
Healthy/lyria__P0481__b17.png,Healthy,P0481,0,Healthy,0.0008,0.9992,0.0000,0.0000
Healthy/lyria__P0481__b18.png,Healthy,P0481,0,Healthy,0.0013,0.9986,0.0000,0.0000
Healthy/lyria__P0481__b19.png,Healthy,P0481,0,Healthy,0.1744,0.8254,0.0002,0.0000
Healthy/lyria__P0483__b0.png,Healthy,P0483,0,Healthy,0.0007,0.9989,0.0004,0.0000
Healthy/lyria__P0483__b1.png,Healthy,P0483,0,Healthy,0.0007,0.9944,0.0049,0.0000
Healthy/lyria__P0483__b2.png,Healthy,P0483,0,Healthy,0.0009,0.9990,0.0002,0.0000
Healthy/lyria__P0483__b3.png,Healthy,P0483,0,Healthy,0.0003,0.9993,0.0004,0.0000
Healthy/lyria__P0483__b5.png,Healthy,P0483,0,Healthy,0.0001,0.9987,0.0012,0.0000
Healthy/lyria__P0483__b6.png,Healthy,P0483,0,Healthy,0.0014,0.9917,0.0066,0.0004
Healthy/lyria__P0483__b7.png,Healthy,P0483,0,Healthy,0.0000,0.9998,0.0002,0.0000
Healthy/lyria__P0483__b8.png,Healthy,P0483,0,Healthy,0.0002,0.9998,0.0000,0.0000
Healthy/lyria__P0483__b9.png,Healthy,P0483,0,Healthy,0.0000,0.9999,0.0000,0.0000
Healthy/lyria__P0483__b10.png,Healthy,P0483,0,Healthy,0.0001,0.9995,0.0004,0.0000
Healthy/lyria__P0483__b12.png,Healthy,P0483,0,Healthy,0.0001,0.9268,0.0731,0.0000
Healthy/lyria__P0483__b13.png,Healthy,P0483,0,Healthy,0.0008,0.9985,0.0008,0.0000
Healthy/lyria__P0483__b14.png,Healthy,P0483,0,Healthy,0.0000,0.9973,0.0027,0.0000
Healthy/lyria__P0483__b15.png,Healthy,P0483,0,Healthy,0.0000,1.0000,0.0000,0.0000
Healthy/lyria__P0483__b16.png,Healthy,P0483,0,Healthy,0.0000,0.9983,0.0017,0.0000
Healthy/lyria__P0483__b17.png,Healthy,P0483,0,Healthy,0.0000,0.9999,0.0000,0.0000
Healthy/lyria__P0483__b18.png,Healthy,P0483,0,Healthy,0.0000,0.9995,0.0005,0.0000
Healthy/lyria__P0483__b19.png,Healthy,P0483,0,Healthy,0.0016,0.9976,0.0008,0.0000
Healthy/lyria__P0483__b20.png,Healthy,P0483,0,Healthy,0.0001,0.9998,0.0001,0.0000
Healthy/lyria__P0483__b21.png,Healthy,P0483,0,Healthy,0.0002,0.9934,0.0064,0.0000
Healthy/lyria__P0483__b22.png,Healthy,P0483,0,Healthy,0.0037,0.9748,0.0214,0.0001
Healthy/lyria__P0485__b0.png,Healthy,P0485,0,Impacted,0.0007,0.4373,0.5619,0.0001
Healthy/lyria__P0485__b1.png,Healthy,P0485,0,Healthy,0.0020,0.9805,0.0175,0.0000
Healthy/lyria__P0485__b2.png,Healthy,P0485,0,Healthy,0.0075,0.9877,0.0047,0.0000
Healthy/lyria__P0485__b3.png,Healthy,P0485,0,Healthy,0.0000,1.0000,0.0000,0.0000
Healthy/lyria__P0485__b5.png,Healthy,P0485,0,Healthy,0.0001,0.9997,0.0002,0.0000
Healthy/lyria__P0485__b6.png,Healthy,P0485,0,Healthy,0.0001,0.9991,0.0008,0.0000
Healthy/lyria__P0485__b7.png,Healthy,P0485,0,Healthy,0.0003,0.9993,0.0003,0.0001
Healthy/lyria__P0485__b8.png,Healthy,P0485,0,Healthy,0.0001,0.9999,0.0000,0.0000
Healthy/lyria__P0485__b9.png,Healthy,P0485,0,Healthy,0.0001,0.9992,0.0007,0.0000
Healthy/lyria__P0485__b10.png,Healthy,P0485,0,Healthy,0.0000,0.9999,0.0001,0.0000
Healthy/lyria__P0485__b12.png,Healthy,P0485,0,Healthy,0.0007,0.8240,0.1752,0.0001
Healthy/lyria__P0485__b13.png,Healthy,P0485,0,Healthy,0.0000,0.9974,0.0023,0.0003
Healthy/lyria__P0485__b14.png,Healthy,P0485,0,Healthy,0.0000,0.9990,0.0009,0.0000
Healthy/lyria__P0485__b15.png,Healthy,P0485,0,Healthy,0.0175,0.9397,0.0426,0.0003
Healthy/lyria__P0485__b16.png,Healthy,P0485,0,Healthy,0.0000,0.9985,0.0014,0.0000
Healthy/lyria__P0485__b17.png,Healthy,P0485,0,Healthy,0.0000,0.9996,0.0004,0.0000
Healthy/lyria__P0485__b18.png,Healthy,P0485,0,Healthy,0.0000,0.9998,0.0002,0.0000
Healthy/lyria__P0485__b19.png,Healthy,P0485,0,Healthy,0.0000,0.9999,0.0001,0.0000
Healthy/lyria__P0485__b20.png,Healthy,P0485,0,Healthy,0.0000,1.0000,0.0000,0.0000
Healthy/lyria__P0485__b21.png,Healthy,P0485,0,Healthy,0.0001,0.9994,0.0005,0.0000
Healthy/lyria__P0485__b22.png,Healthy,P0485,0,Healthy,0.0000,0.9995,0.0005,0.0000
Healthy/lyria__P0485__b23.png,Healthy,P0485,0,Healthy,0.0000,0.9992,0.0008,0.0000
Healthy/lyria__P0486__b0.png,Healthy,P0486,0,Healthy,0.0027,0.6933,0.3039,0.0001
Healthy/lyria__P0486__b1.png,Healthy,P0486,0,Healthy,0.0000,0.9997,0.0003,0.0000
Healthy/lyria__P0486__b2.png,Healthy,P0486,0,Healthy,0.0070,0.9693,0.0238,0.0000
Healthy/lyria__P0486__b3.png,Healthy,P0486,0,Healthy,0.0000,1.0000,0.0000,0.0000
Healthy/lyria__P0486__b4.png,Healthy,P0486,0,Healthy,0.0047,0.9949,0.0004,0.0000
Healthy/lyria__P0486__b5.png,Healthy,P0486,0,Healthy,0.0012,0.9984,0.0004,0.0001
Healthy/lyria__P0486__b6.png,Healthy,P0486,0,Healthy,0.0000,0.9999,0.0000,0.0000
Healthy/lyria__P0486__b7.png,Healthy,P0486,0,Healthy,0.0001,0.9998,0.0001,0.0000
Healthy/lyria__P0486__b8.png,Healthy,P0486,0,Healthy,0.0006,0.9993,0.0001,0.0000
Healthy/lyria__P0486__b9.png,Healthy,P0486,0,Healthy,0.0001,0.9993,0.0006,0.0000
Healthy/lyria__P0486__b10.png,Healthy,P0486,0,Healthy,0.0010,0.5568,0.4420,0.0002
Healthy/lyria__P0486__b11.png,Healthy,P0486,0,Impacted,0.0004,0.2563,0.7431,0.0001
Healthy/lyria__P0486__b12.png,Healthy,P0486,0,Healthy,0.0243,0.9752,0.0005,0.0000
Healthy/lyria__P0486__b13.png,Healthy,P0486,0,Healthy,0.0003,0.7264,0.2733,0.0000
Healthy/lyria__P0486__b14.png,Healthy,P0486,0,Healthy,0.0166,0.9818,0.0012,0.0004
Healthy/lyria__P0486__b16.png,Healthy,P0486,0,Healthy,0.0000,0.9999,0.0001,0.0000
Healthy/lyria__P0486__b18.png,Healthy,P0486,0,Healthy,0.0000,1.0000,0.0000,0.0000
Healthy/lyria__P0486__b19.png,Healthy,P0486,0,Healthy,0.0000,0.9995,0.0004,0.0001
Healthy/lyria__P0486__b20.png,Healthy,P0486,0,Healthy,0.0001,0.9993,0.0007,0.0000
Healthy/lyria__P0486__b21.png,Healthy,P0486,0,Healthy,0.0021,0.9933,0.0046,0.0000
Healthy/lyria__P0486__b22.png,Healthy,P0486,0,Healthy,0.0026,0.9960,0.0013,0.0000
Healthy/lyria__P0486__b23.png,Healthy,P0486,0,Healthy,0.0024,0.9314,0.0662,0.0000
Healthy/lyria__P0486__b24.png,Healthy,P0486,0,Healthy,0.0086,0.8754,0.1159,0.0001
