patient_id,class,idx,detected,iou,gx1,gy1,gx2,gy2,px1,py1,px2,py2
P0488,Healthy,13,1,0.574,1943,395,2188,727,2007,404,2160,709
P0488,Healthy,18,1,0.836,1598,776,1695,1143,1593,783,1691,1118
P0490,Healthy,0,1,0.556,754,419,987,715,767,435,908,707
P0490,Healthy,15,1,0.713,2008,430,2144,678,2032,424,2158,686
P0491,Healthy,1,1,0.805,1433,592,1518,872,1424,579,1513,868
P0491,Impacted,0,0,0.0,729,513,912,725,,,,
P0491,Healthy,19,1,0.802,1462,882,1531,1135,1469,889,1535,1127
P0492,Healthy,7,1,0.793,1306,547,1393,849,1320,540,1391,853
P0492,Healthy,14,1,0.736,1554,857,1645,1185,1552,873,1632,1160
P0494,Healthy,6,1,0.748,1558,849,1641,1134,1545,844,1635,1151
P0494,Healthy,13,1,0.91,1635,840,1737,1155,1626,840,1736,1155
P0495,Healthy,6,1,0.846,1366,451,1460,778,1363,452,1449,775
P0495,Healthy,10,1,0.698,1700,420,1808,770,1689,474,1797,771
P0051,Endodontics,0,1,0.683,1084,546,1188,794,1105,544,1199,809
P0051,Endodontics,1,1,0.73,1153,551,1274,793,1177,551,1269,806
P0051,Endodontics,2,1,0.79,1241,490,1331,809,1252,501,1337,812
P0051,Endodontics,3,1,0.912,1322,534,1399,822,1321,546,1399,833
P0051,Endodontics,4,1,0.848,1393,552,1466,833,1384,555,1469,834
P0051,Endodontics,5,1,0.782,1474,553,1560,840,1465,574,1555,835
P0051,Endodontics,6,1,0.792,1827,526,1977,790,1830,547,1959,790
P0051,Endodontics,7,1,0.673,1688,850,1905,1147,1710,852,1885,1100
P0051,Healthy,0,1,0.719,1277,823,1367,1180,1290,837,1374,1158
P0051,Endodontics,8,1,0.536,1032,810,1239,1113,1091,834,1225,1085
P0496,Impacted,0,0,0.0,2121,680,2419,981,,,,
P0496,Impacted,1,0,0.0,493,682,767,999,,,,
P0496,Healthy,20,1,0.705,958,811,1142,1137,978,823,1144,1083
P0496,Healthy,26,1,0.642,1370,850,1461,1153,1377,852,1449,1098
P0497,Healthy,7,1,0.647,1533,947,1620,1260,1528,950,1601,1222
P0497,Impacted,0,1,0.551,517,867,833,1131,565,889,785,1098
P0497,Impacted,1,1,0.504,2086,833,2385,1127,2135,866,2352,1070
P0497,Impacted,2,0,0.0,1962,493,2271,812,,,,
P0497,Healthy,27,1,0.623,789,566,1027,905,802,613,986,886
P0497,Impacted,3,1,0.536,685,526,967,821,725,567,925,790
P0501,Healthy,4,1,0.854,1483,453,1600,817,1489,462,1604,800
P0505,Healthy,3,1,0.789,1687,761,1771,1059,1674,764,1776,1047
P0505,Impacted,0,0,0.0,2103,647,2361,958,,,,
P0505,Healthy,7,1,0.626,1410,772,1485,1066,1410,779,1468,1017
P0505,Impacted,1,0,0.0,493,616,807,961,,,,
P0505,Impacted,2,0,0.0,658,309,920,602,,,,
P0505,Impacted,3,0,0.0,2021,287,2290,579,,,,
P0506,Healthy,1,1,0.727,1456,815,1520,1112,1455,833,1512,1083
P0506,Healthy,10,1,0.873,1237,813,1339,1149,1233,833,1342,1145
P0052,Healthy,5,1,0.717,1516,868,1597,1100,1518,881,1585,1082
P0052,Healthy,10,1,0.879,1176,863,1280,1130,1182,867,1283,1123
P0509,Impacted,0,0,0.0,2106,763,2408,1077,,,,
P0509,Impacted,1,0,0.0,524,798,815,1133,,,,
P0509,Healthy,14,1,0.817,1824,580,1906,860,1817,603,1909,857
P0510,Healthy,0,1,0.826,1447,932,1514,1172,1454,932,1513,1157
P0510,Healthy,5,1,0.831,1397,924,1456,1157,1393,933,1453,1150
P0511,Healthy,1,1,0.681,1278,507,1349,855,1257,545,1351,849
P0511,Healthy,7,1,0.84,1527,890,1664,1169,1536,895,1661,1152
P0511,Impacted,0,0,0.0,2109,657,2411,884,,,,
P0511,Impacted,1,1,0.753,2071,350,2198,586,2068,388,2193,598
P0512,Healthy,10,1,0.794,1160,778,1251,1118,1164,791,1256,1087
P0512,Healthy,13,1,0.638,686,680,975,1061,705,730,949,1018
P0512,Impacted,0,0,0.0,2060,325,2302,574,,,,
P0512,Impacted,1,0,0.0,631,311,892,594,,,,
P0053,Healthy,9,1,0.718,1577,457,1683,847,1598,476,1678,847
P0053,Endodontics,0,1,0.615,881,771,1155,1113,929,798,1169,1063
P0053,Impacted,0,1,0.636,584,716,828,953,606,748,825,916
P0513,Healthy,2,1,0.846,1576,478,1661,817,1580,492,1667,813
P0513,Healthy,21,1,0.559,2017,717,2315,1103,2031,736,2259,1018
P0514,Healthy,11,1,0.864,1095,807,1236,1082,1100,824,1234,1074
P0514,Healthy,17,1,0.81,1696,546,1779,801,1688,566,1776,803
P0515,Healthy,7,1,0.66,1759,746,1962,1076,1779,757,1931,1048
P0515,Healthy,15,1,0.849,1360,450,1454,761,1356,469,1450,767
P0516,Healthy,17,1,0.646,1312,469,1416,770,1317,500,1393,766
P0516,Healthy,19,1,0.86,1139,469,1270,776,1138,491,1262,778
P0054,Endodontics,0,1,0.659,1083,507,1280,814,1110,509,1247,800
P0054,Endodontics,1,1,0.751,1549,469,1651,803,1540,484,1671,803
P0054,Endodontics,2,1,0.679,1723,535,1832,785,1723,548,1812,756
P0054,Endodontics,3,1,0.924,1810,507,1958,780,1805,502,1960,784
P0054,Endodontics,4,1,0.702,1927,771,2243,1057,1947,795,2229,1020
P0054,Healthy,0,1,0.754,1614,826,1720,1166,1611,831,1706,1134
P0054,Healthy,1,1,0.88,1383,828,1472,1095,1380,836,1467,1097
P0054,Endodontics,5,1,0.798,1101,828,1205,1114,1106,823,1208,1078
P0054,Endodontics,6,1,0.529,598,757,914,1028,623,800,888,971
P0518,Healthy,4,1,0.868,1560,845,1662,1189,1562,857,1659,1171
P0518,Healthy,5,1,0.502,1599,821,1790,1175,1623,833,1746,1109
P0518,Endodontics,0,1,0.732,904,802,1126,1119,911,812,1110,1071
P0518,Endodontics,1,1,0.694,832,436,951,755,838,494,963,766
P0521,Healthy,3,1,0.723,1497,849,1556,1103,1486,871,1554,1092
P0521,Endodontics,0,1,0.683,1724,825,1893,1107,1733,847,1877,1073
P0521,Healthy,7,1,0.646,1166,833,1323,1101,1180,866,1297,1105
P0521,Endodontics,1,1,0.637,955,816,1089,1073,991,836,1088,1062
P0522,Endodontics,0,1,0.646,701,470,918,772,745,471,894,755
P0522,Endodontics,1,1,0.831,1055,471,1137,788,1055,506,1142,793
P0522,Endodontics,2,1,0.777,1139,501,1228,786,1134,541,1226,795
P0522,Endodontics,3,1,0.785,1312,482,1393,803,1317,516,1397,796
P0522,Endodontics,4,1,0.737,1491,469,1575,790,1485,485,1563,779
P0522,Endodontics,5,1,0.599,1627,438,1714,761,1642,459,1738,771
P0522,Endodontics,6,1,0.709,1737,457,1808,774,1720,467,1815,783
P0522,Endodontics,7,1,0.588,1825,438,1912,786,1806,458,1893,771
P0522,Endodontics,8,0,0.0,2037,492,2171,682,,,,
P0522,Endodontics,9,1,0.821,1307,848,1388,1134,1298,843,1395,1134
P0523,Healthy,4,1,0.828,1212,903,1306,1172,1211,902,1294,1184
P0523,Endodontics,0,1,0.667,1153,586,1255,880,1123,600,1245,878
P0523,Endodontics,1,1,0.733,1232,568,1309,871,1219,565,1302,888
P0523,Endodontics,2,1,0.691,1306,598,1374,874,1296,615,1366,890
P0523,Endodontics,3,1,0.853,1360,588,1451,895,1356,599,1446,903
P0523,Endodontics,4,1,0.751,1443,576,1539,870,1455,601,1537,884
P0523,Endodontics,5,1,0.878,1650,580,1742,856,1650,590,1751,857
P0523,Endodontics,6,1,0.93,1731,562,1833,856,1730,570,1833,846
P0524,Healthy,0,1,0.634,1685,821,1864,1123,1718,823,1837,1111
P0524,Endodontics,0,1,0.785,1222,501,1328,765,1222,495,1307,764
P0524,Healthy,2,1,0.803,799,746,1076,1109,804,768,1076,1065
P0525,Healthy,1,1,0.568,1519,858,1669,1147,1525,877,1626,1121
P0525,Impacted,0,1,0.741,2221,753,2446,922,2215,768,2424,910
P0525,Impacted,1,1,0.834,623,761,766,1024,626,774,771,1005
P0525,Impacted,2,1,0.806,2082,396,2213,631,2094,386,2211,616
P0525,Impacted,3,0,0.0,675,444,895,699,,,,
P0526,Healthy,8,1,0.83,1604,544,1687,866,1595,557,1684,869
P0528,Healthy,12,1,0.808,1370,919,1452,1169,1368,926,1443,1158
P0528,Healthy,16,1,0.846,1226,551,1320,868,1227,577,1319,888
P0529,Healthy,1,1,0.852,1356,540,1452,861,1359,563,1448,858
P0529,Healthy,10,1,0.761,1085,801,1189,1122,1093,806,1198,1091
P0532,Healthy,1,1,0.843,1457,653,1550,942,1450,654,1557,950
P0532,Healthy,22,1,0.557,1048,912,1218,1217,1083,931,1195,1189
P0534,Healthy,0,1,0.699,1299,563,1374,849,1288,580,1364,857
P0534,Healthy,22,1,0.544,2005,744,2248,1069,2017,761,2196,1001
P0536,Endodontics,0,1,0.679,1124,382,1195,778,1111,433,1203,786
P0536,Endodontics,1,1,0.723,1522,792,1627,1099,1523,809,1642,1059
P0536,Healthy,1,1,0.807,1303,772,1362,1049,1304,780,1369,1032
P0536,Healthy,2,1,0.635,1078,801,1263,1150,1108,821,1235,1144
P0537,Healthy,11,1,0.87,1537,530,1610,845,1542,537,1608,840
P0537,Healthy,17,1,0.842,1218,494,1310,855,1224,509,1305,856
P0537,Endodontics,0,1,0.597,1859,792,2188,1118,1890,813,2167,1044
P0538,Healthy,3,1,0.519,1938,391,2222,709,2011,448,2208,686
P0538,Endodontics,0,1,0.812,933,484,1085,817,926,518,1077,819
P0538,Healthy,8,1,0.69,1354,901,1426,1174,1341,904,1419,1146
P0538,Endodontics,1,1,0.668,1117,864,1276,1176,1153,893,1279,1167
P0539,Healthy,3,1,0.685,1507,871,1580,1171,1500,880,1574,1121
P0539,Healthy,4,1,0.713,1691,861,1791,1168,1681,871,1785,1123
P0539,Endodontics,0,0,0.0,666,807,925,1107,,,,
P0541,Healthy,10,1,0.664,1824,408,2032,739,1877,417,2025,726
P0541,Healthy,16,1,0.713,1406,807,1485,1101,1408,803,1480,1040
P0543,Endodontics,0,1,0.793,1842,453,1981,763,1850,474,1989,748
P0543,Endodontics,1,1,0.718,1699,875,1863,1163,1719,888,1866,1127
P0543,Endodontics,2,1,0.688,1165,878,1304,1138,1188,909,1302,1127
P0543,Endodontics,3,0,0.0,1866,997,1996,1126,,,,
P0544,Healthy,1,1,0.755,1304,857,1404,1110,1316,864,1405,1083
P0544,Endodontics,0,1,0.61,1049,866,1217,1123,1084,889,1210,1098
P0545,Healthy,0,1,0.753,1229,853,1314,1197,1222,863,1324,1168
P0545,Healthy,4,1,0.72,1502,851,1566,1135,1493,855,1559,1114
P0545,Endodontics,0,1,0.732,1689,513,1791,832,1668,547,1794,829
P0545,Endodontics,1,1,0.769,1868,500,2018,799,1884,519,2030,803
P0545,Endodontics,2,1,0.711,1087,502,1187,865,1092,553,1178,853
P0545,Endodontics,3,0,0.0,799,484,1112,840,,,,
P0546,Endodontics,0,1,0.669,1101,501,1293,808,1103,545,1260,796
P0546,Endodontics,1,1,0.785,1624,502,1736,851,1632,546,1739,855
P0546,Endodontics,2,1,0.756,1718,549,1818,849,1720,597,1824,860
P0546,Healthy,2,1,0.794,1666,815,1756,1109,1674,840,1759,1115
P0546,Endodontics,3,1,0.655,1001,747,1217,1060,1024,787,1201,1037
P0546,Endodontics,4,0,0.0,1926,763,2246,1095,,,,
P0546,Endodontics,5,1,0.609,834,731,1104,1036,864,769,1087,994
P0547,Endodontics,0,1,0.806,1838,784,2005,1074,1812,782,2002,1059
P0547,Endodontics,1,1,0.723,1071,782,1234,1103,1097,788,1227,1079
P0547,Healthy,10,1,0.726,1668,415,1758,755,1656,442,1751,770
P0547,Endodontics,2,1,0.808,1161,442,1263,751,1170,473,1264,753
P0547,Endodontics,3,1,0.811,1070,446,1183,747,1082,470,1183,752
P0548,Endodontics,0,1,0.937,1449,488,1533,799,1448,492,1536,797
P0548,Healthy,10,1,0.667,1374,795,1443,1059,1385,819,1440,1040
P0549,Healthy,16,1,0.747,1451,488,1562,828,1447,548,1557,836
P0549,Endodontics,0,1,0.802,1299,536,1433,838,1313,552,1439,843
P0549,Healthy,24,1,0.618,834,811,1067,1149,874,828,1057,1094
P0551,Healthy,0,1,0.855,1293,855,1378,1162,1287,859,1376,1179
P0551,Healthy,5,1,0.861,1637,845,1731,1141,1633,866,1732,1133
P0551,Endodontics,0,1,0.803,1493,561,1597,851,1486,556,1586,860
P0551,Endodontics,1,1,0.699,915,554,1142,871,960,584,1150,869
P0551,Endodontics,2,1,0.63,1898,546,2004,836,1873,587,2019,844
P0551,Endodontics,3,1,0.839,2022,536,2147,809,2020,570,2149,813
P0552,Endodontics,0,1,0.648,1713,626,1815,876,1711,704,1815,888
P0552,Healthy,1,1,0.785,1454,882,1510,1122,1455,893,1517,1106
P0552,Healthy,2,1,0.934,1243,873,1318,1123,1242,879,1318,1131
P0553,Endodontics,0,1,0.721,1779,642,1864,907,1770,667,1856,918
P0553,Healthy,2,1,0.578,1665,942,1832,1200,1691,961,1809,1172
P0553,Endodontics,1,1,0.824,1016,599,1120,861,1024,624,1121,860
P0553,Healthy,9,1,0.784,1744,931,1949,1238,1756,935,1945,1196
P0555,Endodontics,0,1,0.84,1399,590,1506,870,1399,597,1495,883
P0555,Healthy,11,1,0.691,1233,519,1331,863,1248,552,1337,883
P0555,Endodontics,1,0,0.0,1023,564,1222,859,,,,
P0555,Endodontics,2,1,0.736,997,605,1114,880,977,622,1126,884
P0556,Healthy,1,1,0.769,1656,415,1729,782,1642,430,1732,789
P0556,Endodontics,0,1,0.868,1733,440,1821,772,1734,472,1820,767
P0556,Healthy,2,1,0.896,1351,797,1424,1061,1346,800,1424,1052
P0556,Endodontics,1,1,0.623,952,723,1178,1061,1000,745,1163,1037
P0557,Endodontics,0,1,0.654,1464,505,1575,842,1477,567,1570,830
P0557,Endodontics,1,1,0.803,1723,524,1798,801,1724,542,1806,789
P0557,Impacted,0,0,0.0,1936,453,2201,695,,,,
P0557,Healthy,6,1,0.865,1536,831,1655,1117,1544,836,1653,1106
P0558,Healthy,5,1,0.719,1742,724,1815,1060,1737,737,1829,1034
P0558,Healthy,6,1,0.598,2120,659,2342,974,2127,682,2299,925
P0558,Endodontics,0,1,0.704,834,732,1043,1109,854,743,1055,1050
P0558,Endodontics,1,1,0.717,1825,394,1902,727,1818,452,1906,737
P0558,Endodontics,2,1,0.732,1087,411,1181,701,1081,419,1205,705
P0559,Endodontics,0,1,0.638,1847,823,2083,1158,1855,849,2049,1109
P0559,Healthy,11,1,0.811,1802,553,1902,837,1799,570,1891,838
P0058,Healthy,0,1,0.821,1566,770,1656,1089,1565,786,1647,1080
P0058,Healthy,3,1,0.664,1391,755,1462,1029,1389,764,1448,996
P0562,Endodontics,0,1,0.789,786,818,1067,1205,794,842,1063,1161
P0562,Healthy,9,1,0.767,1304,554,1409,888,1305,569,1434,886
P0562,Healthy,10,1,0.652,1166,470,1379,890,1179,512,1335,886
P0562,Endodontics,1,1,0.727,1087,534,1241,855,1059,570,1243,842
P0563,Healthy,2,1,0.869,1472,818,1545,1074,1477,827,1547,1072
P0563,Endodontics,0,1,0.827,1862,436,1998,776,1867,463,1992,769
P0564,Endodontics,0,0,0.0,1708,887,1884,1141,,,,
P0564,Healthy,5,1,0.764,1310,916,1393,1216,1304,926,1384,1200
P0564,Endodontics,1,1,0.775,1232,893,1326,1185,1220,911,1328,1167
P0564,Healthy,6,0,0.0,1867,456,2137,744,,,,
P0565,Endodontics,0,1,0.868,1673,534,1779,817,1667,544,1784,814
P0565,Endodontics,1,1,0.789,1093,540,1168,817,1095,543,1169,770
P0565,Endodontics,2,1,0.789,1160,540,1237,817,1162,551,1251,814
P0565,Healthy,19,1,0.548,605,695,899,1012,651,735,879,959
P0568,Endodontics,0,1,0.653,1679,838,1852,1145,1699,830,1834,1100
P0568,Healthy,0,1,0.602,1489,812,1671,1116,1515,836,1651,1081
P0568,Healthy,2,1,0.892,1278,820,1372,1110,1277,839,1375,1108
P0568,Endodontics,1,1,0.666,941,911,1051,1153,948,927,1046,1108
P0569,Endodontics,0,1,0.89,1297,494,1378,826,1297,513,1374,824
P0569,Healthy,2,1,0.851,1642,475,1738,836,1646,494,1737,818
P0569,Endodontics,1,1,0.805,1743,473,1829,805,1742,487,1840,788
P0569,Healthy,8,1,0.593,1403,846,1516,1142,1421,854,1504,1093
P0570,Endodontics,0,1,0.8,1055,532,1149,795,1059,559,1155,791
P0570,Endodontics,1,1,0.862,1134,531,1203,781,1131,532,1198,774
P0570,Healthy,0,1,0.822,1199,501,1280,815,1191,511,1275,818
P0570,Endodontics,2,1,0.778,1826,515,1947,790,1832,546,1944,777
P0570,Endodontics,3,1,0.791,1562,826,1637,1103,1560,825,1647,1078
P0570,Healthy,5,1,0.78,1239,824,1312,1093,1233,835,1308,1073
P0570,Endodontics,4,1,0.623,1001,815,1150,1059,1036,818,1152,1019
P0571,Healthy,4,1,0.764,1687,916,1766,1187,1672,922,1772,1182
P0571,Endodontics,0,1,0.605,1681,607,1748,884,1672,640,1761,849
P0571,Healthy,9,1,0.925,1134,640,1251,921,1136,639,1257,919
P0572,Endodontics,0,1,0.723,1112,574,1205,828,1119,589,1217,810
P0572,Healthy,2,1,0.839,1622,544,1714,838,1618,541,1705,845
P0572,Healthy,6,1,0.647,1393,884,1464,1139,1399,889,1454,1102
P0573,Healthy,1,1,0.654,1499,884,1626,1124,1520,892,1609,1116
P0573,Healthy,2,1,0.684,1457,884,1530,1151,1451,896,1537,1104
P0573,Endodontics,0,1,0.672,1126,622,1210,870,1139,635,1209,835
P0573,Endodontics,1,1,0.787,1279,611,1370,900,1286,629,1363,903
P0575,Healthy,10,1,0.844,1575,857,1658,1128,1581,864,1661,1119
P0575,Healthy,12,1,0.819,1460,868,1531,1057,1460,880,1523,1060
P0059,Healthy,4,1,0.765,1318,905,1431,1178,1326,922,1426,1158
P0576,Healthy,5,1,0.858,1627,434,1718,815,1633,448,1717,802
P0576,Healthy,20,1,0.696,1053,803,1160,1151,1066,820,1178,1138
P0578,Endodontics,0,1,0.837,1232,380,1326,799,1232,393,1341,798
P0578,Endodontics,1,1,0.612,1525,469,1620,832,1501,499,1604,827
P0578,Endodontics,2,0,0.0,1625,463,1716,820,,,,
P0578,Healthy,1,1,0.535,2054,382,2290,665,2100,418,2250,656
P0578,Healthy,8,0,0.0,2126,618,2432,929,,,,
P0579,Impacted,0,1,0.819,2060,252,2229,480,2069,249,2212,486
P0579,Impacted,1,1,0.562,682,252,930,519,722,256,886,483
P0579,Impacted,2,1,0.883,2175,609,2349,857,2176,615,2354,841
P0579,Healthy,14,1,0.735,1771,695,1930,983,1777,698,1905,961
P0579,Impacted,3,1,0.502,519,570,797,881,594,600,774,841
P0580,Endodontics,0,0,0.0,1760,598,1860,853,,,,
P0580,Healthy,0,1,0.554,1633,869,1786,1167,1655,881,1751,1144
P0580,Healthy,1,1,0.829,1549,893,1635,1106,1547,890,1630,1087
P0580,Endodontics,1,0,0.0,930,831,1112,1118,,,,
P0580,Endodontics,2,0,0.0,772,776,1011,1074,,,,
P0581,Healthy,1,1,0.831,1278,505,1360,830,1275,534,1356,833
P0581,Healthy,11,1,0.713,1225,863,1298,1176,1219,856,1318,1171
P0060,Impacted,0,1,0.571,660,388,876,635,679,390,808,626
P0060,Impacted,1,1,0.756,2083,352,2257,590,2112,358,2251,599
P0060,Impacted,2,1,0.79,2179,802,2400,1017,2187,818,2390,1003
P0060,Healthy,19,1,0.803,1381,865,1456,1114,1380,865,1447,1095
P0060,Healthy,21,1,0.743,1218,822,1316,1189,1219,838,1306,1145
P0060,Impacted,3,0,0.0,555,811,909,1123,,,,
P0060,Impacted,4,1,0.833,502,778,731,939,525,772,735,944
P0582,Healthy,1,1,0.744,1395,880,1451,1141,1392,901,1452,1106
P0582,Endodontics,0,1,0.865,1452,559,1550,861,1451,582,1547,869
P0582,Endodontics,1,1,0.733,1362,526,1471,865,1365,573,1459,870
P0582,Endodontics,2,1,0.801,1132,549,1225,832,1128,570,1219,844
P0583,Healthy,0,1,0.848,1180,430,1272,767,1187,453,1273,769
P0583,Healthy,1,1,0.878,1495,778,1572,1039,1491,781,1572,1021
P0585,Impacted,0,1,0.846,2106,355,2292,573,2106,326,2297,577
P0585,Healthy,11,1,0.687,658,415,923,755,681,417,872,741
P0585,Impacted,1,1,0.895,615,304,801,546,620,296,805,554
P0585,Healthy,17,1,0.847,1662,858,1801,1193,1669,869,1791,1194
P0585,Impacted,2,1,0.782,2211,744,2400,1016,2204,739,2387,984
P0586,Healthy,15,1,0.654,1700,878,1794,1178,1686,879,1779,1143
P0586,Healthy,16,1,0.683,1750,859,1921,1209,1756,868,1896,1160
P0587,Healthy,12,1,0.769,1199,471,1303,826,1213,462,1296,834
P0587,Healthy,18,1,0.512,977,805,1185,1165,1056,818,1194,1126
P0001,Endodontics,0,0,0.0,1608,342,1675,507,,,,
P0061,Endodontics,0,1,0.842,696,436,846,740,699,459,836,741
P0061,Endodontics,1,1,0.767,952,474,1081,791,962,505,1074,785
P0061,Healthy,1,1,0.786,1618,423,1751,813,1616,439,1730,808
P0061,Endodontics,2,1,0.527,2034,649,2341,973,2059,683,2289,911
P0061,Healthy,5,1,0.674,1887,718,2195,1074,1903,742,2169,1020
P0588,Healthy,0,1,0.664,1429,865,1483,1124,1434,868,1499,1110
P0588,Healthy,2,1,0.738,1539,872,1598,1153,1529,880,1594,1137
P0588,Endodontics,0,1,0.82,1110,382,1203,745,1099,383,1197,738
P0588,Endodontics,1,1,0.663,1071,837,1264,1164,1106,850,1272,1124
P0588,Endodontics,2,0,0.0,737,715,1110,1090,,,,
P0589,Healthy,2,0,0.0,1451,875,1629,1192,,,,
P0589,Healthy,6,1,0.524,1869,855,2031,1174,1884,875,1991,1128
P0590,Healthy,11,0,0.0,765,512,1004,824,,,,
P0590,Healthy,18,1,0.639,1955,767,2217,1126,1970,779,2184,1060
P0591,Healthy,2,1,0.584,1418,901,1495,1137,1407,907,1480,1098
P0591,Endodontics,0,1,0.581,1661,870,1864,1153,1681,875,1812,1130
P0591,Endodontics,1,1,0.596,1758,841,1979,1123,1778,860,1936,1095
P0591,Endodontics,2,1,0.516,1851,802,2115,1091,1877,822,2090,1007
P0591,Endodontics,3,0,0.0,1970,716,2249,1001,,,,
P0591,Endodontics,4,1,0.599,1742,578,1850,805,1766,587,1849,764
P0591,Endodontics,5,1,0.704,1543,627,1621,890,1555,638,1630,880
P0591,Endodontics,6,1,0.819,1479,619,1552,882,1473,623,1553,908
P0591,Endodontics,7,1,0.892,1317,600,1392,867,1319,610,1393,877
P0591,Endodontics,8,0,0.0,1076,817,1295,1130,,,,
P0591,Endodontics,9,0,0.0,719,688,1018,972,,,,
P0592,Healthy,5,1,0.82,1729,901,1823,1251,1725,920,1824,1220
P0592,Healthy,6,1,0.657,1830,911,2030,1233,1839,932,1998,1198
P0592,Endodontics,0,1,0.797,1306,619,1393,928,1313,622,1400,910
P0592,Endodontics,1,1,0.799,1401,622,1487,918,1397,637,1496,906
P0592,Endodontics,2,1,0.835,1570,571,1656,880,1564,584,1652,888
P0593,Healthy,7,1,0.728,1391,922,1460,1176,1390,921,1446,1158
P0593,Healthy,10,1,0.722,1149,906,1276,1234,1173,922,1275,1217
P0594,Healthy,0,1,0.572,1663,678,1886,1055,1692,697,1840,1022
P0594,Healthy,1,1,0.758,1591,693,1766,1057,1603,707,1746,1073
P0596,Healthy,0,1,0.844,1668,430,1762,809,1672,443,1770,814
P0596,Healthy,2,1,0.527,2048,361,2321,639,2096,375,2258,622
P0596,Impacted,0,1,0.519,2088,700,2406,934,2129,716,2356,886
P0596,Endodontics,0,1,0.576,987,837,1212,1176,1027,847,1184,1127
P0596,Endodontics,1,1,0.741,1089,480,1199,818,1077,528,1205,813
P0596,Endodontics,2,0,0.0,828,428,1099,798,,,,
P0596,Endodontics,3,1,0.527,789,763,1134,1175,831,807,1079,1109
P0596,Impacted,1,0,0.0,470,681,813,1009,,,,
P0597,Healthy,3,1,0.782,1689,860,1825,1149,1679,864,1815,1124
P0597,Impacted,0,1,0.822,2035,797,2282,964,2036,793,2258,953
P0597,Healthy,9,1,0.73,1075,843,1246,1143,1100,864,1248,1123
P0597,Impacted,1,1,0.614,613,772,872,980,656,813,859,976
P0597,Impacted,2,1,0.775,1990,378,2161,563,1984,397,2146,559
P0599,Endodontics,0,1,0.774,1593,797,1710,1061,1596,800,1694,1044
P0599,Healthy,1,1,0.766,1285,778,1370,1022,1293,778,1375,995
P0601,Healthy,8,1,0.817,1297,869,1438,1181,1295,870,1420,1166
P0603,Endodontics,0,1,0.817,1322,471,1403,755,1318,492,1397,756
P0603,Endodontics,1,1,0.797,1293,740,1393,1064,1292,747,1379,1050
P0603,Healthy,0,1,0.724,1613,723,1781,1068,1638,747,1772,1060
P0606,Healthy,5,1,0.808,2067,486,2213,759,2069,505,2203,776
P0606,Endodontics,0,1,0.771,1944,500,2085,795,1965,522,2087,798
P0606,Healthy,11,1,0.568,1306,536,1418,876,1302,582,1382,877
P0606,Endodontics,1,1,0.689,828,810,1109,1177,871,837,1107,1138
P0607,Healthy,2,1,0.761,1527,845,1620,1145,1523,834,1609,1123
P0607,Healthy,21,0,0.0,595,456,857,761,,,,
P0608,Healthy,0,1,0.715,1710,859,1814,1159,1706,862,1801,1115
P0609,Healthy,7,1,0.838,1178,865,1276,1180,1177,879,1289,1181
P0610,Endodontics,0,1,0.823,1286,592,1387,913,1288,625,1394,915
P0610,Endodontics,1,1,0.831,1562,607,1643,938,1560,647,1646,939
P0610,Impacted,0,1,0.533,2093,850,2303,1133,2106,876,2259,1083
P0610,Endodontics,2,1,0.584,1681,928,1877,1214,1715,957,1845,1209
P0610,Healthy,7,0,0.0,1384,929,1528,1215,,,,
P0610,Healthy,13,1,0.851,1155,932,1260,1228,1156,931,1265,1198
P0610,Endodontics,3,0,0.0,821,883,1111,1251,,,,
P0611,Endodontics,0,1,0.653,1308,538,1387,838,1323,553,1400,832
P0611,Healthy,9,1,0.687,1476,820,1549,1080,1476,833,1535,1054
P0611,Healthy,15,1,0.684,916,492,1115,818,954,520,1107,810
P0612,Healthy,5,1,0.76,1306,828,1404,1110,1315,837,1398,1090
P0612,Healthy,7,1,0.838,1117,819,1226,1129,1124,818,1234,1117
P0613,Healthy,5,1,0.78,1761,490,1848,788,1748,507,1851,797
P0613,Healthy,15,1,0.836,1029,501,1138,799,1042,506,1136,804
P0614,Healthy,7,1,0.683,1739,451,1837,784,1725,518,1836,773
P0614,Healthy,15,1,0.571,1192,788,1360,1122,1227,804,1343,1080
P0615,Endodontics,0,1,0.628,1168,636,1260,932,1145,656,1281,940
P0615,Endodontics,1,1,0.788,1391,655,1491,959,1382,672,1483,964
P0615,Healthy,2,1,0.857,1213,948,1298,1209,1217,955,1302,1200
P0616,Healthy,1,1,0.879,1087,532,1207,870,1087,551,1200,874
P0616,Healthy,2,1,0.805,849,492,984,803,837,508,976,796
P0617,Healthy,3,1,0.849,1491,807,1573,1084,1487,808,1570,1063
P0618,Healthy,0,1,0.766,1768,832,1871,1155,1765,826,1857,1131
P0618,Healthy,1,1,0.81,1689,836,1787,1147,1678,836,1790,1121
P0619,Healthy,3,1,0.825,1552,563,1635,845,1562,566,1632,849
P0619,Healthy,19,1,0.817,1773,834,1894,1123,1778,839,1879,1122
P0620,Endodontics,0,1,0.761,1799,742,2063,1072,1803,754,2039,1035
P0620,Healthy,3,1,0.741,1657,799,1746,1089,1642,803,1754,1069
P0621,Healthy,5,1,0.803,1723,407,1831,744,1717,443,1837,748
P0621,Healthy,17,1,0.738,1685,763,1793,1064,1680,768,1775,1046
P0622,Healthy,0,1,0.881,1573,880,1666,1189,1570,884,1667,1167
P0622,Healthy,2,1,0.784,1393,895,1460,1178,1394,891,1456,1138
P0622,Endodontics,0,1,0.788,1525,546,1604,878,1526,586,1598,873
P0622,Endodontics,1,1,0.835,1453,547,1531,883,1447,576,1530,880
P0622,Endodontics,2,1,0.53,1107,853,1291,1174,1160,870,1276,1140
P0623,Healthy,1,1,0.751,1426,853,1485,1153,1424,858,1489,1102
P0624,Healthy,9,1,0.73,1122,596,1236,907,1135,628,1246,910
P0625,Healthy,0,1,0.743,1403,674,1499,941,1394,698,1489,938
P0625,Healthy,5,1,0.587,1238,624,1357,920,1231,694,1336,929
P0626,Healthy,0,1,0.778,1612,565,1683,884,1605,557,1694,884
P0626,Endodontics,0,0,0.0,1637,882,1809,1180,,,,
P0626,Endodontics,1,0,0.0,687,809,1032,1172,,,,
P0627,Healthy,0,1,0.83,1645,757,1710,1084,1641,763,1713,1061
P0627,Healthy,1,1,0.804,1328,768,1405,1064,1337,774,1411,1064
P0627,Endodontics,0,1,0.722,1709,482,1782,761,1699,526,1780,766
P0627,Endodontics,1,0,0.0,1765,453,2000,808,,,,
P0628,Healthy,5,1,0.706,1658,488,1739,803,1644,500,1753,810
P0628,Healthy,16,1,0.745,1605,863,1751,1127,1615,850,1736,1110
P0628,Endodontics,0,1,0.528,1049,840,1239,1176,1091,832,1212,1123
P0628,Endodontics,1,1,0.587,754,766,1054,1120,808,785,1045,1048
P0629,Healthy,4,1,0.703,1543,730,1597,1024,1537,726,1604,983
P0629,Healthy,6,1,0.862,1685,720,1766,1047,1686,725,1772,1030
P0630,Endodontics,0,1,0.782,1456,405,1535,765,1453,453,1530,767
P0630,Healthy,9,1,0.656,1632,780,1766,1091,1631,791,1739,1048
P0631,Healthy,3,1,0.758,2054,357,2206,624,2063,371,2190,638
P0631,Endodontics,0,1,0.628,1771,662,2004,971,1777,683,1957,934
P0633,Endodontics,0,1,0.651,1529,378,1618,720,1544,437,1623,717
P0633,Healthy,2,1,0.705,1427,738,1506,1030,1432,737,1495,997
P0633,Healthy,3,1,0.781,1483,720,1541,1039,1479,731,1542,998
P0633,Endodontics,1,1,0.538,1126,757,1331,1143,1180,796,1319,1102
P0635,Healthy,7,1,0.588,1458,822,1525,1122,1452,841,1509,1090
P0635,Healthy,13,1,0.589,1129,810,1313,1125,1155,822,1274,1109
P0636,Healthy,8,1,0.742,1099,820,1208,1126,1102,825,1228,1155
P0636,Healthy,12,1,0.711,1443,815,1524,1110,1435,820,1514,1080
P0637,Endodontics,0,1,0.792,1777,738,1892,1068,1762,739,1889,1039
P0637,Healthy,3,1,0.636,1372,740,1466,1034,1377,753,1449,997
P0638,Impacted,0,1,0.543,2115,626,2315,901,2127,660,2274,863
P0638,Healthy,9,1,0.599,1782,700,2080,1047,1811,734,2037,1008
P0638,Healthy,20,1,0.564,795,348,1041,690,825,386,988,677
P0638,Impacted,1,0,0.0,543,618,818,947,,,,
P0639,Healthy,10,1,0.759,1479,838,1556,1047,1476,842,1548,1025
P0639,Endodontics,0,1,0.676,1753,784,1929,1078,1771,796,1903,1061
P0639,Endodontics,1,0,0.0,1832,768,2072,1056,,,,
P0639,Endodontics,2,1,0.65,843,738,1142,1113,877,757,1131,1044
P0639,Healthy,17,0,0.0,535,613,871,956,,,,
P0640,Endodontics,0,1,0.68,1249,352,1354,709,1273,376,1360,711
P0640,Endodontics,1,1,0.742,1441,309,1543,711,1453,342,1552,707
P0640,Endodontics,2,1,0.762,1549,311,1643,701,1544,355,1635,708
P0640,Endodontics,3,1,0.813,1777,321,1890,671,1775,359,1882,672
P0640,Healthy,3,1,0.769,1175,348,1274,705,1186,322,1279,719
P0640,Healthy,9,1,0.719,1431,713,1495,1020,1424,722,1493,970
P0064,Healthy,6,1,0.649,1153,829,1301,1135,1181,846,1291,1113
P0641,Healthy,2,1,0.779,1689,469,1777,786,1696,460,1790,785
P0642,Healthy,1,1,0.857,1605,735,1730,1096,1602,735,1744,1085
P0642,Healthy,3,1,0.639,1478,732,1636,1077,1507,736,1635,1008
P0065,Healthy,6,1,0.867,1351,501,1435,790,1355,511,1431,788
P0065,Endodontics,0,1,0.59,1791,710,2059,1066,1809,729,2005,1016
P0065,Endodontics,1,1,0.682,736,654,987,972,769,672,991,925
P0644,Endodontics,0,1,0.641,1050,523,1174,800,1080,531,1191,796
P0644,Endodontics,1,1,0.923,1159,510,1250,785,1160,521,1250,793
P0644,Endodontics,2,1,0.791,1230,486,1316,801,1235,492,1329,795
P0644,Endodontics,3,1,0.537,1378,492,1470,757,1399,529,1458,751
P0644,Endodontics,4,1,0.675,1462,511,1560,780,1462,572,1549,785
P0644,Endodontics,5,1,0.885,1558,526,1635,822,1558,547,1633,816
P0644,Endodontics,6,1,0.72,1718,517,1804,820,1701,537,1798,826
P0644,Healthy,0,1,0.762,1610,838,1714,1141,1612,839,1703,1103
P0644,Healthy,5,1,0.845,1230,813,1328,1128,1232,820,1319,1120
P0645,Endodontics,0,0,0.0,1005,647,1087,855,,,,
P0645,Endodontics,1,1,0.75,1251,644,1333,880,1237,656,1340,875
P0645,Endodontics,2,1,0.789,1343,628,1429,888,1339,598,1436,890
P0645,Endodontics,3,1,0.837,1439,624,1522,886,1431,620,1527,881
P0645,Endodontics,4,1,0.84,1531,634,1604,895,1526,642,1610,893
P0645,Endodontics,5,1,0.625,1485,924,1562,1114,1467,918,1570,1081
P0645,Endodontics,6,0,0.0,1910,864,2141,1138,,,,
P0646,Healthy,2,1,0.778,1234,799,1332,1086,1225,797,1342,1106
P0646,Healthy,4,1,0.697,1433,811,1515,1086,1433,809,1535,1044
P0649,Healthy,8,1,0.761,1485,905,1560,1183,1480,903,1550,1166
P0649,Healthy,15,1,0.658,1095,905,1286,1210,1134,918,1277,1186
P0649,Endodontics,0,1,0.745,896,862,1124,1163,910,880,1117,1127
P0649,Endodontics,1,1,0.697,1778,895,1927,1176,1773,900,1895,1157
P0650,Healthy,4,1,0.822,1707,551,1792,819,1701,564,1797,827
P0650,Healthy,7,1,0.783,2090,498,2217,703,2088,482,2200,699
P0651,Healthy,4,0,0.0,1757,366,1932,714,,,,
P0651,Healthy,7,1,0.761,1462,772,1524,1017,1463,776,1529,978
P0651,Endodontics,0,1,0.808,980,720,1089,1043,977,722,1073,1036
P0652,Healthy,0,1,0.642,1362,853,1423,1135,1367,847,1438,1097
P0652,Endodontics,0,1,0.747,1570,865,1668,1180,1554,870,1667,1141
P0652,Endodontics,1,1,0.557,1711,876,1843,1193,1653,876,1829,1148
P0652,Endodontics,2,1,0.515,991,845,1174,1159,1027,902,1159,1126
P0652,Endodontics,3,1,0.882,897,546,1037,836,905,545,1036,854
P0652,Endodontics,4,1,0.721,1093,566,1183,816,1103,577,1193,834
P0652,Endodontics,5,1,0.859,1168,532,1280,820,1176,511,1279,819
P0652,Endodontics,6,1,0.65,1505,523,1623,822,1521,582,1620,835
P0652,Endodontics,7,1,0.713,1575,505,1726,830,1588,548,1719,851
P0653,Healthy,7,1,0.814,2006,482,2152,736,2019,492,2147,746
P0066,Healthy,0,1,0.752,1220,542,1310,866,1230,573,1306,872
P0066,Endodontics,0,1,0.846,1906,549,2052,818,1907,569,2041,817
P0066,Healthy,2,1,0.804,1562,880,1635,1205,1569,893,1639,1214
P0654,Healthy,0,1,0.675,1565,783,1787,1105,1580,802,1750,1086
P0654,Healthy,1,1,0.92,1209,800,1322,1110,1212,804,1318,1112
P0657,Healthy,8,1,0.852,1174,373,1285,742,1167,397,1282,739
P0658,Healthy,4,1,0.761,1685,380,1798,722,1705,401,1799,725
P0658,Healthy,20,1,0.716,1351,767,1441,1024,1361,770,1437,988
P0661,Healthy,0,1,0.865,1376,498,1468,799,1380,491,1462,796
P0661,Healthy,4,1,0.78,1649,438,1750,717,1659,450,1754,737
P0662,Healthy,1,1,0.918,1346,450,1454,790,1347,459,1457,798
P0662,Impacted,0,1,0.79,2195,423,2392,657,2217,437,2402,655
P0662,Impacted,1,0,0.0,2190,715,2525,1051,,,,
P0662,Impacted,2,1,0.835,503,767,669,1028,509,778,686,1026
P0663,Healthy,0,1,0.869,1147,396,1256,726,1151,377,1253,734
P0663,Healthy,2,1,0.745,966,444,1089,728,964,464,1070,718
P0663,Impacted,0,1,0.512,2214,561,2497,897,2221,598,2431,830
P0664,Healthy,1,1,0.61,1664,745,1797,1031,1678,747,1764,1017
P0664,Endodontics,0,1,0.778,1346,379,1473,712,1349,396,1455,719
P0664,Healthy,6,1,0.518,601,492,925,815,650,546,912,753
P0665,Endodontics,0,1,0.929,907,483,1047,792,907,490,1046,806
P0665,Endodontics,1,1,0.653,786,454,975,755,785,476,921,759
P0665,Healthy,6,0,0.0,1447,870,1592,1124,,,,
P0665,Endodontics,2,1,0.74,856,804,1099,1115,866,823,1081,1083
P0665,Healthy,12,1,0.59,1664,829,1878,1141,1682,856,1836,1112
P0665,Endodontics,3,1,0.593,1948,688,2285,1048,1976,716,2271,960
P0067,Impacted,0,0,0.0,677,316,927,568,,,,
P0067,Endodontics,0,1,0.655,1389,740,1460,993,1392,748,1446,966
P0067,Healthy,2,1,0.715,1324,726,1399,1014,1329,743,1392,988
P0666,Endodontics,0,1,0.683,1551,396,1649,734,1563,416,1635,730
P0666,Healthy,5,1,0.815,2142,294,2284,624,2139,330,2279,614
P0667,Healthy,0,1,0.57,1306,793,1381,1086,1327,800,1381,1032
P0672,Healthy,12,1,0.799,1619,957,1778,1224,1633,968,1772,1212
P0068,Healthy,4,1,0.854,1289,872,1397,1166,1293,890,1402,1162
P0673,Healthy,12,1,0.881,1527,865,1600,1109,1526,874,1597,1101
P0673,Healthy,18,0,0.0,1140,821,1335,1140,,,,
P0674,Healthy,1,1,0.846,1485,795,1577,1080,1487,807,1575,1059
P0674,Healthy,5,1,0.688,1137,749,1249,1122,1162,769,1253,1110
P0676,Healthy,10,1,0.868,938,469,1101,772,930,452,1096,769
P0676,Healthy,21,1,0.84,2053,757,2212,1039,2069,764,2206,1039
P0676,Impacted,0,1,0.743,2186,767,2396,972,2187,791,2374,962
P0676,Impacted,1,1,0.738,584,726,770,1025,604,752,785,1017
P0677,Healthy,4,1,0.822,1472,819,1543,1071,1471,832,1540,1051
P0677,Healthy,5,1,0.949,1612,817,1712,1120,1612,817,1713,1133
P0677,Impacted,0,1,0.749,2131,745,2388,938,2131,755,2334,938
P0677,Impacted,1,0,0.0,465,695,790,1024,,,,
P0069,Healthy,0,1,0.689,1406,798,1461,1026,1410,805,1453,1006
P0069,Endodontics,0,1,0.518,1259,788,1353,1065,1291,825,1358,1052
P0069,Endodontics,1,1,0.516,742,645,1119,991,787,695,1071,932
P0679,Healthy,7,1,0.828,1281,826,1374,1045,1273,823,1366,1046
P0680,Endodontics,0,1,0.68,1449,546,1541,828,1433,594,1539,840
P0680,Healthy,3,1,0.856,1573,824,1671,1135,1576,824,1679,1150
P0680,Healthy,7,1,0.775,1174,845,1279,1187,1167,850,1263,1183
P0682,Healthy,10,1,0.834,1516,772,1585,1036,1506,773,1583,1032
P0682,Healthy,11,1,0.901,1575,762,1666,1052,1570,765,1668,1058
P0683,Endodontics,0,1,0.739,941,579,1106,842,973,583,1113,834
P0683,Healthy,7,1,0.867,1337,843,1410,1097,1336,845,1406,1081
P0070,Endodontics,0,1,0.737,1647,824,1735,1091,1653,838,1731,1060
P0070,Healthy,0,1,0.705,1499,817,1577,1084,1510,832,1573,1065
P0684,Healthy,9,1,0.794,1233,909,1321,1264,1241,918,1329,1255
P0684,Healthy,12,1,0.581,1462,895,1512,1212,1456,899,1526,1139
P0685,Endodontics,0,1,0.675,1804,536,1887,797,1796,565,1880,772
P0685,Healthy,3,1,0.793,1168,482,1268,828,1183,499,1269,832
P0685,Healthy,5,1,0.76,1371,863,1433,1109,1364,864,1435,1074
P0685,Endodontics,1,1,0.791,1652,857,1748,1122,1636,848,1747,1111
P0686,Endodontics,0,1,0.634,1149,551,1239,820,1162,579,1256,830
P0686,Healthy,6,1,0.859,1643,828,1731,1105,1638,830,1724,1103
P0686,Healthy,7,1,0.831,1556,832,1643,1137,1556,833,1635,1112
P0687,Healthy,4,1,0.861,649,271,690,425,654,273,690,424
P0687,Endodontics,0,1,0.709,458,279,537,429,451,282,523,422
P0687,Endodontics,1,1,0.637,591,445,627,601,586,448,639,590
P0687,Healthy,12,1,0.719,854,441,899,588,844,437,904,585
P0688,Healthy,2,1,0.766,1545,609,1610,890,1536,599,1616,882
P0688,Healthy,9,1,0.84,701,488,843,771,694,493,831,765
P0689,Endodontics,0,1,0.718,1633,601,1752,888,1604,622,1746,888
P0689,Endodontics,1,1,0.684,1746,619,1835,863,1719,634,1832,871
P0689,Endodontics,2,1,0.81,1816,571,1940,847,1802,569,1954,847
P0689,Endodontics,3,1,0.784,1145,626,1228,880,1133,644,1231,876
P0689,Endodontics,4,1,0.669,1024,630,1145,859,1039,639,1135,832
P0689,Endodontics,5,1,0.636,941,588,1037,805,921,594,1021,791
P0689,Endodontics,6,1,0.73,1682,897,1841,1187,1658,893,1828,1163
P0689,Endodontics,7,1,0.556,1916,781,2246,1097,1923,810,2198,1021
P0689,Healthy,6,1,0.542,1150,884,1335,1198,1177,909,1291,1185
P0689,Endodontics,8,0,0.0,854,799,1138,1109,,,,
P0690,Healthy,0,1,0.889,1618,895,1712,1191,1622,898,1718,1192
P0690,Healthy,2,1,0.777,1473,905,1550,1156,1475,896,1549,1115
P0691,Healthy,0,1,0.713,1189,530,1280,853,1175,544,1269,863
P0691,Healthy,3,1,0.892,1527,871,1637,1184,1532,876,1635,1195
P0694,Healthy,3,1,0.748,1923,787,2181,1103,1942,795,2182,1051
P0694,Healthy,9,1,0.869,1593,521,1671,830,1592,546,1674,833
P0695,Healthy,3,1,0.814,1558,784,1645,1072,1560,790,1645,1030
P0695,Healthy,4,1,0.814,1645,788,1725,1110,1640,790,1737,1107
P0695,Endodontics,0,1,0.751,1892,787,2152,1132,1898,795,2124,1093
P0695,Endodontics,1,1,0.574,2042,729,2339,1106,2062,771,2289,1054
P0695,Endodontics,2,1,0.885,1917,511,2048,784,1910,511,2057,782
P0695,Endodontics,3,1,0.588,1143,451,1237,767,1163,458,1264,775
P0696,Endodontics,0,0,0.0,1232,515,1316,715,,,,
P0696,Healthy,9,1,0.589,1158,814,1287,1117,1194,817,1279,1088
P0697,Healthy,3,1,0.808,1389,801,1466,1061,1383,793,1462,1046
P0698,Healthy,1,1,0.862,1537,815,1646,1069,1544,810,1644,1058
P0698,Endodontics,0,1,0.565,1133,806,1260,1044,1158,818,1243,1019
P0698,Endodontics,1,1,0.603,1027,785,1191,1043,1075,786,1184,1020
P0699,Endodontics,0,1,0.911,1308,572,1396,860,1306,569,1400,865
P0699,Healthy,2,1,0.718,1331,866,1419,1170,1328,870,1401,1153
P0702,Endodontics,0,0,0.0,1312,719,1383,915,,,,
P0702,Endodontics,1,0,0.0,1391,720,1452,913,,,,
P0702,Endodontics,2,1,0.642,1585,605,1648,930,1587,606,1677,940
P0702,Healthy,3,1,0.775,2031,621,2148,856,2026,612,2164,869
P0702,Healthy,9,1,0.659,1160,939,1268,1240,1184,952,1279,1231
P0702,Endodontics,3,1,0.622,919,917,1167,1233,949,935,1135,1197
P0703,Healthy,0,1,0.776,1505,855,1605,1133,1514,868,1601,1116
P0703,Healthy,1,1,0.528,1434,861,1541,1130,1463,865,1525,1110
P0703,Endodontics,0,1,0.747,1311,862,1421,1154,1330,874,1416,1153
P0704,Healthy,9,1,0.546,743,483,956,796,756,507,885,789
P0704,Healthy,13,1,0.952,1055,842,1172,1141,1056,844,1172,1131
P0704,Endodontics,0,1,0.738,1820,773,2066,1110,1835,806,2060,1078
P0704,Impacted,0,1,0.824,2158,755,2396,951,2155,757,2379,933
P0705,Healthy,4,1,0.815,1600,786,1696,1082,1598,780,1689,1056
P0705,Healthy,6,1,0.772,1208,423,1308,763,1193,420,1298,765
P0705,Endodontics,0,1,0.915,1022,435,1116,698,1026,432,1115,692
P0705,Endodontics,1,1,0.882,868,428,1026,699,861,446,1024,698
P0705,Endodontics,2,1,0.661,740,394,866,674,759,442,871,684
P0705,Endodontics,3,1,0.633,673,661,912,936,692,682,896,886
P0706,Endodontics,0,1,0.744,1740,823,1830,1135,1733,832,1819,1115
P0706,Healthy,0,1,0.91,1406,820,1481,1087,1405,826,1481,1072
P0706,Healthy,1,1,0.864,1326,820,1406,1103,1327,828,1408,1081
P0706,Endodontics,1,1,0.736,1232,809,1337,1155,1230,822,1322,1124
P0706,Endodontics,2,1,0.622,1112,818,1214,1130,1130,839,1239,1128
P0706,Endodontics,3,1,0.655,987,870,1158,1152,1011,816,1151,1131
P0706,Endodontics,4,1,0.545,812,822,1056,1140,834,867,1022,1092
P0708,Endodontics,0,1,0.9,822,538,974,820,829,539,981,823
P0708,Healthy,0,1,0.831,1097,555,1174,853,1091,554,1182,848
P0708,Healthy,11,1,0.547,1119,892,1308,1221,1160,910,1278,1198
P0709,Healthy,3,1,0.794,1575,490,1658,799,1579,505,1652,784
P0709,Healthy,9,1,0.826,1564,809,1697,1044,1575,821,1694,1038
P0710,Healthy,0,1,0.795,1493,847,1566,1143,1494,850,1556,1127
P0710,Healthy,1,1,0.665,1439,853,1512,1157,1436,851,1499,1109
P0711,Impacted,0,1,0.686,2126,797,2416,1008,2134,813,2393,975
P0711,Healthy,6,1,0.856,1562,915,1660,1235,1564,917,1655,1212
P0711,Healthy,8,1,0.704,1176,902,1352,1237,1201,907,1337,1212
P0711,Endodontics,0,1,0.799,839,819,1087,1148,852,834,1096,1120
P0074,Endodontics,0,1,0.826,903,565,1049,790,897,570,1041,774
P0074,Endodontics,1,1,0.854,1112,480,1230,788,1120,494,1231,799
P0074,Endodontics,2,1,0.798,1183,430,1293,780,1198,449,1292,776
P0074,Endodontics,3,1,0.616,1583,418,1744,799,1592,462,1708,788
P0074,Endodontics,4,1,0.726,1693,477,1828,796,1685,491,1802,794
P0074,Healthy,1,1,0.773,1452,780,1549,1099,1460,792,1546,1070
P0074,Healthy,3,1,0.722,1041,838,1162,1160,1050,844,1147,1134
P0712,Endodontics,0,1,0.883,1391,624,1481,930,1394,631,1485,938
P0712,Endodontics,1,1,0.854,1755,893,1905,1201,1752,910,1900,1187
P0712,Healthy,1,1,0.722,1466,947,1535,1195,1461,947,1525,1170
P0712,Healthy,2,1,0.715,1396,945,1476,1208,1399,945,1465,1173
P0713,Endodontics,0,1,0.662,1068,594,1242,884,1113,588,1230,885
P0713,Healthy,1,1,0.879,1593,868,1681,1185,1588,869,1685,1175
P0714,Endodontics,0,1,0.806,1451,528,1531,849,1433,528,1530,849
P0714,Healthy,2,1,0.787,1431,864,1501,1089,1428,878,1495,1079
P0714,Healthy,4,1,0.762,1563,842,1714,1128,1561,852,1692,1110
P0075,Endodontics,0,1,0.671,1305,542,1403,865,1301,562,1379,860
P0075,Endodontics,1,1,0.734,1744,505,1850,838,1754,561,1848,840
P0075,Endodontics,2,1,0.66,1811,830,1999,1117,1821,842,1964,1091
P0075,Healthy,3,1,0.63,1433,826,1518,1112,1441,852,1503,1099
P0075,Healthy,4,1,0.79,1342,842,1437,1163,1350,850,1442,1140
P0715,Healthy,12,1,0.813,1397,911,1456,1149,1388,916,1458,1144
P0717,Healthy,2,1,0.774,1132,528,1239,826,1120,556,1234,830
P0717,Healthy,16,1,0.799,1777,889,1889,1179,1772,889,1874,1168
P0717,Impacted,0,0,0.0,497,794,804,1096,,,,
P0718,Endodontics,0,1,0.839,778,528,939,790,800,527,940,785
P0718,Endodontics,1,1,0.736,1665,517,1763,788,1681,517,1773,798
P0718,Healthy,3,1,0.926,1556,840,1629,1070,1557,839,1628,1060
P0719,Endodontics,0,1,0.831,1773,569,1892,851,1766,585,1884,852
P0719,Endodontics,1,1,0.759,1885,571,1985,803,1875,596,1978,804
P0719,Healthy,9,1,0.751,1389,886,1458,1141,1386,886,1445,1132
P0719,Impacted,0,0,0.0,551,705,815,1011,,,,
P0720,Endodontics,0,1,0.708,1374,559,1460,830,1366,531,1475,833
P0720,Endodontics,1,1,0.787,1468,511,1554,820,1458,519,1558,841
P0720,Healthy,9,1,0.748,1403,857,1477,1091,1398,851,1464,1094
P0720,Endodontics,2,1,0.667,854,790,1120,1113,865,811,1074,1085
P0720,Endodontics,3,1,0.594,678,747,962,1081,731,774,951,1030
P0721,Healthy,2,1,0.781,1226,425,1312,788,1220,466,1318,784
P0721,Healthy,18,1,0.742,1474,824,1562,1081,1484,831,1557,1061
P0076,Healthy,7,0,0.0,1976,512,2281,813,,,,
P0076,Healthy,12,1,0.678,1437,916,1520,1157,1442,934,1513,1125
P0722,Healthy,0,1,0.843,1268,607,1362,874,1259,589,1361,875
P0722,Healthy,8,1,0.648,1942,456,2217,740,2014,455,2197,733
P0722,Impacted,0,1,0.85,2129,344,2281,609,2128,373,2276,611
P0722,Impacted,1,1,0.807,598,377,778,624,611,389,769,616
P0722,Impacted,2,1,0.783,446,638,717,847,453,644,708,818
P0723,Healthy,0,1,0.905,1335,817,1408,1064,1336,825,1406,1058
P0724,Healthy,0,1,0.844,1669,579,1771,880,1663,580,1761,882
P0724,Endodontics,0,1,0.793,1036,570,1166,853,1040,570,1147,866
P0724,Endodontics,1,1,0.798,958,549,1065,849,957,568,1051,853
P0724,Healthy,7,1,0.655,1540,899,1686,1166,1561,913,1671,1145
P0724,Endodontics,2,1,0.717,1838,871,2039,1169,1852,888,2016,1150
P0724,Endodontics,3,1,0.665,1936,849,2191,1167,1944,862,2166,1105
P0725,Healthy,1,1,0.845,1372,580,1462,899,1378,572,1457,894
P0725,Healthy,9,1,0.892,1149,549,1260,849,1149,566,1254,849
P0727,Healthy,3,1,0.81,1335,747,1420,1099,1341,744,1423,1066
P0727,Healthy,4,1,0.927,1252,728,1348,1101,1251,739,1350,1107
P0728,Healthy,0,1,0.75,1183,403,1295,738,1194,382,1310,737
P0728,Healthy,1,1,0.876,1301,398,1406,740,1303,390,1398,736
P0728,Endodontics,0,1,0.937,849,444,1001,707,849,445,1000,722
P0077,Healthy,2,1,0.658,1431,740,1516,1055,1433,758,1499,1025
P0077,Healthy,3,1,0.734,1364,731,1447,1039,1369,743,1436,1023
P0729,Healthy,1,1,0.899,1383,884,1437,1147,1384,887,1438,1132
P0729,Healthy,11,1,0.676,1125,866,1287,1219,1146,865,1262,1200
P0731,Healthy,10,1,0.642,562,203,613,371,567,217,626,379
P0731,Healthy,18,1,0.9,635,399,682,550,634,394,683,555
P0731,Endodontics,0,1,0.661,982,364,1100,526,987,373,1082,506
P0731,Impacted,0,1,0.696,266,360,397,471,269,373,388,458
P0732,Healthy,0,1,0.86,1141,244,1247,694,1147,274,1248,701
P0732,Endodontics,0,1,0.744,1697,300,1806,633,1680,288,1797,621
P0732,Endodontics,1,0,0.0,1933,324,2160,632,,,,
P0732,Endodontics,2,1,0.763,1076,309,1166,638,1059,315,1175,637
P0732,Endodontics,3,1,0.554,719,249,916,564,734,304,870,557
P0732,Impacted,0,1,0.532,599,154,886,471,646,200,828,466
P0732,Endodontics,4,1,0.677,616,628,922,985,635,659,929,921
P0732,Healthy,10,0,0.0,444,540,796,892,,,,
P0734,Endodontics,0,1,0.841,1510,500,1577,755,1502,501,1576,766
P0734,Endodontics,1,1,0.893,1633,480,1719,755,1632,478,1727,753
P0734,Healthy,2,1,0.761,1452,782,1504,1016,1446,780,1500,997
P0734,Endodontics,2,1,0.706,1073,752,1198,1052,1094,761,1192,1031
P0734,Healthy,6,1,0.753,1526,773,1661,1072,1544,780,1653,1059
P0734,Endodontics,3,1,0.663,1679,755,1845,1046,1688,767,1807,1036
P0735,Endodontics,0,1,0.822,901,305,1055,586,911,292,1043,585
P0735,Healthy,6,1,0.71,1530,660,1627,953,1535,682,1646,939
P0735,Endodontics,1,1,0.728,1838,567,2091,917,1857,579,2080,868
P0736,Endodontics,0,1,0.735,1155,568,1247,860,1160,590,1244,825
P0736,Endodontics,1,1,0.522,1055,638,1153,907,1081,652,1170,870
P0736,Healthy,3,1,0.621,1362,903,1442,1166,1355,901,1436,1092
P0737,Healthy,0,1,0.683,1385,840,1462,1086,1384,835,1446,1058
P0738,Endodontics,0,1,0.913,901,561,1016,826,898,572,1018,824
P0738,Endodontics,1,1,0.878,1016,565,1130,845,1006,567,1135,845
P0738,Implant,0,1,0.818,1130,544,1205,859,1125,539,1214,854
P0738,Healthy,2,1,0.646,1379,590,1452,920,1366,613,1440,909
P0738,Endodontics,2,1,0.769,1768,561,1877,817,1749,570,1881,805
P0738,Endodontics,3,1,0.825,1862,519,1985,782,1861,551,1986,795
P0738,Healthy,11,1,0.605,1261,925,1385,1210,1284,917,1365,1194
P0738,Endodontics,4,1,0.774,1077,883,1257,1185,1100,892,1260,1164
P0738,Endodontics,5,1,0.609,1675,865,1861,1172,1700,871,1843,1114
P0738,Endodontics,6,1,0.562,1727,811,1985,1123,1707,840,1959,1045
P0738,Endodontics,7,1,0.576,1843,761,2136,1076,1873,792,2103,1023
P0740,Endodontics,0,1,0.768,1456,886,1522,1141,1465,892,1523,1122
P0740,Endodontics,1,1,0.676,1358,899,1418,1124,1357,899,1405,1096
P0741,Healthy,3,1,0.665,1443,523,1524,838,1455,530,1544,841
P0741,Healthy,8,1,0.823,1145,511,1251,799,1138,502,1246,816
P0741,Endodontics,0,1,0.949,782,476,924,747,779,478,927,748
P0741,Endodontics,1,1,0.528,670,731,942,1085,733,769,927,1031
P0742,Healthy,8,1,0.938,915,492,1026,763,913,499,1028,764
P0742,Healthy,27,1,0.558,1880,695,2167,1053,1898,727,2134,970
P0743,Endodontics,0,1,0.736,1032,386,1170,697,1049,406,1185,701
P0743,Endodontics,1,1,0.656,1241,427,1310,719,1242,426,1344,720
P0743,Endodontics,2,1,0.791,1295,377,1368,715,1294,410,1376,724
P0743,Endodontics,3,1,0.807,1481,428,1552,726,1484,411,1559,734
P0743,Endodontics,4,1,0.808,1539,436,1608,720,1545,439,1615,725
P0743,Endodontics,5,1,0.808,1645,398,1739,707,1635,379,1743,712
P0743,Endodontics,6,1,0.777,1716,369,1791,690,1707,369,1802,695
P0743,Endodontics,7,1,0.753,1660,734,1741,984,1648,731,1738,958
P0743,Endodontics,8,1,0.592,1697,710,1881,998,1725,723,1858,959
P0743,Endodontics,9,1,0.528,1791,642,2037,933,1804,684,1993,884
P0743,Healthy,0,1,0.693,1414,759,1476,982,1412,758,1465,953
P0743,Healthy,1,1,0.815,1358,747,1422,1001,1356,752,1416,987
P0743,Endodontics,10,1,0.615,1024,711,1204,1031,1055,740,1215,989
P0745,Healthy,4,1,0.808,1285,409,1370,759,1296,424,1369,766
P0745,Healthy,10,1,0.895,1752,402,1852,713,1744,406,1853,717
P0746,Healthy,1,1,0.882,1354,617,1451,872,1349,612,1447,868
P0746,Healthy,9,1,0.736,1233,861,1330,1155,1230,878,1315,1141
P0748,Healthy,4,1,0.759,1645,459,1733,884,1649,515,1742,885
P0748,Endodontics,0,1,0.792,1832,833,2113,1180,1842,852,2096,1156
P0749,Endodontics,0,1,0.772,853,336,1007,655,863,372,1002,668
P0749,Healthy,5,1,0.838,1560,765,1631,1066,1553,763,1631,1042
P0749,Healthy,6,1,0.71,1471,767,1591,1052,1476,774,1572,1027
P0751,Endodontics,0,1,0.883,1155,582,1235,863,1159,587,1239,865
P0751,Healthy,3,1,0.775,1464,603,1552,874,1476,586,1554,865
P0751,Healthy,9,1,0.629,1444,897,1525,1157,1446,896,1505,1122
P0751,Endodontics,1,0,0.0,1884,782,2160,1068,,,,
P0753,Endodontics,0,1,0.849,1935,459,2077,801,1938,486,2086,800
P0753,Healthy,4,1,0.786,1435,799,1512,1064,1429,814,1506,1056
P0753,Healthy,6,1,0.578,1264,800,1390,1085,1283,813,1366,1063
P0753,Endodontics,1,1,0.626,626,726,954,1078,649,756,929,1014
P0755,Healthy,0,1,0.733,1308,857,1393,1135,1305,854,1386,1088
P0755,Healthy,3,1,0.794,1429,840,1530,1105,1437,852,1527,1088
P0756,Healthy,3,1,0.748,1716,549,1793,895,1709,586,1799,908
P0756,Healthy,7,1,0.594,1484,941,1589,1193,1488,952,1569,1146
P0757,Healthy,0,1,0.748,1020,415,1116,680,1015,429,1132,693
P0757,Healthy,12,1,0.72,1468,736,1550,968,1463,738,1535,954
P0758,Impacted,0,1,0.808,766,421,864,630,769,417,880,627
P0758,Healthy,12,1,0.837,1627,863,1715,1197,1618,872,1716,1181
P0760,Healthy,2,1,0.801,1470,897,1539,1160,1472,906,1542,1131
P0760,Healthy,3,1,0.757,1214,903,1301,1208,1208,897,1295,1171
P0761,Endodontics,0,1,0.823,1435,405,1533,744,1444,420,1538,742
P0761,Healthy,1,1,0.593,1118,398,1212,738,1138,444,1226,745
P0761,Endodontics,1,1,0.912,1159,778,1245,1057,1157,782,1241,1055
P0761,Healthy,5,1,0.785,1452,761,1512,1045,1456,760,1516,1015
P0761,Impacted,0,1,0.777,2027,680,2329,868,2039,673,2312,847
P0762,Endodontics,0,1,0.836,1381,611,1441,830,1379,610,1447,818
P0762,Endodontics,1,1,0.712,1452,609,1514,822,1457,612,1519,788
P0762,Endodontics,2,1,0.651,1525,615,1585,807,1529,609,1579,769
P0762,Endodontics,3,1,0.618,1706,592,1766,792,1711,606,1764,746
P0762,Endodontics,4,1,0.795,1769,548,1889,811,1756,569,1896,810
P0762,Healthy,1,1,0.64,1492,832,1605,1104,1513,841,1596,1078
P0762,Healthy,4,1,0.705,1329,859,1450,1115,1338,856,1431,1096
P0763,Endodontics,0,1,0.894,1647,859,1743,1159,1646,853,1744,1138
P0763,Healthy,2,1,0.918,1568,842,1652,1147,1563,841,1651,1143
P0763,Healthy,5,1,0.831,1370,857,1441,1091,1374,856,1437,1077
P0763,Endodontics,1,1,0.71,863,821,1101,1144,850,843,1068,1122
P0763,Endodontics,2,1,0.611,673,774,941,1109,724,794,928,1063
P0764,Healthy,1,1,0.757,1462,484,1554,851,1467,510,1567,861
P0764,Impacted,0,1,0.783,2058,382,2204,642,2059,425,2197,644
P0764,Impacted,1,0,0.0,611,412,877,684,,,,
P0764,Healthy,7,1,0.85,1418,893,1483,1162,1417,892,1478,1145
P0764,Impacted,2,1,0.659,2133,753,2369,938,2133,767,2337,908
P0765,Impacted,0,1,0.644,646,473,797,692,660,486,799,643
P0765,Healthy,5,1,0.677,1221,857,1363,1171,1232,868,1341,1145
P0765,Impacted,1,0,0.0,2023,473,2307,661,,,,
P0766,Endodontics,0,1,0.928,1541,544,1618,859,1539,546,1615,860
P0766,Healthy,0,1,0.851,1612,507,1695,861,1607,527,1692,865
P0766,Endodontics,1,1,0.722,1711,837,1899,1141,1711,849,1876,1099
P0766,Healthy,6,1,0.785,1221,501,1344,827,1229,500,1326,828
P0766,Endodontics,2,1,0.579,1043,488,1240,783,1066,478,1183,786
P0766,Endodontics,3,1,0.558,958,805,1214,1132,1031,820,1208,1084
P0079,Impacted,0,0,0.0,711,320,988,593,,,,
P0079,Impacted,1,0,0.0,1914,310,2213,618,,,,
P0079,Impacted,2,1,0.755,2086,703,2267,953,2090,714,2236,948
P0079,Healthy,16,1,0.803,1387,822,1454,1107,1393,838,1452,1098
P0079,Impacted,3,0,0.0,579,661,854,951,,,,
P0768,Implant,0,1,0.505,1114,494,1183,745,1123,508,1176,673
P0768,Implant,1,0,0.0,1195,505,1266,730,,,,
P0768,Healthy,1,1,0.798,1575,861,1647,1168,1569,859,1640,1181
P0769,Endodontics,0,1,0.821,1330,601,1441,897,1338,628,1442,903
P0769,Endodontics,1,1,0.723,1454,607,1549,893,1442,632,1558,907
P0769,Endodontics,2,1,0.772,1634,574,1717,916,1623,583,1728,917
P0769,Endodontics,3,1,0.721,1804,617,1889,928,1781,625,1886,938
P0769,Healthy,0,1,0.845,1535,936,1606,1210,1535,938,1617,1215
P0769,Healthy,2,1,0.768,1289,920,1374,1222,1296,929,1379,1195
P0770,Endodontics,0,1,0.661,822,494,959,755,851,486,974,771
P0770,Endodontics,1,1,0.831,949,515,1086,763,937,514,1093,776
P0770,Endodontics,2,1,0.774,1210,476,1306,780,1204,466,1319,794
P0770,Endodontics,3,1,0.71,1283,498,1378,778,1301,496,1384,801
P0770,Endodontics,4,1,0.791,1670,461,1764,757,1661,475,1769,773
P0770,Endodontics,5,1,0.709,1758,459,1837,755,1743,475,1847,763
P0770,Healthy,0,1,0.62,1510,801,1581,1095,1500,797,1566,1064
P0770,Healthy,3,1,0.89,1322,805,1395,1076,1325,809,1393,1068
P0770,Endodontics,6,1,0.765,803,786,1067,1114,826,811,1066,1087
P0770,Endodontics,7,1,0.542,622,713,950,1070,669,754,927,1000
P0770,Endodontics,8,1,0.761,1673,811,1762,1140,1659,816,1774,1138
P0770,Endodontics,9,1,0.583,1820,783,1997,1109,1835,792,1966,1049
P0770,Endodontics,10,1,0.645,1889,712,2177,1047,1917,746,2166,996
P0771,Healthy,1,1,0.9,1408,859,1472,1110,1411,858,1475,1112
P0771,Healthy,5,1,0.709,1077,811,1284,1144,1104,822,1268,1120
P0771,Endodontics,0,1,0.848,963,469,1101,788,951,489,1102,793
P0771,Endodontics,1,1,0.755,1080,478,1170,788,1063,472,1179,785
P0771,Endodontics,2,0,0.0,1207,357,1297,790,,,,
P0771,Endodontics,3,1,0.87,1303,484,1393,803,1309,491,1396,798
P0771,Endodontics,4,1,0.839,1476,471,1560,824,1473,501,1563,816
P0771,Endodontics,5,1,0.726,1645,388,1731,807,1629,409,1725,822
P0771,Endodontics,6,1,0.589,1735,383,1903,761,1737,455,1860,764
P0772,Healthy,1,1,0.883,984,327,1116,626,978,334,1120,635
P0772,Endodontics,0,0,0.0,1180,383,1259,617,,,,
P0772,Healthy,10,1,0.778,1575,717,1671,1061,1584,715,1667,1028
P0772,Endodontics,1,1,0.86,1739,719,1835,970,1735,712,1840,961
P0772,Endodontics,2,0,0.0,730,566,1024,884,,,,
P0773,Endodontics,0,1,0.861,1174,747,1285,1049,1177,758,1289,1034
P0773,Healthy,2,1,0.655,1424,767,1495,1105,1432,787,1492,1049
P0773,Healthy,3,1,0.785,1499,778,1550,1093,1492,792,1551,1074
P0773,Endodontics,1,0,0.0,1624,497,1725,720,,,,
P0773,Endodontics,2,1,0.594,1546,494,1640,760,1553,502,1623,714
P0773,Endodontics,3,1,0.852,1460,492,1560,765,1462,500,1553,776
P0773,Endodontics,4,1,0.781,1387,484,1472,765,1383,495,1461,773
P0773,Endodontics,5,0,0.0,1295,469,1397,727,,,,
P0773,Endodontics,6,1,0.873,2015,486,2167,724,2017,497,2158,721
P0776,Endodontics,0,1,0.789,1299,352,1378,657,1301,335,1391,655
P0776,Healthy,1,1,0.756,1343,671,1408,955,1337,661,1412,924
P0776,Healthy,2,1,0.922,1258,670,1343,980,1260,663,1343,969
P0776,Endodontics,1,1,0.741,1080,672,1178,968,1086,659,1194,953
P0776,Endodontics,2,1,0.503,789,616,1026,931,837,643,1010,860
P0776,Endodontics,3,1,0.855,1706,640,1862,926,1711,633,1856,909
P0777,Healthy,5,1,0.728,1518,922,1591,1203,1508,923,1594,1158
P0777,Healthy,6,1,0.769,1435,916,1510,1207,1434,924,1512,1155
P0777,Endodontics,0,1,0.626,929,877,1079,1178,974,883,1090,1171
P0777,Endodontics,1,1,0.933,791,586,908,851,791,587,915,849
P0778,Endodontics,0,1,0.761,1141,611,1220,899,1136,611,1237,907
P0778,Endodontics,1,1,0.886,1208,580,1303,905,1212,565,1305,910
P0778,Endodontics,2,1,0.812,1287,594,1368,899,1288,625,1376,900
P0778,Endodontics,3,1,0.885,1368,603,1456,909,1363,613,1456,898
P0778,Endodontics,4,1,0.844,1464,586,1554,907,1460,595,1560,894
P0779,Healthy,3,1,0.86,1322,438,1391,732,1326,449,1388,734
P0781,Endodontics,0,1,0.696,1706,500,1812,776,1687,529,1802,775
P0781,Endodontics,1,0,0.0,1817,505,1906,784,,,,
P0781,Healthy,10,0,0.0,604,722,885,1038,,,,
P0782,Endodontics,0,1,0.927,1356,496,1454,807,1361,500,1453,807
P0782,Endodontics,1,1,0.708,1462,490,1529,811,1442,507,1531,803
P0782,Healthy,6,1,0.606,1783,473,1887,797,1760,487,1863,798
P0782,Healthy,15,1,0.621,747,484,964,790,761,503,916,769
P0783,Endodontics,0,1,0.815,1026,544,1141,799,1035,556,1135,795
P0783,Endodontics,1,1,0.774,905,513,1042,788,911,544,1033,783
P0783,Endodontics,2,1,0.828,1439,544,1545,824,1453,543,1543,818
P0783,Healthy,2,1,0.637,1103,834,1197,1130,1092,828,1180,1092
P0783,Healthy,3,1,0.733,1545,823,1627,1139,1554,822,1631,1095
P0783,Endodontics,3,0,0.0,2000,679,2308,1014,,,,
P0784,Endodontics,0,1,0.774,1295,521,1349,815,1292,525,1361,815
P0784,Endodontics,1,1,0.865,1350,530,1421,815,1349,531,1430,818
P0784,Endodontics,2,1,0.788,1758,484,1912,770,1738,494,1900,769
P0784,Endodontics,3,1,0.5,1935,708,2255,1066,1954,738,2200,971
P0786,Healthy,2,1,0.817,1651,730,1750,1016,1642,726,1743,1007
P0786,Healthy,8,1,0.719,1232,734,1331,1068,1235,739,1313,1044
P0786,Endodontics,0,1,0.838,905,340,1026,636,915,350,1023,628
P0786,Endodontics,1,1,0.919,785,330,915,614,789,340,915,619
P0787,Healthy,9,0,0.0,955,685,1177,1028,,,,
P0787,Healthy,11,0,0.0,767,339,1025,651,,,,
P0788,Healthy,0,1,0.783,1135,355,1260,692,1150,347,1270,685
P0788,Endodontics,0,1,0.862,1322,386,1429,686,1324,387,1439,674
P0788,Endodontics,1,1,0.787,1710,371,1817,661,1711,397,1825,682
P0788,Endodontics,2,1,0.836,1881,396,1998,661,1880,414,2002,680
P0788,Endodontics,3,1,0.6,1045,407,1157,676,1070,435,1174,683
P0788,Endodontics,4,1,0.864,850,457,1003,734,857,462,1015,736
P0788,Endodontics,5,1,0.707,1764,711,1864,1036,1766,714,1872,963
P0788,Endodontics,6,1,0.716,1872,678,2120,991,1865,690,2103,936
P0789,Healthy,16,1,0.694,1297,789,1366,1047,1288,794,1371,1093
P0791,Healthy,23,1,0.832,1600,813,1700,1095,1598,812,1687,1102
P0791,Healthy,24,1,0.598,1660,798,1801,1099,1677,804,1772,1071
P0792,Healthy,6,1,0.773,1485,880,1560,1115,1494,886,1558,1099
P0792,Healthy,7,1,0.762,1552,874,1639,1130,1554,868,1631,1099
P0792,Endodontics,0,1,0.567,1791,770,2033,1067,1809,796,2004,1005
P0793,Endodontics,0,1,0.899,927,480,1073,789,923,487,1077,799
P0793,Endodontics,1,1,0.856,1173,885,1307,1168,1186,886,1312,1164
P0793,Healthy,10,1,0.553,1452,886,1582,1162,1483,896,1574,1114
P0795,Healthy,6,1,0.747,1689,580,1787,863,1689,598,1809,873
P0795,Healthy,27,0,0.0,2067,734,2379,1059,,,,
P0795,Impacted,0,1,0.828,611,805,794,1083,623,826,797,1076
P0795,Impacted,1,1,0.829,669,440,840,690,683,452,834,694
P0796,Healthy,15,1,0.767,1283,851,1360,1112,1271,850,1352,1110
P0796,Healthy,20,1,0.921,1585,840,1676,1105,1586,843,1681,1103
P0083,Healthy,14,1,0.697,1322,792,1403,1041,1325,810,1399,1000
P0797,Endodontics,0,1,0.831,1155,430,1247,742,1165,444,1248,747
P0797,Endodontics,1,1,0.771,1449,484,1556,774,1435,504,1550,779
P0798,Endodontics,0,1,0.738,1303,494,1374,813,1286,516,1372,812
P0798,Endodontics,1,1,0.727,1549,490,1622,809,1556,515,1631,819
P0798,Healthy,0,1,0.729,1456,824,1535,1118,1460,826,1528,1075
P0798,Healthy,2,1,0.831,1218,805,1314,1162,1204,810,1317,1158
P0798,Endodontics,2,1,0.557,1989,669,2290,983,2002,696,2254,905
P0799,Endodontics,0,1,0.892,930,588,1087,842,932,581,1090,857
P0799,Endodontics,1,1,0.652,1070,573,1147,851,1075,577,1176,860
P0799,Endodontics,2,1,0.557,1145,573,1241,853,1157,592,1284,863
P0799,Endodontics,3,1,0.644,1306,567,1383,870,1318,601,1396,874
P0799,Endodontics,4,1,0.617,1541,561,1641,832,1566,563,1657,846
P0799,Endodontics,5,1,0.753,1791,569,1869,811,1780,597,1873,812
P0799,Endodontics,6,1,0.809,1879,561,2019,818,1866,583,2017,825
P0799,Healthy,6,1,0.785,1387,895,1460,1137,1378,891,1468,1141
P0799,Healthy,7,1,0.896,1301,899,1395,1199,1298,900,1402,1197
P0799,Endodontics,7,1,0.724,1079,875,1244,1180,1111,881,1243,1157
P0799,Endodontics,8,1,0.639,1872,792,2184,1101,1892,821,2166,1046
P0802,Healthy,2,1,0.881,1347,840,1414,1109,1343,849,1414,1119
P0802,Endodontics,0,1,0.788,633,538,779,822,646,548,767,818
P0803,Endodontics,0,1,0.746,1121,409,1284,772,1142,414,1270,759
P0803,Endodontics,1,1,0.65,1198,377,1363,756,1235,385,1347,748
P0803,Endodontics,2,1,0.804,1566,394,1645,728,1556,400,1647,706
P0803,Endodontics,3,1,0.839,1342,757,1425,1003,1335,745,1429,1002
P0803,Endodontics,4,1,0.825,1413,755,1482,1011,1419,749,1481,995
P0803,Healthy,1,1,0.625,1556,751,1604,1028,1538,761,1602,1000
P0804,Endodontics,0,1,0.84,1189,617,1268,876,1186,599,1273,879
P0804,Endodontics,1,1,0.778,1562,611,1614,888,1553,635,1614,884
P0804,Endodontics,2,1,0.686,1687,640,1768,901,1669,669,1776,903
P0804,Endodontics,3,1,0.788,1763,640,1848,920,1751,658,1846,913
P0804,Endodontics,4,1,0.834,1933,609,2040,845,1938,630,2042,851
P0804,Endodontics,5,1,0.555,1719,939,1817,1214,1723,1003,1810,1175
P0804,Endodontics,6,1,0.753,1656,920,1725,1207,1647,921,1718,1191
P0804,Healthy,1,1,0.662,1520,907,1595,1193,1526,913,1581,1171
P0804,Healthy,2,1,0.757,1474,913,1522,1189,1470,914,1522,1137
P0804,Endodontics,7,1,0.573,1161,894,1303,1191,1200,901,1293,1161
P0804,Implant,0,0,0.0,950,878,1124,1188,,,,
P0804,Endodontics,8,0,0.0,795,823,1014,1158,,,,
P0804,Endodontics,9,0,0.0,1881,902,2122,1179,,,,
P0804,Endodontics,10,0,0.0,1934,805,2252,1144,,,,
P0805,Endodontics,0,1,0.853,1504,457,1585,707,1501,472,1583,717
P0805,Endodontics,1,1,0.669,1575,427,1652,701,1579,470,1641,706
P0805,Endodontics,2,1,0.65,1625,384,1741,707,1640,425,1728,715
P0805,Healthy,5,1,0.856,1276,686,1358,1012,1270,699,1359,1000
P0805,Healthy,6,1,0.729,1155,674,1301,967,1179,683,1292,959
P0805,Endodontics,3,1,0.549,1034,657,1245,936,1062,693,1205,919
P0084,Healthy,0,1,0.682,1220,543,1322,895,1237,573,1316,883
P0084,Endodontics,0,1,0.614,1305,607,1408,909,1316,639,1390,897
P0084,Healthy,2,1,0.66,2030,529,2238,775,2069,513,2215,781
P0084,Endodontics,1,1,0.613,734,790,996,1130,763,819,986,1064
P0806,Endodontics,0,1,0.868,1283,496,1374,793,1285,507,1370,783
P0806,Impacted,0,1,0.726,2100,732,2348,913,2100,719,2303,902
P0806,Healthy,3,1,0.629,1447,817,1520,1089,1444,815,1505,1041
P0806,Healthy,4,1,0.696,1379,809,1452,1089,1385,811,1445,1048
P0806,Endodontics,1,1,0.528,835,718,1139,1076,884,760,1101,1025
P0807,Endodontics,0,1,0.812,793,421,939,682,804,421,924,686
P0807,Healthy,7,1,0.753,1320,768,1385,1026,1315,769,1400,1022
P0808,Endodontics,0,1,0.82,1364,455,1470,761,1353,466,1466,752
P0808,Endodontics,1,1,0.88,1468,469,1577,763,1466,494,1577,757
P0808,Healthy,1,1,0.813,1652,398,1773,709,1645,434,1777,707
P0808,Healthy,6,1,0.655,1335,776,1406,1062,1322,772,1396,1033
P0809,Healthy,13,1,0.81,1658,888,1838,1191,1674,892,1829,1177
P0810,Healthy,11,1,0.774,1810,750,1995,1079,1826,772,1989,1061
P0085,Endodontics,0,1,0.754,1819,594,1940,859,1822,603,1919,868
P0085,Healthy,10,0,0.0,1766,847,2017,1160,,,,
P0088,Healthy,1,1,0.853,1823,463,1971,753,1835,470,1966,757
P0088,Healthy,7,0,0.0,713,696,1025,1066,,,,
P0089,Healthy,1,1,0.733,1212,425,1314,740,1230,438,1320,734
P0089,Healthy,9,1,0.749,1509,762,1582,1021,1514,769,1579,987
P0091,Healthy,4,1,0.653,1664,749,1891,1097,1683,775,1864,1060
P0091,Healthy,7,1,0.727,1456,812,1537,1085,1463,822,1532,1055
P0092,Healthy,7,1,0.86,1368,799,1433,1087,1366,808,1437,1077
P0093,Healthy,3,1,0.509,1437,436,1625,788,1461,455,1566,776
P0093,Healthy,7,1,0.862,1973,471,2150,755,1986,457,2149,749
P0094,Endodontics,0,1,0.725,1368,534,1468,803,1372,565,1457,815
P0094,Endodontics,1,1,0.791,1443,532,1549,813,1458,537,1544,811
P0094,Healthy,0,1,0.716,1597,474,1718,808,1595,491,1693,797
P0094,Endodontics,2,1,0.627,1757,736,2029,1100,1773,765,2002,1036
P0094,Healthy,1,1,0.532,1281,803,1418,1049,1296,806,1379,1022
P0004,Endodontics,0,1,0.819,1260,448,1370,783,1272,456,1365,786
P0004,Endodontics,1,1,0.54,1329,500,1423,776,1352,525,1409,771
P0004,Endodontics,2,1,0.703,1825,411,2050,745,1842,437,2014,744
P0004,Endodontics,3,1,0.763,1497,794,1622,1049,1504,803,1613,1026
P0004,Endodontics,4,1,0.816,1454,801,1542,1053,1452,800,1531,1042
P0004,Healthy,1,1,0.838,1405,811,1464,1055,1403,816,1461,1038
P0004,Healthy,3,1,0.863,1244,803,1357,1124,1252,809,1353,1119
P0098,Impacted,0,1,0.737,769,459,937,649,788,442,922,647
P0098,Endodontics,0,1,0.684,1294,517,1386,840,1307,523,1375,822
P0098,Endodontics,1,1,0.749,1358,515,1462,832,1373,525,1457,819
P0098,Endodontics,2,1,0.77,1522,519,1610,815,1535,512,1607,803
P0098,Endodontics,3,1,0.843,1793,526,1944,795,1794,512,1932,786
P0098,Healthy,2,0,0.0,2026,682,2291,999,,,,
P0098,Healthy,8,1,0.748,1208,832,1305,1103,1216,832,1295,1081
P0098,Impacted,1,0,0.0,578,693,892,990,,,,
P0099,Endodontics,0,1,0.674,1157,476,1283,813,1149,519,1260,812
P0099,Endodontics,1,1,0.734,1303,515,1393,817,1310,528,1382,805
P0099,Endodontics,2,1,0.723,1381,546,1456,813,1370,521,1449,811
P0099,Endodontics,3,1,0.845,1510,507,1593,780,1519,505,1593,795
P0099,Healthy,1,1,0.766,1566,465,1670,807,1579,488,1665,805
P0099,Healthy,6,1,0.661,1389,840,1472,1120,1405,852,1469,1092
P0005,Endodontics,0,1,0.872,1362,584,1444,849,1365,579,1450,852
P0005,Healthy,1,1,0.88,1485,875,1554,1103,1485,868,1548,1101
P0005,Healthy,4,1,0.745,1178,869,1321,1175,1184,875,1298,1161
P0101,Endodontics,0,1,0.656,1247,478,1368,765,1273,493,1358,771
P0101,Endodontics,1,1,0.749,1366,475,1464,749,1366,482,1487,765
P0101,Endodontics,2,1,0.875,1476,471,1585,767,1478,470,1577,757
P0101,Endodontics,3,1,0.747,1575,465,1654,744,1565,485,1648,752
P0101,Healthy,0,1,0.771,1097,809,1216,1174,1110,830,1215,1149
P0102,Endodontics,0,1,0.692,1589,559,1691,840,1597,584,1676,847
P0102,Healthy,1,1,0.769,1640,847,1738,1166,1648,850,1733,1133
P0102,Healthy,3,1,0.645,1523,855,1598,1107,1532,857,1589,1071
P0103,Healthy,8,1,0.886,1727,534,1817,840,1726,551,1820,847
P0104,Healthy,2,1,0.793,1364,574,1462,880,1355,583,1452,883
P0104,Healthy,5,1,0.736,1599,540,1716,865,1607,558,1700,859
P0105,Endodontics,0,1,0.669,1316,642,1437,943,1332,677,1424,942
P0105,Endodontics,1,1,0.811,1452,663,1568,947,1458,681,1560,943
P0105,Healthy,5,1,0.791,1637,549,1750,930,1646,584,1747,921
P0105,Healthy,14,1,0.771,1183,938,1305,1239,1181,945,1286,1224
P0006,Endodontics,0,1,0.59,1076,469,1235,753,1114,484,1215,748
P0006,Endodontics,1,1,0.749,1245,407,1333,755,1258,421,1327,757
P0006,Endodontics,2,1,0.946,1318,505,1381,750,1316,505,1380,748
P0006,Endodontics,3,1,0.857,1366,484,1455,756,1376,481,1453,756
P0006,Healthy,3,1,0.866,1535,768,1591,997,1536,769,1598,998
P0106,Impacted,0,0,0.0,624,403,866,689,,,,
P0106,Healthy,0,1,0.782,745,468,914,781,758,493,902,782
P0106,Impacted,1,0,0.0,2146,740,2411,1013,,,,
P0106,Impacted,2,1,0.687,557,782,744,1035,586,799,740,1010
P0107,Endodontics,0,1,0.832,1276,442,1360,745,1277,454,1351,740
P0107,Endodontics,1,1,0.866,1752,790,1946,1082,1752,782,1942,1055
P0107,Healthy,3,1,0.613,1472,749,1545,1010,1465,768,1526,1003
P0111,Healthy,7,1,0.825,1689,434,1793,742,1683,445,1786,732
P0111,Healthy,11,1,0.849,1639,753,1735,1037,1647,757,1730,1036
P0007,Endodontics,0,1,0.78,1392,509,1451,765,1388,488,1455,777
P0007,Healthy,0,1,0.886,1514,803,1571,1054,1515,800,1571,1032
P0007,Healthy,3,1,0.825,1368,791,1419,1055,1365,798,1419,1027
P0112,Endodontics,0,1,0.727,1006,388,1114,732,1018,435,1120,735
P0112,Endodontics,1,1,0.76,1168,334,1306,770,1171,393,1293,768
P0112,Healthy,2,1,0.671,1277,447,1410,784,1292,472,1389,782
P0112,Healthy,5,1,0.538,1564,417,1675,780,1579,473,1653,766
P0114,Impacted,0,0,0.0,1991,414,2237,666,,,,
P0114,Impacted,1,1,0.796,2100,748,2280,998,2101,766,2270,978
P0114,Healthy,13,1,0.832,1579,857,1663,1214,1583,859,1664,1174
P0114,Healthy,15,1,0.71,1456,855,1539,1138,1467,864,1528,1139
P0116,Healthy,9,1,0.703,1696,592,1808,890,1713,607,1819,876
P0116,Healthy,25,0,0.0,644,715,967,1048,,,,
P0117,Healthy,22,1,0.812,1299,813,1378,1122,1304,838,1378,1106
P0118,Healthy,5,1,0.64,1286,549,1390,854,1290,597,1372,869
P0119,Endodontics,0,1,0.747,1041,540,1132,813,1028,541,1122,825
P0119,Healthy,5,1,0.594,1353,909,1429,1164,1371,922,1433,1129
P0119,Healthy,7,1,0.657,1209,893,1318,1241,1227,903,1313,1193
P0119,Endodontics,1,1,0.508,850,804,1182,1182,907,843,1152,1103
P0120,Healthy,14,1,0.643,691,422,733,565,695,427,728,544
P0120,Healthy,17,1,0.556,483,399,593,577,504,412,584,548
P0121,Endodontics,0,1,0.663,646,244,694,429,643,274,686,429
P0121,Endodontics,1,1,0.765,885,246,943,420,883,267,937,420
P0121,Endodontics,2,1,0.858,926,252,1001,421,927,254,995,414
P0121,Endodontics,3,0,0.0,825,460,911,616,,,,
P0121,Healthy,2,1,0.624,774,438,869,605,790,442,856,592
P0121,Healthy,7,0,0.0,583,412,677,613,,,,
P0121,Endodontics,4,0,0.0,385,396,518,577,,,,
P0124,Healthy,8,1,0.537,1679,517,1783,847,1656,575,1762,836
P0124,Healthy,10,1,0.726,1720,874,1827,1159,1710,871,1812,1138
P0125,Healthy,1,0,0.0,1502,843,1762,1251,,,,
P0125,Healthy,2,0,0.0,1439,842,1604,1153,,,,
P0125,Endodontics,0,0,0.0,941,869,1120,1174,,,,
P0009,Healthy,2,1,0.934,1167,482,1254,811,1169,491,1253,813
P0009,Healthy,5,1,0.897,1669,489,1794,804,1674,499,1797,808
P0126,Healthy,0,1,0.576,1280,508,1372,832,1286,547,1348,824
P0126,Healthy,1,1,0.636,1358,849,1431,1158,1362,862,1421,1105
P0128,Healthy,7,1,0.578,1491,352,1595,719,1477,381,1567,706
P0128,Healthy,12,1,0.711,1891,352,2061,638,1924,366,2055,630
P0130,Healthy,6,1,0.883,1593,496,1691,853,1597,506,1693,841
P0130,Endodontics,0,1,0.736,1740,526,1861,807,1753,544,1850,814
P0130,Endodontics,1,1,0.79,1839,524,1996,828,1829,545,1982,824
P0130,Healthy,12,1,0.622,1176,837,1323,1163,1201,867,1309,1143
P0131,Endodontics,0,1,0.594,1026,742,1209,1085,1065,767,1194,1056
P0131,Healthy,1,1,0.567,1215,738,1381,1103,1234,771,1340,1117
P0131,Endodontics,1,1,0.635,733,702,1042,1065,757,736,1019,1008
P0131,Endodontics,2,1,0.602,920,410,1091,737,888,455,1062,746
P0131,Endodontics,3,1,0.722,1470,421,1564,768,1463,452,1552,758
P0131,Endodontics,4,1,0.871,1693,450,1817,761,1694,473,1812,765
P0131,Endodontics,5,1,0.711,1788,424,1895,741,1796,463,1902,768
P0010,Endodontics,0,1,0.789,1321,609,1373,868,1317,617,1381,867
P0010,Endodontics,1,1,0.89,1455,634,1525,859,1452,644,1526,863
P0010,Endodontics,2,1,0.851,1523,649,1574,881,1522,652,1581,882
P0010,Healthy,2,1,0.729,1934,758,2206,1043,1947,774,2209,994
P0010,Healthy,6,1,0.809,1413,892,1490,1136,1422,900,1488,1143
P0132,Healthy,0,0,0.0,800,500,1020,807,,,,
P0132,Healthy,14,0,0.0,1976,767,2281,1100,,,,
P0133,Healthy,1,1,0.859,1810,555,1940,880,1812,569,1933,869
P0134,Healthy,2,1,0.74,875,459,1048,761,892,479,1031,757
P0134,Healthy,9,1,0.713,1525,461,1627,792,1539,499,1622,789
P0135,Healthy,1,1,0.763,1171,396,1286,784,1167,445,1275,786
P0135,Endodontics,0,1,0.76,1456,475,1573,818,1453,488,1556,800
P0135,Healthy,2,1,0.815,1714,448,1819,768,1714,479,1830,764
P0138,Healthy,0,1,0.513,1237,372,1357,764,1266,446,1347,744
P0138,Healthy,5,1,0.721,1524,719,1618,1055,1524,736,1605,1017
P0140,Healthy,0,1,0.854,814,386,960,659,822,388,956,642
P0140,Endodontics,0,1,0.759,1159,394,1295,692,1163,443,1288,689
P0140,Endodontics,1,1,0.537,1407,445,1562,780,1418,486,1518,765
P0140,Healthy,1,1,0.775,1588,381,1684,797,1590,415,1680,759
P0140,Endodontics,2,1,0.729,1724,405,1840,736,1739,427,1832,728
P0141,Endodontics,0,1,0.817,1074,498,1193,792,1085,503,1197,776
P0141,Endodontics,1,1,0.851,1629,515,1727,805,1622,494,1725,804
P0141,Endodontics,2,1,0.669,1727,488,1835,795,1716,519,1819,781
P0141,Healthy,0,1,0.536,1500,820,1667,1131,1528,833,1636,1091
P0141,Healthy,1,1,0.802,1103,795,1222,1105,1112,805,1223,1076
P0142,Healthy,4,1,0.576,1567,852,1793,1223,1597,877,1758,1177
P0142,Healthy,7,1,0.575,1156,855,1343,1181,1196,873,1322,1151
P0143,Healthy,0,1,0.646,1464,780,1594,1109,1481,791,1578,1076
P0143,Healthy,1,1,0.711,1020,784,1124,1112,1034,809,1126,1083
P0146,Endodontics,0,1,0.528,876,477,1074,764,917,499,1039,745
P0146,Endodontics,1,1,0.717,1014,499,1116,731,1027,518,1120,715
P0146,Endodontics,2,0,0.0,1068,496,1236,803,,,,
P0146,Healthy,2,1,0.698,1385,525,1483,844,1382,543,1460,846
P0146,Endodontics,3,1,0.543,1750,787,2036,1153,1776,805,1993,1067
P0146,Healthy,9,1,0.662,1406,845,1472,1097,1402,853,1458,1076
P0148,Endodontics,0,1,0.512,755,388,920,622,809,416,906,626
P0148,Endodontics,1,1,0.679,1003,377,1122,694,1018,403,1107,699
P0148,Healthy,3,1,0.691,1391,761,1472,1016,1395,776,1459,999
P0148,Healthy,5,0,0.0,1176,730,1357,1063,,,,
P0149,Endodontics,0,1,0.759,698,322,856,610,707,328,834,600
P0149,Healthy,4,1,0.613,1258,667,1350,1005,1276,677,1349,938
P0149,Endodontics,1,1,0.579,1518,361,1631,682,1517,384,1590,678
P0149,Healthy,7,1,0.694,1134,296,1251,682,1141,337,1234,674
P0149,Endodontics,2,1,0.682,884,338,1064,657,898,405,1056,653
P0012,Healthy,0,1,0.722,831,557,990,881,844,555,963,871
P0012,Endodontics,0,1,0.922,1285,639,1351,902,1288,638,1350,898
P0012,Endodontics,1,1,0.856,1345,659,1430,909,1345,645,1434,924
P0012,Endodontics,2,1,0.883,1434,659,1515,915,1431,660,1520,922
P0012,Healthy,1,1,0.8,1687,601,1840,911,1706,611,1836,903
P0152,Healthy,0,1,0.71,1135,269,1289,709,1149,300,1267,711
P0152,Healthy,2,1,0.616,1235,688,1337,1020,1248,713,1327,977
P0153,Healthy,1,1,0.539,1055,503,1162,807,1090,503,1188,809
P0153,Healthy,19,1,0.701,1114,815,1224,1189,1120,828,1214,1135
P0154,Endodontics,0,1,0.576,1285,540,1391,853,1292,580,1363,849
P0154,Endodontics,1,1,0.739,1351,569,1452,868,1354,587,1436,859
P0154,Endodontics,2,1,0.773,1430,550,1522,868,1432,595,1517,861
P0154,Endodontics,3,1,0.805,1564,518,1648,862,1569,549,1645,855
P0154,Endodontics,4,1,0.667,1631,526,1748,843,1626,577,1730,853
P0154,Endodontics,5,1,0.715,1703,537,1793,868,1692,579,1800,855
P0154,Healthy,2,1,0.664,1448,878,1519,1145,1449,888,1507,1105
P0154,Endodontics,6,1,0.655,1109,864,1289,1173,1147,879,1280,1153
P0155,Healthy,3,1,0.686,1410,373,1531,738,1434,396,1527,722
P0155,Healthy,14,1,0.604,1285,737,1415,1100,1315,761,1409,1064
P0156,Endodontics,0,1,0.866,1249,551,1351,915,1250,548,1345,892
P0156,Endodontics,1,1,0.516,1549,559,1664,907,1560,595,1633,878
P0156,Healthy,5,1,0.586,1531,920,1618,1180,1532,934,1600,1129
P0156,Healthy,10,1,0.777,1159,909,1265,1205,1168,908,1266,1163
P0157,Healthy,2,1,0.771,1239,559,1328,855,1243,555,1315,844
P0157,Healthy,3,1,0.688,1299,567,1374,861,1309,599,1369,852
P0013,Healthy,0,1,0.776,1563,793,1647,1064,1558,795,1642,1030
P0013,Healthy,4,1,0.729,1203,773,1331,1047,1219,788,1323,1034
P0159,Healthy,8,1,0.627,1411,838,1495,1136,1402,845,1487,1068
P0159,Healthy,10,0,0.0,1187,794,1365,1190,,,,
P0160,Endodontics,0,1,0.76,915,420,1076,746,920,439,1052,741
P0160,Endodontics,1,1,0.795,1037,444,1157,751,1043,459,1144,749
P0160,Healthy,0,1,0.67,1191,392,1314,788,1213,434,1306,785
P0160,Endodontics,2,1,0.669,1282,437,1390,800,1299,472,1383,784
P0160,Endodontics,3,1,0.649,1370,446,1491,815,1379,471,1469,793
P0160,Healthy,4,1,0.719,1474,809,1545,1114,1486,817,1546,1084
P0161,Endodontics,0,1,0.775,792,446,966,703,802,436,960,673
P0161,Endodontics,1,1,0.801,1020,463,1149,730,1027,478,1140,722
P0161,Endodontics,2,1,0.722,1458,480,1571,799,1477,497,1568,783
P0161,Endodontics,3,1,0.508,1817,762,2129,1122,1866,802,2088,1059
P0161,Healthy,0,1,0.671,1556,795,1625,1095,1551,803,1618,1040
P0161,Healthy,3,1,0.72,1378,799,1447,1091,1382,811,1441,1057
P0161,Endodontics,4,0,0.0,1121,766,1349,1121,,,,
P0162,Healthy,7,1,0.8,1528,379,1610,671,1532,391,1601,674
P0162,Healthy,9,1,0.686,1670,299,1787,654,1663,337,1766,660
P0162,Impacted,0,0,0.0,2047,615,2376,944,,,,
P0163,Healthy,14,1,0.527,1914,618,2234,977,1925,678,2171,924
P0014,Healthy,1,1,0.808,1558,863,1654,1214,1555,882,1660,1189
P0164,Endodontics,0,1,0.853,974,488,1120,786,979,492,1106,788
P0164,Endodontics,1,1,0.696,1080,463,1193,782,1102,502,1193,788
P0164,Endodontics,2,1,0.739,1180,446,1293,832,1179,477,1275,819
P0164,Endodontics,3,1,0.582,1264,475,1385,851,1265,491,1347,814
P0164,Endodontics,4,1,0.666,1894,428,2061,751,1906,474,2040,742
P0164,Endodontics,5,1,0.591,1985,658,2304,981,2009,691,2286,911
P0164,Healthy,0,1,0.77,1547,820,1634,1156,1550,834,1639,1115
P0164,Healthy,1,1,0.764,1487,832,1566,1124,1479,837,1563,1089
P0164,Endodontics,6,1,0.546,566,639,910,1003,616,686,882,943
P0165,Healthy,0,1,0.697,1326,820,1418,1160,1341,848,1418,1131
P0165,Healthy,1,1,0.641,1203,849,1361,1203,1223,878,1353,1154
P0166,Endodontics,0,0,0.0,743,427,1023,786,,,,
P0166,Endodontics,1,1,0.751,1330,525,1445,846,1348,551,1446,855
P0166,Healthy,4,1,0.764,1612,804,1765,1125,1620,820,1758,1092
P0166,Healthy,8,1,0.771,1076,820,1185,1157,1088,838,1185,1130
P0168,Healthy,0,1,0.621,1554,813,1666,1147,1572,844,1653,1131
P0168,Endodontics,0,1,0.554,994,769,1177,1098,1039,807,1190,1062
P0168,Endodontics,1,1,0.558,704,680,1017,1030,751,716,989,973
P0168,Endodontics,2,1,0.567,1768,512,1880,804,1776,571,1857,811
P0168,Endodontics,3,1,0.713,1698,520,1804,813,1695,546,1784,817
P0168,Endodontics,4,1,0.662,1187,469,1303,767,1199,508,1288,765
P0168,Endodontics,5,1,0.732,990,419,1148,762,999,463,1134,757
P0169,Endodontics,0,1,0.787,1664,626,1762,915,1667,670,1764,923
P0169,Healthy,10,1,0.623,1464,928,1545,1199,1473,946,1533,1174
P0172,Healthy,11,1,0.79,1856,427,2038,724,1886,436,2038,717
P0172,Impacted,0,0,0.0,1990,367,2253,540,,,,
P0172,Healthy,21,1,0.635,622,662,942,1026,656,697,905,994
P0173,Healthy,0,1,0.556,1676,874,1941,1241,1699,891,1874,1200
P0173,Healthy,5,0,0.0,1253,893,1411,1228,,,,
P0015,Healthy,0,1,0.954,1537,895,1639,1191,1538,894,1639,1181
P0175,Endodontics,0,1,0.74,1767,403,1952,705,1807,393,1951,715
P0175,Healthy,8,1,0.774,1122,433,1233,744,1124,459,1218,745
P0175,Healthy,17,0,0.0,966,722,1205,1058,,,,
P0176,Healthy,0,1,0.728,655,451,820,751,677,482,814,745
P0176,Endodontics,0,1,0.786,788,413,957,776,799,458,953,771
P0176,Endodontics,1,1,0.782,909,436,1107,792,934,457,1103,783
P0176,Endodontics,2,1,0.815,1174,484,1287,836,1183,500,1288,814
P0176,Endodontics,3,1,0.554,1239,455,1356,817,1280,487,1360,805
P0176,Endodontics,4,0,0.0,1587,408,1778,797,,,,
P0176,Endodontics,5,1,0.586,1690,473,1800,788,1645,483,1785,779
P0176,Endodontics,6,1,0.533,1659,843,1895,1167,1694,879,1857,1129
P0178,Endodontics,0,1,0.682,1514,519,1612,869,1523,559,1600,878
P0178,Healthy,9,1,0.936,1245,863,1335,1207,1246,867,1333,1200
P0178,Endodontics,1,1,0.535,773,755,1121,1128,824,796,1091,1056
P0179,Healthy,3,1,0.76,1529,701,1675,1069,1539,722,1686,1042
P0179,Healthy,7,1,0.762,1303,722,1387,1011,1313,730,1382,998
P0180,Healthy,7,1,0.652,1383,461,1468,807,1376,506,1453,799
P0180,Healthy,12,1,0.771,1728,415,1837,758,1721,422,1821,766
P0181,Impacted,0,1,0.692,776,515,924,736,772,556,906,734
P0181,Healthy,6,1,0.834,1452,594,1549,926,1457,624,1548,919
P0181,Healthy,8,1,0.746,1751,592,1866,849,1744,612,1851,854
P0181,Impacted,1,1,0.553,2042,486,2192,709,2030,501,2148,687
P0181,Impacted,2,0,0.0,584,817,885,1123,,,,
P0182,Healthy,11,1,0.802,1731,493,1825,810,1725,520,1820,804
P0182,Healthy,14,0,0.0,1911,700,2222,1044,,,,
P0184,Endodontics,0,0,0.0,756,362,1017,712,,,,
P0184,Endodontics,1,1,0.825,903,408,1085,739,916,440,1084,736
P0184,Endodontics,2,1,0.795,1970,375,2123,696,1985,399,2126,687
P0184,Healthy,1,1,0.655,1590,799,1723,1140,1596,815,1701,1098
P0188,Impacted,0,1,0.749,2100,799,2319,1108,2113,832,2315,1083
P0188,Endodontics,0,1,0.745,950,800,1166,1134,955,840,1147,1153
P0189,Endodontics,0,1,0.855,1041,578,1141,878,1037,597,1142,865
P0189,Endodontics,1,1,0.817,1122,578,1220,876,1120,596,1231,869
P0189,Healthy,2,1,0.76,1354,571,1458,892,1359,617,1452,895
P0189,Endodontics,2,1,0.724,1969,495,2133,795,1991,536,2129,796
P0189,Endodontics,3,1,0.59,1784,838,2020,1158,1814,863,1998,1105
P0189,Healthy,13,1,0.606,1322,907,1406,1187,1335,920,1397,1150
P0190,Impacted,0,0,0.0,466,697,785,980,,,,
P0190,Healthy,0,0,0.0,681,387,973,783,,,,
P0191,Impacted,0,1,0.686,2161,649,2392,882,2165,687,2376,862
P0191,Healthy,3,0,0.0,1500,804,1692,1150,,,,
P0191,Impacted,1,1,0.536,519,674,776,926,554,721,749,899
P0191,Impacted,2,0,0.0,659,279,931,595,,,,
P0191,Healthy,18,1,0.725,1579,377,1696,784,1593,424,1690,780
P0191,Impacted,3,0,0.0,1941,289,2228,577,,,,
P0192,Impacted,0,0,0.0,1999,694,2360,1039,,,,
P0192,Healthy,9,1,0.537,1547,810,1734,1149,1573,841,1700,1109
P0192,Healthy,16,0,0.0,1071,786,1225,1139,,,,
P0193,Endodontics,0,1,0.795,941,500,1095,788,947,520,1079,789
P0193,Endodontics,1,1,0.732,1164,490,1270,788,1154,495,1251,785
P0193,Endodontics,2,1,0.726,1241,480,1330,786,1231,463,1317,789
P0193,Endodontics,3,1,0.731,1454,484,1550,797,1454,502,1529,800
P0193,Endodontics,4,1,0.709,1527,501,1610,801,1524,523,1595,791
P0193,Endodontics,5,1,0.752,1583,423,1691,799,1583,446,1675,778
P0193,Endodontics,6,1,0.699,1652,473,1766,780,1664,497,1753,772
P0193,Endodontics,7,0,0.0,1764,734,2031,1102,,,,
P0193,Healthy,2,1,0.799,1452,803,1525,1059,1453,816,1520,1039
P0193,Endodontics,8,1,0.659,1059,775,1215,1128,1079,801,1209,1080
P0193,Endodontics,9,1,0.552,879,743,1147,1101,912,790,1118,1047
P0018,Healthy,0,1,0.717,1364,727,1504,1026,1391,729,1496,1015
P0194,Endodontics,0,1,0.665,1272,571,1387,851,1284,597,1374,835
P0194,Endodontics,1,1,0.649,1529,565,1635,853,1538,583,1616,837
P0194,Endodontics,2,1,0.779,1852,453,2029,778,1864,484,2018,775
P0194,Healthy,5,1,0.588,1624,824,1775,1158,1631,844,1742,1111
P0194,Healthy,10,0,0.0,1257,844,1379,1150,,,,
P0195,Healthy,9,1,0.645,1383,568,1488,899,1393,602,1470,893
P0195,Healthy,10,1,0.785,1474,576,1573,901,1475,598,1560,895
P0195,Endodontics,0,1,0.74,1660,526,1758,874,1669,573,1761,864
P0197,Healthy,5,1,0.769,1345,784,1427,1051,1343,813,1422,1036
P0197,Healthy,13,1,0.73,1373,467,1482,790,1372,477,1458,782
P0019,Endodontics,0,1,0.68,1064,550,1131,787,1048,538,1140,792
P0019,Endodontics,1,0,0.0,1140,597,1207,769,,,,
P0019,Healthy,1,1,0.868,1471,857,1542,1139,1476,854,1541,1127
P0019,Healthy,4,1,0.755,1339,853,1395,1124,1334,852,1387,1113
P0198,Endodontics,0,1,0.714,1312,590,1387,891,1316,602,1378,862
P0198,Endodontics,1,1,0.793,1370,580,1462,905,1375,613,1463,888
P0198,Endodontics,2,1,0.82,1464,588,1552,886,1467,619,1548,888
P0198,Healthy,0,1,0.853,1727,571,1867,870,1740,585,1866,872
P0200,Healthy,5,1,0.556,1531,459,1639,861,1549,575,1635,871
P0200,Healthy,7,0,0.0,1688,854,1929,1219,,,,
P0201,Endodontics,0,1,0.807,1351,526,1441,809,1354,538,1436,834
P0201,Healthy,5,1,0.655,1237,842,1355,1167,1253,862,1337,1161
P0201,Healthy,7,0,0.0,1025,798,1223,1199,,,,
P0203,Healthy,8,1,0.738,1539,891,1625,1189,1551,912,1624,1171
P0203,Healthy,13,1,0.754,1222,880,1320,1164,1224,888,1302,1157
P0204,Healthy,3,1,0.645,1306,419,1393,734,1326,449,1388,734
P0204,Healthy,13,1,0.789,1253,747,1347,1114,1258,760,1341,1088
P0205,Endodontics,0,1,0.58,1565,500,1649,776,1567,518,1631,728
P0205,Endodontics,1,1,0.529,1755,535,1950,865,1781,595,1914,851
P0205,Healthy,1,1,0.759,1472,803,1537,1072,1474,824,1528,1075
P0205,Healthy,4,1,0.802,1314,820,1389,1106,1311,831,1381,1116
P0205,Endodontics,2,1,0.754,1162,853,1243,1110,1169,865,1242,1080
P0206,Endodontics,0,1,0.703,1699,488,1810,786,1687,529,1802,775
P0206,Endodontics,1,1,0.56,1793,492,1896,786,1802,530,1876,759
P0206,Healthy,3,1,0.616,1738,784,1874,1082,1744,796,1843,1048
P0206,Healthy,6,1,0.741,1520,788,1597,1084,1525,797,1591,1053
P0208,Endodontics,0,1,0.806,906,514,1031,795,911,544,1033,783
P0208,Endodontics,1,1,0.703,1016,532,1137,813,1035,556,1135,795
P0208,Endodontics,2,1,0.702,1458,523,1560,836,1453,543,1543,818
P0208,Endodontics,3,0,0.0,2005,679,2322,992,,,,
P0208,Healthy,3,1,0.656,1093,820,1208,1122,1092,828,1180,1092
P0209,Endodontics,0,1,0.698,1291,500,1379,826,1292,525,1361,815
P0209,Endodontics,1,1,0.643,1360,517,1447,840,1349,531,1430,818
P0209,Endodontics,2,1,0.799,1730,453,1896,774,1738,494,1900,769
P0209,Endodontics,3,0,0.0,1936,685,2251,1060,,,,
P0210,Healthy,0,0,0.0,697,453,956,789,,,,
P0210,Healthy,2,0,0.0,602,699,956,1026,,,,
P0211,Endodontics,0,1,0.761,646,528,790,826,646,548,767,818
P0211,Healthy,1,1,0.788,1524,834,1604,1126,1526,845,1596,1108
P0211,Healthy,6,1,0.844,1174,834,1270,1159,1176,841,1270,1121
P0212,Endodontics,0,1,0.659,1483,433,1589,713,1501,472,1583,717
P0212,Endodontics,1,1,0.605,1580,432,1663,716,1579,470,1641,706
P0212,Endodontics,2,1,0.668,1639,369,1747,723,1640,425,1728,715
P0212,Healthy,4,1,0.695,1162,671,1287,1003,1179,683,1292,959
P0212,Endodontics,3,0,0.0,1024,630,1228,961,,,,
P0214,Endodontics,0,1,0.846,1283,494,1378,786,1285,507,1370,783
P0214,Impacted,0,0,0.0,2052,634,2368,956,,,,
P0214,Healthy,1,1,0.798,1572,799,1679,1137,1568,808,1683,1095
P0214,Endodontics,1,1,0.593,837,735,1119,1079,884,760,1101,1025
P0215,Endodontics,0,1,0.76,795,403,941,682,804,421,924,686
P0215,Healthy,3,1,0.687,1637,369,1744,753,1629,418,1728,748
P0215,Healthy,7,1,0.791,1460,742,1539,1012,1470,759,1538,1007
P0217,Healthy,4,1,0.737,1543,548,1643,890,1550,573,1631,884
P0219,Healthy,2,1,0.799,1466,798,1539,1098,1466,809,1541,1054
P0219,Healthy,6,1,0.739,1182,781,1308,1080,1203,794,1305,1067
P0220,Endodontics,0,1,0.767,1814,390,1919,730,1812,433,1911,720
P0220,Endodontics,1,1,0.855,1894,386,2025,720,1899,405,2028,708
P0220,Healthy,11,1,0.729,1533,738,1608,1026,1537,755,1599,1009
P0221,Endodontics,0,0,0.0,1295,498,1406,849,,,,
P0221,Endodontics,1,1,0.703,1438,492,1542,847,1452,533,1540,828
P0221,Healthy,6,1,0.846,1435,861,1500,1116,1436,876,1500,1095
P0221,Healthy,7,1,0.679,1366,861,1443,1139,1374,874,1438,1101
P0221,Impacted,0,1,0.685,552,839,815,1040,574,844,799,1005
P0223,Healthy,7,1,0.861,1652,409,1764,734,1651,432,1757,733
P0223,Endodontics,0,1,0.661,1925,355,2086,682,1953,406,2079,682
P0224,Endodontics,0,1,0.76,1316,553,1395,834,1315,575,1384,826
P0224,Endodontics,1,1,0.905,1381,561,1458,826,1375,564,1458,822
P0021,Healthy,3,1,0.859,1590,545,1684,870,1586,529,1681,881
P0021,Endodontics,0,1,0.849,1735,561,1827,840,1734,556,1818,851
P0021,Endodontics,1,1,0.935,1945,491,2077,846,1942,496,2079,852
P0021,Healthy,8,1,0.879,1283,906,1362,1216,1284,912,1358,1203
P0021,Endodontics,2,1,0.81,1201,912,1315,1183,1210,911,1303,1182
P0021,Endodontics,3,1,0.725,745,781,1078,1135,773,818,1058,1118
P0225,Healthy,3,1,0.744,1510,891,1593,1193,1516,910,1588,1169
P0225,Healthy,4,1,0.724,1452,900,1525,1191,1453,915,1519,1148
P0226,Healthy,0,1,0.794,1280,598,1379,884,1288,605,1370,879
P0226,Healthy,1,1,0.571,1453,528,1565,882,1462,595,1544,871
P0227,Endodontics,0,1,0.755,888,571,1037,828,884,590,1015,834
P0227,Endodontics,1,1,0.694,1114,594,1216,855,1122,644,1224,853
P0227,Endodontics,2,1,0.768,1402,603,1489,897,1403,647,1483,903
P0227,Endodontics,3,1,0.569,1493,608,1581,910,1479,631,1556,906
P0227,Endodontics,4,1,0.695,1552,626,1627,909,1555,652,1614,902
P0227,Endodontics,5,1,0.618,1736,623,1845,896,1730,661,1820,890
P0227,Endodontics,6,1,0.713,1794,596,1921,893,1807,647,1927,894
P0227,Healthy,4,1,0.662,1383,903,1460,1159,1389,913,1447,1138
P0230,Endodontics,0,1,0.821,1220,342,1314,736,1217,364,1305,740
P0230,Endodontics,1,1,0.705,1671,378,1779,680,1675,409,1772,646
P0230,Healthy,0,1,0.52,1651,713,1823,1077,1670,743,1780,1039
P0230,Healthy,3,1,0.693,1347,755,1420,1039,1356,765,1423,997
P0231,Healthy,5,1,0.659,1677,586,1787,964,1667,617,1764,958
P0231,Healthy,6,1,0.756,1753,580,1842,933,1745,615,1853,933
P0022,Endodontics,0,0,0.0,1231,549,1304,730,,,,
P0022,Healthy,0,1,0.844,1485,781,1571,1030,1485,781,1566,1004
P0232,Endodontics,0,1,0.859,1109,515,1226,815,1123,515,1225,820
P0232,Healthy,0,1,0.608,1583,496,1670,822,1575,526,1649,808
P0232,Healthy,3,1,0.688,1537,853,1612,1130,1532,860,1599,1104
P0233,Healthy,2,1,0.735,1479,822,1564,1103,1478,831,1552,1074
P0233,Healthy,3,1,0.647,1418,818,1499,1089,1418,832,1482,1054
P0234,Healthy,0,1,0.602,1962,605,2073,890,1963,641,2048,865
P0234,Endodontics,0,1,0.714,1501,623,1601,913,1498,654,1584,910
P0234,Endodontics,1,0,0.0,658,805,984,1125,,,,
P0235,Endodontics,0,0,0.0,1305,457,1391,716,,,,
P0235,Healthy,0,1,0.658,1295,763,1389,1134,1295,789,1369,1099
P0023,Healthy,3,1,0.741,1410,836,1460,1086,1414,844,1467,1071
P0023,Healthy,4,1,0.848,1356,834,1412,1089,1354,838,1416,1076
P0236,Healthy,0,1,0.556,1750,788,1920,1153,1762,802,1874,1110
P0236,Healthy,4,1,0.795,1454,807,1533,1097,1456,817,1524,1085
P0237,Healthy,0,1,0.762,1143,868,1253,1183,1153,884,1246,1168
P0237,Healthy,1,1,0.704,1026,865,1149,1183,1052,890,1152,1180
P0238,Healthy,0,1,0.804,739,428,903,728,743,468,896,730
P0238,Impacted,0,1,0.613,2155,742,2401,971,2166,752,2343,947
P0238,Healthy,4,1,0.754,1449,855,1525,1112,1452,875,1518,1098
P0238,Impacted,1,1,0.646,469,715,740,945,479,745,720,912
P0239,Endodontics,0,1,0.733,718,514,874,829,709,535,851,820
P0239,Healthy,2,1,0.663,1644,486,1764,878,1657,528,1749,867
P0239,Endodontics,1,1,0.581,1731,532,1841,836,1740,570,1826,796
P0239,Healthy,6,1,0.659,1376,880,1451,1187,1374,899,1438,1149
P0240,Healthy,3,1,0.775,1270,507,1387,863,1275,507,1374,833
P0240,Healthy,7,1,0.74,1768,448,1869,834,1772,485,1860,813
P0240,Endodontics,0,1,0.773,1844,473,1944,811,1850,493,1936,797
P0241,Endodontics,0,1,0.662,1062,567,1168,818,1078,588,1157,811
P0241,Endodontics,1,1,0.755,1151,534,1278,824,1156,577,1270,828
P0241,Healthy,0,1,0.566,1323,535,1423,852,1328,592,1397,852
P0241,Endodontics,2,1,0.667,1733,539,1841,833,1731,596,1828,822
P0241,Endodontics,3,1,0.635,1787,799,1896,1116,1793,818,1879,1073
P0241,Healthy,7,1,0.643,1416,863,1491,1119,1422,874,1485,1070
P0242,Healthy,0,1,0.805,1491,780,1550,1091,1493,790,1550,1049
P0242,Healthy,1,1,0.794,1422,767,1491,1070,1427,783,1488,1055
P0244,Endodontics,0,1,0.902,1326,569,1418,834,1327,565,1412,837
P0244,Endodontics,1,1,0.863,1399,576,1483,830,1407,578,1484,823
P0244,Endodontics,2,1,0.857,1476,574,1554,836,1481,575,1559,830
P0244,Endodontics,3,1,0.874,1556,505,1641,834,1551,521,1639,832
P0244,Endodontics,4,0,0.0,1695,775,1997,1113,,,,
P0244,Endodontics,5,1,0.849,1647,828,1758,1105,1649,834,1756,1078
P0244,Endodontics,6,1,0.887,1552,837,1652,1131,1554,843,1654,1114
P0244,Endodontics,7,1,0.617,1108,842,1197,1163,1122,856,1200,1097
P0244,Endodontics,8,1,0.603,1014,834,1130,1117,1027,867,1124,1071
P0244,Endodontics,9,1,0.626,845,808,1072,1113,883,833,1062,1075
P0245,Endodontics,0,1,0.739,1654,400,1795,717,1662,435,1783,708
P0245,Endodontics,1,1,0.79,964,430,1064,745,964,480,1062,734
P0245,Endodontics,2,1,0.765,1045,417,1147,753,1049,458,1142,740
P0245,Endodontics,3,1,0.862,1126,392,1239,761,1130,402,1231,758
P0245,Endodontics,4,1,0.518,1776,675,2083,1071,1821,715,2035,1009
P0245,Endodontics,5,1,0.733,978,726,1091,1080,987,748,1093,1034
P0245,Healthy,11,1,0.51,695,670,1022,1053,752,715,976,1000
P0247,Endodontics,0,1,0.713,1539,505,1655,836,1551,521,1639,832
P0247,Endodontics,1,1,0.764,1475,541,1563,837,1481,575,1559,830
P0247,Endodontics,2,1,0.789,1407,541,1487,840,1407,578,1484,823
P0247,Endodontics,3,1,0.816,1320,540,1409,838,1327,565,1412,837
P0247,Endodontics,4,0,0.0,1071,826,1211,1159,,,,
P0247,Endodontics,5,0,0.0,995,820,1145,1119,,,,
P0247,Endodontics,6,1,0.565,845,785,1071,1124,883,833,1062,1075
P0247,Endodontics,7,1,0.668,1564,828,1670,1147,1554,843,1654,1114
P0247,Endodontics,8,1,0.785,1650,822,1762,1114,1649,834,1756,1078
P0247,Endodontics,9,0,0.0,1690,768,2003,1107,,,,
P0249,Endodontics,0,1,0.79,1260,511,1347,749,1262,529,1341,736
P0249,Endodontics,1,1,0.832,1345,494,1452,778,1339,515,1448,773
P0249,Endodontics,2,1,0.746,1525,505,1631,792,1531,524,1619,782
P0249,Endodontics,3,1,0.727,1802,486,1921,793,1792,530,1911,791
P0249,Healthy,1,1,0.682,1376,790,1451,1089,1382,806,1452,1030
P0249,Healthy,2,1,0.769,1310,788,1381,1086,1311,807,1382,1042
P0024,Endodontics,0,1,0.798,828,334,993,642,845,316,985,638
P0024,Endodontics,1,1,0.755,1494,386,1590,730,1511,399,1588,723
P0024,Healthy,0,1,0.857,2010,289,2149,573,2000,305,2150,580
P0024,Healthy,2,1,0.648,1781,643,1972,1009,1785,655,1948,933
P0251,Endodontics,0,1,0.79,1416,503,1516,824,1414,532,1505,822
P0251,Endodontics,1,1,0.712,1488,485,1591,823,1496,538,1583,823
P0251,Endodontics,2,1,0.797,1567,526,1658,830,1580,532,1656,822
P0251,Healthy,2,1,0.647,1564,832,1660,1114,1569,842,1642,1082
P0252,Healthy,5,1,0.587,1162,874,1315,1239,1177,908,1287,1206
P0252,Healthy,6,1,0.53,955,881,1110,1223,1002,909,1116,1177
P0253,Healthy,21,1,0.764,1339,768,1416,1062,1334,795,1417,1034
P0254,Healthy,1,0,0.0,1010,444,1246,792,,,,
P0254,Healthy,11,1,0.821,1606,847,1693,1208,1607,867,1698,1182
P0254,Endodontics,0,0,0.0,1807,721,2125,1101,,,,
P0256,Endodontics,0,1,0.697,1283,586,1393,878,1283,601,1364,879
P0256,Endodontics,1,1,0.801,1360,586,1452,893,1356,623,1453,880
P0256,Healthy,1,1,0.793,1445,868,1522,1178,1444,879,1518,1141
P0256,Healthy,4,1,0.798,1201,878,1299,1214,1206,883,1293,1185
P0026,Healthy,6,1,0.783,1556,619,1625,890,1557,596,1634,882
P0026,Healthy,7,1,0.791,1599,584,1717,882,1617,567,1718,878
P0257,Healthy,0,1,0.699,1549,674,1650,1016,1564,693,1645,991
P0257,Healthy,1,1,0.698,1508,678,1566,986,1512,699,1573,953
P0258,Healthy,0,1,0.694,2004,599,2152,891,2011,615,2132,863
P0258,Healthy,1,1,0.548,575,799,935,1054,608,836,897,1010
P0259,Healthy,0,1,0.709,1581,863,1673,1208,1580,876,1656,1179
P0259,Endodontics,0,1,0.703,1440,867,1509,1111,1452,874,1511,1087
P0259,Healthy,2,1,0.754,1328,857,1397,1130,1327,870,1390,1102
P0260,Endodontics,0,1,0.808,1464,577,1541,873,1456,580,1534,870
P0260,Endodontics,1,1,0.698,1541,578,1614,872,1530,582,1602,863
P0260,Impacted,0,1,0.919,1647,551,1751,834,1647,565,1754,836
P0260,Endodontics,2,1,0.809,1379,584,1470,865,1385,596,1465,878
P0260,Healthy,2,1,0.721,1245,511,1335,872,1249,563,1329,856
P0260,Healthy,9,1,0.798,1318,876,1403,1110,1318,886,1402,1075
P0261,Healthy,0,1,0.714,1702,765,1821,1086,1707,777,1803,1061
P0261,Healthy,2,1,0.682,1568,772,1650,1061,1566,787,1633,1041
P0027,Impacted,0,1,0.518,784,239,1055,515,817,286,1008,489
P0027,Healthy,0,1,0.872,1260,407,1362,745,1267,413,1358,747
P0027,Impacted,1,1,0.706,1923,285,2120,502,1943,321,2122,493
P0027,Endodontics,0,1,0.777,953,706,1192,1034,972,717,1193,995
P0264,Healthy,9,1,0.78,1613,450,1708,786,1622,470,1714,776
P0264,Healthy,14,1,0.841,2063,386,2236,667,2071,366,2230,660
P0265,Healthy,3,1,0.792,1174,445,1289,804,1170,460,1273,801
P0265,Impacted,0,1,0.822,2050,380,2229,638,2071,381,2221,634
P0265,Healthy,22,1,0.559,668,713,938,1091,718,748,921,1029
P0266,Healthy,0,1,0.866,1280,578,1364,870,1281,603,1363,862
P0266,Endodontics,0,0,0.0,1781,758,2063,1093,,,,
P0267,Endodontics,0,1,0.742,1149,500,1268,807,1137,517,1253,802
P0267,Endodontics,1,1,0.718,1364,549,1437,824,1359,588,1434,805
P0267,Endodontics,2,1,0.714,1437,561,1522,811,1431,548,1505,810
P0267,Impacted,0,1,0.602,2092,730,2275,1016,2105,755,2258,961
P0267,Endodontics,3,1,0.619,1393,818,1485,1059,1398,834,1468,1030
P0267,Healthy,1,1,0.74,1335,815,1410,1055,1339,826,1399,1048
P0267,Healthy,3,1,0.847,1182,801,1264,1120,1179,818,1265,1100
P0268,Endodontics,0,1,0.769,1737,436,1833,778,1743,457,1844,790
P0268,Endodontics,1,1,0.768,1827,457,1965,742,1832,469,1946,734
P0268,Healthy,1,1,0.56,1497,843,1673,1163,1521,853,1641,1116
P0268,Healthy,4,1,0.693,1300,828,1387,1136,1312,838,1393,1100
P0271,Healthy,0,1,0.826,1207,415,1289,749,1203,443,1286,757
P0271,Healthy,1,1,0.669,1278,436,1364,772,1287,453,1350,760
P0271,Endodontics,0,1,0.743,1733,427,1825,717,1737,441,1816,692
P0271,Endodontics,1,1,0.919,1809,392,1961,703,1806,411,1961,702
P0272,Healthy,4,1,0.704,1610,826,1772,1175,1622,838,1753,1142
P0272,Endodontics,0,0,0.0,480,613,821,968,,,,
P0272,Endodontics,1,1,0.765,1688,518,1802,799,1705,534,1800,792
P0272,Healthy,8,1,0.656,1265,544,1368,836,1277,582,1357,847
P0273,Endodontics,0,1,0.759,1647,411,1762,759,1633,438,1755,750
P0273,Endodontics,1,1,0.748,1704,409,1908,761,1719,430,1934,747
P0273,Endodontics,2,0,0.0,1856,436,2025,738,,,,
P0273,Healthy,12,1,0.671,1326,807,1397,1080,1331,826,1403,1036
P0273,Endodontics,3,1,0.6,792,726,1095,1094,841,740,1067,1036
P0274,Endodontics,0,1,0.668,1092,464,1203,802,1099,524,1190,806
P0274,Endodontics,1,1,0.593,1528,469,1635,847,1543,544,1624,840
P0274,Healthy,3,1,0.627,1504,840,1575,1139,1498,858,1561,1108
P0274,Healthy,5,1,0.611,1393,843,1466,1124,1396,849,1450,1081
P0275,Healthy,5,1,0.759,2046,463,2196,765,2048,504,2182,771
P0276,Healthy,0,1,0.632,1516,915,1604,1157,1515,934,1581,1143
P0276,Healthy,2,1,0.891,1664,905,1785,1193,1664,920,1779,1190
P0276,Endodontics,0,1,0.788,1971,826,2110,1157,1953,836,2108,1131
P0276,Endodontics,1,1,0.663,1103,849,1210,1180,1098,885,1196,1147
P0277,Endodontics,0,1,0.826,899,592,1043,845,913,612,1043,847
P0277,Endodontics,1,1,0.764,1114,569,1199,843,1107,606,1201,853
P0277,Healthy,2,1,0.69,1357,563,1468,886,1361,596,1452,868
P0277,Endodontics,2,0,0.0,1740,794,1940,1140,,,,
P0277,Healthy,5,1,0.506,1403,872,1485,1110,1396,886,1465,1055
P0277,Endodontics,3,1,0.663,874,818,1068,1103,890,843,1067,1050
P0277,Endodontics,4,1,0.603,742,813,899,1080,746,868,892,1041
P0278,Healthy,6,1,0.711,2107,407,2284,689,2112,417,2246,682
P0278,Endodontics,0,1,0.723,1351,473,1443,786,1365,494,1452,785
P0278,Healthy,16,1,0.553,891,751,1138,1125,939,785,1107,1089
P0279,Healthy,8,1,0.616,1652,726,1791,1024,1665,747,1774,981
P0279,Healthy,11,1,0.743,1362,740,1449,974,1363,753,1439,952
P0279,Endodontics,0,0,0.0,619,629,909,990,,,,
P0280,Impacted,0,0,0.0,509,632,686,918,,,,
P0280,Endodontics,0,1,0.855,1351,530,1451,859,1357,549,1448,858
P0280,Endodontics,1,1,0.689,1441,532,1562,857,1459,552,1548,858
P0280,Healthy,1,1,0.708,1525,523,1627,824,1540,550,1623,812
P0280,Healthy,9,1,0.682,1201,842,1306,1203,1204,867,1291,1164
P0280,Endodontics,2,1,0.804,1086,853,1222,1174,1083,864,1217,1137
P0281,Healthy,5,1,0.812,1235,728,1354,1105,1241,740,1344,1119
P0281,Endodontics,0,1,0.544,934,365,1114,678,948,421,1080,653
P0281,Endodontics,1,1,0.754,1467,424,1592,757,1481,427,1577,761
P0281,Endodontics,2,1,0.7,1561,440,1659,749,1577,452,1649,753
P0282,Healthy,6,1,0.718,1550,809,1652,1128,1563,813,1645,1098
P0282,Healthy,8,1,0.619,1437,816,1512,1103,1447,834,1507,1056
P0283,Healthy,1,1,0.822,1660,832,1769,1134,1665,848,1766,1116
P0283,Healthy,5,1,0.626,1362,836,1449,1139,1373,866,1442,1105
P0029,Endodontics,0,1,0.682,1341,772,1420,1011,1336,767,1404,992
P0029,Endodontics,1,1,0.813,1260,772,1341,1022,1271,771,1341,1008
P0029,Endodontics,2,1,0.745,1081,780,1215,1049,1094,787,1205,1029
P0285,Healthy,2,1,0.703,1541,805,1608,1114,1547,821,1603,1081
P0288,Impacted,0,1,0.611,521,757,759,1012,528,792,720,985
P0288,Endodontics,0,1,0.792,1775,430,1942,759,1779,466,1929,756
P0288,Healthy,16,1,0.61,1959,396,2208,714,1997,406,2164,695
P0289,Endodontics,0,1,0.713,1769,773,1957,1099,1771,802,1941,1059
P0289,Endodontics,1,0,0.0,1835,714,2145,1083,,,,
P0289,Healthy,0,1,0.586,1586,802,1759,1148,1620,821,1735,1126
P0289,Endodontics,2,1,0.557,826,719,1094,1071,859,762,1069,1012
P0289,Endodontics,3,1,0.672,1505,480,1605,816,1511,487,1582,805
P0289,Endodontics,4,1,0.749,1212,448,1322,803,1222,457,1308,811
P0289,Endodontics,5,1,0.694,1135,465,1235,759,1148,483,1248,775
P0289,Endodontics,6,1,0.742,1062,465,1162,761,1077,486,1158,766
P0290,Healthy,2,1,0.866,1361,477,1473,846,1364,503,1469,844
P0290,Endodontics,0,1,0.622,1846,448,1944,811,1846,485,1916,801
P0290,Endodontics,1,1,0.758,1800,820,1921,1135,1795,836,1912,1103
P0290,Healthy,6,1,0.872,1622,834,1729,1159,1619,855,1730,1148
P0293,Endodontics,0,1,0.51,1790,834,2076,1204,1813,880,2039,1119
P0293,Healthy,21,1,0.871,1217,915,1323,1228,1227,914,1323,1217
P0294,Healthy,0,1,0.524,1811,822,1951,1127,1835,807,1933,1058
P0294,Healthy,6,1,0.75,1145,820,1243,1120,1150,832,1249,1081
P0295,Endodontics,0,1,0.635,1167,444,1290,792,1196,480,1284,789
P0295,Endodontics,1,1,0.611,1681,530,1800,813,1679,557,1769,794
P0295,Endodontics,2,1,0.67,1566,811,1681,1049,1568,828,1666,1015
P0295,Healthy,3,1,0.588,1343,820,1410,1039,1345,835,1394,1011
P0295,Healthy,4,1,0.604,1287,797,1356,1037,1293,823,1344,1019
P0295,Endodontics,3,1,0.761,1068,738,1183,1018,1070,762,1178,989
P0296,Endodontics,0,1,0.665,1328,446,1452,817,1340,477,1430,817
P0296,Endodontics,1,1,0.742,1416,459,1529,816,1430,496,1524,818
P0296,Endodontics,2,1,0.692,1504,486,1608,824,1515,490,1592,806
P0296,Healthy,0,1,0.696,1583,388,1704,811,1586,438,1683,805
P0296,Endodontics,3,1,0.697,1798,428,1983,734,1814,465,1967,750
P0296,Healthy,13,1,0.62,1186,796,1324,1197,1202,827,1300,1177
P0296,Endodontics,4,1,0.589,793,724,1100,1084,837,759,1079,1028
P0298,Healthy,1,1,0.714,1268,471,1374,722,1280,485,1363,714
P0298,Healthy,3,1,0.642,1447,459,1541,719,1447,500,1519,718
P0299,Healthy,0,1,0.697,724,501,874,780,726,531,847,772
P0299,Healthy,11,1,0.876,1689,538,1781,855,1683,556,1780,856
P0300,Healthy,23,1,0.534,1854,756,2158,1141,1876,794,2097,1077
P0300,Healthy,25,0,0.0,2133,621,2434,954,,,,
P0302,Healthy,2,1,0.631,1095,596,1210,865,1111,658,1208,874
P0302,Healthy,10,0,0.0,1590,579,1704,879,,,,
P0303,Endodontics,0,1,0.746,1575,930,1671,1199,1579,934,1657,1181
P0030,Healthy,3,1,0.881,1308,834,1368,1088,1311,834,1372,1091
P0030,Healthy,4,1,0.919,1226,832,1310,1143,1228,841,1308,1145
P0306,Impacted,0,1,0.725,2098,757,2398,1003,2122,771,2378,980
P0306,Healthy,0,1,0.887,1954,770,2175,1057,1957,769,2160,1048
P0306,Healthy,3,1,0.678,1619,793,1766,1141,1608,811,1742,1111
P0306,Impacted,1,1,0.709,559,751,757,1087,567,799,767,1057
P0306,Impacted,2,0,0.0,1951,362,2261,668,,,,
P0307,Endodontics,0,1,0.764,1034,413,1155,719,1025,447,1148,728
P0307,Endodontics,1,1,0.763,1489,486,1604,786,1505,495,1598,778
P0307,Endodontics,2,0,0.0,1889,729,2255,1121,,,,
P0307,Healthy,2,1,0.611,1451,795,1537,1070,1465,813,1531,1032
P0307,Endodontics,3,1,0.575,1138,749,1314,1098,1170,789,1307,1047
P0309,Endodontics,0,1,0.63,1534,577,1639,869,1542,613,1619,864
P0309,Healthy,6,1,0.779,1406,895,1479,1145,1407,900,1476,1106
P0309,Healthy,8,1,0.656,1280,876,1378,1197,1286,901,1360,1180
P0309,Endodontics,1,0,0.0,913,822,1177,1176,,,,
P0031,Endodontics,0,1,0.893,1610,814,1710,1088,1612,807,1714,1080
P0031,Endodontics,1,1,0.802,1535,792,1613,1101,1538,800,1622,1085
P0031,Healthy,2,1,0.828,1201,788,1293,1107,1203,790,1292,1063
P0310,Endodontics,0,1,0.762,1046,513,1154,818,1054,530,1143,826
P0310,Endodontics,1,1,0.886,1127,503,1204,826,1130,495,1200,825
P0310,Endodontics,2,1,0.749,1272,559,1347,861,1270,575,1338,838
P0310,Endodontics,3,1,0.73,1339,536,1427,853,1327,545,1416,863
P0310,Endodontics,4,1,0.856,1410,528,1502,861,1415,553,1503,865
P0310,Endodontics,5,1,0.765,1497,534,1575,847,1494,557,1565,854
P0310,Endodontics,6,1,0.718,1629,537,1746,827,1622,492,1731,830
P0310,Endodontics,7,0,0.0,1820,740,2210,1105,,,,
P0310,Healthy,0,1,0.77,1461,861,1540,1122,1462,868,1525,1120
P0310,Healthy,1,1,0.524,1399,851,1476,1124,1413,868,1462,1093
P0312,Healthy,2,1,0.585,1358,473,1449,793,1367,519,1433,777
P0312,Endodontics,0,1,0.7,1731,455,1839,780,1724,501,1824,780
P0312,Healthy,10,1,0.756,1364,795,1452,1051,1366,804,1446,1017
P0313,Endodontics,0,1,0.538,1257,498,1364,782,1262,529,1341,736
P0313,Endodontics,1,1,0.646,1322,469,1454,799,1339,515,1448,773
P0313,Endodontics,2,1,0.732,1533,492,1633,790,1531,524,1619,782
P0313,Endodontics,3,1,0.647,1800,475,1931,801,1792,530,1911,791
P0313,Healthy,0,1,0.679,1452,799,1525,1074,1448,812,1513,1046
P0313,Healthy,2,1,0.662,1306,780,1385,1099,1311,807,1382,1042
P0314,Healthy,4,1,0.701,1247,855,1343,1101,1255,861,1332,1076
P0314,Healthy,5,1,0.698,1009,790,1143,1139,1021,813,1134,1102
P0315,Endodontics,0,1,0.754,1445,400,1516,758,1450,410,1529,751
P0315,Endodontics,1,1,0.801,1525,411,1604,755,1529,397,1612,742
P0315,Endodontics,2,1,0.735,1608,347,1691,682,1605,352,1699,625
P0315,Endodontics,3,1,0.642,1678,372,1789,722,1686,385,1766,697
P0315,Endodontics,4,1,0.682,1760,365,1839,680,1770,380,1839,626
P0315,Healthy,6,1,0.75,1593,735,1716,1150,1588,760,1708,1104
P0315,Endodontics,5,1,0.573,1702,665,2011,1081,1734,723,1981,1021
P0316,Healthy,0,1,0.815,741,471,933,780,754,469,916,771
P0316,Healthy,10,1,0.78,1471,800,1560,1092,1479,801,1565,1064
P0032,Impacted,0,1,0.737,799,269,1020,507,817,286,1008,489
P0032,Impacted,1,1,0.611,1903,284,2125,511,1943,321,2122,493
P0032,Healthy,2,1,0.812,1521,788,1583,1051,1526,790,1585,1029
P0032,Healthy,3,1,0.861,1481,790,1528,1025,1478,796,1528,1010
P0032,Endodontics,0,1,0.798,950,709,1193,1026,972,717,1193,995
P0319,Healthy,4,1,0.75,1568,905,1647,1153,1574,932,1645,1139
P0319,Healthy,8,1,0.715,1349,918,1416,1147,1358,934,1414,1130
P0320,Impacted,0,1,0.725,2025,866,2344,1107,2025,902,2308,1099
P0320,Healthy,24,1,0.52,949,885,1157,1237,1002,921,1140,1197
P0321,Healthy,3,1,0.81,1516,824,1600,1109,1523,829,1599,1084
P0321,Healthy,5,1,0.725,1406,834,1481,1091,1402,837,1471,1062
P0322,Healthy,0,1,0.87,1956,421,2098,705,1965,430,2093,706
P0322,Healthy,10,1,0.842,1164,421,1253,755,1158,441,1258,755
P0323,Healthy,4,1,0.81,1246,367,1355,772,1236,350,1348,764
P0323,Healthy,11,1,0.653,1777,405,1908,745,1793,464,1898,741
P0323,Endodontics,0,0,0.0,852,675,1174,1075,,,,
P0324,Healthy,25,0,0.0,729,724,1046,1125,,,,
P0325,Implant,0,0,0.0,1123,628,1233,862,,,,
P0325,Implant,1,0,0.0,1016,605,1171,858,,,,
P0325,Implant,2,0,0.0,1679,647,1783,861,,,,
P0325,Implant,3,0,0.0,1777,624,1900,845,,,,
P0325,Implant,4,0,0.0,1866,574,1983,811,,,,
P0325,Endodontics,0,1,0.702,1625,918,1743,1191,1622,928,1721,1169
P0328,Healthy,1,1,0.594,1245,450,1349,782,1269,482,1342,763
P0328,Endodontics,0,1,0.754,1330,475,1437,776,1338,510,1431,771
P0328,Healthy,2,1,0.909,1566,795,1679,1168,1568,814,1679,1159
P0033,Healthy,5,1,0.674,1601,845,1730,1153,1617,855,1712,1137
P0332,Endodontics,0,1,0.654,1203,459,1316,807,1228,492,1311,802
P0332,Healthy,2,1,0.586,1393,826,1445,1070,1394,839,1437,1012
P0332,Healthy,3,1,0.708,1348,822,1398,1061,1348,837,1395,1017
P0332,Endodontics,1,1,0.673,1034,770,1137,1091,1046,782,1134,1035
P0333,Healthy,19,1,0.619,1571,897,1720,1232,1578,926,1702,1175
P0034,Endodontics,0,1,0.853,852,494,965,713,850,479,974,713
P0034,Endodontics,1,1,0.71,913,474,1120,738,939,503,1110,730
P0034,Endodontics,2,1,0.878,1280,541,1370,775,1285,553,1372,775
P0034,Endodontics,3,1,0.613,1864,753,2150,1005,1880,772,2110,964
P0034,Healthy,4,1,0.878,1364,790,1424,1015,1362,796,1423,1003
P0034,Healthy,5,1,0.848,1294,779,1366,1055,1288,780,1372,1057
P0034,Endodontics,4,1,0.747,1149,767,1316,1045,1177,771,1312,1028
P0335,Healthy,6,1,0.745,1452,605,1570,897,1461,612,1554,888
P0336,Healthy,13,1,0.628,1782,847,1950,1142,1790,859,1914,1110
P0336,Healthy,20,1,0.616,1264,891,1372,1189,1275,906,1358,1145
P0337,Healthy,14,1,0.707,1312,774,1401,1062,1316,795,1390,1040
P0339,Healthy,5,1,0.627,1305,448,1383,772,1290,458,1366,765
P0339,Healthy,20,1,0.621,1397,795,1481,1085,1406,816,1467,1064
P0340,Healthy,0,0,0.0,1808,410,2107,764,,,,
P0340,Healthy,1,1,0.818,1345,732,1428,1074,1345,743,1427,1026
P0342,Healthy,1,1,0.806,1193,398,1293,784,1201,439,1295,783
P0342,Endodontics,0,1,0.766,1698,463,1798,767,1687,496,1795,759
P0342,Endodontics,1,1,0.723,1779,471,1892,753,1775,503,1874,753
P0342,Healthy,3,1,0.787,1695,765,1796,1093,1692,781,1787,1072
P0342,Endodontics,2,0,0.0,671,674,955,968,,,,
P0343,Endodontics,0,1,0.566,1086,537,1233,881,1106,568,1202,866
P0343,Endodontics,1,1,0.716,1354,517,1460,915,1354,562,1445,894
P0343,Endodontics,2,1,0.758,1612,457,1716,884,1620,509,1711,891
P0343,Endodontics,3,1,0.776,1700,542,1792,887,1689,572,1789,878
P0343,Endodontics,4,1,0.75,1766,557,1879,893,1768,611,1870,890
P0343,Healthy,2,1,0.748,1487,903,1575,1178,1492,915,1570,1147
P0344,Healthy,0,1,0.503,701,405,942,711,725,447,874,696
P0345,Healthy,12,1,0.755,1754,574,1860,874,1757,607,1848,871
P0345,Healthy,16,1,0.602,1706,877,1897,1214,1716,893,1859,1164
P0035,Healthy,3,1,0.896,1493,709,1550,947,1494,719,1549,940
P0035,Healthy,4,1,0.881,1439,724,1497,951,1440,725,1495,936
P0346,Endodontics,0,1,0.88,1310,417,1404,713,1316,416,1401,706
P0346,Healthy,7,1,0.662,1449,742,1526,1032,1448,736,1507,1004
P0347,Healthy,4,1,0.764,1470,521,1568,832,1470,527,1550,818
P0348,Endodontics,0,1,0.689,1452,548,1581,891,1460,555,1555,876
P0348,Impacted,0,0,0.0,1979,382,2278,665,,,,
P0348,Healthy,0,1,0.747,1658,855,1771,1197,1658,878,1760,1161
P0348,Healthy,2,1,0.622,1522,884,1606,1185,1518,890,1585,1150
P0349,Healthy,12,1,0.534,1392,824,1529,1124,1409,844,1502,1080
P0353,Healthy,6,1,0.665,1440,830,1521,1124,1444,852,1515,1075
P0353,Impacted,0,1,0.697,534,601,734,924,562,636,735,899
P0354,Impacted,0,1,0.739,671,402,849,655,676,445,844,643
P0354,Healthy,0,1,0.812,1024,549,1159,830,1031,525,1153,821
P0354,Endodontics,0,1,0.782,1623,526,1744,851,1639,541,1751,850
P0354,Healthy,6,1,0.618,1330,874,1420,1153,1343,900,1425,1110
P0356,Healthy,2,1,0.802,1066,546,1183,845,1054,551,1172,842
P0356,Healthy,11,0,0.0,1968,696,2311,1074,,,,
P0359,Healthy,8,1,0.76,1539,767,1627,1070,1542,771,1616,1045
P0361,Endodontics,0,1,0.772,1068,432,1160,747,1067,474,1151,748
P0361,Endodontics,1,1,0.864,1295,490,1376,753,1298,488,1369,751
P0361,Endodontics,2,1,0.681,1358,478,1468,753,1358,486,1436,750
P0361,Healthy,1,1,0.789,1617,723,1769,1041,1630,738,1762,1027
P0362,Endodontics,0,1,0.742,1637,857,1758,1166,1645,848,1745,1141
P0362,Healthy,1,1,0.745,1558,826,1658,1166,1563,843,1650,1134
P0362,Healthy,2,1,0.76,1483,834,1567,1132,1487,852,1565,1096
P0362,Endodontics,1,1,0.597,813,800,1085,1159,852,846,1064,1121
P0362,Endodontics,2,1,0.53,656,753,949,1119,726,794,929,1074
P0037,Endodontics,0,1,0.817,1376,619,1439,842,1370,616,1434,838
P0037,Healthy,1,1,0.819,1572,515,1662,801,1579,536,1659,803
P0037,Healthy,4,1,0.654,1461,851,1615,1116,1471,871,1598,1081
P0364,Healthy,9,1,0.611,1410,861,1485,1080,1414,867,1471,1043
P0364,Healthy,11,1,0.524,1235,840,1387,1129,1262,850,1356,1095
P0367,Healthy,0,1,0.733,672,490,826,788,695,497,813,782
P0367,Healthy,12,1,0.613,1741,798,1933,1141,1755,824,1909,1086
P0368,Endodontics,0,1,0.788,1658,473,1752,828,1653,503,1749,805
P0368,Healthy,9,1,0.589,1694,828,1840,1119,1705,844,1808,1087
P0368,Healthy,13,1,0.601,1427,843,1500,1100,1438,852,1515,1065
P0370,Endodontics,0,1,0.524,1056,458,1256,802,1066,478,1183,786
P0370,Healthy,0,1,0.521,1204,483,1374,842,1229,500,1326,828
P0370,Endodontics,1,1,0.717,1543,532,1631,876,1539,546,1615,860
P0370,Endodontics,2,1,0.664,1703,835,1897,1155,1711,849,1876,1099
P0370,Endodontics,3,0,0.0,958,790,1236,1127,,,,
P0372,Healthy,0,1,0.62,1493,832,1616,1183,1502,840,1587,1155
P0038,Impacted,0,0,0.0,691,328,951,610,,,,
P0038,Healthy,9,1,0.777,1595,509,1679,847,1586,488,1672,844
P0038,Healthy,19,1,0.688,1433,872,1491,1151,1440,870,1504,1139
P0038,Impacted,1,1,0.542,500,722,781,1027,545,761,755,982
P0374,Endodontics,0,1,0.657,1320,496,1420,815,1318,524,1397,801
P0374,Endodontics,1,1,0.659,1735,432,1850,738,1749,503,1853,739
P0374,Healthy,11,1,0.625,1036,772,1153,1097,1053,778,1170,1044
P0374,Healthy,12,0,0.0,683,605,1051,976,,,,
P0380,Endodontics,0,1,0.871,1303,332,1397,669,1301,335,1391,655
P0380,Endodontics,1,1,0.648,1705,622,1891,954,1711,633,1856,909
P0380,Healthy,0,1,0.575,1497,647,1616,959,1503,654,1586,911
P0380,Endodontics,2,1,0.626,1053,642,1203,980,1086,659,1194,953
P0380,Endodontics,3,0,0.0,771,596,1027,922,,,,
P0381,Endodontics,0,1,0.785,1145,607,1249,915,1136,611,1237,907
P0381,Endodontics,1,1,0.631,1181,550,1320,916,1212,565,1305,910
P0381,Endodontics,2,1,0.83,1295,626,1383,907,1288,625,1376,900
P0381,Endodontics,3,1,0.755,1368,566,1462,904,1363,613,1456,898
P0381,Endodontics,4,1,0.715,1468,578,1577,909,1460,595,1560,894
P0382,Healthy,0,0,0.0,2057,608,2381,950,,,,
P0382,Endodontics,0,1,0.722,1318,501,1429,774,1324,505,1406,777
P0382,Healthy,9,0,0.0,578,323,842,645,,,,
P0384,Healthy,0,0,0.0,674,376,957,714,,,,
P0384,Endodontics,0,0,0.0,894,442,1169,810,,,,
P0384,Healthy,9,0,0.0,1585,867,1750,1213,,,,
P0384,Endodontics,1,1,0.577,1165,858,1350,1186,1186,886,1312,1164
P0039,Healthy,5,1,0.885,1375,359,1476,690,1379,344,1478,697
P0039,Healthy,9,1,0.942,1729,373,1823,678,1728,367,1824,684
P0385,Healthy,2,1,0.761,1208,478,1308,845,1203,520,1298,844
P0385,Healthy,17,1,0.581,1306,842,1460,1145,1322,854,1425,1117
P0385,Endodontics,0,1,0.806,890,836,1076,1155,904,844,1084,1133
P0386,Healthy,4,1,0.704,1376,736,1462,957,1381,751,1450,945
P0386,Endodontics,0,0,0.0,743,291,998,644,,,,
P0386,Endodontics,1,1,0.798,915,330,1034,646,915,350,1023,628
P0386,Healthy,9,1,0.516,991,359,1149,691,1011,412,1109,688
P0387,Healthy,1,0,0.0,753,342,1044,668,,,,
P0387,Healthy,9,1,0.609,1201,691,1326,1070,1232,711,1321,1035
P0040,Impacted,0,1,0.908,808,534,924,753,812,539,927,756
P0040,Healthy,4,1,0.781,1324,622,1407,884,1332,621,1398,889
P0040,Impacted,1,1,0.841,1985,511,2111,713,1997,516,2114,708
P0040,Impacted,2,1,0.547,2031,817,2279,1068,2058,836,2245,1018
P0040,Healthy,12,1,0.745,1702,860,1855,1153,1703,870,1830,1133
P0388,Healthy,7,1,0.771,1378,473,1464,774,1384,487,1455,768
P0388,Healthy,16,1,0.698,1514,747,1585,1022,1519,782,1577,1017
P0390,Healthy,18,1,0.697,1481,865,1573,1103,1493,870,1566,1079
P0390,Healthy,22,1,0.736,1145,834,1243,1153,1154,863,1245,1126
P0391,Healthy,18,1,0.516,1159,826,1311,1187,1188,849,1282,1150
P0393,Implant,0,1,0.691,1145,444,1239,753,1136,455,1220,747
P0393,Endodontics,0,1,0.863,1207,494,1305,765,1212,508,1307,759
P0393,Endodontics,1,1,0.619,1281,461,1368,786,1283,483,1344,770
P0393,Endodontics,2,1,0.733,1575,427,1656,774,1570,461,1645,777
P0393,Endodontics,3,1,0.723,1635,436,1711,774,1623,494,1712,773
P0393,Endodontics,4,1,0.74,1702,463,1815,770,1694,499,1804,766
P0393,Endodontics,5,0,0.0,1920,655,2258,987,,,,
P0393,Endodontics,6,0,0.0,1795,725,2113,1080,,,,
P0393,Implant,1,1,0.581,1686,786,1940,1164,1711,803,1881,1131
P0393,Healthy,0,1,0.8,1568,763,1662,1099,1566,789,1655,1085
P0393,Implant,2,1,0.631,947,780,1232,1142,976,799,1203,1086
P0394,Healthy,15,1,0.692,1560,830,1647,1153,1556,839,1634,1112
P0394,Healthy,21,1,0.647,1053,809,1178,1195,1072,833,1181,1133
P0041,Endodontics,0,1,0.78,1080,515,1162,768,1075,483,1167,772
P0041,Healthy,0,1,0.845,1145,523,1241,784,1147,494,1245,785
P0041,Healthy,1,1,0.839,1220,455,1301,784,1228,458,1306,783
P0395,Endodontics,0,0,0.0,1710,438,1812,678,,,,
P0395,Healthy,10,1,0.798,1227,720,1321,1080,1232,745,1320,1052
P0396,Healthy,15,1,0.543,2034,290,2303,581,2103,302,2266,563
P0396,Healthy,23,1,0.648,1449,705,1535,968,1456,719,1522,941
P0397,Healthy,23,1,0.59,1181,723,1324,1063,1201,749,1297,1048
P0397,Healthy,24,0,0.0,1092,725,1249,1039,,,,
P0042,Healthy,11,1,0.654,1058,834,1237,1151,1092,850,1229,1121
P0399,Healthy,0,1,0.643,1703,809,1820,1137,1702,839,1802,1090
P0399,Healthy,2,1,0.729,1007,817,1126,1137,1021,838,1125,1105
P0400,Endodontics,0,1,0.677,901,524,1064,863,889,555,1033,857
P0400,Endodontics,1,1,0.773,1103,547,1205,867,1089,585,1206,870
P0400,Endodontics,2,1,0.851,1446,524,1559,893,1450,537,1550,892
P0400,Endodontics,3,1,0.724,1883,523,2027,847,1864,546,2009,847
P0400,Healthy,4,1,0.744,1326,891,1418,1189,1330,908,1410,1163
P0400,Endodontics,4,1,0.629,806,808,1101,1205,831,860,1098,1136
P0400,Endodontics,5,1,0.676,669,803,942,1147,694,834,942,1090
P0401,Healthy,1,1,0.691,1235,387,1335,729,1221,410,1322,744
P0401,Endodontics,0,1,0.855,1356,427,1466,759,1361,438,1459,762
P0401,Healthy,6,1,0.652,1431,768,1504,1074,1422,778,1494,1033
P0402,Endodontics,0,1,0.748,1456,511,1579,831,1466,558,1576,838
P0402,Endodontics,1,1,0.619,1779,499,1928,838,1784,548,1899,820
P0402,Healthy,5,1,0.672,1819,819,1928,1143,1814,824,1902,1122
P0402,Healthy,13,1,0.694,1170,851,1287,1166,1182,867,1273,1148
P0403,Endodontics,0,1,0.703,1242,501,1327,780,1259,516,1330,769
P0403,Healthy,8,0,0.0,1373,769,1525,1072,,,,
P0404,Healthy,0,1,0.517,1023,426,1204,769,1045,475,1158,759
P0404,Healthy,8,0,0.0,1689,811,1886,1126,,,,
P0405,Healthy,2,1,0.643,1390,825,1512,1084,1405,840,1513,1031
P0405,Healthy,5,1,0.744,1159,770,1266,1110,1151,805,1257,1099
P0405,Endodontics,0,1,0.603,893,753,1065,1116,925,794,1053,1088
P0406,Endodontics,0,1,0.523,1126,337,1313,768,1179,405,1304,742
P0406,Healthy,4,1,0.842,1330,751,1408,1036,1330,762,1404,1015
P0407,Endodontics,0,1,0.799,1698,471,1792,773,1690,474,1804,780
P0407,Healthy,6,1,0.688,1535,830,1612,1130,1534,839,1598,1094
P0407,Endodontics,1,1,0.641,1052,808,1218,1135,1085,836,1207,1121
P0407,Endodontics,2,0,0.0,584,726,983,1077,,,,
P0043,Healthy,0,1,0.796,772,540,897,797,774,499,889,795
P0043,Healthy,2,1,0.843,1544,816,1635,1122,1551,822,1630,1119
P0408,Healthy,0,1,0.811,1082,555,1197,861,1095,567,1194,868
P0408,Healthy,3,1,0.715,1349,501,1476,824,1360,540,1464,827
P0408,Endodontics,0,1,0.681,1483,511,1583,832,1466,558,1576,838
P0408,Endodontics,1,1,0.502,1767,517,1964,843,1736,543,1899,820
P0409,Healthy,1,1,0.801,1349,442,1464,815,1343,461,1452,811
P0410,Healthy,1,1,0.826,1149,511,1243,847,1148,542,1247,863
P0412,Endodontics,0,0,0.0,1150,519,1332,782,,,,
P0412,Endodontics,1,0,0.0,1262,545,1409,804,,,,
P0412,Endodontics,2,0,0.0,1334,582,1456,820,,,,
P0412,Endodontics,3,1,0.664,1493,578,1589,820,1501,594,1583,782
P0412,Endodontics,4,1,0.626,1583,580,1681,822,1583,602,1665,783
P0412,Endodontics,5,0,0.0,1509,830,1647,1034,,,,
P0412,Endodontics,6,1,0.634,1178,757,1264,1066,1193,761,1275,1024
P0412,Endodontics,7,0,0.0,1087,817,1183,1032,,,,
P0413,Endodontics,0,1,0.715,1393,577,1536,863,1405,579,1508,863
P0413,Endodontics,1,1,0.521,1468,582,1600,880,1484,598,1559,871
P0413,Healthy,1,1,0.607,1495,877,1637,1231,1512,887,1608,1205
P0044,Healthy,0,1,0.876,1207,866,1305,1153,1212,874,1305,1139
P0414,Healthy,0,0,0.0,1095,390,1293,791,,,,
P0414,Healthy,1,1,0.568,1198,440,1372,807,1241,453,1345,802
P0414,Endodontics,0,1,0.793,1404,455,1495,788,1401,481,1487,779
P0415,Endodontics,0,1,0.773,982,384,1134,714,975,411,1121,729
P0415,Endodontics,1,1,0.631,1222,436,1369,802,1240,429,1335,798
P0415,Healthy,1,1,0.762,1383,486,1479,815,1393,440,1477,825
P0415,Healthy,2,1,0.886,1627,428,1715,799,1626,421,1709,791
P0415,Endodontics,2,1,0.581,994,781,1216,1127,1049,802,1204,1090
P0417,Endodontics,0,1,0.808,1883,384,2033,669,1887,414,2025,675
P0417,Endodontics,1,1,0.507,1823,654,2108,1010,1841,683,2052,927
P0417,Healthy,19,0,0.0,1190,705,1367,1066,,,,
P0419,Endodontics,0,1,0.861,1093,425,1233,761,1102,447,1235,762
P0419,Endodontics,1,1,0.856,1207,405,1299,772,1208,441,1296,775
P0419,Endodontics,2,1,0.838,1358,476,1452,782,1354,505,1451,774
P0419,Endodontics,3,1,0.775,1547,457,1622,767,1537,483,1626,770
P0419,Healthy,0,1,0.74,1508,778,1591,1101,1511,793,1578,1117
P0419,Endodontics,4,1,0.693,1109,774,1214,1091,1125,785,1212,1050
P0421,Endodontics,0,1,0.911,1337,488,1439,830,1340,486,1436,840
P0421,Healthy,1,1,0.693,1571,832,1722,1121,1584,841,1709,1083
P0423,Endodontics,0,1,0.679,1241,674,1331,954,1257,679,1342,936
P0423,Endodontics,1,1,0.735,1330,656,1424,933,1341,690,1427,927
P0423,Healthy,2,0,0.0,1307,944,1444,1194,,,,
P0423,Endodontics,2,1,0.694,1158,947,1312,1249,1178,965,1304,1221
P0424,Healthy,2,1,0.576,1550,804,1722,1131,1568,824,1694,1081
P0424,Healthy,7,1,0.759,1093,792,1242,1100,1118,797,1246,1085
P0425,Healthy,10,1,0.727,1720,557,1823,832,1708,556,1807,844
P0425,Endodontics,0,1,0.824,1786,517,1925,822,1780,554,1923,826
P0425,Healthy,22,1,0.701,995,841,1217,1182,1034,854,1215,1147
P0426,Healthy,4,1,0.809,1281,559,1372,878,1285,566,1361,875
P0427,Healthy,1,1,0.898,1050,563,1160,886,1053,561,1167,882
P0427,Healthy,2,1,0.965,1220,532,1314,865,1220,531,1312,869
P0427,Endodontics,0,1,0.559,1683,895,1787,1188,1682,922,1761,1142
P0428,Healthy,3,1,0.693,1207,834,1310,1153,1220,861,1313,1120
P0429,Healthy,23,1,0.584,1176,797,1366,1139,1218,820,1344,1121
P0045,Endodontics,0,1,0.709,897,531,1008,747,901,534,990,725
P0045,Healthy,2,1,0.535,1220,481,1341,825,1241,571,1330,821
P0045,Endodontics,1,1,0.915,1385,578,1479,845,1389,584,1478,842
P0045,Healthy,9,1,0.777,1483,853,1545,1095,1490,857,1543,1077
P0045,Endodontics,2,1,0.782,1100,814,1232,1102,1113,812,1229,1072
P0431,Healthy,1,1,0.759,1502,826,1589,1120,1500,840,1580,1094
P0431,Healthy,2,1,0.834,1432,834,1527,1102,1437,852,1527,1088
P0432,Healthy,2,1,0.861,1530,602,1632,935,1534,614,1629,922
P0432,Healthy,8,1,0.626,1592,915,1694,1201,1606,940,1691,1155
P0433,Healthy,9,1,0.889,1700,709,1806,988,1701,723,1803,996
P0433,Healthy,11,1,0.738,1537,722,1618,991,1531,736,1612,964
P0434,Impacted,0,0,0.0,745,386,935,657,,,,
P0434,Healthy,2,1,0.793,1198,522,1296,853,1202,534,1283,855
P0434,Healthy,12,1,0.523,1188,843,1348,1195,1215,873,1310,1183
P0435,Endodontics,0,1,0.737,1189,507,1283,832,1184,548,1272,832
P0435,Healthy,0,1,0.846,1255,511,1333,849,1254,535,1328,844
P0435,Endodontics,1,1,0.717,1399,530,1472,870,1392,551,1462,858
P0435,Healthy,1,1,0.71,1526,547,1597,863,1531,608,1595,857
P0435,Endodontics,2,1,0.711,1665,546,1763,826,1650,569,1755,815
P0435,Implant,0,1,0.812,1729,488,1817,805,1740,488,1823,808
P0435,Implant,1,1,0.687,1800,438,1925,788,1815,462,1908,792
P0435,Endodontics,3,0,0.0,1985,696,2291,1000,,,,
P0435,Implant,2,0,0.0,1860,792,2121,1121,,,,
P0435,Implant,3,1,0.751,1822,847,1937,1137,1816,857,1930,1099
P0435,Implant,4,1,0.851,1741,882,1837,1155,1738,880,1836,1125
P0435,Implant,5,1,0.809,1650,876,1746,1147,1650,892,1754,1127
P0435,Endodontics,4,1,0.687,1591,866,1673,1141,1571,886,1669,1127
P0435,Endodontics,5,1,0.663,1509,860,1598,1110,1520,873,1588,1090
P0435,Endodontics,6,1,0.782,1193,861,1294,1135,1196,875,1309,1126
P0435,Endodontics,7,1,0.673,869,817,1167,1166,900,841,1143,1129
P0435,Endodontics,8,1,0.569,725,752,1050,1107,785,795,1029,1064
P0436,Endodontics,0,1,0.677,1731,874,1852,1176,1731,882,1822,1154
P0436,Healthy,2,1,0.747,1474,888,1549,1155,1472,906,1542,1131
P0436,Healthy,3,1,0.735,1207,884,1308,1205,1208,897,1295,1171
P0437,Endodontics,0,1,0.87,1445,394,1541,749,1444,420,1538,742
P0437,Healthy,5,1,0.768,1488,736,1606,1049,1495,761,1597,1039
P0437,Endodontics,1,1,0.709,1146,761,1234,1076,1157,782,1241,1055
P0437,Healthy,11,1,0.542,2029,640,2356,908,2039,673,2312,847
P0438,Endodontics,0,1,0.895,1647,857,1744,1164,1646,853,1744,1138
P0438,Healthy,3,1,0.608,1477,857,1554,1140,1490,851,1565,1093
P0438,Healthy,5,1,0.74,1364,838,1439,1089,1374,856,1437,1077
P0438,Endodontics,1,1,0.557,794,793,1082,1172,850,843,1068,1122
P0438,Endodontics,2,1,0.539,656,770,947,1120,724,794,928,1063
P0439,Endodontics,0,1,0.734,1374,596,1460,820,1379,610,1447,818
P0439,Endodontics,1,1,0.664,1458,607,1531,826,1457,612,1519,788
P0439,Endodontics,2,1,0.601,1522,590,1595,765,1529,609,1579,769
P0439,Endodontics,3,0,0.0,1684,540,1763,784,,,,
P0439,Endodontics,4,1,0.776,1756,510,1898,805,1756,569,1896,810
P0439,Healthy,0,0,0.0,1554,805,1719,1145,,,,
P0439,Healthy,3,1,0.585,1386,841,1515,1120,1400,858,1494,1082
P0440,Endodontics,0,1,0.846,1338,597,1447,907,1338,628,1442,903
P0440,Endodontics,1,1,0.79,1444,596,1550,918,1442,632,1558,907
P0440,Endodontics,2,1,0.519,1607,536,1781,924,1623,583,1728,917
P0440,Endodontics,3,1,0.794,1797,622,1889,949,1781,625,1886,938
P0440,Healthy,1,1,0.789,1606,920,1704,1266,1613,938,1707,1240
P0440,Healthy,4,1,0.622,1360,915,1452,1226,1374,941,1453,1171
P0441,Endodontics,0,1,0.719,826,461,970,761,851,486,974,771
P0441,Endodontics,1,1,0.796,941,476,1087,767,937,514,1093,776
P0441,Endodontics,2,1,0.752,1185,462,1332,803,1204,466,1319,794
P0441,Endodontics,3,1,0.538,1265,479,1405,815,1301,496,1384,801
P0441,Endodontics,4,1,0.805,1675,450,1769,776,1661,475,1769,773
P0441,Endodontics,5,1,0.727,1752,436,1838,772,1743,475,1847,763
P0441,Endodontics,6,1,0.632,1903,704,2199,1037,1917,746,2166,996
P0441,Endodontics,7,0,0.0,1810,770,2019,1110,,,,
P0441,Endodontics,8,1,0.693,1654,807,1805,1161,1659,816,1774,1138
P0441,Healthy,1,1,0.793,1441,793,1506,1062,1446,807,1505,1042
P0441,Healthy,3,1,0.74,1318,790,1399,1084,1325,809,1393,1068
P0441,Endodontics,9,1,0.689,791,779,1072,1121,826,811,1066,1087
P0445,Endodontics,0,1,0.792,1046,607,1150,880,1052,628,1143,875
P0445,Endodontics,1,1,0.679,1458,649,1569,942,1469,670,1552,951
P0445,Endodontics,2,1,0.79,1543,655,1631,934,1554,671,1634,931
P0445,Endodontics,3,1,0.81,1625,615,1708,911,1631,626,1716,914
P0445,Healthy,0,1,0.501,1792,578,1987,916,1840,649,1970,903
P0445,Healthy,2,1,0.767,1591,922,1685,1216,1593,938,1681,1179
P0447,Healthy,8,1,0.675,1545,511,1641,840,1548,576,1630,836
P0447,Healthy,23,1,0.713,1205,838,1320,1176,1209,858,1309,1135
P0449,Healthy,2,1,0.931,1103,555,1208,878,1104,566,1210,881
P0449,Healthy,23,1,0.67,1110,903,1217,1245,1127,921,1226,1213
P0450,Healthy,4,1,0.639,1218,474,1318,887,1206,504,1297,874
P0450,Endodontics,0,1,0.678,1923,734,2240,1086,1929,759,2209,1029
P0046,Healthy,2,1,0.783,1268,484,1362,809,1273,506,1353,805
P0046,Healthy,3,1,0.717,1464,492,1562,834,1482,505,1560,813
P0046,Endodontics,0,0,0.0,801,698,1154,1037,,,,
P0454,Healthy,11,1,0.747,1677,757,1796,1141,1680,778,1789,1091
P0454,Healthy,18,1,0.686,1072,780,1193,1147,1089,798,1200,1105
P0455,Healthy,3,1,0.783,1103,492,1216,801,1115,512,1222,807
P0455,Healthy,7,1,0.834,1439,493,1521,810,1438,524,1522,794
P0456,Healthy,18,1,0.531,1698,870,1901,1220,1722,882,1852,1172
P0458,Healthy,5,1,0.632,1189,451,1302,829,1176,538,1291,833
P0458,Healthy,22,1,0.816,1524,836,1606,1114,1524,837,1595,1099
P0460,Healthy,8,1,0.688,1563,453,1663,780,1568,472,1642,776
P0460,Healthy,23,1,0.614,1012,755,1142,1091,1033,789,1163,1068
P0460,Impacted,0,1,0.726,494,759,759,943,522,777,738,941
P0461,Healthy,20,1,0.861,1229,799,1323,1120,1231,805,1320,1097
P0462,Healthy,10,1,0.815,1708,475,1817,795,1704,502,1809,793
P0462,Healthy,19,1,0.75,1314,811,1403,1101,1314,829,1389,1087
P0463,Healthy,10,1,0.851,1621,445,1721,776,1622,470,1714,776
P0463,Healthy,26,1,0.78,1668,780,1768,1114,1662,790,1761,1085
P0047,Healthy,0,1,0.731,1576,720,1730,1057,1589,739,1718,1033
P0047,Healthy,1,1,0.72,1504,745,1589,1018,1515,764,1588,993
P0465,Impacted,0,1,0.757,2114,788,2365,971,2119,808,2339,966
P0465,Healthy,14,1,0.733,1587,870,1687,1218,1589,894,1676,1187
P0465,Impacted,1,1,0.782,626,774,839,953,628,784,818,941
P0466,Healthy,10,1,0.812,1579,446,1685,820,1586,465,1678,815
P0466,Impacted,0,1,0.748,2106,730,2270,1001,2107,747,2256,970
P0466,Healthy,26,1,0.627,1086,806,1236,1144,1113,819,1227,1098
P0048,Healthy,0,1,0.733,1203,834,1344,1128,1211,837,1332,1088
P0470,Healthy,11,1,0.67,1902,469,2131,792,1950,470,2114,772
P0470,Healthy,12,1,0.61,2010,421,2262,733,2032,448,2215,710
P0470,Impacted,0,1,0.803,2127,709,2392,903,2132,723,2372,895
P0470,Impacted,1,1,0.516,530,674,825,1006,584,717,787,966
P0471,Healthy,7,1,0.793,1554,419,1627,734,1551,445,1621,727
P0476,Healthy,9,1,0.731,1710,480,1796,742,1718,503,1808,743
P0476,Healthy,21,1,0.654,1100,746,1238,1018,1120,753,1264,996
P0477,Impacted,0,0,0.0,641,368,925,667,,,,
P0477,Healthy,8,1,0.678,1524,500,1598,818,1522,539,1586,802
P0477,Impacted,1,0,0.0,1996,379,2250,663,,,,
P0477,Healthy,21,1,0.79,1379,832,1447,1101,1386,839,1444,1088
P0478,Impacted,0,1,0.897,770,475,903,713,768,488,902,706
P0478,Healthy,11,1,0.713,1944,523,2081,822,1964,541,2097,827
P0478,Impacted,1,1,0.845,2035,480,2175,703,2034,468,2170,687
P0478,Healthy,24,1,0.506,663,795,909,1100,717,824,878,1060
P0480,Healthy,16,1,0.714,1427,853,1502,1107,1430,864,1515,1081
P0480,Healthy,21,1,0.728,893,788,1136,1147,909,819,1122,1117
P0481,Healthy,10,1,0.803,1464,868,1539,1164,1467,870,1542,1126
P0481,Healthy,20,0,0.0,698,397,971,741,,,,
P0483,Healthy,4,1,0.739,1310,500,1406,818,1316,551,1401,820
P0483,Healthy,11,1,0.66,1821,794,2038,1127,1828,824,2004,1095
P0485,Healthy,4,1,0.813,1231,465,1329,863,1233,484,1317,865
P0485,Healthy,11,1,0.875,1741,476,1839,826,1741,512,1840,821
P0485,Impacted,0,0,0.0,1948,385,2183,668,,,,
P0485,Impacted,1,1,0.57,2075,720,2340,1013,2093,759,2289,985
P0485,Impacted,2,1,0.535,575,719,872,1055,610,756,841,987
P0486,Healthy,15,1,0.723,1683,818,1766,1149,1666,834,1769,1124
P0486,Healthy,17,1,0.729,1516,836,1606,1141,1521,842,1594,1116
