blind_id,bucket,dataset,excluded,exclusion_reason,label1,label2,margin,model_pred,n_readers,p_Endodontics,p_Healthy,p_Impacted,p_Implant,pan_id,pred_prob,reader1,reader2,seed_agreement,tooth_idx
00001,below_tau,tufts,0,,Other,Other,0.4815,Endodontics,2,0.6561,0.1746,0.0399,0.1295,463,0.6561,9,10,2,0
00002,confirm,tufts,0,,Implant,Implant,0.9987,Implant,2,0.0004,0.0002,0.0003,0.9991,62,0.9991,9,10,3,20
00003,confirm,tufts,0,,Other,Other,0.8394,Healthy,2,0.0511,0.8904,0.0178,0.0407,31,0.8904,9,10,3,22
00004,below_tau,tufts,0,,Impacted,Impacted,0.742,Impacted,2,0.1092,0.0318,0.8512,0.0079,151,0.8512,9,10,3,1
00005,confirm,tufts,0,,Healthy,Healthy,0.8798,Healthy,2,0.0571,0.9369,0.0008,0.0053,86,0.9369,9,10,3,2
00006,confirm,tufts,0,,Implant,Implant,0.9988,Implant,2,0.0004,0.0003,0.0002,0.9992,465,0.9992,9,10,3,21
00007,below_tau,tufts,0,,Other,Other,0.2985,Endodontics,2,0.5582,0.2598,0.0279,0.1541,24,0.5582,9,10,1,1
00008,confirm,tufts,0,,Healthy,Bad crop,0.8726,Healthy,2,0.0089,0.9245,0.0519,0.0147,102,0.9245,9,10,3,14
00009,confirm,tufts,0,,Impacted,Impacted,0.9895,Impacted,2,0.0007,0.0044,0.9939,0.001,786,0.9939,9,10,3,21
00010,confirm,tufts,0,,Implant,Implant,0.9988,Implant,2,0.0004,0.0003,0.0002,0.9991,309,0.9991,9,10,3,20
00011,confirm,tufts,0,,Impacted,Impacted,0.9916,Impacted,2,0.0009,0.0034,0.995,0.0008,786,0.995,9,10,3,26
00012,below_tau,tufts,0,,Other,Other,0.1211,Healthy,2,0.3606,0.4817,0.0034,0.1543,454,0.4817,9,10,2,10
00013,confirm,tufts,0,,Impacted,Impacted,0.9825,Impacted,2,0.0005,0.0079,0.9904,0.0012,314,0.9904,9,10,3,0
00014,confirm,tufts,0,,Other,Bad crop,0.5495,Healthy,2,0.1559,0.7054,0.0148,0.1239,234,0.7054,9,10,3,5
00015,below_tau,tufts,0,,Other,Other,0.4312,Endodontics,2,0.6991,0.2678,0.0221,0.011,347,0.6991,9,10,2,14
00016,confirm,tufts,0,,Other,Other,0.8989,Healthy,2,0.0057,0.9431,0.0442,0.007,641,0.9431,9,10,3,8
00017,below_tau,tufts,0,,Other,Other,0.1555,Healthy,2,0.2819,0.4375,0.1708,0.1098,611,0.4375,9,10,2,0
00018,confirm,tufts,0,,Impacted,Impacted,0.9961,Impacted,2,0.0007,0.0013,0.9974,0.0005,239,0.9974,9,10,3,31
00019,confirm,tufts,0,,Implant,Implant,0.9988,Implant,2,0.0003,0.0003,0.0002,0.9992,869,0.9992,9,10,3,6
00020,confirm,tufts,0,,Impacted,Impacted,0.9917,Impacted,2,0.0006,0.0035,0.9952,0.0008,143,0.9952,9,10,3,0
00021,confirm,tufts,0,,Healthy,Healthy,0.9817,Healthy,2,0.0079,0.9896,0.0006,0.0019,479,0.9896,9,10,3,0
00022,confirm,tufts,0,,Bad crop,Bad crop,0.996,Implant,2,0.0017,0.0004,0.0003,0.9976,658,0.9976,9,10,3,13
00023,confirm,tufts,0,,Healthy,Healthy,0.9918,Healthy,2,0.0029,0.9948,0.0016,0.0008,695,0.9948,9,10,3,10
00024,confirm,tufts,0,,Bad crop,Bad crop,0.6774,Endodontics,2,0.7639,0.0781,0.0865,0.0715,363,0.7639,9,10,3,12
00025,confirm,tufts,0,,Bad crop,Bad crop,0.9987,Implant,2,0.0004,0.0003,0.0002,0.9991,903,0.9991,9,10,3,1
00026,confirm,tufts,0,,Other,Bad crop,0.8,Endodontics,2,0.8919,0.0919,0.0012,0.015,914,0.8919,9,10,3,22
00027,confirm,tufts,0,,Implant,Implant,0.9987,Implant,2,0.0004,0.0003,0.0002,0.9991,759,0.9991,9,10,3,11
00028,confirm,tufts,0,,Other,Other,0.3651,Implant,2,0.1064,0.258,0.0126,0.6231,1035,0.6231,9,10,3,24
00029,confirm,tufts,0,,Endodontics,Endodontics,0.8271,Endodontics,2,0.9116,0.0016,0.0023,0.0845,860,0.9116,9,10,3,11
00030,below_tau,tufts,0,,Other,Other,0.0508,Healthy,2,0.4326,0.4834,0.0242,0.0599,600,0.4834,9,10,1,14
00031,confirm,tufts,0,,Implant,Implant,0.9952,Implant,2,0.001,0.0014,0.0011,0.9965,962,0.9965,9,10,3,1
00032,confirm,tufts,0,,Impacted,Impacted,0.9961,Impacted,2,0.0006,0.0013,0.9974,0.0007,87,0.9974,9,10,3,31
00033,confirm,tufts,0,,Impacted,Impacted,0.9864,Impacted,2,0.001,0.0057,0.9921,0.0012,425,0.9921,9,10,3,31
00034,confirm,tufts,0,,Healthy,Healthy,0.9855,Impacted,2,0.0005,0.0067,0.9922,0.0006,558,0.9922,9,10,3,26
00035,confirm,tufts,0,,Impacted,Impacted,0.995,Impacted,2,0.0008,0.0017,0.9966,0.0009,71,0.9966,9,10,3,0
00036,confirm,tufts,0,,Other,Other,0.5779,Endodontics,2,0.7582,0.1803,0.0109,0.0506,556,0.7582,9,10,3,0
00037,confirm,tufts,0,,Other,Bad crop,0.9896,Impacted,2,0.0013,0.004,0.9935,0.0012,930,0.9935,9,10,3,30
00038,confirm,tufts,0,,Implant,Implant,0.9986,Implant,2,0.0005,0.0002,0.0002,0.9991,851,0.9991,9,10,3,6
00039,confirm,tufts,0,,Healthy,Healthy,0.9898,Healthy,2,0.0015,0.993,0.0031,0.0025,940,0.993,9,10,3,9
00040,below_tau,tufts,0,,Impacted,Impacted,0.9299,Impacted,2,0.0021,0.0326,0.9626,0.0027,458,0.9626,9,10,3,21
00041,confirm,tufts,0,,Implant,Implant,0.9966,Implant,2,0.0009,0.0009,0.0008,0.9975,576,0.9975,9,10,3,10
00042,confirm,tufts,0,,Other,Other,0.969,Endodontics,2,0.9806,0.0116,0.0009,0.0069,431,0.9806,9,10,3,10
00043,below_tau,tufts,0,,Healthy,Other,0.0142,Healthy,2,0.2877,0.3528,0.0208,0.3386,75,0.3528,9,10,1,17
00044,below_tau,tufts,0,,Other,Other,0.1043,Healthy,2,0.1082,0.4946,0.3903,0.0069,63,0.4946,9,10,2,18
00045,confirm,tufts,0,,Impacted,Impacted,0.9921,Impacted,2,0.0009,0.0023,0.9944,0.0023,306,0.9944,9,10,3,0
00046,below_tau,tufts,0,,Other,Other,0.0401,Healthy,2,0.1959,0.4176,0.009,0.3775,830,0.4176,9,10,1,20
00047,confirm,tufts,0,,Healthy,Exclude,0.9806,Healthy,2,0.0041,0.9872,0.0066,0.0021,248,0.9872,9,10,3,9
00048,confirm,tufts,0,,Impacted,Impacted,0.9873,Impacted,2,0.0009,0.0049,0.9921,0.0022,665,0.9921,9,10,3,28
00049,confirm,tufts,0,,Impacted,Impacted,0.9909,Impacted,2,0.0008,0.0037,0.9946,0.001,260,0.9946,9,10,3,0
00050,below_tau,tufts,0,,Other,Other,0.0222,Healthy,2,0.2613,0.3339,0.0931,0.3117,622,0.3339,9,10,1,0
00051,confirm,tufts,0,,Healthy,Healthy,0.9057,Healthy,2,0.0413,0.9469,0.0017,0.0101,382,0.9469,9,10,3,22
00052,confirm,tufts,0,,Implant,Implant,0.9987,Implant,2,0.0004,0.0002,0.0002,0.9991,894,0.9991,9,10,3,2
00053,confirm,tufts,0,,Implant,Implant,0.9978,Implant,2,0.0003,0.0006,0.0006,0.9985,540,0.9985,9,10,3,1
00054,confirm,tufts,0,,Other,Other,0.6767,Endodontics,2,0.8289,0.1522,0.0009,0.018,907,0.8289,9,10,3,18
00055,confirm,tufts,0,,Implant,Bad crop,0.9985,Implant,2,0.0005,0.0003,0.0002,0.999,576,0.999,9,10,3,0
00056,confirm,tufts,0,,Impacted,Impacted,0.995,Impacted,2,0.0004,0.002,0.9969,0.0007,453,0.9969,9,10,3,0
00057,confirm,tufts,0,,Healthy,Healthy,0.6151,Healthy,2,0.0038,0.7996,0.1845,0.0121,979,0.7996,9,10,3,10
00058,confirm,tufts,0,,Other,Other,0.5427,Endodontics,2,0.761,0.2183,0.0032,0.0175,553,0.761,9,10,3,18
00059,below_tau,tufts,0,,Other,Healthy,0.2895,Endodontics,2,0.6363,0.3468,0.0014,0.0154,565,0.6363,9,10,2,13
00060,confirm,tufts,0,,Impacted,Impacted,0.9853,Impacted,2,0.0009,0.0066,0.9919,0.0005,152,0.9919,9,10,3,0
00061,confirm,tufts,0,,Healthy,Healthy,0.9818,Impacted,2,0.0004,0.0085,0.9903,0.0008,982,0.9903,9,10,3,0
00062,confirm,tufts,0,,Implant,Implant,0.9986,Implant,2,0.0005,0.0002,0.0002,0.9991,672,0.9991,9,10,3,0
00063,confirm,tufts,0,,Implant,Implant,0.9978,Implant,2,0.0007,0.0004,0.0004,0.9985,987,0.9985,9,10,3,4
00064,confirm,tufts,0,,Healthy,Healthy,0.7439,Healthy,2,0.008,0.8637,0.1198,0.0085,715,0.8637,9,10,3,2
00065,confirm,tufts,0,,Endodontics,Endodontics,0.9823,Endodontics,2,0.989,0.0018,0.0025,0.0067,445,0.989,9,10,3,4
00066,confirm,tufts,0,,Implant,Implant,0.9984,Implant,2,0.0005,0.0004,0.0003,0.9988,441,0.9988,9,10,3,5
00067,confirm,tufts,0,,Implant,Implant,0.9986,Implant,2,0.0004,0.0003,0.0003,0.999,869,0.999,9,10,3,2
00068,confirm,tufts,0,,Impacted,Impacted,0.9873,Impacted,2,0.0005,0.0059,0.9932,0.0005,548,0.9932,9,10,3,29
00069,below_tau,tufts,0,,Exclude,Exclude,0.5001,Endodontics,2,0.6478,0.0632,0.1477,0.1412,680,0.6478,9,10,3,12
00070,confirm,tufts,0,,Implant,Implant,0.9991,Implant,2,0.0003,0.0002,0.0002,0.9994,311,0.9994,9,10,3,2
00071,confirm,tufts,0,,Implant,Implant,0.9984,Implant,2,0.0003,0.0005,0.0004,0.9989,808,0.9989,9,10,3,21
00072,confirm,tufts,0,,Other,Other,0.6175,Healthy,2,0.1801,0.7976,0.0015,0.0208,214,0.7976,9,10,3,2
00073,confirm,tufts,0,,Other,Other,0.5781,Endodontics,2,0.7786,0.2005,0.0015,0.0194,876,0.7786,9,10,3,19
00074,confirm,tufts,0,,Implant,Implant,0.9986,Implant,2,0.0004,0.0002,0.0003,0.999,62,0.999,9,10,3,24
00075,below_tau,tufts,0,,Healthy,Other,0.155,Healthy,2,0.181,0.4756,0.0227,0.3206,894,0.4756,9,10,1,7
00076,confirm,tufts,0,,Impacted,Impacted,0.993,Impacted,2,0.0018,0.002,0.9949,0.0013,88,0.9949,9,10,3,31
00077,confirm,tufts,0,,Other,Other,0.7422,Endodontics,2,0.8606,0.1184,0.0021,0.0189,386,0.8606,9,10,3,19
00078,below_tau,tufts,0,,Healthy,Other,0.2108,Endodontics,2,0.5458,0.335,0.003,0.1162,830,0.5458,9,10,2,17
00079,confirm,tufts,0,,Healthy,Other,0.7481,Endodontics,2,0.8563,0.1082,0.0068,0.0288,196,0.8563,9,10,3,14
00080,below_tau,tufts,0,,Healthy,Healthy,0.9435,Impacted,2,0.0005,0.0274,0.9708,0.0013,814,0.9708,9,10,3,1
00081,below_tau,tufts,0,,Impacted,Impacted,0.9807,Impacted,2,0.0009,0.0089,0.9896,0.0006,933,0.9896,9,10,3,1
00082,confirm,tufts,0,,Impacted,Impacted,0.9868,Impacted,2,0.0026,0.0035,0.9903,0.0035,246,0.9903,9,10,3,0
00083,confirm,tufts,0,,Impacted,Impacted,0.989,Impacted,2,0.0008,0.0048,0.9938,0.0007,219,0.9938,9,10,3,27
00084,confirm,tufts,0,,Impacted,Impacted,0.9963,Impacted,2,0.0006,0.0012,0.9974,0.0008,277,0.9974,9,10,3,1
00085,confirm,tufts,0,,Implant,Implant,0.9983,Implant,2,0.0006,0.0003,0.0003,0.9989,441,0.9989,9,10,3,8
00086,confirm,tufts,0,,Impacted,Impacted,0.9915,Impacted,2,0.0017,0.0029,0.9944,0.001,264,0.9944,9,10,3,30
00087,confirm,tufts,0,,Impacted,Impacted,0.9957,Impacted,2,0.0006,0.0015,0.9972,0.0006,481,0.9972,9,10,3,0
00088,confirm,tufts,0,,Implant,Implant,0.9986,Implant,2,0.0004,0.0003,0.0003,0.999,842,0.999,9,10,3,2
00089,confirm,tufts,0,,Other,Other,0.7829,Endodontics,2,0.8712,0.0883,0.0013,0.0392,215,0.8712,9,10,3,15
00090,confirm,tufts,0,,Implant,Implant,0.9987,Implant,2,0.0004,0.0002,0.0002,0.9992,116,0.9992,9,10,3,3
00091,confirm,tufts,0,,Other,Other,0.9166,Endodontics,2,0.9544,0.0378,0.0014,0.0065,255,0.9544,9,10,3,18
00092,confirm,tufts,0,,Other,Other,0.9765,Endodontics,2,0.9843,0.0065,0.0013,0.0078,604,0.9843,9,10,3,1
00093,below_tau,tufts,0,,Bad crop,Exclude,0.0952,Healthy,2,0.2551,0.3671,0.2719,0.1058,997,0.3671,9,10,1,15
00094,confirm,tufts,0,,Other,Other,0.5784,Endodontics,2,0.7399,0.1616,0.0032,0.0954,571,0.7399,9,10,3,4
00095,confirm,tufts,0,,Healthy,Healthy,0.7158,Healthy,2,0.0026,0.8535,0.1377,0.0063,824,0.8535,9,10,3,18
00096,confirm,tufts,0,,Impacted,Impacted,0.9933,Impacted,2,0.0008,0.0026,0.9959,0.0006,440,0.9959,9,10,3,0
00097,confirm,tufts,0,,Healthy,Impacted,0.9873,Impacted,2,0.0003,0.0059,0.9932,0.0006,1030,0.9932,9,10,3,0
00098,confirm,tufts,0,,Healthy,Other,0.6134,Endodontics,2,0.7515,0.1087,0.0017,0.1381,257,0.7515,9,10,3,21
00099,confirm,tufts,0,,Other,Other,0.8499,Endodontics,2,0.9211,0.0712,0.0008,0.0069,294,0.9211,9,10,3,5
00100,confirm,tufts,0,,Impacted,Impacted,0.9952,Impacted,2,0.0007,0.0015,0.9968,0.001,630,0.9968,9,10,3,0
00101,confirm,tufts,0,,Implant,Implant,0.9985,Implant,2,0.0004,0.0004,0.0004,0.9989,746,0.9989,9,10,3,3
00102,confirm,tufts,0,,Other,Other,0.7366,Healthy,2,0.1229,0.8595,0.0013,0.0162,286,0.8595,9,10,3,25
00103,confirm,tufts,0,,Other,Exclude,0.5855,Healthy,2,0.1825,0.768,0.007,0.0425,251,0.768,9,10,3,16
00104,confirm,tufts,0,,Endodontics,Endodontics,0.9951,Endodontics,2,0.9967,0.0011,0.0007,0.0015,444,0.9967,9,10,3,1
00105,confirm,tufts,0,,Implant,Implant,0.9976,Implant,2,0.0008,0.0005,0.0004,0.9984,536,0.9984,9,10,3,15
00106,below_tau,tufts,0,,Other,Other,0.3225,Endodontics,2,0.6559,0.3334,0.001,0.0097,760,0.6559,9,10,2,2
00107,confirm,tufts,0,,Healthy,Exclude,0.974,Healthy,2,0.0061,0.982,0.004,0.008,1024,0.982,9,10,3,14
00108,confirm,tufts,0,,Implant,Implant,0.9978,Implant,2,0.0003,0.0005,0.0007,0.9985,72,0.9985,9,10,3,7
00109,below_tau,tufts,0,,Other,Other,0.2267,Healthy,2,0.2277,0.4848,0.0294,0.2581,729,0.4848,9,10,2,21
00110,below_tau,tufts,0,,Impacted,Impacted,0.2536,Impacted,2,0.3603,0.0188,0.6139,0.0071,961,0.6139,9,10,2,1
00111,below_tau,tufts,0,,Healthy,Other,0.1141,Healthy,2,0.2802,0.4086,0.0168,0.2944,227,0.4086,9,10,1,18
00112,confirm,tufts,0,,Impacted,Impacted,0.9846,Impacted,2,0.0007,0.007,0.9917,0.0006,667,0.9917,9,10,3,16
00113,confirm,tufts,0,,Impacted,Impacted,0.9927,Impacted,2,0.0013,0.0018,0.9947,0.0021,236,0.9947,9,10,3,0
00114,below_tau,tufts,0,,Healthy,Healthy,0.035,Healthy,2,0.0091,0.4867,0.4516,0.0526,404,0.4867,9,10,2,25
00115,confirm,tufts,0,,Impacted,Impacted,0.9966,Impacted,2,0.0005,0.0011,0.9977,0.0007,985,0.9977,9,10,3,0
00116,confirm,tufts,0,,Healthy,Healthy,0.878,Healthy,2,0.0095,0.9246,0.0466,0.0193,193,0.9246,9,10,3,25
00117,confirm,tufts,0,,Impacted,Impacted,0.9934,Impacted,2,0.0008,0.0023,0.9957,0.0011,429,0.9957,9,10,3,0
00118,confirm,tufts,0,,Healthy,Healthy,0.9738,Healthy,2,0.0035,0.9814,0.0076,0.0075,58,0.9814,9,10,3,16
00119,confirm,tufts,0,,Healthy,Exclude,0.9766,Healthy,2,0.004,0.9844,0.0038,0.0078,190,0.9844,9,10,3,16
00120,below_tau,tufts,0,,Other,Other,0.0797,Healthy,2,0.192,0.4328,0.0221,0.3531,957,0.4328,9,10,1,11
00121,confirm,tufts,0,,Impacted,Impacted,0.9905,Impacted,2,0.0016,0.003,0.9935,0.0019,963,0.9935,9,10,3,30
00122,confirm,tufts,0,,Healthy,Bad crop,0.9951,Endodontics,2,0.9966,0.0014,0.0006,0.0014,168,0.9966,9,10,3,8
00123,confirm,tufts,0,,Endodontics,Endodontics,0.9954,Endodontics,2,0.9967,0.001,0.0013,0.001,535,0.9967,9,10,3,22
00124,confirm,tufts,0,,Healthy,Healthy,0.9434,Implant,2,0.0151,0.0193,0.003,0.9626,51,0.9626,9,10,3,29
00125,confirm,tufts,0,,Impacted,Impacted,0.9919,Impacted,2,0.0012,0.003,0.995,0.0008,690,0.995,9,10,3,30
00126,confirm,tufts,0,,Healthy,Exclude,0.7199,Healthy,2,0.0673,0.8196,0.0997,0.0135,346,0.8196,9,10,3,18
00127,confirm,tufts,0,,Impacted,Impacted,0.9844,Impacted,2,0.0061,0.002,0.9906,0.0013,423,0.9906,9,10,3,0
00128,confirm,tufts,0,,Implant,Implant,0.9962,Implant,2,0.001,0.0006,0.0011,0.9973,93,0.9973,9,10,3,28
00129,confirm,tufts,0,,Impacted,Impacted,0.996,Impacted,2,0.0004,0.0016,0.9975,0.0005,88,0.9975,9,10,3,0
00130,confirm,tufts,0,,Healthy,Healthy,0.9832,Healthy,2,0.0035,0.9883,0.0032,0.0051,567,0.9883,9,10,3,15
00131,confirm,tufts,0,,Impacted,Impacted,0.9875,Impacted,2,0.0009,0.0055,0.993,0.0007,549,0.993,9,10,3,1
00132,confirm,tufts,0,,Impacted,Exclude,0.991,Impacted,2,0.0025,0.0029,0.9939,0.0007,260,0.9939,9,10,3,2
00133,confirm,tufts,0,,Other,Other,0.9644,Endodontics,2,0.9773,0.0129,0.0015,0.0082,131,0.9773,9,10,3,12
00134,confirm,tufts,0,,Impacted,Impacted,0.9864,Impacted,2,0.0024,0.005,0.9914,0.0012,493,0.9914,9,10,3,33
00135,confirm,tufts,0,,Endodontics,Endodontics,0.9751,Endodontics,2,0.9836,0.0084,0.003,0.005,135,0.9836,9,10,3,18
00136,confirm,tufts,0,,Impacted,Impacted,0.9961,Impacted,2,0.0007,0.0011,0.9972,0.001,132,0.9972,9,10,3,0
00137,confirm,tufts,0,,Healthy,Healthy,0.9752,Healthy,2,0.0012,0.9866,0.0113,0.0009,498,0.9866,9,10,3,18
00138,confirm,tufts,0,,Endodontics,Endodontics,0.9933,Endodontics,2,0.996,0.0008,0.0007,0.0026,380,0.996,9,10,3,22
00139,confirm,tufts,0,,Impacted,Impacted,0.9938,Impacted,2,0.0008,0.002,0.9958,0.0014,122,0.9958,9,10,3,0
00140,confirm,tufts,0,,Impacted,Impacted,0.9963,Impacted,2,0.0006,0.0014,0.9976,0.0005,396,0.9976,9,10,3,0
00141,confirm,tufts,0,,Other,Other,0.9772,Endodontics,2,0.9873,0.0019,0.0006,0.0101,620,0.9873,9,10,3,1
00142,below_tau,tufts,0,,Healthy,Healthy,0.0107,Healthy,2,0.4199,0.4305,0.0043,0.1453,775,0.4305,9,10,2,8
00143,below_tau,tufts,0,,Other,Other,0.2027,Endodontics,2,0.5924,0.3897,0.0012,0.0168,148,0.5924,9,10,2,5
00144,below_tau,tufts,0,,Impacted,Impacted,0.944,Impacted,2,0.0025,0.0216,0.9656,0.0103,589,0.9656,9,10,3,29
00145,confirm,tufts,0,,Impacted,Impacted,0.9955,Impacted,2,0.0007,0.0016,0.9971,0.0006,108,0.9971,9,10,3,32
00146,confirm,tufts,0,,Impacted,Impacted,0.993,Impacted,2,0.001,0.0025,0.9955,0.0009,934,0.9955,9,10,3,0
00147,confirm,tufts,0,,Endodontics,Endodontics,0.8418,Endodontics,2,0.9159,0.0741,0.0053,0.0047,925,0.9159,9,10,3,1
00148,confirm,tufts,0,,Impacted,Impacted,0.9953,Impacted,2,0.0005,0.0018,0.9972,0.0006,613,0.9972,9,10,3,0
00149,below_tau,tufts,0,,Healthy,Healthy,0.0282,Implant,2,0.0408,0.46,0.011,0.4882,642,0.4882,9,10,1,1
00150,confirm,tufts,0,,Implant,Implant,0.9984,Implant,2,0.0004,0.0004,0.0003,0.9989,564,0.9989,9,10,3,15
00151,confirm,tufts,0,,Endodontics,Other,0.9837,Endodontics,2,0.9904,0.0012,0.0016,0.0067,545,0.9904,9,10,3,3
00152,confirm,tufts,0,,Impacted,Impacted,0.9902,Impacted,2,0.0006,0.004,0.9942,0.0012,134,0.9942,9,10,3,0
00153,confirm,tufts,0,,Other,Other,0.7413,Endodontics,2,0.8623,0.1209,0.0009,0.0159,380,0.8623,9,10,3,3
00154,confirm,tufts,0,,Healthy,Healthy,0.9652,Healthy,2,0.0084,0.9754,0.0102,0.0061,589,0.9754,9,10,3,21
00155,confirm,tufts,0,,Impacted,Impacted,0.9925,Impacted,2,0.0008,0.0029,0.9955,0.0008,111,0.9955,9,10,3,7
00156,below_tau,tufts,0,,Healthy,Healthy,0.7815,Impacted,2,0.0013,0.1075,0.889,0.0023,217,0.889,9,10,3,2
00157,confirm,tufts,0,,Healthy,Healthy,0.9115,Healthy,2,0.0045,0.953,0.0414,0.0011,397,0.953,9,10,3,13
00158,below_tau,tufts,0,,Other,Other,0.0024,Implant,2,0.327,0.3158,0.0277,0.3295,833,0.3295,9,10,2,13
00159,confirm,tufts,0,,Implant,Implant,0.9987,Implant,2,0.0004,0.0002,0.0003,0.9991,505,0.9991,9,10,3,22
00160,confirm,tufts,0,,Impacted,Impacted,0.9869,Impacted,2,0.0013,0.0053,0.9922,0.0012,846,0.9922,9,10,3,0
00161,confirm,tufts,0,,Implant,Implant,0.9971,Implant,2,0.0012,0.0002,0.0002,0.9983,537,0.9983,9,10,3,14
00162,confirm,tufts,0,,Endodontics,Endodontics,0.988,Endodontics,2,0.9931,0.0009,0.0008,0.0051,869,0.9931,9,10,3,12
00163,below_tau,tufts,0,,Other,Other,0.0864,Endodontics,2,0.4952,0.4088,0.0031,0.0929,729,0.4952,9,10,1,23
00164,confirm,tufts,0,,Impacted,Impacted,0.9896,Impacted,2,0.0017,0.0037,0.9934,0.0012,751,0.9934,9,10,3,1
00165,confirm,tufts,0,,Other,Other,0.5437,Endodontics,2,0.7634,0.2196,0.0039,0.0131,529,0.7634,9,10,3,5
00166,confirm,tufts,0,,Impacted,Impacted,0.992,Impacted,2,0.0012,0.0028,0.9948,0.0012,437,0.9948,9,10,3,28
00167,confirm,tufts,0,,Impacted,Impacted,0.9859,Impacted,2,0.0019,0.0053,0.9912,0.0016,786,0.9912,9,10,3,5
00168,below_tau,tufts,0,,Endodontics,Exclude,0.0117,Implant,2,0.2095,0.0688,0.355,0.3667,816,0.3667,9,10,1,3
00169,confirm,tufts,0,,Implant,Implant,0.9986,Implant,2,0.0003,0.0004,0.0004,0.999,345,0.999,9,10,3,3
00170,confirm,tufts,0,,Healthy,Healthy,0.9441,Healthy,2,0.021,0.965,0.0099,0.0041,312,0.965,9,10,3,7
00171,confirm,tufts,0,,Endodontics,Endodontics,0.9704,Endodontics,2,0.9833,0.0015,0.0023,0.0129,267,0.9833,9,10,3,29
00172,confirm,tufts,0,,Healthy,Other,0.7808,Endodontics,2,0.8817,0.101,0.0017,0.0156,116,0.8817,9,10,3,5
00173,confirm,tufts,0,,Impacted,Impacted,0.9924,Impacted,2,0.0007,0.0029,0.9953,0.001,826,0.9953,9,10,3,23
00174,confirm,tufts,0,,Endodontics,Endodontics,0.9954,Endodontics,2,0.9972,0.0004,0.0006,0.0018,499,0.9972,9,10,3,5
00175,confirm,tufts,0,,Other,Other,0.6778,Healthy,2,0.1321,0.81,0.0027,0.0552,855,0.81,9,10,3,5
00176,confirm,tufts,0,,Healthy,Healthy,0.4242,Healthy,2,0.0026,0.7075,0.2832,0.0067,477,0.7075,9,10,3,0
00177,confirm,tufts,0,,Other,Other,0.5406,Endodontics,2,0.7367,0.1962,0.0029,0.0642,72,0.7367,9,10,3,1
00178,confirm,tufts,0,,Implant,Implant,0.9972,Implant,2,0.0006,0.0005,0.0008,0.998,903,0.998,9,10,3,3
00179,confirm,tufts,0,,Impacted,Impacted,0.9888,Impacted,2,0.0007,0.0048,0.9936,0.0009,647,0.9936,9,10,3,10
00180,confirm,tufts,0,,Healthy,Healthy,0.9774,Healthy,2,0.009,0.9864,0.0008,0.0038,750,0.9864,9,10,3,19
00181,confirm,tufts,0,,Healthy,Healthy,0.9761,Healthy,2,0.0021,0.9859,0.0098,0.0023,824,0.9859,9,10,3,27
00182,confirm,tufts,0,,Implant,Implant,0.9978,Implant,2,0.0007,0.0004,0.0003,0.9985,197,0.9985,9,10,3,14
00183,confirm,tufts,0,,Other,Other,0.8336,Endodontics,2,0.8911,0.0503,0.001,0.0576,156,0.8911,9,10,3,18
00184,below_tau,tufts,0,,Impacted,Impacted,0.8128,Impacted,2,0.0013,0.0921,0.9049,0.0018,440,0.9049,9,10,3,30
00185,confirm,tufts,0,,Other,Bad crop,0.6484,Healthy,2,0.0042,0.8199,0.1716,0.0043,111,0.8199,9,10,3,24
00186,below_tau,tufts,0,,Healthy,Implant,0.0267,Implant,2,0.3074,0.3021,0.0563,0.3342,115,0.3342,9,10,2,16
00187,below_tau,tufts,0,,Other,Other,0.132,Implant,2,0.3664,0.1172,0.0181,0.4983,904,0.4983,9,10,2,5
00188,confirm,tufts,0,,Healthy,Healthy,0.905,Healthy,2,0.0041,0.9361,0.0286,0.0311,922,0.9361,9,10,3,8
00189,confirm,tufts,0,,Implant,Implant,0.9972,Implant,2,0.0011,0.0004,0.0002,0.9983,406,0.9983,9,10,3,2
00190,confirm,tufts,0,,Healthy,Healthy,0.5401,Healthy,2,0.1364,0.6961,0.156,0.0115,451,0.6961,9,10,3,14
00191,confirm,tufts,0,,Other,Other,0.867,Endodontics,2,0.9095,0.0425,0.0065,0.0416,616,0.9095,9,10,3,17
00192,confirm,tufts,0,,Other,Other,0.6088,Endodontics,2,0.7763,0.1675,0.0011,0.0552,256,0.7763,9,10,3,3
00193,confirm,tufts,0,,Implant,Implant,0.9985,Implant,2,0.0005,0.0003,0.0003,0.999,441,0.999,9,10,3,7
00194,confirm,tufts,0,,Healthy,Healthy,0.9886,Healthy,2,0.0034,0.992,0.0026,0.0019,886,0.992,9,10,3,17
00195,confirm,tufts,0,,Impacted,Impacted,0.9905,Impacted,2,0.0013,0.0035,0.994,0.0012,280,0.994,9,10,3,31
00196,confirm,tufts,0,,Implant,Implant,0.9983,Implant,2,0.0006,0.0004,0.0002,0.9988,124,0.9988,9,10,3,1
00197,confirm,tufts,0,,Impacted,Impacted,0.9959,Impacted,2,0.0007,0.0014,0.9972,0.0007,828,0.9972,9,10,3,0
00198,confirm,tufts,0,,Implant,Implant,0.9988,Implant,2,0.0003,0.0002,0.0002,0.9992,465,0.9992,9,10,3,4
00199,below_tau,tufts,0,,Healthy,Healthy,0.0451,Healthy,2,0.4544,0.4995,0.023,0.0231,494,0.4995,9,10,2,27
00200,confirm,tufts,0,,Impacted,Impacted,0.9945,Impacted,2,0.0017,0.0011,0.9963,0.0009,696,0.9963,9,10,3,31
00201,confirm,tufts,0,,Implant,Implant,0.9986,Implant,2,0.0005,0.0002,0.0002,0.9991,658,0.9991,9,10,3,14
00202,confirm,tufts,0,,Impacted,Impacted,0.9841,Impacted,2,0.0014,0.0068,0.9909,0.0008,151,0.9909,9,10,3,33
00203,confirm,tufts,0,,Other,Other,0.8036,Endodontics,2,0.8846,0.081,0.0031,0.0313,67,0.8846,9,10,3,12
00204,confirm,tufts,0,,Implant,Implant,0.9957,Implant,2,0.0018,0.0003,0.0002,0.9976,894,0.9976,9,10,3,8
00205,confirm,tufts,0,,Healthy,Healthy,0.8525,Healthy,2,0.0582,0.9107,0.0084,0.0227,987,0.9107,9,10,3,3
00206,confirm,tufts,0,,Impacted,Impacted,0.9932,Impacted,2,0.0005,0.0025,0.9958,0.0011,166,0.9958,9,10,3,0
00207,confirm,tufts,0,,Implant,Implant,0.996,Implant,2,0.0017,0.0003,0.0003,0.9977,408,0.9977,9,10,3,6
00208,confirm,tufts,0,,Healthy,Healthy,0.9868,Healthy,2,0.0016,0.9911,0.0029,0.0043,89,0.9911,9,10,3,18
00209,confirm,tufts,0,,Impacted,Impacted,0.9893,Impacted,2,0.0009,0.0042,0.9935,0.0014,683,0.9935,9,10,3,0
00210,confirm,tufts,0,,Impacted,Impacted,0.9966,Impacted,2,0.0005,0.0012,0.9978,0.0005,252,0.9978,9,10,3,0
00211,confirm,tufts,0,,Healthy,Healthy,0.9798,Healthy,2,0.0041,0.9853,0.0055,0.005,49,0.9853,9,10,3,1
00212,confirm,tufts,0,,Impacted,Impacted,0.9928,Impacted,2,0.0014,0.0021,0.9949,0.0016,68,0.9949,9,10,3,0
00213,confirm,tufts,0,,Healthy,Healthy,0.6785,Healthy,2,0.0289,0.8124,0.025,0.1338,54,0.8124,9,10,3,2
00214,below_tau,tufts,0,,Other,Other,0.0926,Endodontics,2,0.3613,0.2686,0.1788,0.1913,454,0.3613,9,10,1,2
00215,confirm,tufts,0,,Implant,Implant,0.9889,Implant,2,0.0036,0.0028,0.0012,0.9924,576,0.9924,9,10,3,1
00216,confirm,tufts,0,,Impacted,Impacted,0.9916,Impacted,2,0.0011,0.0034,0.995,0.0006,318,0.995,9,10,3,1
00217,confirm,tufts,0,,Healthy,Healthy,0.9908,Healthy,2,0.0012,0.9935,0.0026,0.0027,787,0.9935,9,10,3,11
00218,confirm,tufts,0,,Impacted,Impacted,0.9944,Impacted,2,0.0006,0.0021,0.9965,0.0008,751,0.9965,9,10,3,0
00219,confirm,tufts,0,,Impacted,Impacted,0.9858,Impacted,2,0.0005,0.0064,0.9922,0.0008,207,0.9922,9,10,3,0
00220,confirm,tufts,0,,Healthy,Healthy,0.8665,Healthy,2,0.002,0.9313,0.0649,0.0018,58,0.9313,9,10,3,14
00221,confirm,tufts,0,,Healthy,Healthy,0.5294,Endodontics,2,0.7328,0.2035,0.0032,0.0605,325,0.7328,9,10,3,19
00222,confirm,tufts,0,,Healthy,Healthy,0.9749,Healthy,2,0.0029,0.9853,0.0104,0.0013,69,0.9853,9,10,3,2
00223,confirm,tufts,0,,Endodontics,Endodontics,0.9601,Endodontics,2,0.9757,0.0039,0.0048,0.0156,546,0.9757,9,10,3,0
00224,confirm,tufts,0,,Impacted,Impacted,0.9889,Impacted,2,0.0012,0.0046,0.9934,0.0009,114,0.9934,9,10,3,0
00225,confirm,tufts,0,,Impacted,Impacted,0.9914,Impacted,2,0.0011,0.0033,0.9947,0.0009,274,0.9947,9,10,3,0
00226,confirm,tufts,0,,Implant,Implant,0.9847,Implant,2,0.0066,0.0011,0.0011,0.9912,808,0.9912,9,10,3,7
00227,confirm,tufts,0,,Healthy,Healthy,0.9863,Impacted,2,0.0008,0.0062,0.9925,0.0006,901,0.9925,9,10,3,1
00228,below_tau,tufts,0,,Healthy,Healthy,0.8145,Impacted,2,0.0061,0.0812,0.8957,0.0171,424,0.8957,9,10,3,0
00229,confirm,tufts,0,,Implant,Implant,0.9984,Implant,2,0.0004,0.0003,0.0005,0.9988,903,0.9988,9,10,3,5
00230,confirm,tufts,0,,Impacted,Impacted,0.9898,Impacted,2,0.0005,0.0045,0.9943,0.0007,524,0.9943,9,10,3,0
00231,confirm,tufts,0,,Implant,Implant,0.9986,Implant,2,0.0004,0.0003,0.0004,0.999,311,0.999,9,10,3,17
00232,confirm,tufts,0,,Impacted,Impacted,0.9933,Impacted,2,0.0013,0.0021,0.9954,0.0012,715,0.9954,9,10,3,0
00233,confirm,tufts,0,,Implant,Implant,0.9895,Implant,2,0.0026,0.0035,0.001,0.993,175,0.993,9,10,3,25
00234,below_tau,tufts,0,,Healthy,Healthy,0.0121,Healthy,2,0.0055,0.4992,0.4871,0.0082,586,0.4992,9,10,1,3
00235,confirm,tufts,0,,Endodontics,Endodontics,0.9939,Endodontics,2,0.9961,0.0009,0.0008,0.0022,341,0.9961,9,10,3,10
00236,confirm,tufts,0,,Impacted,Impacted,0.995,Impacted,2,0.0009,0.0017,0.9967,0.0006,930,0.9967,9,10,3,0
00237,confirm,tufts,0,,Implant,Implant,0.9988,Implant,2,0.0003,0.0003,0.0003,0.9991,869,0.9991,9,10,3,10
00238,below_tau,tufts,0,,Other,Other,0.4504,Endodontics,2,0.6857,0.2353,0.0022,0.0768,222,0.6857,9,10,2,0
00239,below_tau,tufts,0,,Other,Other,0.0323,Implant,2,0.3601,0.2406,0.0068,0.3924,840,0.3924,9,10,1,6
00240,confirm,tufts,0,,Healthy,Healthy,0.9573,Healthy,2,0.0019,0.9772,0.0199,0.0011,335,0.9772,9,10,3,6
00241,confirm,tufts,0,,Impacted,Impacted,0.9933,Impacted,2,0.0006,0.0026,0.9958,0.0009,469,0.9958,9,10,3,0
00242,confirm,tufts,0,,Implant,Implant,0.9987,Implant,2,0.0005,0.0002,0.0002,0.9991,658,0.9991,9,10,3,8
00243,below_tau,tufts,0,,Other,Other,0.1999,Implant,2,0.278,0.1257,0.1184,0.4779,807,0.4779,9,10,2,5
00244,below_tau,tufts,0,,Other,Other,0.3711,Endodontics,2,0.5912,0.1672,0.0215,0.2201,485,0.5912,9,10,2,8
00245,confirm,tufts,0,,Other,Exclude,0.6148,Implant,2,0.0595,0.0541,0.1358,0.7506,417,0.7506,9,10,3,0
00246,confirm,tufts,0,,Endodontics,Endodontics,0.9769,Endodontics,2,0.9834,0.0065,0.0039,0.0061,793,0.9834,9,10,3,4
00247,confirm,tufts,0,,Endodontics,Endodontics,0.9938,Endodontics,2,0.996,0.0012,0.0007,0.0021,380,0.996,9,10,3,25
00248,confirm,tufts,0,,Healthy,Healthy,0.9057,Healthy,2,0.004,0.9503,0.0446,0.0011,396,0.9503,9,10,3,23
00249,confirm,tufts,0,,Impacted,Impacted,0.9891,Impacted,2,0.0013,0.0043,0.9934,0.0011,242,0.9934,9,10,3,29
00250,confirm,tufts,0,,Healthy,Healthy,0.9058,Healthy,2,0.0073,0.9422,0.0365,0.014,393,0.9422,9,10,3,15
00251,confirm,tufts,0,,Healthy,Exclude,0.4361,Healthy,2,0.0106,0.6935,0.2575,0.0384,176,0.6935,9,10,3,18
00252,confirm,tufts,0,,Impacted,Impacted,0.9879,Impacted,2,0.0016,0.0045,0.9923,0.0016,469,0.9923,9,10,3,31
00253,below_tau,tufts,0,,Other,Other,0.0216,Implant,2,0.0878,0.3976,0.0953,0.4193,983,0.4193,9,10,2,19
00254,confirm,tufts,0,,Impacted,Impacted,0.9855,Impacted,2,0.0047,0.004,0.9902,0.0011,232,0.9902,9,10,3,22
00255,below_tau,tufts,0,,Healthy,Other,0.0481,Implant,2,0.0462,0.4207,0.0642,0.4689,402,0.4689,9,10,2,14
00256,confirm,tufts,0,,Healthy,Healthy,0.8095,Healthy,2,0.0929,0.9024,0.0009,0.0038,316,0.9024,9,10,3,8
00257,confirm,tufts,0,,Implant,Implant,0.9986,Implant,2,0.0005,0.0003,0.0002,0.999,356,0.999,9,10,3,4
00258,confirm,tufts,0,,Implant,Implant,0.9985,Implant,2,0.0005,0.0003,0.0002,0.999,561,0.999,9,10,3,8
00259,confirm,tufts,0,,Healthy,Other,0.7938,Endodontics,2,0.8648,0.0608,0.0034,0.071,521,0.8648,9,10,3,16
00260,confirm,tufts,0,,Endodontics,Endodontics,0.8439,Endodontics,2,0.9037,0.0337,0.0027,0.0598,551,0.9037,9,10,3,1
00261,confirm,tufts,0,,Implant,Implant,0.9672,Implant,2,0.0018,0.0041,0.0134,0.9807,441,0.9807,9,10,3,3
00262,confirm,tufts,0,,Bad crop,Bad crop,0.9484,Endodontics,2,0.973,0.0011,0.0013,0.0246,593,0.973,9,10,3,4
00263,confirm,tufts,0,,Healthy,Healthy,0.9797,Healthy,2,0.0089,0.9885,0.0013,0.0012,66,0.9885,9,10,3,20
00264,confirm,tufts,0,,Healthy,Healthy,0.991,Healthy,2,0.001,0.994,0.0019,0.003,750,0.994,9,10,3,5
00265,confirm,tufts,0,,Other,Other,0.7879,Endodontics,2,0.8788,0.091,0.0095,0.0208,377,0.8788,9,10,3,22
00266,confirm,tufts,0,,Endodontics,Endodontics,0.9967,Endodontics,2,0.9979,0.0006,0.0003,0.0012,882,0.9979,9,10,3,14
00267,below_tau,tufts,0,,Other,Exclude,0.065,Endodontics,2,0.4895,0.4245,0.0069,0.0792,208,0.4895,9,10,2,6
00268,confirm,tufts,0,,Impacted,Impacted,0.995,Impacted,2,0.0008,0.0019,0.9969,0.0004,794,0.9969,9,10,3,31
00269,confirm,tufts,0,,Other,Other,0.8423,Healthy,2,0.0217,0.9067,0.0072,0.0644,745,0.9067,9,10,3,19
00270,confirm,tufts,0,,Implant,Implant,0.9986,Implant,2,0.0004,0.0003,0.0003,0.999,775,0.999,9,10,3,19
00271,confirm,tufts,0,,Endodontics,Bad crop,0.877,Endodontics,2,0.9361,0.0036,0.0012,0.0591,999,0.9361,9,10,3,2
00272,confirm,tufts,0,,Other,Other,0.9055,Endodontics,2,0.9414,0.0359,0.0011,0.0216,957,0.9414,9,10,3,0
00273,confirm,tufts,0,,Impacted,Impacted,0.9888,Impacted,2,0.002,0.0039,0.9928,0.0013,403,0.9928,9,10,3,29
00274,confirm,tufts,0,,Healthy,Other,0.9239,Healthy,2,0.0198,0.9465,0.0112,0.0226,847,0.9465,9,10,3,26
00275,confirm,tufts,0,,Healthy,Healthy,0.9669,Healthy,2,0.0125,0.9794,0.0016,0.0065,518,0.9794,9,10,3,1
00276,confirm,tufts,0,,Healthy,Impacted,0.9897,Impacted,2,0.0005,0.0046,0.9943,0.0007,637,0.9943,9,10,3,30
00277,confirm,tufts,0,,Endodontics,Endodontics,0.9957,Endodontics,2,0.997,0.001,0.0007,0.0013,762,0.997,9,10,3,4
00278,confirm,tufts,0,,Other,Healthy,0.9834,Healthy,2,0.0037,0.9886,0.0026,0.0052,344,0.9886,9,10,3,29
00279,confirm,tufts,0,,Implant,Implant,0.9984,Implant,2,0.0004,0.0004,0.0004,0.9989,124,0.9989,9,10,3,2
00280,confirm,tufts,0,,Implant,Implant,0.9975,Implant,2,0.0004,0.0005,0.0008,0.9983,433,0.9983,9,10,3,23
00281,confirm,tufts,0,,Impacted,Impacted,0.994,Impacted,2,0.0011,0.0021,0.9961,0.0007,930,0.9961,9,10,3,31
00282,confirm,tufts,0,,Implant,Implant,0.9924,Implant,2,0.0031,0.0006,0.0007,0.9956,637,0.9956,9,10,3,19
00283,confirm,tufts,0,,Other,Other,0.8147,Endodontics,2,0.8985,0.0838,0.001,0.0166,446,0.8985,9,10,3,17
00284,confirm,tufts,0,,Healthy,Exclude,0.9875,Healthy,2,0.001,0.9917,0.0042,0.0031,767,0.9917,9,10,3,10
00285,confirm,tufts,0,,Endodontics,Endodontics,0.9796,Endodontics,2,0.9892,0.0006,0.0005,0.0096,882,0.9892,9,10,3,16
00286,confirm,tufts,0,,Impacted,Impacted,0.993,Impacted,2,0.0014,0.0025,0.9955,0.0006,108,0.9955,9,10,3,0
00287,confirm,tufts,0,,Implant,Implant,0.9988,Implant,2,0.0003,0.0002,0.0003,0.9992,343,0.9992,9,10,3,3
00288,confirm,tufts,0,,Healthy,Healthy,0.8993,Healthy,2,0.0032,0.9446,0.0453,0.007,448,0.9446,9,10,3,27
00289,confirm,tufts,0,,Endodontics,Endodontics,0.9958,Endodontics,2,0.9973,0.0015,0.0003,0.0009,180,0.9973,9,10,3,6
00290,below_tau,tufts,0,,Healthy,Healthy,0.0031,Endodontics,2,0.496,0.4929,0.0025,0.0086,1024,0.496,9,10,1,22
00291,confirm,tufts,0,,Bad crop,Bad crop,0.9828,Implant,2,0.0071,0.0028,0.0003,0.9899,505,0.9899,9,10,3,19
00292,confirm,tufts,0,,Impacted,Impacted,0.9929,Impacted,2,0.0005,0.0031,0.996,0.0004,282,0.996,9,10,3,0
00293,confirm,tufts,0,,Other,Other,0.8234,Endodontics,2,0.8826,0.0592,0.0011,0.0571,195,0.8826,9,10,3,4
00294,confirm,tufts,0,,Other,Other,0.3839,Healthy,2,0.2879,0.6718,0.0141,0.0262,1031,0.6718,9,10,3,28
00295,confirm,tufts,0,,Endodontics,Endodontics,0.8082,Endodontics,2,0.8986,0.0083,0.0027,0.0904,17,0.8986,9,10,3,13
00296,confirm,tufts,0,,Other,Other,0.8897,Healthy,2,0.0488,0.9385,0.0047,0.008,1018,0.9385,9,10,3,4
00297,confirm,tufts,0,,Impacted,Impacted,0.9966,Impacted,2,0.0009,0.001,0.9976,0.0005,120,0.9976,9,10,3,27
00298,confirm,tufts,0,,Implant,Implant,0.997,Implant,2,0.0012,0.0003,0.0003,0.9982,621,0.9982,9,10,3,1
00299,below_tau,tufts,0,,Impacted,Impacted,0.8535,Impacted,2,0.0299,0.0544,0.9079,0.0078,758,0.9079,9,10,3,20
00300,confirm,tufts,0,,Healthy,Healthy,0.8853,Healthy,2,0.0482,0.9334,0.0047,0.0137,655,0.9334,9,10,3,21
00301,confirm,tufts,0,,Endodontics,Endodontics,0.9712,Endodontics,2,0.98,0.0088,0.0061,0.0051,168,0.98,9,10,3,20
00302,confirm,tufts,0,,Other,Other,0.9043,Endodontics,2,0.9428,0.0386,0.0012,0.0174,131,0.9428,9,10,3,8
00303,confirm,tufts,0,,Impacted,Impacted,0.9894,Impacted,2,0.0011,0.0042,0.9936,0.0012,280,0.9936,9,10,3,2
00304,confirm,tufts,0,,Healthy,Healthy,0.8951,Healthy,2,0.0021,0.944,0.0488,0.0051,74,0.944,9,10,3,2
00305,confirm,tufts,0,,Other,Healthy,0.9927,Healthy,2,0.0022,0.9949,0.0012,0.0017,449,0.9949,9,10,3,4
00306,confirm,tufts,0,,Other,Other,0.5685,Endodontics,2,0.7742,0.2057,0.0013,0.0188,124,0.7742,9,10,3,16
00307,confirm,tufts,0,,Other,Other,0.8442,Endodontics,2,0.903,0.0588,0.0017,0.0365,531,0.903,9,10,3,4
00308,confirm,tufts,0,,Bad crop,Bad crop,0.9752,Endodontics,2,0.9855,0.0103,0.0006,0.0036,119,0.9855,9,10,3,14
00309,confirm,tufts,0,,Implant,Implant,0.9987,Implant,2,0.0003,0.0003,0.0003,0.9991,197,0.9991,9,10,3,3
00310,confirm,tufts,0,,Impacted,Impacted,0.9839,Impacted,2,0.0019,0.0067,0.9905,0.001,956,0.9905,9,10,3,32
00311,below_tau,tufts,0,,Other,Exclude,0.3574,Impacted,2,0.0046,0.3145,0.6719,0.009,700,0.6719,9,10,2,26
00312,confirm,tufts,0,,Impacted,Impacted,0.9896,Impacted,2,0.0009,0.0042,0.9938,0.0012,54,0.9938,9,10,3,8
00313,confirm,tufts,0,,Impacted,Impacted,0.9887,Impacted,2,0.0038,0.0022,0.9925,0.0015,696,0.9925,9,10,3,0
00314,confirm,tufts,0,,Endodontics,Other,0.9887,Endodontics,2,0.9936,0.0012,0.0004,0.0048,604,0.9936,9,10,3,19
00315,below_tau,tufts,0,,Impacted,Impacted,0.9194,Impacted,2,0.0065,0.0357,0.9551,0.0027,777,0.9551,9,10,3,2
00316,below_tau,tufts,0,,Other,Other,0.0518,Endodontics,2,0.379,0.3272,0.0483,0.2455,1047,0.379,9,10,1,1
00317,confirm,tufts,0,,Implant,Implant,0.999,Implant,2,0.0003,0.0002,0.0002,0.9993,505,0.9993,9,10,3,24
00318,confirm,tufts,0,,Implant,Implant,0.9986,Implant,2,0.0005,0.0002,0.0002,0.9991,869,0.9991,9,10,3,4
00319,confirm,tufts,0,,Other,Bad crop,0.5985,Endodontics,2,0.7946,0.196,0.0008,0.0086,468,0.7946,9,10,3,17
00320,below_tau,tufts,0,,Healthy,Healthy,0.433,Impacted,2,0.0046,0.2795,0.7125,0.0034,129,0.7125,9,10,3,13
00321,confirm,tufts,0,,Impacted,Impacted,0.9952,Impacted,2,0.0005,0.0019,0.9971,0.0005,50,0.9971,9,10,3,0
00322,confirm,tufts,0,,Other,Other,0.9255,Endodontics,2,0.9542,0.0141,0.003,0.0287,894,0.9542,9,10,3,18
00323,confirm,tufts,0,,Other,Other,0.8688,Endodontics,2,0.9246,0.0558,0.0021,0.0176,608,0.9246,9,10,3,5
00324,below_tau,tufts,0,,Other,Other,0.0414,Implant,2,0.2131,0.3638,0.0179,0.4052,905,0.4052,9,10,2,2
00325,confirm,tufts,0,,Impacted,Impacted,0.9855,Impacted,2,0.0007,0.0062,0.9917,0.0014,476,0.9917,9,10,3,32
00326,below_tau,tufts,0,,Healthy,Other,0.1458,Healthy,2,0.2648,0.4248,0.0314,0.279,227,0.4248,9,10,1,20
00327,confirm,tufts,0,,Impacted,Impacted,0.9937,Impacted,2,0.0005,0.0026,0.9962,0.0007,321,0.9962,9,10,3,31
00328,confirm,tufts,0,,Endodontics,Endodontics,0.7974,Endodontics,2,0.8973,0.0015,0.0013,0.0999,565,0.8973,9,10,3,14
00329,confirm,tufts,0,,Healthy,Healthy,0.8289,Healthy,2,0.073,0.9019,0.0097,0.0155,812,0.9019,9,10,3,2
00330,confirm,tufts,0,,Implant,Implant,0.9984,Implant,2,0.0004,0.0003,0.0003,0.9989,441,0.9989,9,10,3,4
00331,confirm,tufts,0,,Other,Other,0.9709,Healthy,2,0.0106,0.9815,0.0014,0.0064,450,0.9815,9,10,3,23
00332,confirm,tufts,0,,Implant,Implant,0.9976,Implant,2,0.0007,0.0005,0.0006,0.9982,808,0.9982,9,10,3,5
00333,confirm,tufts,0,,Impacted,Impacted,0.9957,Impacted,2,0.0006,0.0015,0.9972,0.0007,690,0.9972,9,10,3,0
00334,confirm,tufts,0,,Endodontics,Endodontics,0.9919,Endodontics,2,0.9944,0.0015,0.0017,0.0024,516,0.9944,9,10,3,2
00335,confirm,tufts,0,,Impacted,Impacted,0.9929,Impacted,2,0.0009,0.0026,0.9955,0.001,848,0.9955,9,10,3,30
00336,confirm,tufts,0,,Impacted,Impacted,0.9868,Impacted,2,0.0022,0.0049,0.9917,0.0012,700,0.9917,9,10,3,33
00337,confirm,tufts,0,,Other,Healthy,0.7283,Healthy,2,0.0858,0.8141,0.0191,0.081,516,0.8141,9,10,3,21
00338,confirm,tufts,0,,Endodontics,Endodontics,0.9866,Endodontics,2,0.9918,0.0011,0.0018,0.0053,530,0.9918,9,10,3,15
00339,confirm,tufts,0,,Implant,Implant,0.9976,Implant,2,0.0009,0.0002,0.0003,0.9985,290,0.9985,9,10,3,2
00340,confirm,tufts,0,,Impacted,Impacted,0.9903,Impacted,2,0.0023,0.003,0.9933,0.0014,699,0.9933,9,10,3,1
00341,confirm,tufts,0,,Impacted,Impacted,0.9831,Impacted,2,0.0007,0.0073,0.9904,0.0015,860,0.9904,9,10,3,26
00342,confirm,tufts,0,,Impacted,Impacted,0.9925,Impacted,2,0.0011,0.0025,0.9951,0.0013,814,0.9951,9,10,3,30
00343,below_tau,tufts,0,,Impacted,Impacted,0.3379,Impacted,2,0.0119,0.3107,0.6485,0.0289,171,0.6485,9,10,2,28
00344,confirm,tufts,0,,Healthy,Healthy,0.2466,Implant,2,0.0243,0.3278,0.0734,0.5745,772,0.5745,9,10,3,8
00345,confirm,tufts,0,,Impacted,Impacted,0.9964,Impacted,2,0.0005,0.0013,0.9977,0.0005,782,0.9977,9,10,3,0
00346,confirm,tufts,0,,Endodontics,Endodontics,0.8263,Endodontics,2,0.9027,0.0159,0.0049,0.0764,565,0.9027,9,10,3,11
00347,confirm,tufts,0,,Other,Other,0.7254,Healthy,2,0.1269,0.8523,0.0021,0.0187,233,0.8523,9,10,3,13
00348,confirm,tufts,0,,Impacted,Impacted,0.9971,Impacted,2,0.0005,0.001,0.9981,0.0005,239,0.9981,9,10,3,0
00349,confirm,tufts,0,,Healthy,Healthy,0.96,Healthy,2,0.0077,0.9716,0.0116,0.0091,372,0.9716,9,10,3,25
00350,confirm,tufts,0,,Other,Other,0.9169,Endodontics,2,0.9477,0.0308,0.0006,0.0209,148,0.9477,9,10,3,25
00351,confirm,tufts,0,,Impacted,Impacted,0.9898,Impacted,2,0.0027,0.0025,0.9925,0.0023,51,0.9925,9,10,3,0
00352,below_tau,tufts,0,,Healthy,Healthy,0.431,Impacted,2,0.0093,0.2678,0.6988,0.0241,391,0.6988,9,10,3,0
00353,confirm,tufts,0,,Healthy,Healthy,0.9831,Healthy,2,0.0017,0.9894,0.0026,0.0063,896,0.9894,9,10,3,14
00354,confirm,tufts,0,,Implant,Implant,0.9989,Implant,2,0.0002,0.0003,0.0003,0.9992,576,0.9992,9,10,3,12
00355,confirm,tufts,0,,Impacted,Impacted,0.9902,Impacted,2,0.0014,0.0033,0.9936,0.0017,236,0.9936,9,10,3,29
00356,confirm,tufts,0,,Impacted,Impacted,0.994,Impacted,2,0.0005,0.0025,0.9965,0.0005,489,0.9965,9,10,3,30
00357,confirm,tufts,0,,Impacted,Impacted,0.9953,Impacted,2,0.0008,0.0017,0.997,0.0005,765,0.997,9,10,3,0
00358,confirm,tufts,0,,Bad crop,Bad crop,0.9987,Implant,2,0.0003,0.0003,0.0003,0.999,356,0.999,9,10,3,5
00359,confirm,tufts,0,,Other,Other,0.746,Endodontics,2,0.8504,0.1044,0.0007,0.0444,174,0.8504,9,10,3,21
00360,confirm,tufts,0,,Other,Other,0.7637,Endodontics,2,0.8575,0.0455,0.0032,0.0938,746,0.8575,9,10,3,22
00361,confirm,tufts,0,,Healthy,Healthy,0.6225,Healthy,2,0.1842,0.8067,0.0049,0.0041,547,0.8067,9,10,3,21
00362,confirm,tufts,0,,Other,Healthy,0.9745,Healthy,2,0.0026,0.9843,0.0098,0.0034,1034,0.9843,9,10,3,30
00363,confirm,tufts,0,,Other,Other,0.7357,Endodontics,2,0.8344,0.0987,0.0039,0.063,209,0.8344,9,10,3,13
00364,confirm,tufts,0,,Endodontics,Endodontics,0.9969,Endodontics,2,0.9979,0.0006,0.0005,0.001,213,0.9979,9,10,3,3
00365,confirm,tufts,0,,Other,Other,0.8582,Healthy,2,0.0072,0.9238,0.0656,0.0034,344,0.9238,9,10,3,2
00366,confirm,tufts,0,,Other,Other,0.9161,Endodontics,2,0.9461,0.03,0.0011,0.0229,1025,0.9461,9,10,3,22
00367,confirm,tufts,0,,Implant,Implant,0.998,Implant,2,0.0006,0.0003,0.0004,0.9986,537,0.9986,9,10,3,16
00368,confirm,tufts,0,,Bad crop,Bad crop,0.9859,Endodontics,2,0.9898,0.0037,0.0026,0.0039,129,0.9898,9,10,3,18
00369,confirm,tufts,0,,Impacted,Impacted,0.9915,Impacted,2,0.0008,0.003,0.9945,0.0017,868,0.9945,9,10,3,29
00370,confirm,tufts,0,,Healthy,Healthy,0.8216,Healthy,2,0.0826,0.9041,0.0022,0.0111,298,0.9041,9,10,3,23
00371,confirm,tufts,0,,Impacted,Impacted,0.9911,Impacted,2,0.0012,0.0029,0.9939,0.0021,1007,0.9939,9,10,3,0
00372,confirm,tufts,0,,Other,Healthy,0.9224,Healthy,2,0.0029,0.9579,0.0354,0.0039,56,0.9579,9,10,3,1
00373,below_tau,tufts,0,,Other,Other,0.1588,Endodontics,2,0.4563,0.1904,0.2975,0.0557,99,0.4563,9,10,2,28
00374,confirm,tufts,0,,Endodontics,Endodontics,0.9956,Endodontics,2,0.997,0.0006,0.0009,0.0015,447,0.997,9,10,3,1
00375,below_tau,tufts,0,,Bad crop,Other,0.2603,Endodontics,2,0.6174,0.3571,0.0019,0.0236,698,0.6174,9,10,2,16
00376,confirm,tufts,0,,Implant,Implant,0.9985,Implant,2,0.0004,0.0004,0.0004,0.9989,465,0.9989,9,10,3,2
00377,below_tau,tufts,0,,Other,Other,0.3366,Endodontics,2,0.6439,0.3073,0.0018,0.047,590,0.6439,9,10,3,6
00378,confirm,tufts,0,,Impacted,Impacted,0.9895,Impacted,2,0.0008,0.0045,0.994,0.0007,217,0.994,9,10,3,31
00379,confirm,tufts,0,,Healthy,Healthy,0.9791,Healthy,2,0.0058,0.9856,0.0066,0.002,637,0.9856,9,10,3,21
00380,confirm,tufts,0,,Healthy,Healthy,0.6275,Healthy,2,0.0084,0.7972,0.1697,0.0248,642,0.7972,9,10,3,26
00381,below_tau,tufts,0,,Healthy,Healthy,0.1457,Healthy,2,0.1657,0.4844,0.0112,0.3387,908,0.4844,9,10,1,5
00382,below_tau,tufts,0,,Healthy,Healthy,0.0412,Healthy,2,0.0236,0.4882,0.0411,0.447,539,0.4882,9,10,1,6
00383,confirm,tufts,0,,Healthy,Healthy,0.9554,Healthy,2,0.002,0.9746,0.0193,0.0041,299,0.9746,9,10,3,3
00384,confirm,tufts,0,,Implant,Implant,0.9988,Implant,2,0.0004,0.0002,0.0002,0.9992,155,0.9992,9,10,3,14
00385,confirm,tufts,0,,Implant,Implant,0.9977,Implant,2,0.0005,0.0006,0.0005,0.9983,350,0.9983,9,10,3,9
00386,confirm,tufts,0,,Healthy,Healthy,0.995,Healthy,2,0.0015,0.9965,0.0013,0.0008,861,0.9965,9,10,3,18
00387,confirm,tufts,0,,Bad crop,Bad crop,0.9975,Implant,2,0.001,0.0003,0.0003,0.9984,561,0.9984,9,10,3,7
00388,confirm,tufts,0,,Other,Other,0.9072,Endodontics,2,0.9426,0.0353,0.002,0.0201,144,0.9426,9,10,3,16
00389,confirm,tufts,0,,Impacted,Impacted,0.9922,Impacted,2,0.0006,0.0032,0.9954,0.0007,418,0.9954,9,10,3,0
00390,confirm,tufts,0,,Exclude,Healthy,0.9921,Healthy,2,0.0012,0.9947,0.0016,0.0026,810,0.9947,9,10,3,2
00391,confirm,tufts,0,,Exclude,Other,0.5122,Endodontics,2,0.7146,0.2024,0.0178,0.0652,510,0.7146,9,10,3,24
00392,confirm,tufts,0,,Impacted,Impacted,0.9941,Impacted,2,0.0005,0.0023,0.9963,0.0009,407,0.9963,9,10,3,31
00393,confirm,tufts,0,,Healthy,Healthy,0.9649,Healthy,2,0.0021,0.9808,0.0159,0.0011,110,0.9808,9,10,3,10
00394,confirm,tufts,0,,Implant,Implant,0.9986,Implant,2,0.0005,0.0002,0.0002,0.9991,561,0.9991,9,10,3,3
00395,confirm,tufts,0,,Impacted,Impacted,0.9928,Impacted,2,0.0004,0.0032,0.996,0.0004,165,0.996,9,10,3,0
00396,confirm,tufts,0,,Impacted,Impacted,0.9946,Impacted,2,0.0008,0.0017,0.9963,0.0011,599,0.9963,9,10,3,0
00397,confirm,tufts,0,,Other,Other,0.7803,Endodontics,2,0.8866,0.0051,0.0021,0.1062,882,0.8866,9,10,3,4
00398,confirm,tufts,0,,Healthy,Healthy,0.9863,Healthy,2,0.0048,0.9911,0.001,0.0031,970,0.9911,9,10,3,29
00399,below_tau,tufts,0,,Other,Bad crop,0.065,Endodontics,2,0.5075,0.4425,0.0065,0.0436,234,0.5075,9,10,2,3
00400,confirm,tufts,0,,Other,Other,0.8805,Endodontics,2,0.9278,0.0224,0.0025,0.0474,26,0.9278,9,10,3,6
00401,confirm,tufts,0,,Impacted,Impacted,0.9945,Impacted,2,0.0006,0.0021,0.9966,0.0007,263,0.9966,9,10,3,0
00402,confirm,tufts,0,,Impacted,Impacted,0.9931,Impacted,2,0.0008,0.0026,0.9957,0.0009,29,0.9957,9,10,3,0
00403,confirm,tufts,0,,Other,Other,0.8,Endodontics,2,0.8767,0.0767,0.0023,0.0444,914,0.8767,9,10,3,13
00404,confirm,tufts,0,,Healthy,Healthy,0.9859,Healthy,2,0.0049,0.9908,0.0021,0.0022,794,0.9908,9,10,3,23
00405,confirm,tufts,0,,Endodontics,Endodontics,0.836,Implant,2,0.0811,0.001,0.0008,0.9171,882,0.9171,9,10,3,7
00406,confirm,tufts,0,,Other,Other,0.2933,Healthy,2,0.2235,0.5167,0.1256,0.1342,43,0.5167,9,10,3,0
00407,confirm,tufts,0,,Impacted,Impacted,0.9949,Impacted,2,0.0005,0.0019,0.9968,0.0008,548,0.9968,9,10,3,28
00408,confirm,tufts,0,,Impacted,Impacted,0.9937,Impacted,2,0.0007,0.0026,0.9963,0.0004,68,0.9963,9,10,3,2
00409,confirm,tufts,0,,Endodontics,Endodontics,0.8561,Implant,2,0.0694,0.0031,0.002,0.9255,708,0.9255,9,10,3,2
00410,confirm,tufts,0,,Healthy,Healthy,0.5566,Implant,2,0.0353,0.1812,0.0456,0.7378,424,0.7378,9,10,3,11
00411,confirm,tufts,0,,Other,Other,0.6828,Endodontics,2,0.8061,0.0693,0.0013,0.1233,554,0.8061,9,10,3,0
00412,below_tau,tufts,0,,Healthy,Healthy,0.3984,Endodontics,2,0.6874,0.289,0.002,0.0215,228,0.6874,9,10,2,6
00413,confirm,tufts,0,,Impacted,Impacted,0.9913,Impacted,2,0.0014,0.0034,0.9947,0.0005,879,0.9947,9,10,3,0
00414,confirm,tufts,0,,Other,Other,0.8128,Healthy,2,0.0843,0.8971,0.0068,0.0119,248,0.8971,9,10,3,0
00415,confirm,tufts,0,,Healthy,Healthy,0.9091,Healthy,2,0.0106,0.9467,0.0052,0.0376,23,0.9467,9,10,3,9
00416,confirm,tufts,0,,Implant,Implant,0.9987,Implant,2,0.0004,0.0003,0.0003,0.999,360,0.999,9,10,3,2
00417,confirm,tufts,0,,Endodontics,Endodontics,0.9883,Endodontics,2,0.9923,0.0014,0.0024,0.0039,800,0.9923,9,10,3,3
00418,confirm,tufts,0,,Implant,Implant,0.999,Implant,2,0.0003,0.0002,0.0002,0.9993,1013,0.9993,9,10,3,24
00419,confirm,tufts,0,,Impacted,Impacted,0.9934,Impacted,2,0.0005,0.0027,0.9961,0.0008,291,0.9961,9,10,3,0
00420,confirm,tufts,0,,Other,Other,0.9337,Endodontics,2,0.9522,0.0165,0.0129,0.0184,807,0.9522,9,10,3,22
00421,below_tau,tufts,0,,Other,Other,0.0034,Healthy,2,0.0214,0.4776,0.4743,0.0267,860,0.4776,9,10,2,2
00422,confirm,tufts,0,,Impacted,Impacted,0.9931,Impacted,2,0.0012,0.0025,0.9956,0.0008,359,0.9956,9,10,3,1
00423,confirm,tufts,0,,Impacted,Impacted,0.989,Impacted,2,0.0014,0.0039,0.9929,0.0018,480,0.9929,9,10,3,20
00424,confirm,tufts,0,,Healthy,Healthy,0.8577,Healthy,2,0.0032,0.9229,0.0653,0.0085,129,0.9229,9,10,3,12
00425,confirm,tufts,0,,Impacted,Impacted,0.9825,Impacted,2,0.0005,0.0083,0.9908,0.0004,751,0.9908,9,10,3,2
00426,confirm,tufts,0,,Implant,Implant,0.9989,Implant,2,0.0003,0.0002,0.0003,0.9992,215,0.9992,9,10,3,16
00427,confirm,tufts,0,,Other,Other,0.7534,Endodontics,2,0.8323,0.0788,0.0256,0.0633,854,0.8323,9,10,3,10
00428,confirm,tufts,0,,Exclude,Impacted,0.9857,Impacted,2,0.0008,0.0063,0.992,0.001,806,0.992,9,10,3,11
00429,below_tau,tufts,0,,Other,Other,0.3176,Endodontics,2,0.6332,0.3157,0.0025,0.0486,129,0.6332,9,10,2,23
00430,confirm,tufts,0,,Endodontics,Endodontics,0.9928,Endodontics,2,0.9955,0.001,0.0008,0.0027,720,0.9955,9,10,3,22
00431,confirm,tufts,0,,Endodontics,Endodontics,0.984,Endodontics,2,0.9902,0.0019,0.0017,0.0062,877,0.9902,9,10,3,0
00432,confirm,tufts,0,,Healthy,Healthy,0.9708,Healthy,2,0.0066,0.9812,0.0104,0.0018,653,0.9812,9,10,3,25
00433,confirm,tufts,0,,Exclude,Exclude,0.9571,Implant,2,0.0047,0.0168,0.0046,0.9739,289,0.9739,9,10,3,1
00434,confirm,tufts,0,,Endodontics,Endodontics,0.9962,Endodontics,2,0.9975,0.0006,0.0006,0.0013,182,0.9975,9,10,3,9
00435,confirm,tufts,0,,Implant,Implant,0.9987,Implant,2,0.0004,0.0002,0.0003,0.9991,311,0.9991,9,10,3,16
00436,confirm,tufts,0,,Healthy,Healthy,0.7835,Healthy,2,0.0289,0.8674,0.0198,0.0839,1035,0.8674,9,10,3,29
00437,confirm,tufts,0,,Impacted,Impacted,0.9915,Impacted,2,0.0007,0.0032,0.9947,0.0013,851,0.9947,9,10,3,26
00438,confirm,tufts,0,,Other,Other,0.9142,Healthy,2,0.0398,0.954,0.0015,0.0047,374,0.954,9,10,3,25
00439,confirm,tufts,0,,Exclude,Impacted,0.99,Impacted,2,0.0006,0.0044,0.9944,0.0007,151,0.9944,9,10,3,27
00440,confirm,tufts,0,,Impacted,Impacted,0.9912,Impacted,2,0.0011,0.0035,0.9948,0.0006,83,0.9948,9,10,3,25
00441,confirm,tufts,0,,Healthy,Healthy,0.9702,Healthy,2,0.0015,0.9832,0.013,0.0023,173,0.9832,9,10,3,5
00442,confirm,tufts,0,,Other,Other,0.9052,Endodontics,2,0.9416,0.0364,0.0039,0.0181,652,0.9416,9,10,3,7
00443,confirm,tufts,0,,Implant,Implant,0.9984,Implant,2,0.0005,0.0003,0.0003,0.9989,170,0.9989,9,10,3,1
00444,confirm,tufts,0,,Exclude,Other,0.5954,Endodontics,2,0.7752,0.1798,0.0061,0.0389,826,0.7752,9,10,3,14
00445,confirm,tufts,0,,Other,Other,0.9287,Endodontics,2,0.9599,0.0312,0.0005,0.0085,746,0.9599,9,10,3,19
00446,confirm,tufts,0,,Impacted,Impacted,0.9863,Impacted,2,0.0019,0.0046,0.9909,0.0026,496,0.9909,9,10,3,11
00447,confirm,tufts,0,,Impacted,Impacted,0.9903,Impacted,2,0.002,0.0025,0.9929,0.0026,55,0.9929,9,10,3,30
00448,below_tau,tufts,0,,Endodontics,Endodontics,0.4742,Endodontics,2,0.6637,0.1895,0.1199,0.0269,129,0.6637,9,10,2,4
00449,below_tau,tufts,0,,Exclude,Impacted,0.0225,Endodontics,2,0.3309,0.1436,0.3084,0.2171,584,0.3309,9,10,1,27
00450,confirm,tufts,0,,Implant,Implant,0.9939,Implant,2,0.0005,0.0019,0.0019,0.9957,564,0.9957,9,10,3,1
00451,confirm,tufts,0,,Other,Other,0.9354,Endodontics,2,0.9587,0.0233,0.0024,0.0156,24,0.9587,9,10,3,3
00452,confirm,tufts,0,,Implant,Implant,0.9988,Implant,2,0.0003,0.0003,0.0002,0.9992,561,0.9992,9,10,3,0
00453,confirm,tufts,0,,Exclude,Healthy,0.9899,Impacted,2,0.0011,0.0041,0.994,0.0008,838,0.994,9,10,3,20
00454,confirm,tufts,0,,Impacted,Impacted,0.9918,Impacted,2,0.0005,0.0036,0.9954,0.0005,275,0.9954,9,10,3,0
00455,confirm,tufts,0,,Endodontics,Endodontics,0.6827,Implant,2,0.1565,0.0022,0.002,0.8392,570,0.8392,9,10,3,22
00456,confirm,tufts,0,,Endodontics,Other,0.9882,Endodontics,2,0.9919,0.0036,0.0016,0.0029,1015,0.9919,9,10,3,21
00457,confirm,tufts,0,,Impacted,Impacted,0.9869,Impacted,2,0.0011,0.0055,0.9924,0.001,379,0.9924,9,10,3,0
00458,confirm,tufts,0,,Other,Other,0.8975,Endodontics,2,0.9456,0.0481,0.0004,0.0059,472,0.9456,9,10,3,6
00459,confirm,tufts,0,,Healthy,Healthy,0.927,Healthy,2,0.0273,0.9543,0.0084,0.01,644,0.9543,9,10,3,21
00460,confirm,tufts,0,,Implant,Implant,0.9986,Implant,2,0.0003,0.0004,0.0004,0.9989,290,0.9989,9,10,3,4
00461,confirm,tufts,0,,Bad crop,Bad crop,0.9981,Implant,2,0.0006,0.0004,0.0003,0.9987,197,0.9987,9,10,3,0
00462,confirm,tufts,0,,Healthy,Healthy,0.2942,Healthy,2,0.0068,0.6408,0.3467,0.0057,145,0.6408,9,10,3,22
00463,below_tau,tufts,0,,Exclude,Other,0.0961,Endodontics,2,0.5072,0.4111,0.0462,0.0355,75,0.5072,9,10,2,9
00464,confirm,tufts,0,,Impacted,Impacted,0.9891,Impacted,2,0.0008,0.0044,0.9936,0.0012,351,0.9936,9,10,3,30
00465,confirm,tufts,0,,Implant,Implant,0.9957,Implant,2,0.0019,0.0003,0.0002,0.9976,408,0.9976,9,10,3,5
00466,confirm,tufts,0,,Exclude,Impacted,0.9901,Impacted,2,0.0006,0.0044,0.9945,0.0005,437,0.9945,9,10,3,1
00467,confirm,tufts,0,,Healthy,Healthy,0.7663,Healthy,2,0.0017,0.8811,0.1147,0.0025,497,0.8811,9,10,3,1
00468,below_tau,tufts,0,,Impacted,Impacted,0.2207,Impacted,2,0.0042,0.3838,0.6045,0.0075,963,0.6045,9,10,2,31
00469,confirm,tufts,0,,Other,Other,0.7348,Endodontics,2,0.8485,0.1137,0.0015,0.0364,42,0.8485,9,10,3,17
00470,confirm,tufts,0,,Impacted,Impacted,0.9929,Impacted,2,0.0007,0.0029,0.9958,0.0007,938,0.9958,9,10,3,0
00471,confirm,tufts,0,,Implant,Implant,0.9978,Implant,2,0.0008,0.0003,0.0003,0.9986,537,0.9986,9,10,3,2
00472,confirm,tufts,0,,Endodontics,Other,0.978,Endodontics,2,0.9857,0.0077,0.0016,0.0049,37,0.9857,9,10,3,0
00473,confirm,tufts,0,,Implant,Implant,0.9984,Implant,2,0.0004,0.0004,0.0003,0.9988,775,0.9988,9,10,3,21
00474,confirm,tufts,0,,Other,Other,0.916,Healthy,2,0.031,0.947,0.0017,0.0204,905,0.947,9,10,3,10
00475,below_tau,tufts,0,,Healthy,Healthy,0.0508,Endodontics,2,0.5044,0.4536,0.0184,0.0236,955,0.5044,9,10,2,22
00476,confirm,tufts,0,,Exclude,Exclude,0.3564,Implant,2,0.1613,0.2007,0.0809,0.5571,549,0.5571,9,10,3,27
00477,confirm,tufts,0,,Endodontics,Endodontics,0.6142,Implant,2,0.1898,0.0031,0.0032,0.804,716,0.804,9,10,3,18
00478,confirm,tufts,0,,Impacted,Impacted,0.9865,Impacted,2,0.002,0.005,0.9915,0.0014,870,0.9915,9,10,3,2
00479,confirm,tufts,0,,Endodontics,Endodontics,0.9956,Endodontics,2,0.9968,0.001,0.001,0.0012,855,0.9968,9,10,3,25
00480,below_tau,tufts,0,,Healthy,Healthy,0.6771,Impacted,2,0.0015,0.1588,0.8358,0.0039,65,0.8358,9,10,3,0
00481,confirm,tufts,0,,Healthy,Healthy,0.9675,Healthy,2,0.0122,0.9797,0.0035,0.0047,707,0.9797,9,10,3,22
00482,confirm,tufts,0,,Implant,Implant,0.9946,Implant,2,0.0008,0.0017,0.0012,0.9963,537,0.9963,9,10,3,13
00483,confirm,tufts,0,,Implant,Implant,0.9983,Implant,2,0.0004,0.0004,0.0004,0.9987,775,0.9987,9,10,3,4
00484,confirm,tufts,0,,Other,Healthy,0.9269,Healthy,2,0.0169,0.9499,0.023,0.0101,956,0.9499,9,10,3,30
00485,confirm,tufts,0,,Exclude,Exclude,0.5817,Endodontics,2,0.7706,0.015,0.0255,0.1889,619,0.7706,9,10,3,17
00486,confirm,tufts,0,,Other,Other,0.7453,Healthy,2,0.0193,0.8405,0.0952,0.0449,216,0.8405,9,10,3,23
00487,confirm,tufts,0,,Impacted,Impacted,0.9866,Impacted,2,0.004,0.0041,0.9907,0.0011,152,0.9907,9,10,3,3
00488,confirm,tufts,0,,Impacted,Impacted,0.9953,Impacted,2,0.0005,0.0018,0.9971,0.0007,654,0.9971,9,10,3,0
00489,below_tau,tufts,0,,Bad crop,Bad crop,0.2316,Healthy,2,0.1133,0.4512,0.2159,0.2196,942,0.4512,9,10,1,17
00490,confirm,tufts,0,,Other,Other,0.9053,Endodontics,2,0.9478,0.0425,0.0007,0.009,975,0.9478,9,10,3,7
00491,below_tau,tufts,0,,Exclude,Bad crop,0.242,Implant,2,0.2471,0.2336,0.0301,0.4891,583,0.4891,9,10,2,0
00492,confirm,tufts,0,,Endodontics,Other,0.7719,Endodontics,2,0.8842,0.0018,0.0017,0.1123,749,0.8842,9,10,3,8
00493,confirm,tufts,0,,Implant,Implant,0.9982,Implant,2,0.0004,0.0004,0.0005,0.9987,842,0.9987,9,10,3,1
00494,confirm,tufts,0,,Healthy,Healthy,0.8133,Healthy,2,0.069,0.8823,0.0168,0.032,363,0.8823,9,10,3,2
00495,below_tau,tufts,0,,Other,Exclude,0.0012,Healthy,2,0.012,0.4925,0.4913,0.0042,221,0.4925,9,10,2,0
00496,confirm,tufts,0,,Implant,Implant,0.9981,Implant,2,0.0007,0.0003,0.0002,0.9988,540,0.9988,9,10,3,0
00497,confirm,tufts,0,,Other,Other,0.6349,Endodontics,2,0.7897,0.1548,0.0034,0.0521,131,0.7897,9,10,3,1
00498,below_tau,tufts,0,,Healthy,Other,0.0255,Healthy,2,0.0346,0.4932,0.0045,0.4677,148,0.4932,9,10,2,20
00499,confirm,tufts,0,,Impacted,Impacted,0.9888,Impacted,2,0.0023,0.003,0.9918,0.0028,456,0.9918,9,10,3,0
00500,confirm,tufts,0,,Healthy,Healthy,0.9809,Healthy,2,0.0083,0.9893,0.0014,0.0011,260,0.9893,9,10,3,24
00501,confirm,tufts,0,,Endodontics,Other,0.9302,Endodontics,2,0.9592,0.029,0.0017,0.0101,234,0.9592,9,10,3,4
00502,confirm,tufts,0,,Endodontics,Bad crop,0.9788,Endodontics,2,0.9882,0.0014,0.0009,0.0094,581,0.9882,9,10,3,6
00503,confirm,tufts,0,,Implant,Implant,0.9988,Implant,2,0.0003,0.0002,0.0003,0.9991,903,0.9991,9,10,3,0
00504,confirm,tufts,0,,Impacted,Impacted,0.9859,Impacted,2,0.0012,0.0044,0.9903,0.0041,99,0.9903,9,10,3,30
00505,confirm,tufts,0,,Impacted,Impacted,0.9917,Impacted,2,0.0011,0.0031,0.9948,0.0011,654,0.9948,9,10,3,23
00506,confirm,tufts,0,,Exclude,Bad crop,0.9859,Impacted,2,0.0008,0.0061,0.992,0.0011,260,0.992,9,10,3,1
00507,confirm,tufts,0,,Bad crop,Other,0.9879,Endodontics,2,0.9928,0.0049,0.0007,0.0016,93,0.9928,9,10,3,4
00508,confirm,tufts,0,,Impacted,Impacted,0.9862,Impacted,2,0.0042,0.0034,0.9903,0.0021,423,0.9903,9,10,3,30
00509,confirm,tufts,0,,Other,,0.5812,Endodontics,1,0.7782,0.197,0.0046,0.0202,406,0.7782,10,,3,5
00510,confirm,tufts,0,,Other,,0.7512,Endodontics,1,0.8407,0.0894,0.0064,0.0635,199,0.8407,10,,3,22
00511,confirm,tufts,0,,Bad crop,,0.75,Healthy,1,0.0036,0.8689,0.1189,0.0086,913,0.8689,10,,3,15
00512,below_tau,tufts,0,,Other,,0.0104,Implant,1,0.1304,0.4259,0.0074,0.4363,454,0.4363,10,,2,19
00513,confirm,tufts,0,,Other,,0.8259,Endodontics,1,0.888,0.0621,0.0022,0.0477,648,0.888,10,,3,21
00514,confirm,tufts,0,,Other,,0.8887,Endodontics,1,0.9362,0.0476,0.0009,0.0153,746,0.9362,10,,3,18
00515,below_tau,tufts,0,,Other,,0.1815,Endodontics,1,0.5821,0.4006,0.01,0.0073,75,0.5821,10,,2,5
00516,confirm,tufts,0,,Impacted,,0.99,Impacted,1,0.001,0.0041,0.9941,0.0008,162,0.9941,10,,3,0
00517,confirm,tufts,0,,Other,,0.5691,Endodontics,1,0.7723,0.2032,0.0013,0.0232,766,0.7723,10,,3,20
00518,confirm,tufts,0,,Endodontics,,0.6618,Implant,1,0.1669,0.0029,0.0016,0.8287,355,0.8287,10,,3,20
00519,confirm,tufts,0,,Bad crop,,0.9845,Impacted,1,0.0005,0.0073,0.9918,0.0004,367,0.9918,10,,3,5
00520,confirm,tufts,0,,Impacted,,0.9879,Impacted,1,0.0037,0.003,0.9916,0.0017,828,0.9916,10,,3,31
00521,confirm,tufts,0,,Impacted,,0.9965,Impacted,1,0.0007,0.0011,0.9976,0.0006,673,0.9976,10,,3,1
00522,confirm,tufts,0,,Healthy,,0.4831,Endodontics,1,0.735,0.252,0.004,0.009,1042,0.735,10,,3,9
00523,confirm,tufts,0,,Implant,,0.9987,Implant,1,0.0004,0.0003,0.0003,0.999,198,0.999,10,,3,2
00524,confirm,tufts,0,,Healthy,,0.9777,Healthy,1,0.0019,0.9872,0.0095,0.0015,228,0.9872,10,,3,25
00525,confirm,tufts,0,,Impacted,,0.9856,Impacted,1,0.0036,0.0045,0.9901,0.0018,879,0.9901,10,,3,28
00526,confirm,tufts,0,,Implant,,0.9989,Implant,1,0.0003,0.0002,0.0002,0.9992,116,0.9992,10,,3,19
00527,below_tau,tufts,0,,Other,,0.004,Implant,1,0.3583,0.2756,0.0039,0.3622,155,0.3622,10,,2,16
00528,below_tau,tufts,0,,Healthy,,0.0792,Healthy,1,0.0638,0.4981,0.0191,0.4189,696,0.4981,10,,2,22
00529,confirm,tufts,0,,Other,,0.9853,Endodontics,1,0.9906,0.0035,0.0005,0.0053,882,0.9906,10,,3,12
00530,confirm,tufts,0,,Implant,,0.9977,Implant,1,0.0005,0.0006,0.0006,0.9983,290,0.9983,10,,3,1
00531,confirm,tufts,0,,Impacted,,0.9939,Impacted,1,0.001,0.0023,0.9961,0.0006,461,0.9961,10,,3,0
00532,confirm,tufts,0,,Implant,,0.9986,Implant,1,0.0004,0.0003,0.0003,0.999,311,0.999,10,,3,18
00533,confirm,tufts,0,,Impacted,,0.9964,Impacted,1,0.0008,0.0009,0.9973,0.0009,886,0.9973,10,,3,0
00534,confirm,tufts,0,,Healthy,,0.8113,Healthy,1,0.0699,0.8812,0.0401,0.0088,296,0.8812,10,,3,22
00535,confirm,tufts,0,,Healthy,,0.9184,Healthy,1,0.025,0.9435,0.0064,0.0251,200,0.9435,10,,3,17
00536,confirm,tufts,0,,Impacted,,0.9918,Impacted,1,0.0012,0.0022,0.9942,0.0024,494,0.9942,10,,3,0
00537,confirm,tufts,0,,Other,,0.333,Implant,1,0.0881,0.1683,0.2053,0.5383,696,0.5383,10,,3,14
00538,confirm,tufts,0,,Exclude,,0.951,Healthy,1,0.0024,0.9718,0.0207,0.0051,168,0.9718,10,,3,19
00539,below_tau,tufts,0,,Other,,0.0116,Implant,1,0.1231,0.3975,0.0703,0.4091,539,0.4091,10,,2,0
00540,confirm,tufts,0,,Impacted,,0.995,Impacted,1,0.0005,0.0019,0.9969,0.0007,87,0.9969,10,,3,1
00541,confirm,tufts,0,,Healthy,,0.9907,Healthy,1,0.0036,0.9942,0.0015,0.0007,498,0.9942,10,,3,3
00542,confirm,tufts,0,,Implant,,0.9953,Implant,1,0.002,0.0005,0.0004,0.9972,1047,0.9972,10,,3,23
00543,confirm,tufts,0,,Implant,,0.9983,Implant,1,0.0005,0.0003,0.0005,0.9987,279,0.9987,10,,3,21
00544,confirm,tufts,0,,Implant,,0.9977,Implant,1,0.0005,0.0005,0.0006,0.9984,775,0.9984,10,,3,2
00545,confirm,tufts,0,,Other,,0.8426,Endodontics,1,0.9073,0.0647,0.0038,0.0241,77,0.9073,10,,3,3
00546,confirm,tufts,0,,Impacted,,0.9965,Impacted,1,0.0006,0.0011,0.9976,0.0006,132,0.9976,10,,3,30
00547,confirm,tufts,0,,Endodontics,,0.9795,Endodontics,1,0.9879,0.0027,0.001,0.0084,725,0.9879,10,,3,17
00548,confirm,tufts,0,,Healthy,,0.7223,Healthy,1,0.003,0.8377,0.044,0.1153,525,0.8377,10,,3,19
00549,confirm,tufts,0,,Other,,0.9948,Implant,1,0.0016,0.001,0.0009,0.9964,273,0.9964,10,,3,7
00550,below_tau,tufts,0,,Healthy,,0.8712,Impacted,1,0.0021,0.0618,0.933,0.0032,624,0.933,10,,3,27
00551,confirm,tufts,0,,Implant,,0.9991,Implant,1,0.0002,0.0002,0.0002,0.9993,198,0.9993,10,,3,3
00552,confirm,tufts,0,,Other,,0.9513,Endodontics,1,0.9704,0.0192,0.001,0.0094,843,0.9704,10,,3,2
00553,confirm,tufts,0,,Other,,0.9757,Endodontics,1,0.9826,0.0069,0.0045,0.006,25,0.9826,10,,3,25
00554,confirm,tufts,0,,Healthy,,0.9848,Healthy,1,0.0023,0.991,0.0062,0.0006,943,0.991,10,,3,9
00555,confirm,tufts,0,,Implant,,0.999,Implant,1,0.0003,0.0002,0.0002,0.9993,212,0.9993,10,,3,5
00556,confirm,tufts,0,,Other,,0.7513,Endodontics,1,0.8388,0.0874,0.0032,0.0707,826,0.8388,10,,3,10
00557,below_tau,tufts,0,,Healthy,,0.2221,Implant,1,0.2461,0.2485,0.0349,0.4705,522,0.4705,10,,2,23
00558,confirm,tufts,0,,Other,,0.9023,Endodontics,1,0.9421,0.0176,0.0006,0.0398,652,0.9421,10,,3,5
00559,confirm,tufts,0,,Implant,,0.9986,Implant,1,0.0005,0.0002,0.0002,0.9991,406,0.9991,10,,3,26
00560,confirm,tufts,0,,Other,,0.7959,Endodontics,1,0.8785,0.0368,0.0021,0.0826,406,0.8785,10,,3,3
00561,below_tau,tufts,0,,Healthy,,0.2751,Impacted,1,0.1122,0.1962,0.4833,0.2083,464,0.4833,10,,2,5
00562,confirm,tufts,0,,Healthy,,0.9852,Healthy,1,0.0047,0.9899,0.003,0.0025,862,0.9899,10,,3,12
00563,confirm,tufts,0,,Other,,0.696,Endodontics,1,0.8415,0.1455,0.0013,0.0117,303,0.8415,10,,3,23
00564,below_tau,tufts,0,,Healthy,,0.0707,Implant,1,0.1069,0.4037,0.015,0.4744,870,0.4744,10,,2,17
00565,confirm,tufts,0,,Other,,0.5639,Endodontics,1,0.7302,0.0981,0.0055,0.1662,907,0.7302,10,,3,15
00566,confirm,tufts,0,,Healthy,,0.9741,Healthy,1,0.0026,0.9825,0.0084,0.0066,781,0.9825,10,,3,25
00567,below_tau,tufts,0,,Other,,0.2784,Healthy,1,0.1625,0.4892,0.2108,0.1375,860,0.4892,10,,2,3
00568,below_tau,tufts,0,,Impacted,,0.7906,Impacted,1,0.0895,0.023,0.8802,0.0073,701,0.8802,10,,3,19
00569,confirm,tufts,0,,Implant,,0.9984,Implant,1,0.0005,0.0003,0.0003,0.9989,170,0.9989,10,,3,20
00570,confirm,tufts,0,,Healthy,,0.9865,Healthy,1,0.0045,0.991,0.0005,0.0039,774,0.991,10,,3,6
00571,confirm,tufts,0,,Implant,,0.9988,Implant,1,0.0003,0.0003,0.0003,0.9991,198,0.9991,10,,3,1
00572,confirm,tufts,0,,Impacted,,0.9962,Impacted,1,0.0009,0.0012,0.9974,0.0006,403,0.9974,10,,3,0
00573,confirm,tufts,0,,Other,,0.8555,Endodontics,1,0.9045,0.0448,0.0017,0.049,752,0.9045,10,,3,2
00574,confirm,tufts,0,,Implant,,0.9985,Implant,1,0.0005,0.0002,0.0002,0.9991,634,0.9991,10,,3,19
00575,confirm,tufts,0,,Impacted,,0.9883,Impacted,1,0.0026,0.0037,0.992,0.0017,54,0.992,10,,3,25
00576,below_tau,tufts,0,,Other,,0.041,Endodontics,1,0.4698,0.4288,0.0129,0.0886,431,0.4698,10,,2,13
00577,confirm,tufts,0,,Exclude,,0.6044,Healthy,1,0.0199,0.7902,0.1857,0.0042,773,0.7902,10,,3,0
00578,confirm,tufts,0,,Implant,,0.9956,Implant,1,0.0018,0.0004,0.0005,0.9974,505,0.9974,10,,3,4
00579,confirm,tufts,0,,Other,,0.9359,Endodontics,1,0.9573,0.0201,0.0012,0.0214,521,0.9573,10,,3,10
00580,confirm,tufts,0,,Healthy,,0.9873,Healthy,1,0.0014,0.9911,0.0038,0.0036,795,0.9911,10,,3,8
00581,below_tau,tufts,0,,Other,,0.0497,Implant,1,0.2551,0.3431,0.009,0.3928,522,0.3928,10,,1,24
00582,confirm,tufts,0,,Other,,0.5369,Endodontics,1,0.7551,0.2181,0.0062,0.0206,34,0.7551,10,,3,4
00583,confirm,tufts,0,,Other,,0.5906,Endodontics,1,0.7862,0.1956,0.0024,0.0159,490,0.7862,10,,3,2
00584,confirm,tufts,0,,Implant,,0.9986,Implant,1,0.0004,0.0003,0.0002,0.9991,869,0.9991,10,,3,3
00585,confirm,tufts,0,,Impacted,,0.9942,Impacted,1,0.0005,0.0024,0.9965,0.0006,551,0.9965,10,,3,0
00586,confirm,tufts,0,,Impacted,,0.9836,Impacted,1,0.0014,0.0064,0.9901,0.0021,264,0.9901,10,,3,1
00587,confirm,tufts,0,,Other,,0.7574,Endodontics,1,0.8592,0.1019,0.0016,0.0373,208,0.8592,10,,3,18
00588,confirm,tufts,0,,Other,,0.5708,Endodontics,1,0.7562,0.0501,0.0083,0.1854,309,0.7562,10,,3,25
00589,confirm,tufts,0,,Other,,0.7192,Endodontics,1,0.8321,0.1129,0.0045,0.0505,479,0.8321,10,,3,2
00590,confirm,tufts,0,,Implant,,0.9989,Implant,1,0.0003,0.0002,0.0002,0.9993,116,0.9993,10,,3,2
00591,confirm,tufts,0,,Exclude,,0.9923,Impacted,1,0.0011,0.0029,0.9952,0.0008,122,0.9952,10,,3,30
00592,confirm,tufts,0,,Endodontics,,0.9977,Endodontics,1,0.9984,0.0004,0.0004,0.0008,752,0.9984,10,,3,17
00593,confirm,tufts,0,,Impacted,,0.9908,Impacted,1,0.0009,0.0037,0.9946,0.0008,549,0.9946,10,,3,0
00594,confirm,tufts,0,,Healthy,,0.6744,Healthy,1,0.0099,0.8279,0.1535,0.0088,304,0.8279,10,,3,2
00595,confirm,tufts,0,,Implant,,0.999,Implant,1,0.0002,0.0002,0.0003,0.9993,679,0.9993,10,,3,19
00596,confirm,tufts,0,,Other,,0.5878,Endodontics,1,0.7746,0.1867,0.0037,0.035,257,0.7746,10,,3,24
00597,below_tau,tufts,0,,Healthy,,0.2979,Impacted,1,0.0037,0.3423,0.6402,0.0139,886,0.6402,10,,2,28
00598,confirm,tufts,0,,Healthy,,0.8763,Healthy,1,0.0057,0.9281,0.0518,0.0145,33,0.9281,10,,3,25
00599,confirm,tufts,0,,Healthy,,0.7928,Healthy,1,0.034,0.8757,0.0073,0.083,27,0.8757,10,,3,29
00600,confirm,tufts,0,,Impacted,,0.9919,Impacted,1,0.0015,0.0026,0.9945,0.0014,250,0.9945,10,,3,0
00601,confirm,tufts,0,,Implant,,0.9986,Implant,1,0.0004,0.0003,0.0003,0.999,869,0.999,10,,3,8
00602,confirm,tufts,0,,Impacted,,0.9923,Impacted,1,0.0006,0.0029,0.9951,0.0014,727,0.9951,10,,3,8
00603,below_tau,tufts,0,,Endodontics,,0.0492,Implant,1,0.2382,0.3081,0.0964,0.3573,844,0.3573,10,,1,14
00604,confirm,tufts,0,,Impacted,,0.6684,Healthy,1,0.1363,0.8047,0.0329,0.0261,458,0.8047,10,,3,1
00605,confirm,tufts,0,,Implant,,0.9977,Implant,1,0.0003,0.0005,0.0007,0.9984,72,0.9984,10,,3,5
00606,below_tau,tufts,0,,Other,,0.1484,Endodontics,1,0.4886,0.1443,0.027,0.3401,134,0.4886,10,,1,2
00607,confirm,tufts,0,,Healthy,,0.9718,Healthy,1,0.0029,0.9817,0.0099,0.0056,347,0.9817,10,,3,27
00608,confirm,tufts,0,,Healthy,,0.9454,Healthy,1,0.0029,0.9643,0.0189,0.0139,781,0.9643,10,,3,15
00609,confirm,tufts,0,,Other,,0.9328,Endodontics,1,0.9611,0.0283,0.001,0.0096,551,0.9611,10,,3,5
00610,confirm,tufts,0,,Impacted,,0.9882,Impacted,1,0.0017,0.0038,0.992,0.0026,456,0.992,10,,3,1
00611,below_tau,tufts,0,,Other,,0.0534,Implant,1,0.0882,0.3537,0.1509,0.4072,462,0.4072,10,,2,17
00612,confirm,tufts,0,,Exclude,,0.9201,Healthy,1,0.037,0.9571,0.0031,0.0029,715,0.9571,10,,3,6
00613,confirm,tufts,0,,Other,,0.6145,Endodontics,1,0.8015,0.187,0.0029,0.0085,807,0.8015,10,,3,6
00614,confirm,tufts,0,,Impacted,,0.9959,Impacted,1,0.0003,0.0017,0.9976,0.0004,782,0.9976,10,,3,31
00615,confirm,tufts,0,,Impacted,,0.9934,Impacted,1,0.0008,0.0026,0.9961,0.0005,912,0.9961,10,,3,0
00616,confirm,tufts,0,,Impacted,,0.9883,Impacted,1,0.001,0.0048,0.9931,0.0012,325,0.9931,10,,3,28
00617,confirm,tufts,0,,Implant,,0.9983,Implant,1,0.0003,0.0005,0.0005,0.9988,598,0.9988,10,,3,23
00618,confirm,tufts,0,,Healthy,,0.9004,Healthy,1,0.0019,0.9477,0.0473,0.0032,482,0.9477,10,,3,10
00619,confirm,tufts,0,,Impacted,,0.9947,Impacted,1,0.0006,0.002,0.9967,0.0007,306,0.9967,10,,3,30
00620,confirm,tufts,0,,Impacted,,0.9898,Impacted,1,0.001,0.004,0.9939,0.0011,870,0.9939,10,,3,31
00621,confirm,tufts,0,,Bad crop,,0.9823,Healthy,1,0.0066,0.9889,0.0006,0.004,321,0.9889,10,,3,7
00622,below_tau,tufts,0,,Other,,0.0136,Healthy,1,0.0177,0.3942,0.3806,0.2075,147,0.3942,10,,1,25
00623,below_tau,tufts,0,,Exclude,,0.0075,Implant,1,0.3811,0.216,0.0142,0.3886,493,0.3886,10,,1,29
00624,below_tau,tufts,0,,Impacted,,0.7155,Impacted,1,0.0022,0.1365,0.852,0.0093,630,0.852,10,,3,26
00625,confirm,tufts,0,,Other,,0.9609,Endodontics,1,0.9744,0.0135,0.0014,0.0107,196,0.9744,10,,3,13
00626,confirm,tufts,0,,Healthy,,0.9743,Healthy,1,0.0028,0.9839,0.0038,0.0095,1018,0.9839,10,,3,2
00627,confirm,tufts,0,,Implant,,0.9988,Implant,1,0.0003,0.0003,0.0003,0.9991,197,0.9991,10,,3,5
00628,confirm,tufts,0,,Healthy,,0.9694,Healthy,1,0.0143,0.9837,0.0005,0.0016,742,0.9837,10,,3,21
00629,confirm,tufts,0,,Healthy,,0.9628,Healthy,1,0.0031,0.9786,0.0158,0.0025,835,0.9786,10,,3,26
00630,confirm,tufts,0,,Impacted,,0.9926,Impacted,1,0.0012,0.0023,0.9948,0.0017,732,0.9948,10,,3,31
00631,below_tau,tufts,0,,Impacted,,0.9811,Impacted,1,0.0018,0.0074,0.9884,0.0024,174,0.9884,10,,3,26
00632,confirm,tufts,0,,Other,,0.7463,Endodontics,1,0.8323,0.0792,0.0026,0.0859,565,0.8323,10,,3,1
00633,confirm,tufts,0,,Impacted,,0.9858,Impacted,1,0.0034,0.0048,0.9905,0.0013,751,0.9905,10,,3,29
00634,below_tau,tufts,0,,Other,,0.1818,Healthy,1,0.2808,0.4626,0.0052,0.2513,894,0.4626,10,,2,15
00635,below_tau,tufts,0,,Other,,0.106,Healthy,1,0.3844,0.4905,0.072,0.0531,779,0.4905,10,,2,26
00636,confirm,tufts,0,,Implant,,0.9972,Implant,1,0.0011,0.0003,0.0003,0.9983,197,0.9983,10,,3,17
00637,confirm,tufts,0,,Implant,,0.9981,Implant,1,0.0003,0.0006,0.0005,0.9986,791,0.9986,10,,3,11
00638,below_tau,tufts,0,,Other,,0.3967,Endodontics,1,0.5837,0.1028,0.187,0.1266,915,0.5837,10,,3,16
00639,confirm,tufts,0,,Bad crop,,0.9982,Implant,1,0.0005,0.0004,0.0003,0.9987,294,0.9987,10,,3,14
00640,confirm,tufts,0,,Implant,,0.9986,Implant,1,0.0004,0.0003,0.0003,0.999,338,0.999,10,,3,3
00641,confirm,tufts,0,,Other,,0.7249,Endodontics,1,0.8238,0.099,0.0057,0.0715,620,0.8238,10,,3,14
00642,confirm,tufts,0,,Endodontics,,0.9959,Endodontics,1,0.9971,0.0008,0.001,0.0011,341,0.9971,10,,3,18
00643,confirm,tufts,0,,Healthy,,0.989,Healthy,1,0.0036,0.9926,0.0018,0.0019,230,0.9926,10,,3,8
00644,confirm,tufts,0,,Healthy,,0.7346,Healthy,1,0.1206,0.8551,0.0114,0.0129,471,0.8551,10,,3,12
00645,confirm,tufts,0,,Implant,,0.9985,Implant,1,0.0005,0.0003,0.0002,0.999,903,0.999,10,,3,6
00646,confirm,tufts,0,,Impacted,,0.989,Impacted,1,0.0028,0.0029,0.9919,0.0024,606,0.9919,10,,3,0
00647,confirm,tufts,0,,Other,,0.8931,Healthy,1,0.0489,0.9421,0.0033,0.0057,26,0.9421,10,,3,7
00648,confirm,tufts,0,,Healthy,,0.9909,Healthy,1,0.0033,0.9941,0.0007,0.002,792,0.9941,10,,3,28
00649,confirm,tufts,0,,Other,,0.9897,Endodontics,1,0.9932,0.0021,0.0012,0.0035,877,0.9932,10,,3,25
00650,confirm,tufts,0,,Other,,0.6253,Endodontics,1,0.7518,0.1265,0.004,0.1178,627,0.7518,10,,3,2
00651,confirm,tufts,0,,Impacted,,0.9882,Impacted,1,0.0008,0.0051,0.9934,0.0006,114,0.9934,10,,3,30
00652,confirm,tufts,0,,Other,,0.7524,Endodontics,1,0.8353,0.0779,0.004,0.0828,245,0.8353,10,,3,3
00653,confirm,tufts,0,,Bad crop,,0.8319,Implant,1,0.0832,0.0009,0.0007,0.9151,408,0.9151,10,,3,9
00654,confirm,tufts,0,,Healthy,,0.6999,Healthy,1,0.0017,0.8464,0.1464,0.0055,864,0.8464,10,,3,25
00655,confirm,tufts,0,,Impacted,,0.9845,Impacted,1,0.0017,0.0065,0.991,0.0008,906,0.991,10,,3,2
00656,confirm,tufts,0,,Other,,0.8274,Healthy,1,0.07,0.8975,0.0187,0.0137,354,0.8975,10,,3,28
00657,confirm,tufts,0,,Impacted,,0.9936,Impacted,1,0.0012,0.0021,0.9958,0.0009,141,0.9958,10,,3,1
00658,confirm,tufts,0,,Impacted,,0.9879,Impacted,1,0.0011,0.005,0.9929,0.001,250,0.9929,10,,3,29
00659,below_tau,tufts,0,,Healthy,,0.0856,Implant,1,0.0247,0.4088,0.0721,0.4944,633,0.4944,10,,2,8
00660,below_tau,tufts,0,,Other,,0.1978,Implant,1,0.0783,0.2416,0.2406,0.4394,638,0.4394,10,,2,24
00661,confirm,tufts,0,,Impacted,,0.9929,Impacted,1,0.0008,0.0028,0.9957,0.0008,393,0.9957,10,,3,31
00662,confirm,tufts,0,,Exclude,,0.9904,Healthy,1,0.0032,0.9936,0.0017,0.0016,667,0.9936,10,,3,5
00663,confirm,tufts,0,,Impacted,,0.9884,Impacted,1,0.0006,0.0051,0.9934,0.0009,321,0.9934,10,,3,0
00664,confirm,tufts,0,,Other,,0.8506,Endodontics,1,0.9147,0.0641,0.0014,0.0198,882,0.9147,10,,3,17
00665,confirm,tufts,0,,Other,,0.8748,Endodontics,1,0.9242,0.0246,0.0018,0.0494,366,0.9242,10,,3,3
00666,confirm,tufts,0,,Other,,0.8688,Healthy,1,0.0494,0.9183,0.0181,0.0142,820,0.9183,10,,3,18
00667,confirm,tufts,0,,Impacted,,0.995,Impacted,1,0.0005,0.0019,0.9969,0.0007,361,0.9969,10,,3,30
00668,confirm,tufts,0,,Endodontics,,0.9967,Endodontics,1,0.9977,0.0008,0.0005,0.001,366,0.9977,10,,3,12
00669,confirm,tufts,0,,Healthy,,0.9486,Healthy,1,0.0048,0.9689,0.0203,0.006,33,0.9689,10,,3,1
00670,below_tau,tufts,0,,Other,,0.2046,Implant,1,0.2637,0.2591,0.0089,0.4683,851,0.4683,10,,2,3
00671,below_tau,tufts,0,,Other,,0.0794,Healthy,1,0.1975,0.4163,0.3369,0.0493,531,0.4163,10,,1,0
00672,confirm,tufts,0,,Impacted,,0.9871,Impacted,1,0.0022,0.0042,0.9913,0.0023,572,0.9913,10,,3,0
00673,confirm,tufts,0,,Implant,,0.9989,Implant,1,0.0003,0.0002,0.0003,0.9992,311,0.9992,10,,3,1
00674,confirm,tufts,0,,Impacted,,0.985,Impacted,1,0.0024,0.0056,0.9906,0.0014,786,0.9906,10,,3,0
00675,confirm,tufts,0,,Other,,0.9064,Endodontics,1,0.9445,0.0381,0.0005,0.0168,972,0.9445,10,,3,19
00676,confirm,tufts,0,,Impacted,,0.9954,Impacted,1,0.0005,0.0018,0.9972,0.0005,280,0.9972,10,,3,21
00677,below_tau,tufts,0,,Impacted,,0.9227,Impacted,1,0.0015,0.0369,0.9596,0.002,811,0.9596,10,,3,32
00678,confirm,tufts,0,,Implant,,0.9989,Implant,1,0.0003,0.0002,0.0003,0.9992,116,0.9992,10,,3,18
00679,confirm,tufts,0,,Impacted,,0.9897,Impacted,1,0.0012,0.0039,0.9936,0.0013,680,0.9936,10,,3,0
00680,confirm,tufts,0,,Impacted,,0.9927,Impacted,1,0.0006,0.0031,0.9958,0.0004,396,0.9958,10,,3,29
00681,confirm,tufts,0,,Implant,,0.9981,Implant,1,0.0005,0.0005,0.0004,0.9986,678,0.9986,10,,3,0
00682,confirm,tufts,0,,Endodontics,,0.977,Endodontics,1,0.9864,0.003,0.0011,0.0094,245,0.9864,10,,3,6
00683,confirm,tufts,0,,Other,,0.8489,Endodontics,1,0.9068,0.0579,0.0105,0.0248,809,0.9068,10,,3,12
00684,confirm,tufts,0,,Impacted,,0.9944,Impacted,1,0.0004,0.0023,0.9966,0.0007,871,0.9966,10,,3,26
00685,confirm,tufts,0,,Exclude,,0.9471,Healthy,1,0.0134,0.965,0.0037,0.0179,550,0.965,10,,3,24
00686,confirm,tufts,0,,Healthy,,0.9831,Healthy,1,0.0047,0.9878,0.0038,0.0037,385,0.9878,10,,3,14
00687,confirm,tufts,0,,Implant,,0.9981,Implant,1,0.0008,0.0002,0.0002,0.9988,428,0.9988,10,,3,15
00688,confirm,tufts,0,,Impacted,,0.9841,Impacted,1,0.0005,0.0073,0.9913,0.0009,475,0.9913,10,,3,0
00689,confirm,tufts,0,,Healthy,,0.9909,Healthy,1,0.0031,0.994,0.0005,0.0024,220,0.994,10,,3,26
00690,confirm,tufts,0,,Other,,0.8703,Healthy,1,0.0062,0.9284,0.0581,0.0072,1013,0.9284,10,,3,26
00691,confirm,tufts,0,,Other,,0.7681,Endodontics,1,0.8447,0.0759,0.0028,0.0766,802,0.8447,10,,3,3
00692,confirm,tufts,0,,Impacted,,0.9868,Impacted,1,0.0011,0.0053,0.9921,0.0015,274,0.9921,10,,3,29
00693,confirm,tufts,0,,Implant,,0.998,Implant,1,0.0007,0.0003,0.0003,0.9987,110,0.9987,10,,3,2
00694,confirm,tufts,0,,Implant,,0.9988,Implant,1,0.0003,0.0003,0.0003,0.9991,311,0.9991,9,,3,14
00695,confirm,tufts,0,,Healthy,,0.981,Healthy,1,0.0041,0.986,0.005,0.0049,958,0.986,10,,3,3
00696,confirm,tufts,0,,Exclude,,0.6792,Endodontics,1,0.7792,0.0696,0.0512,0.1,718,0.7792,9,,3,22
00697,confirm,tufts,0,,Exclude,,0.9863,Impacted,1,0.0005,0.0058,0.9922,0.0014,879,0.9922,9,,3,21
00698,confirm,tufts,0,,Impacted,,0.9909,Impacted,1,0.0012,0.0032,0.9942,0.0013,75,0.9942,10,,3,0
00699,confirm,tufts,0,,Impacted,,0.9864,Impacted,1,0.0012,0.0055,0.9919,0.0014,50,0.9919,10,,3,31
00700,confirm,tufts,0,,Other,,0.6059,Endodontics,1,0.7489,0.1044,0.0037,0.143,759,0.7489,9,,3,3
00701,confirm,tufts,0,,Healthy,,0.9503,Healthy,1,0.0184,0.9688,0.0046,0.0082,663,0.9688,10,,3,23
00702,below_tau,tufts,0,,Other,,0.019,Endodontics,1,0.4837,0.4647,0.0047,0.0468,307,0.4837,10,,2,21
00703,confirm,tufts,0,,Other,,0.8639,Endodontics,1,0.9179,0.054,0.0033,0.0248,17,0.9179,9,,3,21
00704,confirm,tufts,0,,Implant,,0.9985,Implant,1,0.0004,0.0003,0.0003,0.9989,465,0.9989,9,,3,0
00705,confirm,tufts,0,,Impacted,,0.9886,Impacted,1,0.0006,0.0045,0.9931,0.0018,381,0.9931,10,,3,0
00706,below_tau,tufts,0,,Impacted,,0.8921,Impacted,1,0.0025,0.0495,0.9416,0.0063,867,0.9416,10,,3,26
00707,confirm,tufts,0,,Healthy,,0.5037,Endodontics,1,0.7221,0.2184,0.0054,0.0541,516,0.7221,9,,3,7
00708,confirm,tufts,0,,Healthy,,0.9148,Healthy,1,0.0043,0.9511,0.0363,0.0083,881,0.9511,10,,3,26
00709,confirm,tufts,0,,Implant,,0.9985,Implant,1,0.0004,0.0003,0.0004,0.9989,903,0.9989,10,,3,7
00710,confirm,tufts,0,,Other,,0.6875,Healthy,1,0.0517,0.8065,0.119,0.0228,664,0.8065,9,,3,1
00711,confirm,tufts,0,,Healthy,,0.9213,Healthy,1,0.0075,0.956,0.0347,0.0018,572,0.956,9,,3,2
00712,below_tau,tufts,0,,Other,,0.0637,Endodontics,1,0.4893,0.4256,0.0035,0.0817,747,0.4893,9,,2,1
00713,confirm,tufts,0,,Healthy,,0.987,Healthy,1,0.005,0.992,0.0013,0.0017,649,0.992,9,,3,23
00714,confirm,tufts,0,,Impacted,,0.9944,Impacted,1,0.0007,0.0021,0.9965,0.0007,55,0.9965,10,,3,6
00715,confirm,tufts,0,,Other,,0.7971,Healthy,1,0.0357,0.8578,0.0608,0.0457,169,0.8578,10,,3,0
00716,below_tau,tufts,0,,Exclude,,0.1994,Endodontics,1,0.5213,0.1269,0.3219,0.0298,128,0.5213,9,,2,17
00717,below_tau,tufts,0,,Healthy,,0.158,Healthy,1,0.2204,0.4543,0.2964,0.0289,55,0.4543,10,,1,19
00718,confirm,tufts,0,,Healthy,,0.8777,Healthy,1,0.0553,0.933,0.0009,0.0108,282,0.933,10,,3,24
00719,confirm,tufts,0,,Impacted,,0.9928,Impacted,1,0.0014,0.0022,0.995,0.0013,468,0.995,9,,3,21
00720,confirm,tufts,0,,Implant,,0.9985,Implant,1,0.0004,0.0003,0.0004,0.9989,1038,0.9989,9,,3,24
00721,confirm,tufts,0,,Implant,,0.9987,Implant,1,0.0003,0.0003,0.0003,0.9991,345,0.9991,10,,3,1
00722,confirm,tufts,0,,Impacted,,0.9961,Impacted,1,0.0006,0.0012,0.9973,0.0009,264,0.9973,9,,3,0
00723,confirm,tufts,0,,Other,,0.9741,Endodontics,1,0.9831,0.0075,0.0005,0.009,803,0.9831,9,,3,1
00724,confirm,tufts,0,,Implant,,0.9877,Implant,1,0.0052,0.0014,0.0006,0.9929,537,0.9929,9,,3,15
00725,confirm,tufts,0,,Impacted,,0.99,Impacted,1,0.0012,0.0039,0.9939,0.001,232,0.9939,9,,3,0
00726,below_tau,tufts,0,,Healthy,,0.3928,Impacted,1,0.0016,0.3015,0.6942,0.0027,580,0.6942,9,,2,7
00727,confirm,tufts,0,,Healthy,,0.9452,Healthy,1,0.0058,0.9633,0.0127,0.0181,963,0.9633,9,,3,2
00728,confirm,tufts,0,,Healthy,,0.9698,Healthy,1,0.0129,0.9828,0.0008,0.0035,980,0.9828,9,,3,8
00729,confirm,tufts,0,,Implant,,0.9988,Implant,1,0.0004,0.0002,0.0002,0.9992,311,0.9992,9,,3,3
00730,confirm,tufts,0,,Impacted,,0.9876,Impacted,1,0.0007,0.0055,0.9931,0.0008,162,0.9931,9,,3,29
00731,confirm,tufts,0,,Healthy,,0.9872,Healthy,1,0.0032,0.9905,0.0033,0.003,663,0.9905,9,,3,13
00732,confirm,tufts,0,,Impacted,,0.994,Impacted,1,0.0009,0.002,0.9959,0.0012,437,0.9959,9,,3,0
00733,confirm,tufts,0,,Endodontics,,0.9769,Endodontics,1,0.9856,0.0045,0.0011,0.0088,598,0.9856,9,,3,24
00734,confirm,tufts,0,,Implant,,0.9988,Implant,1,0.0003,0.0002,0.0003,0.9991,869,0.9991,9,,3,11
00735,confirm,tufts,0,,Other,,0.4829,Endodontics,1,0.7217,0.0348,0.0047,0.2388,516,0.7217,9,,3,9
00736,confirm,tufts,0,,Impacted,,0.9951,Impacted,1,0.0005,0.0018,0.9969,0.0007,372,0.9969,9,,3,30
00737,confirm,tufts,0,,Implant,,0.9986,Implant,1,0.0004,0.0003,0.0003,0.999,175,0.999,9,,3,4
00738,confirm,tufts,0,,Exclude,,0.5662,Implant,1,0.12,0.1542,0.0055,0.7203,694,0.7203,9,,3,0
00739,confirm,tufts,0,,Implant,,0.9986,Implant,1,0.0004,0.0003,0.0003,0.999,1018,0.999,9,,3,3
00740,below_tau,tufts,0,,Exclude,,0.1498,Healthy,1,0.16,0.493,0.0037,0.3433,508,0.493,9,,2,23
00741,confirm,tufts,0,,Endodontics,,0.9895,Endodontics,1,0.9938,0.0015,0.0004,0.0043,817,0.9938,9,,3,17
00742,confirm,tufts,0,,Healthy,,0.9827,Healthy,1,0.0042,0.9885,0.0058,0.0015,295,0.9885,9,,3,7
00743,confirm,tufts,0,,Healthy,,0.835,Healthy,1,0.0136,0.9044,0.0126,0.0694,297,0.9044,9,,3,16
00744,below_tau,tufts,0,,Other,,0.1606,Implant,1,0.2623,0.2859,0.0053,0.4466,725,0.4466,9,,1,15
00745,confirm,tufts,0,,Healthy,,0.8578,Healthy,1,0.0686,0.9264,0.0008,0.0041,104,0.9264,9,,3,7
00746,confirm,tufts,0,,Healthy,,0.9821,Healthy,1,0.0029,0.989,0.0012,0.0069,491,0.989,9,,3,27
00747,confirm,tufts,0,,Healthy,,0.9882,Healthy,1,0.002,0.9916,0.003,0.0034,747,0.9916,9,,3,13
00748,below_tau,tufts,0,,Impacted,,0.4117,Impacted,1,0.0017,0.2905,0.7022,0.0056,22,0.7022,9,,2,2
00749,confirm,tufts,0,,Other,,0.7004,Endodontics,1,0.8106,0.1102,0.0029,0.0762,516,0.8106,9,,3,1
00750,confirm,tufts,0,,Implant,,0.9984,Implant,1,0.0006,0.0002,0.0002,0.999,311,0.999,9,,3,13
00751,confirm,tufts,0,,Other,,0.9918,Healthy,1,0.0021,0.9939,0.0019,0.0021,244,0.9939,9,,3,2
00752,confirm,tufts,0,,Impacted,,0.9921,Impacted,1,0.001,0.0025,0.9946,0.0019,894,0.9946,9,,3,0
00753,confirm,tufts,0,,Implant,,0.9987,Implant,1,0.0004,0.0003,0.0002,0.9991,345,0.9991,9,,3,2
00754,confirm,tufts,0,,Exclude,,0.9403,Healthy,1,0.0273,0.9676,0.0012,0.0039,61,0.9676,9,,3,28
00755,confirm,tufts,0,,Implant,,0.9984,Implant,1,0.0004,0.0003,0.0004,0.9989,903,0.9989,9,,3,4
00756,confirm,tufts,0,,Bad crop,,0.9984,Implant,1,0.0005,0.0002,0.0003,0.9989,634,0.9989,9,,3,1
00757,confirm,tufts,0,,Other,,0.9611,Endodontics,1,0.9782,0.0171,0.0005,0.0041,964,0.9782,9,,3,21
00758,confirm,tufts,0,,Implant,,0.9965,Implant,1,0.0014,0.0004,0.0003,0.9979,408,0.9979,9,,3,4
00759,confirm,tufts,0,,Endodontics,,0.9911,Endodontics,1,0.9944,0.0013,0.001,0.0033,60,0.9944,9,,3,17
00760,confirm,tufts,0,,Healthy,,0.9549,Healthy,1,0.0045,0.9731,0.0181,0.0043,675,0.9731,9,,3,11
00761,confirm,tufts,0,,Bad crop,,0.9987,Implant,1,0.0004,0.0003,0.0003,0.9991,561,0.9991,9,,3,2
00762,confirm,tufts,0,,Healthy,,0.867,Implant,1,0.0103,0.0608,0.0011,0.9278,851,0.9278,9,,3,8
00763,confirm,tufts,0,,Healthy,,0.9443,Healthy,1,0.0153,0.9616,0.0172,0.0058,1004,0.9616,9,,3,20
00764,confirm,tufts,0,,Impacted,,0.9927,Impacted,1,0.0005,0.0027,0.9955,0.0013,673,0.9955,9,,3,3
00765,below_tau,tufts,0,,Exclude,,0.0049,Impacted,1,0.4226,0.095,0.4275,0.0549,147,0.4275,9,,1,7
00766,confirm,tufts,0,,Healthy,,0.9672,Healthy,1,0.0067,0.9767,0.0095,0.0071,946,0.9767,9,,3,14
00767,confirm,tufts,0,,Implant,,0.9984,Implant,1,0.0004,0.0003,0.0004,0.9989,290,0.9989,9,,3,0
00768,confirm,tufts,0,,Exclude,,0.9597,Healthy,1,0.0036,0.976,0.0163,0.0041,347,0.976,9,,3,1
00769,confirm,tufts,0,,Implant,,0.9988,Implant,1,0.0004,0.0003,0.0002,0.9991,561,0.9991,9,,3,1
00770,confirm,tufts,0,,Exclude,,0.2143,Implant,1,0.3726,0.0272,0.0133,0.5869,826,0.5869,9,,3,4
00771,below_tau,tufts,0,,Other,,0.1914,Endodontics,1,0.4988,0.3075,0.049,0.1447,800,0.4988,9,,2,15
00772,confirm,tufts,0,,Impacted,,0.9932,Impacted,1,0.0011,0.0024,0.9956,0.001,878,0.9956,9,,3,0
00773,confirm,tufts,0,,Healthy,,0.5632,Healthy,1,0.2118,0.775,0.0007,0.0125,767,0.775,9,,3,21
00774,below_tau,tufts,0,,Other,,0.8602,Impacted,1,0.0199,0.0563,0.9166,0.0072,999,0.9166,9,,3,9
00775,confirm,tufts,0,,Healthy,,0.7136,Healthy,1,0.0023,0.8537,0.1401,0.0039,429,0.8537,9,,3,2
00776,confirm,tufts,0,,Other,,0.4867,Healthy,1,0.0427,0.6437,0.1565,0.1571,462,0.6437,9,,3,0
00777,confirm,tufts,0,,Impacted,,0.9861,Impacted,1,0.001,0.006,0.9921,0.0009,683,0.9921,9,,3,30
00778,confirm,tufts,0,,Impacted,,0.9932,Impacted,1,0.0008,0.0025,0.9957,0.0009,812,0.9957,10,,3,31
00779,confirm,tufts,0,,Exclude,,0.9776,Healthy,1,0.0072,0.9848,0.0035,0.0046,141,0.9848,9,,3,29
00780,below_tau,tufts,0,,Impacted,,0.9829,Impacted,1,0.0027,0.0058,0.9887,0.0029,715,0.9887,9,,3,29
00781,confirm,tufts,0,,Endodontics,,0.9839,Endodontics,1,0.9907,0.0014,0.001,0.0068,230,0.9907,9,,3,1
00782,confirm,tufts,0,,Impacted,,0.995,Impacted,1,0.0012,0.0015,0.9965,0.0008,777,0.9965,9,,3,31
00783,confirm,tufts,0,,Implant,,0.9971,Implant,1,0.0007,0.0005,0.0009,0.9979,808,0.9979,9,,3,24
00784,confirm,tufts,0,,Exclude,,0.9912,Impacted,1,0.0013,0.0029,0.994,0.0019,351,0.994,9,,3,0
00785,confirm,tufts,0,,Bad crop,,0.9981,Implant,1,0.0007,0.0003,0.0003,0.9987,540,0.9987,9,,3,2
00786,confirm,tufts,0,,Impacted,,0.9908,Impacted,1,0.0015,0.0029,0.9937,0.0019,242,0.9937,9,,3,0
00787,confirm,tufts,0,,Impacted,,0.9894,Impacted,1,0.0011,0.004,0.9933,0.0016,812,0.9933,9,,3,0
00788,confirm,tufts,0,,Healthy,,0.9482,Healthy,1,0.0019,0.9721,0.0238,0.0022,1030,0.9721,9,,3,5
00789,confirm,tufts,0,,Other,,0.9245,Healthy,1,0.0337,0.9582,0.0022,0.0059,255,0.9582,9,,3,21
00790,confirm,tufts,0,,Implant,,0.9983,Implant,1,0.0006,0.0003,0.0003,0.9989,540,0.9989,9,,3,3
00791,confirm,tufts,0,,Healthy,,0.965,Healthy,1,0.0154,0.9804,0.0009,0.0032,35,0.9804,9,,3,20
00792,confirm,tufts,0,,Healthy,,0.7093,Implant,1,0.0139,0.1314,0.014,0.8407,821,0.8407,9,,3,2
00793,confirm,tufts,0,,Impacted,,0.9851,Impacted,1,0.0015,0.0054,0.9905,0.0026,141,0.9905,9,,3,31
00794,confirm,tufts,0,,Impacted,,0.987,Impacted,1,0.001,0.0048,0.9918,0.0024,267,0.9918,9,,3,0
00795,confirm,tufts,0,,Exclude,,0.9854,Impacted,1,0.0008,0.0062,0.9916,0.0014,594,0.9916,9,,3,0
00796,confirm,tufts,0,,Healthy,,0.9211,Healthy,1,0.0328,0.954,0.0035,0.0097,544,0.954,9,,3,2
00797,below_tau,tufts,0,,Endodontics,,0.1606,Implant,1,0.1603,0.0142,0.3324,0.493,1010,0.493,9,,2,0
00798,confirm,tufts,0,,Bad crop,,0.9982,Implant,1,0.0007,0.0002,0.0002,0.9989,894,0.9989,9,,3,3
00799,below_tau,tufts,0,,Other,,0.0521,Implant,1,0.365,0.1303,0.0875,0.4172,904,0.4172,9,,2,6
00800,confirm,tufts,0,,Impacted,,0.9925,Impacted,1,0.0007,0.0025,0.995,0.0019,103,0.995,9,,3,29
00801,confirm,tufts,0,,Healthy,,0.3525,Implant,1,0.1366,0.2519,0.0071,0.6044,147,0.6044,9,,3,31
00802,below_tau,tufts,0,,Impacted,,0.9792,Impacted,1,0.0021,0.0078,0.987,0.0031,509,0.987,9,,3,20
00803,below_tau,tufts,0,,Healthy,,0.059,Healthy,1,0.0846,0.4321,0.1102,0.3731,938,0.4321,9,,1,19
00804,confirm,tufts,0,,Healthy,,0.9602,Healthy,1,0.0039,0.9772,0.0019,0.017,1011,0.9772,9,,3,1
00805,confirm,tufts,0,,Implant,,0.9989,Implant,1,0.0003,0.0003,0.0002,0.9992,465,0.9992,9,,3,3
00806,below_tau,tufts,0,,Healthy,,0.5792,Impacted,1,0.0031,0.2047,0.7838,0.0084,202,0.7838,9,,3,22
00807,confirm,tufts,0,,Impacted,,0.9912,Impacted,1,0.0019,0.0029,0.9941,0.0012,435,0.9941,9,,3,31
00808,confirm,tufts,0,,Endodontics,,0.892,Endodontics,1,0.9361,0.0118,0.008,0.0441,681,0.9361,9,,3,0
00809,confirm,tufts,0,,Other,,0.7066,Endodontics,1,0.8428,0.1361,0.0012,0.0199,618,0.8428,9,,3,5
00810,confirm,tufts,0,,Impacted,,0.9959,Impacted,1,0.0007,0.0014,0.9973,0.0005,153,0.9973,9,,3,0
00811,confirm,tufts,0,,Other,,0.7961,Endodontics,1,0.8796,0.0835,0.0064,0.0306,747,0.8796,9,,3,19
00812,confirm,tufts,0,,Implant,,0.9984,Implant,1,0.0003,0.0004,0.0004,0.9988,564,0.9988,9,,3,12
00813,confirm,tufts,0,,Impacted,,0.9939,Impacted,1,0.0009,0.0021,0.9961,0.0008,418,0.9961,9,,3,25
00814,below_tau,tufts,0,,Exclude,,0.9589,Impacted,1,0.0025,0.018,0.9768,0.0028,325,0.9768,9,,3,23
00815,confirm,tufts,0,,Implant,,0.9986,Implant,1,0.0004,0.0003,0.0003,0.999,478,0.999,9,,3,20
00816,confirm,tufts,0,,Healthy,,0.8934,Healthy,1,0.0177,0.9367,0.0023,0.0433,192,0.9367,9,,3,1
00817,confirm,tufts,0,,Impacted,,0.9919,Impacted,1,0.0014,0.0028,0.9948,0.001,481,0.9948,9,,3,31
00818,confirm,tufts,0,,Implant,,0.9988,Implant,1,0.0002,0.0003,0.0004,0.9991,22,0.9991,9,,3,1
00819,confirm,tufts,0,,Implant,,0.9989,Implant,1,0.0003,0.0002,0.0003,0.9992,465,0.9992,9,,3,19
00820,confirm,tufts,0,,Impacted,,0.9964,Impacted,1,0.0008,0.0011,0.9975,0.0007,442,0.9975,9,,3,0
00821,confirm,tufts,0,,Exclude,,0.9871,Impacted,1,0.0007,0.0058,0.9929,0.0007,151,0.9929,9,,3,5
00822,confirm,tufts,0,,Healthy,,0.9368,Healthy,1,0.0294,0.9662,0.0009,0.0035,603,0.9662,9,,3,24
00823,confirm,tufts,0,,Healthy,,0.8829,Healthy,1,0.0041,0.9341,0.0512,0.0105,849,0.9341,9,,3,14
00824,below_tau,tufts,0,,Healthy,,0.1646,Implant,1,0.009,0.2383,0.2941,0.4586,123,0.4586,9,,1,19
00825,below_tau,tufts,0,,Other,,0.2719,Impacted,1,0.0088,0.3506,0.6224,0.0182,134,0.6224,9,,2,16
00826,confirm,tufts,0,,Endodontics,,0.9962,Endodontics,1,0.9976,0.0005,0.0005,0.0014,807,0.9976,9,,3,17
00827,below_tau,tufts,0,,Impacted,,0.9688,Impacted,1,0.0011,0.0144,0.9832,0.0013,963,0.9832,9,,3,0
00828,confirm,tufts,0,,Other,,0.9183,Healthy,1,0.038,0.9563,0.0029,0.0028,847,0.9563,9,,3,25
00829,confirm,tufts,0,,Healthy,,0.9544,Endodontics,1,0.9753,0.0209,0.002,0.0018,75,0.9753,9,,3,6
00830,confirm,tufts,0,,Healthy,,0.8053,Healthy,1,0.0095,0.8838,0.0282,0.0785,642,0.8838,9,,3,20
00831,confirm,tufts,0,,Exclude,,0.996,Impacted,1,0.0005,0.0014,0.9974,0.0007,179,0.9974,9,,3,0
00832,confirm,tufts,0,,Implant,,0.9987,Implant,1,0.0004,0.0003,0.0002,0.9991,311,0.9991,9,,3,5
00833,below_tau,tufts,0,,Healthy,,0.1698,Healthy,1,0.0378,0.4356,0.2608,0.2658,246,0.4356,9,,1,15
00834,below_tau,tufts,0,,Exclude,,0.1167,Endodontics,1,0.5539,0.4372,0.0019,0.007,472,0.5539,9,,2,8
00835,confirm,tufts,0,,Other,,0.7161,Endodontics,1,0.8398,0.1237,0.0029,0.0336,229,0.8398,9,,3,26
00836,confirm,tufts,0,,Healthy,,0.9341,Healthy,1,0.0049,0.9627,0.0286,0.0039,774,0.9627,9,,3,2
00837,confirm,tufts,0,,Bad crop,,0.8999,Endodontics,1,0.9473,0.0474,0.0009,0.0045,529,0.9473,9,,3,9
00838,confirm,tufts,0,,Healthy,,0.8859,Healthy,1,0.0015,0.941,0.0551,0.0024,573,0.941,9,,3,21
00839,confirm,tufts,0,,Other,,0.8539,Endodontics,1,0.9096,0.0556,0.0065,0.0283,13,0.9096,9,,3,19
00840,confirm,tufts,0,,Impacted,,0.9973,Impacted,1,0.0004,0.0009,0.9982,0.0005,555,0.9982,9,,3,0
00841,confirm,tufts,0,,Implant,,0.9986,Implant,1,0.0004,0.0002,0.0003,0.999,918,0.999,9,,3,5
00842,below_tau,tufts,0,,Endodontics,,0.2081,Healthy,1,0.2066,0.4817,0.0381,0.2736,575,0.4817,9,,1,5
00843,confirm,tufts,0,,Impacted,,0.9949,Impacted,1,0.0015,0.0011,0.9964,0.0009,886,0.9964,9,,3,31
00844,confirm,tufts,0,,Healthy,,0.9186,Healthy,1,0.0344,0.9531,0.0017,0.0108,570,0.9531,9,,3,20
00845,confirm,tufts,0,,Healthy,,0.9708,Healthy,1,0.0028,0.9811,0.0103,0.0057,218,0.9811,9,,3,7
00846,below_tau,tufts,0,,Exclude,,0.9105,Impacted,1,0.0055,0.0409,0.9514,0.0021,379,0.9514,9,,3,26
00847,confirm,tufts,0,,Healthy,,0.991,Healthy,1,0.0018,0.9939,0.0028,0.0015,253,0.9939,9,,3,15
00848,below_tau,tufts,0,,Healthy,,0.04,Healthy,1,0.3496,0.3896,0.0027,0.2581,583,0.3896,9,,1,8
00849,confirm,tufts,0,,Other,,0.5879,Healthy,1,0.1396,0.7275,0.0588,0.0741,625,0.7275,9,,3,0
00850,confirm,tufts,0,,Healthy,,0.3057,Implant,1,0.0184,0.3237,0.0285,0.6294,407,0.6294,9,,3,15
00851,confirm,tufts,0,,Endodontics,,0.9293,Endodontics,1,0.9628,0.0023,0.0014,0.0335,975,0.9628,9,,3,19
00852,confirm,tufts,0,,Other,,0.5468,Healthy,1,0.0316,0.738,0.1912,0.0392,21,0.738,9,,3,25
00853,confirm,tufts,0,,Exclude,,0.4986,Endodontics,1,0.7391,0.2405,0.0075,0.013,204,0.7391,9,,3,14
00854,confirm,tufts,0,,Other,,0.7181,Endodontics,1,0.8525,0.1344,0.0023,0.0108,447,0.8525,9,,3,15
00855,confirm,tufts,0,,Implant,,0.9989,Implant,1,0.0003,0.0002,0.0003,0.9992,877,0.9992,9,,3,24
00856,below_tau,tufts,0,,Other,,0.0869,Implant,1,0.1614,0.3093,0.1331,0.3962,42,0.3962,9,,2,20
00857,confirm,tufts,0,,Other,,0.9004,Endodontics,1,0.9341,0.0304,0.0018,0.0337,273,0.9341,9,,3,18
00858,confirm,tufts,0,,Impacted,,0.9964,Impacted,1,0.0006,0.0012,0.9977,0.0005,316,0.9977,9,,3,0
00859,confirm,tufts,0,,Implant,,0.9985,Implant,1,0.0004,0.0004,0.0003,0.9989,465,0.9989,9,,3,20
00860,confirm,tufts,0,,Other,,0.8765,Endodontics,1,0.9211,0.0446,0.0017,0.0326,608,0.9211,9,,3,22
00861,confirm,tufts,0,,Exclude,,0.9911,Impacted,1,0.0007,0.0036,0.9947,0.0009,280,0.9947,9,,3,8
00862,confirm,tufts,0,,Impacted,,0.9921,Impacted,1,0.0004,0.0034,0.9955,0.0007,516,0.9955,9,,3,0
00863,below_tau,tufts,0,,Healthy,,0.5861,Impacted,1,0.0121,0.1796,0.7657,0.0426,30,0.7657,9,,3,0
00864,below_tau,tufts,0,,Healthy,,0.0259,Healthy,1,0.0061,0.4977,0.4718,0.0243,46,0.4977,9,,1,29
00865,confirm,tufts,0,,Impacted,,0.9964,Impacted,1,0.0008,0.001,0.9974,0.0008,889,0.9974,9,,3,28
00866,confirm,tufts,0,,Healthy,,0.7108,Implant,1,0.1229,0.0402,0.0031,0.8337,633,0.8337,9,,3,6
00867,confirm,tufts,0,,Other,,0.8908,Endodontics,1,0.9369,0.0461,0.0061,0.0109,354,0.9369,9,,3,26
00868,confirm,tufts,0,,Impacted,,0.9898,Impacted,1,0.0006,0.0043,0.9942,0.0009,506,0.9942,9,,3,29
00869,confirm,tufts,0,,Impacted,,0.9921,Impacted,1,0.0005,0.0033,0.9954,0.0008,179,0.9954,9,,3,31
00870,confirm,tufts,0,,Other,,0.5142,Healthy,1,0.184,0.6983,0.0161,0.1016,602,0.6983,9,,3,27
00871,confirm,tufts,0,,Implant,,0.9988,Implant,1,0.0004,0.0002,0.0002,0.9992,672,0.9992,9,,3,2
00872,confirm,tufts,0,,Other,,0.8798,Endodontics,1,0.9341,0.0542,0.0007,0.011,1042,0.9341,9,,3,6
00873,confirm,tufts,0,,Exclude,,0.8858,Healthy,1,0.0455,0.9314,0.0048,0.0182,626,0.9314,9,,3,17
00874,confirm,tufts,0,,Healthy,,0.8586,Healthy,1,0.0649,0.9236,0.0009,0.0106,756,0.9236,9,,3,6
00875,confirm,tufts,0,,Impacted,,0.9895,Impacted,1,0.0004,0.0047,0.9942,0.0007,930,0.9942,9,,3,1
00876,confirm,tufts,0,,Endodontics,,0.8245,Implant,1,0.0833,0.0057,0.0032,0.9078,355,0.9078,9,,3,14
00877,confirm,tufts,0,,Implant,,0.9982,Implant,1,0.0006,0.0003,0.0003,0.9988,441,0.9988,9,,3,6
00878,confirm,tufts,0,,Implant,,0.9983,Implant,1,0.0005,0.0004,0.0004,0.9987,775,0.9987,9,,3,22
00879,confirm,tufts,0,,Other,,0.5805,Healthy,1,0.0177,0.7792,0.1987,0.0044,590,0.7792,9,,3,26
00880,confirm,tufts,0,,Impacted,,0.9956,Impacted,1,0.0004,0.0018,0.9973,0.0006,551,0.9973,9,,3,24
00881,confirm,tufts,0,,Impacted,,0.9949,Impacted,1,0.0005,0.0019,0.9969,0.0008,599,0.9969,9,,3,31
00882,below_tau,tufts,0,,Endodontics,,0.2248,Implant,1,0.2705,0.216,0.0183,0.4953,626,0.4953,9,,2,2
00883,below_tau,tufts,0,,Exclude,,0.8698,Impacted,1,0.0067,0.0609,0.9307,0.0017,151,0.9307,9,,3,29
00884,confirm,tufts,0,,Healthy,,0.9756,Healthy,1,0.0064,0.982,0.0054,0.0062,102,0.982,9,,3,19
00885,confirm,tufts,0,,Healthy,,0.925,Healthy,1,0.0018,0.9599,0.0349,0.0034,498,0.9599,9,,3,8
00886,below_tau,tufts,0,,Exclude,,0.1673,Healthy,1,0.2083,0.4379,0.2706,0.0833,719,0.4379,9,,2,9
00887,confirm,tufts,0,,Other,,0.9463,Endodontics,1,0.9701,0.0053,0.0008,0.0238,565,0.9701,9,,3,16
00888,confirm,tufts,0,,Healthy,,0.4869,Endodontics,1,0.7323,0.2454,0.0014,0.0209,338,0.7323,9,,3,21
00889,confirm,tufts,0,,Healthy,,0.9336,Healthy,1,0.0015,0.9644,0.0308,0.0033,513,0.9644,9,,3,1
00890,below_tau,tufts,0,,Healthy,,0.068,Implant,1,0.0412,0.4135,0.0638,0.4815,743,0.4815,9,,2,20
00891,confirm,tufts,0,,Healthy,,0.9649,Healthy,1,0.0028,0.98,0.015,0.0022,426,0.98,9,,3,30
00892,confirm,tufts,0,,Exclude,,0.9861,Impacted,1,0.0012,0.006,0.9921,0.0007,898,0.9921,9,,3,26
00893,confirm,tufts,0,,Healthy,,0.9599,Healthy,1,0.011,0.9723,0.0044,0.0123,798,0.9723,9,,3,27
00894,confirm,tufts,0,,Exclude,,0.6905,Implant,1,0.1454,0.0121,0.0066,0.8358,305,0.8358,9,,3,0
00895,confirm,tufts,0,,Other,,0.4378,Endodontics,1,0.7075,0.2697,0.0015,0.0213,604,0.7075,9,,3,18
00896,confirm,tufts,0,,Impacted,,0.9941,Impacted,1,0.0018,0.0011,0.9959,0.0012,673,0.9959,9,,3,32
00897,confirm,tufts,0,,Exclude,,0.9428,Healthy,1,0.0131,0.9623,0.0051,0.0195,468,0.9623,9,,3,12
00898,confirm,tufts,0,,Impacted,,0.9927,Impacted,1,0.0005,0.0031,0.9958,0.0007,448,0.9958,9,,3,30
00899,confirm,tufts,0,,Implant,,0.9989,Implant,1,0.0003,0.0003,0.0003,0.9992,309,0.9992,9,,3,22
00900,confirm,tufts,0,,Exclude,,0.8536,Healthy,1,0.0501,0.9037,0.0259,0.0203,911,0.9037,9,,3,1
00901,confirm,tufts,0,,Other,,0.7995,Endodontics,1,0.8734,0.0738,0.0017,0.0511,221,0.8734,9,,3,11
00902,confirm,tufts,0,,Healthy,,0.5867,Implant,1,0.0373,0.1871,0.0018,0.7738,851,0.7738,10,,3,9
00903,confirm,tufts,0,,Impacted,,0.9877,Impacted,1,0.0013,0.0049,0.9926,0.0012,111,0.9926,9,,3,3
00904,confirm,tufts,0,,Healthy,,0.9433,Healthy,1,0.0248,0.9682,0.0042,0.0028,777,0.9682,9,,3,10
00905,confirm,tufts,0,,Implant,,0.9988,Implant,1,0.0003,0.0002,0.0003,0.9991,903,0.9991,9,,3,2
00906,below_tau,tufts,0,,Other,,0.0236,Implant,1,0.465,0.0428,0.0036,0.4886,768,0.4886,9,,1,6
00907,confirm,tufts,0,,Other,,0.8139,Endodontics,1,0.8963,0.0823,0.0009,0.0204,593,0.8963,9,,3,24
00908,below_tau,tufts,0,,Other,,0.1041,Healthy,1,0.3904,0.4945,0.0098,0.1053,255,0.4945,10,,2,3
00909,confirm,tufts,0,,Healthy,,0.9656,Healthy,1,0.0018,0.9795,0.0139,0.0049,900,0.9795,9,,3,23
00910,confirm,tufts,0,,Implant,,0.9962,Implant,1,0.0008,0.0008,0.0011,0.9973,678,0.9973,9,,3,1
00911,below_tau,tufts,0,,Other,,0.4593,Endodontics,1,0.695,0.2357,0.0235,0.0459,473,0.695,9,,3,21
00912,below_tau,tufts,0,,Healthy,,0.0608,Healthy,1,0.3714,0.4322,0.1919,0.0045,306,0.4322,9,,2,10
00913,confirm,tufts,0,,Other,,0.6371,Endodontics,1,0.7863,0.1492,0.0056,0.0589,13,0.7863,9,,3,2
00914,confirm,tufts,0,,Exclude,,0.6724,Endodontics,1,0.8314,0.159,0.0009,0.0087,207,0.8314,9,,3,23
00915,confirm,tufts,0,,Implant,,0.9979,Implant,1,0.0007,0.0003,0.0003,0.9987,537,0.9987,9,,3,4
00916,confirm,tufts,0,,Other,,0.4489,Endodontics,1,0.7185,0.2697,0.0007,0.0111,760,0.7185,9,,3,3
00917,confirm,tufts,0,,Other,,0.8542,Endodontics,1,0.9174,0.0632,0.0018,0.0176,149,0.9174,9,,3,10
00918,confirm,tufts,0,,Endodontics,,0.7369,Implant,1,0.1298,0.0015,0.0019,0.8668,124,0.8668,9,,3,4
00919,confirm,tufts,0,,Exclude,,0.9949,Impacted,1,0.0004,0.0021,0.9969,0.0006,425,0.9969,9,,3,1
00920,confirm,tufts,0,,Implant,,0.9988,Implant,1,0.0003,0.0003,0.0003,0.9991,345,0.9991,9,,3,4
00921,confirm,tufts,0,,Bad crop,,0.9986,Implant,1,0.0004,0.0003,0.0003,0.999,561,0.999,9,,3,4
00922,confirm,tufts,0,,Endodontics,,0.958,Implant,1,0.0204,0.0005,0.0007,0.9784,37,0.9784,10,,3,3
00923,confirm,tufts,0,,Bad crop,,0.9981,Implant,1,0.0007,0.0003,0.0003,0.9988,634,0.9988,9,,3,21
00924,confirm,tufts,0,,Impacted,,0.9833,Impacted,1,0.0011,0.0073,0.9907,0.0009,217,0.9907,9,,3,28
00925,confirm,tufts,0,,Healthy,,0.8372,Healthy,1,0.0127,0.8933,0.0379,0.0561,980,0.8933,9,,3,1
00926,confirm,tufts,0,,Healthy,,0.9753,Healthy,1,0.0061,0.982,0.0052,0.0067,814,0.982,9,,3,28
00927,below_tau,tufts,0,,Exclude,,0.3342,Endodontics,1,0.5675,0.1618,0.2334,0.0373,961,0.5675,9,,3,10
00928,confirm,tufts,0,,Other,,0.9916,Endodontics,1,0.9947,0.0031,0.0003,0.002,550,0.9947,9,,3,21
00929,confirm,tufts,0,,Implant,,0.9988,Implant,1,0.0003,0.0003,0.0003,0.9991,345,0.9991,9,,3,6
00930,confirm,tufts,0,,Exclude,,0.6539,Endodontics,1,0.8123,0.1584,0.0015,0.0278,245,0.8123,9,,3,20
00931,below_tau,tufts,0,,Exclude,,0.1436,Endodontics,1,0.5448,0.4012,0.0151,0.039,510,0.5448,9,,2,16
00932,confirm,tufts,0,,Impacted,,0.9858,Impacted,1,0.003,0.0048,0.9906,0.0016,50,0.9906,10,,3,30
00933,confirm,tufts,0,,Other,,0.7635,Healthy,1,0.087,0.8505,0.01,0.0525,226,0.8505,9,,3,25
00934,confirm,tufts,0,,Other,,0.7319,Endodontics,1,0.8578,0.1258,0.0012,0.0152,382,0.8578,9,,3,3
00935,confirm,tufts,0,,Other,,0.7567,Endodontics,1,0.8703,0.1136,0.0061,0.0101,296,0.8703,9,,3,0
00936,below_tau,tufts,0,,Exclude,,0.2952,Healthy,1,0.1968,0.492,0.1687,0.1425,169,0.492,9,,2,22
00937,below_tau,tufts,0,,Healthy,,0.0452,Implant,1,0.0082,0.3969,0.1528,0.4421,627,0.4421,9,,2,7
00938,confirm,tufts,0,,Healthy,,0.9599,Healthy,1,0.008,0.9721,0.0123,0.0076,754,0.9721,10,,3,1
00939,confirm,tufts,0,,Healthy,,0.9864,Healthy,1,0.0022,0.9916,0.0052,0.001,253,0.9916,9,,3,17
00940,confirm,tufts,0,,Bad crop,,0.9986,Implant,1,0.0004,0.0003,0.0003,0.9991,561,0.9991,9,,3,6
00941,confirm,tufts,0,,Healthy,,0.8654,Healthy,1,0.0414,0.9068,0.0137,0.0382,811,0.9068,10,,3,18
00942,below_tau,tufts,0,,Exclude,,0.0554,Impacted,1,0.0028,0.4685,0.5239,0.0048,422,0.5239,9,,2,22
00943,confirm,tufts,0,,Impacted,,0.995,Impacted,1,0.0011,0.0014,0.9963,0.0012,777,0.9963,9,,3,0
00944,confirm,tufts,0,,Impacted,,0.9947,Impacted,1,0.0005,0.002,0.9967,0.0008,196,0.9967,9,,3,0
00945,confirm,tufts,0,,Healthy,,0.8172,Healthy,1,0.0815,0.8988,0.0054,0.0143,84,0.8988,9,,3,4
00946,confirm,tufts,0,,Impacted,,0.994,Impacted,1,0.0004,0.0023,0.9963,0.0009,869,0.9963,9,,3,0
00947,confirm,tufts,0,,Implant,,0.9946,Implant,1,0.0024,0.0003,0.0003,0.997,311,0.997,9,,3,10
00948,confirm,tufts,0,,Impacted,,0.9877,Impacted,1,0.0005,0.0055,0.9932,0.0008,171,0.9932,10,,3,29
00949,confirm,tufts,0,,Impacted,,0.9837,Impacted,1,0.0014,0.0067,0.9904,0.0015,372,0.9904,9,,3,1
00950,confirm,tufts,0,,Exclude,,0.9878,Impacted,1,0.0012,0.0051,0.9929,0.0008,493,0.9929,9,,3,31
00951,confirm,tufts,0,,Implant,,0.9986,Implant,1,0.0004,0.0003,0.0003,0.999,155,0.999,9,,3,13
00952,confirm,tufts,0,,Impacted,,0.9855,Impacted,1,0.0014,0.006,0.9915,0.0012,960,0.9915,10,,3,28
00953,below_tau,tufts,0,,Other,,0.3293,Impacted,1,0.0042,0.3301,0.6593,0.0064,121,0.6593,10,,2,26
00954,below_tau,tufts,0,,Exclude,,0.0543,Healthy,1,0.0549,0.4956,0.4413,0.0083,242,0.4956,9,,1,22
00955,confirm,tufts,0,,Other,,0.4341,Healthy,1,0.2367,0.6708,0.0494,0.0431,167,0.6708,9,,3,25
00956,confirm,tufts,0,,Implant,,0.9333,Implant,1,0.0027,0.0118,0.0261,0.9594,411,0.9594,9,,3,0
00957,below_tau,tufts,0,,Exclude,,0.1891,Healthy,1,0.0628,0.4766,0.173,0.2876,8,0.4766,9,,1,8
00958,below_tau,tufts,0,,Other,,0.398,Endodontics,1,0.6797,0.2817,0.0016,0.0369,840,0.6797,9,,2,2
00959,confirm,tufts,0,,Impacted,,0.992,Impacted,1,0.0012,0.0031,0.9951,0.0007,683,0.9951,10,,3,29
00960,confirm,tufts,0,,Other,,0.5987,Endodontics,1,0.7499,0.1512,0.0081,0.0908,514,0.7499,9,,3,1
00961,confirm,tufts,0,,Other,,0.7584,Endodontics,1,0.8596,0.0376,0.0016,0.1012,753,0.8596,9,,3,0
00962,confirm,tufts,0,,Other,,0.7621,Endodontics,1,0.8606,0.0985,0.0025,0.0384,927,0.8606,10,,3,4
00963,confirm,tufts,0,,Endodontics,,0.994,Endodontics,1,0.9959,0.0011,0.0012,0.0018,307,0.9959,9,,3,20
00964,confirm,tufts,0,,Implant,,0.999,Implant,1,0.0003,0.0002,0.0002,0.9993,309,0.9993,10,,3,3
00965,below_tau,tufts,0,,Endodontics,,0.0503,Implant,1,0.016,0.3685,0.1968,0.4187,889,0.4187,9,,1,12
00966,confirm,tufts,0,,Other,,0.9763,Endodontics,1,0.9864,0.0101,0.0003,0.0032,567,0.9864,10,,3,18
00967,confirm,tufts,0,,Impacted,,0.9949,Impacted,1,0.0013,0.0016,0.9965,0.0006,765,0.9965,9,,3,31
00968,confirm,tufts,0,,Bad crop,,0.9051,Endodontics,1,0.9381,0.033,0.0076,0.0214,829,0.9381,9,,3,21
00969,confirm,tufts,0,,Healthy,,0.9778,Healthy,1,0.003,0.9871,0.0007,0.0093,722,0.9871,9,,3,1
00970,confirm,tufts,0,,Exclude,,0.9839,Impacted,1,0.0024,0.0064,0.9903,0.0009,141,0.9903,9,,3,30
00971,below_tau,tufts,0,,Exclude,,0.0049,Implant,1,0.3002,0.3324,0.0301,0.3373,458,0.3373,10,,1,16
00972,confirm,tufts,0,,Impacted,,0.9876,Impacted,1,0.0015,0.0046,0.9922,0.0018,306,0.9922,9,,3,31
00973,below_tau,tufts,0,,Healthy,,0.0746,Implant,1,0.3676,0.1794,0.0109,0.4422,916,0.4422,9,,1,18
00974,confirm,tufts,0,,Impacted,,0.9858,Impacted,1,0.0013,0.0058,0.9916,0.0014,486,0.9916,9,,3,30
00975,confirm,tufts,0,,Other,,0.8876,Endodontics,1,0.9309,0.0434,0.0023,0.0234,400,0.9309,9,,3,2
00976,below_tau,tufts,0,,Other,,0.1056,Endodontics,1,0.5359,0.4303,0.0014,0.0324,445,0.5359,10,,1,2
00977,confirm,tufts,0,,Impacted,,0.9958,Impacted,1,0.0005,0.0016,0.9974,0.0006,673,0.9974,9,,3,29
00978,confirm,tufts,0,,Endodontics,,0.9898,Implant,1,0.0048,0.0003,0.0003,0.9946,209,0.9946,9,,3,18
00979,confirm,tufts,0,,Exclude,,0.9902,Impacted,1,0.0011,0.0039,0.9941,0.0008,786,0.9941,9,,3,22
00980,confirm,tufts,0,,Impacted,,0.9911,Impacted,1,0.0012,0.0029,0.9939,0.0021,1008,0.9939,9,,3,0
00981,confirm,tufts,0,,Exclude,,0.9322,Healthy,1,0.0235,0.9557,0.0035,0.0173,839,0.9557,9,,3,21
00982,below_tau,tufts,0,,Impacted,,0.9747,Impacted,1,0.0011,0.0113,0.986,0.0016,811,0.986,10,,3,1
00983,below_tau,tufts,0,,Other,,0.0583,Endodontics,1,0.5129,0.4546,0.0112,0.0213,510,0.5129,10,,2,18
00984,confirm,tufts,0,,Endodontics,,0.9876,Endodontics,1,0.9926,0.001,0.0014,0.005,620,0.9926,10,,3,9
00985,confirm,tufts,0,,Other,,0.9584,Endodontics,1,0.9738,0.0099,0.0009,0.0154,882,0.9738,9,,3,19
00986,confirm,tufts,0,,Impacted,,0.9927,Impacted,1,0.0009,0.0027,0.9954,0.0009,312,0.9954,9,,3,1
00987,confirm,tufts,0,,Healthy,,0.8877,Healthy,1,0.0465,0.9342,0.004,0.0153,286,0.9342,10,,3,0
00988,below_tau,tufts,0,,Healthy,,0.0112,Impacted,1,0.0437,0.4337,0.4448,0.0778,70,0.4448,9,,2,26
00989,confirm,tufts,0,,Impacted,,0.9866,Impacted,1,0.0014,0.0051,0.9917,0.0018,412,0.9917,9,,3,0
00990,confirm,tufts,0,,Healthy,,0.9629,Healthy,1,0.0015,0.9802,0.0173,0.0009,714,0.9802,10,,3,9
00991,confirm,tufts,0,,Implant,,0.9988,Implant,1,0.0003,0.0003,0.0003,0.9991,356,0.9991,10,,3,6
00992,confirm,tufts,0,,Implant,,0.9985,Implant,1,0.0005,0.0004,0.0002,0.999,678,0.999,9,,3,3
00993,confirm,tufts,0,,Impacted,,0.9911,Impacted,1,0.0004,0.004,0.9951,0.0005,524,0.9951,10,,3,29
00994,below_tau,tufts,0,,Healthy,,0.0446,Implant,1,0.091,0.4213,0.0217,0.466,693,0.466,10,,1,5
00995,confirm,tufts,0,,Healthy,,0.9901,Healthy,1,0.0031,0.9932,0.0013,0.0024,720,0.9932,9,,3,1
00996,confirm,tufts,0,,Impacted,,0.9946,Impacted,1,0.0007,0.0019,0.9965,0.0008,111,0.9965,10,,3,0
00997,confirm,tufts,0,,Other,,0.6164,Endodontics,1,0.7666,0.1502,0.0069,0.0763,325,0.7666,10,,3,4
00998,below_tau,tufts,0,,Other,,0.1275,Implant,1,0.2862,0.1553,0.1447,0.4138,611,0.4138,10,,2,3
00999,confirm,tufts,0,,Impacted,,0.9934,Impacted,1,0.0012,0.0022,0.9955,0.0011,720,0.9955,10,,3,0
01000,confirm,tufts,0,,Exclude,,0.7106,Endodontics,1,0.8465,0.1358,0.0052,0.0125,510,0.8465,9,,3,5
01001,confirm,tufts,0,,Endodontics,,0.9872,Endodontics,1,0.992,0.0026,0.0005,0.0048,380,0.992,10,,3,5
01002,confirm,tufts,0,,Endodontics,,0.9958,Endodontics,1,0.9974,0.0005,0.0005,0.0016,13,0.9974,10,,3,1
01003,confirm,tufts,0,,Impacted,,0.9945,Impacted,1,0.0005,0.0023,0.9968,0.0005,861,0.9968,9,,3,0
01004,confirm,tufts,0,,Healthy,,0.9879,Healthy,1,0.0011,0.9921,0.0041,0.0027,819,0.9921,9,,3,9
01005,confirm,tufts,0,,Impacted,,0.9855,Impacted,1,0.0003,0.0067,0.9922,0.0008,179,0.9922,9,,3,30
01006,confirm,tufts,0,,Impacted,,0.9879,Impacted,1,0.0004,0.0056,0.9934,0.0006,918,0.9934,9,,3,0
01007,confirm,tufts,0,,Implant,,0.998,Implant,1,0.0006,0.0004,0.0004,0.9986,740,0.9986,9,,3,11
01008,below_tau,tufts,0,,Healthy,,0.0496,Implant,1,0.1148,0.3801,0.0754,0.4297,385,0.4297,9,,2,3
01009,confirm,tufts,0,,Impacted,,0.9962,Impacted,1,0.0005,0.0013,0.9975,0.0007,372,0.9975,10,,3,0
01010,below_tau,tufts,0,,Healthy,,0.0046,Implant,1,0.0157,0.4692,0.0413,0.4738,938,0.4738,9,,2,11
01011,confirm,tufts,0,,Other,,0.5218,Endodontics,1,0.7089,0.1871,0.0286,0.0754,30,0.7089,10,,3,11
01012,confirm,tufts,0,,Exclude,,0.9341,Endodontics,1,0.9635,0.0295,0.0025,0.0045,196,0.9635,9,,3,11
01013,confirm,tufts,0,,Implant,,0.9988,Implant,1,0.0004,0.0003,0.0003,0.9991,345,0.9991,9,,3,5
01014,confirm,tufts,0,,Healthy,,0.3736,Healthy,1,0.0049,0.6774,0.3038,0.0139,248,0.6774,9,,3,1
01015,confirm,tufts,0,,Healthy,,0.6222,Healthy,1,0.0234,0.7789,0.1567,0.041,267,0.7789,9,,3,4
01016,confirm,tufts,0,,Impacted,,0.9909,Impacted,1,0.0011,0.0032,0.9941,0.0016,647,0.9941,10,,3,0
01017,confirm,tufts,0,,Implant,,0.9986,Implant,1,0.0003,0.0003,0.0004,0.999,869,0.999,10,,3,9
01018,confirm,tufts,0,,Other,,0.7513,Healthy,1,0.0412,0.8507,0.0086,0.0994,234,0.8507,9,,3,0
01019,confirm,tufts,0,,Endodontics,,0.9604,Endodontics,1,0.9733,0.0129,0.0083,0.0055,84,0.9733,9,,3,3
01020,below_tau,tufts,0,,Implant,,0.0744,Implant,1,0.0649,0.4219,0.0168,0.4964,21,0.4964,9,,2,21
01021,confirm,tufts,0,,Other,,0.9059,Endodontics,1,0.9439,0.0121,0.0061,0.0379,175,0.9439,9,,3,1
01022,confirm,tufts,0,,Impacted,,0.996,Impacted,1,0.0007,0.0013,0.9973,0.0007,555,0.9973,9,,3,31
01023,confirm,tufts,0,,Impacted,,0.9891,Impacted,1,0.0029,0.0034,0.9925,0.0013,39,0.9925,10,,3,0
01024,confirm,tufts,0,,Other,,0.4869,Endodontics,1,0.7397,0.2527,0.0007,0.007,257,0.7397,9,,3,2
01025,confirm,tufts,0,,Exclude,,0.9179,Healthy,1,0.0062,0.9529,0.0349,0.006,248,0.9529,10,,3,2
01026,confirm,tufts,0,,Healthy,,0.9822,Impacted,1,0.0005,0.0083,0.9905,0.0007,126,0.9905,9,,3,0
01027,confirm,tufts,0,,Other,,0.9291,Endodontics,1,0.9566,0.0274,0.0013,0.0147,764,0.9566,9,,3,6
01028,confirm,tufts,0,,Implant,,0.9975,Implant,1,0.001,0.0002,0.0002,0.9985,505,0.9985,9,,3,21
01029,confirm,tufts,0,,Impacted,,0.9932,Impacted,1,0.0005,0.0029,0.9961,0.0005,165,0.9961,10,,3,29
01030,confirm,tufts,0,,Impacted,,0.9953,Impacted,1,0.0005,0.0017,0.997,0.0008,217,0.997,9,,3,0
01031,confirm,tufts,0,,Implant,,0.9973,Implant,1,0.0011,0.0002,0.0002,0.9984,230,0.9984,10,,3,9
01032,confirm,tufts,0,,Endodontics,,0.3416,Implant,1,0.3225,0.0055,0.008,0.664,693,0.664,9,,3,11
01033,confirm,tufts,0,,Other,,0.7642,Endodontics,1,0.8617,0.0975,0.0269,0.014,467,0.8617,9,,3,0
01034,confirm,tufts,0,,Bad crop,,0.9987,Implant,1,0.0004,0.0003,0.0003,0.999,311,0.999,9,,3,0
01035,below_tau,tufts,0,,Healthy,,0.7799,Impacted,1,0.0032,0.107,0.8869,0.0029,779,0.8869,9,,3,0
01036,confirm,tufts,0,,Healthy,,0.8631,Healthy,1,0.0337,0.914,0.0014,0.0509,851,0.914,9,,3,2
01037,below_tau,tufts,0,,Other,,0.0292,Implant,1,0.3486,0.2706,0.003,0.3778,99,0.3778,10,,1,22
01038,confirm,tufts,0,,Other,,0.9297,Endodontics,1,0.9603,0.0305,0.0008,0.0084,468,0.9603,10,,3,18
01039,below_tau,tufts,0,,Impacted,,0.9809,Impacted,1,0.0051,0.006,0.9869,0.0019,718,0.9869,10,,3,29
01040,confirm,tufts,0,,Healthy,,0.8999,Healthy,1,0.0102,0.9367,0.0368,0.0163,477,0.9367,9,,3,12
01041,confirm,tufts,0,,Other,,0.9704,Endodontics,1,0.9827,0.0123,0.0005,0.0045,110,0.9827,9,,3,14
01042,confirm,tufts,0,,Impacted,,0.9932,Impacted,1,0.0005,0.0029,0.9961,0.0005,613,0.9961,9,,3,29
01043,confirm,tufts,0,,Impacted,,0.9888,Impacted,1,0.0015,0.0041,0.9929,0.0016,1024,0.9929,9,,3,30
01044,confirm,tufts,0,,Healthy,,0.6074,Endodontics,1,0.7976,0.1902,0.0014,0.0109,115,0.7976,9,,3,7
01045,confirm,tufts,0,,Implant,,0.9987,Implant,1,0.0004,0.0003,0.0002,0.9991,116,0.9991,10,,3,20
01046,confirm,tufts,0,,Impacted,,0.9877,Impacted,1,0.0006,0.0055,0.9932,0.0008,665,0.9932,10,,3,0
01047,below_tau,tufts,0,,Other,,0.1361,Implant,1,0.1423,0.3547,0.0123,0.4908,822,0.4908,10,,2,6
01048,confirm,tufts,0,,Healthy,,0.9114,Healthy,1,0.0376,0.9489,0.0082,0.0053,966,0.9489,9,,3,16
01049,confirm,tufts,0,,Healthy,,0.937,Healthy,1,0.0269,0.9638,0.0008,0.0084,963,0.9638,10,,3,25
01050,confirm,tufts,0,,Healthy,,0.8568,Healthy,1,0.039,0.8957,0.0388,0.0265,655,0.8957,10,,3,29
01051,confirm,tufts,0,,Impacted,,0.9863,Impacted,1,0.0008,0.0061,0.9924,0.0007,412,0.9924,9,,3,31
01052,confirm,tufts,0,,Healthy,,0.4429,Healthy,1,0.0239,0.6787,0.2358,0.0615,133,0.6787,9,,3,26
01053,confirm,tufts,0,,Other,,0.8574,Endodontics,1,0.9172,0.0598,0.005,0.018,965,0.9172,10,,3,23
01054,confirm,tufts,0,,Other,,0.6234,Endodontics,1,0.7881,0.1647,0.0207,0.0264,1004,0.7881,9,,3,26
01055,confirm,tufts,0,,Impacted,,0.9923,Impacted,1,0.0006,0.003,0.9953,0.001,675,0.9953,10,,3,0
01056,confirm,tufts,0,,Impacted,,0.9956,Impacted,1,0.0007,0.0012,0.9968,0.0012,393,0.9968,9,,3,0
01057,below_tau,tufts,0,,Healthy,,0.0401,Implant,1,0.0347,0.4559,0.0134,0.496,633,0.496,10,,2,26
01058,below_tau,tufts,0,,Other,,0.499,Endodontics,1,0.6867,0.1234,0.0022,0.1877,138,0.6867,10,,2,22
01059,confirm,tufts,0,,Impacted,,0.9917,Impacted,1,0.0018,0.0018,0.994,0.0023,732,0.994,9,,3,1
01060,confirm,tufts,0,,Implant,,0.9887,Implant,1,0.0051,0.0006,0.0006,0.9937,505,0.9937,10,,3,25
01061,confirm,tufts,0,,Impacted,,0.994,Impacted,1,0.0006,0.0022,0.9962,0.001,683,0.9962,9,,3,1
01062,confirm,tufts,0,,Implant,,0.999,Implant,1,0.0003,0.0002,0.0002,0.9993,343,0.9993,10,,3,0
01063,confirm,tufts,0,,Healthy,,0.9537,Healthy,1,0.0106,0.9656,0.0119,0.0118,129,0.9656,10,,3,7
01064,below_tau,tufts,0,,Healthy,,0.261,Endodontics,1,0.6,0.339,0.004,0.057,523,0.6,9,,2,26
01065,below_tau,tufts,0,,Healthy,,0.1434,Healthy,1,0.2782,0.4216,0.2368,0.0634,725,0.4216,9,,1,16
01066,confirm,tufts,0,,Other,,0.8243,Endodontics,1,0.9048,0.0805,0.0026,0.0121,229,0.9048,10,,3,3
01067,confirm,tufts,0,,Exclude,,0.9892,Impacted,1,0.0017,0.0041,0.9933,0.0009,898,0.9933,9,,3,0
01068,confirm,tufts,0,,Endodontics,,0.9935,Endodontics,1,0.9962,0.0007,0.0004,0.0027,634,0.9962,9,,3,17
01069,below_tau,tufts,0,,Healthy,,0.9161,Impacted,1,0.0012,0.0406,0.9567,0.0015,889,0.9567,10,,3,1
01070,confirm,tufts,0,,Healthy,,0.6958,Endodontics,1,0.8013,0.0913,0.0018,0.1056,508,0.8013,10,,3,20
01071,confirm,tufts,0,,Healthy,,0.9378,Healthy,1,0.0026,0.9647,0.0269,0.0057,720,0.9647,9,,3,27
01072,confirm,tufts,0,,Implant,,0.9987,Implant,1,0.0003,0.0003,0.0003,0.999,356,0.999,9,,3,7
01073,confirm,tufts,0,,Impacted,,0.993,Impacted,1,0.0008,0.0026,0.9956,0.001,263,0.9956,10,,3,30
01074,confirm,tufts,0,,Implant,,0.9985,Implant,1,0.0004,0.0003,0.0004,0.9989,842,0.9989,9,,3,3
01075,confirm,tufts,0,,Impacted,,0.9923,Impacted,1,0.0024,0.0014,0.9948,0.0014,51,0.9948,9,,3,31
01076,confirm,tufts,0,,Implant,,0.9985,Implant,1,0.0004,0.0003,0.0004,0.9989,775,0.9989,10,,3,3
01077,confirm,tufts,0,,Impacted,,0.9958,Impacted,1,0.0006,0.0015,0.9973,0.0007,956,0.9973,10,,3,0
01078,confirm,tufts,0,,Bad crop,,0.9979,Implant,1,0.0008,0.0003,0.0003,0.9987,441,0.9987,9,,3,2
01079,confirm,tufts,0,,Other,,0.7242,Endodontics,1,0.8406,0.1165,0.0018,0.0412,869,0.8406,9,,3,5
01080,confirm,tufts,0,,Healthy,,0.9942,Healthy,1,0.002,0.9961,0.0006,0.0013,861,0.9961,10,,3,26
01081,below_tau,tufts,0,,Bad crop,,0.7239,Impacted,1,0.0213,0.1231,0.847,0.0086,252,0.847,10,,3,30
01082,confirm,tufts,0,,Other,,0.9053,Endodontics,1,0.948,0.0427,0.0011,0.0082,914,0.948,10,,3,20
01083,below_tau,tufts,0,,Healthy,,0.1446,Implant,1,0.1449,0.3114,0.0878,0.4559,462,0.4559,9,,2,1
01084,confirm,tufts,0,,Impacted,,0.9953,Impacted,1,0.0008,0.0013,0.9966,0.0013,870,0.9966,9,,3,0
01085,confirm,tufts,0,,Other,,0.7813,Healthy,1,0.0718,0.8531,0.0056,0.0694,101,0.8531,10,,3,23
01086,confirm,tufts,0,,Other,,0.9646,Healthy,1,0.0094,0.974,0.0094,0.0072,455,0.974,10,,3,29
01087,confirm,tufts,0,,Other,,0.7554,Endodontics,1,0.8386,0.0832,0.0165,0.0617,521,0.8386,10,,3,5
01088,confirm,tufts,0,,Implant,,0.9516,Implant,1,0.0233,0.0013,0.0005,0.9749,408,0.9749,9,,3,13
01089,confirm,tufts,0,,Healthy,,0.8102,Healthy,1,0.0722,0.8824,0.002,0.0433,521,0.8824,9,,3,24
01090,confirm,tufts,0,,Implant,,0.99,Implant,1,0.0041,0.0006,0.0011,0.9942,354,0.9942,10,,3,13
01091,confirm,tufts,0,,Impacted,,0.9933,Impacted,1,0.0006,0.0024,0.9957,0.0013,314,0.9957,9,,3,30
01092,confirm,tufts,0,,Implant,,0.9928,Implant,1,0.0029,0.0008,0.0007,0.9956,537,0.9956,9,,3,3
01093,confirm,tufts,0,,Exclude,,0.9775,Healthy,1,0.0014,0.9874,0.0098,0.0014,23,0.9874,9,,3,28
01094,confirm,tufts,0,,Healthy,,0.3381,Implant,1,0.0776,0.2401,0.1041,0.5782,589,0.5782,9,,3,5
01095,below_tau,tufts,0,,Other,,0.0683,Implant,1,0.397,0.1327,0.0049,0.4653,251,0.4653,10,,2,5
01096,confirm,tufts,0,,Endodontics,,0.9959,Endodontics,1,0.9972,0.0007,0.0007,0.0014,570,0.9972,10,,3,25
01097,confirm,tufts,0,,Implant,,0.9988,Implant,1,0.0004,0.0002,0.0002,0.9992,116,0.9992,9,,3,1
01098,confirm,tufts,0,,Implant,,0.9987,Implant,1,0.0004,0.0003,0.0003,0.9991,842,0.9991,10,,3,4
01099,confirm,tufts,0,,Implant,,0.9988,Implant,1,0.0002,0.0003,0.0003,0.9991,352,0.9991,10,,3,0
01100,confirm,tufts,0,,Other,,0.8343,Healthy,1,0.0558,0.8901,0.0017,0.0524,830,0.8901,9,,3,24
01101,confirm,tufts,0,,Impacted,,0.9945,Impacted,1,0.0007,0.002,0.9965,0.0008,141,0.9965,10,,3,0
01102,confirm,tufts,0,,Exclude,,0.9837,Impacted,1,0.0004,0.0077,0.9914,0.0005,111,0.9914,10,,3,5
01103,confirm,tufts,0,,Impacted,,0.987,Impacted,1,0.002,0.0043,0.9913,0.0024,1043,0.9913,10,,3,0
01104,confirm,tufts,0,,Other,,0.9288,Endodontics,1,0.9542,0.0254,0.0015,0.0189,473,0.9542,9,,3,8
01105,confirm,tufts,0,,Healthy,,0.9805,Healthy,1,0.0016,0.9873,0.0068,0.0043,534,0.9873,9,,3,7
01106,confirm,tufts,0,,Endodontics,,0.887,Endodontics,1,0.9246,0.0335,0.0043,0.0375,925,0.9246,10,,3,0
01107,confirm,tufts,0,,Implant,,0.9978,Implant,1,0.0007,0.0003,0.0004,0.9985,842,0.9985,10,,3,0
01108,confirm,tufts,0,,Other,,0.8058,Endodontics,1,0.8951,0.0893,0.0013,0.0143,553,0.8951,9,,3,2
01109,confirm,tufts,0,,Impacted,,0.9922,Impacted,1,0.0005,0.0033,0.9954,0.0008,751,0.9954,9,,3,30
01110,confirm,tufts,0,,Other,,0.553,Endodontics,1,0.7104,0.1232,0.009,0.1574,891,0.7104,9,,3,1
01111,confirm,tufts,0,,Endodontics,,0.9966,Endodontics,1,0.9976,0.0011,0.0006,0.0007,952,0.9976,10,,3,17
01112,confirm,tufts,0,,Healthy,,0.9507,Healthy,1,0.019,0.9697,0.0066,0.0048,371,0.9697,10,,3,18
01113,confirm,tufts,0,,Endodontics,,0.603,Implant,1,0.0174,0.1871,0.0054,0.7901,309,0.7901,9,,3,5
01114,below_tau,tufts,0,,Other,,0.3004,Endodontics,1,0.6313,0.3309,0.0047,0.0331,99,0.6313,9,,2,24
01115,confirm,tufts,0,,Other,,0.8688,Healthy,1,0.0108,0.9241,0.0098,0.0553,122,0.9241,9,,3,29
01116,confirm,tufts,0,,Healthy,,0.9903,Healthy,1,0.0025,0.9928,0.0023,0.0024,825,0.9928,9,,3,25
01117,confirm,tufts,0,,Endodontics,,0.992,Endodontics,1,0.9956,0.0005,0.0004,0.0035,303,0.9956,9,,3,5
01118,confirm,tufts,0,,Other,,0.6278,Endodontics,1,0.7659,0.0937,0.0022,0.1381,284,0.7659,9,,3,5
01119,confirm,tufts,0,,Endodontics,,0.9966,Endodontics,1,0.9977,0.0006,0.0005,0.0011,581,0.9977,9,,3,5
01120,confirm,tufts,0,,Impacted,,0.9873,Impacted,1,0.0012,0.0052,0.9926,0.001,96,0.9926,9,,3,0
01121,confirm,tufts,0,,Implant,,0.9966,Implant,1,0.0012,0.0006,0.0004,0.9978,243,0.9978,9,,3,2
01122,confirm,tufts,0,,Implant,,0.9988,Implant,1,0.0003,0.0003,0.0003,0.9991,198,0.9991,9,,3,0
01123,confirm,tufts,0,,Endodontics,,0.9969,Endodontics,1,0.9979,0.0006,0.0004,0.0011,507,0.9979,9,,3,22
01124,confirm,tufts,0,,Healthy,,0.9803,Healthy,1,0.0033,0.9874,0.0022,0.0071,902,0.9874,9,,3,27
01125,below_tau,tufts,0,,Exclude,,0.269,Endodontics,1,0.5681,0.1295,0.0033,0.2992,843,0.5681,9,,2,6
01126,confirm,tufts,0,,Other,,0.8381,Endodontics,1,0.9048,0.0667,0.0014,0.0271,1047,0.9048,9,,3,4
01127,below_tau,tufts,0,,Exclude,,0.1047,Implant,1,0.2524,0.2726,0.0978,0.3773,826,0.3773,9,,2,3
01128,confirm,tufts,0,,Implant,,0.7025,Implant,1,0.006,0.1377,0.016,0.8402,962,0.8402,9,,3,0
01129,confirm,tufts,0,,Other,,0.6741,Endodontics,1,0.7965,0.1224,0.0096,0.0715,678,0.7965,9,,3,22
01130,confirm,tufts,0,,Healthy,,0.9433,Healthy,1,0.0048,0.9656,0.0223,0.0074,747,0.9656,9,,3,12
01131,below_tau,tufts,0,,Other,,0.1116,Endodontics,1,0.5405,0.4289,0.0031,0.0275,89,0.5405,9,,2,2
01132,below_tau,tufts,0,,Healthy,,0.0315,Implant,1,0.1073,0.4159,0.0294,0.4474,163,0.4474,9,,2,11
01133,below_tau,tufts,0,,Healthy,,0.0991,Implant,1,0.0362,0.3899,0.0849,0.489,1017,0.489,9,,2,13
01134,confirm,tufts,0,,Impacted,,0.9866,Impacted,1,0.0009,0.0054,0.992,0.0017,53,0.992,9,,3,20
01135,confirm,tufts,0,,Implant,,0.993,Implant,1,0.0032,0.0003,0.0004,0.9961,230,0.9961,9,,3,10
01136,confirm,tufts,0,,Healthy,,0.9896,Healthy,1,0.0019,0.9929,0.002,0.0033,440,0.9929,9,,3,29
01137,confirm,tufts,0,,Impacted,,0.9936,Impacted,1,0.0008,0.002,0.9956,0.0017,285,0.9956,9,,3,0
01138,confirm,tufts,0,,Healthy,,0.815,Healthy,1,0.0586,0.8751,0.0062,0.0601,820,0.8751,9,,3,9
01139,confirm,tufts,0,,Endodontics,,0.9951,Endodontics,1,0.9969,0.0007,0.0007,0.0018,80,0.9969,9,,3,26
01140,below_tau,tufts,0,,Exclude,,0.0044,Healthy,1,0.0184,0.4886,0.4842,0.0089,584,0.4886,9,,2,26
01141,confirm,tufts,0,,Endodontics,,0.9865,Endodontics,1,0.9924,0.0008,0.001,0.0058,648,0.9924,9,,3,3
01142,confirm,tufts,0,,Healthy,,0.7983,Healthy,1,0.0708,0.8691,0.0071,0.0531,642,0.8691,9,,3,22
01143,confirm,tufts,0,,Healthy,,0.8764,Healthy,1,0.0097,0.9223,0.0222,0.0459,539,0.9223,9,,3,2
01144,confirm,tufts,0,,Impacted,,0.9896,Impacted,1,0.0006,0.0043,0.9938,0.0013,103,0.9938,9,,3,0
01145,confirm,tufts,0,,Implant,,0.9974,Implant,1,0.0008,0.0007,0.0003,0.9982,564,0.9982,9,,3,5
01146,confirm,tufts,0,,Other,,0.4708,Endodontics,1,0.7245,0.2536,0.0011,0.0208,94,0.7245,9,,3,18
01147,confirm,tufts,0,,Impacted,,0.9851,Impacted,1,0.0012,0.0063,0.9914,0.001,152,0.9914,9,,3,30
01148,confirm,tufts,0,,Other,,0.9926,Endodontics,1,0.9954,0.0027,0.0005,0.0014,251,0.9954,9,,3,7
01149,confirm,tufts,0,,Impacted,,0.9944,Impacted,1,0.0006,0.0022,0.9965,0.0007,723,0.9965,9,,3,30
01150,confirm,tufts,0,,Implant,,0.9986,Implant,1,0.0004,0.0003,0.0002,0.999,338,0.999,10,,3,4
01151,below_tau,tufts,0,,Healthy,,0.4973,Impacted,1,0.0112,0.2407,0.738,0.01,145,0.738,10,,3,1
01152,below_tau,tufts,0,,Other,,0.0177,Healthy,1,0.4228,0.4405,0.002,0.1348,251,0.4405,9,,1,4
01153,confirm,tufts,0,,Exclude,,0.994,Impacted,1,0.0009,0.002,0.996,0.001,755,0.996,9,,3,28
01154,confirm,tufts,0,,Healthy,,0.934,Healthy,1,0.0309,0.9649,0.0019,0.0023,705,0.9649,9,,3,22
01155,confirm,tufts,0,,Healthy,,0.8598,Healthy,1,0.0073,0.9132,0.0261,0.0534,42,0.9132,9,,3,9
01156,confirm,tufts,0,,Implant,,0.9941,Implant,1,0.0019,0.0017,0.0005,0.9959,93,0.9959,9,,3,25
01157,below_tau,tufts,0,,Healthy,,0.1947,Healthy,1,0.2485,0.4556,0.0351,0.2609,755,0.4556,9,,1,24
01158,confirm,tufts,0,,Healthy,,0.7887,Implant,1,0.0224,0.0885,0.0119,0.8772,539,0.8772,9,,3,1
01159,confirm,tufts,0,,Impacted,,0.9969,Impacted,1,0.0004,0.001,0.9979,0.0006,443,0.9979,9,,3,0
01160,confirm,tufts,0,,Bad crop,,0.9979,Implant,1,0.0006,0.0004,0.0005,0.9985,197,0.9985,9,,3,12
01161,confirm,tufts,0,,Implant,,0.9982,Implant,1,0.0003,0.0005,0.0005,0.9987,746,0.9987,9,,3,20
01162,confirm,tufts,0,,Bad crop,,0.7648,Endodontics,1,0.8727,0.108,0.0075,0.0118,966,0.8727,9,,3,15
01163,confirm,tufts,0,,Healthy,,0.983,Healthy,1,0.0015,0.9898,0.0068,0.0018,299,0.9898,9,,3,1
01164,below_tau,tufts,0,,Other,,0.3245,Endodontics,1,0.6124,0.2879,0.0037,0.0961,795,0.6124,9,,2,1
01165,confirm,tufts,0,,Other,,0.9673,Endodontics,1,0.9783,0.0101,0.0005,0.011,119,0.9783,9,,3,20
01166,confirm,tufts,0,,Other,,0.7862,Endodontics,1,0.8781,0.0919,0.0022,0.0278,943,0.8781,9,,3,24
01167,confirm,tufts,0,,Endodontics,,0.9924,Implant,1,0.003,0.0007,0.0008,0.9954,45,0.9954,9,,3,4
01168,confirm,tufts,0,,Exclude,,0.9666,Healthy,1,0.0036,0.977,0.0104,0.009,407,0.977,9,,3,27
01169,confirm,tufts,0,,Endodontics,,0.9897,Endodontics,1,0.9936,0.0039,0.0008,0.0017,365,0.9936,9,,3,2
01170,confirm,tufts,0,,Healthy,,0.9832,Healthy,1,0.0036,0.9886,0.0024,0.0054,872,0.9886,9,,3,1
01171,confirm,tufts,0,,Healthy,,0.9881,Healthy,1,0.0028,0.9917,0.0037,0.0018,738,0.9917,9,,3,2
01172,confirm,tufts,0,,Healthy,,0.9655,Healthy,1,0.006,0.9752,0.0091,0.0097,443,0.9752,9,,3,28
01173,below_tau,tufts,0,,Other,,0.0184,Healthy,1,0.4649,0.4833,0.0299,0.022,1009,0.4833,9,,2,21
01174,confirm,tufts,0,,Healthy,,0.9547,Healthy,1,0.0023,0.9752,0.0205,0.0019,109,0.9752,9,,3,18
01175,confirm,tufts,0,,Impacted,,0.9927,Impacted,1,0.0017,0.0023,0.995,0.001,440,0.995,9,,3,31
01176,below_tau,tufts,0,,Healthy,,0.0779,Implant,1,0.0543,0.3501,0.1674,0.4281,101,0.4281,9,,2,22
01177,confirm,tufts,0,,Endodontics,,0.987,Endodontics,1,0.9925,0.001,0.001,0.0055,563,0.9925,9,,3,22
01178,below_tau,tufts,0,,Exclude,,0.1614,Impacted,1,0.0068,0.4121,0.5735,0.0077,584,0.5735,9,,2,5
01179,below_tau,tufts,0,,Other,,0.1899,Healthy,1,0.2748,0.4647,0.0277,0.2328,251,0.4647,9,,1,3
01180,confirm,tufts,0,,Bad crop,,0.9982,Implant,1,0.0006,0.0003,0.0002,0.9989,408,0.9989,9,,3,18
01181,confirm,tufts,0,,Other,,0.9369,Healthy,1,0.0182,0.9578,0.0032,0.0208,638,0.9578,9,,3,27
01182,confirm,tufts,0,,Bad crop,,0.9976,Implant,1,0.0007,0.0004,0.0005,0.9983,234,0.9983,9,,3,17
01183,confirm,tufts,0,,Impacted,,0.9885,Impacted,1,0.0006,0.005,0.9936,0.0008,792,0.9936,9,,3,0
01184,confirm,tufts,0,,Implant,,0.999,Implant,1,0.0003,0.0002,0.0003,0.9992,465,0.9992,9,,3,1
01185,below_tau,tufts,0,,Bad crop,,0.1361,Endodontics,1,0.4254,0.2893,0.0254,0.2599,800,0.4254,9,,2,17
01186,below_tau,tufts,0,,Other,,0.106,Healthy,1,0.1005,0.4837,0.3777,0.0382,571,0.4837,9,,2,1
01187,confirm,tufts,0,,Implant,,0.9848,Implant,1,0.0069,0.0008,0.0006,0.9917,197,0.9917,9,,3,1
01188,confirm,tufts,0,,Impacted,,0.9929,Impacted,1,0.0022,0.0013,0.9951,0.0014,985,0.9951,9,,3,31
01189,confirm,tufts,0,,Other,,0.672,Endodontics,1,0.8206,0.1486,0.0021,0.0288,17,0.8206,9,,3,3
01190,confirm,tufts,0,,Implant,,0.9986,Implant,1,0.0004,0.0003,0.0003,0.999,309,0.999,9,,3,24
01191,confirm,tufts,0,,Bad crop,,0.9949,Implant,1,0.0019,0.0008,0.0006,0.9968,663,0.9968,9,,3,9
01192,confirm,tufts,0,,Healthy,,0.9862,Impacted,1,0.0006,0.0063,0.9925,0.0007,579,0.9925,9,,3,0
01193,confirm,tufts,0,,Endodontics,,0.5357,Endodontics,1,0.7185,0.0167,0.082,0.1828,129,0.7185,9,,3,1
01194,confirm,tufts,0,,Endodontics,,0.9793,Endodontics,1,0.9874,0.0031,0.0015,0.0081,657,0.9874,9,,3,24
01195,below_tau,tufts,0,,Healthy,,0.8761,Impacted,1,0.0013,0.0603,0.9364,0.002,826,0.9364,9,,3,1
01196,confirm,tufts,0,,Implant,,0.9982,Implant,1,0.0006,0.0003,0.0003,0.9988,356,0.9988,9,,3,2
01197,below_tau,tufts,0,,Other,,0.0679,Endodontics,1,0.5269,0.4591,0.0041,0.0099,120,0.5269,9,,2,8
01198,confirm,tufts,0,,Healthy,,0.9882,Healthy,1,0.0031,0.9919,0.0012,0.0037,506,0.9919,9,,3,3
01199,confirm,tufts,0,,Healthy,,0.9892,Healthy,1,0.0015,0.9927,0.0035,0.0023,624,0.9927,9,,3,16
01200,confirm,tufts,0,,Implant,,0.9984,Implant,1,0.0005,0.0002,0.0003,0.9989,505,0.9989,9,,3,2
01201,confirm,tufts,0,,Other,,0.5478,Healthy,1,0.2103,0.7581,0.0025,0.029,439,0.7581,9,,3,16
01202,confirm,tufts,0,,Other,,0.559,Endodontics,1,0.7254,0.1045,0.0036,0.1664,72,0.7254,9,,3,0
01203,confirm,tufts,0,,Impacted,,0.9847,Impacted,1,0.0009,0.0067,0.9914,0.001,494,0.9914,9,,3,1
01204,confirm,tufts,0,,Healthy,,0.7093,Healthy,1,0.0033,0.8512,0.1419,0.0036,900,0.8512,9,,3,10
01205,confirm,tufts,0,,Impacted,,0.9949,Impacted,1,0.0005,0.0019,0.9968,0.0007,410,0.9968,9,,3,0
01206,confirm,tufts,0,,Implant,,0.9987,Implant,1,0.0003,0.0003,0.0004,0.999,343,0.999,9,,3,1
01207,confirm,tufts,0,,Endodontics,,0.9928,Endodontics,1,0.9953,0.0025,0.0005,0.0017,645,0.9953,9,,3,3
01208,confirm,tufts,0,,Impacted,,0.9853,Impacted,1,0.0007,0.0065,0.9918,0.0009,489,0.9918,9,,3,0
01209,confirm,tufts,0,,Other,,0.8544,Endodontics,1,0.897,0.026,0.0427,0.0343,99,0.897,9,,3,0
01210,confirm,tufts,0,,Other,,0.8042,Endodontics,1,0.8773,0.0471,0.0025,0.0731,303,0.8773,9,,3,26
01211,confirm,tufts,0,,Implant,,0.9982,Implant,1,0.0007,0.0002,0.0002,0.9989,894,0.9989,9,,3,4
01212,confirm,tufts,0,,Other,,0.5566,Endodontics,1,0.7616,0.205,0.01,0.0235,554,0.7616,9,,3,14
01213,confirm,tufts,0,,Healthy,,0.8387,Healthy,1,0.0615,0.9002,0.0041,0.0341,1046,0.9002,9,,3,18
01214,confirm,tufts,0,,Implant,,0.9986,Implant,1,0.0004,0.0002,0.0003,0.9991,124,0.9991,9,,3,19
01215,below_tau,tufts,0,,Impacted,,0.4749,Impacted,1,0.2519,0.0168,0.7268,0.0045,606,0.7268,9,,2,29
01216,below_tau,tufts,0,,Exclude,,0.0974,Implant,1,0.3974,0.0642,0.0436,0.4948,145,0.4948,9,,2,5
01217,confirm,tufts,0,,Implant,,0.9988,Implant,1,0.0003,0.0003,0.0003,0.9992,124,0.9992,9,,3,21
01218,confirm,tufts,0,,Exclude,,0.9052,Healthy,1,0.0282,0.9342,0.029,0.0087,170,0.9342,9,,3,23
01219,confirm,tufts,0,,Impacted,,0.9897,Impacted,1,0.0022,0.0032,0.9929,0.0017,367,0.9929,9,,3,29
01220,confirm,tufts,0,,Impacted,,0.995,Impacted,1,0.0004,0.002,0.997,0.0006,835,0.997,9,,3,31
01221,confirm,tufts,0,,Impacted,,0.9864,Impacted,1,0.0008,0.0056,0.992,0.0016,838,0.992,9,,3,25
01222,confirm,tufts,0,,Other,,0.5945,Endodontics,1,0.7845,0.19,0.0019,0.0236,752,0.7845,9,,3,3
01223,confirm,tufts,0,,Implant,,0.9982,Implant,1,0.0005,0.0003,0.0004,0.9987,808,0.9987,9,,3,20
01224,confirm,tufts,0,,Implant,,0.9989,Implant,1,0.0003,0.0002,0.0003,0.9992,438,0.9992,9,,3,11
01225,confirm,tufts,0,,Impacted,,0.9962,Impacted,1,0.0005,0.0013,0.9975,0.0007,29,0.9975,9,,3,30
01226,confirm,tufts,0,,Other,,0.6808,Endodontics,1,0.8276,0.1468,0.0019,0.0236,534,0.8276,9,,3,22
01227,confirm,tufts,0,,Bad crop,,0.9421,Endodontics,1,0.9615,0.0193,0.0109,0.0083,800,0.9615,9,,3,10
01228,confirm,tufts,0,,Impacted,,0.9909,Impacted,1,0.0009,0.0037,0.9945,0.0009,196,0.9945,9,,3,29
01229,confirm,tufts,0,,Other,,0.9684,Healthy,1,0.0137,0.9821,0.0006,0.0036,286,0.9821,9,,3,2
01230,confirm,tufts,0,,Implant,,0.9954,Implant,1,0.0016,0.0006,0.0007,0.997,170,0.997,9,,3,21
01231,confirm,tufts,0,,Healthy,,0.8275,Healthy,1,0.0139,0.8946,0.0671,0.0245,725,0.8946,9,,3,14
01232,confirm,tufts,0,,Other,,0.9519,Endodontics,1,0.9724,0.0062,0.0008,0.0206,355,0.9724,9,,3,6
01233,below_tau,tufts,0,,Other,,0.3847,Endodontics,1,0.6891,0.3044,0.001,0.0056,640,0.6891,9,,2,16
01234,below_tau,tufts,0,,Impacted,,0.0548,Healthy,1,0.0485,0.4833,0.4285,0.0397,649,0.4833,9,,1,28
01235,below_tau,tufts,0,,Other,,0.0428,Endodontics,1,0.5074,0.4646,0.0031,0.0248,622,0.5074,9,,2,9
01236,confirm,tufts,0,,Implant,,0.9984,Implant,1,0.0003,0.0004,0.0004,0.9989,576,0.9989,9,,3,11
01237,confirm,tufts,0,,Healthy,,0.9702,Healthy,1,0.0028,0.9812,0.0109,0.0051,34,0.9812,9,,3,16
01238,confirm,tufts,0,,Implant,,0.9987,Implant,1,0.0004,0.0003,0.0002,0.9991,561,0.9991,9,,3,5
01239,confirm,tufts,0,,Impacted,,0.9925,Impacted,1,0.0004,0.0032,0.9957,0.0006,555,0.9957,9,,3,30
01240,confirm,tufts,0,,Implant,,0.9616,Implant,1,0.0131,0.0064,0.0058,0.9747,685,0.9747,9,,3,1
01241,confirm,tufts,0,,Impacted,,0.9878,Impacted,1,0.0012,0.0047,0.9925,0.0016,915,0.9925,9,,3,1
01242,confirm,tufts,0,,Impacted,,0.9912,Impacted,1,0.001,0.0032,0.9944,0.0014,372,0.9944,9,,3,28
01243,confirm,tufts,0,,Implant,,0.9807,Implant,1,0.0087,0.0015,0.0005,0.9893,408,0.9893,9,,3,2
01244,confirm,tufts,0,,Bad crop,,0.762,Implant,1,0.0057,0.1156,0.0011,0.8776,478,0.8776,9,,3,18
01245,confirm,tufts,0,,Healthy,,0.9046,Healthy,1,0.0072,0.9391,0.0344,0.0193,546,0.9391,9,,3,12
01246,confirm,tufts,0,,Other,,0.7149,Endodontics,1,0.8357,0.0422,0.0012,0.1208,829,0.8357,9,,3,3
01247,confirm,tufts,0,,Impacted,,0.9862,Impacted,1,0.0017,0.0051,0.9912,0.002,647,0.9912,9,,3,29
01248,confirm,tufts,0,,Exclude,,0.9884,Impacted,1,0.0012,0.0045,0.9929,0.0015,871,0.9929,9,,3,0
00001,below_tau,dentex,0,,Impacted,,0.6835,Impacted,1,0.0025,0.1548,0.8383,0.0043,disease__train_354,0.8383,10,,3,2
00002,confirm,dentex,0,,Healthy,,0.9701,Healthy,1,0.0042,0.9804,0.0051,0.0103,disease__train_694,0.9804,10,,3,20
00003,confirm,dentex,0,,Impacted,,0.9917,Impacted,1,0.0004,0.0035,0.9953,0.0008,disease__train_564,0.9953,10,,3,0
00004,confirm,dentex,0,,Impacted,,0.994,Impacted,1,0.0018,0.0018,0.9959,0.0005,disease__train_584,0.9959,10,,3,29
00005,below_tau,dentex,0,,Other,,0.0004,Implant,1,0.0649,0.4457,0.0432,0.4462,enum__train_151,0.4462,10,,2,7
00006,confirm,dentex,0,,Healthy,,0.9285,Healthy,1,0.0176,0.9523,0.0063,0.0238,enum__train_583,0.9523,10,,3,30
00007,confirm,dentex,0,,Impacted,,0.9917,Impacted,1,0.001,0.0032,0.9949,0.0008,disease__train_618,0.9949,10,,3,29
00008,confirm,dentex,0,,Endodontics,,0.925,Implant,1,0.0357,0.002,0.0016,0.9606,enum__train_189,0.9606,10,,3,16
00009,confirm,dentex,0,,Healthy,,0.8683,Implant,1,0.0064,0.0458,0.0336,0.9141,disease__train_109,0.9141,10,,3,14
00010,confirm,dentex,0,,Other,,0.6275,Endodontics,1,0.8009,0.1734,0.0039,0.0218,disease__train_460,0.8009,10,,3,23
00011,confirm,dentex,0,,Other,,0.7696,Endodontics,1,0.8482,0.0786,0.0028,0.0705,enum__train_223,0.8482,10,,3,2
00012,confirm,dentex,0,,Endodontics,,0.9842,Endodontics,1,0.99,0.0021,0.0021,0.0058,enum__train_261,0.99,10,,3,7
00013,confirm,dentex,0,,Implant,,0.9987,Implant,1,0.0004,0.0003,0.0003,0.9991,disease__train_398,0.9991,10,,3,2
00014,confirm,dentex,0,,Impacted,,0.9911,Impacted,1,0.0011,0.0034,0.9945,0.001,disease__train_691,0.9945,10,,3,25
00015,confirm,dentex,0,,Impacted,,0.99,Impacted,1,0.0015,0.0033,0.9933,0.0018,disease__train_79,0.9933,10,,3,32
00016,below_tau,dentex,0,,Healthy,,0.0991,Endodontics,1,0.5215,0.4224,0.0052,0.0509,disease__train_113,0.5215,10,,2,7
00017,confirm,dentex,0,,Healthy,,0.9952,Healthy,1,0.0014,0.9965,0.0012,0.0009,enum__train_434,0.9965,10,,3,20
00018,confirm,dentex,0,,Impacted,,0.9962,Impacted,1,0.0004,0.0014,0.9976,0.0005,enum__train_347,0.9976,10,,3,2
00019,confirm,dentex,0,,Implant,,0.9983,Implant,1,0.0003,0.0004,0.0005,0.9988,enum__train_42,0.9988,10,,3,1
00020,confirm,dentex,0,,Healthy,,0.2709,Implant,1,0.0723,0.314,0.0288,0.5849,disease__train_11,0.5849,10,,3,10
00021,confirm,dentex,0,,Impacted,,0.9884,Impacted,1,0.0006,0.0054,0.9937,0.0004,disease__train_267,0.9937,10,,3,1
00022,confirm,dentex,0,,Implant,,0.9968,Implant,1,0.0012,0.0003,0.0004,0.9981,disease__train_24,0.9981,10,,3,13
00023,below_tau,dentex,0,,Healthy,,0.364,Impacted,1,0.2752,0.0822,0.6392,0.0034,disease__train_224,0.6392,10,,2,22
00024,confirm,dentex,0,,Impacted,,0.9973,Impacted,1,0.0004,0.001,0.9983,0.0004,disease__train_132,0.9983,10,,3,2
00025,confirm,dentex,0,,Healthy,,0.6399,Healthy,1,0.0077,0.7857,0.0609,0.1458,disease__train_412,0.7857,10,,3,13
00026,confirm,dentex,0,,Impacted,,0.9952,Impacted,1,0.0014,0.0014,0.9966,0.0007,disease__train_25,0.9966,10,,3,21
00027,below_tau,dentex,0,,Healthy,,0.117,Endodontics,1,0.5539,0.4368,0.0027,0.0065,disease__train_526,0.5539,10,,2,21
00028,confirm,dentex,0,,Endodontics,,0.9961,Endodontics,1,0.9973,0.0006,0.0008,0.0012,enum__train_205,0.9973,10,,3,19
00029,confirm,dentex,0,,Impacted,,0.9931,Impacted,1,0.0007,0.0028,0.9958,0.0007,disease__train_282,0.9958,10,,3,0
00030,confirm,dentex,0,,Implant,,0.9982,Implant,1,0.0004,0.0004,0.0005,0.9987,disease__train_664,0.9987,10,,3,26
00031,confirm,dentex,0,,Other,,0.6149,Endodontics,1,0.7943,0.1794,0.0061,0.0203,disease__train_626,0.7943,10,,3,5
00032,confirm,dentex,0,,Impacted,,0.988,Impacted,1,0.0006,0.0053,0.9932,0.0009,enum__train_484,0.9932,10,,3,29
00033,confirm,dentex,0,,Impacted,,0.9943,Impacted,1,0.0007,0.0021,0.9964,0.0008,disease__train_161,0.9964,10,,3,31
00034,below_tau,dentex,0,,Other,,0.137,Healthy,1,0.3572,0.4941,0.1331,0.0156,disease__train_669,0.4941,10,,2,4
00035,confirm,dentex,0,,Impacted,,0.9946,Impacted,1,0.0008,0.0019,0.9965,0.0008,disease__train_124,0.9965,10,,3,0
00036,confirm,dentex,0,,Other,,0.5255,Healthy,1,0.2212,0.7468,0.0074,0.0246,enum__train_215,0.7468,10,,3,25
00037,confirm,dentex,0,,Bad crop,,0.9797,Implant,1,0.003,0.0083,0.0007,0.988,enum__train_42,0.988,10,,3,18
00038,below_tau,dentex,0,,Impacted,,0.4449,Impacted,1,0.013,0.2421,0.687,0.0578,disease__train_353,0.687,10,,3,0
00039,below_tau,dentex,0,,Impacted,,0.9738,Impacted,1,0.0007,0.0124,0.9862,0.0008,enum__train_393,0.9862,10,,3,30
00040,confirm,dentex,0,,Healthy,,0.9086,Healthy,1,0.0102,0.9479,0.0393,0.0026,disease__train_506,0.9479,10,,3,25
00041,confirm,dentex,0,,Other,,0.8838,Endodontics,1,0.9275,0.0141,0.0148,0.0436,disease__train_367,0.9275,10,,3,2
00042,confirm,dentex,0,,Healthy,,0.7775,Implant,1,0.0687,0.0673,0.0179,0.8461,disease__train_357,0.8461,10,,3,17
00043,confirm,dentex,0,,Impacted,,0.9913,Impacted,1,0.0009,0.0032,0.9946,0.0013,disease__train_240,0.9946,10,,3,29
00044,confirm,dentex,0,,Impacted,,0.9962,Impacted,1,0.0007,0.0012,0.9974,0.0007,disease__train_345,0.9974,10,,3,0
00045,confirm,dentex,0,,Impacted,,0.9932,Impacted,1,0.0014,0.0022,0.9954,0.001,enum__train_347,0.9954,10,,3,31
00046,confirm,dentex,0,,Impacted,,0.9874,Impacted,1,0.004,0.0037,0.9914,0.001,disease__train_36,0.9914,10,,3,27
00047,confirm,dentex,0,,Impacted,,0.9949,Impacted,1,0.001,0.0018,0.9967,0.0006,enum__train_409,0.9967,10,,3,22
00048,below_tau,dentex,0,,Endodontics,,0.2547,Endodontics,1,0.5677,0.313,0.1029,0.0163,disease__train_260,0.5677,10,,2,25
00049,confirm,dentex,0,,Healthy,,0.6674,Implant,1,0.0738,0.1229,0.013,0.7903,disease__train_289,0.7903,10,,3,18
00050,below_tau,dentex,0,,Other,,0.8954,Impacted,1,0.0123,0.0415,0.9369,0.0093,disease__train_382,0.9369,10,,3,18
00051,confirm,dentex,0,,Other,,0.9072,Endodontics,1,0.9435,0.0173,0.0028,0.0364,enum__train_444,0.9435,10,,3,9
00052,below_tau,dentex,0,,Healthy,,0.1006,Healthy,1,0.2216,0.4356,0.0079,0.3349,disease__train_698,0.4356,10,,1,23
00053,below_tau,dentex,0,,Healthy,,0.0021,Healthy,1,0.4585,0.4605,0.003,0.078,disease__train_384,0.4605,10,,1,3
00054,confirm,dentex,0,,Healthy,,0.9039,Healthy,1,0.0029,0.9487,0.0448,0.0036,disease__train_596,0.9487,10,,3,4
00055,confirm,dentex,0,,Endodontics,,0.927,Endodontics,1,0.9622,0.001,0.0016,0.0352,disease__train_177,0.9622,10,,3,23
00056,confirm,dentex,0,,Exclude,,0.9312,Implant,1,0.0148,0.0249,0.0041,0.9562,disease__train_129,0.9562,10,,3,2
00057,confirm,dentex,0,,Impacted,,0.9934,Impacted,1,0.0018,0.0021,0.9956,0.0005,enum__train_427,0.9956,10,,3,31
00058,confirm,dentex,0,,Impacted,,0.9908,Impacted,1,0.0008,0.0039,0.9947,0.0006,disease__train_187,0.9947,10,,3,29
00059,confirm,dentex,0,,Impacted,,0.9894,Impacted,1,0.0007,0.0047,0.994,0.0006,enum__train_484,0.994,10,,3,0
00060,confirm,dentex,0,,Healthy,,0.9489,Healthy,1,0.0214,0.9703,0.0047,0.0037,enum__train_263,0.9703,10,,3,17
00061,confirm,dentex,0,,Healthy,,0.967,Healthy,1,0.0147,0.9817,0.0009,0.0028,enum__train_350,0.9817,10,,3,23
00062,confirm,dentex,0,,Bad crop,,0.642,Endodontics,1,0.798,0.1559,0.0037,0.0424,enum__train_131,0.798,10,,3,17
00063,confirm,dentex,0,,Endodontics,,0.9955,Endodontics,1,0.997,0.0009,0.0006,0.0015,disease__train_565,0.997,10,,3,12
00064,confirm,dentex,0,,Impacted,,0.9958,Impacted,1,0.0006,0.0015,0.9973,0.0006,enum__train_232,0.9973,10,,3,30
00065,below_tau,dentex,0,,Impacted,,0.634,Impacted,1,0.0019,0.1801,0.8141,0.004,disease__train_268,0.8141,10,,3,30
00066,confirm,dentex,0,,Endodontics,,0.9969,Endodontics,1,0.9978,0.0008,0.0004,0.0009,disease__train_229,0.9978,10,,3,5
00067,below_tau,dentex,0,,Other,,0.1709,Healthy,1,0.156,0.4929,0.322,0.0291,enum__train_553,0.4929,10,,2,30
00068,below_tau,dentex,0,,Other,,0.0014,Healthy,1,0.4487,0.4501,0.0833,0.0179,disease__train_428,0.4501,10,,1,27
00069,below_tau,dentex,0,,Healthy,,0.053,Endodontics,1,0.5162,0.4631,0.0143,0.0064,disease__train_523,0.5162,10,,2,23
00070,below_tau,dentex,0,,Healthy,,0.0873,Implant,1,0.3851,0.1136,0.0289,0.4724,disease__train_384,0.4724,10,,1,6
00071,confirm,dentex,0,,Impacted,,0.9946,Impacted,1,0.0011,0.0016,0.9962,0.0011,enum__train_544,0.9962,10,,3,25
00072,confirm,dentex,0,,Implant,,0.9863,Implant,1,0.0017,0.0047,0.0026,0.991,disease__train_395,0.991,10,,3,9
00073,confirm,dentex,0,,Implant,,0.9986,Implant,1,0.0004,0.0003,0.0003,0.999,enum__train_492,0.999,10,,3,1
00074,confirm,dentex,0,,Implant,,0.999,Implant,1,0.0003,0.0002,0.0002,0.9993,disease__train_577,0.9993,10,,3,21
00075,confirm,dentex,0,,Healthy,,0.9791,Healthy,1,0.0043,0.9864,0.0021,0.0073,enum__train_265,0.9864,10,,3,24
00076,confirm,dentex,0,,Implant,,0.9975,Implant,1,0.0003,0.0005,0.0008,0.9984,enum__train_242,0.9984,10,,3,3
00077,confirm,dentex,0,,Other,,0.8847,Healthy,1,0.0171,0.9263,0.0417,0.0149,disease__train_527,0.9263,10,,3,3
00078,confirm,dentex,0,,Impacted,,0.9893,Impacted,1,0.0004,0.0049,0.9943,0.0004,disease__train_18,0.9943,10,,3,32
00079,confirm,dentex,0,,Impacted,,0.9916,Impacted,1,0.0016,0.0031,0.9947,0.0007,disease__train_90,0.9947,10,,3,30
00080,below_tau,dentex,0,,Healthy,,0.0036,Healthy,1,0.4864,0.4901,0.0045,0.019,enum__train_12,0.4901,10,,1,8
00081,confirm,dentex,0,,Healthy,,0.7419,Healthy,1,0.1119,0.8537,0.0025,0.0319,disease__train_112,0.8537,10,,3,19
00082,confirm,dentex,0,,Healthy,,0.9691,Healthy,1,0.0068,0.9781,0.009,0.0061,enum__train_350,0.9781,10,,3,13
00083,below_tau,dentex,0,,Healthy,,0.0107,Implant,1,0.2543,0.3601,0.0149,0.3707,disease__train_661,0.3707,10,,1,21
00084,below_tau,dentex,0,,Healthy,,0.032,Implant,1,0.0458,0.4411,0.0399,0.4732,disease__train_269,0.4732,10,,1,14
00085,confirm,dentex,0,,Healthy,,0.4118,Implant,1,0.1526,0.2149,0.0057,0.6267,disease__train_276,0.6267,10,,3,20
00086,confirm,dentex,0,,Implant,,0.9986,Implant,1,0.0004,0.0003,0.0003,0.999,enum__train_242,0.999,10,,3,1
00087,below_tau,dentex,0,,Other,,0.4572,Endodontics,1,0.6689,0.2117,0.0038,0.1157,enum__train_134,0.6689,10,,3,20
00088,confirm,dentex,0,,Endodontics,,0.9955,Endodontics,1,0.9968,0.0013,0.0007,0.0013,disease__train_261,0.9968,10,,3,5
00089,confirm,dentex,0,,Implant,,0.9986,Implant,1,0.0003,0.0004,0.0004,0.999,enum__train_365,0.999,10,,3,4
00090,confirm,dentex,0,,Impacted,,0.9901,Impacted,1,0.001,0.0038,0.9939,0.0013,enum__train_272,0.9939,10,,3,0
00091,confirm,dentex,0,,Impacted,,0.9865,Impacted,1,0.0006,0.006,0.9926,0.0008,enum__train_605,0.9926,10,,3,0
00092,confirm,dentex,0,,Endodontics,,0.9959,Endodontics,1,0.997,0.0011,0.0008,0.0011,enum__train_456,0.997,10,,3,3
00093,below_tau,dentex,0,,Healthy,,0.0084,Implant,1,0.3332,0.3206,0.0046,0.3416,disease__train_575,0.3416,10,,1,20
00094,confirm,dentex,0,,Healthy,,0.3298,Implant,1,0.1399,0.1728,0.1788,0.5085,disease__train_39,0.5085,10,,3,20
00095,confirm,dentex,0,,Impacted,,0.9953,Impacted,1,0.0004,0.0019,0.9972,0.0006,disease__train_589,0.9972,10,,3,0
00096,confirm,dentex,0,,Bad crop,,0.9831,Impacted,1,0.0012,0.0076,0.9906,0.0006,disease__train_30,0.9906,10,,3,1
00097,confirm,dentex,0,,Bad crop,,0.978,Implant,1,0.0101,0.0008,0.0009,0.9882,enum__train_42,0.9882,10,,3,0
00098,confirm,dentex,0,,Impacted,,0.9857,Impacted,1,0.0005,0.0065,0.9921,0.0009,enum__train_131,0.9921,10,,3,0
00099,confirm,dentex,0,,Other,,0.8183,Endodontics,1,0.8958,0.0152,0.0115,0.0775,enum__train_132,0.8958,10,,3,3
00100,confirm,dentex,0,,Impacted,,0.9943,Impacted,1,0.0008,0.0016,0.9959,0.0017,disease__train_30,0.9959,10,,3,0
00101,confirm,dentex,0,,Healthy,,0.9389,Healthy,1,0.0063,0.963,0.0241,0.0066,disease__train_652,0.963,10,,3,23
00102,confirm,dentex,0,,Healthy,,0.5039,Healthy,1,0.0152,0.7368,0.233,0.015,disease__train_492,0.7368,10,,3,12
00103,confirm,dentex,0,,Impacted,,0.9927,Impacted,1,0.0007,0.0028,0.9955,0.001,disease__train_546,0.9955,10,,3,0
00104,below_tau,dentex,0,,Other,,0.915,Impacted,1,0.0009,0.0416,0.9567,0.0008,disease__train_568,0.9567,10,,3,0
00105,confirm,dentex,0,,Impacted,,0.9838,Impacted,1,0.0023,0.0066,0.9904,0.0008,disease__train_170,0.9904,10,,3,28
00106,confirm,dentex,0,,Healthy,,0.77,Healthy,1,0.001,0.8837,0.1137,0.0016,enum__train_393,0.8837,10,,3,2
00107,confirm,dentex,0,,Endodontics,,0.9461,Endodontics,1,0.9609,0.0117,0.0148,0.0126,disease__train_668,0.9609,10,,3,24
00108,confirm,dentex,0,,Impacted,,0.9955,Impacted,1,0.0014,0.0013,0.9968,0.0005,disease__train_399,0.9968,10,,3,2
00109,confirm,dentex,0,,Impacted,,0.9947,Impacted,1,0.0005,0.0021,0.9968,0.0005,enum__train_344,0.9968,10,,3,0
00110,confirm,dentex,0,,Impacted,,0.9931,Impacted,1,0.0006,0.0027,0.9958,0.0009,disease__train_282,0.9958,10,,3,28
00111,confirm,dentex,0,,Impacted,,0.9866,Impacted,1,0.0007,0.0059,0.9925,0.0009,disease__train_459,0.9925,10,,3,0
00112,confirm,dentex,0,,Impacted,,0.9953,Impacted,1,0.0007,0.0017,0.9969,0.0007,disease__train_69,0.9969,10,,3,18
00113,confirm,dentex,0,,Implant,,0.9965,Implant,1,0.0004,0.001,0.0011,0.9975,enum__train_242,0.9975,10,,3,15
00114,confirm,dentex,0,,Impacted,,0.9902,Impacted,1,0.0009,0.0039,0.9941,0.0011,enum__train_391,0.9941,10,,3,31
00115,confirm,dentex,0,,Other,,0.732,Endodontics,1,0.8239,0.0919,0.0037,0.0806,enum__train_155,0.8239,10,,3,2
00116,confirm,dentex,0,,Impacted,,0.9937,Impacted,1,0.0006,0.0026,0.9963,0.0006,disease__train_674,0.9963,10,,3,0
00117,confirm,dentex,0,,Impacted,,0.99,Impacted,1,0.0014,0.0039,0.9939,0.0008,enum__train_173,0.9939,10,,3,25
00118,below_tau,dentex,0,,Impacted,,0.9118,Impacted,1,0.0018,0.0427,0.9545,0.0011,disease__train_354,0.9545,10,,3,0
00119,confirm,dentex,0,,Other,,0.8519,Endodontics,1,0.9046,0.0527,0.0042,0.0385,disease__train_1,0.9046,10,,3,14
00120,confirm,dentex,0,,Exclude,,0.8722,Healthy,1,0.0585,0.9307,0.0054,0.0054,enum__train_122,0.9307,10,,3,22
00121,confirm,dentex,0,,Implant,,0.9972,Implant,1,0.0011,0.0002,0.0003,0.9983,disease__train_398,0.9983,10,,3,24
00122,below_tau,dentex,0,,Exclude,,0.2157,Implant,1,0.0246,0.2624,0.235,0.4781,disease__train_428,0.4781,10,,2,14
00123,confirm,dentex,0,,Impacted,,0.9923,Impacted,1,0.001,0.0028,0.9951,0.0011,enum__train_422,0.9951,10,,3,0
00124,confirm,dentex,0,,Healthy,,0.5169,Endodontics,1,0.7494,0.2325,0.0021,0.016,enum__train_618,0.7494,10,,3,20
00125,confirm,dentex,0,,Impacted,,0.9829,Impacted,1,0.0008,0.0078,0.9907,0.0007,disease__train_63,0.9907,10,,3,0
00126,confirm,dentex,0,,Impacted,,0.992,Impacted,1,0.0018,0.0025,0.9946,0.0012,disease__train_536,0.9946,10,,3,0
00127,confirm,dentex,0,,Impacted,,0.996,Impacted,1,0.0004,0.0016,0.9975,0.0005,disease__train_472,0.9975,10,,3,0
00128,confirm,dentex,0,,Exclude,,0.8737,Healthy,1,0.0238,0.9175,0.0438,0.0149,disease__train_430,0.9175,10,,3,4
00129,confirm,dentex,0,,Other,,0.9303,Endodontics,1,0.9553,0.025,0.0013,0.0185,disease__train_174,0.9553,10,,3,1
00130,confirm,dentex,0,,Impacted,,0.994,Impacted,1,0.0008,0.0022,0.9962,0.0008,disease__train_247,0.9962,10,,3,26
00131,confirm,dentex,0,,Impacted,,0.9828,Impacted,1,0.0013,0.0075,0.9903,0.0009,disease__train_479,0.9903,10,,3,22
00132,confirm,dentex,0,,Impacted,,0.9937,Impacted,1,0.0006,0.0022,0.996,0.0012,disease__train_198,0.996,10,,3,1
00133,confirm,dentex,0,,Healthy,,0.9663,Healthy,1,0.013,0.9794,0.0022,0.0054,enum__train_285,0.9794,10,,3,27
00134,below_tau,dentex,0,,Healthy,,0.145,Implant,1,0.0177,0.2839,0.2695,0.4289,disease__train_148,0.4289,10,,1,15
00135,confirm,dentex,0,,Healthy,,0.6762,Implant,1,0.0176,0.1482,0.0098,0.8244,disease__train_330,0.8244,10,,3,20
00136,confirm,dentex,0,,Impacted,,0.995,Impacted,1,0.0005,0.002,0.997,0.0005,disease__train_566,0.997,10,,3,30
00137,confirm,dentex,0,,Other,,0.5475,Endodontics,1,0.7448,0.1972,0.0071,0.0509,disease__train_508,0.7448,10,,3,9
00138,below_tau,dentex,0,,Other,,0.2344,Implant,1,0.0568,0.2473,0.2142,0.4817,disease__train_695,0.4817,10,,2,11
00139,confirm,dentex,0,,Impacted,,0.996,Impacted,1,0.0006,0.0013,0.9972,0.0009,enum__train_553,0.9972,10,,3,2
00140,below_tau,dentex,0,,Bad crop,,0.1419,Endodontics,1,0.4241,0.2345,0.2822,0.0592,disease__train_175,0.4241,10,,1,9
00141,confirm,dentex,0,,Impacted,,0.9891,Impacted,1,0.0005,0.0048,0.9939,0.0007,enum__train_186,0.9939,10,,3,0
00142,confirm,dentex,0,,Healthy,,0.5421,Implant,1,0.0646,0.1841,0.0252,0.7262,disease__train_31,0.7262,10,,3,8
00143,confirm,dentex,0,,Impacted,,0.9865,Impacted,1,0.0017,0.0054,0.9918,0.0011,enum__train_422,0.9918,10,,3,30
00144,confirm,dentex,0,,Healthy,,0.8678,Healthy,1,0.0586,0.9264,0.0054,0.0096,enum__train_51,0.9264,10,,3,9
00145,below_tau,dentex,0,,Endodontics,,0.2908,Endodontics,1,0.6369,0.004,0.013,0.346,disease__train_621,0.6369,10,,2,3
00146,confirm,dentex,0,,Healthy,,0.8513,Healthy,1,0.0251,0.9088,0.0575,0.0086,disease__train_456,0.9088,10,,3,28
00147,below_tau,dentex,0,,Healthy,,0.2268,Impacted,1,0.0111,0.3778,0.6047,0.0064,disease__train_468,0.6047,10,,2,23
00148,confirm,dentex,0,,Healthy,,0.9362,Healthy,1,0.0291,0.9653,0.0022,0.0035,disease__train_397,0.9653,10,,3,3
00149,confirm,dentex,0,,Impacted,,0.989,Impacted,1,0.0007,0.0044,0.9934,0.0014,disease__train_565,0.9934,10,,3,27
00150,confirm,dentex,0,,Impacted,,0.9958,Impacted,1,0.0004,0.0016,0.9974,0.0006,disease__train_105,0.9974,10,,3,0
00151,confirm,dentex,0,,Impacted,,0.9962,Impacted,1,0.0005,0.0014,0.9976,0.0005,disease__train_484,0.9976,10,,3,23
00152,confirm,dentex,0,,Impacted,,0.9899,Impacted,1,0.0007,0.0043,0.9941,0.0009,disease__train_618,0.9941,10,,3,28
00153,below_tau,dentex,0,,Other,,0.9312,Impacted,1,0.0015,0.0332,0.9645,0.0008,enum__train_344,0.9645,10,,3,3
00154,below_tau,dentex,0,,Healthy,,0.1686,Implant,1,0.3167,0.1786,0.0194,0.4853,disease__train_636,0.4853,10,,1,3
00155,confirm,dentex,0,,Impacted,,0.9964,Impacted,1,0.0006,0.0012,0.9976,0.0005,disease__train_530,0.9976,10,,3,0
00156,confirm,dentex,0,,Impacted,,0.9863,Impacted,1,0.0011,0.0054,0.9917,0.0018,enum__train_125,0.9917,10,,3,1
00157,confirm,dentex,0,,Impacted,,0.9949,Impacted,1,0.0006,0.0018,0.9968,0.0008,disease__train_693,0.9968,10,,3,0
00158,confirm,dentex,0,,Impacted,,0.9938,Impacted,1,0.0006,0.0024,0.9963,0.0007,enum__train_304,0.9963,10,,3,29
00159,below_tau,dentex,0,,Impacted,,0.2548,Impacted,1,0.0054,0.3673,0.6221,0.0053,disease__train_538,0.6221,10,,2,28
00160,confirm,dentex,0,,Other,,0.9146,Endodontics,1,0.9493,0.0139,0.0021,0.0347,enum__train_503,0.9493,10,,3,20
00161,below_tau,dentex,0,,Other,,0.3328,Endodontics,1,0.6402,0.3074,0.03,0.0224,enum__train_386,0.6402,10,,3,8
00162,confirm,dentex,0,,Impacted,,0.9911,Impacted,1,0.001,0.0035,0.9946,0.0008,enum__train_24,0.9946,10,,3,31
00163,confirm,dentex,0,,Impacted,,0.9962,Impacted,1,0.0007,0.0012,0.9974,0.0006,enum__train_525,0.9974,10,,3,31
00164,confirm,dentex,0,,Impacted,,0.9875,Impacted,1,0.0007,0.0055,0.993,0.0009,disease__train_565,0.993,10,,3,1
00165,confirm,dentex,0,,Impacted,,0.997,Impacted,1,0.0004,0.001,0.9981,0.0004,enum__train_601,0.9981,10,,3,0
00166,confirm,dentex,0,,Impacted,,0.992,Impacted,1,0.0011,0.0031,0.9951,0.0006,disease__train_362,0.9951,10,,3,31
00167,confirm,dentex,0,,Impacted,,0.9957,Impacted,1,0.0005,0.0016,0.9973,0.0006,disease__train_204,0.9973,10,,3,28
00168,confirm,dentex,0,,Impacted,,0.9875,Impacted,1,0.0009,0.0051,0.9926,0.0014,enum__train_290,0.9926,10,,3,22
00169,confirm,dentex,0,,Impacted,,0.9937,Impacted,1,0.0015,0.002,0.9957,0.0008,disease__train_399,0.9957,10,,3,0
00170,confirm,dentex,0,,Impacted,,0.9948,Impacted,1,0.0009,0.0019,0.9967,0.0005,disease__train_236,0.9967,10,,3,2
00171,confirm,dentex,0,,Endodontics,,0.8125,Endodontics,1,0.8886,0.0259,0.076,0.0095,enum__train_539,0.8886,10,,3,3
00172,confirm,dentex,0,,Impacted,,0.9943,Impacted,1,0.0014,0.0018,0.996,0.0008,disease__train_395,0.996,10,,3,20
00173,confirm,dentex,0,,Impacted,,0.9934,Impacted,1,0.0003,0.0028,0.9962,0.0007,disease__train_47,0.9962,10,,3,0
00174,confirm,dentex,0,,Healthy,,0.5697,Endodontics,1,0.7664,0.1967,0.0247,0.0122,disease__train_538,0.7664,10,,3,10
00175,below_tau,dentex,0,,Other,,0.0908,Healthy,1,0.3119,0.4027,0.179,0.1064,enum__train_12,0.4027,10,,1,2
00176,confirm,dentex,0,,Endodontics,,0.9893,Endodontics,1,0.9926,0.0019,0.0033,0.0022,enum__train_150,0.9926,10,,3,2
00177,below_tau,dentex,0,,Other,,0.0761,Healthy,1,0.3913,0.4673,0.1276,0.0138,disease__train_657,0.4673,10,,2,0
00178,confirm,dentex,0,,Other,,0.7821,Endodontics,1,0.8867,0.1045,0.0037,0.0051,disease__train_44,0.8867,10,,3,20
00179,confirm,dentex,0,,Endodontics,,0.9948,Endodontics,1,0.9963,0.0016,0.0012,0.0009,disease__train_504,0.9963,10,,3,1
00180,confirm,dentex,0,,Impacted,,0.987,Impacted,1,0.0007,0.0055,0.9925,0.0013,disease__train_514,0.9925,10,,3,0
00181,confirm,dentex,0,,Endodontics,,0.9368,Endodontics,1,0.9632,0.0264,0.0038,0.0067,enum__train_553,0.9632,10,,3,29
00182,confirm,dentex,0,,Endodontics,,0.9945,Endodontics,1,0.9965,0.001,0.0005,0.002,disease__train_687,0.9965,10,,3,23
00183,below_tau,dentex,0,,Endodontics,,0.3549,Endodontics,1,0.6083,0.1292,0.009,0.2535,enum__train_230,0.6083,10,,2,3
00184,confirm,dentex,0,,Other,,0.7485,Healthy,1,0.0643,0.8372,0.0099,0.0887,disease__train_497,0.8372,10,,3,27
00185,confirm,dentex,0,,Impacted,,0.9934,Impacted,1,0.0005,0.0028,0.9962,0.0005,disease__train_136,0.9962,10,,3,0
00186,confirm,dentex,0,,Other,,0.876,Endodontics,1,0.923,0.0469,0.0026,0.0275,disease__train_1,0.923,10,,3,11
00187,confirm,dentex,0,,Healthy,,0.9466,Healthy,1,0.0039,0.964,0.0173,0.0148,enum__train_206,0.964,10,,3,7
00188,below_tau,dentex,0,,Other,,0.0653,Healthy,1,0.3749,0.4401,0.1694,0.0156,disease__train_142,0.4401,10,,1,27
00189,confirm,dentex,0,,Implant,,0.9981,Implant,1,0.0004,0.0005,0.0004,0.9986,enum__train_547,0.9986,10,,3,25
00190,below_tau,dentex,0,,Healthy,,0.0923,Healthy,1,0.0089,0.4891,0.1051,0.3968,disease__train_532,0.4891,10,,2,17
00191,confirm,dentex,0,,Exclude,,0.6565,Implant,1,0.1308,0.0394,0.0425,0.7873,disease__train_480,0.7873,10,,3,0
00192,confirm,dentex,0,,Healthy,,0.8459,Healthy,1,0.0741,0.9201,0.0026,0.0032,disease__train_132,0.9201,10,,3,12
00193,confirm,dentex,0,,Healthy,,0.8936,Healthy,1,0.035,0.9286,0.0102,0.0262,disease__train_411,0.9286,10,,3,28
00194,confirm,dentex,0,,Endodontics,,0.9878,Endodontics,1,0.9915,0.0023,0.0026,0.0036,disease__train_315,0.9915,10,,3,5
00195,confirm,dentex,0,,Endodontics,,0.8982,Endodontics,1,0.9415,0.0038,0.0114,0.0433,enum__train_285,0.9415,10,,3,11
00196,confirm,dentex,0,,Implant,,0.9986,Implant,1,0.0003,0.0004,0.0004,0.9989,enum__train_459,0.9989,10,,3,22
00197,confirm,dentex,0,,Healthy,,0.3255,Implant,1,0.0237,0.2867,0.0774,0.6122,disease__train_436,0.6122,10,,3,6
00198,confirm,dentex,0,,Impacted,,0.994,Impacted,1,0.0009,0.0021,0.9961,0.0009,disease__train_64,0.9961,10,,3,31
00199,confirm,dentex,0,,Impacted,,0.9894,Impacted,1,0.0009,0.0046,0.994,0.0005,disease__train_655,0.994,10,,3,0
00200,confirm,dentex,0,,Other,,0.5978,Endodontics,1,0.7687,0.1708,0.0061,0.0544,enum__train_266,0.7687,10,,3,3
00201,confirm,dentex,0,,Healthy,,0.9083,Healthy,1,0.0373,0.9456,0.0041,0.013,disease__train_355,0.9456,10,,3,23
00202,confirm,dentex,0,,Implant,,0.9989,Implant,1,0.0003,0.0002,0.0002,0.9993,disease__train_115,0.9993,10,,3,22
00203,confirm,dentex,0,,Healthy,,0.7353,Healthy,1,0.0521,0.8183,0.083,0.0466,enum__train_341,0.8183,10,,3,4
00204,confirm,dentex,0,,Impacted,,0.996,Impacted,1,0.0003,0.0016,0.9977,0.0004,disease__train_629,0.9977,10,,3,0
00205,confirm,dentex,0,,Other,,0.9825,Endodontics,1,0.9891,0.0065,0.0006,0.0038,disease__train_420,0.9891,10,,3,21
00206,confirm,dentex,0,,Impacted,,0.9935,Impacted,1,0.0005,0.0026,0.9962,0.0007,disease__train_632,0.9962,10,,3,0
00207,confirm,dentex,0,,Healthy,,0.8447,Healthy,1,0.0647,0.9094,0.0062,0.0197,disease__train_562,0.9094,10,,3,2
00208,confirm,dentex,0,,Other,,0.9362,Endodontics,1,0.965,0.0288,0.0013,0.0049,disease__train_319,0.965,10,,3,22
00209,confirm,dentex,0,,Impacted,,0.9912,Impacted,1,0.002,0.0027,0.9939,0.0014,disease__train_495,0.9939,10,,3,0
00210,below_tau,dentex,0,,Exclude,,0.3369,Endodontics,1,0.6553,0.0142,0.0121,0.3184,enum__train_367,0.6553,10,,2,1
00211,confirm,dentex,0,,Healthy,,0.9477,Healthy,1,0.0048,0.9651,0.0174,0.0126,disease__train_702,0.9651,10,,3,5
00212,confirm,dentex,0,,Impacted,,0.9936,Impacted,1,0.0008,0.0021,0.9957,0.0014,disease__train_422,0.9957,10,,3,0
00213,confirm,dentex,0,,Impacted,,0.9972,Impacted,1,0.0005,0.0009,0.9982,0.0004,disease__train_618,0.9982,10,,3,1
00214,confirm,dentex,0,,Other,,0.9886,Healthy,1,0.0031,0.9917,0.0032,0.002,enum__train_404,0.9917,10,,3,23
00215,confirm,dentex,0,,Impacted,,0.9926,Impacted,1,0.0009,0.0029,0.9956,0.0006,disease__train_506,0.9956,10,,3,0
00216,confirm,dentex,0,,Exclude,,0.9879,Endodontics,1,0.993,0.0051,0.0004,0.0014,enum__train_87,0.993,10,,3,23
00217,confirm,dentex,0,,Other,,0.9476,Endodontics,1,0.9675,0.0198,0.0018,0.0109,disease__train_486,0.9675,10,,3,6
00218,confirm,dentex,0,,Exclude,,0.6242,Implant,1,0.1862,0.0016,0.0018,0.8104,disease__train_381,0.8104,10,,3,3
00219,confirm,dentex,0,,Healthy,,0.9828,Healthy,1,0.0072,0.99,0.0008,0.002,disease__train_412,0.99,10,,3,16
00220,confirm,dentex,0,,Healthy,,0.8434,Healthy,1,0.0027,0.9183,0.0748,0.0042,enum__train_319,0.9183,10,,3,30
00221,confirm,dentex,0,,Healthy,,0.8322,Healthy,1,0.0674,0.8996,0.0126,0.0204,enum__train_473,0.8996,10,,3,8
00222,confirm,dentex,0,,Impacted,,0.9958,Impacted,1,0.0008,0.0014,0.9973,0.0005,disease__train_472,0.9973,10,,3,26
00223,confirm,dentex,0,,Impacted,,0.9816,Impacted,1,0.0007,0.0086,0.9903,0.0005,disease__train_633,0.9903,10,,3,23
00224,confirm,dentex,0,,Endodontics,,0.856,Endodontics,1,0.9105,0.0231,0.012,0.0544,disease__train_623,0.9105,10,,3,13
00225,confirm,dentex,0,,Endodontics,,0.9697,Endodontics,1,0.9819,0.0122,0.0021,0.0038,disease__train_216,0.9819,10,,3,28
00226,confirm,dentex,0,,Healthy,,0.8504,Healthy,1,0.0279,0.9084,0.058,0.0056,enum__train_64,0.9084,10,,3,8
00227,confirm,dentex,0,,Healthy,,0.9602,Healthy,1,0.0081,0.9729,0.0127,0.0063,enum__train_16,0.9729,10,,3,28
00228,confirm,dentex,0,,Healthy,,0.5598,Healthy,1,0.1677,0.7275,0.0882,0.0166,enum__train_263,0.7275,10,,3,23
00229,confirm,dentex,0,,Healthy,,0.9835,Healthy,1,0.003,0.9895,0.0059,0.0016,disease__train_579,0.9895,10,,3,11
00230,confirm,dentex,0,,Impacted,,0.996,Impacted,1,0.0006,0.0014,0.9975,0.0004,disease__train_580,0.9975,10,,3,0
00231,confirm,dentex,0,,Healthy,,0.545,Implant,1,0.0195,0.1875,0.0604,0.7326,disease__train_464,0.7326,10,,3,20
00232,confirm,dentex,0,,Impacted,,0.992,Impacted,1,0.0018,0.0027,0.9948,0.0007,disease__train_284,0.9948,10,,3,27
00233,confirm,dentex,0,,Implant,,0.9984,Implant,1,0.0004,0.0004,0.0004,0.9988,enum__train_242,0.9988,10,,3,12
00234,confirm,dentex,0,,Impacted,,0.9873,Impacted,1,0.0011,0.0053,0.9926,0.001,disease__train_620,0.9926,10,,3,28
00235,confirm,dentex,0,,Impacted,,0.9947,Impacted,1,0.0007,0.0021,0.9968,0.0005,enum__train_292,0.9968,10,,3,30
00236,below_tau,dentex,0,,Impacted,,0.2403,Impacted,1,0.0057,0.3702,0.6105,0.0136,disease__train_69,0.6105,10,,2,17
00237,below_tau,dentex,0,,Other,,0.0827,Endodontics,1,0.4146,0.3319,0.017,0.2365,disease__train_97,0.4146,10,,2,0
00238,below_tau,dentex,0,,Other,,0.0067,Implant,1,0.0991,0.4331,0.0279,0.4398,disease__train_34,0.4398,10,,1,12
00239,confirm,dentex,0,,Healthy,,0.7706,Implant,1,0.0075,0.097,0.0278,0.8676,disease__train_467,0.8676,10,,3,16
00240,confirm,dentex,0,,Other,,0.9811,Endodontics,1,0.9878,0.0068,0.0008,0.0046,disease__train_319,0.9878,10,,3,21
00241,confirm,dentex,0,,Impacted,,0.9961,Impacted,1,0.0007,0.0014,0.9975,0.0005,enum__train_525,0.9975,10,,3,2
00242,below_tau,dentex,0,,Impacted,,0.9348,Impacted,1,0.0157,0.0228,0.9576,0.0039,enum__train_169,0.9576,10,,3,27
00243,confirm,dentex,0,,Impacted,,0.9943,Impacted,1,0.001,0.0015,0.9959,0.0016,disease__train_438,0.9959,10,,3,0
00244,below_tau,dentex,0,,Healthy,,0.1403,Implant,1,0.2873,0.2781,0.0071,0.4276,disease__train_97,0.4276,10,,1,15
00245,confirm,dentex,0,,Healthy,,0.5971,Implant,1,0.032,0.1773,0.0164,0.7744,disease__train_436,0.7744,10,,3,10
00246,below_tau,dentex,0,,Other,,0.4226,Endodontics,1,0.6902,0.2676,0.036,0.0061,disease__train_657,0.6902,10,,2,24
00247,below_tau,dentex,0,,Healthy,,0.0139,Implant,1,0.0239,0.4692,0.0239,0.4831,disease__train_637,0.4831,10,,1,12
00248,confirm,dentex,0,,Impacted,,0.9947,Impacted,1,0.0003,0.0022,0.9969,0.0006,enum__train_232,0.9969,10,,3,0
00249,confirm,dentex,0,,Impacted,,0.9947,Impacted,1,0.0008,0.002,0.9968,0.0004,disease__train_257,0.9968,10,,3,1
00250,confirm,dentex,0,,Healthy,,0.8874,Healthy,1,0.0407,0.9281,0.0047,0.0265,enum__train_498,0.9281,10,,3,8
00251,below_tau,dentex,0,,Healthy,,0.0767,Endodontics,1,0.504,0.4273,0.0093,0.0593,disease__train_522,0.504,10,,2,9
00252,confirm,dentex,0,,Healthy,,0.6641,Healthy,1,0.0269,0.8044,0.1404,0.0283,disease__train_2,0.8044,10,,3,0
00253,confirm,dentex,0,,Healthy,,0.9884,Healthy,1,0.0028,0.9919,0.0017,0.0036,disease__train_521,0.9919,10,,3,17
00254,confirm,dentex,0,,Impacted,,0.994,Impacted,1,0.0006,0.0025,0.9965,0.0004,enum__train_153,0.9965,10,,3,3
00255,confirm,dentex,0,,Impacted,,0.9951,Impacted,1,0.0006,0.0019,0.997,0.0006,disease__train_240,0.997,10,,3,2
00256,confirm,dentex,0,,Impacted,,0.9884,Impacted,1,0.0022,0.0041,0.9925,0.0011,disease__train_141,0.9925,10,,3,25
00257,confirm,dentex,0,,Impacted,,0.9924,Impacted,1,0.0008,0.0031,0.9955,0.0006,disease__train_215,0.9955,10,,3,29
00258,confirm,dentex,0,,Impacted,,0.9917,Impacted,1,0.0006,0.0033,0.995,0.0011,disease__train_641,0.995,10,,3,26
00259,confirm,dentex,0,,Healthy,,0.9354,Healthy,1,0.0137,0.954,0.0186,0.0137,disease__train_685,0.954,10,,3,2
00260,confirm,dentex,0,,Impacted,,0.9907,Impacted,1,0.0026,0.0027,0.9934,0.0014,disease__train_43,0.9934,10,,3,0
00261,confirm,dentex,0,,Endodontics,,0.974,Endodontics,1,0.9816,0.0069,0.0075,0.0039,disease__train_207,0.9816,10,,3,26
00262,confirm,dentex,0,,Healthy,,0.9747,Healthy,1,0.0098,0.9845,0.0025,0.0032,disease__train_45,0.9845,10,,3,27
00263,confirm,dentex,0,,Impacted,,0.9949,Impacted,1,0.0007,0.0017,0.9966,0.0009,disease__train_7,0.9966,10,,3,29
00264,below_tau,dentex,0,,Healthy,,0.0612,Implant,1,0.0667,0.4056,0.061,0.4668,disease__train_467,0.4668,10,,2,23
00265,below_tau,dentex,0,,Impacted,,0.9338,Impacted,1,0.0006,0.0325,0.9663,0.0006,disease__train_689,0.9663,10,,3,22
00266,confirm,dentex,0,,Endodontics,,0.9931,Endodontics,1,0.9951,0.0021,0.0011,0.0017,enum__train_616,0.9951,10,,3,7
00267,confirm,dentex,0,,Healthy,,0.4967,Healthy,1,0.0925,0.6773,0.0497,0.1806,disease__train_192,0.6773,10,,3,17
00268,confirm,dentex,0,,Impacted,,0.9841,Impacted,1,0.0007,0.0074,0.9914,0.0005,disease__train_655,0.9914,10,,3,29
00269,confirm,dentex,0,,Bad crop,,0.9814,Endodontics,1,0.9877,0.003,0.003,0.0063,disease__train_81,0.9877,10,,3,22
00270,confirm,dentex,0,,Other,,0.938,Endodontics,1,0.9618,0.0238,0.003,0.0113,disease__train_700,0.9618,10,,3,20
00271,confirm,dentex,0,,Endodontics,,0.9364,Endodontics,1,0.9645,0.0022,0.0051,0.0281,disease__train_105,0.9645,10,,3,17
00272,below_tau,dentex,0,,Other,,0.3657,Endodontics,1,0.6167,0.251,0.0087,0.1235,enum__train_100,0.6167,10,,2,22
00273,confirm,dentex,0,,Impacted,,0.9942,Impacted,1,0.001,0.0019,0.9961,0.001,disease__train_79,0.9961,10,,3,1
00274,confirm,dentex,0,,Impacted,,0.9947,Impacted,1,0.0005,0.002,0.9967,0.0008,disease__train_487,0.9967,10,,3,0
00275,below_tau,dentex,0,,Impacted,,0.9729,Impacted,1,0.0025,0.011,0.9839,0.0027,disease__train_632,0.9839,10,,3,31
00276,confirm,dentex,0,,Healthy,,0.5241,Implant,1,0.0536,0.2059,0.0104,0.7301,disease__train_652,0.7301,10,,3,9
00277,below_tau,dentex,0,,Healthy,,0.0165,Healthy,1,0.371,0.3875,0.1592,0.0823,disease__train_353,0.3875,10,,1,16
00278,confirm,dentex,0,,Impacted,,0.9972,Impacted,1,0.0006,0.0009,0.9981,0.0005,disease__train_236,0.9981,10,,3,31
00279,confirm,dentex,0,,Other,,0.9337,Endodontics,1,0.9618,0.0282,0.0007,0.0093,enum__train_108,0.9618,10,,3,17
00280,confirm,dentex,0,,Endodontics,,0.9927,Endodontics,1,0.9958,0.0007,0.0005,0.0031,disease__train_699,0.9958,10,,3,3
00281,confirm,dentex,0,,Impacted,,0.9851,Impacted,1,0.0019,0.0057,0.9908,0.0016,enum__train_225,0.9908,10,,3,35
00282,confirm,dentex,0,,Healthy,,0.9738,Healthy,1,0.0029,0.985,0.0112,0.0009,disease__train_372,0.985,10,,3,11
00283,confirm,dentex,0,,Healthy,,0.9607,Healthy,1,0.0024,0.9776,0.017,0.003,disease__train_473,0.9776,10,,3,1
00284,confirm,dentex,0,,Impacted,,0.9956,Impacted,1,0.0005,0.0017,0.9973,0.0005,enum__train_528,0.9973,10,,3,0
00285,below_tau,dentex,0,,Healthy,,0.1022,Healthy,1,0.1822,0.347,0.2261,0.2448,disease__train_373,0.347,10,,2,7
00286,confirm,dentex,0,,Other,,0.4068,Healthy,1,0.2189,0.6257,0.1434,0.0121,disease__train_395,0.6257,10,,3,1
00287,confirm,dentex,0,,Healthy,,0.9706,Healthy,1,0.006,0.9788,0.007,0.0082,disease__train_469,0.9788,10,,3,10
00288,confirm,dentex,0,,Endodontics,,0.9894,Endodontics,1,0.9929,0.0035,0.0009,0.0027,disease__train_521,0.9929,10,,3,6
00289,confirm,dentex,0,,Healthy,,0.5706,Healthy,1,0.1493,0.7199,0.111,0.0198,enum__train_357,0.7199,10,,3,25
00290,below_tau,dentex,0,,Impacted,,0.3912,Impacted,1,0.0036,0.3011,0.6923,0.0031,disease__train_603,0.6923,10,,3,0
00291,confirm,dentex,0,,Endodontics,,0.9942,Endodontics,1,0.9961,0.0019,0.0007,0.0013,disease__train_593,0.9961,10,,3,16
00292,below_tau,dentex,0,,Healthy,,0.1542,Endodontics,1,0.5186,0.3643,0.0378,0.0793,disease__train_426,0.5186,10,,2,8
00293,confirm,dentex,0,,Healthy,,0.4302,Implant,1,0.0749,0.2417,0.0115,0.6719,disease__train_118,0.6719,10,,3,21
00294,confirm,dentex,0,,Other,,0.9719,Endodontics,1,0.9822,0.0068,0.0006,0.0104,disease__train_6,0.9822,10,,3,14
00295,below_tau,dentex,0,,Impacted,,0.5217,Impacted,1,0.0018,0.2371,0.7588,0.0022,disease__train_425,0.7588,10,,3,0
00296,confirm,dentex,0,,Healthy,,0.9791,Healthy,1,0.0049,0.9851,0.0041,0.0059,enum__train_156,0.9851,10,,3,10
00297,confirm,dentex,0,,Endodontics,,0.9957,Endodontics,1,0.9971,0.0006,0.0009,0.0014,enum__train_69,0.9971,10,,3,5
00298,confirm,dentex,0,,Other,,0.8685,Endodontics,1,0.921,0.0525,0.0056,0.0209,enum__train_23,0.921,10,,3,0
00299,confirm,dentex,0,,Healthy,,0.9889,Healthy,1,0.0039,0.9928,0.0008,0.0025,disease__train_209,0.9928,10,,3,31
00300,confirm,dentex,0,,Impacted,,0.9906,Impacted,1,0.0009,0.0034,0.994,0.0017,disease__train_539,0.994,10,,3,1
00301,below_tau,dentex,0,,Impacted,,0.8311,Impacted,1,0.0184,0.0719,0.903,0.0066,enum__train_622,0.903,10,,3,30
00302,confirm,dentex,0,,Impacted,,0.9907,Impacted,1,0.0013,0.0032,0.9939,0.0016,disease__train_13,0.9939,10,,3,27
00303,confirm,dentex,0,,Impacted,,0.9894,Impacted,1,0.0029,0.0029,0.9923,0.0019,disease__train_284,0.9923,10,,3,0
00304,confirm,dentex,0,,Endodontics,,0.868,Endodontics,1,0.9185,0.0505,0.0044,0.0266,disease__train_380,0.9185,10,,3,3
00305,confirm,dentex,0,,Endodontics,,0.9969,Endodontics,1,0.9978,0.0007,0.0006,0.0009,disease__train_356,0.9978,10,,3,20
00306,confirm,dentex,0,,Healthy,,0.974,Healthy,1,0.008,0.9821,0.006,0.0038,disease__train_668,0.9821,10,,3,15
00307,confirm,dentex,0,,Impacted,,0.9942,Impacted,1,0.0006,0.0023,0.9965,0.0006,disease__train_620,0.9965,10,,3,0
00308,confirm,dentex,0,,Impacted,,0.9904,Impacted,1,0.0013,0.0039,0.9943,0.0006,disease__train_545,0.9943,10,,3,30
00309,confirm,dentex,0,,Healthy,,0.9866,Healthy,1,0.0032,0.9905,0.0039,0.0025,enum__train_357,0.9905,10,,3,15
00310,confirm,dentex,0,,Endodontics,,0.9928,Endodontics,1,0.9953,0.0025,0.0007,0.0014,disease__train_88,0.9953,10,,3,20
00311,confirm,dentex,0,,Healthy,,0.7363,Healthy,1,0.0233,0.8547,0.1184,0.0035,disease__train_598,0.8547,10,,3,5
00312,confirm,dentex,0,,Healthy,,0.9884,Healthy,1,0.0035,0.9919,0.0033,0.0012,enum__train_224,0.9919,10,,3,31
00313,confirm,dentex,0,,Healthy,,0.9831,Healthy,1,0.0045,0.9883,0.002,0.0052,disease__train_654,0.9883,10,,3,11
00314,confirm,dentex,0,,Impacted,,0.9935,Impacted,1,0.0013,0.0022,0.9957,0.0007,disease__train_625,0.9957,10,,3,1
00315,confirm,dentex,0,,Other,,0.6522,Endodontics,1,0.7932,0.1409,0.0048,0.0611,enum__train_371,0.7932,10,,3,24
00316,confirm,dentex,0,,Other,,0.9817,Endodontics,1,0.9878,0.0061,0.0007,0.0054,disease__train_527,0.9878,10,,3,13
00317,confirm,dentex,0,,Healthy,,0.9546,Healthy,1,0.0147,0.9693,0.0097,0.0063,disease__train_548,0.9693,10,,3,26
00318,confirm,dentex,0,,Implant,,0.9979,Implant,1,0.0004,0.0005,0.0006,0.9985,enum__train_242,0.9985,10,,3,16
00319,confirm,dentex,0,,Impacted,,0.9949,Impacted,1,0.0007,0.002,0.9969,0.0004,enum__train_395,0.9969,10,,3,0
00320,confirm,dentex,0,,Healthy,,0.9693,Healthy,1,0.0121,0.9814,0.0015,0.005,disease__train_590,0.9814,10,,3,23
00321,confirm,dentex,0,,Other,,0.6345,Endodontics,1,0.7999,0.1654,0.016,0.0187,disease__train_632,0.7999,10,,3,28
00322,confirm,dentex,0,,Impacted,,0.9967,Impacted,1,0.0006,0.0011,0.9977,0.0006,disease__train_566,0.9977,10,,3,0
00323,confirm,dentex,0,,Other,,0.5815,Endodontics,1,0.7418,0.1603,0.0168,0.0812,disease__train_56,0.7418,10,,3,0
00324,below_tau,dentex,0,,Healthy,,0.0225,Endodontics,1,0.299,0.2764,0.1864,0.2382,disease__train_399,0.299,10,,1,12
00325,confirm,dentex,0,,Impacted,,0.9873,Impacted,1,0.0023,0.0044,0.9917,0.0016,enum__train_473,0.9917,10,,3,27
00326,confirm,dentex,0,,Impacted,,0.9918,Impacted,1,0.0007,0.0034,0.9951,0.0008,enum__train_350,0.9951,10,,3,29
00327,confirm,dentex,0,,Impacted,,0.9944,Impacted,1,0.0004,0.0023,0.9967,0.0006,enum__train_526,0.9967,10,,3,0
00328,confirm,dentex,0,,Endodontics,,0.7788,Endodontics,1,0.8523,0.0295,0.0736,0.0446,disease__train_550,0.8523,10,,3,3
00329,below_tau,dentex,0,,Healthy,,0.0612,Impacted,1,0.1199,0.3971,0.4583,0.0246,enum__train_446,0.4583,10,,2,4
00330,confirm,dentex,0,,Endodontics,,0.992,Endodontics,1,0.9951,0.0031,0.0008,0.0011,enum__train_123,0.9951,10,,3,19
00331,confirm,dentex,0,,Impacted,,0.993,Impacted,1,0.0004,0.0031,0.996,0.0005,enum__train_393,0.996,10,,3,0
00332,confirm,dentex,0,,Impacted,,0.9962,Impacted,1,0.0006,0.0012,0.9975,0.0007,disease__train_539,0.9975,10,,3,30
00333,confirm,dentex,0,,Healthy,,0.7387,Implant,1,0.0263,0.1055,0.0242,0.8441,enum__train_200,0.8441,10,,3,12
00334,confirm,dentex,0,,Healthy,,0.9766,Healthy,1,0.0073,0.9838,0.0067,0.0022,disease__train_63,0.9838,10,,3,27
00335,confirm,dentex,0,,Impacted,,0.9953,Impacted,1,0.0005,0.0017,0.9971,0.0007,disease__train_30,0.9971,10,,3,29
00336,confirm,dentex,0,,Impacted,,0.9964,Impacted,1,0.0005,0.0013,0.9978,0.0004,disease__train_267,0.9978,10,,3,0
00337,confirm,dentex,0,,Impacted,,0.984,Impacted,1,0.002,0.006,0.9901,0.0019,enum__train_399,0.9901,10,,3,25
00338,confirm,dentex,0,,Impacted,,0.9932,Impacted,1,0.001,0.0025,0.9957,0.0008,disease__train_423,0.9957,10,,3,0
00339,confirm,dentex,0,,Healthy,,0.9534,Healthy,1,0.0158,0.9692,0.0044,0.0106,enum__train_81,0.9692,10,,3,28
00340,below_tau,dentex,0,,Impacted,,0.5165,Impacted,1,0.0018,0.2395,0.756,0.0028,enum__train_353,0.756,10,,2,1
00341,confirm,dentex,0,,Impacted,,0.9948,Impacted,1,0.0007,0.0021,0.9968,0.0004,enum__train_292,0.9968,10,,3,0
00342,confirm,dentex,0,,Healthy,,0.99,Healthy,1,0.0017,0.9935,0.0035,0.0013,enum__train_301,0.9935,10,,3,28
00343,confirm,dentex,0,,Implant,,0.9569,Implant,1,0.0209,0.0007,0.0007,0.9778,enum__train_508,0.9778,10,,3,4
00344,confirm,dentex,0,,Healthy,,0.9517,Healthy,1,0.0115,0.966,0.0143,0.0082,disease__train_539,0.966,10,,3,10
00345,confirm,dentex,0,,Other,,0.9279,Endodontics,1,0.9547,0.0268,0.0076,0.011,enum__train_593,0.9547,10,,3,25
00346,confirm,dentex,0,,Endodontics,,0.9961,Endodontics,1,0.9973,0.0011,0.0005,0.0011,disease__train_18,0.9973,10,,3,28
00347,confirm,dentex,0,,Endodontics,,0.9886,Endodontics,1,0.9931,0.0011,0.0014,0.0044,enum__train_176,0.9931,10,,3,21
00348,confirm,dentex,0,,Impacted,,0.9933,Impacted,1,0.0007,0.0028,0.9961,0.0004,enum__train_285,0.9961,10,,3,28
00349,below_tau,dentex,0,,Healthy,,0.015,Healthy,1,0.0161,0.4956,0.4806,0.0078,disease__train_637,0.4956,10,,1,30
00350,confirm,dentex,0,,Endodontics,,0.9489,Endodontics,1,0.963,0.0092,0.0137,0.0141,enum__train_389,0.963,10,,3,2
00351,below_tau,dentex,0,,Healthy,,0.0447,Implant,1,0.2933,0.3074,0.0471,0.3522,disease__train_452,0.3522,10,,1,12
00352,confirm,dentex,0,,Healthy,,0.979,Healthy,1,0.0035,0.9866,0.0022,0.0077,disease__train_402,0.9866,10,,3,20
00353,confirm,dentex,0,,Endodontics,,0.9962,Endodontics,1,0.9976,0.0005,0.0005,0.0014,enum__train_286,0.9976,10,,3,15
00354,confirm,dentex,0,,Healthy,,0.9772,Healthy,1,0.0093,0.9865,0.0015,0.0027,enum__train_582,0.9865,10,,3,23
00355,below_tau,dentex,0,,Healthy,,0.1166,Endodontics,1,0.5517,0.4351,0.0023,0.0109,enum__train_503,0.5517,10,,2,14
00356,confirm,dentex,0,,Other,,0.9198,Endodontics,1,0.9447,0.0249,0.0226,0.0079,disease__train_621,0.9447,10,,3,20
00357,confirm,dentex,0,,Impacted,,0.9865,Impacted,1,0.0018,0.0048,0.9914,0.002,disease__train_13,0.9914,10,,3,1
00358,confirm,dentex,0,,Healthy,,0.9825,Healthy,1,0.0055,0.988,0.0024,0.0041,disease__train_556,0.988,10,,3,9
00359,confirm,dentex,0,,Healthy,,0.7695,Implant,1,0.0446,0.0792,0.0275,0.8487,disease__train_97,0.8487,10,,3,14
00360,confirm,dentex,0,,Impacted,,0.9914,Impacted,1,0.0006,0.0036,0.995,0.0008,disease__train_356,0.995,10,,3,0
00361,confirm,dentex,0,,Other,,0.7861,Endodontics,1,0.879,0.0929,0.0043,0.0238,disease__train_452,0.879,10,,3,11
00362,confirm,dentex,0,,Endodontics,,0.9967,Endodontics,1,0.9976,0.0008,0.0006,0.0009,disease__train_281,0.9976,10,,3,26
00363,confirm,dentex,0,,Healthy,,0.248,Implant,1,0.062,0.3279,0.0342,0.5759,disease__train_302,0.5759,10,,3,17
00364,confirm,dentex,0,,Impacted,,0.9959,Impacted,1,0.0006,0.0015,0.9974,0.0006,enum__train_20,0.9974,10,,3,30
00365,confirm,dentex,0,,Impacted,,0.99,Impacted,1,0.0006,0.0041,0.9941,0.0012,disease__train_418,0.9941,10,,3,0
00366,confirm,dentex,0,,Healthy,,0.9436,Healthy,1,0.0228,0.9664,0.0058,0.005,disease__train_519,0.9664,10,,3,20
00367,confirm,dentex,0,,Other,,0.9456,Endodontics,1,0.9699,0.0243,0.0012,0.0045,enum__train_472,0.9699,10,,3,15
00368,confirm,dentex,0,,Other,,0.9029,Endodontics,1,0.9458,0.0089,0.0025,0.0429,disease__train_1,0.9458,10,,3,8
00369,below_tau,dentex,0,,Other,,0.0194,Healthy,1,0.2348,0.3738,0.0369,0.3544,enum__train_576,0.3738,10,,1,2
00370,confirm,dentex,0,,Healthy,,0.9189,Healthy,1,0.0071,0.9521,0.0332,0.0076,enum__train_290,0.9521,10,,3,1
00371,confirm,dentex,0,,Impacted,,0.9889,Impacted,1,0.0005,0.005,0.994,0.0005,disease__train_252,0.994,10,,3,27
00372,confirm,dentex,0,,Endodontics,,0.9199,Endodontics,1,0.9513,0.0079,0.0315,0.0093,enum__train_626,0.9513,10,,3,17
00373,below_tau,dentex,0,,Healthy,,0.5688,Impacted,1,0.0021,0.2128,0.7815,0.0036,enum__train_632,0.7815,10,,2,1
00374,confirm,dentex,0,,Impacted,,0.9887,Impacted,1,0.0011,0.0048,0.9935,0.0007,enum__train_153,0.9935,10,,3,32
00375,confirm,dentex,0,,Impacted,,0.9926,Impacted,1,0.0005,0.0031,0.9957,0.0007,disease__train_216,0.9957,10,,3,0
00376,confirm,dentex,0,,Other,,0.689,Endodontics,1,0.831,0.142,0.0019,0.0251,disease__train_467,0.831,10,,3,4
00377,confirm,dentex,0,,Other,,0.3547,Healthy,1,0.2944,0.6491,0.0181,0.0384,disease__train_164,0.6491,10,,3,0
00378,confirm,dentex,0,,Impacted,,0.9887,Impacted,1,0.0004,0.005,0.9937,0.0008,disease__train_282,0.9937,10,,3,27
00379,confirm,dentex,0,,Impacted,,0.993,Impacted,1,0.0016,0.0025,0.9955,0.0004,disease__train_335,0.9955,10,,3,1
00380,confirm,dentex,0,,Healthy,,0.3346,Implant,1,0.0433,0.2889,0.0444,0.6234,disease__train_269,0.6234,10,,3,11
00381,confirm,dentex,0,,Endodontics,,0.8973,Endodontics,1,0.927,0.0298,0.0187,0.0244,disease__train_30,0.927,10,,3,5
00382,confirm,dentex,0,,Implant,,0.9972,Implant,1,0.001,0.0005,0.0004,0.9982,disease__train_24,0.9982,10,,3,10
00383,confirm,dentex,0,,Other,,0.5492,Implant,1,0.1365,0.1479,0.0185,0.6971,enum__train_26,0.6971,10,,3,10
00384,confirm,dentex,0,,Impacted,,0.9881,Impacted,1,0.0019,0.0041,0.9922,0.0018,disease__train_7,0.9922,10,,3,0
00385,confirm,dentex,0,,Impacted,,0.9888,Impacted,1,0.0006,0.0049,0.9937,0.0007,enum__train_185,0.9937,10,,3,28
00386,confirm,dentex,0,,Healthy,,0.9315,Healthy,1,0.023,0.9546,0.01,0.0124,enum__train_208,0.9546,10,,3,1
00387,confirm,dentex,0,,Implant,,0.9955,Implant,1,0.0007,0.0015,0.0008,0.997,disease__train_395,0.997,10,,3,6
00388,confirm,dentex,0,,Implant,,0.9985,Implant,1,0.0005,0.0002,0.0002,0.999,disease__train_465,0.999,10,,3,23
00389,confirm,dentex,0,,Healthy,,0.6765,Implant,1,0.0367,0.1368,0.0132,0.8133,disease__train_380,0.8133,10,,3,13
00390,confirm,dentex,0,,Healthy,,0.7861,Healthy,1,0.0025,0.8907,0.1046,0.0022,enum__train_188,0.8907,10,,3,3
00391,confirm,dentex,0,,Healthy,,0.9917,Healthy,1,0.0025,0.9941,0.0015,0.0019,disease__train_617,0.9941,10,,3,9
00392,confirm,dentex,0,,Healthy,,0.7713,Healthy,1,0.013,0.8706,0.0993,0.0171,disease__train_280,0.8706,10,,3,24
00393,confirm,dentex,0,,Impacted,,0.995,Impacted,1,0.0005,0.002,0.9971,0.0004,enum__train_292,0.9971,10,,3,1
00394,confirm,dentex,0,,Endodontics,,0.9947,Implant,1,0.0023,0.0003,0.0003,0.997,disease__train_381,0.997,10,,3,4
00395,confirm,dentex,0,,Endodontics,,0.9954,Endodontics,1,0.9966,0.0012,0.001,0.0012,disease__train_431,0.9966,10,,3,27
00396,confirm,dentex,0,,Impacted,,0.995,Impacted,1,0.0007,0.0019,0.9969,0.0004,disease__train_487,0.9969,10,,3,1
00397,confirm,dentex,0,,Healthy,,0.9385,Healthy,1,0.0114,0.9611,0.0226,0.005,enum__train_605,0.9611,9,,3,27
00398,confirm,dentex,0,,Impacted,,0.9885,Impacted,1,0.001,0.0044,0.993,0.0016,disease__train_128,0.993,10,,3,1
00399,confirm,dentex,0,,Impacted,,0.9923,Impacted,1,0.0004,0.0033,0.9956,0.0007,disease__train_563,0.9956,10,,3,28
00400,confirm,dentex,0,,Endodontics,,0.811,Implant,1,0.0919,0.0031,0.0022,0.9029,disease__train_557,0.9029,9,,3,4
00401,confirm,dentex,0,,Impacted,,0.9897,Impacted,1,0.0035,0.0021,0.9932,0.0012,enum__train_76,0.9932,9,,3,3
00402,confirm,dentex,0,,Impacted,,0.9941,Impacted,1,0.0005,0.0025,0.9966,0.0005,disease__train_505,0.9966,9,,3,1
00403,below_tau,dentex,0,,Other,,0.1446,Implant,1,0.0495,0.3233,0.1592,0.4679,disease__train_318,0.4679,9,,1,3
00404,confirm,dentex,0,,Impacted,,0.9907,Impacted,1,0.0014,0.0034,0.994,0.0012,disease__train_495,0.994,10,,3,29
00405,confirm,dentex,0,,Other,,0.8378,Endodontics,1,0.8955,0.0577,0.0021,0.0448,disease__train_462,0.8955,9,,3,20
00406,below_tau,dentex,0,,Exclude,,0.46,Impacted,1,0.0075,0.2624,0.7224,0.0077,disease__train_494,0.7224,9,,2,20
00407,confirm,dentex,0,,Other,,0.9622,Endodontics,1,0.9785,0.0163,0.0008,0.0044,enum__train_134,0.9785,9,,3,18
00408,confirm,dentex,0,,Healthy,,0.9814,Impacted,1,0.0005,0.0089,0.9903,0.0004,disease__train_487,0.9903,9,,3,2
00409,confirm,dentex,0,,Endodontics,,0.9958,Endodontics,1,0.997,0.0007,0.0012,0.0012,disease__train_461,0.997,9,,3,15
00410,confirm,dentex,0,,Other,,0.5481,Endodontics,1,0.713,0.1649,0.1149,0.0072,enum__train_292,0.713,9,,3,27
00411,confirm,dentex,0,,Other,,0.9443,Healthy,1,0.0262,0.9706,0.0009,0.0023,disease__train_674,0.9706,9,,3,2
00412,confirm,dentex,0,,Endodontics,,0.9931,Endodontics,1,0.9957,0.0026,0.0007,0.001,enum__train_253,0.9957,9,,3,6
00413,confirm,dentex,0,,Impacted,,0.9875,Impacted,1,0.0016,0.0051,0.9926,0.0008,disease__train_694,0.9926,9,,3,0
00414,confirm,dentex,0,,Impacted,,0.9957,Impacted,1,0.0006,0.0015,0.9972,0.0007,disease__train_257,0.9972,9,,3,29
00415,confirm,dentex,0,,Endodontics,,0.9765,Endodontics,1,0.9863,0.0015,0.0024,0.0098,disease__train_550,0.9863,9,,3,11
00416,confirm,dentex,0,,Impacted,,0.9911,Impacted,1,0.0021,0.0028,0.9939,0.0012,disease__train_30,0.9939,9,,3,3
00417,confirm,dentex,0,,Healthy,,0.982,Impacted,1,0.0008,0.0085,0.9904,0.0004,disease__train_416,0.9904,9,,3,0
00418,confirm,dentex,0,,Other,,0.5659,Implant,1,0.0102,0.1086,0.1576,0.7236,disease__train_188,0.7236,9,,3,9
00419,confirm,dentex,0,,Healthy,,0.9139,Healthy,1,0.0024,0.9537,0.0398,0.0041,enum__train_339,0.9537,9,,3,2
00420,below_tau,dentex,0,,Other,,0.2628,Endodontics,1,0.5816,0.3188,0.0571,0.0425,disease__train_451,0.5816,9,,2,0
00421,confirm,dentex,0,,Endodontics,,0.9893,Endodontics,1,0.9938,0.0008,0.0008,0.0046,disease__train_355,0.9938,9,,3,22
00422,below_tau,dentex,0,,Other,,0.2416,Endodontics,1,0.5777,0.3362,0.0594,0.0267,enum__train_399,0.5777,9,,1,23
00423,confirm,dentex,0,,Healthy,,0.8107,Healthy,1,0.0718,0.8825,0.0263,0.0194,disease__train_400,0.8825,9,,3,23
00424,below_tau,dentex,0,,Other,,0.2227,Endodontics,1,0.583,0.3603,0.0079,0.0487,disease__train_181,0.583,9,,2,12
00425,confirm,dentex,0,,Impacted,,0.9931,Impacted,1,0.001,0.0025,0.9956,0.0009,disease__train_499,0.9956,9,,3,30
00426,confirm,dentex,0,,Impacted,,0.9956,Impacted,1,0.0007,0.0015,0.9971,0.0007,enum__train_366,0.9971,9,,3,0
00427,confirm,dentex,0,,Healthy,,0.7247,Healthy,1,0.1325,0.8572,0.0017,0.0086,disease__train_396,0.8572,9,,3,23
00428,below_tau,dentex,0,,Healthy,,0.1245,Healthy,1,0.0154,0.4768,0.1555,0.3523,disease__train_452,0.4768,9,,1,15
00429,below_tau,dentex,0,,Healthy,,0.0409,Healthy,1,0.0318,0.4989,0.0112,0.4581,disease__train_219,0.4989,9,,2,9
00430,confirm,dentex,0,,Implant,,0.9977,Implant,1,0.0008,0.0004,0.0003,0.9985,disease__train_488,0.9985,9,,3,6
00431,confirm,dentex,0,,Impacted,,0.9843,Impacted,1,0.0006,0.0071,0.9914,0.0009,enum__train_11,0.9914,9,,3,31
00432,confirm,dentex,0,,Impacted,,0.9954,Impacted,1,0.0006,0.0016,0.997,0.0008,enum__train_544,0.997,9,,3,0
00433,confirm,dentex,0,,Implant,,0.9982,Implant,1,0.0006,0.0003,0.0003,0.9988,disease__train_561,0.9988,9,,3,19
00434,confirm,dentex,0,,Healthy,,0.9549,Healthy,1,0.0064,0.9725,0.0036,0.0176,disease__train_468,0.9725,9,,3,14
00435,confirm,dentex,0,,Other,,0.5163,Endodontics,1,0.7474,0.2311,0.0024,0.0192,enum__train_626,0.7474,9,,3,18
00436,confirm,dentex,0,,Impacted,,0.9919,Impacted,1,0.0006,0.0034,0.9954,0.0006,disease__train_629,0.9954,9,,3,31
00437,confirm,dentex,0,,Healthy,,0.9796,Healthy,1,0.0021,0.9878,0.0082,0.0019,enum__train_597,0.9878,9,,3,27
00438,below_tau,dentex,0,,Other,,0.9218,Impacted,1,0.0023,0.0365,0.9582,0.003,enum__train_632,0.9582,9,,3,28
00439,confirm,dentex,0,,Bad crop,,0.7144,Implant,1,0.1407,0.0039,0.0004,0.855,disease__train_664,0.855,9,,3,7
00440,confirm,dentex,0,,Impacted,,0.9966,Impacted,1,0.0006,0.0011,0.9977,0.0006,disease__train_132,0.9977,9,,3,0
00441,confirm,dentex,0,,Impacted,,0.989,Impacted,1,0.0023,0.0041,0.993,0.0005,disease__train_694,0.993,9,,3,29
00442,confirm,dentex,0,,Impacted,,0.9913,Impacted,1,0.0007,0.0037,0.995,0.0006,disease__train_372,0.995,9,,3,2
00443,confirm,dentex,0,,Impacted,,0.9845,Impacted,1,0.0013,0.0067,0.9912,0.0008,enum__train_201,0.9912,9,,3,2
00444,confirm,dentex,0,,Endodontics,,0.9945,Endodontics,1,0.9961,0.001,0.0013,0.0016,disease__train_461,0.9961,9,,3,12
00445,confirm,dentex,0,,Healthy,,0.9198,Healthy,1,0.0032,0.9522,0.0324,0.0123,disease__train_333,0.9522,9,,3,11
00446,below_tau,dentex,0,,Other,,0.344,Endodontics,1,0.6653,0.3213,0.0009,0.0125,disease__train_597,0.6653,9,,2,7
00447,confirm,dentex,0,,Endodontics,,0.9825,Endodontics,1,0.9892,0.0036,0.0006,0.0067,disease__train_515,0.9892,9,,3,17
00448,below_tau,dentex,0,,Other,,0.2073,Implant,1,0.1814,0.2872,0.037,0.4944,disease__train_464,0.4944,9,,1,7
00449,confirm,dentex,0,,Impacted,,0.9928,Impacted,1,0.0005,0.0031,0.9959,0.0005,disease__train_224,0.9959,9,,3,0
00450,confirm,dentex,0,,Other,,0.8411,Endodontics,1,0.9055,0.0236,0.0065,0.0644,disease__train_318,0.9055,9,,3,9
00451,confirm,dentex,0,,Impacted,,0.9917,Impacted,1,0.0011,0.0029,0.9946,0.0014,enum__train_24,0.9946,9,,3,0
00452,below_tau,dentex,0,,Healthy,,0.0011,Implant,1,0.0183,0.4835,0.0137,0.4845,enum__train_368,0.4845,9,,1,13
00453,confirm,dentex,0,,Healthy,,0.8387,Healthy,1,0.0685,0.9072,0.0146,0.0097,disease__train_188,0.9072,9,,3,1
00454,confirm,dentex,0,,Impacted,,0.9939,Impacted,1,0.0004,0.0025,0.9964,0.0007,disease__train_281,0.9964,9,,3,1
00455,below_tau,dentex,0,,Other,,0.3217,Endodontics,1,0.5845,0.2628,0.0147,0.138,disease__train_567,0.5845,9,,2,3
00456,confirm,dentex,0,,Healthy,,0.6266,Implant,1,0.0312,0.1664,0.0095,0.793,disease__train_16,0.793,9,,3,11
00457,below_tau,dentex,0,,Healthy,,0.8994,Impacted,1,0.0008,0.0491,0.9485,0.0016,disease__train_626,0.9485,9,,3,1
00458,confirm,dentex,0,,Endodontics,,0.988,Endodontics,1,0.9919,0.0032,0.0009,0.0039,enum__train_604,0.9919,9,,3,15
00459,below_tau,dentex,0,,Exclude,,0.1015,Endodontics,1,0.5412,0.4397,0.0103,0.0089,enum__train_374,0.5412,9,,1,21
00460,confirm,dentex,0,,Impacted,,0.9872,Impacted,1,0.0009,0.0055,0.9927,0.001,disease__train_153,0.9927,9,,3,27
00461,confirm,dentex,0,,Exclude,,0.3618,Healthy,1,0.0572,0.6235,0.2617,0.0576,disease__train_301,0.6235,9,,3,2
00462,confirm,dentex,0,,Impacted,,0.982,Impacted,1,0.001,0.0081,0.9901,0.0008,enum__train_446,0.9901,9,,3,0
00463,confirm,dentex,0,,Impacted,,0.9922,Impacted,1,0.0012,0.003,0.9952,0.0007,disease__train_195,0.9952,9,,3,30
00464,confirm,dentex,0,,Endodontics,,0.9711,Endodontics,1,0.9838,0.0021,0.0014,0.0127,enum__train_589,0.9838,9,,3,3
00465,below_tau,dentex,0,,Healthy,,0.0942,Implant,1,0.1362,0.3263,0.117,0.4205,enum__train_227,0.4205,9,,1,12
00466,confirm,dentex,0,,Impacted,,0.9904,Impacted,1,0.0012,0.0038,0.9941,0.0009,disease__train_507,0.9941,9,,3,0
00467,confirm,dentex,0,,Endodontics,,0.9933,Endodontics,1,0.9956,0.0008,0.0013,0.0023,disease__train_122,0.9956,9,,3,14
00468,confirm,dentex,0,,Healthy,,0.9867,Healthy,1,0.002,0.9916,0.0049,0.0016,disease__train_227,0.9916,9,,3,13
00469,confirm,dentex,0,,Exclude,,0.9853,Impacted,1,0.0007,0.0066,0.9919,0.0008,enum__train_394,0.9919,9,,3,26
00470,confirm,dentex,0,,Bad crop,,0.9965,Impacted,1,0.0003,0.0014,0.998,0.0003,disease__train_672,0.998,9,,3,0
00471,below_tau,dentex,0,,Exclude,,0.1835,Implant,1,0.0356,0.3031,0.1747,0.4866,disease__train_97,0.4866,9,,1,7
00472,confirm,dentex,0,,Other,,0.2035,Implant,1,0.0773,0.3507,0.0179,0.5542,disease__train_88,0.5542,9,,3,21
00473,confirm,dentex,0,,Impacted,,0.9868,Impacted,1,0.0011,0.0053,0.9921,0.0015,enum__train_272,0.9921,9,,3,26
00474,confirm,dentex,0,,Healthy,,0.9487,Healthy,1,0.0063,0.9661,0.0174,0.0102,disease__train_537,0.9661,9,,3,14
00475,below_tau,dentex,0,,Healthy,,0.2259,Impacted,1,0.009,0.3807,0.6066,0.0036,disease__train_534,0.6066,9,,2,0
00476,confirm,dentex,0,,Implant,,0.9961,Implant,1,0.0004,0.001,0.0013,0.9974,enum__train_242,0.9974,9,,3,2
00477,confirm,dentex,0,,Endodontics,,0.5381,Implant,1,0.2283,0.0026,0.0027,0.7664,enum__train_106,0.7664,9,,3,12
00478,confirm,dentex,0,,Exclude,,0.9758,Endodontics,1,0.9847,0.0049,0.0016,0.0089,disease__train_597,0.9847,9,,3,25
00479,confirm,dentex,0,,Endodontics,,0.9755,Endodontics,1,0.9833,0.0078,0.0043,0.0045,disease__train_226,0.9833,9,,3,20
00480,below_tau,dentex,0,,Impacted,,0.9746,Impacted,1,0.001,0.0118,0.9864,0.0007,disease__train_503,0.9864,9,,3,29
00481,confirm,dentex,0,,Other,,0.8959,Endodontics,1,0.9401,0.0442,0.0018,0.0139,disease__train_319,0.9401,9,,3,5
00482,confirm,dentex,0,,Endodontics,,0.9255,Endodontics,1,0.9571,0.003,0.0084,0.0316,enum__train_106,0.9571,9,,3,15
00483,confirm,dentex,0,,Healthy,,0.9519,Healthy,1,0.0187,0.9706,0.0037,0.007,disease__train_584,0.9706,9,,3,28
00484,confirm,dentex,0,,Impacted,,0.9868,Impacted,1,0.0009,0.0055,0.9923,0.0014,disease__train_217,0.9923,9,,3,26
00485,confirm,dentex,0,,Other,,0.9067,Endodontics,1,0.9482,0.0415,0.0023,0.008,enum__train_126,0.9482,9,,3,23
00486,confirm,dentex,0,,Impacted,,0.9901,Impacted,1,0.0012,0.0033,0.9935,0.002,enum__train_76,0.9935,9,,3,31
00487,confirm,dentex,0,,Healthy,,0.8956,Healthy,1,0.0066,0.937,0.0415,0.0149,disease__train_692,0.937,9,,3,1
00488,confirm,dentex,0,,Other,,0.9857,Impacted,1,0.0013,0.0057,0.9914,0.0016,enum__train_219,0.9914,9,,3,1
00489,confirm,dentex,0,,Healthy,,0.9617,Healthy,1,0.0102,0.9719,0.0094,0.0085,disease__train_329,0.9719,9,,3,7
00490,confirm,dentex,0,,Healthy,,0.9431,Healthy,1,0.022,0.965,0.0083,0.0047,disease__train_140,0.965,9,,3,28
00491,confirm,dentex,0,,Implant,,0.9987,Implant,1,0.0004,0.0003,0.0003,0.9991,enum__train_22,0.9991,9,,3,23
00492,confirm,dentex,0,,Healthy,,0.9637,Healthy,1,0.0051,0.9786,0.0149,0.0015,enum__train_173,0.9786,9,,3,22
00493,confirm,dentex,0,,Healthy,,0.7001,Healthy,1,0.1404,0.8405,0.0026,0.0166,disease__train_352,0.8405,9,,3,16
00494,confirm,dentex,0,,Endodontics,,0.7825,Endodontics,1,0.8604,0.0779,0.0445,0.0173,disease__train_297,0.8604,9,,3,2
00495,confirm,dentex,0,,Endodontics,,0.9659,Endodontics,1,0.9754,0.0096,0.0084,0.0066,disease__train_295,0.9754,9,,3,9
00496,confirm,dentex,0,,Exclude,,0.4552,Implant,1,0.1162,0.1826,0.0634,0.6378,disease__train_34,0.6378,9,,3,15
00497,confirm,dentex,0,,Other,,0.4992,Endodontics,1,0.7348,0.2356,0.0015,0.0281,disease__train_145,0.7348,9,,3,6
00498,confirm,dentex,0,,Other,,0.7746,Endodontics,1,0.8734,0.0196,0.0081,0.0989,disease__train_167,0.8734,9,,3,9
00499,confirm,dentex,0,,Implant,,0.9988,Implant,1,0.0003,0.0003,0.0003,0.9991,enum__train_22,0.9991,9,,3,3
00500,confirm,dentex,0,,Healthy,,0.9907,Impacted,1,0.0005,0.0041,0.9948,0.0007,disease__train_402,0.9948,9,,3,0
00501,below_tau,dentex,0,,Other,,0.3097,Endodontics,1,0.6413,0.3316,0.0026,0.0244,disease__train_572,0.6413,9,,2,7
00502,confirm,dentex,0,,Healthy,,0.5896,Implant,1,0.0267,0.1888,0.0061,0.7784,disease__train_561,0.7784,9,,3,3
00503,below_tau,dentex,0,,Healthy,,0.0992,Endodontics,1,0.5355,0.4363,0.014,0.0142,disease__train_272,0.5355,9,,2,13
00504,confirm,dentex,0,,Endodontics,,0.9911,Endodontics,1,0.9946,0.0008,0.001,0.0036,enum__train_15,0.9946,9,,3,20
00505,confirm,dentex,0,,Other,,0.9598,Endodontics,1,0.9738,0.014,0.0011,0.0112,disease__train_576,0.9738,9,,3,5
00506,confirm,dentex,0,,Impacted,,0.9966,Impacted,1,0.0004,0.0012,0.9979,0.0005,disease__train_437,0.9979,9,,3,0
00507,confirm,dentex,0,,Impacted,,0.9968,Impacted,1,0.0005,0.0011,0.9979,0.0005,enum__train_11,0.9979,9,,3,0
00508,confirm,dentex,0,,Impacted,,0.9908,Impacted,1,0.0005,0.0038,0.9946,0.0011,disease__train_179,0.9946,9,,3,0
00509,confirm,dentex,0,,Healthy,,0.9809,Implant,1,0.0038,0.0066,0.0021,0.9875,enum__train_26,0.9875,9,,3,8
00510,confirm,dentex,0,,Healthy,,0.6413,Endodontics,1,0.7668,0.1255,0.0072,0.1005,disease__train_272,0.7668,9,,3,5
00511,confirm,dentex,0,,Impacted,,0.9915,Impacted,1,0.0013,0.0031,0.9946,0.001,disease__train_132,0.9946,9,,3,30
00512,confirm,dentex,0,,Other,,0.93,Endodontics,1,0.9534,0.0219,0.0014,0.0234,disease__train_617,0.9534,9,,3,17
00513,below_tau,dentex,0,,Other,,0.0902,Implant,1,0.2604,0.3094,0.0306,0.3996,disease__train_249,0.3996,9,,1,16
00514,confirm,dentex,0,,Impacted,,0.9957,Impacted,1,0.0005,0.0016,0.9973,0.0005,disease__train_387,0.9973,9,,3,0
00515,below_tau,dentex,0,,Exclude,,0.7626,Impacted,1,0.009,0.1127,0.8752,0.0031,enum__train_459,0.8752,9,,3,0
00516,confirm,dentex,0,,Impacted,,0.9976,Impacted,1,0.0005,0.0008,0.9984,0.0003,disease__train_530,0.9984,9,,3,28
00517,confirm,dentex,0,,Bad crop,,0.9661,Endodontics,1,0.9778,0.0116,0.0005,0.0101,disease__train_363,0.9778,9,,3,9
00518,below_tau,dentex,0,,Bad crop,,0.2502,Healthy,1,0.219,0.4987,0.2486,0.0337,disease__train_224,0.4987,9,,2,2
00519,confirm,dentex,0,,Healthy,,0.9862,Healthy,1,0.0033,0.9901,0.0038,0.0027,disease__train_604,0.9901,9,,3,15
00520,confirm,dentex,0,,Impacted,,0.9949,Impacted,1,0.0012,0.0016,0.9965,0.0007,disease__train_495,0.9965,9,,3,30
00521,confirm,dentex,0,,Healthy,,0.9935,Healthy,1,0.0025,0.996,0.0006,0.0008,disease__train_0,0.996,9,,3,27
00522,confirm,dentex,0,,Healthy,,0.9824,Impacted,1,0.0005,0.0079,0.9904,0.0012,disease__train_628,0.9904,9,,3,0
00523,below_tau,dentex,0,,Healthy,,0.0283,Healthy,1,0.0163,0.4688,0.4405,0.0744,disease__train_562,0.4688,9,,1,13
00524,confirm,dentex,0,,Implant,,0.9983,Implant,1,0.0005,0.0004,0.0003,0.9988,enum__train_34,0.9988,9,,3,27
00525,confirm,dentex,0,,Impacted,,0.9963,Impacted,1,0.0004,0.0014,0.9977,0.0004,disease__train_541,0.9977,9,,3,0
00526,confirm,dentex,0,,Impacted,,0.9866,Impacted,1,0.0045,0.0039,0.991,0.0006,enum__train_292,0.991,9,,3,29
00527,confirm,dentex,0,,Impacted,,0.992,Impacted,1,0.0008,0.0033,0.9953,0.0007,enum__train_201,0.9953,9,,3,26
00528,confirm,dentex,0,,Endodontics,,0.9823,Endodontics,1,0.9872,0.0033,0.0047,0.0049,enum__train_117,0.9872,9,,3,4
00529,confirm,dentex,0,,Impacted,,0.9936,Impacted,1,0.0008,0.0025,0.9961,0.0006,enum__train_275,0.9961,9,,3,1
00530,below_tau,dentex,0,,Healthy,,0.0074,Healthy,1,0.4378,0.4452,0.0132,0.1037,disease__train_26,0.4452,9,,2,4
00531,confirm,dentex,0,,Healthy,,0.9544,Healthy,1,0.0198,0.9742,0.0037,0.0023,enum__train_232,0.9742,9,,3,18
00532,confirm,dentex,0,,Other,,0.8296,Endodontics,1,0.8984,0.0688,0.0095,0.0233,enum__train_393,0.8984,9,,3,28
00533,confirm,dentex,0,,Exclude,,0.7557,Healthy,1,0.1167,0.8724,0.0017,0.0091,disease__train_131,0.8724,9,,3,21
00534,below_tau,dentex,0,,Bad crop,,0.107,Healthy,1,0.0453,0.4947,0.3876,0.0724,disease__train_578,0.4947,9,,2,22
00535,below_tau,dentex,0,,Healthy,,0.0588,Healthy,1,0.4105,0.4692,0.0048,0.1155,enum__train_254,0.4692,9,,2,5
00536,confirm,dentex,0,,Impacted,,0.9948,Impacted,1,0.0003,0.0022,0.9969,0.0006,disease__train_528,0.9969,9,,3,0
00537,confirm,dentex,0,,Impacted,,0.9933,Impacted,1,0.0009,0.0025,0.9958,0.0008,enum__train_148,0.9958,9,,3,0
00538,confirm,dentex,0,,Impacted,,0.9923,Impacted,1,0.0006,0.0031,0.9954,0.001,enum__train_76,0.9954,9,,3,0
00539,confirm,dentex,0,,Implant,,0.6258,Implant,1,0.0707,0.1461,0.0112,0.7719,disease__train_8,0.7719,9,,3,21
00540,confirm,dentex,0,,Endodontics,,0.9942,Endodontics,1,0.9962,0.002,0.0006,0.0013,enum__train_235,0.9962,9,,3,27
00541,confirm,dentex,0,,Healthy,,0.9896,Healthy,1,0.0044,0.994,0.0004,0.0011,enum__train_386,0.994,9,,3,18
00542,confirm,dentex,0,,Healthy,,0.8934,Implant,1,0.0064,0.0473,0.0057,0.9407,disease__train_637,0.9407,9,,3,14
00543,confirm,dentex,0,,Healthy,,0.9739,Healthy,1,0.004,0.9825,0.005,0.0086,enum__train_186,0.9825,9,,3,11
00544,confirm,dentex,0,,Bad crop,,0.9961,Implant,1,0.0014,0.0007,0.0003,0.9976,enum__train_492,0.9976,9,,3,14
00545,confirm,dentex,0,,Other,,0.8567,Implant,1,0.015,0.0636,0.001,0.9204,disease__train_664,0.9204,9,,3,25
00546,confirm,dentex,0,,Exclude,,0.9328,Endodontics,1,0.9645,0.0317,0.0005,0.0033,disease__train_657,0.9645,9,,3,19
00547,confirm,dentex,0,,Other,,0.8385,Endodontics,1,0.9066,0.0681,0.0026,0.0227,enum__train_247,0.9066,9,,3,1
00548,below_tau,dentex,0,,Other,,0.4736,Endodontics,1,0.6479,0.1599,0.0178,0.1743,disease__train_26,0.6479,9,,2,24
00549,confirm,dentex,0,,Impacted,,0.9915,Impacted,1,0.0008,0.0031,0.9946,0.0015,disease__train_348,0.9946,9,,3,2
00550,confirm,dentex,0,,Endodontics,,0.9883,Endodontics,1,0.9926,0.0018,0.0013,0.0043,enum__train_285,0.9926,9,,3,16
00551,confirm,dentex,0,,Exclude,,0.9081,Implant,1,0.0448,0.0015,0.0008,0.9529,enum__train_189,0.9529,9,,3,14
00552,confirm,dentex,0,,Healthy,,0.6758,Implant,1,0.0075,0.1495,0.0176,0.8253,disease__train_133,0.8253,9,,3,18
00553,confirm,dentex,0,,Impacted,,0.9923,Impacted,1,0.0013,0.0027,0.9951,0.0009,enum__train_264,0.9951,9,,3,27
00554,confirm,dentex,0,,Impacted,,0.9945,Impacted,1,0.0012,0.0018,0.9963,0.0007,disease__train_195,0.9963,9,,3,0
00555,confirm,dentex,0,,Exclude,,0.5346,Endodontics,1,0.7457,0.2111,0.0035,0.0397,enum__train_293,0.7457,9,,3,5
00556,confirm,dentex,0,,Implant,,0.9986,Implant,1,0.0003,0.0004,0.0004,0.999,enum__train_365,0.999,9,,3,26
00557,confirm,dentex,0,,Other,,0.5387,Healthy,1,0.2002,0.7389,0.0148,0.0461,enum__train_504,0.7389,9,,3,2
00558,confirm,dentex,0,,Implant,,0.9984,Implant,1,0.0005,0.0003,0.0003,0.9989,disease__train_143,0.9989,9,,3,25
00559,confirm,dentex,0,,Impacted,,0.9924,Impacted,1,0.0007,0.0032,0.9956,0.0005,disease__train_507,0.9956,9,,3,25
00560,below_tau,dentex,0,,Healthy,,0.1198,Implant,1,0.1504,0.3407,0.0484,0.4605,disease__train_193,0.4605,9,,2,3
00561,below_tau,dentex,0,,Healthy,,0.251,Healthy,1,0.1657,0.4904,0.1044,0.2394,disease__train_384,0.4904,9,,2,11
00562,confirm,dentex,0,,Endodontics,,0.6404,Endodontics,1,0.7719,0.1315,0.0793,0.0173,disease__train_148,0.7719,9,,3,25
00563,confirm,dentex,0,,Healthy,,0.9819,Healthy,1,0.0051,0.987,0.0032,0.0047,enum__train_137,0.987,9,,3,4
00564,confirm,dentex,0,,Implant,,0.9973,Implant,1,0.0005,0.0006,0.0008,0.9981,enum__train_242,0.9981,9,,3,14
00565,confirm,dentex,0,,Impacted,,0.9943,Impacted,1,0.0004,0.0023,0.9966,0.0007,enum__train_505,0.9966,9,,3,2
00566,confirm,dentex,0,,Healthy,,0.4205,Implant,1,0.0205,0.2719,0.0152,0.6924,enum__train_250,0.6924,9,,3,14
00567,confirm,dentex,0,,Impacted,,0.9946,Impacted,1,0.0006,0.0019,0.9965,0.001,disease__train_240,0.9965,9,,3,0
00568,confirm,dentex,0,,Healthy,,0.9566,Healthy,1,0.0085,0.9719,0.0153,0.0043,disease__train_176,0.9719,9,,3,29
00569,confirm,dentex,0,,Healthy,,0.9681,Healthy,1,0.0069,0.9798,0.0116,0.0017,enum__train_122,0.9798,9,,3,24
00570,confirm,dentex,0,,Impacted,,0.991,Impacted,1,0.0004,0.004,0.995,0.0007,disease__train_415,0.995,9,,3,0
00571,confirm,dentex,0,,Impacted,,0.9892,Impacted,1,0.0007,0.0043,0.9936,0.0014,disease__train_292,0.9936,9,,3,29
00572,confirm,dentex,0,,Healthy,,0.8816,Healthy,1,0.0062,0.9339,0.0523,0.0077,disease__train_197,0.9339,9,,3,13
00573,confirm,dentex,0,,Implant,,0.9989,Implant,1,0.0003,0.0003,0.0002,0.9992,disease__train_611,0.9992,9,,3,21
00574,confirm,dentex,0,,Impacted,,0.9961,Impacted,1,0.0007,0.0013,0.9975,0.0005,disease__train_598,0.9975,9,,3,28
00575,confirm,dentex,0,,Impacted,,0.9958,Impacted,1,0.0006,0.0014,0.9972,0.0008,enum__train_548,0.9972,9,,3,32
00576,below_tau,dentex,0,,Healthy,,0.1694,Healthy,1,0.2973,0.4667,0.0221,0.214,disease__train_452,0.4667,9,,1,0
00577,confirm,dentex,0,,Other,,0.5222,Implant,1,0.0134,0.2129,0.0386,0.7351,disease__train_357,0.7351,9,,3,13
00578,confirm,dentex,0,,Healthy,,0.3374,Implant,1,0.024,0.2702,0.0982,0.6076,disease__train_118,0.6076,9,,3,11
00579,confirm,dentex,0,,Impacted,,0.9966,Impacted,1,0.0007,0.0011,0.9977,0.0004,enum__train_528,0.9977,9,,3,31
00580,confirm,dentex,0,,Endodontics,,0.979,Endodontics,1,0.9854,0.0048,0.0064,0.0034,disease__train_124,0.9854,9,,3,27
00581,confirm,dentex,0,,Impacted,,0.9875,Impacted,1,0.0012,0.0049,0.9924,0.0015,enum__train_125,0.9924,9,,3,30
00582,confirm,dentex,0,,Endodontics,,0.9732,Endodontics,1,0.981,0.0065,0.0047,0.0078,disease__train_73,0.981,9,,3,2
00583,confirm,dentex,0,,Healthy,,0.8923,Healthy,1,0.0045,0.9427,0.0504,0.0025,disease__train_134,0.9427,9,,3,3
00584,confirm,dentex,0,,Impacted,,0.9911,Impacted,1,0.0004,0.004,0.9952,0.0004,disease__train_212,0.9952,9,,3,0
00585,confirm,dentex,0,,Impacted,,0.987,Impacted,1,0.0012,0.0052,0.9923,0.0013,enum__train_257,0.9923,9,,3,0
00586,confirm,dentex,0,,Impacted,,0.9958,Impacted,1,0.0006,0.0015,0.9973,0.0006,disease__train_30,0.9973,9,,3,31
00587,confirm,dentex,0,,Endodontics,,0.9968,Endodontics,1,0.9978,0.0008,0.0004,0.001,disease__train_635,0.9978,9,,3,22
00588,confirm,dentex,0,,Endodontics,,0.9012,Endodontics,1,0.9415,0.0085,0.0096,0.0404,disease__train_275,0.9415,9,,3,5
00589,confirm,dentex,0,,Healthy,,0.9682,Healthy,1,0.0108,0.979,0.0069,0.0033,enum__train_164,0.979,9,,3,11
00590,confirm,dentex,0,,Healthy,,0.7311,Healthy,1,0.1041,0.8352,0.05,0.0107,disease__train_146,0.8352,9,,3,27
00591,confirm,dentex,0,,Endodontics,,0.9957,Endodontics,1,0.9972,0.0007,0.0007,0.0015,disease__train_653,0.9972,9,,3,24
00592,below_tau,dentex,0,,Healthy,,0.1453,Implant,1,0.0508,0.3232,0.1576,0.4685,disease__train_545,0.4685,9,,1,20
00593,confirm,dentex,0,,Endodontics,,0.9945,Endodontics,1,0.9968,0.0005,0.0005,0.0023,enum__train_60,0.9968,9,,3,6
00594,confirm,dentex,0,,Healthy,,0.8457,Implant,1,0.0394,0.0511,0.0127,0.8968,disease__train_74,0.8968,9,,3,8
00595,confirm,dentex,0,,Endodontics,,0.9963,Endodontics,1,0.9974,0.0009,0.0006,0.0011,disease__train_304,0.9974,9,,3,8
00596,confirm,dentex,0,,Impacted,,0.9944,Impacted,1,0.0006,0.0021,0.9965,0.0008,disease__train_220,0.9965,9,,3,0
00597,confirm,dentex,0,,Implant,,0.431,Implant,1,0.0308,0.2573,0.0236,0.6883,disease__train_467,0.6883,9,,3,12
00598,confirm,dentex,0,,Healthy,,0.9846,Healthy,1,0.006,0.9906,0.0017,0.0017,disease__train_566,0.9906,9,,3,26
00599,confirm,dentex,0,,Endodontics,,0.9804,Endodontics,1,0.9884,0.0015,0.002,0.008,disease__train_214,0.9884,9,,3,6
00600,below_tau,dentex,0,,Healthy,,0.0561,Implant,1,0.0365,0.3916,0.1242,0.4477,disease__train_446,0.4477,9,,2,15
00601,confirm,dentex,0,,Endodontics,,0.9908,Endodontics,1,0.994,0.0019,0.001,0.0032,enum__train_235,0.994,9,,3,24
00602,confirm,dentex,0,,Healthy,,0.6879,Healthy,1,0.002,0.8421,0.1542,0.0017,disease__train_187,0.8421,9,,3,2
00603,below_tau,dentex,0,,Healthy,,0.0732,Healthy,1,0.1818,0.4331,0.0253,0.3598,disease__train_651,0.4331,9,,1,7
00604,confirm,dentex,0,,Impacted,,0.9938,Impacted,1,0.0008,0.0022,0.9961,0.0009,disease__train_198,0.9961,9,,3,30
00605,confirm,dentex,0,,Healthy,,0.9424,Implant,1,0.0057,0.0231,0.0057,0.9655,disease__train_524,0.9655,9,,3,12
00606,confirm,dentex,0,,Healthy,,0.854,Healthy,1,0.0444,0.9006,0.0085,0.0465,disease__train_634,0.9006,9,,3,6
00607,confirm,dentex,0,,Impacted,,0.9886,Impacted,1,0.0006,0.0049,0.9935,0.0011,enum__train_614,0.9935,9,,3,0
00608,confirm,dentex,0,,Bad crop,,0.9899,Impacted,1,0.0007,0.0045,0.9944,0.0005,enum__train_378,0.9944,9,,3,0
00609,confirm,dentex,0,,Endodontics,,0.9964,Endodontics,1,0.9975,0.0008,0.0006,0.0011,disease__train_133,0.9975,9,,3,21
00610,confirm,dentex,0,,Impacted,,0.9928,Impacted,1,0.0005,0.0031,0.9959,0.0005,disease__train_683,0.9959,9,,3,0
00611,confirm,dentex,0,,Impacted,,0.9908,Impacted,1,0.0006,0.0041,0.9949,0.0005,enum__train_249,0.9949,9,,3,0
00612,below_tau,dentex,0,,Other,,0.3808,Endodontics,1,0.6241,0.2432,0.0968,0.0359,disease__train_400,0.6241,9,,3,2
00613,confirm,dentex,0,,Healthy,,0.6132,Healthy,1,0.0135,0.7924,0.1792,0.0149,disease__train_204,0.7924,9,,3,26
00614,confirm,dentex,0,,Implant,,0.9967,Implant,1,0.0012,0.0004,0.0004,0.9979,enum__train_492,0.9979,9,,3,18
00615,confirm,dentex,0,,Other,,0.8205,Endodontics,1,0.8983,0.0778,0.0048,0.0191,disease__train_653,0.8983,9,,3,26
00616,confirm,dentex,0,,Exclude,,0.8328,Healthy,1,0.0079,0.9051,0.0723,0.0148,enum__train_554,0.9051,9,,3,9
00617,below_tau,dentex,0,,Healthy,,0.0754,Implant,1,0.3158,0.2825,0.0105,0.3912,disease__train_74,0.3912,9,,1,21
00618,confirm,dentex,0,,Other,,0.9381,Endodontics,1,0.9625,0.0244,0.0014,0.0117,disease__train_271,0.9625,9,,3,18
00619,confirm,dentex,0,,Other,,0.7751,Endodontics,1,0.8722,0.0971,0.0045,0.0262,disease__train_147,0.8722,9,,3,7
00620,below_tau,dentex,0,,Other,,0.2431,Impacted,1,0.0059,0.3743,0.6173,0.0025,enum__train_614,0.6173,9,,2,12
00621,confirm,dentex,0,,Implant,,0.996,Implant,1,0.0016,0.0003,0.0005,0.9976,enum__train_508,0.9976,9,,3,7
00622,confirm,dentex,0,,Impacted,,0.9965,Impacted,1,0.0009,0.001,0.9975,0.0006,disease__train_309,0.9975,9,,3,29
00623,confirm,dentex,0,,Healthy,,0.9874,Impacted,1,0.0007,0.0057,0.9932,0.0004,enum__train_362,0.9932,9,,3,0
00624,confirm,dentex,0,,Endodontics,,0.9882,Endodontics,1,0.9923,0.0042,0.0007,0.0029,disease__train_169,0.9923,9,,3,6
00625,confirm,dentex,0,,Other,,0.9484,Endodontics,1,0.9691,0.0207,0.004,0.0061,disease__train_656,0.9691,9,,3,26
00626,confirm,dentex,0,,Endodontics,,0.9947,Endodontics,1,0.9965,0.0009,0.0008,0.0018,disease__train_381,0.9965,9,,3,5
00627,confirm,dentex,0,,Healthy,,0.7478,Implant,1,0.0047,0.115,0.0175,0.8628,disease__train_495,0.8628,9,,3,19
00628,confirm,dentex,0,,Impacted,,0.9922,Impacted,1,0.0023,0.0023,0.9945,0.0009,disease__train_545,0.9945,9,,3,0
00629,confirm,dentex,0,,Endodontics,,0.8884,Endodontics,1,0.9418,0.0031,0.0018,0.0533,enum__train_12,0.9418,9,,3,5
00630,confirm,dentex,0,,Implant,,0.9982,Implant,1,0.0004,0.0005,0.0004,0.9987,enum__train_459,0.9987,9,,3,19
00631,confirm,dentex,0,,Impacted,,0.9936,Impacted,1,0.0007,0.0026,0.9962,0.0006,enum__train_304,0.9962,9,,3,0
00632,confirm,dentex,0,,Healthy,,0.6929,Healthy,1,0.0684,0.7992,0.1063,0.0261,disease__train_686,0.7992,9,,3,26
00633,confirm,dentex,0,,Implant,,0.9976,Implant,1,0.0003,0.0006,0.0007,0.9983,enum__train_436,0.9983,9,,3,15
00634,confirm,dentex,0,,Other,,0.6967,Endodontics,1,0.8303,0.1336,0.0064,0.0297,disease__train_125,0.8303,9,,3,13
00635,confirm,dentex,0,,Healthy,,0.9909,Impacted,1,0.0008,0.0038,0.9947,0.0007,disease__train_329,0.9947,9,,3,0
00636,confirm,dentex,0,,Healthy,,0.7858,Healthy,1,0.0039,0.8876,0.1018,0.0068,disease__train_628,0.8876,9,,3,2
00637,confirm,dentex,0,,Healthy,,0.8418,Healthy,1,0.0018,0.919,0.0772,0.0021,disease__train_320,0.919,9,,3,2
00638,confirm,dentex,0,,Impacted,,0.9845,Impacted,1,0.0004,0.0072,0.9917,0.0007,disease__train_673,0.9917,9,,3,0
00639,confirm,dentex,0,,Impacted,,0.9927,Impacted,1,0.0011,0.0025,0.9952,0.0012,enum__train_399,0.9952,9,,3,0
00640,confirm,dentex,0,,Impacted,,0.9924,Impacted,1,0.0007,0.0033,0.9957,0.0003,disease__train_556,0.9957,9,,3,0
00641,confirm,dentex,0,,Impacted,,0.9895,Impacted,1,0.0013,0.0037,0.9932,0.0018,enum__train_596,0.9932,9,,3,0
00642,confirm,dentex,0,,Healthy,,0.9871,Healthy,1,0.0035,0.9906,0.0034,0.0025,enum__train_44,0.9906,9,,3,26
00643,confirm,dentex,0,,Exclude,,0.7142,Implant,1,0.0286,0.035,0.1111,0.8253,disease__train_592,0.8253,9,,3,10
00644,below_tau,dentex,0,,Other,,0.4244,Endodontics,1,0.6273,0.2029,0.0237,0.1461,disease__train_289,0.6273,9,,2,1
00645,confirm,dentex,0,,Other,,0.6058,Healthy,1,0.188,0.7938,0.0047,0.0134,enum__train_414,0.7938,9,,3,1
00646,confirm,dentex,0,,Healthy,,0.9687,Healthy,1,0.0057,0.9787,0.0055,0.01,enum__train_608,0.9787,9,,3,10
00647,confirm,dentex,0,,Endodontics,,0.5501,Implant,1,0.2236,0.0012,0.0015,0.7737,disease__train_515,0.7737,9,,3,6
00648,confirm,dentex,0,,Exclude,,0.9862,Impacted,1,0.0011,0.0058,0.992,0.0011,disease__train_212,0.992,9,,3,28
00649,confirm,dentex,0,,Impacted,,0.9944,Impacted,1,0.0007,0.0022,0.9966,0.0005,disease__train_509,0.9966,9,,3,1
00650,confirm,dentex,0,,Exclude,,0.9761,Healthy,1,0.0085,0.9846,0.0031,0.0039,disease__train_131,0.9846,9,,3,15
00651,confirm,dentex,0,,Other,,0.6932,Endodontics,1,0.8083,0.0705,0.0061,0.1151,disease__train_364,0.8083,9,,3,4
00652,confirm,dentex,0,,Impacted,,0.9967,Impacted,1,0.0005,0.0012,0.9979,0.0005,disease__train_693,0.9979,9,,3,1
00653,confirm,dentex,0,,Impacted,,0.9957,Impacted,1,0.0005,0.0016,0.9973,0.0006,disease__train_124,0.9973,9,,3,32
00654,confirm,dentex,0,,Impacted,,0.9972,Impacted,1,0.0005,0.0009,0.9981,0.0005,enum__train_525,0.9981,9,,3,0
00655,confirm,dentex,0,,Exclude,,0.955,Implant,1,0.0037,0.0154,0.0104,0.9705,disease__train_97,0.9705,9,,3,9
00656,confirm,dentex,0,,Other,,0.9103,Healthy,1,0.0081,0.9502,0.04,0.0017,enum__train_69,0.9502,9,,3,4
00657,confirm,dentex,0,,Impacted,,0.9885,Impacted,1,0.0022,0.0042,0.9927,0.0008,disease__train_284,0.9927,9,,3,28
00658,confirm,dentex,0,,Exclude,,0.9942,Impacted,1,0.0003,0.0024,0.9967,0.0006,enum__train_186,0.9967,9,,3,28
00659,confirm,dentex,0,,Healthy,,0.7787,Healthy,1,0.0337,0.8647,0.086,0.0156,disease__train_241,0.8647,9,,3,15
00660,below_tau,dentex,0,,Healthy,,0.0667,Healthy,1,0.1574,0.3959,0.1175,0.3292,disease__train_107,0.3959,9,,1,15
00661,confirm,dentex,0,,Impacted,,0.9919,Impacted,1,0.0005,0.0036,0.9955,0.0004,disease__train_359,0.9955,9,,3,0
00662,confirm,dentex,0,,Endodontics,,0.993,Implant,1,0.0025,0.0013,0.0007,0.9955,disease__train_395,0.9955,9,,3,7
00663,confirm,dentex,0,,Endodontics,,0.9729,Endodontics,1,0.9844,0.0022,0.0019,0.0115,disease__train_359,0.9844,9,,3,3
00664,confirm,dentex,0,,Healthy,,0.8374,Healthy,1,0.002,0.9166,0.0792,0.0023,enum__train_99,0.9166,9,,3,1
00665,confirm,dentex,0,,Impacted,,0.9863,Impacted,1,0.0008,0.0061,0.9924,0.0007,enum__train_280,0.9924,9,,3,0
00666,confirm,dentex,0,,Healthy,,0.8309,Healthy,1,0.0109,0.8997,0.0687,0.0207,disease__train_453,0.8997,9,,3,24
00667,confirm,dentex,0,,Healthy,,0.9735,Healthy,1,0.0102,0.9837,0.0033,0.0029,enum__train_604,0.9837,9,,3,7
00668,confirm,dentex,0,,Implant,,0.9986,Implant,1,0.0004,0.0003,0.0003,0.999,disease__train_611,0.999,9,,3,0
00669,confirm,dentex,0,,Impacted,,0.9972,Impacted,1,0.0003,0.001,0.9982,0.0005,disease__train_540,0.9982,9,,3,0
00670,confirm,dentex,0,,Implant,,0.9678,Implant,1,0.0048,0.0107,0.006,0.9784,disease__train_97,0.9784,9,,3,11
00671,below_tau,dentex,0,,Impacted,,0.9797,Impacted,1,0.0021,0.008,0.9877,0.0021,enum__train_176,0.9877,9,,3,0
00672,confirm,dentex,0,,Impacted,,0.9871,Impacted,1,0.0008,0.0054,0.9925,0.0014,enum__train_295,0.9925,9,,3,1
00673,below_tau,dentex,0,,Other,,0.1372,Healthy,1,0.3529,0.4901,0.0994,0.0576,disease__train_442,0.4901,9,,2,0
00674,below_tau,dentex,0,,Healthy,,0.0268,Healthy,1,0.0999,0.3494,0.3226,0.2282,disease__train_605,0.3494,9,,1,23
00675,confirm,dentex,0,,Healthy,,0.6739,Implant,1,0.0124,0.1506,0.0124,0.8246,disease__train_542,0.8246,9,,3,9
00676,confirm,dentex,0,,Implant,,0.9985,Implant,1,0.0004,0.0003,0.0004,0.9989,enum__train_242,0.9989,9,,3,13
00677,below_tau,dentex,0,,Other,,0.3051,Endodontics,1,0.6229,0.3178,0.0278,0.0315,disease__train_613,0.6229,9,,2,0
00678,confirm,dentex,0,,Healthy,,0.752,Implant,1,0.0091,0.1123,0.0144,0.8643,enum__train_370,0.8643,9,,3,19
00679,confirm,dentex,0,,Impacted,,0.9936,Impacted,1,0.0021,0.0019,0.9957,0.0003,disease__train_584,0.9957,9,,3,1
00680,confirm,dentex,0,,Healthy,,0.8395,Endodontics,1,0.9163,0.0768,0.0014,0.0055,disease__train_567,0.9163,9,,3,16
00681,confirm,dentex,0,,Other,,0.8052,Endodontics,1,0.8905,0.0853,0.0137,0.0105,disease__train_490,0.8905,9,,3,24
00682,confirm,dentex,0,,Impacted,,0.9879,Impacted,1,0.0013,0.0043,0.9922,0.0022,disease__train_565,0.9922,9,,3,0
00683,confirm,dentex,0,,Healthy,,0.9837,Healthy,1,0.0055,0.9892,0.0019,0.0034,disease__train_107,0.9892,9,,3,1
00684,confirm,dentex,0,,Healthy,,0.9397,Healthy,1,0.0195,0.9592,0.0121,0.0092,disease__train_3,0.9592,9,,3,15
00685,confirm,dentex,0,,Other,,0.9199,Endodontics,1,0.9575,0.0376,0.0008,0.0041,disease__train_451,0.9575,9,,3,6
00686,confirm,dentex,0,,Impacted,,0.9961,Impacted,1,0.0006,0.0014,0.9976,0.0004,enum__train_416,0.9976,9,,3,0
00687,confirm,dentex,0,,Healthy,,0.9952,Healthy,1,0.0014,0.9966,0.0009,0.001,enum__train_353,0.9966,9,,3,19
00688,confirm,dentex,0,,Other,,0.7538,Healthy,1,0.1086,0.8625,0.0034,0.0255,disease__train_367,0.8625,9,,3,25
00689,confirm,dentex,0,,Other,,0.8259,Endodontics,1,0.9063,0.0804,0.0014,0.0119,disease__train_568,0.9063,9,,3,6
00690,confirm,dentex,0,,Endodontics,,0.9976,Endodontics,1,0.9984,0.0005,0.0004,0.0008,disease__train_385,0.9984,9,,3,2
00691,confirm,dentex,0,,Impacted,,0.9961,Impacted,1,0.0007,0.0013,0.9974,0.0006,enum__train_147,0.9974,9,,3,0
00692,confirm,dentex,0,,Endodontics,,0.9969,Endodontics,1,0.9978,0.0008,0.0006,0.0009,enum__train_108,0.9978,9,,3,22
00693,below_tau,dentex,0,,Healthy,,0.1702,Implant,1,0.2616,0.2485,0.0581,0.4319,disease__train_184,0.4319,9,,1,14
00694,confirm,dentex,0,,Impacted,,0.5846,Healthy,1,0.0045,0.7873,0.2027,0.0054,disease__train_46,0.7873,9,,3,28
00695,confirm,dentex,0,,Impacted,,0.9913,Impacted,1,0.0005,0.0037,0.995,0.0007,disease__train_224,0.995,9,,3,24
00696,confirm,dentex,0,,Healthy,,0.9746,Healthy,1,0.0092,0.9838,0.0062,0.0007,enum__train_110,0.9838,9,,3,28
00697,confirm,dentex,0,,Healthy,,0.987,Impacted,1,0.0004,0.0061,0.9931,0.0003,enum__train_574,0.9931,9,,3,0
00698,confirm,dentex,0,,Exclude,,0.5058,Implant,1,0.0607,0.2056,0.0223,0.7114,disease__train_411,0.7114,9,,3,17
00699,below_tau,dentex,0,,Healthy,,0.1277,Implant,1,0.0225,0.3646,0.1205,0.4923,disease__train_96,0.4923,9,,2,13
00700,confirm,dentex,0,,Impacted,,0.9967,Impacted,1,0.0006,0.0011,0.9979,0.0004,disease__train_128,0.9979,9,,3,28
00701,below_tau,dentex,0,,Healthy,,0.1231,Implant,1,0.0216,0.3331,0.1892,0.4562,disease__train_321,0.4562,9,,1,20
00702,confirm,dentex,0,,Impacted,,0.992,Impacted,1,0.0005,0.0032,0.9953,0.001,disease__train_667,0.9953,9,,3,0
00703,confirm,dentex,0,,Healthy,,0.9778,Healthy,1,0.0023,0.9871,0.0093,0.0012,disease__train_293,0.9871,9,,3,7
00704,confirm,dentex,0,,Impacted,,0.9919,Impacted,1,0.0007,0.003,0.9949,0.0015,enum__train_470,0.9949,9,,3,29
00705,confirm,dentex,0,,Other,,0.7553,Endodontics,1,0.8615,0.1063,0.0033,0.0289,disease__train_320,0.8615,9,,3,23
00706,confirm,dentex,0,,Other,,0.712,Endodontics,1,0.8474,0.1355,0.0023,0.0148,disease__train_120,0.8474,9,,3,21
00707,confirm,dentex,0,,Healthy,,0.9461,Healthy,1,0.0119,0.9664,0.0013,0.0204,disease__train_100,0.9664,9,,3,9
00708,confirm,dentex,0,,Impacted,,0.9943,Impacted,1,0.0006,0.0022,0.9965,0.0007,disease__train_255,0.9965,9,,3,27
00709,confirm,dentex,0,,Endodontics,,0.8189,Endodontics,1,0.8954,0.0139,0.0765,0.0142,disease__train_67,0.8954,9,,3,2
00710,confirm,dentex,0,,Healthy,,0.9877,Healthy,1,0.0038,0.9914,0.0016,0.0032,enum__train_232,0.9914,9,,3,2
00711,confirm,dentex,0,,Implant,,0.9969,Implant,1,0.0008,0.0008,0.0008,0.9977,disease__train_664,0.9977,9,,3,4
00712,below_tau,dentex,0,,Impacted,,0.2124,Impacted,1,0.0055,0.3833,0.5957,0.0155,disease__train_620,0.5957,9,,2,27
00713,confirm,dentex,0,,Impacted,,0.9974,Impacted,1,0.0005,0.0008,0.9983,0.0004,enum__train_122,0.9983,9,,3,26
00714,confirm,dentex,0,,Healthy,,0.3231,Implant,1,0.0139,0.3242,0.0146,0.6473,enum__train_526,0.6473,9,,3,13
00715,confirm,dentex,0,,Impacted,,0.9901,Impacted,1,0.0013,0.0036,0.9937,0.0015,enum__train_44,0.9937,9,,3,0
00716,confirm,dentex,0,,Endodontics,,0.9609,Endodontics,1,0.9729,0.0079,0.0072,0.012,disease__train_138,0.9729,9,,3,13
00717,confirm,dentex,0,,Impacted,,0.9921,Impacted,1,0.0009,0.0031,0.9952,0.0008,disease__train_270,0.9952,9,,3,2
00718,confirm,dentex,0,,Impacted,,0.9947,Impacted,1,0.0007,0.0019,0.9966,0.0007,disease__train_499,0.9966,9,,3,0
00719,confirm,dentex,0,,Other,,0.4397,Implant,1,0.1188,0.2102,0.0212,0.6499,enum__train_576,0.6499,9,,3,24
00720,confirm,dentex,0,,Impacted,,0.9958,Impacted,1,0.0003,0.0018,0.9975,0.0004,disease__train_359,0.9975,9,,3,29
00721,confirm,dentex,0,,Endodontics,,0.9216,Implant,1,0.0373,0.0022,0.0015,0.9589,enum__train_504,0.9589,9,,3,18
00722,confirm,dentex,0,,Healthy,,0.6361,Implant,1,0.0268,0.1534,0.0303,0.7895,enum__train_12,0.7895,9,,3,16
00723,confirm,dentex,0,,Other,,0.6307,Endodontics,1,0.751,0.1203,0.0621,0.0665,enum__train_523,0.751,9,,3,14
00724,confirm,dentex,0,,Other,,0.7286,Endodontics,1,0.8251,0.0964,0.0632,0.0153,enum__train_150,0.8251,9,,3,26
00725,confirm,dentex,0,,Impacted,,0.9926,Impacted,1,0.0011,0.0028,0.9954,0.0006,enum__train_427,0.9954,9,,3,0
00726,confirm,dentex,0,,Exclude,,0.5882,Healthy,1,0.0061,0.7857,0.1975,0.0108,disease__train_215,0.7857,9,,3,0
00727,confirm,dentex,0,,Healthy,,0.9663,Healthy,1,0.0148,0.9811,0.0008,0.0033,disease__train_104,0.9811,9,,3,5
00728,confirm,dentex,0,,Impacted,,0.9915,Impacted,1,0.0006,0.0037,0.9952,0.0005,disease__train_625,0.9952,9,,3,30
00729,confirm,dentex,0,,Impacted,,0.9958,Impacted,1,0.0007,0.0014,0.9972,0.0006,disease__train_362,0.9972,9,,3,0
00730,confirm,dentex,0,,Healthy,,0.8987,Healthy,1,0.0159,0.9343,0.0143,0.0355,disease__train_36,0.9343,9,,3,25
00731,confirm,dentex,0,,Bad crop,,0.9726,Healthy,1,0.0024,0.9845,0.0119,0.0011,enum__train_50,0.9845,9,,3,0
00732,confirm,dentex,0,,Other,,0.8095,Endodontics,1,0.889,0.0795,0.0052,0.0263,disease__train_174,0.889,9,,3,0
00733,confirm,dentex,0,,Impacted,,0.9814,Impacted,1,0.0007,0.0086,0.99,0.0008,enum__train_344,0.99,9,,3,27
00734,confirm,dentex,0,,Healthy,,0.9918,Impacted,1,0.0009,0.0034,0.9952,0.0005,disease__train_691,0.9952,9,,3,0
00735,confirm,dentex,0,,Other,,0.8738,Endodontics,1,0.9324,0.0586,0.0012,0.0078,enum__train_184,0.9324,9,,3,6
00736,confirm,dentex,0,,Implant,,0.9977,Implant,1,0.0007,0.0004,0.0005,0.9984,disease__train_115,0.9984,9,,3,23
00737,confirm,dentex,0,,Implant,,0.9978,Implant,1,0.0004,0.0005,0.0006,0.9984,enum__train_42,0.9984,9,,3,17
00738,confirm,dentex,0,,Healthy,,0.9592,Healthy,1,0.0079,0.9726,0.0061,0.0134,enum__train_249,0.9726,9,,3,14
00739,confirm,dentex,0,,Healthy,,0.5833,Endodontics,1,0.7251,0.1418,0.0665,0.0666,enum__train_418,0.7251,9,,3,7
00740,confirm,dentex,0,,Impacted,,0.991,Impacted,1,0.001,0.0037,0.9947,0.0006,disease__train_125,0.9947,9,,3,0
00741,confirm,dentex,0,,Impacted,,0.9955,Impacted,1,0.0005,0.0018,0.9973,0.0004,disease__train_267,0.9973,9,,3,27
00742,below_tau,dentex,0,,Healthy,,0.9546,Impacted,1,0.001,0.0215,0.9761,0.0013,disease__train_490,0.9761,9,,3,0
00743,confirm,dentex,0,,Endodontics,,0.9779,Endodontics,1,0.984,0.0049,0.0061,0.0049,enum__train_382,0.984,9,,3,0
00744,confirm,dentex,0,,Other,,0.9606,Healthy,1,0.0145,0.9751,0.0023,0.0081,disease__train_473,0.9751,9,,3,23
00745,below_tau,dentex,0,,Other,,0.2142,Endodontics,1,0.567,0.3528,0.0386,0.0416,enum__train_312,0.567,9,,2,9
00746,confirm,dentex,0,,Endodontics,,0.7155,Endodontics,1,0.8451,0.1296,0.0062,0.0191,disease__train_616,0.8451,9,,3,20
00747,confirm,dentex,0,,Healthy,,0.29,Implant,1,0.0954,0.284,0.0466,0.574,disease__train_283,0.574,9,,3,21
00748,confirm,dentex,0,,Impacted,,0.9927,Impacted,1,0.0011,0.0027,0.9955,0.0007,enum__train_601,0.9955,9,,3,31
00749,confirm,dentex,0,,Healthy,,0.9865,Impacted,1,0.0008,0.006,0.9925,0.0006,disease__train_343,0.9925,9,,3,29
00750,confirm,dentex,0,,Endodontics,,0.9951,Endodontics,1,0.997,0.0007,0.0004,0.0019,disease__train_645,0.997,9,,3,24
00751,confirm,dentex,0,,Healthy,,0.8851,Healthy,1,0.0527,0.9378,0.0022,0.0072,disease__train_18,0.9378,9,,3,30
00752,confirm,dentex,0,,Healthy,,0.5962,Implant,1,0.0153,0.1912,0.0061,0.7874,disease__train_542,0.7874,9,,3,22
00753,confirm,dentex,0,,Healthy,,0.9241,Healthy,1,0.0111,0.9546,0.0305,0.0039,enum__train_515,0.9546,9,,3,26
00754,confirm,dentex,0,,Healthy,,0.9937,Healthy,1,0.0014,0.9954,0.0017,0.0015,enum__train_265,0.9954,9,,3,1
00755,below_tau,dentex,0,,Other,,0.0976,Endodontics,1,0.5252,0.4276,0.0046,0.0425,disease__train_178,0.5252,9,,2,2
00756,confirm,dentex,0,,Healthy,,0.9627,Healthy,1,0.0146,0.9774,0.0024,0.0056,enum__train_607,0.9774,9,,3,23
00757,confirm,dentex,0,,Impacted,,0.9906,Impacted,1,0.0014,0.0032,0.9937,0.0017,disease__train_627,0.9937,9,,3,0
00758,confirm,dentex,0,,Healthy,,0.9887,Healthy,1,0.0023,0.9926,0.0012,0.0039,disease__train_360,0.9926,9,,3,23
00759,below_tau,dentex,0,,Other,,0.3792,Endodontics,1,0.6749,0.2957,0.0075,0.0218,enum__train_180,0.6749,9,,3,26
00760,below_tau,dentex,0,,Other,,0.2182,Healthy,1,0.2151,0.4596,0.0839,0.2414,disease__train_34,0.4596,9,,1,19
00761,confirm,dentex,0,,Healthy,,0.9903,Healthy,1,0.0028,0.9932,0.0023,0.0017,disease__train_447,0.9932,9,,3,13
00762,confirm,dentex,0,,Implant,,0.998,Implant,1,0.0006,0.0004,0.0004,0.9986,disease__train_24,0.9986,9,,3,2
00763,confirm,dentex,0,,Implant,,0.9985,Implant,1,0.0004,0.0003,0.0004,0.9989,enum__train_398,0.9989,9,,3,6
00764,confirm,dentex,0,,Healthy,,0.629,Implant,1,0.0984,0.1294,0.0139,0.7583,disease__train_184,0.7583,9,,3,4
00765,confirm,dentex,0,,Implant,,0.3102,Implant,1,0.0854,0.2994,0.0055,0.6096,disease__train_265,0.6096,9,,3,6
00766,confirm,dentex,0,,Impacted,,0.996,Impacted,1,0.0006,0.0013,0.9974,0.0007,enum__train_632,0.9974,9,,3,0
00767,confirm,dentex,0,,Other,,0.8571,Endodontics,1,0.9186,0.0616,0.0019,0.0179,enum__train_223,0.9186,9,,3,17
00768,confirm,dentex,0,,Healthy,,0.6449,Implant,1,0.0407,0.1514,0.0116,0.7963,disease__train_16,0.7963,9,,3,16
00769,confirm,dentex,0,,Impacted,,0.9939,Impacted,1,0.0014,0.0019,0.9958,0.0008,disease__train_90,0.9958,9,,3,0
00770,below_tau,dentex,0,,Impacted,,0.2175,Impacted,1,0.0035,0.3847,0.6021,0.0097,disease__train_104,0.6021,9,,2,28
00771,confirm,dentex,0,,Healthy,,0.9851,Healthy,1,0.0032,0.9901,0.005,0.0017,disease__train_386,0.9901,9,,3,28
00772,confirm,dentex,0,,Healthy,,0.9666,Healthy,1,0.0028,0.9787,0.0065,0.0121,disease__train_130,0.9787,9,,3,10
00773,confirm,dentex,0,,Healthy,,0.9773,Healthy,1,0.007,0.9842,0.0067,0.0021,disease__train_161,0.9842,9,,3,23
00774,confirm,dentex,0,,Exclude,,0.9956,Impacted,1,0.0006,0.0015,0.9971,0.0008,disease__train_643,0.9971,9,,3,1
00775,confirm,dentex,0,,Healthy,,0.987,Healthy,1,0.0045,0.9915,0.0021,0.002,enum__train_31,0.9915,9,,3,6
00776,confirm,dentex,0,,Bad crop,,0.9902,Impacted,1,0.0008,0.0041,0.9943,0.0008,enum__train_399,0.9943,9,,3,2
00777,confirm,dentex,0,,Endodontics,,0.9425,Endodontics,1,0.9623,0.0045,0.0133,0.0198,disease__train_450,0.9623,9,,3,12
00778,confirm,dentex,0,,Impacted,,0.9925,Impacted,1,0.0013,0.0025,0.995,0.0012,enum__train_280,0.995,9,,3,27
00779,confirm,dentex,0,,Impacted,,0.9959,Impacted,1,0.0006,0.0015,0.9974,0.0004,disease__train_240,0.9974,9,,3,30
00780,confirm,dentex,0,,Implant,,0.9987,Implant,1,0.0004,0.0002,0.0002,0.9991,disease__train_611,0.9991,9,,3,17
00781,confirm,dentex,0,,Endodontics,,0.9948,Endodontics,1,0.9964,0.0014,0.0005,0.0016,enum__train_368,0.9964,9,,3,19
00782,confirm,dentex,0,,Impacted,,0.9876,Impacted,1,0.002,0.0039,0.9915,0.0026,enum__train_340,0.9915,9,,3,0
00783,confirm,dentex,0,,Impacted,,0.9969,Impacted,1,0.0005,0.0011,0.998,0.0004,disease__train_292,0.998,9,,3,31
00784,confirm,dentex,0,,Bad crop,,0.4229,Implant,1,0.1699,0.1888,0.0295,0.6118,disease__train_640,0.6118,9,,3,13
00785,confirm,dentex,0,,Impacted,,0.989,Impacted,1,0.002,0.0038,0.9928,0.0015,enum__train_353,0.9928,9,,3,0
00786,confirm,dentex,0,,Other,,0.6757,Implant,1,0.1225,0.0721,0.0072,0.7982,disease__train_383,0.7982,9,,3,5
00787,below_tau,dentex,0,,Bad crop,,0.1144,Healthy,1,0.1338,0.45,0.0806,0.3356,disease__train_201,0.45,9,,1,7
00788,confirm,dentex,0,,Other,,0.9743,Endodontics,1,0.9839,0.0096,0.0009,0.0056,disease__train_294,0.9839,9,,3,20
00789,confirm,dentex,0,,Healthy,,0.9265,Healthy,1,0.0108,0.9506,0.0242,0.0143,disease__train_292,0.9506,9,,3,18
00790,confirm,dentex,0,,Healthy,,0.9936,Healthy,1,0.0017,0.9953,0.0015,0.0015,disease__train_35,0.9953,9,,3,11
00791,confirm,dentex,0,,Other,,0.3897,Implant,1,0.0537,0.2209,0.1149,0.6106,disease__train_249,0.6106,9,,3,24
00792,confirm,dentex,0,,Healthy,,0.9829,Healthy,1,0.0045,0.9875,0.0037,0.0043,enum__train_10,0.9875,9,,3,7
00793,confirm,dentex,0,,Healthy,,0.9105,Healthy,1,0.0403,0.9508,0.0045,0.0045,disease__train_303,0.9508,9,,3,29
00794,confirm,dentex,0,,Healthy,,0.5953,Healthy,1,0.0242,0.7645,0.0422,0.1691,disease__train_263,0.7645,9,,3,14
00795,below_tau,dentex,0,,Impacted,,0.7865,Impacted,1,0.0022,0.105,0.8915,0.0014,disease__train_160,0.8915,9,,3,30
00796,confirm,dentex,0,,Other,,0.9347,Endodontics,1,0.9594,0.0247,0.0026,0.0133,enum__train_421,0.9594,9,,3,3
00797,confirm,dentex,0,,Exclude,,0.7167,Implant,1,0.1324,0.0103,0.0083,0.8491,disease__train_624,0.8491,9,,3,0
00798,confirm,dentex,0,,Healthy,,0.9453,Healthy,1,0.0117,0.9638,0.006,0.0185,disease__train_544,0.9638,9,,3,24
00799,confirm,dentex,0,,Impacted,,0.9917,Impacted,1,0.0019,0.0023,0.994,0.0017,enum__train_125,0.994,9,,3,0
00800,confirm,dentex,0,,Impacted,,0.9926,Impacted,1,0.0017,0.0025,0.9951,0.0007,disease__train_686,0.9951,9,,3,28
00801,confirm,dentex,0,,Other,,0.7125,Endodontics,1,0.8457,0.1333,0.0025,0.0186,disease__train_223,0.8457,9,,3,2
00802,confirm,dentex,0,,Healthy,,0.9244,Healthy,1,0.0187,0.9515,0.0271,0.0027,enum__train_235,0.9515,9,,3,2
00803,below_tau,dentex,0,,Impacted,,0.9809,Impacted,1,0.0014,0.0081,0.9889,0.0016,disease__train_554,0.9889,9,,3,29
00804,confirm,dentex,0,,Endodontics,,0.9974,Endodontics,1,0.9982,0.0006,0.0004,0.0008,enum__train_108,0.9982,9,,3,15
00805,confirm,dentex,0,,Other,,0.6037,Endodontics,1,0.7365,0.1328,0.0225,0.1082,disease__train_701,0.7365,9,,3,3
00806,confirm,dentex,0,,Healthy,,0.9903,Impacted,1,0.0005,0.0043,0.9946,0.0007,disease__train_448,0.9946,9,,3,0
00807,confirm,dentex,0,,Other,,0.7279,Endodontics,1,0.8193,0.0742,0.0153,0.0913,disease__train_664,0.8193,9,,3,6
00808,confirm,dentex,0,,Exclude,,0.9871,Healthy,1,0.0038,0.9913,0.0043,0.0006,disease__train_703,0.9913,9,,3,8
00809,confirm,dentex,0,,Exclude,,0.996,Impacted,1,0.0005,0.0015,0.9975,0.0004,disease__train_487,0.9975,9,,3,30
00810,confirm,dentex,0,,Implant,,0.9979,Implant,1,0.0007,0.0003,0.0004,0.9986,disease__train_488,0.9986,9,,3,4
00811,confirm,dentex,0,,Healthy,,0.9401,Healthy,1,0.0277,0.9678,0.001,0.0034,disease__train_674,0.9678,9,,3,21
00812,confirm,dentex,0,,Impacted,,0.9945,Impacted,1,0.0005,0.0022,0.9967,0.0006,enum__train_112,0.9967,9,,3,0
00813,below_tau,dentex,0,,Healthy,,0.0793,Implant,1,0.4162,0.0832,0.005,0.4955,disease__train_272,0.4955,9,,2,4
00814,confirm,dentex,0,,Exclude,,0.9792,Healthy,1,0.0018,0.9868,0.0075,0.0039,disease__train_511,0.9868,9,,3,28
00815,confirm,dentex,0,,Healthy,,0.3265,Implant,1,0.2024,0.2194,0.0322,0.546,disease__train_480,0.546,9,,3,24
00816,confirm,dentex,0,,Healthy,,0.948,Healthy,1,0.0024,0.9722,0.0242,0.0011,disease__train_404,0.9722,9,,3,0
00817,confirm,dentex,0,,Impacted,,0.9919,Impacted,1,0.0008,0.0032,0.995,0.0011,enum__train_112,0.995,9,,3,30
00818,confirm,dentex,0,,Impacted,,0.9921,Impacted,1,0.0008,0.0033,0.9954,0.0005,disease__train_507,0.9954,9,,3,26
00819,confirm,dentex,0,,Implant,,0.9982,Implant,1,0.0004,0.0005,0.0005,0.9986,disease__train_664,0.9986,9,,3,27
00820,below_tau,dentex,0,,Other,,0.2386,Endodontics,1,0.6019,0.3632,0.0023,0.0325,disease__train_55,0.6019,9,,2,20
00821,confirm,dentex,0,,Exclude,,0.9887,Impacted,1,0.0009,0.0047,0.9934,0.001,disease__train_281,0.9934,9,,3,31
00822,confirm,dentex,0,,Healthy,,0.947,Healthy,1,0.0214,0.9684,0.0048,0.0054,enum__train_4,0.9684,9,,3,4
00823,confirm,dentex,0,,Impacted,,0.994,Impacted,1,0.0016,0.0014,0.9956,0.0013,enum__train_394,0.9956,9,,3,25
00824,confirm,dentex,0,,Healthy,,0.9171,Healthy,1,0.0054,0.9527,0.0356,0.0062,disease__train_408,0.9527,9,,3,27
00825,confirm,dentex,0,,Healthy,,0.8282,Healthy,1,0.0211,0.9,0.0718,0.007,disease__train_404,0.9,9,,3,30
00826,confirm,dentex,0,,Exclude,,0.9955,Impacted,1,0.0007,0.0016,0.997,0.0007,enum__train_59,0.997,9,,3,31
00827,confirm,dentex,0,,Impacted,,0.9938,Impacted,1,0.001,0.002,0.9958,0.0012,enum__train_548,0.9958,9,,3,31
00828,confirm,dentex,0,,Healthy,,0.9664,Healthy,1,0.0063,0.979,0.0022,0.0126,disease__train_234,0.979,9,,3,2
00829,below_tau,dentex,0,,Healthy,,0.2835,Impacted,1,0.0089,0.3383,0.6218,0.031,disease__train_123,0.6218,9,,2,27
00830,confirm,dentex,0,,Endodontics,,0.9768,Endodontics,1,0.9868,0.01,0.0018,0.0014,disease__train_270,0.9868,9,,3,24
00831,confirm,dentex,0,,Impacted,,0.9927,Impacted,1,0.0009,0.003,0.9957,0.0005,disease__train_247,0.9957,9,,3,25
00832,confirm,dentex,0,,Implant,,0.9989,Implant,1,0.0003,0.0003,0.0003,0.9992,disease__train_577,0.9992,9,,3,23
00833,below_tau,dentex,0,,Healthy,,0.2256,Impacted,1,0.0013,0.3855,0.6111,0.0021,enum__train_556,0.6111,9,,2,2
00834,confirm,dentex,0,,Implant,,0.9954,Implant,1,0.0017,0.0006,0.0006,0.9971,disease__train_623,0.9971,9,,3,20
00835,confirm,dentex,0,,Impacted,,0.9887,Impacted,1,0.0016,0.0044,0.9931,0.001,disease__train_580,0.9931,9,,3,1
00836,confirm,dentex,0,,Impacted,,0.9874,Impacted,1,0.0017,0.0042,0.9917,0.0024,enum__train_340,0.9917,9,,3,30
00837,confirm,dentex,0,,Other,,0.9662,Healthy,1,0.0137,0.9798,0.0033,0.0032,disease__train_452,0.9798,9,,3,18
00838,confirm,dentex,0,,Other,,0.634,Healthy,1,0.1229,0.7569,0.1082,0.0119,enum__train_1,0.7569,9,,3,2
00839,confirm,dentex,0,,Impacted,,0.9933,Impacted,1,0.0007,0.0024,0.9957,0.0012,disease__train_406,0.9957,9,,3,22
00840,confirm,dentex,0,,Healthy,,0.976,Healthy,1,0.01,0.986,0.0015,0.0025,disease__train_369,0.986,9,,3,19
00841,below_tau,dentex,0,,Other,,0.0209,Implant,1,0.2921,0.3397,0.0075,0.3606,disease__train_109,0.3606,9,,1,3
00842,confirm,dentex,0,,Impacted,,0.9938,Impacted,1,0.0008,0.0024,0.9962,0.0006,disease__train_621,0.9962,9,,3,23
00843,confirm,dentex,0,,Healthy,,0.9875,Impacted,1,0.0003,0.0058,0.9933,0.0005,disease__train_684,0.9933,9,,3,0
00844,confirm,dentex,0,,Impacted,,0.9909,Impacted,1,0.001,0.0036,0.9945,0.001,enum__train_219,0.9945,9,,3,0
00845,confirm,dentex,0,,Healthy,,0.9937,Healthy,1,0.0014,0.9954,0.0017,0.0015,disease__train_266,0.9954,9,,3,2
00846,below_tau,dentex,0,,Other,,0.1608,Implant,1,0.2949,0.2442,0.0053,0.4556,enum__train_526,0.4556,9,,2,17
00847,confirm,dentex,0,,Implant,,0.9983,Implant,1,0.0005,0.0003,0.0004,0.9988,enum__train_459,0.9988,9,,3,24
00848,below_tau,dentex,0,,Implant,,0.0485,Implant,1,0.2956,0.3247,0.0064,0.3733,disease__train_592,0.3733,9,,1,20
00849,confirm,dentex,0,,Impacted,,0.992,Impacted,1,0.0006,0.0034,0.9954,0.0006,disease__train_236,0.9954,9,,3,30
00850,confirm,dentex,0,,Impacted,,0.9942,Impacted,1,0.0006,0.0023,0.9965,0.0005,enum__train_554,0.9965,9,,3,29
00851,confirm,dentex,0,,Impacted,,0.9945,Impacted,1,0.0018,0.0014,0.9963,0.0005,disease__train_399,0.9963,9,,3,30
00852,confirm,dentex,0,,Impacted,,0.9947,Impacted,1,0.001,0.0017,0.9965,0.0008,disease__train_36,0.9965,9,,3,1
00853,below_tau,dentex,0,,Healthy,,0.0617,Healthy,1,0.0478,0.4873,0.0394,0.4255,enum__train_75,0.4873,9,,2,11
00854,confirm,dentex,0,,Healthy,,0.9165,Healthy,1,0.0074,0.9446,0.02,0.028,enum__train_316,0.9446,9,,3,26
00855,confirm,dentex,0,,Implant,,0.9952,Implant,1,0.0014,0.0008,0.0011,0.9966,enum__train_66,0.9966,9,,3,2
00856,below_tau,dentex,0,,Other,,0.0037,Implant,1,0.2189,0.3833,0.0109,0.387,disease__train_56,0.387,9,,1,1
00857,confirm,dentex,0,,Impacted,,0.9961,Impacted,1,0.0006,0.0013,0.9974,0.0007,disease__train_187,0.9974,9,,3,30
00858,confirm,dentex,0,,Endodontics,,0.9904,Endodontics,1,0.9935,0.0021,0.0012,0.0031,disease__train_29,0.9935,9,,3,24
00859,confirm,dentex,0,,Endodontics,,0.9966,Endodontics,1,0.9977,0.0011,0.0004,0.0008,enum__train_139,0.9977,9,,3,26
00860,confirm,dentex,0,,Healthy,,0.982,Impacted,1,0.0008,0.0083,0.9903,0.0006,disease__train_335,0.9903,9,,3,2
00861,confirm,dentex,0,,Endodontics,,0.9094,Endodontics,1,0.9483,0.0388,0.0059,0.007,enum__train_264,0.9483,9,,3,3
00862,below_tau,dentex,0,,Healthy,,0.147,Implant,1,0.0682,0.3485,0.0878,0.4955,disease__train_39,0.4955,9,,2,13
00863,below_tau,dentex,0,,Healthy,,0.2072,Impacted,1,0.0053,0.3926,0.5998,0.0023,enum__train_549,0.5998,9,,2,0
00864,confirm,dentex,0,,Impacted,,0.9962,Impacted,1,0.0006,0.0013,0.9974,0.0007,enum__train_347,0.9974,9,,3,0
00865,confirm,dentex,0,,Exclude,,0.9932,Impacted,1,0.001,0.002,0.9953,0.0018,disease__train_277,0.9953,9,,3,29
00866,below_tau,dentex,0,,Exclude,,0.3662,Endodontics,1,0.5826,0.109,0.2164,0.092,enum__train_158,0.5826,9,,2,8
00867,confirm,dentex,0,,Healthy,,0.9764,Healthy,1,0.0083,0.9847,0.0037,0.0033,enum__train_246,0.9847,9,,3,24
00868,below_tau,dentex,0,,Healthy,,0.97,Impacted,1,0.0012,0.0133,0.9834,0.0021,disease__train_34,0.9834,9,,3,0
00869,confirm,dentex,0,,Other,,0.6341,Endodontics,1,0.8048,0.1708,0.0047,0.0197,disease__train_174,0.8048,9,,3,11
00870,confirm,dentex,0,,Implant,,0.995,Implant,1,0.0004,0.0013,0.0017,0.9967,enum__train_242,0.9967,9,,3,5
00871,confirm,dentex,0,,Impacted,,0.9931,Impacted,1,0.001,0.0026,0.9957,0.0008,disease__train_252,0.9957,9,,3,0
00872,confirm,dentex,0,,Impacted,,0.9956,Impacted,1,0.0009,0.0016,0.9972,0.0003,disease__train_423,0.9972,9,,3,1
00873,confirm,dentex,0,,Healthy,,0.9928,Healthy,1,0.0023,0.9951,0.0008,0.0018,enum__train_319,0.9951,9,,3,6
00874,confirm,dentex,0,,Healthy,,0.9763,Healthy,1,0.0041,0.9843,0.0036,0.008,disease__train_394,0.9843,9,,3,11
00875,below_tau,dentex,0,,Exclude,,0.1478,Implant,1,0.0333,0.2202,0.2993,0.4472,disease__train_188,0.4472,9,,2,10
00876,confirm,dentex,0,,Implant,,0.9968,Implant,1,0.0014,0.0003,0.0002,0.9982,disease__train_699,0.9982,9,,3,4
00877,confirm,dentex,0,,Impacted,,0.9859,Impacted,1,0.0013,0.0061,0.992,0.0006,enum__train_120,0.992,9,,3,1
00878,confirm,dentex,0,,Impacted,,0.996,Impacted,1,0.0004,0.0017,0.9976,0.0003,disease__train_339,0.9976,9,,3,0
00879,confirm,dentex,0,,Other,,0.7528,Endodontics,1,0.8516,0.0987,0.003,0.0467,enum__train_286,0.8516,9,,3,18
00880,confirm,dentex,0,,Impacted,,0.9873,Impacted,1,0.0006,0.0058,0.9931,0.0005,disease__train_110,0.9931,9,,3,32
00881,confirm,dentex,0,,Healthy,,0.9382,Healthy,1,0.007,0.9636,0.0039,0.0254,enum__train_340,0.9636,9,,3,1
00882,confirm,dentex,0,,Other,,0.7404,Endodontics,1,0.862,0.1217,0.0025,0.0138,disease__train_443,0.862,9,,3,15
00883,confirm,dentex,0,,Healthy,,0.6103,Healthy,1,0.0974,0.737,0.0389,0.1267,disease__train_321,0.737,9,,3,9
00884,confirm,dentex,0,,Impacted,,0.9927,Impacted,1,0.0017,0.0023,0.995,0.0011,disease__train_18,0.995,9,,3,1
00885,confirm,dentex,0,,Implant,,0.9967,Implant,1,0.0013,0.0003,0.0003,0.998,enum__train_492,0.998,10,,3,15
00886,below_tau,dentex,0,,Healthy,,0.0981,Healthy,1,0.033,0.4358,0.3377,0.1935,disease__train_537,0.4358,10,,1,25
00887,confirm,dentex,0,,Healthy,,0.9126,Implant,1,0.0082,0.0381,0.0031,0.9507,disease__train_537,0.9507,10,,3,21
00888,confirm,dentex,0,,Endodontics,,0.9937,Endodontics,1,0.9954,0.0017,0.0013,0.0016,enum__train_45,0.9954,10,,3,5
00889,confirm,dentex,0,,Healthy,,0.9467,Healthy,1,0.0132,0.9648,0.0181,0.004,disease__train_121,0.9648,10,,3,1
00890,confirm,dentex,0,,Endodontics,,0.9882,Endodontics,1,0.9929,0.0013,0.0011,0.0047,disease__train_324,0.9929,10,,3,3
00891,confirm,dentex,0,,Healthy,,0.9488,Healthy,1,0.0032,0.9709,0.0222,0.0037,disease__train_536,0.9709,10,,3,27
00892,confirm,dentex,0,,Endodontics,,0.992,Endodontics,1,0.9944,0.0013,0.0019,0.0024,disease__train_6,0.9944,10,,3,8
00893,confirm,dentex,0,,Other,,0.9897,Impacted,1,0.0006,0.0046,0.9943,0.0006,disease__train_688,0.9943,10,,3,29
00894,confirm,dentex,0,,Healthy,,0.9342,Implant,1,0.0165,0.0212,0.0069,0.9554,disease__train_8,0.9554,10,,3,3
00895,below_tau,dentex,0,,Other,,0.0357,Healthy,1,0.4548,0.4905,0.002,0.0528,enum__train_400,0.4905,10,,2,3
00896,confirm,dentex,0,,Impacted,,0.9902,Impacted,1,0.0006,0.0043,0.9945,0.0006,enum__train_342,0.9945,10,,3,1
00897,confirm,dentex,0,,Other,,0.8758,Healthy,1,0.0557,0.9314,0.0022,0.0107,disease__train_219,0.9314,10,,3,5
00898,confirm,dentex,0,,Bad crop,,0.9801,Healthy,1,0.0078,0.9879,0.0016,0.0028,enum__train_339,0.9879,10,,3,22
00899,confirm,dentex,0,,Healthy,,0.6059,Implant,1,0.0107,0.1714,0.0406,0.7773,disease__train_380,0.7773,10,,3,15
00900,confirm,dentex,0,,Healthy,,0.6956,Healthy,1,0.0069,0.8042,0.1085,0.0804,disease__train_241,0.8042,10,,3,20
00901,below_tau,dentex,0,,Healthy,,0.0945,Healthy,1,0.3839,0.4784,0.1307,0.007,disease__train_160,0.4784,10,,1,7
00902,confirm,dentex,0,,Healthy,,0.9927,Healthy,1,0.0022,0.9948,0.0014,0.0016,enum__train_389,0.9948,10,,3,19
00903,confirm,dentex,0,,Other,,0.9237,Endodontics,1,0.9577,0.034,0.0009,0.0074,disease__train_350,0.9577,10,,3,18
00904,confirm,dentex,0,,Endodontics,,0.9558,Endodontics,1,0.9715,0.0044,0.0084,0.0157,disease__train_500,0.9715,10,,3,17
00905,confirm,dentex,0,,Exclude,,0.7608,Healthy,1,0.0117,0.8718,0.1109,0.0056,enum__train_1,0.8718,10,,3,1
00906,confirm,dentex,0,,Endodontics,,0.6295,Endodontics,1,0.7853,0.0433,0.0157,0.1558,disease__train_358,0.7853,10,,3,7
00907,confirm,dentex,0,,Other,,0.6304,Endodontics,1,0.7787,0.1483,0.0288,0.0442,disease__train_55,0.7787,10,,3,1
00908,below_tau,dentex,0,,Healthy,,0.8985,Impacted,1,0.0011,0.0497,0.9482,0.001,disease__train_551,0.9482,10,,3,30
00909,below_tau,dentex,0,,Bad crop,,0.0461,Implant,1,0.0453,0.3624,0.1837,0.4086,disease__train_407,0.4086,10,,1,0
00910,confirm,dentex,0,,Other,,0.9475,Endodontics,1,0.969,0.0215,0.0011,0.0084,disease__train_394,0.969,10,,3,2
00911,confirm,dentex,0,,Impacted,,0.9826,Impacted,1,0.0004,0.0081,0.9907,0.0008,enum__train_176,0.9907,10,,3,1
00912,confirm,dentex,0,,Implant,,0.9985,Implant,1,0.0003,0.0004,0.0004,0.9989,disease__train_664,0.9989,10,,3,5
00913,confirm,dentex,0,,Bad crop,,0.8931,Endodontics,1,0.9263,0.0331,0.0307,0.0099,disease__train_367,0.9263,10,,3,23
00914,confirm,dentex,0,,Impacted,,0.9857,Impacted,1,0.0019,0.0057,0.9913,0.0011,disease__train_267,0.9913,10,,3,2
00915,confirm,dentex,0,,Impacted,,0.9943,Impacted,1,0.0005,0.0024,0.9967,0.0004,enum__train_391,0.9967,10,,3,1
00916,confirm,dentex,0,,Exclude,,0.9894,Impacted,1,0.0006,0.0047,0.9941,0.0007,disease__train_194,0.9941,10,,3,29
00917,below_tau,dentex,0,,Healthy,,0.0399,Healthy,1,0.3302,0.3701,0.0034,0.2963,enum__train_507,0.3701,10,,1,5
00918,confirm,dentex,0,,Impacted,,0.9868,Impacted,1,0.0008,0.0058,0.9926,0.0008,disease__train_252,0.9926,10,,3,28
00919,confirm,dentex,0,,Healthy,,0.8508,Implant,1,0.045,0.0356,0.0235,0.8959,disease__train_575,0.8959,10,,3,10
00920,confirm,dentex,0,,Endodontics,,0.9955,Endodontics,1,0.9969,0.0013,0.0005,0.0013,enum__train_271,0.9969,10,,3,5
00921,confirm,dentex,0,,Impacted,,0.9906,Impacted,1,0.0007,0.0042,0.9947,0.0004,disease__train_471,0.9947,10,,3,29
00922,confirm,dentex,0,,Impacted,,0.996,Impacted,1,0.0006,0.0014,0.9974,0.0005,disease__train_536,0.9974,10,,3,31
00923,confirm,dentex,0,,Other,,0.9932,Impacted,1,0.0004,0.0029,0.9961,0.0005,disease__train_688,0.9961,10,,3,0
00924,confirm,dentex,0,,Healthy,,0.776,Healthy,1,0.0084,0.8817,0.1057,0.0042,disease__train_681,0.8817,10,,3,23
00925,confirm,dentex,0,,Impacted,,0.9938,Impacted,1,0.0007,0.0025,0.9963,0.0005,disease__train_201,0.9963,10,,3,0
00926,confirm,dentex,0,,Other,,0.7882,Endodontics,1,0.8903,0.1021,0.0012,0.0064,disease__train_649,0.8903,10,,3,25
00927,confirm,dentex,0,,Healthy,,0.9504,Healthy,1,0.0052,0.9668,0.0116,0.0164,disease__train_408,0.9668,10,,3,7
00928,confirm,dentex,0,,Healthy,,0.9691,Healthy,1,0.0041,0.9809,0.0118,0.0032,disease__train_20,0.9809,10,,3,14
00929,confirm,dentex,0,,Impacted,,0.9953,Impacted,1,0.0007,0.0017,0.997,0.0005,disease__train_551,0.997,10,,3,1
00930,confirm,dentex,0,,Implant,,0.9987,Implant,1,0.0004,0.0003,0.0003,0.9991,enum__train_508,0.9991,10,,3,5
00931,confirm,dentex,0,,Implant,,0.9989,Implant,1,0.0003,0.0002,0.0003,0.9992,enum__train_630,0.9992,10,,3,21
00932,confirm,dentex,0,,Endodontics,,0.6742,Implant,1,0.0257,0.0469,0.1266,0.8008,disease__train_168,0.8008,10,,3,18
00933,confirm,dentex,0,,Other,,0.9358,Healthy,1,0.0276,0.9634,0.002,0.0069,disease__train_307,0.9634,10,,3,2
00934,confirm,dentex,0,,Impacted,,0.9925,Impacted,1,0.0005,0.0033,0.9958,0.0004,disease__train_110,0.9958,10,,3,0
00935,confirm,dentex,0,,Impacted,,0.9952,Impacted,1,0.0007,0.0018,0.997,0.0005,enum__train_59,0.997,10,,3,30
00936,below_tau,dentex,0,,Healthy,,0.1141,Implant,1,0.0085,0.3477,0.1819,0.4618,disease__train_180,0.4618,10,,2,17
00937,confirm,dentex,0,,Impacted,,0.9851,Impacted,1,0.0008,0.0064,0.9916,0.0012,disease__train_670,0.9916,10,,3,30
00938,confirm,dentex,0,,Healthy,,0.9264,Healthy,1,0.0333,0.9598,0.0009,0.006,disease__train_471,0.9598,10,,3,21
00939,confirm,dentex,0,,Healthy,,0.7189,Healthy,1,0.0081,0.8522,0.1333,0.0064,disease__train_399,0.8522,10,,3,17
00940,confirm,dentex,0,,Impacted,,0.9887,Impacted,1,0.0007,0.0049,0.9935,0.0009,enum__train_20,0.9935,10,,3,0
00941,below_tau,dentex,0,,Other,,0.1808,Healthy,1,0.2777,0.4585,0.0397,0.224,disease__train_34,0.4585,10,,1,17
00942,confirm,dentex,0,,Other,,0.5307,Endodontics,1,0.7042,0.1126,0.0098,0.1734,enum__train_12,0.7042,10,,3,23
00943,confirm,dentex,0,,Endodontics,,0.9707,Endodontics,1,0.9836,0.0022,0.0013,0.0129,disease__train_593,0.9836,10,,3,4
00944,confirm,dentex,0,,Healthy,,0.8912,Healthy,1,0.034,0.9251,0.0177,0.0231,disease__train_411,0.9251,10,,3,1
00945,confirm,dentex,0,,Implant,,0.996,Implant,1,0.0005,0.0012,0.001,0.9972,enum__train_436,0.9972,10,,3,17
00946,confirm,dentex,0,,Other,,0.9331,Healthy,1,0.0161,0.957,0.0029,0.0239,enum__train_395,0.957,10,,3,21
00947,below_tau,dentex,0,,Healthy,,0.0419,Impacted,1,0.0032,0.4753,0.5172,0.0043,disease__train_681,0.5172,10,,2,0
00948,confirm,dentex,0,,Healthy,,0.9372,Healthy,1,0.0212,0.9584,0.0094,0.0109,disease__train_272,0.9584,10,,3,0
00949,confirm,dentex,0,,Bad crop,,0.9953,Healthy,1,0.0013,0.9965,0.0012,0.001,disease__train_505,0.9965,10,,3,2
00950,confirm,dentex,0,,Endodontics,,0.9239,Endodontics,1,0.9494,0.0157,0.0094,0.0255,enum__train_37,0.9494,10,,3,5
00951,confirm,dentex,0,,Impacted,,0.9931,Impacted,1,0.0008,0.0027,0.9958,0.0007,disease__train_509,0.9958,10,,3,0
00952,confirm,dentex,0,,Healthy,,0.9353,Healthy,1,0.015,0.9551,0.0101,0.0198,enum__train_599,0.9551,10,,3,19
00953,confirm,dentex,0,,Healthy,,0.9836,Impacted,1,0.0008,0.0072,0.9908,0.0012,disease__train_14,0.9908,10,,3,0
00954,confirm,dentex,0,,Healthy,,0.3049,Implant,1,0.0177,0.3343,0.0088,0.6392,disease__train_8,0.6392,10,,3,4
00955,confirm,dentex,0,,Bad crop,,0.8727,Healthy,1,0.0017,0.9338,0.0611,0.0033,enum__train_146,0.9338,10,,3,0
00956,confirm,dentex,0,,Exclude,,0.6931,Endodontics,1,0.8357,0.0123,0.0095,0.1425,disease__train_327,0.8357,10,,3,1
00957,confirm,dentex,0,,Implant,,0.9983,Implant,1,0.0003,0.0004,0.0005,0.9988,enum__train_242,0.9988,10,,3,0
00958,confirm,dentex,0,,Impacted,,0.9897,Impacted,1,0.0014,0.0039,0.9936,0.0012,enum__train_147,0.9936,10,,3,29
00959,confirm,dentex,0,,Healthy,,0.9946,Healthy,1,0.0017,0.9963,0.0013,0.0007,disease__train_671,0.9963,10,,3,14
00960,confirm,dentex,0,,Endodontics,,0.9954,Endodontics,1,0.997,0.0004,0.0009,0.0016,enum__train_487,0.997,10,,3,21
00961,below_tau,dentex,0,,Healthy,,0.0684,Implant,1,0.3618,0.1905,0.0174,0.4302,enum__train_96,0.4302,10,,1,22
00962,confirm,dentex,0,,Endodontics,,0.8508,Endodontics,1,0.8911,0.0403,0.0353,0.0333,disease__train_634,0.8911,10,,3,3
00963,below_tau,dentex,0,,Other,,0.1919,Healthy,1,0.2949,0.4869,0.1832,0.035,disease__train_17,0.4869,10,,2,17
00964,confirm,dentex,0,,Healthy,,0.4836,Healthy,1,0.1243,0.6232,0.1128,0.1397,enum__train_473,0.6232,10,,3,2
00965,confirm,dentex,0,,Healthy,,0.4668,Implant,1,0.0128,0.2104,0.0995,0.6773,disease__train_537,0.6773,10,,3,15
00966,below_tau,dentex,0,,Other,,0.3909,Endodontics,1,0.6876,0.2967,0.0098,0.0058,disease__train_251,0.6876,10,,3,25
00967,below_tau,dentex,0,,Healthy,,0.1595,Healthy,1,0.0471,0.4794,0.1537,0.3199,enum__train_370,0.4794,10,,2,12
00968,confirm,dentex,0,,Endodontics,,0.9655,Endodontics,1,0.98,0.0145,0.0013,0.0043,enum__train_551,0.98,10,,3,13
00969,confirm,dentex,0,,Endodontics,,0.9951,Endodontics,1,0.9964,0.0014,0.0008,0.0014,disease__train_671,0.9964,10,,3,8
00970,confirm,dentex,0,,Other,,0.494,Implant,1,0.0215,0.2407,0.0032,0.7347,enum__train_576,0.7347,10,,3,7
00971,confirm,dentex,0,,Other,,0.9972,Endodontics,1,0.998,0.0008,0.0003,0.0008,disease__train_0,0.998,10,,3,7
00972,confirm,dentex,0,,Other,,0.9659,Endodontics,1,0.9802,0.0046,0.0008,0.0143,disease__train_435,0.9802,10,,3,2
00973,confirm,dentex,0,,Healthy,,0.8282,Implant,1,0.0279,0.0222,0.0609,0.8891,enum__train_370,0.8891,10,,3,20
00974,confirm,dentex,0,,Healthy,,0.9861,Impacted,1,0.0013,0.0057,0.9919,0.001,enum__train_485,0.9919,10,,3,0
00975,confirm,dentex,0,,Healthy,,0.6201,Implant,1,0.0186,0.1654,0.0305,0.7855,disease__train_8,0.7855,10,,3,15
00976,confirm,dentex,0,,Other,,0.4604,Implant,1,0.042,0.124,0.1868,0.6472,enum__train_472,0.6472,10,,3,12
00977,confirm,dentex,0,,Healthy,,0.3468,Implant,1,0.052,0.2937,0.0138,0.6405,disease__train_561,0.6405,10,,3,15
00978,confirm,dentex,0,,Implant,,0.9984,Implant,1,0.0005,0.0003,0.0004,0.9989,disease__train_398,0.9989,10,,3,0
00979,confirm,dentex,0,,Impacted,,0.9878,Impacted,1,0.0006,0.0056,0.9934,0.0004,disease__train_691,0.9934,10,,3,1
00980,confirm,dentex,0,,Healthy,,0.8915,Healthy,1,0.0215,0.9299,0.0385,0.0101,disease__train_413,0.9299,10,,3,24
00981,confirm,dentex,0,,Healthy,,0.5885,Healthy,1,0.0041,0.7866,0.1981,0.0113,enum__train_290,0.7866,10,,3,0
00982,below_tau,dentex,0,,Other,,0.0514,Endodontics,1,0.5114,0.46,0.0129,0.0157,disease__train_390,0.5114,10,,1,21
00983,confirm,dentex,0,,Other,,0.8061,Endodontics,1,0.8879,0.0282,0.0021,0.0818,disease__train_167,0.8879,10,,3,6
00984,confirm,dentex,0,,Implant,,0.9985,Implant,1,0.0004,0.0003,0.0003,0.999,enum__train_242,0.999,10,,3,7
00985,confirm,dentex,0,,Other,,0.9825,Endodontics,1,0.9892,0.0067,0.0015,0.0026,enum__train_604,0.9892,10,,3,18
00986,below_tau,dentex,0,,Other,,0.3895,Endodontics,1,0.6183,0.2288,0.0039,0.1489,disease__train_407,0.6183,10,,3,2
00987,confirm,dentex,0,,Impacted,,0.9866,Impacted,1,0.0025,0.0043,0.9909,0.0022,disease__train_53,0.9909,10,,3,0
00988,confirm,dentex,0,,Other,,0.4423,Healthy,1,0.2249,0.6672,0.0482,0.0597,disease__train_449,0.6672,10,,3,27
00989,confirm,dentex,0,,Endodontics,,0.9933,Endodontics,1,0.9955,0.0014,0.0009,0.0022,disease__train_531,0.9955,10,,3,6
00990,confirm,dentex,0,,Endodontics,,0.9646,Endodontics,1,0.9794,0.0148,0.0023,0.0035,disease__train_502,0.9794,10,,3,8
00991,below_tau,dentex,0,,Healthy,,0.0654,Healthy,1,0.1725,0.381,0.3156,0.1309,disease__train_125,0.381,10,,1,5
00992,confirm,dentex,0,,Impacted,,0.9923,Impacted,1,0.0014,0.0024,0.9948,0.0014,disease__train_198,0.9948,10,,3,0
00993,confirm,dentex,0,,Healthy,,0.9877,Healthy,1,0.0023,0.9913,0.0027,0.0036,disease__train_528,0.9913,10,,3,2
00994,confirm,dentex,0,,Healthy,,0.4552,Healthy,1,0.2436,0.6988,0.0022,0.0555,disease__train_596,0.6988,10,,3,20
00995,confirm,dentex,0,,Healthy,,0.5097,Implant,1,0.0569,0.2069,0.0195,0.7167,disease__train_74,0.7167,10,,3,7
00996,confirm,dentex,0,,Healthy,,0.9887,Healthy,1,0.0037,0.9925,0.0009,0.0029,enum__train_219,0.9925,10,,3,12
00997,confirm,dentex,0,,Healthy,,0.9881,Impacted,1,0.0005,0.0054,0.9935,0.0006,enum__train_512,0.9935,10,,3,0
00998,confirm,dentex,0,,Impacted,,0.9835,Impacted,1,0.0013,0.0074,0.9908,0.0005,disease__train_300,0.9908,10,,3,0
00999,confirm,dentex,0,,Impacted,,0.9948,Impacted,1,0.0008,0.0018,0.9966,0.0008,disease__train_538,0.9966,10,,3,0
01000,confirm,dentex,0,,Healthy,,0.8995,Healthy,1,0.0173,0.9346,0.0351,0.013,disease__train_539,0.9346,10,,3,15
01001,confirm,dentex,0,,Impacted,,0.9944,Impacted,1,0.0005,0.0022,0.9966,0.0007,enum__train_60,0.9966,10,,3,0
01002,confirm,dentex,0,,Impacted,,0.9933,Impacted,1,0.0004,0.0029,0.9962,0.0005,disease__train_500,0.9962,10,,3,29
01003,confirm,dentex,0,,Impacted,,0.9911,Impacted,1,0.0011,0.0036,0.9947,0.0006,disease__train_335,0.9947,10,,3,31
01004,confirm,dentex,0,,Impacted,,0.9965,Impacted,1,0.0004,0.0013,0.9978,0.0005,enum__train_350,0.9978,10,,3,0
01005,confirm,dentex,0,,Impacted,,0.9823,Impacted,1,0.0008,0.008,0.9903,0.0008,disease__train_49,0.9903,10,,3,1
01006,confirm,dentex,0,,Impacted,,0.9942,Impacted,1,0.0007,0.0023,0.9965,0.0004,enum__train_629,0.9965,10,,3,1
01007,below_tau,dentex,0,,Other,,0.0356,Impacted,1,0.2373,0.3061,0.3417,0.115,disease__train_497,0.3417,10,,1,26
01008,confirm,dentex,0,,Impacted,,0.9953,Impacted,1,0.0006,0.0017,0.9971,0.0006,disease__train_295,0.9971,10,,3,29
01009,confirm,dentex,0,,Impacted,,0.995,Impacted,1,0.0007,0.0017,0.9967,0.001,disease__train_335,0.9967,10,,3,0
01010,below_tau,dentex,0,,Healthy,,0.1376,Healthy,1,0.0329,0.4399,0.2248,0.3023,disease__train_511,0.4399,10,,1,17
01011,confirm,dentex,0,,Impacted,,0.9937,Impacted,1,0.0003,0.0028,0.9965,0.0004,disease__train_252,0.9965,10,,3,1
01012,confirm,dentex,0,,Exclude,,0.9576,Healthy,1,0.0021,0.9767,0.019,0.0022,disease__train_428,0.9767,10,,3,0
01013,confirm,dentex,0,,Impacted,,0.9893,Impacted,1,0.0007,0.0045,0.9939,0.0009,enum__train_559,0.9939,10,,3,0
01014,confirm,dentex,0,,Healthy,,0.5679,Implant,1,0.0641,0.1402,0.0875,0.7081,disease__train_605,0.7081,10,,3,21
01015,below_tau,dentex,0,,Other,,0.0568,Healthy,1,0.4183,0.4751,0.0512,0.0553,disease__train_436,0.4751,10,,1,17
01016,below_tau,dentex,0,,Exclude,,0.1529,Endodontics,1,0.5674,0.4145,0.0039,0.0142,disease__train_338,0.5674,10,,2,5
01017,confirm,dentex,0,,Impacted,,0.9946,Impacted,1,0.0006,0.002,0.9967,0.0007,enum__train_120,0.9967,10,,3,0
01018,confirm,dentex,0,,Endodontics,,0.9801,Endodontics,1,0.9858,0.0057,0.0028,0.0057,disease__train_643,0.9858,10,,3,5
01019,confirm,dentex,0,,Other,,0.888,Endodontics,1,0.9356,0.0144,0.0023,0.0477,enum__train_551,0.9356,10,,3,3
01020,confirm,dentex,0,,Other,,0.9161,Endodontics,1,0.948,0.032,0.0043,0.0157,disease__train_232,0.948,10,,3,17
01021,confirm,dentex,0,,Endodontics,,0.9082,Endodontics,1,0.9519,0.0019,0.0025,0.0437,disease__train_214,0.9519,10,,3,4
01022,confirm,dentex,0,,Implant,,0.9967,Implant,1,0.0006,0.001,0.0007,0.9977,enum__train_66,0.9977,10,,3,6
01023,below_tau,dentex,0,,Healthy,,0.0325,Implant,1,0.015,0.4627,0.0271,0.4952,disease__train_497,0.4952,10,,2,13
01024,confirm,dentex,0,,Healthy,,0.9947,Healthy,1,0.0009,0.9966,0.0019,0.0006,disease__train_635,0.9966,10,,3,2
01025,confirm,dentex,0,,Other,,0.6718,Endodontics,1,0.8275,0.1557,0.0039,0.013,disease__train_138,0.8275,10,,3,26
01026,confirm,dentex,0,,Impacted,,0.9944,Impacted,1,0.0005,0.0022,0.9966,0.0008,enum__train_295,0.9966,10,,3,32
01027,below_tau,dentex,0,,Other,,0.0136,Endodontics,1,0.5002,0.4866,0.0045,0.0088,disease__train_125,0.5002,10,,2,22
01028,confirm,dentex,0,,Healthy,,0.9895,Healthy,1,0.0024,0.9927,0.0032,0.0017,disease__train_236,0.9927,10,,3,15
01029,confirm,dentex,0,,Healthy,,0.8379,Implant,1,0.0051,0.0735,0.01,0.9114,enum__train_105,0.9114,10,,3,16
01030,confirm,dentex,0,,Impacted,,0.9945,Impacted,1,0.0011,0.002,0.9964,0.0005,enum__train_446,0.9964,10,,3,29
01031,below_tau,dentex,0,,Other,,0.0429,Healthy,1,0.3409,0.3838,0.2324,0.0429,disease__train_192,0.3838,10,,2,1
01032,confirm,dentex,0,,Implant,,0.999,Implant,1,0.0003,0.0003,0.0002,0.9992,disease__train_577,0.9992,10,,3,4
01033,confirm,dentex,0,,Other,,0.9113,Endodontics,1,0.9499,0.0386,0.0019,0.0096,disease__train_245,0.9499,10,,3,18
01034,confirm,dentex,0,,Impacted,,0.9962,Impacted,1,0.0004,0.0013,0.9976,0.0006,disease__train_539,0.9976,10,,3,0
01035,confirm,dentex,0,,Impacted,,0.9933,Impacted,1,0.0006,0.0027,0.996,0.0007,disease__train_343,0.996,10,,3,28
01036,confirm,dentex,0,,Endodontics,,0.9875,Endodontics,1,0.9927,0.0052,0.0005,0.0015,disease__train_510,0.9927,10,,3,15
01037,confirm,dentex,0,,Healthy,,0.9666,Healthy,1,0.0113,0.9779,0.0076,0.0033,enum__train_605,0.9779,10,,3,2
01038,below_tau,dentex,0,,Healthy,,0.2495,Healthy,1,0.0483,0.492,0.2425,0.2172,disease__train_542,0.492,10,,2,14
01039,confirm,dentex,0,,Impacted,,0.9965,Impacted,1,0.0005,0.0012,0.9977,0.0006,disease__train_27,0.9977,10,,3,0
01040,confirm,dentex,0,,Healthy,,0.7685,Healthy,1,0.0155,0.8708,0.1023,0.0114,disease__train_197,0.8708,10,,3,25
01041,confirm,dentex,0,,Other,,0.4489,Endodontics,1,0.7069,0.2579,0.017,0.0182,disease__train_1,0.7069,10,,3,1
01042,confirm,dentex,0,,Healthy,,0.8761,Healthy,1,0.0025,0.9357,0.0595,0.0023,disease__train_173,0.9357,10,,3,20
01043,confirm,dentex,0,,Endodontics,,0.6309,Endodontics,1,0.8066,0.0124,0.0053,0.1757,disease__train_574,0.8066,10,,3,18
01044,confirm,dentex,0,,Endodontics,,0.9951,Endodontics,1,0.9964,0.0009,0.0013,0.0013,disease__train_347,0.9964,10,,3,6
01045,confirm,dentex,0,,Other,,0.8297,Endodontics,1,0.8964,0.0666,0.019,0.018,enum__train_153,0.8964,10,,3,27
01046,confirm,dentex,0,,Healthy,,0.9484,Healthy,1,0.0094,0.9645,0.016,0.0101,disease__train_190,0.9645,10,,3,6
01047,confirm,dentex,0,,Other,,0.9189,Endodontics,1,0.9471,0.0282,0.0009,0.0237,disease__train_120,0.9471,10,,3,1
01048,below_tau,dentex,0,,Healthy,,0.0208,Implant,1,0.0978,0.4316,0.0181,0.4525,disease__train_283,0.4525,10,,2,10
01049,confirm,dentex,0,,Impacted,,0.9953,Impacted,1,0.001,0.0014,0.9967,0.0008,disease__train_660,0.9967,10,,3,27
01050,confirm,dentex,0,,Impacted,,0.9946,Impacted,1,0.0005,0.0021,0.9967,0.0007,disease__train_93,0.9967,10,,3,0
01051,confirm,dentex,0,,Endodontics,,0.9616,Endodontics,1,0.9744,0.0064,0.0128,0.0064,disease__train_389,0.9744,10,,3,4
01052,below_tau,dentex,0,,Other,,0.302,Endodontics,1,0.5449,0.2429,0.0184,0.1938,disease__train_666,0.5449,10,,2,1
01053,confirm,dentex,0,,Other,,0.9464,Endodontics,1,0.9664,0.0116,0.0019,0.02,disease__train_496,0.9664,10,,3,15
01054,confirm,dentex,0,,Healthy,,0.9592,Healthy,1,0.0167,0.9759,0.0023,0.0052,disease__train_172,0.9759,10,,3,25
01055,confirm,dentex,0,,Impacted,,0.9944,Impacted,1,0.0004,0.0023,0.9967,0.0005,disease__train_372,0.9967,10,,3,0
01056,confirm,dentex,0,,Endodontics,,0.9956,Endodontics,1,0.9972,0.0008,0.0005,0.0015,disease__train_588,0.9972,10,,3,23
01057,confirm,dentex,0,,Healthy,,0.8704,Implant,1,0.023,0.0425,0.0216,0.9129,enum__train_343,0.9129,10,,3,6
01058,confirm,dentex,0,,Impacted,,0.9953,Impacted,1,0.0007,0.0018,0.997,0.0005,disease__train_345,0.997,10,,3,29
01059,confirm,dentex,0,,Impacted,,0.9922,Impacted,1,0.0005,0.0032,0.9955,0.0007,disease__train_482,0.9955,10,,3,28
01060,below_tau,dentex,0,,Healthy,,0.7611,Impacted,1,0.0093,0.1142,0.8753,0.0012,enum__train_608,0.8753,10,,3,0
01061,confirm,dentex,0,,Healthy,,0.4635,Implant,1,0.05,0.2234,0.0397,0.6869,disease__train_97,0.6869,10,,3,4
01062,confirm,dentex,0,,Other,,0.5734,Endodontics,1,0.7473,0.0761,0.0027,0.1739,enum__train_29,0.7473,10,,3,7
01063,confirm,dentex,0,,Impacted,,0.9925,Impacted,1,0.0008,0.0028,0.9953,0.0011,disease__train_356,0.9953,10,,3,26
01064,confirm,dentex,0,,Impacted,,0.9865,Impacted,1,0.0032,0.0041,0.9906,0.0021,disease__train_17,0.9906,10,,3,18
01065,confirm,dentex,0,,Exclude,,0.591,Healthy,1,0.0079,0.7896,0.1986,0.0039,disease__train_14,0.7896,10,,3,24
01066,below_tau,dentex,0,,Healthy,,0.0274,Implant,1,0.0199,0.4573,0.0381,0.4847,disease__train_181,0.4847,10,,1,15
01067,confirm,dentex,0,,Other,,0.9313,Endodontics,1,0.9567,0.0145,0.0035,0.0254,enum__train_26,0.9567,10,,3,1
01068,confirm,dentex,0,,Impacted,,0.9933,Impacted,1,0.001,0.0025,0.9958,0.0008,disease__train_580,0.9958,10,,3,31
01069,confirm,dentex,0,,Healthy,,0.9721,Healthy,1,0.0094,0.9815,0.0037,0.0055,enum__train_594,0.9815,10,,3,24
01070,confirm,dentex,0,,Endodontics,,0.9899,Endodontics,1,0.9931,0.0032,0.0014,0.0023,enum__train_400,0.9931,10,,3,2
01071,confirm,dentex,0,,Exclude,,0.9859,Impacted,1,0.0006,0.0064,0.9923,0.0007,disease__train_72,0.9923,10,,3,1
01072,confirm,dentex,0,,Impacted,,0.9838,Impacted,1,0.001,0.0069,0.9907,0.0014,enum__train_148,0.9907,10,,3,32
01073,confirm,dentex,0,,Other,,0.8651,Endodontics,1,0.9111,0.0377,0.0053,0.0459,disease__train_400,0.9111,10,,3,20
01074,confirm,dentex,0,,Healthy,,0.3414,Implant,1,0.0337,0.285,0.0549,0.6264,disease__train_184,0.6264,10,,3,10
01075,confirm,dentex,0,,Impacted,,0.9954,Impacted,1,0.0006,0.0017,0.9971,0.0005,disease__train_589,0.9971,10,,3,22
01076,confirm,dentex,0,,Healthy,,0.2707,Implant,1,0.0157,0.3328,0.048,0.6035,enum__train_343,0.6035,10,,3,17
01077,confirm,dentex,0,,Healthy,,0.9832,Healthy,1,0.006,0.9892,0.0018,0.0031,disease__train_243,0.9892,10,,3,21
01078,confirm,dentex,0,,Healthy,,0.9864,Healthy,1,0.0028,0.9905,0.0041,0.0026,enum__train_106,0.9905,10,,3,16
01079,confirm,dentex,0,,Healthy,,0.6526,Healthy,1,0.0055,0.8219,0.1694,0.0032,disease__train_43,0.8219,10,,3,27
01080,confirm,dentex,0,,Impacted,,0.9912,Impacted,1,0.0012,0.003,0.9942,0.0016,disease__train_511,0.9942,10,,3,0
01081,confirm,dentex,0,,Exclude,,0.8938,Healthy,1,0.0451,0.9389,0.0037,0.0124,disease__train_265,0.9389,10,,3,1
01082,confirm,dentex,0,,Endodontics,,0.9949,Endodontics,1,0.9964,0.0015,0.0007,0.0013,enum__train_163,0.9964,10,,3,2
01083,confirm,dentex,0,,Endodontics,,0.9413,Endodontics,1,0.9644,0.023,0.0034,0.0092,disease__train_37,0.9644,10,,3,3
01084,confirm,dentex,0,,Impacted,,0.9917,Impacted,1,0.0005,0.0035,0.9952,0.0008,disease__train_437,0.9952,10,,3,30
01085,confirm,dentex,0,,Impacted,,0.9935,Impacted,1,0.0004,0.0026,0.9961,0.0009,enum__train_122,0.9961,10,,3,0
01086,below_tau,dentex,0,,Healthy,,0.0312,Implant,1,0.2305,0.3629,0.0126,0.3941,disease__train_118,0.3941,10,,1,6
01087,below_tau,dentex,0,,Exclude,,0.3,Endodontics,1,0.6266,0.0357,0.0111,0.3266,enum__train_33,0.6266,10,,3,0
01088,confirm,dentex,0,,Impacted,,0.9956,Impacted,1,0.0006,0.0016,0.9972,0.0006,disease__train_560,0.9972,10,,3,0
01089,confirm,dentex,0,,Other,,0.9582,Implant,1,0.01,0.0132,0.0054,0.9714,enum__train_26,0.9714,10,,3,14
01090,confirm,dentex,0,,Impacted,,0.9935,Impacted,1,0.0008,0.0026,0.9961,0.0004,disease__train_292,0.9961,10,,3,2
01091,confirm,dentex,0,,Impacted,,0.9898,Impacted,1,0.0016,0.0036,0.9934,0.0014,enum__train_176,0.9934,10,,3,25
01092,confirm,dentex,0,,Healthy,,0.6846,Healthy,1,0.0098,0.824,0.0268,0.1394,disease__train_392,0.824,10,,3,19
01093,below_tau,dentex,0,,Healthy,,0.3757,Endodontics,1,0.5945,0.2188,0.0085,0.1783,enum__train_17,0.5945,10,,2,20
01094,below_tau,dentex,0,,Other,,0.1764,Healthy,1,0.2675,0.4439,0.2501,0.0384,disease__train_663,0.4439,10,,2,5
01095,confirm,dentex,0,,Other,,0.9308,Endodontics,1,0.9599,0.0088,0.0023,0.0291,disease__train_324,0.9599,10,,3,10
01096,confirm,dentex,0,,Impacted,,0.9942,Impacted,1,0.0008,0.0021,0.9963,0.0009,disease__train_546,0.9963,10,,3,31
01097,confirm,dentex,0,,Endodontics,,0.9791,Endodontics,1,0.9862,0.0022,0.0071,0.0044,enum__train_532,0.9862,10,,3,23
01098,confirm,dentex,0,,Impacted,,0.9924,Impacted,1,0.0006,0.0029,0.9953,0.0012,enum__train_58,0.9953,10,,3,0
01099,confirm,dentex,0,,Other,,0.8534,Endodontics,1,0.9065,0.0531,0.0073,0.0331,disease__train_16,0.9065,10,,3,21
01100,confirm,dentex,0,,Healthy,,0.9808,Healthy,1,0.0067,0.9874,0.0032,0.0028,disease__train_273,0.9874,10,,3,29
01101,confirm,dentex,0,,Implant,,0.9971,Implant,1,0.0008,0.0007,0.0006,0.9978,disease__train_664,0.9978,10,,3,2
01102,confirm,dentex,0,,Impacted,,0.9952,Impacted,1,0.0005,0.0019,0.9971,0.0005,disease__train_187,0.9971,10,,3,1
01103,confirm,dentex,0,,Healthy,,0.978,Implant,1,0.0027,0.0072,0.005,0.9851,disease__train_97,0.9851,10,,3,8
01104,confirm,dentex,0,,Impacted,,0.9938,Impacted,1,0.0006,0.0024,0.9962,0.0008,enum__train_112,0.9962,10,,3,29
01105,below_tau,dentex,0,,Impacted,,0.8485,Impacted,1,0.0026,0.0724,0.921,0.0039,disease__train_412,0.921,10,,3,0
01106,confirm,dentex,0,,Impacted,,0.9961,Impacted,1,0.0004,0.0016,0.9977,0.0003,enum__train_173,0.9977,10,,3,0
01107,confirm,dentex,0,,Impacted,,0.9964,Impacted,1,0.0005,0.0013,0.9977,0.0005,disease__train_236,0.9977,10,,3,0
01108,confirm,dentex,0,,Other,,0.5779,Endodontics,1,0.7788,0.2009,0.0015,0.0189,enum__train_339,0.7788,10,,3,28
01109,confirm,dentex,0,,Healthy,,0.9905,Healthy,1,0.0013,0.9938,0.0017,0.0033,disease__train_308,0.9938,10,,3,2
01110,confirm,dentex,0,,Impacted,,0.9965,Impacted,1,0.0007,0.0012,0.9977,0.0005,disease__train_655,0.9977,10,,3,30
01111,confirm,dentex,0,,Endodontics,,0.7567,Endodontics,1,0.8686,0.0104,0.009,0.1119,disease__train_95,0.8686,10,,3,21
01112,below_tau,dentex,0,,Healthy,,0.0446,Implant,1,0.123,0.4068,0.0188,0.4515,disease__train_129,0.4515,10,,2,18
01113,confirm,dentex,0,,Healthy,,0.6043,Implant,1,0.0825,0.1454,0.0225,0.7497,disease__train_74,0.7497,10,,3,15
01114,confirm,dentex,0,,Exclude,,0.9896,Impacted,1,0.0011,0.0043,0.994,0.0006,disease__train_124,0.994,10,,3,30
01115,confirm,dentex,0,,Bad crop,,0.9713,Healthy,1,0.0015,0.9841,0.0128,0.0016,enum__train_394,0.9841,10,,3,1
01116,confirm,dentex,0,,Healthy,,0.8819,Healthy,1,0.0099,0.9318,0.0499,0.0084,disease__train_698,0.9318,10,,3,2
01117,confirm,dentex,0,,Other,,0.9598,Endodontics,1,0.976,0.0162,0.0015,0.0063,disease__train_522,0.976,10,,3,6
01118,confirm,dentex,0,,Implant,,0.999,Implant,1,0.0003,0.0002,0.0002,0.9993,enum__train_630,0.9993,10,,3,20
01119,confirm,dentex,0,,Healthy,,0.7828,Healthy,1,0.0111,0.8795,0.0966,0.0128,disease__train_222,0.8795,10,,3,28
01120,confirm,dentex,0,,Impacted,,0.9953,Impacted,1,0.0006,0.0018,0.9971,0.0005,disease__train_387,0.9971,10,,3,25
01121,confirm,dentex,0,,Impacted,,0.9935,Impacted,1,0.0005,0.0027,0.9962,0.0005,enum__train_51,0.9962,10,,3,30
01122,confirm,dentex,0,,Implant,,0.9983,Implant,1,0.0006,0.0003,0.0003,0.9988,disease__train_611,0.9988,10,,3,19
01123,confirm,dentex,0,,Other,,0.594,Healthy,1,0.1597,0.7537,0.0406,0.046,disease__train_208,0.7537,10,,3,26
01124,confirm,dentex,0,,Exclude,,0.6854,Implant,1,0.0988,0.0244,0.0925,0.7842,disease__train_6,0.7842,10,,3,2
01125,below_tau,dentex,0,,Healthy,,0.0855,Implant,1,0.0834,0.4114,0.0083,0.4969,disease__train_348,0.4969,10,,1,6
01126,confirm,dentex,0,,Other,,0.872,Endodontics,1,0.9256,0.0536,0.0028,0.018,disease__train_425,0.9256,10,,3,2
01127,confirm,dentex,0,,Impacted,,0.9883,Impacted,1,0.0036,0.0033,0.9919,0.0011,disease__train_90,0.9919,10,,3,31
01128,below_tau,dentex,0,,Other,,0.8844,Impacted,1,0.0042,0.0549,0.9393,0.0016,disease__train_188,0.9393,10,,3,0
01129,confirm,dentex,0,,Healthy,,0.8075,Implant,1,0.0089,0.0875,0.0086,0.895,disease__train_109,0.895,10,,3,12
01130,confirm,dentex,0,,Healthy,,0.9759,Healthy,1,0.006,0.9838,0.0022,0.008,disease__train_408,0.9838,10,,3,1
01131,confirm,dentex,0,,Impacted,,0.9852,Impacted,1,0.0053,0.0028,0.9905,0.0013,enum__train_59,0.9905,10,,3,2
01132,confirm,dentex,0,,Impacted,,0.9957,Impacted,1,0.0011,0.0011,0.9968,0.0009,disease__train_438,0.9968,10,,3,31
01133,confirm,dentex,0,,Impacted,,0.9848,Impacted,1,0.0014,0.0061,0.9909,0.0017,disease__train_487,0.9909,10,,3,31
01134,confirm,dentex,0,,Other,,0.9909,Endodontics,1,0.9949,0.0006,0.0005,0.004,disease__train_6,0.9949,10,,3,12
01135,confirm,dentex,0,,Healthy,,0.995,Healthy,1,0.0016,0.9966,0.0011,0.0007,disease__train_231,0.9966,10,,3,9
01136,confirm,dentex,0,,Other,,0.7405,Endodontics,1,0.851,0.1105,0.0062,0.0324,disease__train_382,0.851,10,,3,16
01137,confirm,dentex,0,,Healthy,,0.902,Implant,1,0.0064,0.0438,0.0042,0.9457,disease__train_209,0.9457,10,,3,17
01138,confirm,dentex,0,,Exclude,,0.9352,Endodontics,1,0.9648,0.0296,0.0016,0.0041,enum__train_547,0.9648,10,,3,6
01139,confirm,dentex,0,,Impacted,,0.9932,Impacted,1,0.0008,0.0024,0.9956,0.0011,enum__train_491,0.9956,10,,3,0
01140,confirm,dentex,0,,Implant,,0.9985,Implant,1,0.0004,0.0003,0.0003,0.999,enum__train_22,0.999,10,,3,25
01141,confirm,dentex,0,,Endodontics,,0.9134,Endodontics,1,0.9427,0.024,0.0293,0.004,enum__train_191,0.9427,10,,3,0
01142,confirm,dentex,0,,Other,,0.9959,Endodontics,1,0.9973,0.0014,0.0004,0.0008,enum__train_574,0.9973,10,,3,5
01143,confirm,dentex,0,,Healthy,,0.9416,Healthy,1,0.0268,0.9684,0.0011,0.0038,disease__train_100,0.9684,10,,3,21
01144,confirm,dentex,0,,Impacted,,0.9961,Impacted,1,0.0006,0.0014,0.9975,0.0005,enum__train_147,0.9975,10,,3,1
01145,below_tau,dentex,0,,Other,,0.5132,Endodontics,1,0.6975,0.1843,0.0147,0.1034,enum__train_372,0.6975,10,,3,12
01146,confirm,dentex,0,,Healthy,,0.988,Healthy,1,0.0036,0.9916,0.0017,0.0031,disease__train_535,0.9916,10,,3,25
01147,confirm,dentex,0,,Healthy,,0.9361,Healthy,1,0.0078,0.963,0.0268,0.0024,disease__train_213,0.963,10,,3,1
01148,confirm,dentex,0,,Endodontics,,0.5631,Endodontics,1,0.7481,0.185,0.0508,0.0161,enum__train_497,0.7481,10,,3,1
01149,confirm,dentex,0,,Other,,0.9848,Endodontics,1,0.9906,0.0059,0.0009,0.0026,disease__train_632,0.9906,10,,3,26
01150,confirm,dentex,0,,Endodontics,,0.9907,Endodontics,1,0.9937,0.002,0.0013,0.003,disease__train_577,0.9937,10,,3,5
01151,confirm,dentex,0,,Impacted,,0.9928,Impacted,1,0.0005,0.003,0.9958,0.0007,disease__train_581,0.9958,10,,3,1
01152,confirm,dentex,0,,Bad crop,,0.8233,Implant,1,0.0184,0.0753,0.0077,0.8986,disease__train_465,0.8986,10,,3,1
01153,confirm,dentex,0,,Endodontics,,0.9181,Implant,1,0.0323,0.0093,0.0081,0.9503,disease__train_168,0.9503,10,,3,17
01154,confirm,dentex,0,,Other,,0.9432,Endodontics,1,0.9664,0.0232,0.0064,0.004,enum__train_601,0.9664,10,,3,26
01155,confirm,dentex,0,,Healthy,,0.9821,Healthy,1,0.0056,0.9877,0.0029,0.0037,enum__train_117,0.9877,10,,3,26
01156,below_tau,dentex,0,,Healthy,,0.3055,Endodontics,1,0.5463,0.2101,0.0028,0.2408,enum__train_589,0.5463,10,,2,16
01157,confirm,dentex,0,,Endodontics,,0.9887,Endodontics,1,0.9917,0.0024,0.0028,0.0031,enum__train_487,0.9917,10,,3,24
01158,below_tau,dentex,0,,Healthy,,0.0589,Implant,1,0.0763,0.4061,0.0527,0.4649,disease__train_140,0.4649,10,,2,6
01159,confirm,dentex,0,,Endodontics,,0.6004,Implant,1,0.1917,0.0095,0.0067,0.7921,disease__train_168,0.7921,10,,3,13
01160,confirm,dentex,0,,Other,,0.8452,Endodontics,1,0.8975,0.0523,0.0026,0.0477,disease__train_508,0.8975,10,,3,3
01161,confirm,dentex,0,,Healthy,,0.8839,Healthy,1,0.0423,0.9263,0.0213,0.0101,enum__train_69,0.9263,10,,3,19
01162,below_tau,dentex,0,,Other,,0.3904,Endodontics,1,0.606,0.2156,0.0059,0.1724,disease__train_6,0.606,10,,2,17
01163,below_tau,dentex,0,,Other,,0.1034,Implant,1,0.2401,0.2658,0.125,0.3692,disease__train_511,0.3692,10,,1,24
01164,below_tau,dentex,0,,Other,,0.0446,Implant,1,0.1735,0.3409,0.1001,0.3855,disease__train_191,0.3855,10,,1,20
01165,confirm,dentex,0,,Impacted,,0.9939,Impacted,1,0.0012,0.0019,0.9959,0.001,disease__train_27,0.9959,10,,3,31
01166,confirm,dentex,0,,Healthy,,0.2827,Implant,1,0.0172,0.3446,0.0109,0.6273,disease__train_561,0.6273,10,,3,7
01167,confirm,dentex,0,,Exclude,,0.748,Healthy,1,0.0045,0.8675,0.1195,0.0086,disease__train_446,0.8675,10,,3,30
01168,confirm,dentex,0,,Impacted,,0.9916,Impacted,1,0.0007,0.0031,0.9946,0.0016,disease__train_279,0.9946,10,,3,1
01169,confirm,dentex,0,,Healthy,,0.954,Healthy,1,0.0109,0.9701,0.0029,0.0161,disease__train_317,0.9701,10,,3,5
01170,confirm,dentex,0,,Other,,0.9031,Endodontics,1,0.9454,0.0423,0.002,0.0102,disease__train_623,0.9454,10,,3,4
01171,below_tau,dentex,0,,Healthy,,0.0311,Healthy,1,0.4342,0.4653,0.0087,0.0918,disease__train_697,0.4653,10,,1,18
01172,confirm,dentex,0,,Other,,0.9105,Endodontics,1,0.9494,0.0101,0.0016,0.0389,disease__train_515,0.9494,10,,3,15
01173,confirm,dentex,0,,Healthy,,0.8482,Healthy,1,0.0684,0.9165,0.0032,0.0118,disease__train_500,0.9165,10,,3,10
01174,confirm,dentex,0,,Healthy,,0.919,Healthy,1,0.0092,0.9522,0.0054,0.0332,disease__train_190,0.9522,10,,3,20
01175,confirm,dentex,0,,Impacted,,0.9897,Impacted,1,0.0006,0.0045,0.9942,0.0007,enum__train_58,0.9942,10,,3,28
01176,confirm,dentex,0,,Impacted,,0.9942,Impacted,1,0.0006,0.0022,0.9964,0.0008,disease__train_438,0.9964,10,,3,2
01177,confirm,dentex,0,,Endodontics,,0.9838,Endodontics,1,0.9887,0.0049,0.0024,0.004,enum__train_293,0.9887,10,,3,4
01178,confirm,dentex,0,,Impacted,,0.9953,Impacted,1,0.0007,0.0016,0.9969,0.0007,disease__train_161,0.9969,10,,3,0
01179,confirm,dentex,0,,Endodontics,,0.9914,Endodontics,1,0.9942,0.0016,0.0013,0.0028,enum__train_182,0.9942,10,,3,10
01180,confirm,dentex,0,,Impacted,,0.989,Impacted,1,0.0014,0.0039,0.993,0.0017,disease__train_538,0.993,10,,3,29
01181,below_tau,dentex,0,,Other,,0.9127,Impacted,1,0.0102,0.0361,0.9488,0.0049,disease__train_454,0.9488,10,,3,28
01182,confirm,dentex,0,,Impacted,,0.9942,Impacted,1,0.001,0.002,0.9962,0.0007,enum__train_264,0.9962,10,,3,0
01183,below_tau,dentex,0,,Other,,0.0075,Healthy,1,0.4915,0.499,0.0026,0.0068,disease__train_212,0.499,10,,1,23
01184,confirm,dentex,0,,Impacted,,0.9875,Impacted,1,0.0019,0.0047,0.9923,0.0011,disease__train_308,0.9923,10,,3,29
01185,confirm,dentex,0,,Healthy,,0.9761,Healthy,1,0.0032,0.9847,0.0086,0.0035,disease__train_648,0.9847,10,,3,18
01186,confirm,dentex,0,,Healthy,,0.6293,Healthy,1,0.0145,0.8026,0.0095,0.1734,disease__train_96,0.8026,10,,3,10
01187,confirm,dentex,0,,Other,,0.5557,Implant,1,0.0421,0.1648,0.0727,0.7204,disease__train_34,0.7204,10,,3,14
01188,below_tau,dentex,0,,Healthy,,0.1452,Healthy,1,0.3469,0.4921,0.1095,0.0516,disease__train_56,0.4921,10,,1,12
01189,confirm,dentex,0,,Implant,,0.9973,Implant,1,0.0003,0.0008,0.0007,0.9981,enum__train_42,0.9981,10,,3,12
01190,confirm,dentex,0,,Impacted,,0.9948,Impacted,1,0.0005,0.002,0.9968,0.0006,disease__train_128,0.9968,10,,3,0
01191,confirm,dentex,0,,Implant,,0.9985,Implant,1,0.0005,0.0003,0.0003,0.999,disease__train_465,0.999,10,,3,3
01192,confirm,dentex,0,,Exclude,,0.626,Implant,1,0.0154,0.1622,0.0342,0.7882,disease__train_375,0.7882,10,,3,6
01193,confirm,dentex,0,,Endodontics,,0.929,Endodontics,1,0.9514,0.0121,0.0224,0.0141,enum__train_232,0.9514,10,,3,25
01194,confirm,dentex,0,,Healthy,,0.8949,Healthy,1,0.0046,0.9431,0.0482,0.004,disease__train_388,0.9431,10,,3,1
01195,below_tau,dentex,0,,Other,,0.0744,Endodontics,1,0.5314,0.457,0.0061,0.0056,disease__train_554,0.5314,10,,2,25
01196,confirm,dentex,0,,Endodontics,,0.9952,Endodontics,1,0.9966,0.0014,0.0007,0.0013,disease__train_419,0.9966,10,,3,3
01197,confirm,dentex,0,,Other,,0.8935,Endodontics,1,0.9412,0.0478,0.0019,0.0091,disease__train_508,0.9412,10,,3,5
01198,confirm,dentex,0,,Impacted,,0.992,Impacted,1,0.0009,0.0032,0.9952,0.0006,enum__train_353,0.9952,10,,3,31
01199,confirm,dentex,0,,Healthy,,0.9795,Healthy,1,0.0057,0.9852,0.0051,0.004,enum__train_453,0.9852,10,,3,6
01200,confirm,dentex,0,,Endodontics,,0.9944,Endodontics,1,0.9964,0.0008,0.0006,0.0021,enum__train_114,0.9964,10,,3,20
01201,confirm,dentex,0,,Bad crop,,0.9858,Healthy,1,0.001,0.992,0.0062,0.0009,disease__train_668,0.992,10,,3,27
01202,confirm,dentex,0,,Healthy,,0.8837,Healthy,1,0.0069,0.9325,0.0488,0.0118,enum__train_174,0.9325,10,,3,1
01203,confirm,dentex,0,,Healthy,,0.9895,Healthy,1,0.0039,0.9934,0.0005,0.0021,disease__train_204,0.9934,10,,3,2
01204,below_tau,dentex,0,,Healthy,,0.2214,Healthy,1,0.2494,0.4821,0.0079,0.2607,disease__train_225,0.4821,10,,1,8
01205,confirm,dentex,0,,Other,,0.9211,Healthy,1,0.0261,0.9473,0.0035,0.0231,enum__train_105,0.9473,10,,3,8
01206,confirm,dentex,0,,Healthy,,0.8534,Implant,1,0.0076,0.0621,0.0148,0.9155,enum__train_370,0.9155,10,,3,11
01207,confirm,dentex,0,,Impacted,,0.9888,Impacted,1,0.0005,0.005,0.9938,0.0007,disease__train_3,0.9938,10,,3,28
01208,below_tau,dentex,0,,Other,,0.0213,Implant,1,0.4081,0.1518,0.0107,0.4294,disease__train_605,0.4294,10,,1,6
01209,confirm,dentex,0,,Other,,0.7497,Endodontics,1,0.8543,0.1046,0.0022,0.0389,enum__train_566,0.8543,10,,3,11
01210,confirm,dentex,0,,Impacted,,0.989,Impacted,1,0.0007,0.0046,0.9936,0.0011,enum__train_605,0.9936,10,,3,30
01211,below_tau,dentex,0,,Healthy,,0.0576,Healthy,1,0.0886,0.4778,0.0135,0.4202,disease__train_392,0.4778,10,,2,21
01212,confirm,dentex,0,,Healthy,,0.9517,Implant,1,0.0166,0.0123,0.0029,0.9683,disease__train_74,0.9683,10,,3,20
01213,confirm,dentex,0,,Bad crop,,0.9982,Implant,1,0.0006,0.0003,0.0003,0.9988,disease__train_143,0.9988,10,,3,4
01214,confirm,dentex,0,,Other,,0.9422,Healthy,1,0.0063,0.9673,0.025,0.0014,enum__train_166,0.9673,10,,3,1
01215,confirm,dentex,0,,Implant,,0.9983,Implant,1,0.0003,0.0004,0.0004,0.9988,enum__train_141,0.9988,10,,3,4
01216,confirm,dentex,0,,Impacted,,0.9963,Impacted,1,0.0006,0.0013,0.9976,0.0005,enum__train_225,0.9976,10,,3,1
01217,confirm,dentex,0,,Exclude,,0.3615,Implant,1,0.0118,0.3083,0.0101,0.6698,enum__train_368,0.6698,10,,3,11
01218,below_tau,dentex,0,,Healthy,,0.0493,Endodontics,1,0.5179,0.4687,0.0028,0.0106,enum__train_332,0.5179,10,,2,23
01219,below_tau,dentex,0,,Other,,0.0293,Healthy,1,0.4431,0.4724,0.0141,0.0704,disease__train_176,0.4724,10,,1,26
01220,confirm,dentex,0,,Healthy,,0.5463,Implant,1,0.0504,0.194,0.0153,0.7403,disease__train_16,0.7403,10,,3,13
01221,confirm,dentex,0,,Exclude,,0.9902,Impacted,1,0.0007,0.0041,0.9944,0.0008,enum__train_76,0.9944,10,,3,2
01222,confirm,dentex,0,,Other,,0.8563,Endodontics,1,0.9218,0.0655,0.0008,0.012,enum__train_23,0.9218,10,,3,22
01223,below_tau,dentex,0,,Healthy,,0.9469,Impacted,1,0.004,0.0239,0.9708,0.0013,disease__train_438,0.9708,10,,3,29
01224,below_tau,dentex,0,,Exclude,,0.3833,Impacted,1,0.0263,0.2506,0.6339,0.0893,enum__train_257,0.6339,10,,2,8
01225,confirm,dentex,0,,Impacted,,0.9958,Impacted,1,0.0005,0.0016,0.9974,0.0006,disease__train_693,0.9974,10,,3,30
01226,confirm,dentex,0,,Other,,0.7205,Endodontics,1,0.8149,0.0945,0.0101,0.0805,disease__train_603,0.8149,10,,3,12
01227,confirm,dentex,0,,Endodontics,,0.9921,Endodontics,1,0.9946,0.0025,0.0007,0.0022,disease__train_522,0.9946,10,,3,21
01228,confirm,dentex,0,,Impacted,,0.9835,Impacted,1,0.0003,0.0078,0.9913,0.0005,disease__train_99,0.9913,10,,3,0
01229,confirm,dentex,0,,Healthy,,0.7654,Implant,1,0.0272,0.0914,0.0245,0.8568,enum__train_420,0.8568,10,,3,14
01230,below_tau,dentex,0,,Other,,0.1975,Endodontics,1,0.5662,0.3687,0.0239,0.0412,disease__train_543,0.5662,10,,2,4
01231,confirm,dentex,0,,Healthy,,0.7854,Healthy,1,0.0042,0.8883,0.103,0.0045,enum__train_166,0.8883,10,,3,21
01232,confirm,dentex,0,,Healthy,,0.9839,Healthy,1,0.0066,0.9905,0.0017,0.0011,disease__train_482,0.9905,10,,3,13
01233,confirm,dentex,0,,Healthy,,0.6858,Implant,1,0.0493,0.1205,0.0239,0.8063,enum__train_121,0.8063,10,,3,2
01234,confirm,dentex,0,,Healthy,,0.5509,Healthy,1,0.0024,0.7732,0.2223,0.0021,enum__train_409,0.7732,10,,3,21
01235,confirm,dentex,0,,Other,,0.9335,Endodontics,1,0.9591,0.0256,0.0018,0.0135,enum__train_15,0.9591,10,,3,6
01236,confirm,dentex,0,,Impacted,,0.9918,Impacted,1,0.0014,0.0031,0.9948,0.0008,disease__train_314,0.9948,10,,3,0
01237,confirm,dentex,0,,Healthy,,0.966,Healthy,1,0.0067,0.9789,0.0015,0.0129,enum__train_367,0.9789,10,,3,14
01238,confirm,dentex,0,,Impacted,,0.9959,Impacted,1,0.0006,0.0014,0.9973,0.0007,enum__train_564,0.9973,10,,3,28
01239,below_tau,dentex,0,,Impacted,,0.8791,Impacted,1,0.001,0.059,0.9382,0.0018,enum__train_1,0.9382,10,,3,0
01240,confirm,dentex,0,,Other,,0.9934,Endodontics,1,0.996,0.0009,0.0007,0.0025,enum__train_332,0.996,10,,3,19
01241,confirm,dentex,0,,Impacted,,0.9911,Impacted,1,0.0013,0.003,0.9942,0.0015,disease__train_64,0.9942,10,,3,0
01242,confirm,dentex,0,,Endodontics,,0.9896,Endodontics,1,0.9936,0.0018,0.0006,0.004,disease__train_476,0.9936,10,,3,6
01243,confirm,dentex,0,,Other,,0.6759,Endodontics,1,0.8186,0.1426,0.0048,0.034,disease__train_55,0.8186,10,,3,17
01244,confirm,dentex,0,,Healthy,,0.8928,Implant,1,0.0138,0.0455,0.0024,0.9383,disease__train_663,0.9383,10,,3,16
01245,confirm,dentex,0,,Endodontics,,0.9924,Endodontics,1,0.9946,0.0011,0.0021,0.0022,disease__train_164,0.9946,10,,3,12
01246,confirm,dentex,0,,Healthy,,0.9884,Healthy,1,0.004,0.9923,0.0013,0.0024,disease__train_81,0.9923,10,,3,10
01247,confirm,dentex,0,,Implant,,0.9984,Implant,1,0.0003,0.0004,0.0004,0.9988,disease__train_664,0.9988,10,,3,29
01248,confirm,dentex,0,,Impacted,,0.9957,Impacted,1,0.0008,0.0014,0.9971,0.0007,enum__train_59,0.9971,10,,3,0
01249,below_tau,dentex,0,,Healthy,,0.0267,Implant,1,0.0434,0.455,0.0199,0.4816,disease__train_77,0.4816,10,,2,14
01250,confirm,dentex,0,,Healthy,,0.746,Implant,1,0.0132,0.0191,0.1108,0.8568,disease__train_107,0.8568,10,,3,13
01251,confirm,dentex,0,,Healthy,,0.9713,Healthy,1,0.0032,0.9821,0.0108,0.0038,enum__train_264,0.9821,10,,3,2
01252,below_tau,dentex,0,,Healthy,,0.0782,Implant,1,0.1885,0.358,0.0172,0.4362,disease__train_312,0.4362,10,,1,23
01253,confirm,dentex,0,,Impacted,,0.9958,Impacted,1,0.0006,0.0015,0.9973,0.0006,disease__train_345,0.9973,10,,3,1
01254,confirm,dentex,0,,Impacted,,0.9963,Impacted,1,0.0005,0.0014,0.9977,0.0005,enum__train_572,0.9977,10,,3,0
01255,confirm,dentex,0,,Impacted,,0.9932,Impacted,1,0.0011,0.0025,0.9957,0.0008,disease__train_509,0.9957,10,,3,28
01256,confirm,dentex,0,,Other,,0.8217,Endodontics,1,0.905,0.0086,0.0031,0.0833,disease__train_6,0.905,10,,3,1
01257,confirm,dentex,0,,Healthy,,0.5004,Implant,1,0.0544,0.188,0.0691,0.6885,enum__train_519,0.6885,10,,3,13
01258,confirm,dentex,0,,Impacted,,0.9944,Impacted,1,0.0006,0.0022,0.9966,0.0006,disease__train_693,0.9966,10,,3,31
01259,confirm,dentex,0,,Impacted,,0.996,Impacted,1,0.0004,0.0014,0.9974,0.0008,disease__train_582,0.9974,10,,3,0
01260,confirm,dentex,0,,Endodontics,,0.9957,Endodontics,1,0.997,0.0013,0.0007,0.0009,disease__train_444,0.997,10,,3,24
01261,confirm,dentex,0,,Other,,0.7405,Endodontics,1,0.8558,0.1153,0.001,0.0278,disease__train_551,0.8558,10,,3,25
01262,confirm,dentex,0,,Impacted,,0.995,Impacted,1,0.0009,0.0017,0.9966,0.0008,enum__train_399,0.9966,10,,3,27
01263,confirm,dentex,0,,Healthy,,0.8359,Healthy,1,0.0055,0.9028,0.0669,0.0248,disease__train_457,0.9028,10,,3,25
01264,confirm,dentex,0,,Healthy,,0.6613,Implant,1,0.0269,0.1406,0.0306,0.8019,disease__train_8,0.8019,10,,3,11
01265,confirm,dentex,0,,Implant,,0.9987,Implant,1,0.0003,0.0004,0.0003,0.999,enum__train_436,0.999,10,,3,18
01266,confirm,dentex,0,,Healthy,,0.9088,Healthy,1,0.0389,0.9476,0.0014,0.0121,disease__train_575,0.9476,10,,3,24
01267,below_tau,dentex,0,,Healthy,,0.1769,Implant,1,0.0146,0.3206,0.1674,0.4974,disease__train_269,0.4974,10,,2,17
01268,confirm,dentex,0,,Endodontics,,0.9954,Endodontics,1,0.9969,0.0007,0.0009,0.0015,enum__train_619,0.9969,10,,3,27
01269,below_tau,dentex,0,,Other,,0.154,Endodontics,1,0.5561,0.402,0.0046,0.0373,disease__train_612,0.5561,10,,2,3
01270,below_tau,dentex,0,,Healthy,,0.1297,Healthy,1,0.3146,0.4442,0.0095,0.2316,enum__train_370,0.4442,10,,1,29
01271,below_tau,dentex,0,,Endodontics,,0.0131,Endodontics,1,0.5029,0.0038,0.0035,0.4898,disease__train_699,0.5029,10,,1,2
01272,below_tau,dentex,0,,Healthy,,0.0849,Impacted,1,0.0028,0.4538,0.5387,0.0047,disease__train_123,0.5387,10,,1,4
01273,confirm,dentex,0,,Healthy,,0.9908,Healthy,1,0.0037,0.9945,0.0009,0.001,disease__train_391,0.9945,10,,3,3
01274,confirm,dentex,0,,Healthy,,0.2865,Implant,1,0.1268,0.2775,0.0316,0.564,disease__train_467,0.564,10,,3,20
01275,confirm,dentex,0,,Impacted,,0.9936,Impacted,1,0.0006,0.0026,0.9962,0.0007,enum__train_304,0.9962,10,,3,28
01276,confirm,dentex,0,,Impacted,,0.9858,Impacted,1,0.0006,0.0065,0.9923,0.0006,disease__train_356,0.9923,10,,3,1
01277,confirm,dentex,0,,Impacted,,0.9972,Impacted,1,0.0005,0.001,0.9982,0.0004,disease__train_292,0.9982,10,,3,0
01278,confirm,dentex,0,,Impacted,,0.9941,Impacted,1,0.0005,0.0025,0.9966,0.0005,disease__train_461,0.9966,10,,3,26
01279,confirm,dentex,0,,Impacted,,0.9959,Impacted,1,0.0006,0.0014,0.9974,0.0007,disease__train_618,0.9974,10,,3,0
01280,below_tau,dentex,0,,Impacted,,0.9783,Impacted,1,0.0033,0.0088,0.9871,0.0007,disease__train_339,0.9871,10,,3,29
01281,confirm,dentex,0,,Healthy,,0.9794,Healthy,1,0.0023,0.9867,0.0073,0.0038,disease__train_649,0.9867,10,,3,22
01282,confirm,dentex,0,,Other,,0.7834,Endodontics,1,0.8836,0.014,0.0022,0.1002,disease__train_274,0.8836,10,,3,4
01283,confirm,dentex,0,,Healthy,,0.9852,Impacted,1,0.0009,0.0061,0.9913,0.0016,disease__train_539,0.9913,10,,3,2
01284,confirm,dentex,0,,Impacted,,0.9959,Impacted,1,0.0006,0.0014,0.9973,0.0007,disease__train_267,0.9973,10,,3,28
