dataset,pan_id,pan_file,width,height,mouth_x1,mouth_y1,mouth_x2,mouth_y2,mouth_score,n_teeth,sec
dentex,disease__train_0,pan_unique/disease__train_0.png,2850,1316,224,214,2586,1267,1.0,28,3.85
dentex,disease__train_1,pan_unique/disease__train_1.png,2750,1316,251,260,2512,1275,1.0,26,2.47
dentex,disease__train_10,pan_unique/disease__train_10.png,2837,1316,116,210,2694,1279,1.0,30,2.4
dentex,disease__train_100,pan_unique/disease__train_100.png,2872,1504,292,149,2651,1452,1.0,27,2.47
dentex,disease__train_101,pan_unique/disease__train_101.png,2916,1316,300,247,2640,1291,1.0,31,2.46
dentex,disease__train_102,pan_unique/disease__train_102.png,2644,1504,63,86,2476,1462,1.0,20,2.36
dentex,disease__train_103,pan_unique/disease__train_103.png,2952,1316,245,300,2687,1295,1.0,27,2.34
dentex,disease__train_104,pan_unique/disease__train_104.png,2712,1316,97,268,2553,1281,1.0,29,2.31
dentex,disease__train_105,pan_unique/disease__train_105.png,2843,1316,160,291,2662,1295,1.0,20,2.36
dentex,disease__train_106,pan_unique/disease__train_106.png,2990,1316,302,158,2656,1292,1.0,27,2.33
dentex,disease__train_107,pan_unique/disease__train_107.png,2868,1504,203,203,2719,1416,1.0,32,2.43
dentex,disease__train_108,pan_unique/disease__train_108.png,2817,1316,93,195,2737,1304,1.0,32,2.37
dentex,disease__train_109,pan_unique/disease__train_109.png,2872,1504,157,103,2751,1409,1.0,30,2.48
dentex,disease__train_11,pan_unique/disease__train_11.png,2872,1504,189,270,2729,1458,1.0,26,2.4
dentex,disease__train_110,pan_unique/disease__train_110.png,2846,1316,268,77,2482,1248,1.0,33,2.45
dentex,disease__train_111,pan_unique/disease__train_111.png,2806,1316,51,180,2607,1274,1.0,19,2.31
dentex,disease__train_112,pan_unique/disease__train_112.png,1976,976,140,63,1701,903,1.0,27,2.3
dentex,disease__train_113,pan_unique/disease__train_113.png,2716,1316,170,156,2490,1241,1.0,29,2.38
dentex,disease__train_114,pan_unique/disease__train_114.png,2870,1316,48,32,2755,1140,1.0,30,2.38
dentex,disease__train_115,pan_unique/disease__train_115.png,2897,1316,154,204,2598,1273,1.0,25,2.3
dentex,disease__train_116,pan_unique/disease__train_116.png,3001,1316,234,229,2598,1240,1.0,25,2.29
dentex,disease__train_117,pan_unique/disease__train_117.png,2817,1316,139,15,2531,1218,1.0,24,2.36
dentex,disease__train_118,pan_unique/disease__train_118.png,2688,1504,54,281,2512,1417,1.0,30,2.38
dentex,disease__train_119,pan_unique/disease__train_119.png,2805,1316,199,191,2605,1275,1.0,31,2.34
dentex,disease__train_12,pan_unique/disease__train_12.png,2872,1504,180,132,2824,1464,1.0,32,2.49
dentex,disease__train_120,pan_unique/disease__train_120.png,2875,1316,131,104,2691,1250,1.0,30,2.39
dentex,disease__train_121,pan_unique/disease__train_121.png,2872,1504,263,97,2598,1435,0.9999,29,2.5
dentex,disease__train_122,pan_unique/disease__train_122.png,2820,1316,73,46,2694,1268,1.0,20,2.33
dentex,disease__train_123,pan_unique/disease__train_123.png,2724,1316,56,135,2630,1253,1.0,30,2.4
dentex,disease__train_124,pan_unique/disease__train_124.png,2882,1316,241,108,2611,1264,1.0,33,2.51
dentex,disease__train_125,pan_unique/disease__train_125.png,2872,1504,208,225,2826,1435,1.0,30,2.44
dentex,disease__train_126,pan_unique/disease__train_126.png,2858,1316,91,269,2746,1275,1.0,29,2.38
dentex,disease__train_127,pan_unique/disease__train_127.png,2842,1316,138,241,2665,1272,1.0,32,2.34
dentex,disease__train_128,pan_unique/disease__train_128.png,2851,1316,295,259,2614,1297,1.0,29,2.33
dentex,disease__train_129,pan_unique/disease__train_129.png,2872,1504,265,131,2812,1422,1.0,21,2.31
dentex,disease__train_13,pan_unique/disease__train_13.png,2935,1316,139,11,2686,1233,1.0,28,2.39
dentex,disease__train_130,pan_unique/disease__train_130.png,2821,1316,211,137,2572,1257,1.0,18,2.3
dentex,disease__train_131,pan_unique/disease__train_131.png,3003,1316,217,257,2751,1298,1.0,33,2.37
dentex,disease__train_132,pan_unique/disease__train_132.png,2819,1316,214,16,2478,1189,0.9997,31,2.49
dentex,disease__train_133,pan_unique/disease__train_133.png,2884,1504,220,234,2797,1406,1.0,27,2.38
dentex,disease__train_134,pan_unique/disease__train_134.png,2718,1316,168,164,2489,1230,1.0,29,2.38
dentex,disease__train_135,pan_unique/disease__train_135.png,1976,976,128,159,1753,914,1.0,29,2.29
dentex,disease__train_136,pan_unique/disease__train_136.png,2852,1316,158,258,2626,1264,1.0,30,2.36
dentex,disease__train_137,pan_unique/disease__train_137.png,2884,1504,227,151,2812,1479,1.0,20,2.36
dentex,disease__train_138,pan_unique/disease__train_138.png,2753,1316,86,0,2635,1190,1.0,32,2.42
dentex,disease__train_139,pan_unique/disease__train_139.png,2831,1316,118,79,2540,1247,1.0,22,2.38
dentex,disease__train_14,pan_unique/disease__train_14.png,2828,1316,183,125,2671,1235,1.0,26,2.26
dentex,disease__train_140,pan_unique/disease__train_140.png,2872,1504,251,208,2795,1492,1.0,31,2.44
dentex,disease__train_141,pan_unique/disease__train_141.png,2872,1504,241,177,2699,1413,1.0,26,2.37
dentex,disease__train_142,pan_unique/disease__train_142.png,2993,1316,359,197,2516,1285,0.9995,28,2.39
dentex,disease__train_143,pan_unique/disease__train_143.png,2932,1316,194,83,2695,1174,1.0,27,2.41
dentex,disease__train_144,pan_unique/disease__train_144.png,2868,1504,253,216,2669,1482,1.0,28,2.37
dentex,disease__train_145,pan_unique/disease__train_145.png,2872,1504,251,267,2684,1443,1.0,23,2.33
dentex,disease__train_146,pan_unique/disease__train_146.png,1976,976,109,124,1746,903,1.0,29,2.28
dentex,disease__train_147,pan_unique/disease__train_147.png,2868,1504,249,150,2707,1483,1.0,26,2.37
dentex,disease__train_148,pan_unique/disease__train_148.png,2872,1504,237,240,2709,1449,1.0,32,2.43
dentex,disease__train_149,pan_unique/disease__train_149.png,2812,1316,76,184,2600,1278,1.0,28,2.39
dentex,disease__train_15,pan_unique/disease__train_15.png,2904,1316,160,113,2604,1225,1.0,13,2.26
dentex,disease__train_150,pan_unique/disease__train_150.png,2802,1316,46,115,2748,1232,1.0,30,2.45
dentex,disease__train_151,pan_unique/disease__train_151.png,2984,1316,315,152,2660,1271,1.0,25,2.32
dentex,disease__train_152,pan_unique/disease__train_152.png,2872,1504,209,318,2772,1445,1.0,31,2.32
dentex,disease__train_153,pan_unique/disease__train_153.png,2882,1316,228,83,2653,1230,1.0,29,2.35
dentex,disease__train_154,pan_unique/disease__train_154.png,2971,1316,246,116,2655,1242,1.0,29,2.31
dentex,disease__train_155,pan_unique/disease__train_155.png,2868,1504,140,51,2784,1477,1.0,26,2.45
dentex,disease__train_156,pan_unique/disease__train_156.png,2892,1316,172,265,2563,1255,1.0,20,2.26
dentex,disease__train_157,pan_unique/disease__train_157.png,2872,1504,261,298,2618,1432,1.0,15,2.31
dentex,disease__train_158,pan_unique/disease__train_158.png,2872,1504,234,80,2741,1318,1.0,29,2.49
dentex,disease__train_159,pan_unique/disease__train_159.png,2820,1316,208,8,2565,1222,1.0,30,2.41
dentex,disease__train_16,pan_unique/disease__train_16.png,3076,1536,247,140,2779,1476,1.0,26,2.42
dentex,disease__train_160,pan_unique/disease__train_160.png,2868,1504,175,191,2720,1465,1.0,31,2.44
dentex,disease__train_161,pan_unique/disease__train_161.png,2674,1316,112,323,2473,1300,1.0,32,2.35
dentex,disease__train_162,pan_unique/disease__train_162.png,2952,1316,97,166,2749,1262,1.0,30,2.42
dentex,disease__train_163,pan_unique/disease__train_163.png,2917,1316,323,222,2540,1302,1.0,30,2.34
dentex,disease__train_164,pan_unique/disease__train_164.png,2798,1316,114,76,2601,1252,1.0,28,2.37
dentex,disease__train_165,pan_unique/disease__train_165.png,2814,1316,168,157,2598,1278,1.0,27,2.32
dentex,disease__train_166,pan_unique/disease__train_166.png,2947,1316,15,154,2800,1208,1.0,18,2.22
dentex,disease__train_167,pan_unique/disease__train_167.png,2989,1316,264,82,2592,1223,1.0,24,2.3
dentex,disease__train_168,pan_unique/disease__train_168.png,2868,1504,264,109,2704,1431,1.0,31,2.4
dentex,disease__train_169,pan_unique/disease__train_169.png,2892,1316,233,194,2608,1224,1.0,18,2.25
dentex,disease__train_17,pan_unique/disease__train_17.png,2872,1504,226,220,2790,1426,1.0,19,2.32
dentex,disease__train_170,pan_unique/disease__train_170.png,2872,1504,205,268,2693,1482,1.0,29,2.41
dentex,disease__train_171,pan_unique/disease__train_171.png,2882,1316,112,265,2672,1275,1.0,29,2.37
dentex,disease__train_172,pan_unique/disease__train_172.png,2885,1316,177,133,2587,1282,1.0,28,2.44
dentex,disease__train_173,pan_unique/disease__train_173.png,2982,1316,298,235,2581,1263,1.0,22,2.33
dentex,disease__train_174,pan_unique/disease__train_174.png,2890,1316,155,285,2720,1254,1.0,15,2.29
dentex,disease__train_175,pan_unique/disease__train_175.png,2933,1316,238,208,2571,1265,1.0,13,2.3
dentex,disease__train_176,pan_unique/disease__train_176.png,2868,1504,244,24,2742,1429,1.0,32,2.49
dentex,disease__train_177,pan_unique/disease__train_177.png,2814,1316,178,185,2608,1239,1.0,29,2.32
dentex,disease__train_178,pan_unique/disease__train_178.png,2868,1504,179,252,2796,1450,1.0,25,2.33
dentex,disease__train_179,pan_unique/disease__train_179.png,2838,1316,149,174,2676,1273,1.0,32,2.35
dentex,disease__train_18,pan_unique/disease__train_18.png,2872,1504,206,107,2747,1457,1.0,33,2.49
dentex,disease__train_180,pan_unique/disease__train_180.png,2616,1504,86,193,2384,1451,1.0,26,2.41
dentex,disease__train_181,pan_unique/disease__train_181.png,2872,1504,298,188,2708,1408,1.0,28,2.39
dentex,disease__train_182,pan_unique/disease__train_182.png,3003,1316,181,254,2633,1278,1.0,28,2.36
dentex,disease__train_183,pan_unique/disease__train_183.png,2977,1316,325,204,2646,1280,1.0,29,2.39
dentex,disease__train_184,pan_unique/disease__train_184.png,2872,1504,306,120,2710,1411,1.0,25,2.4
dentex,disease__train_185,pan_unique/disease__train_185.png,2894,1316,152,237,2659,1247,1.0,22,2.31
dentex,disease__train_186,pan_unique/disease__train_186.png,2891,1316,106,73,2713,1233,1.0,29,2.43
dentex,disease__train_187,pan_unique/disease__train_187.png,2815,1316,167,221,2552,1280,1.0,31,2.38
dentex,disease__train_188,pan_unique/disease__train_188.png,2872,1504,149,0,2786,1436,1.0,20,2.37
dentex,disease__train_189,pan_unique/disease__train_189.png,2580,1504,50,207,2415,1473,1.0,26,2.39
dentex,disease__train_19,pan_unique/disease__train_19.png,2881,1316,222,13,2603,1155,1.0,29,2.33
dentex,disease__train_190,pan_unique/disease__train_190.png,2863,1316,146,146,2669,1280,1.0,23,2.32
dentex,disease__train_191,pan_unique/disease__train_191.png,2880,1504,298,109,2741,1390,1.0,24,2.36
dentex,disease__train_192,pan_unique/disease__train_192.png,2872,1504,373,286,2604,1504,1.0,32,2.4
dentex,disease__train_193,pan_unique/disease__train_193.png,2872,1504,267,144,2752,1395,1.0,16,2.34
dentex,disease__train_194,pan_unique/disease__train_194.png,2800,1316,152,271,2594,1299,1.0,31,2.38
dentex,disease__train_195,pan_unique/disease__train_195.png,2872,1504,320,282,2646,1494,1.0,31,2.42
dentex,disease__train_196,pan_unique/disease__train_196.png,3076,1536,239,126,2754,1444,1.0,14,2.3
dentex,disease__train_197,pan_unique/disease__train_197.png,2872,1504,164,154,2872,1427,1.0,26,2.43
dentex,disease__train_198,pan_unique/disease__train_198.png,2969,1316,273,326,2581,1286,1.0,31,2.36
dentex,disease__train_199,pan_unique/disease__train_199.png,2972,1316,254,329,2561,1308,1.0,26,2.31
dentex,disease__train_2,pan_unique/disease__train_2.png,2872,1504,294,274,2761,1461,1.0,29,2.4
dentex,disease__train_20,pan_unique/disease__train_20.png,2832,1316,220,241,2662,1252,1.0,28,2.33
dentex,disease__train_200,pan_unique/disease__train_200.png,2936,1316,227,113,2636,1251,1.0,26,2.37
dentex,disease__train_201,pan_unique/disease__train_201.png,2868,1504,227,152,2793,1455,1.0,32,2.49
dentex,disease__train_202,pan_unique/disease__train_202.png,2977,1316,350,143,2577,1275,1.0,31,2.41
dentex,disease__train_203,pan_unique/disease__train_203.png,2826,1316,122,219,2611,1275,1.0,29,2.36
dentex,disease__train_204,pan_unique/disease__train_204.png,2872,1316,151,280,2662,1279,1.0,29,2.32
dentex,disease__train_205,pan_unique/disease__train_205.png,2868,1504,315,265,2623,1413,1.0,32,2.44
dentex,disease__train_206,pan_unique/disease__train_206.png,2917,1316,92,167,2709,1262,1.0,28,2.37
dentex,disease__train_207,pan_unique/disease__train_207.png,2796,1316,70,36,2614,1218,1.0,29,2.41
dentex,disease__train_208,pan_unique/disease__train_208.png,2868,1504,334,153,2733,1486,1.0,28,2.43
dentex,disease__train_209,pan_unique/disease__train_209.png,1976,976,181,87,1707,894,1.0,33,2.37
dentex,disease__train_21,pan_unique/disease__train_21.png,1976,976,120,154,1722,885,1.0,30,2.27
dentex,disease__train_210,pan_unique/disease__train_210.png,2869,1316,263,152,2556,1248,1.0,29,2.36
dentex,disease__train_211,pan_unique/disease__train_211.png,2972,1316,276,117,2639,1254,1.0,30,2.45
dentex,disease__train_212,pan_unique/disease__train_212.png,2882,1316,181,164,2649,1250,1.0,29,2.0
dentex,disease__train_213,pan_unique/disease__train_213.png,2851,1316,243,140,2597,1251,1.0,28,2.38
dentex,disease__train_214,pan_unique/disease__train_214.png,1976,976,165,103,1751,904,1.0,29,2.29
dentex,disease__train_215,pan_unique/disease__train_215.png,2938,1316,253,154,2672,1281,1.0,31,2.41
dentex,disease__train_216,pan_unique/disease__train_216.png,2868,1316,92,97,2706,1221,1.0,31,2.38
dentex,disease__train_217,pan_unique/disease__train_217.png,2916,1316,224,161,2628,1278,1.0,27,2.38
dentex,disease__train_218,pan_unique/disease__train_218.png,2846,1316,227,217,2613,1276,1.0,31,2.38
dentex,disease__train_219,pan_unique/disease__train_219.png,2688,1504,114,198,2550,1411,1.0,28,2.39
dentex,disease__train_22,pan_unique/disease__train_22.png,2884,1504,193,247,2777,1496,1.0,29,2.43
dentex,disease__train_220,pan_unique/disease__train_220.png,2920,1316,336,181,2554,1294,1.0,32,2.46
dentex,disease__train_221,pan_unique/disease__train_221.png,2965,1316,315,199,2667,1263,1.0,25,2.34
dentex,disease__train_222,pan_unique/disease__train_222.png,2872,1504,233,59,2771,1445,1.0,30,2.49
dentex,disease__train_223,pan_unique/disease__train_223.png,2714,1316,156,214,2543,1286,1.0,23,2.33
dentex,disease__train_224,pan_unique/disease__train_224.png,2978,1316,259,93,2695,1252,1.0,25,2.39
dentex,disease__train_225,pan_unique/disease__train_225.png,2868,1504,235,76,2799,1477,1.0,30,2.43
dentex,disease__train_226,pan_unique/disease__train_226.png,2884,1504,293,148,2704,1430,1.0,23,2.34
dentex,disease__train_227,pan_unique/disease__train_227.png,2922,1316,305,367,2591,1300,1.0,31,2.34
dentex,disease__train_228,pan_unique/disease__train_228.png,2981,1316,206,299,2741,1234,1.0,17,2.23
dentex,disease__train_229,pan_unique/disease__train_229.png,2881,1316,153,188,2623,1277,1.0,20,2.28
dentex,disease__train_23,pan_unique/disease__train_23.png,2872,1504,203,279,2755,1476,1.0,26,2.4
dentex,disease__train_230,pan_unique/disease__train_230.png,2951,1316,108,80,2633,1208,1.0,16,2.26
dentex,disease__train_231,pan_unique/disease__train_231.png,2745,1316,196,259,2583,1267,1.0,30,2.37
dentex,disease__train_232,pan_unique/disease__train_232.png,2986,1316,124,123,2837,1214,1.0,25,2.34
dentex,disease__train_233,pan_unique/disease__train_233.png,2904,1316,131,116,2659,1266,1.0,31,2.44
dentex,disease__train_234,pan_unique/disease__train_234.png,1976,976,126,122,1739,900,1.0,30,2.28
dentex,disease__train_235,pan_unique/disease__train_235.png,2772,1316,31,146,2729,1266,1.0,32,2.41
dentex,disease__train_236,pan_unique/disease__train_236.png,2698,1316,229,178,2433,1272,1.0,32,2.4
dentex,disease__train_237,pan_unique/disease__train_237.png,2884,1504,143,146,2787,1488,0.9998,32,2.55
dentex,disease__train_238,pan_unique/disease__train_238.png,2886,1316,160,285,2633,1285,1.0,27,2.29
dentex,disease__train_239,pan_unique/disease__train_239.png,2955,1316,207,21,2720,1210,1.0,30,2.36
dentex,disease__train_24,pan_unique/disease__train_24.png,2980,1316,390,262,2555,1288,1.0,26,2.28
dentex,disease__train_240,pan_unique/disease__train_240.png,2960,1316,336,288,2568,1291,1.0,32,2.36
dentex,disease__train_241,pan_unique/disease__train_241.png,2872,1504,274,260,2657,1438,1.0,31,2.36
dentex,disease__train_242,pan_unique/disease__train_242.png,2844,1316,151,223,2645,1274,1.0,29,2.35
dentex,disease__train_243,pan_unique/disease__train_243.png,2872,1504,242,183,2750,1449,1.0,32,2.44
dentex,disease__train_244,pan_unique/disease__train_244.png,2548,1504,0,288,2370,1476,1.0,33,2.48
dentex,disease__train_245,pan_unique/disease__train_245.png,2936,1316,271,269,2600,1276,1.0,20,2.31
dentex,disease__train_246,pan_unique/disease__train_246.png,2765,1316,92,302,2573,1291,1.0,32,2.42
dentex,disease__train_247,pan_unique/disease__train_247.png,2842,1316,202,307,2556,1282,1.0,27,2.38
dentex,disease__train_248,pan_unique/disease__train_248.png,2872,1316,170,43,2651,1197,1.0,20,2.37
dentex,disease__train_249,pan_unique/disease__train_249.png,2868,1504,248,144,2650,1417,1.0,27,2.43
dentex,disease__train_25,pan_unique/disease__train_25.png,2822,1316,156,212,2594,1243,1.0,22,2.27
dentex,disease__train_250,pan_unique/disease__train_250.png,2860,1316,183,207,2608,1275,1.0,23,2.27
dentex,disease__train_251,pan_unique/disease__train_251.png,1976,976,141,88,1736,908,1.0,31,2.28
dentex,disease__train_252,pan_unique/disease__train_252.png,2875,1316,214,330,2568,1294,1.0,29,2.3
dentex,disease__train_253,pan_unique/disease__train_253.png,2966,1316,233,162,2668,1259,1.0,26,2.31
dentex,disease__train_254,pan_unique/disease__train_254.png,2876,1504,158,151,2816,1428,1.0,27,2.4
dentex,disease__train_255,pan_unique/disease__train_255.png,2954,1316,307,247,2551,1279,1.0,28,2.34
dentex,disease__train_256,pan_unique/disease__train_256.png,2884,1504,235,277,2772,1486,1.0,28,2.42
dentex,disease__train_257,pan_unique/disease__train_257.png,2793,1316,230,116,2492,1285,1.0,30,2.42
dentex,disease__train_258,pan_unique/disease__train_258.png,2872,1504,240,110,2659,1442,1.0,29,2.43
dentex,disease__train_259,pan_unique/disease__train_259.png,2816,1316,220,90,2612,1246,1.0,20,2.33
dentex,disease__train_26,pan_unique/disease__train_26.png,2872,1504,218,151,2809,1439,1.0,29,2.42
dentex,disease__train_260,pan_unique/disease__train_260.png,1976,976,142,77,1774,895,1.0,30,2.34
dentex,disease__train_261,pan_unique/disease__train_261.png,2923,1316,46,113,2716,1255,1.0,31,2.38
dentex,disease__train_262,pan_unique/disease__train_262.png,2833,1316,73,66,2628,1196,1.0,25,2.35
dentex,disease__train_263,pan_unique/disease__train_263.png,2868,1504,301,179,2680,1443,1.0,33,2.43
dentex,disease__train_264,pan_unique/disease__train_264.png,2866,1316,211,244,2616,1266,1.0,32,2.38
dentex,disease__train_265,pan_unique/disease__train_265.png,2872,1504,208,109,2765,1390,1.0,32,2.44
dentex,disease__train_266,pan_unique/disease__train_266.png,1976,976,132,121,1695,890,1.0,30,2.26
dentex,disease__train_267,pan_unique/disease__train_267.png,2858,1316,284,187,2514,1188,1.0,29,2.37
dentex,disease__train_268,pan_unique/disease__train_268.png,2657,1316,144,217,2508,1290,1.0,32,2.37
dentex,disease__train_269,pan_unique/disease__train_269.png,2612,1504,18,240,2437,1464,1.0,25,2.38
dentex,disease__train_27,pan_unique/disease__train_27.png,2822,1316,153,95,2600,1201,1.0,32,2.44
dentex,disease__train_270,pan_unique/disease__train_270.png,2868,1504,267,239,2657,1491,1.0,26,2.38
dentex,disease__train_271,pan_unique/disease__train_271.png,2982,1316,273,154,2692,1243,1.0,26,2.33
dentex,disease__train_272,pan_unique/disease__train_272.png,2868,1504,288,14,2653,1405,1.0,25,2.43
dentex,disease__train_273,pan_unique/disease__train_273.png,2868,1504,288,183,2743,1430,1.0,32,2.47
dentex,disease__train_274,pan_unique/disease__train_274.png,2942,1316,258,199,2653,1237,1.0,22,2.31
dentex,disease__train_275,pan_unique/disease__train_275.png,2872,1504,267,169,2739,1441,1.0,32,2.38
dentex,disease__train_276,pan_unique/disease__train_276.png,2872,1504,299,172,2740,1446,1.0,26,2.35
dentex,disease__train_277,pan_unique/disease__train_277.png,1976,976,169,91,1727,902,1.0,32,2.28
dentex,disease__train_278,pan_unique/disease__train_278.png,2922,1316,223,113,2631,1205,1.0,27,2.33
dentex,disease__train_279,pan_unique/disease__train_279.png,2885,1316,198,154,2631,1278,1.0,31,2.41
dentex,disease__train_28,pan_unique/disease__train_28.png,2742,1316,147,245,2542,1290,1.0,29,2.35
dentex,disease__train_280,pan_unique/disease__train_280.png,2844,1316,120,86,2718,1204,1.0,26,2.32
dentex,disease__train_281,pan_unique/disease__train_281.png,2836,1316,139,239,2601,1268,1.0,32,2.43
dentex,disease__train_282,pan_unique/disease__train_282.png,2796,1316,204,216,2502,1304,1.0,29,2.35
dentex,disease__train_283,pan_unique/disease__train_283.png,2872,1504,266,424,2613,1486,1.0,29,2.38
dentex,disease__train_284,pan_unique/disease__train_284.png,2872,1504,293,194,2715,1459,1.0,29,2.49
dentex,disease__train_285,pan_unique/disease__train_285.png,2872,1504,155,180,2812,1425,1.0,31,2.43
dentex,disease__train_286,pan_unique/disease__train_286.png,2948,1316,131,0,2679,1238,1.0,32,2.43
dentex,disease__train_287,pan_unique/disease__train_287.png,2954,1316,225,284,2699,1259,1.0,19,2.23
dentex,disease__train_288,pan_unique/disease__train_288.png,1976,976,127,88,1757,904,1.0,34,2.28
dentex,disease__train_289,pan_unique/disease__train_289.png,2868,1504,160,166,2693,1401,1.0,23,2.32
dentex,disease__train_29,pan_unique/disease__train_29.png,2810,1316,203,222,2556,1241,1.0,27,2.34
dentex,disease__train_290,pan_unique/disease__train_290.png,2829,1316,135,325,2602,1291,1.0,25,2.31
dentex,disease__train_291,pan_unique/disease__train_291.png,2788,1316,194,295,2549,1256,1.0,23,2.31
dentex,disease__train_292,pan_unique/disease__train_292.png,2666,1316,154,224,2412,1287,1.0,32,2.43
dentex,disease__train_293,pan_unique/disease__train_293.png,2856,1316,220,16,2634,1229,1.0,27,2.42
dentex,disease__train_294,pan_unique/disease__train_294.png,2880,1316,198,56,2613,1269,1.0,21,2.36
dentex,disease__train_295,pan_unique/disease__train_295.png,2916,1316,220,292,2599,1316,1.0,30,2.42
dentex,disease__train_296,pan_unique/disease__train_296.png,2940,1316,239,216,2558,1280,1.0,27,2.35
dentex,disease__train_297,pan_unique/disease__train_297.png,2872,1504,123,28,2662,1397,0.9965,17,2.44
dentex,disease__train_298,pan_unique/disease__train_298.png,2628,1504,28,208,2445,1492,1.0,32,2.47
dentex,disease__train_299,pan_unique/disease__train_299.png,2872,1504,254,208,2723,1390,1.0,27,2.38
dentex,disease__train_3,pan_unique/disease__train_3.png,2682,1316,227,124,2400,1262,1.0,30,2.34
dentex,disease__train_30,pan_unique/disease__train_30.png,2815,1316,369,70,2416,1228,1.0,32,2.39
dentex,disease__train_300,pan_unique/disease__train_300.png,2872,1504,267,333,2807,1460,1.0,32,2.37
dentex,disease__train_301,pan_unique/disease__train_301.png,2512,1504,0,175,2340,1462,1.0,24,2.37
dentex,disease__train_302,pan_unique/disease__train_302.png,2828,1316,3,65,2605,1252,1.0,22,2.35
dentex,disease__train_303,pan_unique/disease__train_303.png,2872,1504,261,160,2698,1433,1.0,30,2.44
dentex,disease__train_304,pan_unique/disease__train_304.png,2952,1316,150,222,2577,1285,1.0,24,2.32
dentex,disease__train_305,pan_unique/disease__train_305.png,2942,1316,262,204,2686,1249,1.0,23,2.3
dentex,disease__train_306,pan_unique/disease__train_306.png,2954,1316,229,0,2681,1130,1.0,29,2.39
dentex,disease__train_307,pan_unique/disease__train_307.png,2893,1316,129,83,2708,1248,1.0,23,2.37
dentex,disease__train_308,pan_unique/disease__train_308.png,2692,1316,129,136,2576,1278,1.0,30,2.43
dentex,disease__train_309,pan_unique/disease__train_309.png,2872,1504,343,193,2632,1426,1.0,30,2.47
dentex,disease__train_31,pan_unique/disease__train_31.png,2872,1504,198,161,2776,1441,1.0,26,2.39
dentex,disease__train_310,pan_unique/disease__train_310.png,2872,1504,250,283,2690,1463,1.0,25,2.35
dentex,disease__train_311,pan_unique/disease__train_311.png,2714,1316,191,231,2491,1226,1.0,26,2.26
dentex,disease__train_312,pan_unique/disease__train_312.png,2872,1504,170,250,2647,1488,1.0,28,2.3
dentex,disease__train_313,pan_unique/disease__train_313.png,2872,1504,319,198,2746,1471,1.0,27,2.38
dentex,disease__train_314,pan_unique/disease__train_314.png,2872,1504,295,331,2763,1448,1.0,30,2.4
dentex,disease__train_315,pan_unique/disease__train_315.png,2808,1316,187,137,2579,1281,1.0,30,2.38
dentex,disease__train_316,pan_unique/disease__train_316.png,2783,1316,75,80,2614,1234,1.0,26,2.34
dentex,disease__train_317,pan_unique/disease__train_317.png,2802,1316,80,159,2692,1244,1.0,28,2.37
dentex,disease__train_318,pan_unique/disease__train_318.png,2808,1316,219,142,2514,1277,0.9999,19,2.33
dentex,disease__train_319,pan_unique/disease__train_319.png,2805,1316,234,214,2560,1299,1.0,28,2.38
dentex,disease__train_32,pan_unique/disease__train_32.png,2802,1316,192,328,2567,1316,1.0,29,2.37
dentex,disease__train_320,pan_unique/disease__train_320.png,2885,1316,235,98,2615,1215,1.0,32,2.45
dentex,disease__train_321,pan_unique/disease__train_321.png,2872,1504,271,184,2742,1485,1.0,32,2.5
dentex,disease__train_322,pan_unique/disease__train_322.png,2848,1316,160,45,2638,1202,1.0,32,2.51
dentex,disease__train_323,pan_unique/disease__train_323.png,2868,1504,245,118,2716,1444,1.0,24,2.36
dentex,disease__train_324,pan_unique/disease__train_324.png,2953,1316,71,122,2738,1223,1.0,15,2.21
dentex,disease__train_325,pan_unique/disease__train_325.png,2816,1316,0,178,2705,1240,1.0,28,2.33
dentex,disease__train_326,pan_unique/disease__train_326.png,2933,1316,191,209,2720,1245,1.0,22,2.3
dentex,disease__train_327,pan_unique/disease__train_327.png,1976,976,185,107,1649,888,1.0,30,2.26
dentex,disease__train_328,pan_unique/disease__train_328.png,2872,1504,282,285,2741,1409,1.0,29,2.41
dentex,disease__train_329,pan_unique/disease__train_329.png,2869,1316,151,139,2651,1253,1.0,26,2.36
dentex,disease__train_33,pan_unique/disease__train_33.png,3003,1316,301,173,2699,1236,1.0,28,2.35
dentex,disease__train_330,pan_unique/disease__train_330.png,3076,1536,125,65,2836,1470,0.9999,31,2.47
dentex,disease__train_331,pan_unique/disease__train_331.png,2872,1504,221,266,2710,1428,1.0,24,2.39
dentex,disease__train_332,pan_unique/disease__train_332.png,2983,1316,303,250,2632,1259,1.0,27,2.33
dentex,disease__train_333,pan_unique/disease__train_333.png,2766,1316,106,128,2616,1282,1.0,31,2.41
dentex,disease__train_334,pan_unique/disease__train_334.png,2872,1504,157,228,2705,1389,1.0,26,2.43
dentex,disease__train_335,pan_unique/disease__train_335.png,2659,1316,170,271,2399,1299,1.0,32,2.42
dentex,disease__train_336,pan_unique/disease__train_336.png,2948,1316,234,283,2629,1295,1.0,24,2.28
dentex,disease__train_337,pan_unique/disease__train_337.png,2872,1504,171,144,2701,1477,0.9999,26,2.42
dentex,disease__train_338,pan_unique/disease__train_338.png,2910,1316,227,217,2623,1259,1.0,24,2.3
dentex,disease__train_339,pan_unique/disease__train_339.png,2922,1316,382,224,2588,1275,1.0,30,2.36
dentex,disease__train_34,pan_unique/disease__train_34.png,2872,1504,232,244,2799,1492,1.0,31,2.47
dentex,disease__train_340,pan_unique/disease__train_340.png,2937,1316,184,112,2684,1148,1.0,29,2.33
dentex,disease__train_341,pan_unique/disease__train_341.png,2842,1316,122,97,2564,1265,1.0,31,2.42
dentex,disease__train_342,pan_unique/disease__train_342.png,2942,1316,202,114,2717,1245,1.0,32,2.5
dentex,disease__train_343,pan_unique/disease__train_343.png,2772,1316,83,246,2586,1286,1.0,30,2.38
dentex,disease__train_344,pan_unique/disease__train_344.png,2850,1316,81,89,2679,1265,1.0,31,2.39
dentex,disease__train_345,pan_unique/disease__train_345.png,2846,1316,120,242,2630,1285,1.0,30,2.43
dentex,disease__train_346,pan_unique/disease__train_346.png,2959,1316,247,270,2620,1276,1.0,20,2.3
dentex,disease__train_347,pan_unique/disease__train_347.png,2920,1316,171,282,2662,1258,1.0,15,2.23
dentex,disease__train_348,pan_unique/disease__train_348.png,2872,1504,250,370,2696,1504,1.0,30,2.41
dentex,disease__train_349,pan_unique/disease__train_349.png,2757,1316,166,196,2548,1257,1.0,28,2.3
dentex,disease__train_35,pan_unique/disease__train_35.png,2878,1316,224,259,2577,1289,1.0,29,2.32
dentex,disease__train_350,pan_unique/disease__train_350.png,2850,1316,177,127,2673,1249,1.0,24,2.28
dentex,disease__train_351,pan_unique/disease__train_351.png,2872,1504,172,312,2729,1453,1.0,28,2.36
dentex,disease__train_352,pan_unique/disease__train_352.png,2812,1316,114,136,2597,1273,1.0,25,2.34
dentex,disease__train_353,pan_unique/disease__train_353.png,2888,1504,261,140,2719,1413,1.0,26,2.42
dentex,disease__train_354,pan_unique/disease__train_354.png,3045,1350,176,104,2823,1284,1.0,32,2.42
dentex,disease__train_355,pan_unique/disease__train_355.png,2804,1316,149,234,2631,1262,1.0,29,2.38
dentex,disease__train_356,pan_unique/disease__train_356.png,2799,1316,209,284,2615,1275,1.0,27,2.38
dentex,disease__train_357,pan_unique/disease__train_357.png,2492,1504,0,72,2356,1382,1.0,20,2.34
dentex,disease__train_358,pan_unique/disease__train_358.png,2862,1316,130,106,2645,1245,1.0,32,2.41
dentex,disease__train_359,pan_unique/disease__train_359.png,2986,1316,300,124,2718,1236,1.0,30,2.4
dentex,disease__train_36,pan_unique/disease__train_36.png,2544,1504,0,431,2336,1492,1.0,28,2.38
dentex,disease__train_360,pan_unique/disease__train_360.png,2872,1504,214,212,2769,1407,1.0,26,2.36
dentex,disease__train_361,pan_unique/disease__train_361.png,2799,1316,143,294,2675,1274,1.0,32,2.28
dentex,disease__train_362,pan_unique/disease__train_362.png,2872,1504,230,322,2773,1463,1.0,32,2.38
dentex,disease__train_363,pan_unique/disease__train_363.png,2799,1316,249,197,2519,1271,0.9993,18,2.28
dentex,disease__train_364,pan_unique/disease__train_364.png,3076,1536,180,160,2798,1478,1.0,24,2.42
dentex,disease__train_365,pan_unique/disease__train_365.png,2872,1504,255,270,2768,1465,1.0,27,2.4
dentex,disease__train_366,pan_unique/disease__train_366.png,2830,1316,241,234,2546,1285,1.0,28,2.37
dentex,disease__train_367,pan_unique/disease__train_367.png,2839,1316,119,43,2673,1199,1.0,28,2.38
dentex,disease__train_368,pan_unique/disease__train_368.png,2967,1316,123,226,2775,1278,1.0,29,2.34
dentex,disease__train_369,pan_unique/disease__train_369.png,2966,1316,190,86,2678,1223,1.0,30,2.43
dentex,disease__train_37,pan_unique/disease__train_37.png,2872,1504,273,170,2772,1437,1.0,30,2.43
dentex,disease__train_370,pan_unique/disease__train_370.png,2948,1316,252,228,2600,1275,1.0,28,2.38
dentex,disease__train_371,pan_unique/disease__train_371.png,2886,1316,238,190,2679,1263,1.0,32,2.41
dentex,disease__train_372,pan_unique/disease__train_372.png,2802,1316,236,244,2569,1311,1.0,32,2.39
dentex,disease__train_373,pan_unique/disease__train_373.png,2872,1504,283,209,2645,1426,1.0,25,2.3
dentex,disease__train_374,pan_unique/disease__train_374.png,2868,1504,158,204,2786,1419,1.0,29,2.39
dentex,disease__train_375,pan_unique/disease__train_375.png,2872,1504,276,82,2639,1429,1.0,15,2.29
dentex,disease__train_376,pan_unique/disease__train_376.png,2881,1316,192,46,2626,1223,1.0,29,2.39
dentex,disease__train_377,pan_unique/disease__train_377.png,2973,1316,319,302,2785,1288,1.0,17,2.21
dentex,disease__train_378,pan_unique/disease__train_378.png,2805,1316,194,212,2575,1295,1.0,28,2.38
dentex,disease__train_379,pan_unique/disease__train_379.png,2820,1316,261,137,2455,1255,1.0,30,2.4
dentex,disease__train_38,pan_unique/disease__train_38.png,2872,1504,131,266,2740,1455,1.0,22,2.32
dentex,disease__train_380,pan_unique/disease__train_380.png,2884,1504,370,228,2718,1440,1.0,23,2.42
dentex,disease__train_381,pan_unique/disease__train_381.png,2950,1316,222,138,2689,1290,1.0,23,2.3
dentex,disease__train_382,pan_unique/disease__train_382.png,2820,1316,88,254,2562,1289,1.0,20,2.32
dentex,disease__train_383,pan_unique/disease__train_383.png,2872,1504,225,271,2695,1434,1.0,26,2.37
dentex,disease__train_384,pan_unique/disease__train_384.png,2872,1504,260,87,2761,1444,1.0,25,2.4
dentex,disease__train_385,pan_unique/disease__train_385.png,2888,1316,112,49,2710,1204,1.0,28,2.32
dentex,disease__train_386,pan_unique/disease__train_386.png,2952,1316,219,267,2714,1266,1.0,29,2.28
dentex,disease__train_387,pan_unique/disease__train_387.png,2731,1316,202,300,2545,1283,1.0,26,2.3
dentex,disease__train_388,pan_unique/disease__train_388.png,2860,1316,175,161,2659,1230,1.0,25,2.29
dentex,disease__train_389,pan_unique/disease__train_389.png,2873,1316,145,133,2668,1274,1.0,30,2.34
dentex,disease__train_39,pan_unique/disease__train_39.png,2612,1504,5,208,2423,1443,1.0,24,2.42
dentex,disease__train_390,pan_unique/disease__train_390.png,2868,1504,306,233,2585,1464,1.0,26,2.33
dentex,disease__train_391,pan_unique/disease__train_391.png,2884,1504,221,46,2731,1469,0.9999,30,2.5
dentex,disease__train_392,pan_unique/disease__train_392.png,2872,1504,219,162,2732,1401,1.0,30,2.38
dentex,disease__train_393,pan_unique/disease__train_393.png,2872,1504,254,336,2576,1464,1.0,18,2.29
dentex,disease__train_394,pan_unique/disease__train_394.png,2884,1316,44,142,2694,1216,1.0,22,2.35
dentex,disease__train_395,pan_unique/disease__train_395.png,2872,1504,322,134,2625,1441,1.0,21,2.36
dentex,disease__train_396,pan_unique/disease__train_396.png,2872,1504,215,276,2711,1490,1.0,32,2.45
dentex,disease__train_397,pan_unique/disease__train_397.png,3002,1316,356,216,2569,1292,1.0,29,2.37
dentex,disease__train_398,pan_unique/disease__train_398.png,2914,1316,299,132,2604,1253,1.0,27,2.33
dentex,disease__train_399,pan_unique/disease__train_399.png,2868,1504,187,236,2759,1504,1.0,31,2.33
dentex,disease__train_4,pan_unique/disease__train_4.png,2820,1316,108,261,2629,1279,1.0,32,2.33
dentex,disease__train_40,pan_unique/disease__train_40.png,3001,1316,380,195,2568,1301,1.0,27,2.39
dentex,disease__train_400,pan_unique/disease__train_400.png,2846,1316,134,136,2574,1258,0.9998,25,2.35
dentex,disease__train_401,pan_unique/disease__train_401.png,2758,1316,163,251,2560,1293,1.0,30,2.33
dentex,disease__train_402,pan_unique/disease__train_402.png,2823,1316,119,109,2686,1246,1.0,30,2.35
dentex,disease__train_403,pan_unique/disease__train_403.png,2512,1504,0,144,2319,1453,1.0,28,2.45
dentex,disease__train_404,pan_unique/disease__train_404.png,2960,1316,260,194,2690,1280,1.0,32,2.4
dentex,disease__train_405,pan_unique/disease__train_405.png,2837,1316,219,232,2557,1228,1.0,25,2.32
dentex,disease__train_406,pan_unique/disease__train_406.png,2856,1316,209,117,2523,1257,1.0,23,2.31
dentex,disease__train_407,pan_unique/disease__train_407.png,2872,1504,312,261,2690,1423,1.0,4,2.26
dentex,disease__train_408,pan_unique/disease__train_408.png,2964,1316,85,188,2802,1269,1.0,30,2.39
dentex,disease__train_409,pan_unique/disease__train_409.png,2868,1504,97,38,2770,1466,1.0,31,2.45
dentex,disease__train_41,pan_unique/disease__train_41.png,1976,976,157,70,1721,900,1.0,32,2.27
dentex,disease__train_410,pan_unique/disease__train_410.png,2838,1316,284,194,2515,1244,1.0,24,2.32
dentex,disease__train_411,pan_unique/disease__train_411.png,2872,1504,333,194,2556,1456,1.0,30,2.42
dentex,disease__train_412,pan_unique/disease__train_412.png,2872,1504,231,247,2794,1483,1.0,25,2.39
dentex,disease__train_413,pan_unique/disease__train_413.png,2906,1316,113,119,2694,1225,1.0,27,2.35
dentex,disease__train_414,pan_unique/disease__train_414.png,2855,1316,159,187,2714,1300,1.0,25,2.34
dentex,disease__train_415,pan_unique/disease__train_415.png,2964,1316,256,165,2636,1236,1.0,28,2.33
dentex,disease__train_416,pan_unique/disease__train_416.png,2991,1316,343,162,2585,1264,1.0,32,2.39
dentex,disease__train_417,pan_unique/disease__train_417.png,2982,1316,276,170,2621,1265,1.0,31,2.41
dentex,disease__train_418,pan_unique/disease__train_418.png,2840,1316,167,167,2652,1223,1.0,29,2.4
dentex,disease__train_419,pan_unique/disease__train_419.png,2964,1316,296,204,2580,1276,1.0,27,2.37
dentex,disease__train_42,pan_unique/disease__train_42.png,2828,1316,175,185,2579,1267,1.0,29,2.37
dentex,disease__train_420,pan_unique/disease__train_420.png,2884,1504,213,180,2706,1483,1.0,23,2.37
dentex,disease__train_421,pan_unique/disease__train_421.png,2944,1316,227,127,2595,1244,1.0,26,2.36
dentex,disease__train_422,pan_unique/disease__train_422.png,2836,1316,204,75,2500,1284,1.0,25,2.31
dentex,disease__train_423,pan_unique/disease__train_423.png,2796,1316,152,234,2522,1301,1.0,29,2.32
dentex,disease__train_424,pan_unique/disease__train_424.png,2825,1316,128,193,2759,1277,1.0,31,2.39
dentex,disease__train_425,pan_unique/disease__train_425.png,2844,1316,146,242,2586,1271,1.0,28,2.38
dentex,disease__train_426,pan_unique/disease__train_426.png,2872,1504,329,123,2618,1473,1.0,29,2.45
dentex,disease__train_427,pan_unique/disease__train_427.png,2927,1316,102,89,2758,1199,1.0,28,2.36
dentex,disease__train_428,pan_unique/disease__train_428.png,3076,1536,118,46,2821,1507,0.9999,30,2.48
dentex,disease__train_429,pan_unique/disease__train_429.png,2854,1316,77,62,2719,1224,1.0,30,2.41
dentex,disease__train_43,pan_unique/disease__train_43.png,2868,1504,217,210,2682,1431,1.0,28,2.38
dentex,disease__train_430,pan_unique/disease__train_430.png,2952,1316,186,64,2708,1173,1.0,28,2.37
dentex,disease__train_431,pan_unique/disease__train_431.png,2838,1316,94,92,2655,1280,1.0,32,2.43
dentex,disease__train_432,pan_unique/disease__train_432.png,2868,1504,256,312,2674,1484,1.0,24,2.32
dentex,disease__train_433,pan_unique/disease__train_433.png,2842,1316,211,203,2553,1280,1.0,15,2.27
dentex,disease__train_434,pan_unique/disease__train_434.png,2496,1504,0,117,2286,1475,1.0,31,2.43
dentex,disease__train_435,pan_unique/disease__train_435.png,2909,1316,184,62,2645,1247,1.0,18,2.25
dentex,disease__train_436,pan_unique/disease__train_436.png,2872,1504,140,226,2734,1428,1.0,19,2.34
dentex,disease__train_437,pan_unique/disease__train_437.png,2856,1316,171,119,2511,1272,1.0,31,2.39
dentex,disease__train_438,pan_unique/disease__train_438.png,2689,1316,231,129,2410,1247,1.0,32,2.4
dentex,disease__train_439,pan_unique/disease__train_439.png,2872,1504,177,296,2818,1379,1.0,23,2.32
dentex,disease__train_44,pan_unique/disease__train_44.png,2953,1316,243,309,2561,1297,1.0,23,2.33
dentex,disease__train_440,pan_unique/disease__train_440.png,2750,1316,143,171,2510,1265,1.0,28,2.34
dentex,disease__train_441,pan_unique/disease__train_441.png,2884,1504,114,68,2868,1431,1.0,27,2.46
dentex,disease__train_442,pan_unique/disease__train_442.png,2983,1316,137,238,2548,1271,1.0,20,2.3
dentex,disease__train_443,pan_unique/disease__train_443.png,2880,1504,156,319,2748,1411,1.0,22,2.31
dentex,disease__train_444,pan_unique/disease__train_444.png,2750,1316,237,144,2506,1297,1.0,30,2.38
dentex,disease__train_445,pan_unique/disease__train_445.png,2774,1316,147,204,2636,1232,1.0,27,2.34
dentex,disease__train_446,pan_unique/disease__train_446.png,2872,1504,203,228,2790,1504,1.0,32,2.46
dentex,disease__train_447,pan_unique/disease__train_447.png,2795,1316,196,158,2610,1291,1.0,29,2.32
dentex,disease__train_448,pan_unique/disease__train_448.png,2765,1316,127,127,2581,1269,1.0,32,2.37
dentex,disease__train_449,pan_unique/disease__train_449.png,2872,1504,197,254,2659,1456,1.0,30,2.38
dentex,disease__train_45,pan_unique/disease__train_45.png,2838,1316,225,220,2529,1276,1.0,29,2.37
dentex,disease__train_450,pan_unique/disease__train_450.png,2872,1504,289,132,2729,1447,1.0,32,2.45
dentex,disease__train_451,pan_unique/disease__train_451.png,2789,1316,145,264,2527,1286,1.0,27,2.32
dentex,disease__train_452,pan_unique/disease__train_452.png,2872,1504,272,137,2606,1449,1.0,22,2.37
dentex,disease__train_453,pan_unique/disease__train_453.png,2880,1504,121,198,2814,1438,1.0,31,2.48
dentex,disease__train_454,pan_unique/disease__train_454.png,2981,1316,250,185,2647,1259,1.0,29,2.35
dentex,disease__train_455,pan_unique/disease__train_455.png,2872,1504,90,162,2747,1419,1.0,3,2.21
dentex,disease__train_456,pan_unique/disease__train_456.png,2799,1316,61,242,2672,1260,1.0,31,2.39
dentex,disease__train_457,pan_unique/disease__train_457.png,2888,1316,178,116,2641,1272,1.0,28,2.35
dentex,disease__train_458,pan_unique/disease__train_458.png,2868,1504,225,215,2817,1474,1.0,32,2.42
dentex,disease__train_459,pan_unique/disease__train_459.png,2872,1316,241,34,2595,1234,1.0,27,2.36
dentex,disease__train_46,pan_unique/disease__train_46.png,2864,1316,252,221,2601,1267,1.0,29,2.29
dentex,disease__train_460,pan_unique/disease__train_460.png,2872,1504,231,244,2661,1437,1.0,29,2.35
dentex,disease__train_461,pan_unique/disease__train_461.png,2833,1316,174,114,2618,1268,1.0,28,2.32
dentex,disease__train_462,pan_unique/disease__train_462.png,2872,1504,286,186,2753,1414,1.0,27,2.35
dentex,disease__train_463,pan_unique/disease__train_463.png,2824,1316,275,124,2533,1308,1.0,28,2.41
dentex,disease__train_464,pan_unique/disease__train_464.png,2872,1504,148,162,2770,1352,1.0,31,2.42
dentex,disease__train_465,pan_unique/disease__train_465.png,2928,1316,153,91,2651,1237,1.0,29,2.38
dentex,disease__train_466,pan_unique/disease__train_466.png,2983,1316,317,181,2606,1248,1.0,22,2.32
dentex,disease__train_467,pan_unique/disease__train_467.png,2540,1504,9,223,2350,1458,1.0,25,2.39
dentex,disease__train_468,pan_unique/disease__train_468.png,2989,1316,234,38,2637,1228,1.0,25,2.37
dentex,disease__train_469,pan_unique/disease__train_469.png,2979,1316,228,185,2667,1289,1.0,31,2.41
dentex,disease__train_47,pan_unique/disease__train_47.png,2819,1316,73,122,2694,1254,1.0,31,2.38
dentex,disease__train_470,pan_unique/disease__train_470.png,2857,1316,194,208,2634,1252,1.0,18,2.26
dentex,disease__train_471,pan_unique/disease__train_471.png,2412,1504,0,265,2124,1445,1.0,30,2.36
dentex,disease__train_472,pan_unique/disease__train_472.png,3004,1316,340,223,2610,1295,1.0,27,2.34
dentex,disease__train_473,pan_unique/disease__train_473.png,2969,1316,287,123,2555,1243,1.0,25,2.33
dentex,disease__train_474,pan_unique/disease__train_474.png,2890,1316,322,141,2577,1297,1.0,29,2.39
dentex,disease__train_475,pan_unique/disease__train_475.png,2872,1504,265,261,2737,1473,1.0,26,2.4
dentex,disease__train_476,pan_unique/disease__train_476.png,1976,976,92,89,1754,902,1.0,28,2.27
dentex,disease__train_477,pan_unique/disease__train_477.png,2888,1504,120,223,2857,1479,1.0,29,2.41
dentex,disease__train_478,pan_unique/disease__train_478.png,2830,1316,27,245,2695,1268,1.0,32,2.39
dentex,disease__train_479,pan_unique/disease__train_479.png,2872,1504,220,213,2703,1427,1.0,23,2.33
dentex,disease__train_48,pan_unique/disease__train_48.png,2885,1316,116,94,2664,1235,1.0,30,2.38
dentex,disease__train_480,pan_unique/disease__train_480.png,2444,1504,0,157,2169,1433,1.0,30,2.49
dentex,disease__train_481,pan_unique/disease__train_481.png,2480,1504,254,51,2285,1363,0.9931,22,2.44
dentex,disease__train_482,pan_unique/disease__train_482.png,2854,1316,237,240,2485,1277,1.0,29,2.38
dentex,disease__train_483,pan_unique/disease__train_483.png,1976,976,178,107,1679,902,1.0,30,2.31
dentex,disease__train_484,pan_unique/disease__train_484.png,2971,1316,297,146,2594,1261,1.0,24,2.3
dentex,disease__train_485,pan_unique/disease__train_485.png,2802,1316,118,215,2566,1272,1.0,31,2.35
dentex,disease__train_486,pan_unique/disease__train_486.png,2921,1316,58,91,2835,1231,1.0,23,2.34
dentex,disease__train_487,pan_unique/disease__train_487.png,2677,1316,191,272,2482,1276,1.0,32,2.38
dentex,disease__train_488,pan_unique/disease__train_488.png,2741,1316,115,80,2605,1264,1.0,24,2.35
dentex,disease__train_489,pan_unique/disease__train_489.png,2921,1316,238,333,2620,1267,1.0,23,2.29
dentex,disease__train_49,pan_unique/disease__train_49.png,1976,976,163,62,1643,886,1.0,29,2.33
dentex,disease__train_490,pan_unique/disease__train_490.png,2744,1316,182,247,2458,1266,1.0,29,2.36
dentex,disease__train_491,pan_unique/disease__train_491.png,2936,1316,104,176,2805,1267,1.0,26,2.33
dentex,disease__train_492,pan_unique/disease__train_492.png,2868,1504,229,230,2748,1479,1.0,30,2.45
dentex,disease__train_493,pan_unique/disease__train_493.png,2843,1316,113,298,2737,1285,1.0,32,2.34
dentex,disease__train_494,pan_unique/disease__train_494.png,2612,1504,86,35,2411,1432,1.0,32,2.5
dentex,disease__train_495,pan_unique/disease__train_495.png,2872,1504,318,298,2723,1494,1.0,31,2.42
dentex,disease__train_496,pan_unique/disease__train_496.png,3139,1350,277,209,2784,1346,0.9998,26,2.4
dentex,disease__train_497,pan_unique/disease__train_497.png,2872,1504,239,357,2741,1472,1.0,33,2.39
dentex,disease__train_498,pan_unique/disease__train_498.png,2910,1316,272,191,2589,1269,1.0,29,2.33
dentex,disease__train_499,pan_unique/disease__train_499.png,2940,1316,272,220,2506,1266,1.0,31,2.35
dentex,disease__train_5,pan_unique/disease__train_5.png,2750,1316,119,278,2484,1287,1.0,29,2.39
dentex,disease__train_50,pan_unique/disease__train_50.png,2872,1504,211,185,2713,1430,1.0,29,2.4
dentex,disease__train_500,pan_unique/disease__train_500.png,2924,1316,255,245,2671,1306,1.0,30,2.44
dentex,disease__train_501,pan_unique/disease__train_501.png,2824,1316,265,19,2468,1248,1.0,28,2.41
dentex,disease__train_502,pan_unique/disease__train_502.png,2849,1316,0,130,2789,1237,1.0,30,2.39
dentex,disease__train_503,pan_unique/disease__train_503.png,2868,1504,280,101,2726,1489,1.0,31,2.5
dentex,disease__train_504,pan_unique/disease__train_504.png,2856,1316,262,206,2592,1268,1.0,22,2.29
dentex,disease__train_505,pan_unique/disease__train_505.png,2930,1316,333,204,2535,1221,1.0,29,2.4
dentex,disease__train_506,pan_unique/disease__train_506.png,2862,1316,232,183,2658,1297,1.0,31,2.44
dentex,disease__train_507,pan_unique/disease__train_507.png,2926,1316,256,171,2515,1256,1.0,27,2.42
dentex,disease__train_508,pan_unique/disease__train_508.png,2872,1504,223,110,2864,1479,1.0,24,2.4
dentex,disease__train_509,pan_unique/disease__train_509.png,2928,1316,298,303,2622,1291,1.0,29,2.34
dentex,disease__train_51,pan_unique/disease__train_51.png,2951,1316,230,183,2634,1268,1.0,26,2.35
dentex,disease__train_510,pan_unique/disease__train_510.png,2896,1316,197,85,2609,1204,1.0,23,2.37
dentex,disease__train_511,pan_unique/disease__train_511.png,2872,1504,191,191,2741,1479,1.0,29,2.39
dentex,disease__train_512,pan_unique/disease__train_512.png,2872,1504,273,112,2677,1430,1.0,29,2.41
dentex,disease__train_513,pan_unique/disease__train_513.png,2867,1316,230,211,2569,1287,1.0,30,2.39
dentex,disease__train_514,pan_unique/disease__train_514.png,2953,1316,146,164,2621,1249,1.0,23,2.32
dentex,disease__train_515,pan_unique/disease__train_515.png,2860,1316,301,26,2487,1221,1.0,31,2.46
dentex,disease__train_516,pan_unique/disease__train_516.png,2892,1316,284,198,2585,1189,1.0,27,2.36
dentex,disease__train_517,pan_unique/disease__train_517.png,2872,1504,105,162,2810,1504,1.0,32,2.53
dentex,disease__train_518,pan_unique/disease__train_518.png,2982,1316,267,190,2647,1289,1.0,27,2.36
dentex,disease__train_519,pan_unique/disease__train_519.png,2868,1504,203,178,2751,1451,1.0,22,2.34
dentex,disease__train_52,pan_unique/disease__train_52.png,2836,1316,41,144,2691,1248,1.0,19,2.26
dentex,disease__train_520,pan_unique/disease__train_520.png,2942,1316,233,86,2576,1255,1.0,30,2.37
dentex,disease__train_521,pan_unique/disease__train_521.png,2944,1316,288,193,2595,1277,1.0,28,2.33
dentex,disease__train_522,pan_unique/disease__train_522.png,2925,1316,276,127,2616,1260,1.0,23,2.35
dentex,disease__train_523,pan_unique/disease__train_523.png,2942,1316,248,57,2709,1230,1.0,29,2.4
dentex,disease__train_524,pan_unique/disease__train_524.png,2872,1504,204,163,2760,1421,1.0,26,2.37
dentex,disease__train_525,pan_unique/disease__train_525.png,2657,1316,94,0,2527,1169,1.0,30,2.42
dentex,disease__train_526,pan_unique/disease__train_526.png,2902,1316,138,267,2679,1291,1.0,28,2.38
dentex,disease__train_527,pan_unique/disease__train_527.png,2939,1316,169,78,2682,1269,1.0,16,2.29
dentex,disease__train_528,pan_unique/disease__train_528.png,2948,1316,150,130,2609,1239,1.0,27,2.37
dentex,disease__train_529,pan_unique/disease__train_529.png,2872,1504,199,215,2705,1464,1.0,30,2.41
dentex,disease__train_53,pan_unique/disease__train_53.png,2884,1504,184,114,2832,1482,1.0,31,2.5
dentex,disease__train_530,pan_unique/disease__train_530.png,2828,1316,282,106,2552,1230,1.0,30,2.41
dentex,disease__train_531,pan_unique/disease__train_531.png,2872,1504,185,152,2765,1396,1.0,30,2.46
dentex,disease__train_532,pan_unique/disease__train_532.png,2868,1504,239,157,2730,1468,1.0,30,2.35
dentex,disease__train_533,pan_unique/disease__train_533.png,2964,1316,394,148,2618,1276,1.0,16,2.25
dentex,disease__train_534,pan_unique/disease__train_534.png,2884,1504,264,346,2729,1491,1.0,27,2.4
dentex,disease__train_535,pan_unique/disease__train_535.png,2954,1316,345,108,2603,1249,1.0,28,2.4
dentex,disease__train_536,pan_unique/disease__train_536.png,2900,1316,137,286,2675,1269,1.0,32,2.37
dentex,disease__train_537,pan_unique/disease__train_537.png,2880,1504,150,82,2849,1469,1.0,27,2.46
dentex,disease__train_538,pan_unique/disease__train_538.png,2959,1316,189,60,2663,1276,1.0,30,2.42
dentex,disease__train_539,pan_unique/disease__train_539.png,2768,1316,155,185,2625,1292,1.0,31,2.38
dentex,disease__train_54,pan_unique/disease__train_54.png,2904,1316,178,218,2647,1288,1.0,26,2.37
dentex,disease__train_540,pan_unique/disease__train_540.png,2723,1316,175,45,2487,1157,1.0,30,2.39
dentex,disease__train_541,pan_unique/disease__train_541.png,2729,1316,161,301,2516,1302,1.0,29,2.38
dentex,disease__train_542,pan_unique/disease__train_542.png,2872,1504,289,134,2687,1427,1.0,32,2.46
dentex,disease__train_543,pan_unique/disease__train_543.png,2892,1503,175,337,2714,1399,1.0,30,2.42
dentex,disease__train_544,pan_unique/disease__train_544.png,2832,1316,95,65,2566,1269,1.0,26,2.37
dentex,disease__train_545,pan_unique/disease__train_545.png,2872,1504,309,361,2688,1456,1.0,32,2.35
dentex,disease__train_546,pan_unique/disease__train_546.png,2886,1316,251,94,2589,1270,1.0,32,2.43
dentex,disease__train_547,pan_unique/disease__train_547.png,2780,1316,65,80,2699,1202,1.0,32,2.39
dentex,disease__train_548,pan_unique/disease__train_548.png,2884,1504,170,217,2861,1454,1.0,29,2.42
dentex,disease__train_549,pan_unique/disease__train_549.png,2814,1316,67,146,2720,1243,1.0,32,2.36
dentex,disease__train_55,pan_unique/disease__train_55.png,2872,1504,296,317,2687,1449,1.0,24,2.35
dentex,disease__train_550,pan_unique/disease__train_550.png,2872,1504,201,185,2812,1481,1.0,31,2.44
dentex,disease__train_551,pan_unique/disease__train_551.png,1976,976,175,106,1708,894,1.0,31,2.29
dentex,disease__train_552,pan_unique/disease__train_552.png,1976,976,173,91,1678,883,1.0,33,2.36
dentex,disease__train_553,pan_unique/disease__train_553.png,2872,1504,163,114,2729,1432,1.0,30,2.45
dentex,disease__train_554,pan_unique/disease__train_554.png,2933,1316,280,27,2586,1241,1.0,30,2.42
dentex,disease__train_555,pan_unique/disease__train_555.png,2828,1316,315,121,2479,1302,1.0,28,2.42
dentex,disease__train_556,pan_unique/disease__train_556.png,2727,1316,115,237,2594,1291,1.0,27,2.35
dentex,disease__train_557,pan_unique/disease__train_557.png,2967,1316,167,88,2625,1247,1.0,27,2.29
dentex,disease__train_558,pan_unique/disease__train_558.png,2868,1504,131,173,2697,1504,1.0,30,2.41
dentex,disease__train_559,pan_unique/disease__train_559.png,2741,1316,185,74,2513,1236,1.0,18,2.27
dentex,disease__train_56,pan_unique/disease__train_56.png,2872,1504,291,252,2739,1487,1.0,27,2.46
dentex,disease__train_560,pan_unique/disease__train_560.png,2789,1316,135,109,2633,1227,1.0,30,2.37
dentex,disease__train_561,pan_unique/disease__train_561.png,2604,1504,26,153,2443,1436,1.0,22,2.38
dentex,disease__train_562,pan_unique/disease__train_562.png,2868,1504,263,60,2798,1454,0.9998,31,2.52
dentex,disease__train_563,pan_unique/disease__train_563.png,2907,1316,220,181,2627,1284,1.0,29,2.44
dentex,disease__train_564,pan_unique/disease__train_564.png,1976,976,136,126,1778,913,1.0,30,2.3
dentex,disease__train_565,pan_unique/disease__train_565.png,2861,1316,112,63,2587,1252,1.0,28,2.4
dentex,disease__train_566,pan_unique/disease__train_566.png,2856,1316,302,294,2581,1300,1.0,31,2.37
dentex,disease__train_567,pan_unique/disease__train_567.png,2914,1316,279,51,2546,1257,1.0,24,2.33
dentex,disease__train_568,pan_unique/disease__train_568.png,2842,1316,119,174,2720,1214,1.0,32,2.35
dentex,disease__train_569,pan_unique/disease__train_569.png,2868,1504,192,116,2843,1434,1.0,30,2.44
dentex,disease__train_57,pan_unique/disease__train_57.png,2872,1504,189,48,2693,1384,1.0,29,2.4
dentex,disease__train_570,pan_unique/disease__train_570.png,2909,1316,119,97,2661,1212,1.0,31,2.39
dentex,disease__train_571,pan_unique/disease__train_571.png,2775,1316,106,90,2611,1242,1.0,32,2.38
dentex,disease__train_572,pan_unique/disease__train_572.png,2927,1316,161,50,2684,1263,1.0,28,2.41
dentex,disease__train_573,pan_unique/disease__train_573.png,2938,1316,166,97,2739,1251,1.0,32,2.41
dentex,disease__train_574,pan_unique/disease__train_574.png,2872,1504,239,150,2747,1425,1.0,23,2.39
dentex,disease__train_575,pan_unique/disease__train_575.png,2556,1504,0,92,2350,1417,1.0,31,2.49
dentex,disease__train_576,pan_unique/disease__train_576.png,2758,1316,111,269,2566,1276,1.0,21,2.33
dentex,disease__train_577,pan_unique/disease__train_577.png,2732,1316,53,268,2567,1256,1.0,26,2.31
dentex,disease__train_578,pan_unique/disease__train_578.png,2982,1316,319,138,2578,1242,1.0,27,2.42
dentex,disease__train_579,pan_unique/disease__train_579.png,2950,1316,147,39,2720,1219,1.0,27,2.4
dentex,disease__train_58,pan_unique/disease__train_58.png,2738,1316,123,113,2575,1259,1.0,32,2.44
dentex,disease__train_580,pan_unique/disease__train_580.png,2804,1316,145,265,2531,1299,1.0,32,2.4
dentex,disease__train_581,pan_unique/disease__train_581.png,2788,1316,325,54,2436,1201,1.0,29,2.34
dentex,disease__train_582,pan_unique/disease__train_582.png,2977,1316,201,184,2836,1220,1.0,31,2.35
dentex,disease__train_583,pan_unique/disease__train_583.png,2839,1316,166,117,2602,1259,1.0,20,2.29
dentex,disease__train_584,pan_unique/disease__train_584.png,2868,1504,221,361,2777,1488,1.0,30,2.41
dentex,disease__train_585,pan_unique/disease__train_585.png,2872,1504,227,225,2746,1431,1.0,29,2.42
dentex,disease__train_586,pan_unique/disease__train_586.png,2500,1504,0,123,2220,1289,1.0,26,2.39
dentex,disease__train_587,pan_unique/disease__train_587.png,2714,1316,0,116,2608,1238,1.0,28,2.35
dentex,disease__train_588,pan_unique/disease__train_588.png,2900,1316,156,249,2734,1248,1.0,29,2.38
dentex,disease__train_589,pan_unique/disease__train_589.png,2954,1316,213,111,2608,1211,1.0,23,2.34
dentex,disease__train_59,pan_unique/disease__train_59.png,2862,1316,192,80,2614,1231,1.0,32,2.42
dentex,disease__train_590,pan_unique/disease__train_590.png,2954,1316,110,171,2729,1242,1.0,25,2.34
dentex,disease__train_591,pan_unique/disease__train_591.png,3076,1536,76,104,2878,1422,1.0,26,2.42
dentex,disease__train_592,pan_unique/disease__train_592.png,2884,1504,247,264,2787,1415,1.0,27,2.38
dentex,disease__train_593,pan_unique/disease__train_593.png,2872,1504,209,185,2745,1440,1.0,22,2.33
dentex,disease__train_594,pan_unique/disease__train_594.png,2872,1504,232,169,2714,1458,1.0,27,2.35
dentex,disease__train_595,pan_unique/disease__train_595.png,2841,1316,257,231,2539,1267,1.0,28,2.34
dentex,disease__train_596,pan_unique/disease__train_596.png,2812,1316,143,139,2625,1257,1.0,28,2.35
dentex,disease__train_597,pan_unique/disease__train_597.png,2723,1316,186,193,2498,1306,1.0,27,2.37
dentex,disease__train_598,pan_unique/disease__train_598.png,2984,1316,338,147,2592,1256,1.0,29,2.4
dentex,disease__train_599,pan_unique/disease__train_599.png,2872,1504,235,115,2800,1451,1.0,32,2.47
dentex,disease__train_6,pan_unique/disease__train_6.png,2835,1316,243,136,2585,1285,1.0,18,2.33
dentex,disease__train_60,pan_unique/disease__train_60.png,2969,1316,257,196,2733,1255,1.0,17,2.28
dentex,disease__train_600,pan_unique/disease__train_600.png,2980,1316,274,130,2509,1233,1.0,22,2.35
dentex,disease__train_601,pan_unique/disease__train_601.png,2795,1316,204,141,2472,1252,1.0,27,2.42
dentex,disease__train_602,pan_unique/disease__train_602.png,2872,1504,270,289,2765,1437,1.0,24,2.37
dentex,disease__train_603,pan_unique/disease__train_603.png,2918,1316,69,134,2802,1243,1.0,30,2.41
dentex,disease__train_604,pan_unique/disease__train_604.png,2867,1316,128,241,2588,1261,1.0,28,2.39
dentex,disease__train_605,pan_unique/disease__train_605.png,2868,1504,66,157,2793,1459,1.0,31,2.43
dentex,disease__train_606,pan_unique/disease__train_606.png,1976,976,138,120,1723,901,1.0,29,2.21
dentex,disease__train_607,pan_unique/disease__train_607.png,2870,1316,129,45,2630,1224,1.0,30,2.37
dentex,disease__train_608,pan_unique/disease__train_608.png,1976,976,192,113,1700,894,1.0,28,2.29
dentex,disease__train_609,pan_unique/disease__train_609.png,2809,1316,117,55,2607,1242,1.0,29,2.4
dentex,disease__train_61,pan_unique/disease__train_61.png,2916,1316,261,92,2626,1242,1.0,27,2.36
dentex,disease__train_610,pan_unique/disease__train_610.png,2748,1316,166,287,2543,1312,1.0,26,2.34
dentex,disease__train_611,pan_unique/disease__train_611.png,2912,1316,261,159,2584,1221,1.0,22,2.33
dentex,disease__train_612,pan_unique/disease__train_612.png,2769,1316,44,34,2545,1286,1.0,30,2.42
dentex,disease__train_613,pan_unique/disease__train_613.png,2802,1316,205,240,2530,1275,1.0,25,2.35
dentex,disease__train_614,pan_unique/disease__train_614.png,2872,1504,228,166,2788,1456,1.0,32,2.46
dentex,disease__train_615,pan_unique/disease__train_615.png,2966,1316,278,243,2587,1244,1.0,21,2.3
dentex,disease__train_616,pan_unique/disease__train_616.png,2476,1504,86,175,2336,1457,0.9999,27,2.45
dentex,disease__train_617,pan_unique/disease__train_617.png,2882,1316,243,220,2653,1312,1.0,20,2.28
dentex,disease__train_618,pan_unique/disease__train_618.png,2814,1316,257,221,2528,1207,1.0,30,2.34
dentex,disease__train_619,pan_unique/disease__train_619.png,2830,1316,176,299,2555,1290,1.0,24,2.28
dentex,disease__train_62,pan_unique/disease__train_62.png,2867,1316,187,188,2572,1251,1.0,23,2.32
dentex,disease__train_620,pan_unique/disease__train_620.png,2945,1316,163,193,2738,1255,1.0,29,2.4
dentex,disease__train_621,pan_unique/disease__train_621.png,3004,1316,311,104,2637,1271,1.0,24,2.38
dentex,disease__train_622,pan_unique/disease__train_622.png,2977,1316,169,406,2545,1296,0.9999,22,2.28
dentex,disease__train_623,pan_unique/disease__train_623.png,2872,1504,220,254,2757,1448,1.0,22,2.34
dentex,disease__train_624,pan_unique/disease__train_624.png,1976,976,169,68,1715,905,1.0,32,2.35
dentex,disease__train_625,pan_unique/disease__train_625.png,2756,1316,214,350,2523,1305,1.0,31,2.39
dentex,disease__train_626,pan_unique/disease__train_626.png,2811,1316,105,195,2650,1257,1.0,32,2.43
dentex,disease__train_627,pan_unique/disease__train_627.png,2670,1316,34,99,2552,1292,1.0,30,2.4
dentex,disease__train_628,pan_unique/disease__train_628.png,2845,1316,58,118,2689,1197,1.0,29,2.39
dentex,disease__train_629,pan_unique/disease__train_629.png,2833,1316,241,256,2577,1244,1.0,32,2.4
dentex,disease__train_63,pan_unique/disease__train_63.png,3001,1316,336,166,2678,1275,1.0,28,2.35
dentex,disease__train_630,pan_unique/disease__train_630.png,2899,1316,259,152,2660,1253,1.0,32,2.35
dentex,disease__train_631,pan_unique/disease__train_631.png,2903,1316,168,241,2681,1278,1.0,31,2.34
dentex,disease__train_632,pan_unique/disease__train_632.png,2822,1316,216,239,2596,1267,1.0,32,2.37
dentex,disease__train_633,pan_unique/disease__train_633.png,2973,1316,338,291,2684,1283,1.0,24,2.31
dentex,disease__train_634,pan_unique/disease__train_634.png,2952,1316,209,107,2644,1195,1.0,30,2.39
dentex,disease__train_635,pan_unique/disease__train_635.png,2918,1316,226,220,2593,1292,1.0,26,2.41
dentex,disease__train_636,pan_unique/disease__train_636.png,2880,1504,199,145,2790,1475,1.0,19,2.36
dentex,disease__train_637,pan_unique/disease__train_637.png,3076,1536,222,137,2793,1460,1.0,31,2.48
dentex,disease__train_638,pan_unique/disease__train_638.png,2972,1316,206,147,2667,1242,1.0,30,2.4
dentex,disease__train_639,pan_unique/disease__train_639.png,2852,1316,188,177,2535,1255,1.0,28,2.37
dentex,disease__train_64,pan_unique/disease__train_64.png,2896,1316,306,302,2597,1290,1.0,32,2.4
dentex,disease__train_640,pan_unique/disease__train_640.png,2920,1316,203,217,2616,1282,1.0,29,2.36
dentex,disease__train_641,pan_unique/disease__train_641.png,2989,1316,372,210,2589,1283,1.0,27,2.33
dentex,disease__train_642,pan_unique/disease__train_642.png,2879,1316,90,122,2710,1266,1.0,30,2.34
dentex,disease__train_643,pan_unique/disease__train_643.png,2900,1316,132,116,2681,1245,1.0,26,2.33
dentex,disease__train_644,pan_unique/disease__train_644.png,2899,1316,188,110,2640,1262,1.0,23,2.29
dentex,disease__train_645,pan_unique/disease__train_645.png,2908,1316,177,181,2608,1252,1.0,30,2.33
dentex,disease__train_646,pan_unique/disease__train_646.png,2830,1316,256,52,2528,1303,1.0,25,2.33
dentex,disease__train_647,pan_unique/disease__train_647.png,2935,1316,141,154,2677,1230,1.0,27,2.37
dentex,disease__train_648,pan_unique/disease__train_648.png,2710,1316,96,268,2506,1293,1.0,27,2.34
dentex,disease__train_649,pan_unique/disease__train_649.png,2922,1316,122,96,2616,1287,1.0,33,2.45
dentex,disease__train_65,pan_unique/disease__train_65.png,2800,1316,122,162,2547,1263,1.0,31,2.44
dentex,disease__train_650,pan_unique/disease__train_650.png,2872,1504,185,146,2856,1434,1.0,27,2.42
dentex,disease__train_651,pan_unique/disease__train_651.png,2872,1504,217,95,2769,1447,1.0,32,2.55
dentex,disease__train_652,pan_unique/disease__train_652.png,2872,1504,218,119,2779,1465,1.0,26,2.4
dentex,disease__train_653,pan_unique/disease__train_653.png,2873,1316,153,285,2649,1278,1.0,28,2.3
dentex,disease__train_654,pan_unique/disease__train_654.png,2868,1504,164,46,2785,1434,1.0,27,2.4
dentex,disease__train_655,pan_unique/disease__train_655.png,2786,1316,271,340,2584,1301,1.0,31,2.31
dentex,disease__train_656,pan_unique/disease__train_656.png,3045,1350,199,39,2737,1241,1.0,32,2.37
dentex,disease__train_657,pan_unique/disease__train_657.png,2851,1316,225,285,2605,1295,1.0,26,2.32
dentex,disease__train_658,pan_unique/disease__train_658.png,2656,1316,45,203,2575,1243,1.0,27,2.33
dentex,disease__train_659,pan_unique/disease__train_659.png,2932,1316,272,173,2636,1273,1.0,29,2.37
dentex,disease__train_66,pan_unique/disease__train_66.png,2967,1316,205,289,2683,1287,1.0,32,2.35
dentex,disease__train_660,pan_unique/disease__train_660.png,2939,1316,220,198,2681,1250,1.0,28,2.36
dentex,disease__train_661,pan_unique/disease__train_661.png,2872,1504,319,286,2674,1455,1.0,26,2.38
dentex,disease__train_662,pan_unique/disease__train_662.png,2892,1316,100,184,2666,1149,1.0,30,2.39
dentex,disease__train_663,pan_unique/disease__train_663.png,1976,976,136,98,1775,896,1.0,32,2.34
dentex,disease__train_664,pan_unique/disease__train_664.png,2759,1316,141,46,2548,1266,1.0,32,2.44
dentex,disease__train_665,pan_unique/disease__train_665.png,2929,1316,250,91,2628,1269,1.0,26,2.38
dentex,disease__train_666,pan_unique/disease__train_666.png,2872,1504,383,397,2665,1485,1.0,13,2.27
dentex,disease__train_667,pan_unique/disease__train_667.png,2923,1316,284,132,2553,1264,1.0,25,2.37
dentex,disease__train_668,pan_unique/disease__train_668.png,2871,1316,189,202,2599,1234,1.0,29,2.34
dentex,disease__train_669,pan_unique/disease__train_669.png,2984,1316,287,227,2610,1285,1.0,22,2.26
dentex,disease__train_67,pan_unique/disease__train_67.png,2872,1504,232,100,2688,1476,0.9999,27,2.42
dentex,disease__train_670,pan_unique/disease__train_670.png,2771,1316,136,86,2506,1274,1.0,31,2.36
dentex,disease__train_671,pan_unique/disease__train_671.png,2892,1503,322,158,2668,1410,1.0,32,2.44
dentex,disease__train_672,pan_unique/disease__train_672.png,2903,1316,274,229,2574,1243,1.0,29,2.37
dentex,disease__train_673,pan_unique/disease__train_673.png,2744,1316,79,179,2490,1269,1.0,30,2.41
dentex,disease__train_674,pan_unique/disease__train_674.png,2850,1316,217,139,2615,1277,1.0,31,2.4
dentex,disease__train_675,pan_unique/disease__train_675.png,2872,1504,186,89,2759,1466,1.0,30,2.48
dentex,disease__train_676,pan_unique/disease__train_676.png,2754,1316,90,199,2679,1229,1.0,16,2.24
dentex,disease__train_677,pan_unique/disease__train_677.png,3020,1350,235,194,2742,1316,1.0,32,2.43
dentex,disease__train_678,pan_unique/disease__train_678.png,2872,1504,285,184,2727,1439,1.0,14,2.28
dentex,disease__train_679,pan_unique/disease__train_679.png,2884,1504,161,129,2752,1415,1.0,27,2.43
dentex,disease__train_68,pan_unique/disease__train_68.png,2964,1316,113,26,2607,1211,1.0,19,2.24
dentex,disease__train_680,pan_unique/disease__train_680.png,2798,1316,171,113,2610,1247,1.0,27,2.36
dentex,disease__train_681,pan_unique/disease__train_681.png,2844,1316,0,60,2758,1214,1.0,25,2.28
dentex,disease__train_682,pan_unique/disease__train_682.png,2905,1316,194,210,2626,1290,1.0,24,2.29
dentex,disease__train_683,pan_unique/disease__train_683.png,2940,1316,51,117,2575,1207,1.0,27,2.33
dentex,disease__train_684,pan_unique/disease__train_684.png,2694,1316,10,196,2561,1261,1.0,33,2.4
dentex,disease__train_685,pan_unique/disease__train_685.png,2872,1504,168,153,2872,1470,1.0,32,2.48
dentex,disease__train_686,pan_unique/disease__train_686.png,2872,1504,378,92,2592,1438,1.0,29,2.41
dentex,disease__train_687,pan_unique/disease__train_687.png,2883,1316,229,127,2616,1262,1.0,28,2.37
dentex,disease__train_688,pan_unique/disease__train_688.png,2864,1316,195,49,2582,1284,0.9999,30,2.47
dentex,disease__train_689,pan_unique/disease__train_689.png,2751,1316,50,235,2593,1277,1.0,23,2.35
dentex,disease__train_69,pan_unique/disease__train_69.png,2963,1316,256,267,2629,1284,1.0,19,2.28
dentex,disease__train_690,pan_unique/disease__train_690.png,2750,1316,152,177,2578,1294,1.0,31,2.39
dentex,disease__train_691,pan_unique/disease__train_691.png,2827,1316,288,239,2432,1293,1.0,26,2.29
dentex,disease__train_692,pan_unique/disease__train_692.png,2806,1316,147,92,2600,1221,1.0,31,2.32
dentex,disease__train_693,pan_unique/disease__train_693.png,2827,1316,152,208,2606,1281,1.0,32,2.35
dentex,disease__train_694,pan_unique/disease__train_694.png,2872,1504,312,278,2737,1493,1.0,31,2.47
dentex,disease__train_695,pan_unique/disease__train_695.png,2872,1504,306,220,2725,1455,1.0,26,2.48
dentex,disease__train_696,pan_unique/disease__train_696.png,2965,1316,283,114,2719,1246,1.0,26,2.38
dentex,disease__train_697,pan_unique/disease__train_697.png,2428,1504,0,197,2215,1442,1.0,25,2.41
dentex,disease__train_698,pan_unique/disease__train_698.png,2872,1504,246,192,2739,1462,1.0,29,2.42
dentex,disease__train_699,pan_unique/disease__train_699.png,2768,1316,229,249,2562,1259,1.0,25,2.36
dentex,disease__train_7,pan_unique/disease__train_7.png,2920,1316,192,260,2652,1285,1.0,30,2.36
dentex,disease__train_70,pan_unique/disease__train_70.png,2862,1316,0,135,2680,1278,1.0,19,2.26
dentex,disease__train_700,pan_unique/disease__train_700.png,3076,1536,170,42,2805,1411,1.0,24,2.38
dentex,disease__train_701,pan_unique/disease__train_701.png,2906,1316,119,22,2649,1245,1.0,28,2.4
dentex,disease__train_702,pan_unique/disease__train_702.png,2886,1316,121,196,2816,1279,1.0,21,2.33
dentex,disease__train_703,pan_unique/disease__train_703.png,2822,1316,308,177,2459,1316,1.0,31,2.39
dentex,disease__train_704,pan_unique/disease__train_704.png,2880,1504,133,290,2731,1400,1.0,28,2.33
dentex,disease__train_71,pan_unique/disease__train_71.png,2965,1316,306,239,2563,1279,1.0,29,2.3
dentex,disease__train_72,pan_unique/disease__train_72.png,2892,1503,273,310,2766,1413,1.0,24,2.29
dentex,disease__train_73,pan_unique/disease__train_73.png,2900,1316,272,255,2611,1239,1.0,17,2.26
dentex,disease__train_74,pan_unique/disease__train_74.png,2576,1504,115,174,2279,1457,1.0,27,2.38
dentex,disease__train_75,pan_unique/disease__train_75.png,2872,1504,283,365,2709,1484,1.0,29,2.38
dentex,disease__train_76,pan_unique/disease__train_76.png,2872,1504,298,376,2678,1488,1.0,25,2.35
dentex,disease__train_77,pan_unique/disease__train_77.png,2872,1504,143,66,2692,1429,0.9999,29,2.44
dentex,disease__train_78,pan_unique/disease__train_78.png,2791,1316,193,200,2590,1287,1.0,26,2.35
dentex,disease__train_79,pan_unique/disease__train_79.png,1976,976,148,158,1768,889,1.0,33,2.33
dentex,disease__train_8,pan_unique/disease__train_8.png,2872,1504,148,169,2763,1437,1.0,27,2.44
dentex,disease__train_80,pan_unique/disease__train_80.png,2728,1316,153,264,2502,1297,1.0,31,2.38
dentex,disease__train_81,pan_unique/disease__train_81.png,2860,1316,134,122,2691,1225,1.0,26,2.36
dentex,disease__train_82,pan_unique/disease__train_82.png,2872,1504,213,213,2664,1458,1.0,32,2.38
dentex,disease__train_83,pan_unique/disease__train_83.png,2872,1504,215,271,2817,1493,1.0,29,2.37
dentex,disease__train_84,pan_unique/disease__train_84.png,2794,1316,62,222,2682,1229,1.0,27,2.31
dentex,disease__train_85,pan_unique/disease__train_85.png,2785,1316,175,262,2573,1241,1.0,27,2.3
dentex,disease__train_86,pan_unique/disease__train_86.png,2872,1504,237,319,2803,1461,1.0,30,2.44
dentex,disease__train_87,pan_unique/disease__train_87.png,2839,1316,174,301,2573,1291,1.0,22,2.31
dentex,disease__train_88,pan_unique/disease__train_88.png,2872,1504,177,200,2825,1420,1.0,30,2.41
dentex,disease__train_89,pan_unique/disease__train_89.png,2931,1316,257,88,2691,1229,1.0,25,2.35
dentex,disease__train_9,pan_unique/disease__train_9.png,2872,1504,344,127,2752,1465,1.0,28,2.4
dentex,disease__train_90,pan_unique/disease__train_90.png,2868,1504,287,222,2770,1486,1.0,32,2.51
dentex,disease__train_91,pan_unique/disease__train_91.png,2985,1316,255,44,2629,1213,1.0,22,2.31
dentex,disease__train_92,pan_unique/disease__train_92.png,2892,1503,241,322,2669,1418,1.0,14,2.31
dentex,disease__train_93,pan_unique/disease__train_93.png,2953,1316,274,255,2598,1301,1.0,29,2.36
dentex,disease__train_94,pan_unique/disease__train_94.png,2872,1504,219,232,2722,1469,1.0,31,2.4
dentex,disease__train_95,pan_unique/disease__train_95.png,2872,1504,288,79,2790,1432,1.0,28,2.33
dentex,disease__train_96,pan_unique/disease__train_96.png,2868,1504,174,76,2772,1400,1.0,29,2.43
dentex,disease__train_97,pan_unique/disease__train_97.png,2892,1504,136,117,2742,1387,1.0,21,2.31
dentex,disease__train_98,pan_unique/disease__train_98.png,2942,1316,108,129,2728,1198,1.0,30,2.36
dentex,disease__train_99,pan_unique/disease__train_99.png,2840,1316,100,287,2653,1264,1.0,29,2.32
dentex,enum__train_1,pan_unique/enum__train_1.png,2847,1316,181,173,2654,1258,1.0,31,2.38
dentex,enum__train_10,pan_unique/enum__train_10.png,2905,1316,181,71,2664,1194,1.0,16,2.29
dentex,enum__train_100,pan_unique/enum__train_100.png,2907,1316,283,161,2637,1272,1.0,28,2.4
dentex,enum__train_102,pan_unique/enum__train_102.png,2957,1316,222,225,2593,1276,1.0,30,2.37
dentex,enum__train_103,pan_unique/enum__train_103.png,2965,1316,194,258,2686,1287,1.0,31,2.36
dentex,enum__train_105,pan_unique/enum__train_105.png,1976,976,135,78,1683,902,1.0,30,2.33
dentex,enum__train_106,pan_unique/enum__train_106.png,2890,1316,131,134,2626,1215,1.0,29,2.33
dentex,enum__train_108,pan_unique/enum__train_108.png,2846,1316,200,247,2591,1275,1.0,26,2.36
dentex,enum__train_11,pan_unique/enum__train_11.png,2820,1316,162,341,2559,1302,1.0,32,2.34
dentex,enum__train_110,pan_unique/enum__train_110.png,2968,1316,211,156,2660,1240,1.0,31,2.32
dentex,enum__train_112,pan_unique/enum__train_112.png,2916,1316,263,244,2724,1294,1.0,31,2.34
dentex,enum__train_113,pan_unique/enum__train_113.png,2727,1316,143,253,2519,1288,1.0,31,2.32
dentex,enum__train_114,pan_unique/enum__train_114.png,2990,1316,251,235,2700,1256,1.0,27,2.31
dentex,enum__train_115,pan_unique/enum__train_115.png,2808,1316,215,284,2597,1283,1.0,27,2.36
dentex,enum__train_116,pan_unique/enum__train_116.png,2892,1316,90,139,2690,1290,1.0,30,2.39
dentex,enum__train_117,pan_unique/enum__train_117.png,2891,1316,232,155,2573,1264,1.0,29,2.38
dentex,enum__train_12,pan_unique/enum__train_12.png,2868,1504,154,109,2788,1441,1.0,26,2.43
dentex,enum__train_120,pan_unique/enum__train_120.png,2967,1316,208,316,2642,1296,1.0,31,2.36
dentex,enum__train_121,pan_unique/enum__train_121.png,2868,1504,174,106,2745,1446,1.0,21,2.36
dentex,enum__train_122,pan_unique/enum__train_122.png,2931,1316,302,140,2583,1279,1.0,27,2.39
dentex,enum__train_123,pan_unique/enum__train_123.png,2883,1316,270,237,2672,1288,1.0,25,2.32
dentex,enum__train_124,pan_unique/enum__train_124.png,2781,1316,119,64,2543,1259,1.0,29,2.42
dentex,enum__train_125,pan_unique/enum__train_125.png,2824,1316,197,214,2539,1166,1.0,31,2.29
dentex,enum__train_126,pan_unique/enum__train_126.png,2928,1316,286,0,2647,1180,1.0,26,2.31
dentex,enum__train_128,pan_unique/enum__train_128.png,2935,1316,225,110,2587,1275,1.0,28,2.33
dentex,enum__train_131,pan_unique/enum__train_131.png,2894,1316,169,125,2622,1259,1.0,23,2.32
dentex,enum__train_132,pan_unique/enum__train_132.png,2890,1316,166,107,2655,1245,1.0,17,2.28
dentex,enum__train_134,pan_unique/enum__train_134.png,2967,1316,280,211,2685,1263,1.0,22,2.28
dentex,enum__train_136,pan_unique/enum__train_136.png,2986,1316,302,188,2602,1270,1.0,29,2.4
dentex,enum__train_137,pan_unique/enum__train_137.png,2950,1316,229,238,2514,1268,1.0,31,2.39
dentex,enum__train_139,pan_unique/enum__train_139.png,2983,1316,180,293,2722,1280,1.0,31,2.35
dentex,enum__train_14,pan_unique/enum__train_14.png,2842,1316,203,15,2518,1265,0.9998,25,2.43
dentex,enum__train_141,pan_unique/enum__train_141.png,2892,1316,129,258,2740,1270,1.0,30,2.32
dentex,enum__train_143,pan_unique/enum__train_143.png,2953,1316,253,247,2629,1270,1.0,28,2.38
dentex,enum__train_144,pan_unique/enum__train_144.png,2765,1316,16,130,2608,1271,1.0,31,2.47
dentex,enum__train_145,pan_unique/enum__train_145.png,2858,1316,141,284,2704,1273,1.0,30,2.33
dentex,enum__train_146,pan_unique/enum__train_146.png,2983,1316,273,68,2608,1229,1.0,27,2.33
dentex,enum__train_147,pan_unique/enum__train_147.png,2794,1316,350,153,2450,1285,1.0,30,2.41
dentex,enum__train_148,pan_unique/enum__train_148.png,2887,1316,291,230,2574,1298,1.0,33,2.4
dentex,enum__train_149,pan_unique/enum__train_149.png,2926,1316,294,118,2576,1264,1.0,22,2.33
dentex,enum__train_15,pan_unique/enum__train_15.png,2904,1316,108,140,2732,1221,1.0,21,2.27
dentex,enum__train_150,pan_unique/enum__train_150.png,2843,1316,235,178,2625,1228,1.0,28,2.36
dentex,enum__train_151,pan_unique/enum__train_151.png,2834,1316,123,255,2581,1284,1.0,32,2.35
dentex,enum__train_153,pan_unique/enum__train_153.png,1976,976,158,88,1672,902,1.0,33,2.37
dentex,enum__train_155,pan_unique/enum__train_155.png,2951,1316,130,111,2688,1248,1.0,20,2.3
dentex,enum__train_156,pan_unique/enum__train_156.png,2991,1316,219,140,2578,1249,1.0,25,2.36
dentex,enum__train_158,pan_unique/enum__train_158.png,2836,1316,213,236,2570,1259,1.0,30,2.4
dentex,enum__train_159,pan_unique/enum__train_159.png,2970,1316,239,80,2662,1220,1.0,27,2.39
dentex,enum__train_16,pan_unique/enum__train_16.png,2781,1316,110,189,2610,1281,1.0,30,2.39
dentex,enum__train_162,pan_unique/enum__train_162.png,1976,976,61,171,1761,887,1.0,32,2.24
dentex,enum__train_163,pan_unique/enum__train_163.png,2922,1316,303,297,2569,1284,1.0,17,2.22
dentex,enum__train_164,pan_unique/enum__train_164.png,2780,1316,187,130,2583,1196,1.0,26,2.3
dentex,enum__train_166,pan_unique/enum__train_166.png,2825,1316,134,244,2606,1265,1.0,32,2.3
dentex,enum__train_167,pan_unique/enum__train_167.png,2968,1316,125,243,2741,1281,1.0,32,2.38
dentex,enum__train_169,pan_unique/enum__train_169.png,2809,1316,251,210,2563,1294,1.0,28,2.4
dentex,enum__train_17,pan_unique/enum__train_17.png,2868,1504,195,225,2759,1490,1.0,25,2.37
dentex,enum__train_171,pan_unique/enum__train_171.png,2895,1316,148,278,2710,1306,1.0,28,2.33
dentex,enum__train_173,pan_unique/enum__train_173.png,2753,1316,239,255,2458,1275,1.0,26,2.33
dentex,enum__train_174,pan_unique/enum__train_174.png,2896,1316,182,47,2594,1244,1.0,27,2.38
dentex,enum__train_175,pan_unique/enum__train_175.png,2872,1504,204,267,2788,1418,1.0,23,2.38
dentex,enum__train_176,pan_unique/enum__train_176.png,3002,1316,317,238,2608,1292,1.0,26,2.36
dentex,enum__train_178,pan_unique/enum__train_178.png,2949,1316,146,174,2677,1265,1.0,29,2.35
dentex,enum__train_180,pan_unique/enum__train_180.png,2931,1316,102,24,2681,1266,1.0,32,2.45
dentex,enum__train_182,pan_unique/enum__train_182.png,2868,1504,212,66,2697,1463,1.0,27,2.41
dentex,enum__train_184,pan_unique/enum__train_184.png,2863,1316,312,230,2508,1294,1.0,27,2.31
dentex,enum__train_185,pan_unique/enum__train_185.png,2910,1316,280,119,2602,1243,1.0,30,2.38
dentex,enum__train_186,pan_unique/enum__train_186.png,2866,1316,198,41,2616,1246,1.0,29,2.4
dentex,enum__train_188,pan_unique/enum__train_188.png,2948,1316,387,172,2515,1302,1.0,26,2.32
dentex,enum__train_189,pan_unique/enum__train_189.png,2866,1316,116,53,2687,1195,1.0,29,2.4
dentex,enum__train_191,pan_unique/enum__train_191.png,2833,1316,245,134,2537,1262,1.0,28,2.36
dentex,enum__train_192,pan_unique/enum__train_192.png,2968,1316,284,129,2689,1225,1.0,28,2.33
dentex,enum__train_194,pan_unique/enum__train_194.png,2868,1504,236,122,2760,1446,1.0,28,2.44
dentex,enum__train_195,pan_unique/enum__train_195.png,2949,1316,312,182,2610,1248,1.0,23,2.39
dentex,enum__train_196,pan_unique/enum__train_196.png,1976,976,115,110,1704,881,1.0,32,2.32
dentex,enum__train_198,pan_unique/enum__train_198.png,2868,1504,325,235,2697,1488,1.0,28,2.42
dentex,enum__train_199,pan_unique/enum__train_199.png,2968,1316,302,52,2658,1227,1.0,30,2.43
dentex,enum__train_20,pan_unique/enum__train_20.png,2965,1316,257,159,2591,1288,1.0,31,2.41
dentex,enum__train_200,pan_unique/enum__train_200.png,2868,1504,129,103,2794,1435,1.0,28,2.37
dentex,enum__train_201,pan_unique/enum__train_201.png,2868,1504,312,201,2643,1490,1.0,28,2.43
dentex,enum__train_203,pan_unique/enum__train_203.png,2868,1504,222,225,2781,1465,1.0,31,2.38
dentex,enum__train_204,pan_unique/enum__train_204.png,2966,1316,195,39,2699,1281,1.0,31,2.4
dentex,enum__train_205,pan_unique/enum__train_205.png,2797,1316,50,165,2696,1275,1.0,27,2.39
dentex,enum__train_206,pan_unique/enum__train_206.png,1976,976,201,51,1656,857,1.0,23,2.27
dentex,enum__train_207,pan_unique/enum__train_207.png,2930,1316,87,195,2754,1273,1.0,30,2.42
dentex,enum__train_208,pan_unique/enum__train_208.png,2922,1316,195,213,2577,1241,1.0,17,2.28
dentex,enum__train_21,pan_unique/enum__train_21.png,2808,1316,151,243,2587,1230,1.0,25,2.33
dentex,enum__train_210,pan_unique/enum__train_210.png,2951,1316,79,214,2660,1256,1.0,26,2.35
dentex,enum__train_211,pan_unique/enum__train_211.png,2836,1316,157,303,2592,1235,1.0,28,2.35
dentex,enum__train_212,pan_unique/enum__train_212.png,2912,1316,186,90,2658,1254,1.0,27,2.38
dentex,enum__train_213,pan_unique/enum__train_213.png,1976,976,145,99,1703,917,1.0,30,2.34
dentex,enum__train_215,pan_unique/enum__train_215.png,2902,1316,180,31,2607,1161,1.0,26,2.3
dentex,enum__train_216,pan_unique/enum__train_216.png,2767,1316,96,35,2635,1205,1.0,32,2.35
dentex,enum__train_217,pan_unique/enum__train_217.png,2820,1316,203,154,2625,1281,1.0,28,2.34
dentex,enum__train_219,pan_unique/enum__train_219.png,2782,1316,134,72,2594,1296,1.0,31,2.37
dentex,enum__train_22,pan_unique/enum__train_22.png,2777,1316,138,236,2587,1286,1.0,27,2.31
dentex,enum__train_223,pan_unique/enum__train_223.png,2911,1316,109,162,2732,1191,1.0,20,2.25
dentex,enum__train_224,pan_unique/enum__train_224.png,2872,1504,230,80,2774,1442,1.0,32,2.44
dentex,enum__train_225,pan_unique/enum__train_225.png,2950,1316,129,166,2726,1276,1.0,36,2.44
dentex,enum__train_227,pan_unique/enum__train_227.png,2868,1504,238,200,2768,1496,1.0,26,2.44
dentex,enum__train_229,pan_unique/enum__train_229.png,2868,1504,319,163,2616,1427,1.0,30,2.43
dentex,enum__train_23,pan_unique/enum__train_23.png,2889,1316,208,176,2590,1291,1.0,27,2.35
dentex,enum__train_230,pan_unique/enum__train_230.png,2830,1316,165,188,2665,1207,1.0,12,2.21
dentex,enum__train_232,pan_unique/enum__train_232.png,2824,1316,153,176,2700,1299,1.0,31,2.42
dentex,enum__train_233,pan_unique/enum__train_233.png,2918,1316,265,255,2610,1293,1.0,25,2.33
dentex,enum__train_235,pan_unique/enum__train_235.png,2854,1316,169,112,2610,1278,1.0,32,2.37
dentex,enum__train_24,pan_unique/enum__train_24.png,2723,1316,146,89,2588,1251,1.0,32,2.38
dentex,enum__train_242,pan_unique/enum__train_242.png,2945,1316,268,61,2640,1221,1.0,17,2.22
dentex,enum__train_243,pan_unique/enum__train_243.png,2881,1316,180,100,2618,1286,1.0,29,2.41
dentex,enum__train_246,pan_unique/enum__train_246.png,2736,1316,316,110,2385,1297,0.9994,25,2.43
dentex,enum__train_247,pan_unique/enum__train_247.png,2812,1316,187,273,2554,1270,1.0,23,2.29
dentex,enum__train_249,pan_unique/enum__train_249.png,2990,1316,292,92,2637,1270,1.0,31,2.45
dentex,enum__train_250,pan_unique/enum__train_250.png,1976,976,118,70,1787,907,1.0,31,2.32
dentex,enum__train_252,pan_unique/enum__train_252.png,2805,1316,203,289,2597,1297,1.0,31,2.4
dentex,enum__train_253,pan_unique/enum__train_253.png,2874,1316,167,232,2598,1282,1.0,31,2.4
dentex,enum__train_254,pan_unique/enum__train_254.png,2872,1504,266,219,2804,1489,1.0,32,2.52
dentex,enum__train_257,pan_unique/enum__train_257.png,2991,1316,222,154,2633,1256,1.0,29,2.43
dentex,enum__train_258,pan_unique/enum__train_258.png,2988,1316,260,98,2686,1259,1.0,24,2.35
dentex,enum__train_259,pan_unique/enum__train_259.png,3001,1316,275,90,2588,1229,1.0,26,2.36
dentex,enum__train_26,pan_unique/enum__train_26.png,1976,976,172,133,1694,872,1.0,21,2.18
dentex,enum__train_261,pan_unique/enum__train_261.png,3000,1316,202,58,2695,1224,1.0,28,2.32
dentex,enum__train_262,pan_unique/enum__train_262.png,2895,1316,212,95,2697,1213,1.0,24,2.27
dentex,enum__train_263,pan_unique/enum__train_263.png,3000,1316,304,204,2627,1278,1.0,24,2.3
dentex,enum__train_264,pan_unique/enum__train_264.png,2780,1316,137,246,2496,1287,1.0,28,2.36
dentex,enum__train_265,pan_unique/enum__train_265.png,2873,1316,210,239,2554,1253,1.0,27,2.38
dentex,enum__train_266,pan_unique/enum__train_266.png,2842,1316,188,192,2637,1266,1.0,28,2.37
dentex,enum__train_267,pan_unique/enum__train_267.png,2914,1316,221,103,2665,1273,1.0,31,2.4
dentex,enum__train_268,pan_unique/enum__train_268.png,2770,1316,125,141,2615,1278,1.0,31,2.44
dentex,enum__train_271,pan_unique/enum__train_271.png,2806,1316,100,45,2639,1254,1.0,28,2.42
dentex,enum__train_272,pan_unique/enum__train_272.png,1976,976,214,73,1643,875,0.9998,27,2.39
dentex,enum__train_275,pan_unique/enum__train_275.png,2847,1316,189,328,2595,1282,1.0,27,2.35
dentex,enum__train_280,pan_unique/enum__train_280.png,2989,1316,195,240,2641,1255,1.0,28,2.38
dentex,enum__train_281,pan_unique/enum__train_281.png,2780,1316,133,234,2545,1260,1.0,29,2.33
dentex,enum__train_285,pan_unique/enum__train_285.png,2972,1316,232,56,2643,1233,1.0,29,2.35
dentex,enum__train_286,pan_unique/enum__train_286.png,2981,1316,206,235,2709,1283,1.0,21,2.27
dentex,enum__train_289,pan_unique/enum__train_289.png,2868,1504,143,304,2767,1464,1.0,32,2.38
dentex,enum__train_29,pan_unique/enum__train_29.png,2990,1316,349,197,2612,1292,1.0,29,2.38
dentex,enum__train_290,pan_unique/enum__train_290.png,2966,1316,317,196,2595,1227,1.0,23,2.39
dentex,enum__train_292,pan_unique/enum__train_292.png,2767,1316,271,206,2481,1288,1.0,31,2.39
dentex,enum__train_293,pan_unique/enum__train_293.png,2970,1316,112,276,2706,1271,1.0,24,2.29
dentex,enum__train_295,pan_unique/enum__train_295.png,1976,976,125,123,1741,924,1.0,33,2.31
dentex,enum__train_296,pan_unique/enum__train_296.png,2777,1316,211,186,2494,1270,1.0,32,2.64
dentex,enum__train_297,pan_unique/enum__train_297.png,2875,1316,201,228,2628,1256,1.0,24,2.38
dentex,enum__train_3,pan_unique/enum__train_3.png,2950,1316,174,203,2761,1267,1.0,31,2.44
dentex,enum__train_301,pan_unique/enum__train_301.png,2868,1504,183,273,2800,1475,1.0,29,2.67
dentex,enum__train_302,pan_unique/enum__train_302.png,2987,1316,365,126,2622,1251,1.0,30,2.47
dentex,enum__train_304,pan_unique/enum__train_304.png,2892,1316,137,199,2574,1242,1.0,30,2.39
dentex,enum__train_306,pan_unique/enum__train_306.png,2948,1316,265,115,2642,1245,1.0,27,2.41
dentex,enum__train_307,pan_unique/enum__train_307.png,2868,1504,275,164,2828,1485,1.0,31,2.45
dentex,enum__train_308,pan_unique/enum__train_308.png,2926,1316,245,125,2602,1275,1.0,29,2.44
dentex,enum__train_309,pan_unique/enum__train_309.png,2940,1316,272,280,2650,1246,1.0,31,2.39
dentex,enum__train_31,pan_unique/enum__train_31.png,2829,1316,173,286,2599,1282,1.0,32,2.41
dentex,enum__train_312,pan_unique/enum__train_312.png,2868,1504,254,234,2694,1491,1.0,24,2.36
dentex,enum__train_313,pan_unique/enum__train_313.png,2868,1504,284,185,2669,1418,1.0,28,2.39
dentex,enum__train_314,pan_unique/enum__train_314.png,2952,1316,250,206,2610,1256,1.0,28,2.39
dentex,enum__train_316,pan_unique/enum__train_316.png,2957,1316,48,48,2758,1231,1.0,28,2.41
dentex,enum__train_319,pan_unique/enum__train_319.png,2740,1316,106,166,2616,1292,1.0,31,2.4
dentex,enum__train_32,pan_unique/enum__train_32.png,2917,1316,251,170,2618,1241,1.0,24,2.37
dentex,enum__train_326,pan_unique/enum__train_326.png,2991,1316,252,112,2623,1227,1.0,26,2.33
dentex,enum__train_33,pan_unique/enum__train_33.png,1976,976,143,74,1740,911,1.0,32,2.29
dentex,enum__train_331,pan_unique/enum__train_331.png,2828,1316,128,260,2648,1240,1.0,23,2.26
dentex,enum__train_332,pan_unique/enum__train_332.png,2965,1316,0,106,2599,1244,1.0,24,2.3
dentex,enum__train_333,pan_unique/enum__train_333.png,2872,1504,280,141,2744,1455,1.0,23,2.37
dentex,enum__train_334,pan_unique/enum__train_334.png,2858,1316,176,212,2539,1269,1.0,26,2.28
dentex,enum__train_338,pan_unique/enum__train_338.png,2840,1316,183,184,2588,1269,1.0,31,2.39
dentex,enum__train_339,pan_unique/enum__train_339.png,2832,1316,106,147,2673,1233,1.0,31,2.42
dentex,enum__train_34,pan_unique/enum__train_34.png,1976,976,165,80,1704,893,1.0,32,2.31
dentex,enum__train_340,pan_unique/enum__train_340.png,2810,1316,160,272,2621,1274,1.0,31,2.35
dentex,enum__train_341,pan_unique/enum__train_341.png,2933,1316,229,70,2562,1256,1.0,23,2.36
dentex,enum__train_342,pan_unique/enum__train_342.png,2901,1316,237,134,2620,1261,1.0,29,2.4
dentex,enum__train_343,pan_unique/enum__train_343.png,2872,1504,220,300,2771,1453,1.0,29,2.44
dentex,enum__train_344,pan_unique/enum__train_344.png,2806,1316,188,217,2532,1269,1.0,28,2.38
dentex,enum__train_347,pan_unique/enum__train_347.png,2785,1316,191,290,2583,1285,1.0,32,2.39
dentex,enum__train_350,pan_unique/enum__train_350.png,2830,1316,208,265,2564,1289,1.0,30,2.36
dentex,enum__train_352,pan_unique/enum__train_352.png,2786,1316,221,169,2460,1258,1.0,23,2.28
dentex,enum__train_353,pan_unique/enum__train_353.png,2664,1316,167,124,2446,1267,1.0,32,2.41
dentex,enum__train_354,pan_unique/enum__train_354.png,2860,1316,247,196,2665,1268,1.0,32,2.39
dentex,enum__train_356,pan_unique/enum__train_356.png,2947,1316,89,69,2673,1247,1.0,24,2.34
dentex,enum__train_357,pan_unique/enum__train_357.png,2656,1316,205,270,2388,1292,1.0,28,2.39
dentex,enum__train_358,pan_unique/enum__train_358.png,2852,1316,150,195,2548,1220,1.0,26,2.34
dentex,enum__train_361,pan_unique/enum__train_361.png,2917,1316,226,162,2616,1266,1.0,22,2.3
dentex,enum__train_362,pan_unique/enum__train_362.png,2927,1316,166,197,2680,1252,1.0,30,2.35
dentex,enum__train_363,pan_unique/enum__train_363.png,2868,1504,308,235,2594,1472,1.0,31,2.41
dentex,enum__train_364,pan_unique/enum__train_364.png,2872,1504,219,232,2734,1473,1.0,32,2.44
dentex,enum__train_365,pan_unique/enum__train_365.png,2880,1316,177,117,2701,1240,1.0,31,2.38
dentex,enum__train_366,pan_unique/enum__train_366.png,2800,1316,30,150,2620,1258,1.0,31,2.4
dentex,enum__train_367,pan_unique/enum__train_367.png,1976,976,139,50,1707,870,1.0,34,2.32
dentex,enum__train_368,pan_unique/enum__train_368.png,1976,976,276,141,1673,911,1.0,24,2.24
dentex,enum__train_37,pan_unique/enum__train_37.png,2868,1504,255,184,2716,1490,1.0,30,2.38
dentex,enum__train_370,pan_unique/enum__train_370.png,2872,1504,218,149,2707,1464,1.0,32,2.47
dentex,enum__train_371,pan_unique/enum__train_371.png,2946,1316,78,131,2823,1209,1.0,25,2.32
dentex,enum__train_372,pan_unique/enum__train_372.png,2868,1504,184,262,2677,1477,1.0,19,2.28
dentex,enum__train_374,pan_unique/enum__train_374.png,2878,1316,221,182,2605,1259,1.0,29,2.42
dentex,enum__train_376,pan_unique/enum__train_376.png,2812,1316,257,206,2583,1257,1.0,26,2.38
dentex,enum__train_378,pan_unique/enum__train_378.png,2814,1316,176,298,2615,1284,1.0,28,2.35
dentex,enum__train_379,pan_unique/enum__train_379.png,2914,1316,269,290,2630,1289,1.0,28,2.34
dentex,enum__train_38,pan_unique/enum__train_38.png,2840,1316,228,187,2638,1287,1.0,31,2.41
dentex,enum__train_382,pan_unique/enum__train_382.png,2947,1316,262,144,2671,1283,1.0,25,2.37
dentex,enum__train_383,pan_unique/enum__train_383.png,2807,1316,153,237,2635,1295,1.0,26,2.39
dentex,enum__train_386,pan_unique/enum__train_386.png,2828,1316,308,192,2519,1278,1.0,24,2.33
dentex,enum__train_389,pan_unique/enum__train_389.png,2929,1316,106,237,2651,1236,1.0,20,2.22
dentex,enum__train_39,pan_unique/enum__train_39.png,2947,1316,281,217,2616,1298,1.0,32,2.39
dentex,enum__train_391,pan_unique/enum__train_391.png,1976,976,166,91,1704,899,1.0,33,2.35
dentex,enum__train_393,pan_unique/enum__train_393.png,1976,976,120,108,1762,871,1.0,31,2.28
dentex,enum__train_394,pan_unique/enum__train_394.png,2948,1316,176,81,2618,1256,1.0,27,2.37
dentex,enum__train_395,pan_unique/enum__train_395.png,2882,1316,191,215,2591,1272,1.0,22,2.28
dentex,enum__train_396,pan_unique/enum__train_396.png,2868,1504,235,65,2755,1439,0.9999,31,2.5
dentex,enum__train_398,pan_unique/enum__train_398.png,2809,1316,0,109,2790,1251,1.0,32,2.44
dentex,enum__train_399,pan_unique/enum__train_399.png,2968,1316,314,235,2633,1296,1.0,28,2.39
dentex,enum__train_4,pan_unique/enum__train_4.png,2862,1316,264,282,2643,1301,1.0,28,2.37
dentex,enum__train_400,pan_unique/enum__train_400.png,2955,1316,223,259,2576,1259,1.0,25,2.3
dentex,enum__train_402,pan_unique/enum__train_402.png,2979,1316,251,93,2575,1244,1.0,33,2.44
dentex,enum__train_404,pan_unique/enum__train_404.png,2971,1316,215,125,2615,1264,1.0,24,2.36
dentex,enum__train_406,pan_unique/enum__train_406.png,2855,1316,146,206,2732,1238,1.0,31,2.34
dentex,enum__train_409,pan_unique/enum__train_409.png,2970,1316,400,154,2560,1267,0.9999,23,2.35
dentex,enum__train_411,pan_unique/enum__train_411.png,2782,1316,70,217,2523,1289,1.0,30,2.34
dentex,enum__train_414,pan_unique/enum__train_414.png,2791,1316,186,132,2563,1217,1.0,28,2.35
dentex,enum__train_416,pan_unique/enum__train_416.png,2799,1316,213,264,2546,1261,1.0,26,2.31
dentex,enum__train_417,pan_unique/enum__train_417.png,2872,1504,182,202,2762,1504,1.0,31,2.44
dentex,enum__train_418,pan_unique/enum__train_418.png,2978,1316,202,79,2696,1186,1.0,27,2.34
dentex,enum__train_419,pan_unique/enum__train_419.png,2745,1316,115,324,2581,1281,1.0,25,2.32
dentex,enum__train_42,pan_unique/enum__train_42.png,2950,1316,276,258,2590,1265,1.0,21,2.25
dentex,enum__train_420,pan_unique/enum__train_420.png,2868,1504,307,118,2610,1437,1.0,23,2.41
dentex,enum__train_421,pan_unique/enum__train_421.png,2867,1316,165,97,2683,1269,1.0,23,2.35
dentex,enum__train_422,pan_unique/enum__train_422.png,2895,1316,280,155,2615,1297,1.0,32,2.41
dentex,enum__train_426,pan_unique/enum__train_426.png,2836,1316,195,273,2583,1295,1.0,31,2.36
dentex,enum__train_427,pan_unique/enum__train_427.png,2868,1504,222,337,2731,1497,1.0,32,2.44
dentex,enum__train_428,pan_unique/enum__train_428.png,2968,1316,280,187,2683,1260,1.0,28,2.36
dentex,enum__train_433,pan_unique/enum__train_433.png,2952,1316,197,68,2632,1246,1.0,27,2.33
dentex,enum__train_434,pan_unique/enum__train_434.png,2902,1316,143,183,2722,1272,1.0,29,2.35
dentex,enum__train_436,pan_unique/enum__train_436.png,2837,1316,35,162,2605,1247,1.0,21,2.27
dentex,enum__train_439,pan_unique/enum__train_439.png,2844,1316,146,236,2538,1274,1.0,25,2.32
dentex,enum__train_44,pan_unique/enum__train_44.png,2832,1316,313,138,2469,1197,1.0,29,2.41
dentex,enum__train_444,pan_unique/enum__train_444.png,2790,1316,255,223,2533,1287,1.0,23,2.35
dentex,enum__train_446,pan_unique/enum__train_446.png,2868,1504,199,105,2849,1504,1.0,30,2.48
dentex,enum__train_45,pan_unique/enum__train_45.png,1976,976,169,150,1727,889,1.0,25,2.33
dentex,enum__train_452,pan_unique/enum__train_452.png,2891,1316,222,121,2645,1283,1.0,28,2.42
dentex,enum__train_453,pan_unique/enum__train_453.png,2797,1316,61,206,2610,1270,1.0,26,2.37
dentex,enum__train_456,pan_unique/enum__train_456.png,2844,1316,180,165,2574,1234,1.0,28,2.39
dentex,enum__train_459,pan_unique/enum__train_459.png,2836,1316,112,121,2612,1227,1.0,26,2.35
dentex,enum__train_460,pan_unique/enum__train_460.png,2896,1316,104,251,2631,1260,1.0,30,2.41
dentex,enum__train_463,pan_unique/enum__train_463.png,2728,1316,167,126,2520,1274,1.0,27,2.32
dentex,enum__train_464,pan_unique/enum__train_464.png,2824,1316,134,215,2577,1267,1.0,25,2.29
dentex,enum__train_469,pan_unique/enum__train_469.png,2936,1316,231,87,2662,1244,1.0,32,2.4
dentex,enum__train_470,pan_unique/enum__train_470.png,2904,1316,163,49,2695,1268,1.0,31,2.44
dentex,enum__train_472,pan_unique/enum__train_472.png,2872,1504,201,205,2794,1500,1.0,25,2.39
dentex,enum__train_473,pan_unique/enum__train_473.png,2868,1504,180,178,2734,1446,1.0,28,2.39
dentex,enum__train_480,pan_unique/enum__train_480.png,2897,1316,268,76,2541,1287,1.0,29,2.43
dentex,enum__train_484,pan_unique/enum__train_484.png,2786,1316,230,299,2532,1294,1.0,31,2.38
dentex,enum__train_485,pan_unique/enum__train_485.png,3001,1316,255,64,2699,1251,1.0,27,2.39
dentex,enum__train_486,pan_unique/enum__train_486.png,2748,1316,88,169,2556,1275,1.0,26,2.35
dentex,enum__train_487,pan_unique/enum__train_487.png,2878,1316,271,143,2642,1235,1.0,28,2.4
dentex,enum__train_489,pan_unique/enum__train_489.png,2733,1316,90,174,2518,1210,1.0,24,2.35
dentex,enum__train_49,pan_unique/enum__train_49.png,2967,1316,154,216,2684,1258,1.0,25,2.34
dentex,enum__train_491,pan_unique/enum__train_491.png,2987,1316,342,128,2598,1285,1.0,28,2.41
dentex,enum__train_492,pan_unique/enum__train_492.png,2999,1316,258,123,2621,1278,0.9998,20,2.26
dentex,enum__train_494,pan_unique/enum__train_494.png,2934,1316,161,165,2690,1267,1.0,23,2.29
dentex,enum__train_496,pan_unique/enum__train_496.png,1976,976,141,81,1754,906,1.0,30,2.29
dentex,enum__train_497,pan_unique/enum__train_497.png,2771,1316,142,146,2579,1236,1.0,29,2.36
dentex,enum__train_498,pan_unique/enum__train_498.png,2905,1316,266,203,2590,1240,1.0,26,2.37
dentex,enum__train_50,pan_unique/enum__train_50.png,2822,1316,131,310,2561,1261,1.0,26,2.33
dentex,enum__train_503,pan_unique/enum__train_503.png,2959,1316,299,103,2652,1261,1.0,27,2.35
dentex,enum__train_504,pan_unique/enum__train_504.png,2952,1316,294,211,2631,1277,1.0,25,2.36
dentex,enum__train_505,pan_unique/enum__train_505.png,2809,1316,333,252,2448,1316,1.0,20,2.38
dentex,enum__train_507,pan_unique/enum__train_507.png,2868,1504,118,126,2771,1465,1.0,30,2.48
dentex,enum__train_508,pan_unique/enum__train_508.png,2913,1316,227,44,2551,1258,1.0,28,2.42
dentex,enum__train_51,pan_unique/enum__train_51.png,2880,1316,221,14,2613,1240,1.0,31,2.47
dentex,enum__train_512,pan_unique/enum__train_512.png,2812,1316,270,99,2583,1270,1.0,32,2.44
dentex,enum__train_514,pan_unique/enum__train_514.png,2918,1316,218,189,2573,1256,1.0,30,2.36
dentex,enum__train_515,pan_unique/enum__train_515.png,2805,1316,186,244,2532,1297,1.0,27,2.28
dentex,enum__train_517,pan_unique/enum__train_517.png,2932,1316,65,133,2749,1259,1.0,32,2.39
dentex,enum__train_519,pan_unique/enum__train_519.png,2868,1504,135,69,2741,1413,1.0,26,2.38
dentex,enum__train_52,pan_unique/enum__train_52.png,2924,1316,210,209,2565,1241,1.0,20,2.26
dentex,enum__train_522,pan_unique/enum__train_522.png,2904,1316,179,112,2634,1288,1.0,32,2.44
dentex,enum__train_523,pan_unique/enum__train_523.png,2871,1316,162,146,2690,1198,1.0,22,2.26
dentex,enum__train_525,pan_unique/enum__train_525.png,2834,1316,245,114,2514,1246,1.0,32,2.42
dentex,enum__train_526,pan_unique/enum__train_526.png,1976,976,180,96,1689,907,1.0,32,2.27
dentex,enum__train_528,pan_unique/enum__train_528.png,2812,1316,215,90,2442,1258,1.0,32,2.43
dentex,enum__train_532,pan_unique/enum__train_532.png,2890,1316,213,19,2623,1228,1.0,28,2.4
dentex,enum__train_537,pan_unique/enum__train_537.png,1976,976,90,162,1762,907,1.0,26,2.28
dentex,enum__train_538,pan_unique/enum__train_538.png,2934,1316,122,62,2696,1216,1.0,29,2.37
dentex,enum__train_539,pan_unique/enum__train_539.png,2851,1316,190,256,2549,1302,1.0,28,2.37
dentex,enum__train_540,pan_unique/enum__train_540.png,2872,1504,279,157,2741,1475,1.0,33,2.43
dentex,enum__train_542,pan_unique/enum__train_542.png,2868,1504,295,107,2641,1410,1.0,31,2.43
dentex,enum__train_544,pan_unique/enum__train_544.png,2904,1316,159,122,2709,1258,1.0,26,2.28
dentex,enum__train_546,pan_unique/enum__train_546.png,2940,1316,129,17,2753,1255,1.0,32,2.4
dentex,enum__train_547,pan_unique/enum__train_547.png,1976,976,176,116,1663,902,1.0,28,2.3
dentex,enum__train_548,pan_unique/enum__train_548.png,1976,976,163,62,1656,897,1.0,33,2.33
dentex,enum__train_549,pan_unique/enum__train_549.png,2868,1504,149,220,2702,1458,1.0,27,2.39
dentex,enum__train_550,pan_unique/enum__train_550.png,2848,1316,126,27,2647,1250,1.0,32,2.46
dentex,enum__train_551,pan_unique/enum__train_551.png,2880,1316,220,226,2541,1263,1.0,15,2.28
dentex,enum__train_552,pan_unique/enum__train_552.png,2942,1316,119,237,2651,1217,1.0,28,2.32
dentex,enum__train_553,pan_unique/enum__train_553.png,1976,976,95,75,1732,905,1.0,34,2.32
dentex,enum__train_554,pan_unique/enum__train_554.png,1976,976,201,147,1710,890,1.0,30,2.25
dentex,enum__train_556,pan_unique/enum__train_556.png,2938,1316,189,150,2715,1247,1.0,29,2.36
dentex,enum__train_558,pan_unique/enum__train_558.png,2947,1316,255,232,2627,1281,1.0,26,2.33
dentex,enum__train_559,pan_unique/enum__train_559.png,2873,1316,180,198,2609,1256,1.0,28,2.3
dentex,enum__train_564,pan_unique/enum__train_564.png,2807,1316,19,116,2728,1255,1.0,29,2.37
dentex,enum__train_565,pan_unique/enum__train_565.png,2849,1316,107,98,2633,1218,1.0,18,2.27
dentex,enum__train_566,pan_unique/enum__train_566.png,2744,1316,231,68,2505,1282,1.0,27,2.39
dentex,enum__train_567,pan_unique/enum__train_567.png,2900,1316,107,63,2677,1239,1.0,26,2.35
dentex,enum__train_57,pan_unique/enum__train_57.png,2931,1316,239,223,2607,1276,1.0,27,2.34
dentex,enum__train_572,pan_unique/enum__train_572.png,2766,1316,127,237,2589,1271,1.0,28,2.36
dentex,enum__train_574,pan_unique/enum__train_574.png,2954,1316,381,127,2596,1281,1.0,29,2.39
dentex,enum__train_575,pan_unique/enum__train_575.png,2990,1316,278,314,2558,1280,1.0,27,2.38
dentex,enum__train_576,pan_unique/enum__train_576.png,2868,1504,200,221,2749,1470,1.0,28,2.37
dentex,enum__train_577,pan_unique/enum__train_577.png,2830,1316,165,123,2606,1245,1.0,28,2.37
dentex,enum__train_578,pan_unique/enum__train_578.png,2762,1316,71,203,2563,1255,1.0,30,2.37
dentex,enum__train_58,pan_unique/enum__train_58.png,2898,1316,214,199,2710,1239,1.0,29,2.33
dentex,enum__train_582,pan_unique/enum__train_582.png,2944,1316,254,192,2679,1281,1.0,28,2.31
dentex,enum__train_583,pan_unique/enum__train_583.png,2868,1504,250,252,2789,1494,1.0,32,2.38
dentex,enum__train_584,pan_unique/enum__train_584.png,2860,1316,90,94,2623,1259,1.0,31,2.35
dentex,enum__train_585,pan_unique/enum__train_585.png,2926,1316,171,264,2624,1272,1.0,28,2.32
dentex,enum__train_589,pan_unique/enum__train_589.png,1976,976,186,110,1744,885,1.0,21,2.23
dentex,enum__train_59,pan_unique/enum__train_59.png,2989,1316,332,261,2603,1279,1.0,32,2.38
dentex,enum__train_590,pan_unique/enum__train_590.png,2992,1316,265,158,2623,1259,1.0,23,2.32
dentex,enum__train_591,pan_unique/enum__train_591.png,2896,1316,241,52,2626,1247,1.0,29,2.46
dentex,enum__train_593,pan_unique/enum__train_593.png,2832,1316,136,77,2671,1225,1.0,28,2.38
dentex,enum__train_594,pan_unique/enum__train_594.png,2991,1316,301,161,2576,1260,1.0,26,2.42
dentex,enum__train_596,pan_unique/enum__train_596.png,2868,1504,128,105,2772,1491,1.0,30,2.44
dentex,enum__train_597,pan_unique/enum__train_597.png,2957,1316,249,53,2664,1199,1.0,29,2.39
dentex,enum__train_598,pan_unique/enum__train_598.png,2940,1316,225,23,2685,1258,0.9999,27,2.43
dentex,enum__train_599,pan_unique/enum__train_599.png,3002,1316,280,231,2699,1284,1.0,31,2.39
dentex,enum__train_60,pan_unique/enum__train_60.png,2805,1316,144,223,2524,1291,1.0,30,2.34
dentex,enum__train_601,pan_unique/enum__train_601.png,2821,1316,232,33,2520,1273,0.9999,32,2.41
dentex,enum__train_602,pan_unique/enum__train_602.png,2752,1316,75,229,2472,1316,1.0,31,2.35
dentex,enum__train_603,pan_unique/enum__train_603.png,2865,1316,202,153,2605,1234,1.0,29,2.34
dentex,enum__train_604,pan_unique/enum__train_604.png,2964,1316,277,248,2656,1281,1.0,19,2.31
dentex,enum__train_605,pan_unique/enum__train_605.png,2956,1316,260,175,2696,1257,1.0,31,2.37
dentex,enum__train_607,pan_unique/enum__train_607.png,2864,1316,193,263,2686,1236,1.0,29,2.35
dentex,enum__train_608,pan_unique/enum__train_608.png,2981,1316,230,224,2627,1269,1.0,24,2.34
dentex,enum__train_61,pan_unique/enum__train_61.png,1976,976,121,68,1697,911,1.0,29,2.34
dentex,enum__train_610,pan_unique/enum__train_610.png,2772,1316,135,151,2592,1273,1.0,31,2.42
dentex,enum__train_611,pan_unique/enum__train_611.png,2846,1316,191,105,2586,1278,1.0,31,2.41
dentex,enum__train_614,pan_unique/enum__train_614.png,2778,1316,250,118,2453,1260,1.0,14,2.25
dentex,enum__train_616,pan_unique/enum__train_616.png,2965,1316,351,133,2505,1273,1.0,30,2.42
dentex,enum__train_618,pan_unique/enum__train_618.png,2880,1316,115,218,2664,1226,1.0,27,2.33
dentex,enum__train_619,pan_unique/enum__train_619.png,2859,1316,155,152,2633,1289,1.0,32,2.36
dentex,enum__train_622,pan_unique/enum__train_622.png,2868,1504,208,244,2759,1449,1.0,31,2.35
dentex,enum__train_624,pan_unique/enum__train_624.png,2868,1504,193,321,2774,1471,1.0,31,2.38
dentex,enum__train_626,pan_unique/enum__train_626.png,2808,1316,85,103,2547,1271,1.0,23,2.31
dentex,enum__train_629,pan_unique/enum__train_629.png,2872,1504,254,273,2701,1476,1.0,33,2.45
dentex,enum__train_630,pan_unique/enum__train_630.png,2891,1316,191,104,2616,1232,1.0,26,2.38
dentex,enum__train_632,pan_unique/enum__train_632.png,2896,1316,210,277,2645,1268,1.0,29,2.36
dentex,enum__train_64,pan_unique/enum__train_64.png,2856,1316,244,96,2617,1250,1.0,33,2.39
dentex,enum__train_66,pan_unique/enum__train_66.png,2844,1316,153,94,2670,1216,1.0,27,2.33
dentex,enum__train_69,pan_unique/enum__train_69.png,2776,1316,181,185,2573,1274,1.0,28,2.38
dentex,enum__train_70,pan_unique/enum__train_70.png,2952,1316,284,185,2476,1282,1.0,27,2.37
dentex,enum__train_75,pan_unique/enum__train_75.png,1976,976,189,135,1693,887,1.0,28,2.29
dentex,enum__train_76,pan_unique/enum__train_76.png,2938,1316,170,132,2694,1267,1.0,32,2.45
dentex,enum__train_79,pan_unique/enum__train_79.png,2872,1504,150,231,2753,1480,1.0,26,2.37
dentex,enum__train_81,pan_unique/enum__train_81.png,2787,1316,64,189,2664,1266,1.0,31,2.36
dentex,enum__train_82,pan_unique/enum__train_82.png,2952,1316,134,107,2681,1272,1.0,33,2.4
dentex,enum__train_84,pan_unique/enum__train_84.png,2958,1316,229,154,2697,1256,1.0,23,2.32
dentex,enum__train_85,pan_unique/enum__train_85.png,2922,1316,231,209,2593,1263,1.0,27,2.29
dentex,enum__train_87,pan_unique/enum__train_87.png,2990,1316,289,61,2635,1241,1.0,28,2.37
dentex,enum__train_89,pan_unique/enum__train_89.png,2979,1316,29,0,2853,1026,1.0,26,2.32
dentex,enum__train_90,pan_unique/enum__train_90.png,2846,1316,112,245,2731,1217,1.0,25,2.29
dentex,enum__train_92,pan_unique/enum__train_92.png,2893,1316,200,26,2635,1264,1.0,26,2.44
dentex,enum__train_93,pan_unique/enum__train_93.png,2868,1504,182,138,2734,1447,1.0,30,2.42
dentex,enum__train_96,pan_unique/enum__train_96.png,2868,1504,245,320,2744,1500,1.0,29,2.4
dentex,enum__train_98,pan_unique/enum__train_98.png,2868,1504,266,133,2712,1469,1.0,32,2.43
dentex,enum__train_99,pan_unique/enum__train_99.png,2708,1316,208,299,2473,1308,1.0,27,2.37
