filepath,class,source,patient_id,partition
Healthy/lyria__P0350__b5.png,Healthy,lyria,P0350,train_pool
Healthy/lyria__P0744__b1.png,Healthy,lyria,P0744,train_pool
Impacted/lyria__P0087__b2.png,Impacted,lyria,P0087,train_pool
Healthy/lyria__P0139__b2.png,Healthy,lyria,P0139,train_pool
Endodontics/lyria__P0730__b0.png,Endodontics,lyria,P0730,train_pool
Implant/dentex__145.png,Implant,dentex,dentex_145,train_pool
Endodontics/lyria__P0174__b1.png,Endodontics,lyria,P0174,train_pool
Healthy/lyria__P0602__b1.png,Healthy,lyria,P0602,train_pool
Endodontics/lyria__P0350__b1.png,Endodontics,lyria,P0350,train_pool
Implant/dentex__143.png,Implant,dentex,dentex_143,train_pool
Impacted/lyria__P0255__b2.png,Impacted,lyria,P0255,train_pool
Impacted/lyria__P0036__b0.png,Impacted,lyria,P0036,train_pool
Impacted/lyria__P0468__b3.png,Impacted,lyria,P0468,train_pool
Endodontics/lyria__P0246__b0.png,Endodontics,lyria,P0246,train_pool
Healthy/lyria__P0243__b1.png,Healthy,lyria,P0243,train_pool
Endodontics/lyria__P0530__b1.png,Endodontics,lyria,P0530,train_pool
Implant/dentex__113.png,Implant,dentex,dentex_113,train_pool
Implant/lyria__P0759__b3.png,Implant,lyria,P0759,train_pool
Impacted/lyria__P0498__b3.png,Impacted,lyria,P0498,train_pool
Endodontics/lyria__P0785__b0.png,Endodontics,lyria,P0785,train_pool
Implant/lyria__P0050__b2.png,Implant,lyria,P0050,train_pool
Endodontics/lyria__P0550__b2.png,Endodontics,lyria,P0550,train_pool
Endodontics/lyria__P0422__b2.png,Endodontics,lyria,P0422,train_pool
Implant/dentex__71.png,Implant,dentex,dentex_71,train_pool
Implant/dentex__35.png,Implant,dentex,dentex_35,train_pool
Implant/dentex__47.png,Implant,dentex,dentex_47,train_pool
Healthy/lyria__P0422__b3.png,Healthy,lyria,P0422,train_pool
Healthy/lyria__P0678__b0.png,Healthy,lyria,P0678,train_pool
Implant/lyria__P0373__b0.png,Implant,lyria,P0373,train_pool
Implant/dentex__53.png,Implant,dentex,dentex_53,train_pool
Healthy/lyria__P0078__b0.png,Healthy,lyria,P0078,train_pool
Healthy/lyria__P0151__b1.png,Healthy,lyria,P0151,train_pool
Impacted/lyria__P0487__b1.png,Impacted,lyria,P0487,train_pool
Implant/lyria__P0668__b0.png,Implant,lyria,P0668,train_pool
Impacted/lyria__P0452__b0.png,Impacted,lyria,P0452,train_pool
Healthy/lyria__P0474__b5.png,Healthy,lyria,P0474,train_pool
Healthy/lyria__P0222__b1.png,Healthy,lyria,P0222,train_pool
Endodontics/lyria__P0350__b7.png,Endodontics,lyria,P0350,train_pool
Endodontics/lyria__P0213__b5.png,Endodontics,lyria,P0213,train_pool
Impacted/lyria__P0301__b0.png,Impacted,lyria,P0301,train_pool
Implant/dentex__45.png,Implant,dentex,dentex_45,train_pool
Impacted/lyria__P0453__b0.png,Impacted,lyria,P0453,train_pool
Implant/lyria__P0759__b0.png,Implant,lyria,P0759,train_pool
Implant/dentex__60.png,Implant,dentex,dentex_60,train_pool
Impacted/lyria__P0311__b1.png,Impacted,lyria,P0311,train_pool
Healthy/lyria__P0472__b15.png,Healthy,lyria,P0472,train_pool
Endodontics/lyria__P0692__b0.png,Endodontics,lyria,P0692,train_pool
Endodontics/lyria__P0750__b0.png,Endodontics,lyria,P0750,train_pool
Endodontics/lyria__P0800__b1.png,Endodontics,lyria,P0800,train_pool
Impacted/lyria__P0171__b3.png,Impacted,lyria,P0171,train_pool
Endodontics/lyria__P0701__b2.png,Endodontics,lyria,P0701,train_pool
Impacted/lyria__P0700__b0.png,Impacted,lyria,P0700,train_pool
Implant/lyria__P0096__b3.png,Implant,lyria,P0096,train_pool
Impacted/lyria__P0144__b0.png,Impacted,lyria,P0144,train_pool
Implant/dentex__13.png,Implant,dentex,dentex_13,train_pool
Healthy/lyria__P0229__b3.png,Healthy,lyria,P0229,train_pool
Endodontics/lyria__P0049__b2.png,Endodontics,lyria,P0049,train_pool
Healthy/lyria__P0108__b2.png,Healthy,lyria,P0108,train_pool
Healthy/lyria__P0199__b20.png,Healthy,lyria,P0199,train_pool
Impacted/lyria__P0072__b1.png,Impacted,lyria,P0072,train_pool
Endodontics/lyria__P0566__b2.png,Endodontics,lyria,P0566,train_pool
Endodontics/lyria__P0533__b1.png,Endodontics,lyria,P0533,train_pool
Healthy/lyria__P0255__b16.png,Healthy,lyria,P0255,train_pool
Endodontics/lyria__P0669__b0.png,Endodontics,lyria,P0669,train_pool
Healthy/lyria__P0049__b2.png,Healthy,lyria,P0049,train_pool
Endodontics/lyria__P0086__b0.png,Endodontics,lyria,P0086,train_pool
Impacted/lyria__P0487__b0.png,Impacted,lyria,P0487,train_pool
Impacted/lyria__P0008__b2.png,Impacted,lyria,P0008,train_pool
Endodontics/lyria__P0145__b3.png,Endodontics,lyria,P0145,train_pool
Implant/lyria__P0520__b0.png,Implant,lyria,P0520,train_pool
Endodontics/lyria__P0263__b8.png,Endodontics,lyria,P0263,train_pool
Healthy/lyria__P0207__b8.png,Healthy,lyria,P0207,train_pool
Endodontics/lyria__P0213__b8.png,Endodontics,lyria,P0213,train_pool
Impacted/lyria__P0171__b0.png,Impacted,lyria,P0171,train_pool
Impacted/lyria__P0498__b0.png,Impacted,lyria,P0498,train_pool
Endodontics/lyria__P0270__b0.png,Endodontics,lyria,P0270,train_pool
Healthy/lyria__P0187__b2.png,Healthy,lyria,P0187,train_pool
Impacted/lyria__P0150__b0.png,Impacted,lyria,P0150,train_pool
Impacted/lyria__P0457__b0.png,Impacted,lyria,P0457,train_pool
Endodontics/lyria__P0207__b0.png,Endodontics,lyria,P0207,train_pool
Implant/dentex__161.png,Implant,dentex,dentex_161,train_pool
Impacted/lyria__P0377__b0.png,Impacted,lyria,P0377,train_pool
Healthy/lyria__P0216__b8.png,Healthy,lyria,P0216,train_pool
Implant/lyria__P0096__b1.png,Implant,lyria,P0096,train_pool
Healthy/lyria__P0016__b7.png,Healthy,lyria,P0016,train_pool
Implant/lyria__P0422__b2.png,Implant,lyria,P0422,train_pool
Healthy/lyria__P0504__b25.png,Healthy,lyria,P0504,train_pool
Healthy/lyria__P0499__b15.png,Healthy,lyria,P0499,train_pool
Endodontics/lyria__P0790__b0.png,Endodontics,lyria,P0790,train_pool
Endodontics/lyria__P0422__b0.png,Endodontics,lyria,P0422,train_pool
Endodontics/lyria__P0078__b0.png,Endodontics,lyria,P0078,train_pool
Healthy/lyria__P0794__b5.png,Healthy,lyria,P0794,train_pool
Implant/dentex__116.png,Implant,dentex,dentex_116,train_pool
Healthy/lyria__P0469__b19.png,Healthy,lyria,P0469,train_pool
Endodontics/lyria__P0647__b2.png,Endodontics,lyria,P0647,train_pool
Implant/dentex__84.png,Implant,dentex,dentex_84,train_pool
Healthy/lyria__P0747__b5.png,Healthy,lyria,P0747,train_pool
Endodontics/lyria__P0213__b2.png,Endodontics,lyria,P0213,train_pool
Implant/dentex__106.png,Implant,dentex,dentex_106,train_pool
Impacted/lyria__P0692__b0.png,Impacted,lyria,P0692,train_pool
Endodontics/lyria__P0527__b2.png,Endodontics,lyria,P0527,train_pool
Endodontics/lyria__P0158__b2.png,Endodontics,lyria,P0158,train_pool
Impacted/lyria__P0459__b1.png,Impacted,lyria,P0459,train_pool
Endodontics/lyria__P0229__b1.png,Endodontics,lyria,P0229,train_pool
Impacted/lyria__P0097__b0.png,Impacted,lyria,P0097,train_pool
Healthy/lyria__P0595__b5.png,Healthy,lyria,P0595,train_pool
Impacted/lyria__P0255__b1.png,Impacted,lyria,P0255,train_pool
Endodontics/lyria__P0305__b4.png,Endodontics,lyria,P0305,train_pool
Endodontics/lyria__P0262__b0.png,Endodontics,lyria,P0262,train_pool
Impacted/lyria__P0262__b0.png,Impacted,lyria,P0262,train_pool
Healthy/lyria__P0123__b0.png,Healthy,lyria,P0123,train_pool
Endodontics/lyria__P0050__b2.png,Endodontics,lyria,P0050,train_pool
Healthy/lyria__P0739__b6.png,Healthy,lyria,P0739,train_pool
Endodontics/lyria__P0358__b1.png,Endodontics,lyria,P0358,train_pool
Endodontics/lyria__P0329__b0.png,Endodontics,lyria,P0329,train_pool
Endodontics/lyria__P0379__b0.png,Endodontics,lyria,P0379,train_pool
Healthy/lyria__P0443__b11.png,Healthy,lyria,P0443,train_pool
Healthy/lyria__P0442__b0.png,Healthy,lyria,P0442,train_pool
Healthy/lyria__P0554__b6.png,Healthy,lyria,P0554,train_pool
Endodontics/lyria__P0305__b5.png,Endodontics,lyria,P0305,train_pool
Healthy/lyria__P0292__b3.png,Healthy,lyria,P0292,train_pool
Impacted/lyria__P0369__b0.png,Impacted,lyria,P0369,train_pool
Implant/lyria__P0170__b3.png,Implant,lyria,P0170,train_pool
Healthy/lyria__P0448__b23.png,Healthy,lyria,P0448,train_pool
Healthy/lyria__P0248__b3.png,Healthy,lyria,P0248,train_pool
Impacted/lyria__P0507__b0.png,Impacted,lyria,P0507,train_pool
Impacted/lyria__P0229__b0.png,Impacted,lyria,P0229,train_pool
Implant/lyria__P0759__b1.png,Implant,lyria,P0759,train_pool
Implant/dentex__163.png,Implant,dentex,dentex_163,train_pool
Implant/dentex__29.png,Implant,dentex,dentex_29,train_pool
Implant/dentex__155.png,Implant,dentex,dentex_155,train_pool
Healthy/lyria__P0080__b23.png,Healthy,lyria,P0080,train_pool
Impacted/lyria__P0095__b0.png,Impacted,lyria,P0095,train_pool
Healthy/lyria__P0318__b12.png,Healthy,lyria,P0318,train_pool
Healthy/lyria__P0350__b3.png,Healthy,lyria,P0350,train_pool
Implant/lyria__P0078__b0.png,Implant,lyria,P0078,train_pool
Healthy/lyria__P0389__b11.png,Healthy,lyria,P0389,train_pool
Healthy/lyria__P0186__b5.png,Healthy,lyria,P0186,train_pool
Implant/lyria__P0566__b0.png,Implant,lyria,P0566,train_pool
Implant/lyria__P0063__b0.png,Implant,lyria,P0063,train_pool
Impacted/lyria__P0100__b2.png,Impacted,lyria,P0100,train_pool
Healthy/lyria__P0008__b6.png,Healthy,lyria,P0008,train_pool
Healthy/lyria__P0174__b1.png,Healthy,lyria,P0174,train_pool
Implant/dentex__86.png,Implant,dentex,dentex_86,train_pool
Implant/lyria__P0350__b3.png,Implant,lyria,P0350,train_pool
Endodontics/lyria__P0008__b1.png,Endodontics,lyria,P0008,train_pool
Healthy/lyria__P0355__b10.png,Healthy,lyria,P0355,train_pool
Impacted/lyria__P0504__b1.png,Impacted,lyria,P0504,train_pool
Healthy/lyria__P0475__b10.png,Healthy,lyria,P0475,train_pool
Endodontics/lyria__P0263__b0.png,Endodontics,lyria,P0263,train_pool
Endodontics/lyria__P0550__b3.png,Endodontics,lyria,P0550,train_pool
Impacted/lyria__P0701__b1.png,Impacted,lyria,P0701,train_pool
Implant/lyria__P0139__b3.png,Implant,lyria,P0139,train_pool
Implant/lyria__P0139__b2.png,Implant,lyria,P0139,train_pool
Implant/lyria__P0752__b0.png,Implant,lyria,P0752,train_pool
Healthy/lyria__P0373__b4.png,Healthy,lyria,P0373,train_pool
Healthy/lyria__P0016__b6.png,Healthy,lyria,P0016,train_pool
Endodontics/lyria__P0574__b1.png,Endodontics,lyria,P0574,train_pool
Impacted/lyria__P0774__b0.png,Impacted,lyria,P0774,train_pool
Implant/lyria__P0122__b1.png,Implant,lyria,P0122,train_pool
Endodontics/lyria__P0566__b6.png,Endodontics,lyria,P0566,train_pool
Implant/dentex__40.png,Implant,dentex,dentex_40,train_pool
Implant/lyria__P0108__b1.png,Implant,lyria,P0108,train_pool
Implant/dentex__128.png,Implant,dentex,dentex_128,train_pool
Endodontics/lyria__P0560__b1.png,Endodontics,lyria,P0560,train_pool
Implant/lyria__P0071__b1.png,Implant,lyria,P0071,train_pool
Impacted/lyria__P0371__b0.png,Impacted,lyria,P0371,train_pool
Healthy/lyria__P0137__b7.png,Healthy,lyria,P0137,train_pool
Impacted/lyria__P0369__b2.png,Impacted,lyria,P0369,train_pool
Implant/lyria__P0071__b0.png,Implant,lyria,P0071,train_pool
Implant/lyria__P0139__b5.png,Implant,lyria,P0139,train_pool
Implant/dentex__96.png,Implant,dentex,dentex_96,train_pool
Impacted/lyria__P0467__b0.png,Impacted,lyria,P0467,train_pool
Implant/lyria__P0108__b2.png,Implant,lyria,P0108,train_pool
Impacted/lyria__P0484__b0.png,Impacted,lyria,P0484,train_pool
Impacted/lyria__P0459__b0.png,Impacted,lyria,P0459,train_pool
Healthy/lyria__P0411__b10.png,Healthy,lyria,P0411,train_pool
Impacted/lyria__P0109__b0.png,Impacted,lyria,P0109,train_pool
Implant/dentex__49.png,Implant,dentex,dentex_49,train_pool
Impacted/lyria__P0341__b0.png,Impacted,lyria,P0341,train_pool
Impacted/lyria__P0073__b0.png,Impacted,lyria,P0073,train_pool
Implant/dentex__144.png,Implant,dentex,dentex_144,train_pool
Impacted/lyria__P0028__b0.png,Impacted,lyria,P0028,train_pool
Endodontics/lyria__P0647__b1.png,Endodontics,lyria,P0647,train_pool
Impacted/lyria__P0502__b1.png,Impacted,lyria,P0502,train_pool
Healthy/lyria__P0656__b22.png,Healthy,lyria,P0656,train_pool
Healthy/lyria__P0520__b2.png,Healthy,lyria,P0520,train_pool
Implant/lyria__P0759__b5.png,Implant,lyria,P0759,train_pool
Impacted/lyria__P0474__b2.png,Impacted,lyria,P0474,train_pool
Implant/dentex__111.png,Implant,dentex,dentex_111,train_pool
Healthy/lyria__P0301__b8.png,Healthy,lyria,P0301,train_pool
Implant/dentex__164.png,Implant,dentex,dentex_164,train_pool
Implant/dentex__136.png,Implant,dentex,dentex_136,train_pool
Endodontics/lyria__P0375__b0.png,Endodontics,lyria,P0375,train_pool
Endodontics/lyria__P0416__b1.png,Endodontics,lyria,P0416,train_pool
Impacted/lyria__P0008__b0.png,Impacted,lyria,P0008,train_pool
Implant/lyria__P0050__b0.png,Implant,lyria,P0050,train_pool
Implant/dentex__55.png,Implant,dentex,dentex_55,train_pool
Implant/lyria__P0350__b0.png,Implant,lyria,P0350,train_pool
Healthy/lyria__P0507__b10.png,Healthy,lyria,P0507,train_pool
Impacted/lyria__P0468__b2.png,Impacted,lyria,P0468,train_pool
Implant/dentex__114.png,Implant,dentex,dentex_114,train_pool
Endodontics/lyria__P0108__b3.png,Endodontics,lyria,P0108,train_pool
Endodontics/lyria__P0550__b1.png,Endodontics,lyria,P0550,train_pool
Endodontics/lyria__P0527__b1.png,Endodontics,lyria,P0527,train_pool
Healthy/lyria__P0780__b2.png,Healthy,lyria,P0780,train_pool
Implant/lyria__P0139__b4.png,Implant,lyria,P0139,train_pool
Healthy/lyria__P0327__b19.png,Healthy,lyria,P0327,train_pool
Endodontics/lyria__P0292__b0.png,Endodontics,lyria,P0292,train_pool
Impacted/lyria__P0186__b0.png,Impacted,lyria,P0186,train_pool
Healthy/lyria__P0355__b13.png,Healthy,lyria,P0355,train_pool
Healthy/lyria__P0366__b1.png,Healthy,lyria,P0366,train_pool
Impacted/lyria__P0090__b1.png,Impacted,lyria,P0090,train_pool
Healthy/lyria__P0086__b8.png,Healthy,lyria,P0086,train_pool
Healthy/lyria__P0655__b0.png,Healthy,lyria,P0655,train_pool
Implant/dentex__109.png,Implant,dentex,dentex_109,train_pool
Endodontics/lyria__P0531__b1.png,Endodontics,lyria,P0531,train_pool
Implant/lyria__P0530__b0.png,Implant,lyria,P0530,train_pool
Healthy/lyria__P0632__b0.png,Healthy,lyria,P0632,train_pool
Healthy/lyria__P0185__b19.png,Healthy,lyria,P0185,train_pool
Endodontics/lyria__P0375__b1.png,Endodontics,lyria,P0375,train_pool
Endodontics/lyria__P0139__b5.png,Endodontics,lyria,P0139,train_pool
Impacted/lyria__P0020__b0.png,Impacted,lyria,P0020,train_pool
Impacted/lyria__P0072__b0.png,Impacted,lyria,P0072,train_pool
Impacted/lyria__P0147__b0.png,Impacted,lyria,P0147,train_pool
Healthy/lyria__P0422__b1.png,Healthy,lyria,P0422,train_pool
Impacted/lyria__P0286__b0.png,Impacted,lyria,P0286,train_pool
Impacted/lyria__P0669__b2.png,Impacted,lyria,P0669,train_pool
Implant/dentex__82.png,Implant,dentex,dentex_82,train_pool
Healthy/lyria__P0566__b2.png,Healthy,lyria,P0566,train_pool
Impacted/lyria__P0136__b2.png,Impacted,lyria,P0136,train_pool
Impacted/lyria__P0499__b0.png,Impacted,lyria,P0499,train_pool
Implant/dentex__167.png,Implant,dentex,dentex_167,train_pool
Implant/lyria__P0063__b2.png,Implant,lyria,P0063,train_pool
Impacted/lyria__P0701__b2.png,Impacted,lyria,P0701,train_pool
Healthy/lyria__P0136__b3.png,Healthy,lyria,P0136,train_pool
Endodontics/lyria__P0196__b1.png,Endodontics,lyria,P0196,train_pool
Endodontics/lyria__P0049__b3.png,Endodontics,lyria,P0049,train_pool
Healthy/lyria__P0752__b1.png,Healthy,lyria,P0752,train_pool
Healthy/lyria__P0379__b6.png,Healthy,lyria,P0379,train_pool
Endodontics/lyria__P0286__b6.png,Endodontics,lyria,P0286,train_pool
Impacted/lyria__P0504__b0.png,Impacted,lyria,P0504,train_pool
Healthy/lyria__P0398__b1.png,Healthy,lyria,P0398,train_pool
Endodontics/lyria__P0213__b4.png,Endodontics,lyria,P0213,train_pool
Impacted/lyria__P0669__b0.png,Impacted,lyria,P0669,train_pool
Endodontics/lyria__P0213__b6.png,Endodontics,lyria,P0213,train_pool
Impacted/lyria__P0109__b1.png,Impacted,lyria,P0109,train_pool
Healthy/lyria__P0158__b1.png,Healthy,lyria,P0158,train_pool
Implant/dentex__59.png,Implant,dentex,dentex_59,train_pool
Impacted/lyria__P0187__b3.png,Impacted,lyria,P0187,train_pool
Healthy/lyria__P0122__b12.png,Healthy,lyria,P0122,train_pool
Implant/dentex__27.png,Implant,dentex,dentex_27,train_pool
Implant/dentex__24.png,Implant,dentex,dentex_24,train_pool
Implant/dentex__101.png,Implant,dentex,dentex_101,train_pool
Implant/dentex__169.png,Implant,dentex,dentex_169,train_pool
Implant/lyria__P0655__b0.png,Implant,lyria,P0655,train_pool
Implant/lyria__P0213__b0.png,Implant,lyria,P0213,train_pool
Implant/dentex__87.png,Implant,dentex,dentex_87,train_pool
Healthy/lyria__P0127__b11.png,Healthy,lyria,P0127,train_pool
Implant/dentex__2.png,Implant,dentex,dentex_2,train_pool
Endodontics/lyria__P0752__b5.png,Endodontics,lyria,P0752,train_pool
Implant/dentex__42.png,Implant,dentex,dentex_42,train_pool
Impacted/lyria__P0150__b3.png,Impacted,lyria,P0150,train_pool
Implant/dentex__46.png,Implant,dentex,dentex_46,train_pool
Implant/dentex__52.png,Implant,dentex,dentex_52,train_pool
Implant/dentex__18.png,Implant,dentex,dentex_18,train_pool
Implant/dentex__102.png,Implant,dentex,dentex_102,train_pool
Endodontics/lyria__P0533__b0.png,Endodontics,lyria,P0533,train_pool
Impacted/lyria__P0016__b1.png,Impacted,lyria,P0016,train_pool
Implant/dentex__127.png,Implant,dentex,dentex_127,train_pool
Impacted/lyria__P0311__b0.png,Impacted,lyria,P0311,train_pool
Healthy/lyria__P0062__b14.png,Healthy,lyria,P0062,train_pool
Implant/dentex__22.png,Implant,dentex,dentex_22,train_pool
Impacted/lyria__P0503__b1.png,Impacted,lyria,P0503,train_pool
Impacted/lyria__P0487__b3.png,Impacted,lyria,P0487,train_pool
Impacted/lyria__P0078__b0.png,Impacted,lyria,P0078,train_pool
Endodontics/lyria__P0049__b0.png,Endodontics,lyria,P0049,train_pool
Healthy/lyria__P0560__b4.png,Healthy,lyria,P0560,train_pool
Impacted/lyria__P0457__b2.png,Impacted,lyria,P0457,train_pool
Impacted/lyria__P0087__b1.png,Impacted,lyria,P0087,train_pool
Healthy/lyria__P0028__b21.png,Healthy,lyria,P0028,train_pool
Endodontics/lyria__P0229__b0.png,Endodontics,lyria,P0229,train_pool
Endodontics/lyria__P0071__b1.png,Endodontics,lyria,P0071,train_pool
Implant/dentex__77.png,Implant,dentex,dentex_77,train_pool
Healthy/lyria__P0453__b20.png,Healthy,lyria,P0453,train_pool
Implant/lyria__P0122__b0.png,Implant,lyria,P0122,train_pool
Implant/lyria__P0655__b3.png,Implant,lyria,P0655,train_pool
Endodontics/lyria__P0145__b2.png,Endodontics,lyria,P0145,train_pool
Impacted/lyria__P0467__b3.png,Impacted,lyria,P0467,train_pool
Impacted/lyria__P0229__b1.png,Impacted,lyria,P0229,train_pool
Healthy/lyria__P0097__b0.png,Healthy,lyria,P0097,train_pool
Endodontics/lyria__P0305__b2.png,Endodontics,lyria,P0305,train_pool
Implant/lyria__P0750__b1.png,Implant,lyria,P0750,train_pool
Impacted/lyria__P0730__b0.png,Impacted,lyria,P0730,train_pool
Implant/dentex__1.png,Implant,dentex,dentex_1,train_pool
Implant/lyria__P0202__b0.png,Implant,lyria,P0202,train_pool
Healthy/lyria__P0451__b21.png,Healthy,lyria,P0451,train_pool
Endodontics/lyria__P0025__b1.png,Endodontics,lyria,P0025,train_pool
Impacted/lyria__P0100__b3.png,Impacted,lyria,P0100,train_pool
Implant/dentex__10.png,Implant,dentex,dentex_10,train_pool
Endodontics/lyria__P0186__b3.png,Endodontics,lyria,P0186,train_pool
Impacted/lyria__P0508__b1.png,Impacted,lyria,P0508,train_pool
Healthy/lyria__P0473__b15.png,Healthy,lyria,P0473,train_pool
Endodontics/lyria__P0174__b0.png,Endodontics,lyria,P0174,train_pool
Impacted/lyria__P0479__b0.png,Impacted,lyria,P0479,train_pool
Healthy/lyria__P0520__b4.png,Healthy,lyria,P0520,train_pool
Implant/dentex__54.png,Implant,dentex,dentex_54,train_pool
Endodontics/lyria__P0305__b1.png,Endodontics,lyria,P0305,train_pool
Impacted/lyria__P0331__b0.png,Impacted,lyria,P0331,train_pool
Healthy/lyria__P0659__b8.png,Healthy,lyria,P0659,train_pool
Implant/lyria__P0373__b1.png,Implant,lyria,P0373,train_pool
Healthy/lyria__P0216__b0.png,Healthy,lyria,P0216,train_pool
Endodontics/lyria__P0800__b2.png,Endodontics,lyria,P0800,train_pool
Implant/dentex__26.png,Implant,dentex,dentex_26,train_pool
Implant/dentex__115.png,Implant,dentex,dentex_115,train_pool
Impacted/lyria__P0472__b1.png,Impacted,lyria,P0472,train_pool
Endodontics/lyria__P0605__b1.png,Endodontics,lyria,P0605,train_pool
Endodontics/lyria__P0363__b1.png,Endodontics,lyria,P0363,train_pool
Impacted/lyria__P0055__b1.png,Impacted,lyria,P0055,train_pool
Impacted/lyria__P0498__b1.png,Impacted,lyria,P0498,train_pool
Impacted/lyria__P0508__b0.png,Impacted,lyria,P0508,train_pool
Endodontics/lyria__P0416__b0.png,Endodontics,lyria,P0416,train_pool
Implant/dentex__80.png,Implant,dentex,dentex_80,train_pool
Endodontics/lyria__P0800__b3.png,Endodontics,lyria,P0800,train_pool
Healthy/lyria__P0151__b7.png,Healthy,lyria,P0151,train_pool
Implant/dentex__157.png,Implant,dentex,dentex_157,train_pool
Healthy/lyria__P0550__b1.png,Healthy,lyria,P0550,train_pool
Healthy/lyria__P0561__b8.png,Healthy,lyria,P0561,train_pool
Implant/dentex__33.png,Implant,dentex,dentex_33,train_pool
Healthy/lyria__P0468__b10.png,Healthy,lyria,P0468,train_pool
Impacted/lyria__P0365__b0.png,Impacted,lyria,P0365,train_pool
Impacted/lyria__P0444__b1.png,Impacted,lyria,P0444,train_pool
Implant/dentex__140.png,Implant,dentex,dentex_140,train_pool
Impacted/lyria__P0668__b0.png,Impacted,lyria,P0668,train_pool
Healthy/lyria__P0508__b15.png,Healthy,lyria,P0508,train_pool
Implant/lyria__P0422__b1.png,Implant,lyria,P0422,train_pool
Healthy/lyria__P0311__b4.png,Healthy,lyria,P0311,train_pool
Implant/lyria__P0057__b0.png,Implant,lyria,P0057,train_pool
Healthy/lyria__P0056__b15.png,Healthy,lyria,P0056,train_pool
Impacted/lyria__P0317__b1.png,Impacted,lyria,P0317,train_pool
Impacted/lyria__P0073__b1.png,Impacted,lyria,P0073,train_pool
Implant/lyria__P0139__b0.png,Implant,lyria,P0139,train_pool
Healthy/lyria__P0262__b8.png,Healthy,lyria,P0262,train_pool
Endodontics/lyria__P0170__b1.png,Endodontics,lyria,P0170,train_pool
Healthy/lyria__P0716__b3.png,Healthy,lyria,P0716,train_pool
Implant/lyria__P0063__b1.png,Implant,lyria,P0063,train_pool
Healthy/lyria__P0171__b1.png,Healthy,lyria,P0171,train_pool
Healthy/lyria__P0020__b6.png,Healthy,lyria,P0020,train_pool
Impacted/lyria__P0020__b3.png,Impacted,lyria,P0020,train_pool
Impacted/lyria__P0475__b0.png,Impacted,lyria,P0475,train_pool
Implant/dentex__156.png,Implant,dentex,dentex_156,train_pool
Impacted/lyria__P0262__b2.png,Impacted,lyria,P0262,train_pool
Impacted/lyria__P0110__b0.png,Impacted,lyria,P0110,train_pool
Healthy/lyria__P0504__b12.png,Healthy,lyria,P0504,train_pool
Implant/dentex__11.png,Implant,dentex,dentex_11,train_pool
Impacted/lyria__P0080__b0.png,Impacted,lyria,P0080,train_pool
Implant/dentex__12.png,Implant,dentex,dentex_12,train_pool
Healthy/lyria__P0284__b1.png,Healthy,lyria,P0284,train_pool
Endodontics/lyria__P0442__b2.png,Endodontics,lyria,P0442,train_pool
Healthy/lyria__P0750__b10.png,Healthy,lyria,P0750,train_pool
Endodontics/lyria__P0533__b3.png,Endodontics,lyria,P0533,train_pool
Impacted/lyria__P0056__b0.png,Impacted,lyria,P0056,train_pool
Impacted/lyria__P0136__b1.png,Impacted,lyria,P0136,train_pool
Impacted/lyria__P0055__b0.png,Impacted,lyria,P0055,train_pool
Endodontics/lyria__P0533__b2.png,Endodontics,lyria,P0533,train_pool
Implant/dentex__34.png,Implant,dentex,dentex_34,train_pool
Endodontics/lyria__P0036__b1.png,Endodontics,lyria,P0036,train_pool
Implant/dentex__99.png,Implant,dentex,dentex_99,train_pool
Implant/dentex__110.png,Implant,dentex,dentex_110,train_pool
Endodontics/lyria__P0530__b2.png,Endodontics,lyria,P0530,train_pool
Impacted/lyria__P0701__b3.png,Impacted,lyria,P0701,train_pool
Healthy/lyria__P0681__b11.png,Healthy,lyria,P0681,train_pool
Impacted/lyria__P0100__b0.png,Impacted,lyria,P0100,train_pool
Endodontics/lyria__P0213__b9.png,Endodontics,lyria,P0213,train_pool
Healthy/lyria__P0675__b2.png,Healthy,lyria,P0675,train_pool
Impacted/lyria__P0468__b0.png,Impacted,lyria,P0468,train_pool
Endodontics/lyria__P0668__b6.png,Endodontics,lyria,P0668,train_pool
Healthy/lyria__P0087__b15.png,Healthy,lyria,P0087,train_pool
Healthy/lyria__P0082__b0.png,Healthy,lyria,P0082,train_pool
Implant/dentex__133.png,Implant,dentex,dentex_133,train_pool
Implant/dentex__107.png,Implant,dentex,dentex_107,train_pool
Endodontics/lyria__P0780__b2.png,Endodontics,lyria,P0780,train_pool
Endodontics/lyria__P0329__b1.png,Endodontics,lyria,P0329,train_pool
Endodontics/lyria__P0049__b1.png,Endodontics,lyria,P0049,train_pool
Endodontics/lyria__P0072__b0.png,Endodontics,lyria,P0072,train_pool
Endodontics/lyria__P0213__b7.png,Endodontics,lyria,P0213,train_pool
Impacted/lyria__P0187__b2.png,Impacted,lyria,P0187,train_pool
Healthy/lyria__P0202__b0.png,Healthy,lyria,P0202,train_pool
Endodontics/lyria__P0243__b0.png,Endodontics,lyria,P0243,train_pool
Impacted/lyria__P0484__b1.png,Impacted,lyria,P0484,train_pool
Impacted/lyria__P0383__b1.png,Impacted,lyria,P0383,train_pool
Healthy/lyria__P0759__b0.png,Healthy,lyria,P0759,train_pool
Endodontics/lyria__P0366__b1.png,Endodontics,lyria,P0366,train_pool
Endodontics/lyria__P0780__b1.png,Endodontics,lyria,P0780,train_pool
Endodontics/lyria__P0050__b3.png,Endodontics,lyria,P0050,train_pool
Endodontics/lyria__P0668__b1.png,Endodontics,lyria,P0668,train_pool
Healthy/lyria__P0357__b5.png,Healthy,lyria,P0357,train_pool
Implant/dentex__72.png,Implant,dentex,dentex_72,train_pool
Endodontics/lyria__P0574__b0.png,Endodontics,lyria,P0574,train_pool
Impacted/lyria__P0002__b0.png,Impacted,lyria,P0002,train_pool
Impacted/lyria__P0656__b0.png,Impacted,lyria,P0656,train_pool
Impacted/lyria__P0416__b0.png,Impacted,lyria,P0416,train_pool
Endodontics/lyria__P0422__b5.png,Endodontics,lyria,P0422,train_pool
Implant/dentex__139.png,Implant,dentex,dentex_139,train_pool
Endodontics/lyria__P0331__b1.png,Endodontics,lyria,P0331,train_pool
Impacted/lyria__P0150__b1.png,Impacted,lyria,P0150,train_pool
Endodontics/lyria__P0442__b0.png,Endodontics,lyria,P0442,train_pool
Healthy/lyria__P0207__b5.png,Healthy,lyria,P0207,train_pool
Healthy/lyria__P0376__b6.png,Healthy,lyria,P0376,train_pool
Impacted/lyria__P0255__b0.png,Impacted,lyria,P0255,train_pool
Endodontics/lyria__P0297__b0.png,Endodontics,lyria,P0297,train_pool
Healthy/lyria__P0082__b1.png,Healthy,lyria,P0082,train_pool
Implant/dentex__50.png,Implant,dentex,dentex_50,train_pool
Implant/lyria__P0071__b2.png,Implant,lyria,P0071,train_pool
Healthy/lyria__P0502__b20.png,Healthy,lyria,P0502,train_pool
Implant/lyria__P0752__b1.png,Implant,lyria,P0752,train_pool
Endodontics/lyria__P0050__b4.png,Endodontics,lyria,P0050,train_pool
Healthy/lyria__P0360__b16.png,Healthy,lyria,P0360,train_pool
Implant/lyria__P0108__b0.png,Implant,lyria,P0108,train_pool
Healthy/lyria__P0055__b11.png,Healthy,lyria,P0055,train_pool
Healthy/lyria__P0726__b6.png,Healthy,lyria,P0726,train_pool
Implant/dentex__38.png,Implant,dentex,dentex_38,train_pool
Implant/dentex__78.png,Implant,dentex,dentex_78,train_pool
Healthy/lyria__P0566__b1.png,Healthy,lyria,P0566,train_pool
Endodontics/lyria__P0527__b0.png,Endodontics,lyria,P0527,train_pool
Healthy/lyria__P0243__b2.png,Healthy,lyria,P0243,train_pool
Impacted/lyria__P0270__b0.png,Impacted,lyria,P0270,train_pool
Impacted/lyria__P0467__b1.png,Impacted,lyria,P0467,train_pool
Impacted/lyria__P0297__b0.png,Impacted,lyria,P0297,train_pool
Impacted/lyria__P0681__b0.png,Impacted,lyria,P0681,train_pool
Healthy/lyria__P0187__b17.png,Healthy,lyria,P0187,train_pool
Healthy/lyria__P0379__b2.png,Healthy,lyria,P0379,train_pool
Implant/lyria__P0003__b0.png,Implant,lyria,P0003,train_pool
Impacted/lyria__P0604__b0.png,Impacted,lyria,P0604,train_pool
Healthy/lyria__P0790__b12.png,Healthy,lyria,P0790,train_pool
Impacted/lyria__P0507__b1.png,Impacted,lyria,P0507,train_pool
Endodontics/lyria__P0050__b5.png,Endodontics,lyria,P0050,train_pool
Endodontics/lyria__P0139__b7.png,Endodontics,lyria,P0139,train_pool
Impacted/lyria__P0338__b0.png,Impacted,lyria,P0338,train_pool
Endodontics/lyria__P0375__b4.png,Endodontics,lyria,P0375,train_pool
Healthy/lyria__P0774__b4.png,Healthy,lyria,P0774,train_pool
Implant/lyria__P0263__b0.png,Implant,lyria,P0263,train_pool
Endodontics/lyria__P0574__b4.png,Endodontics,lyria,P0574,train_pool
Endodontics/lyria__P0350__b2.png,Endodontics,lyria,P0350,train_pool
Impacted/lyria__P0003__b0.png,Impacted,lyria,P0003,train_pool
Endodontics/lyria__P0560__b3.png,Endodontics,lyria,P0560,train_pool
Healthy/lyria__P0304__b1.png,Healthy,lyria,P0304,train_pool
Endodontics/lyria__P0716__b2.png,Endodontics,lyria,P0716,train_pool
Implant/dentex__134.png,Implant,dentex,dentex_134,train_pool
Endodontics/lyria__P0560__b0.png,Endodontics,lyria,P0560,train_pool
Healthy/lyria__P0122__b9.png,Healthy,lyria,P0122,train_pool
Healthy/lyria__P0072__b4.png,Healthy,lyria,P0072,train_pool
Healthy/lyria__P0744__b7.png,Healthy,lyria,P0744,train_pool
Impacted/lyria__P0087__b0.png,Impacted,lyria,P0087,train_pool
Implant/dentex__120.png,Implant,dentex,dentex_120,train_pool
Implant/lyria__P0422__b0.png,Implant,lyria,P0422,train_pool
Healthy/lyria__P0326__b5.png,Healthy,lyria,P0326,train_pool
Impacted/lyria__P0444__b0.png,Impacted,lyria,P0444,train_pool
Endodontics/lyria__P0139__b2.png,Endodontics,lyria,P0139,train_pool
Endodontics/lyria__P0286__b4.png,Endodontics,lyria,P0286,train_pool
Impacted/lyria__P0467__b2.png,Impacted,lyria,P0467,train_pool
Endodontics/lyria__P0287__b1.png,Endodontics,lyria,P0287,train_pool
Endodontics/lyria__P0050__b0.png,Endodontics,lyria,P0050,train_pool
Endodontics/lyria__P0358__b0.png,Endodontics,lyria,P0358,train_pool
Implant/dentex__147.png,Implant,dentex,dentex_147,train_pool
Endodontics/lyria__P0216__b1.png,Endodontics,lyria,P0216,train_pool
Healthy/lyria__P0028__b4.png,Healthy,lyria,P0028,train_pool
Endodontics/lyria__P0422__b3.png,Endodontics,lyria,P0422,train_pool
Implant/lyria__P0139__b6.png,Implant,lyria,P0139,train_pool
Implant/dentex__138.png,Implant,dentex,dentex_138,train_pool
Implant/dentex__81.png,Implant,dentex,dentex_81,train_pool
Healthy/lyria__P0177__b3.png,Healthy,lyria,P0177,train_pool
Implant/dentex__121.png,Implant,dentex,dentex_121,train_pool
Implant/lyria__P0750__b0.png,Implant,lyria,P0750,train_pool
Impacted/lyria__P0371__b1.png,Impacted,lyria,P0371,train_pool
Impacted/lyria__P0287__b0.png,Impacted,lyria,P0287,train_pool
Impacted/lyria__P0158__b1.png,Impacted,lyria,P0158,train_pool
Implant/dentex__5.png,Implant,dentex,dentex_5,train_pool
Healthy/lyria__P0700__b12.png,Healthy,lyria,P0700,train_pool
Healthy/lyria__P0097__b27.png,Healthy,lyria,P0097,train_pool
Impacted/lyria__P0420__b0.png,Impacted,lyria,P0420,train_pool
Impacted/lyria__P0502__b0.png,Impacted,lyria,P0502,train_pool
Healthy/lyria__P0304__b0.png,Healthy,lyria,P0304,train_pool
Implant/dentex__63.png,Implant,dentex,dentex_63,train_pool
Healthy/lyria__P0457__b3.png,Healthy,lyria,P0457,train_pool
Healthy/lyria__P0291__b6.png,Healthy,lyria,P0291,train_pool
Impacted/lyria__P0468__b1.png,Impacted,lyria,P0468,train_pool
Impacted/lyria__P0484__b2.png,Impacted,lyria,P0484,train_pool
Healthy/lyria__P0540__b5.png,Healthy,lyria,P0540,train_pool
Impacted/lyria__P0472__b0.png,Impacted,lyria,P0472,train_pool
Healthy/lyria__P0459__b2.png,Healthy,lyria,P0459,train_pool
Healthy/lyria__P0484__b25.png,Healthy,lyria,P0484,train_pool
Implant/lyria__P0350__b2.png,Implant,lyria,P0350,train_pool
Implant/dentex__25.png,Implant,dentex,dentex_25,train_pool
Impacted/lyria__P0527__b0.png,Impacted,lyria,P0527,train_pool
Impacted/lyria__P0262__b1.png,Impacted,lyria,P0262,train_pool
Implant/lyria__P0071__b6.png,Implant,lyria,P0071,train_pool
Endodontics/lyria__P0213__b1.png,Endodontics,lyria,P0213,train_pool
Impacted/lyria__P0392__b0.png,Impacted,lyria,P0392,train_pool
Implant/dentex__79.png,Implant,dentex,dentex_79,train_pool
Healthy/lyria__P0457__b21.png,Healthy,lyria,P0457,train_pool
Endodontics/lyria__P0678__b0.png,Endodontics,lyria,P0678,train_pool
Healthy/lyria__P0139__b1.png,Healthy,lyria,P0139,train_pool
Endodontics/lyria__P0202__b0.png,Endodontics,lyria,P0202,train_pool
Impacted/lyria__P0002__b2.png,Impacted,lyria,P0002,train_pool
Impacted/lyria__P0028__b1.png,Impacted,lyria,P0028,train_pool
Implant/lyria__P0655__b2.png,Implant,lyria,P0655,train_pool
Endodontics/lyria__P0292__b2.png,Endodontics,lyria,P0292,train_pool
Endodontics/lyria__P0375__b5.png,Endodontics,lyria,P0375,train_pool
Impacted/lyria__P0020__b2.png,Impacted,lyria,P0020,train_pool
Implant/lyria__P0358__b0.png,Implant,lyria,P0358,train_pool
Endodontics/lyria__P0442__b4.png,Endodontics,lyria,P0442,train_pool
Healthy/lyria__P0269__b1.png,Healthy,lyria,P0269,train_pool
Impacted/lyria__P0287__b1.png,Impacted,lyria,P0287,train_pool
Impacted/lyria__P0270__b1.png,Impacted,lyria,P0270,train_pool
Healthy/lyria__P0150__b1.png,Healthy,lyria,P0150,train_pool
Healthy/lyria__P0560__b1.png,Healthy,lyria,P0560,train_pool
Impacted/lyria__P0383__b0.png,Impacted,lyria,P0383,train_pool
Endodontics/lyria__P0442__b5.png,Endodontics,lyria,P0442,train_pool
Implant/dentex__43.png,Implant,dentex,dentex_43,train_pool
Endodontics/lyria__P0108__b2.png,Endodontics,lyria,P0108,train_pool
Impacted/lyria__P0002__b3.png,Impacted,lyria,P0002,train_pool
Endodontics/lyria__P0794__b0.png,Endodontics,lyria,P0794,train_pool
Implant/dentex__170.png,Implant,dentex,dentex_170,train_pool
Impacted/lyria__P0369__b1.png,Impacted,lyria,P0369,train_pool
Endodontics/lyria__P0158__b0.png,Endodontics,lyria,P0158,train_pool
Healthy/lyria__P0482__b10.png,Healthy,lyria,P0482,train_pool
Endodontics/lyria__P0350__b9.png,Endodontics,lyria,P0350,train_pool
Endodontics/lyria__P0668__b3.png,Endodontics,lyria,P0668,train_pool
Healthy/lyria__P0002__b0.png,Healthy,lyria,P0002,train_pool
Implant/dentex__83.png,Implant,dentex,dentex_83,train_pool
Healthy/lyria__P0020__b11.png,Healthy,lyria,P0020,train_pool
Implant/dentex__97.png,Implant,dentex,dentex_97,train_pool
Healthy/lyria__P0747__b2.png,Healthy,lyria,P0747,train_pool
Healthy/lyria__P0700__b0.png,Healthy,lyria,P0700,train_pool
Endodontics/lyria__P0357__b0.png,Endodontics,lyria,P0357,train_pool
Endodontics/lyria__P0213__b0.png,Endodontics,lyria,P0213,train_pool
Impacted/lyria__P0311__b2.png,Impacted,lyria,P0311,train_pool
Impacted/lyria__P0016__b0.png,Impacted,lyria,P0016,train_pool
Impacted/lyria__P0326__b0.png,Impacted,lyria,P0326,train_pool
Endodontics/lyria__P0530__b3.png,Endodontics,lyria,P0530,train_pool
Implant/dentex__165.png,Implant,dentex,dentex_165,train_pool
Implant/dentex__70.png,Implant,dentex,dentex_70,train_pool
Implant/dentex__85.png,Implant,dentex,dentex_85,train_pool
Impacted/lyria__P0002__b1.png,Impacted,lyria,P0002,train_pool
Healthy/lyria__P0660__b1.png,Healthy,lyria,P0660,train_pool
Implant/dentex__56.png,Implant,dentex,dentex_56,train_pool
Impacted/lyria__P0100__b1.png,Impacted,lyria,P0100,train_pool
Healthy/lyria__P0369__b10.png,Healthy,lyria,P0369,train_pool
Endodontics/lyria__P0331__b0.png,Endodontics,lyria,P0331,train_pool
Implant/dentex__3.png,Implant,dentex,dentex_3,train_pool
Endodontics/lyria__P0759__b1.png,Endodontics,lyria,P0759,train_pool
Impacted/lyria__P0604__b1.png,Impacted,lyria,P0604,train_pool
Healthy/lyria__P0446__b10.png,Healthy,lyria,P0446,train_pool
Healthy/lyria__P0800__b6.png,Healthy,lyria,P0800,train_pool
Implant/lyria__P0304__b0.png,Implant,lyria,P0304,train_pool
Impacted/lyria__P0036__b1.png,Impacted,lyria,P0036,train_pool
Implant/lyria__P0145__b2.png,Implant,lyria,P0145,train_pool
Healthy/lyria__P0360__b1.png,Healthy,lyria,P0360,train_pool
Impacted/lyria__P0542__b1.png,Impacted,lyria,P0542,train_pool
Endodontics/lyria__P0050__b6.png,Endodontics,lyria,P0050,train_pool
Implant/dentex__74.png,Implant,dentex,dentex_74,train_pool
Endodontics/lyria__P0675__b4.png,Endodontics,lyria,P0675,train_pool
Healthy/lyria__P0352__b10.png,Healthy,lyria,P0352,train_pool
Healthy/lyria__P0036__b0.png,Healthy,lyria,P0036,train_pool
Healthy/lyria__P0218__b5.png,Healthy,lyria,P0218,train_pool
Healthy/lyria__P0183__b4.png,Healthy,lyria,P0183,train_pool
Impacted/lyria__P0187__b0.png,Impacted,lyria,P0187,train_pool
Healthy/lyria__P0392__b5.png,Healthy,lyria,P0392,train_pool
Implant/lyria__P0071__b4.png,Implant,lyria,P0071,train_pool
Endodontics/lyria__P0752__b0.png,Endodontics,lyria,P0752,train_pool
Endodontics/lyria__P0422__b1.png,Endodontics,lyria,P0422,train_pool
Healthy/lyria__P0398__b5.png,Healthy,lyria,P0398,train_pool
Impacted/lyria__P0158__b0.png,Impacted,lyria,P0158,train_pool
Endodontics/lyria__P0049__b4.png,Endodontics,lyria,P0049,train_pool
Implant/dentex__75.png,Implant,dentex,dentex_75,train_pool
Healthy/lyria__P0604__b13.png,Healthy,lyria,P0604,train_pool
Implant/dentex__154.png,Implant,dentex,dentex_154,train_pool
Healthy/lyria__P0383__b19.png,Healthy,lyria,P0383,train_pool
Implant/lyria__P0531__b0.png,Implant,lyria,P0531,train_pool
Healthy/lyria__P0199__b21.png,Healthy,lyria,P0199,train_pool
Endodontics/lyria__P0363__b0.png,Endodontics,lyria,P0363,train_pool
Implant/dentex__9.png,Implant,dentex,dentex_9,train_pool
Implant/dentex__159.png,Implant,dentex,dentex_159,train_pool
Impacted/lyria__P0474__b0.png,Impacted,lyria,P0474,train_pool
Implant/dentex__73.png,Implant,dentex,dentex_73,train_pool
Endodontics/lyria__P0376__b0.png,Endodontics,lyria,P0376,train_pool
Healthy/lyria__P0584__b0.png,Healthy,lyria,P0584,train_pool
Implant/lyria__P0350__b1.png,Implant,lyria,P0350,train_pool
Impacted/lyria__P0186__b1.png,Impacted,lyria,P0186,train_pool
Impacted/lyria__P0701__b0.png,Impacted,lyria,P0701,train_pool
Impacted/lyria__P0090__b2.png,Impacted,lyria,P0090,train_pool
Impacted/lyria__P0086__b0.png,Impacted,lyria,P0086,train_pool
Implant/lyria__P0759__b4.png,Implant,lyria,P0759,train_pool
Endodontics/lyria__P0063__b0.png,Endodontics,lyria,P0063,train_pool
Implant/lyria__P0170__b2.png,Implant,lyria,P0170,train_pool
Healthy/lyria__P0692__b1.png,Healthy,lyria,P0692,train_pool
Implant/dentex__125.png,Implant,dentex,dentex_125,train_pool
Endodontics/lyria__P0574__b2.png,Endodontics,lyria,P0574,train_pool
Healthy/lyria__P0062__b9.png,Healthy,lyria,P0062,train_pool
Endodontics/lyria__P0139__b6.png,Endodontics,lyria,P0139,train_pool
Impacted/lyria__P0087__b3.png,Impacted,lyria,P0087,train_pool
Endodontics/lyria__P0655__b0.png,Endodontics,lyria,P0655,train_pool
Healthy/lyria__P0108__b1.png,Healthy,lyria,P0108,train_pool
Implant/dentex__168.png,Implant,dentex,dentex_168,train_pool
Endodontics/lyria__P0350__b0.png,Endodontics,lyria,P0350,train_pool
Impacted/lyria__P0459__b3.png,Impacted,lyria,P0459,train_pool
Impacted/lyria__P0183__b1.png,Impacted,lyria,P0183,train_pool
Endodontics/lyria__P0291__b0.png,Endodontics,lyria,P0291,train_pool
Healthy/lyria__P0338__b11.png,Healthy,lyria,P0338,train_pool
Endodontics/lyria__P0139__b3.png,Endodontics,lyria,P0139,train_pool
Endodontics/lyria__P0604__b0.png,Endodontics,lyria,P0604,train_pool
Impacted/lyria__P0669__b1.png,Impacted,lyria,P0669,train_pool
Healthy/lyria__P0330__b2.png,Healthy,lyria,P0330,train_pool
Endodontics/lyria__P0139__b4.png,Endodontics,lyria,P0139,train_pool
Endodontics/lyria__P0145__b1.png,Endodontics,lyria,P0145,train_pool
Endodontics/lyria__P0186__b1.png,Endodontics,lyria,P0186,train_pool
Endodontics/lyria__P0605__b3.png,Endodontics,lyria,P0605,train_pool
Healthy/lyria__P0137__b6.png,Healthy,lyria,P0137,train_pool
Implant/lyria__P0145__b0.png,Implant,lyria,P0145,train_pool
Healthy/lyria__P0774__b3.png,Healthy,lyria,P0774,train_pool
Endodontics/lyria__P0759__b7.png,Endodontics,lyria,P0759,train_pool
Impacted/lyria__P0262__b3.png,Impacted,lyria,P0262,train_pool
Impacted/lyria__P0317__b0.png,Impacted,lyria,P0317,train_pool
Impacted/lyria__P0750__b0.png,Impacted,lyria,P0750,train_pool
Impacted/lyria__P0487__b2.png,Impacted,lyria,P0487,train_pool
Implant/lyria__P0096__b5.png,Implant,lyria,P0096,train_pool
Endodontics/lyria__P0170__b0.png,Endodontics,lyria,P0170,train_pool
Implant/lyria__P0759__b2.png,Implant,lyria,P0759,train_pool
Impacted/lyria__P0453__b1.png,Impacted,lyria,P0453,train_pool
Endodontics/lyria__P0304__b3.png,Endodontics,lyria,P0304,train_pool
Implant/dentex__150.png,Implant,dentex,dentex_150,train_pool
Healthy/lyria__P0453__b4.png,Healthy,lyria,P0453,train_pool
Healthy/lyria__P0670__b0.png,Healthy,lyria,P0670,train_pool
Healthy/lyria__P0365__b2.png,Healthy,lyria,P0365,train_pool
Impacted/lyria__P0420__b1.png,Impacted,lyria,P0420,train_pool
Endodontics/lyria__P0363__b2.png,Endodontics,lyria,P0363,train_pool
Healthy/lyria__P0317__b11.png,Healthy,lyria,P0317,train_pool
Endodontics/lyria__P0567__b0.png,Endodontics,lyria,P0567,train_pool
Impacted/lyria__P0334__b0.png,Impacted,lyria,P0334,train_pool
Endodontics/lyria__P0442__b1.png,Endodontics,lyria,P0442,train_pool
Endodontics/lyria__P0263__b12.png,Endodontics,lyria,P0263,train_pool
Healthy/lyria__P0090__b27.png,Healthy,lyria,P0090,train_pool
Endodontics/lyria__P0530__b0.png,Endodontics,lyria,P0530,train_pool
Implant/dentex__6.png,Implant,dentex,dentex_6,train_pool
Implant/lyria__P0145__b1.png,Implant,lyria,P0145,train_pool
Healthy/lyria__P0801__b0.png,Healthy,lyria,P0801,train_pool
Endodontics/lyria__P0605__b0.png,Endodontics,lyria,P0605,train_pool
Impacted/lyria__P0136__b0.png,Impacted,lyria,P0136,train_pool
Endodontics/lyria__P0183__b0.png,Endodontics,lyria,P0183,train_pool
Endodontics/lyria__P0363__b3.png,Endodontics,lyria,P0363,train_pool
Impacted/lyria__P0020__b1.png,Impacted,lyria,P0020,train_pool
Impacted/lyria__P0183__b0.png,Impacted,lyria,P0183,train_pool
Impacted/lyria__P0171__b1.png,Impacted,lyria,P0171,train_pool
Implant/lyria__P0655__b1.png,Implant,lyria,P0655,train_pool
Endodontics/lyria__P0049__b6.png,Endodontics,lyria,P0049,train_pool
Endodontics/lyria__P0350__b3.png,Endodontics,lyria,P0350,train_pool
Impacted/lyria__P0171__b2.png,Impacted,lyria,P0171,train_pool
Endodontics/lyria__P0550__b4.png,Endodontics,lyria,P0550,train_pool
Healthy/lyria__P0574__b1.png,Healthy,lyria,P0574,train_pool
Impacted/lyria__P0498__b2.png,Impacted,lyria,P0498,train_pool
Implant/dentex__66.png,Implant,dentex,dentex_66,train_pool
Implant/dentex__117.png,Implant,dentex,dentex_117,train_pool
Impacted/lyria__P0474__b1.png,Impacted,lyria,P0474,train_pool
Endodontics/lyria__P0196__b2.png,Endodontics,lyria,P0196,train_pool
Endodontics/lyria__P0530__b4.png,Endodontics,lyria,P0530,train_pool
Endodontics/lyria__P0675__b0.png,Endodontics,lyria,P0675,train_pool
Implant/dentex__100.png,Implant,dentex,dentex_100,train_pool
Impacted/lyria__P0660__b0.png,Impacted,lyria,P0660,train_pool
Impacted/lyria__P0459__b2.png,Impacted,lyria,P0459,train_pool
Impacted/lyria__P0457__b1.png,Impacted,lyria,P0457,train_pool
Endodontics/lyria__P0263__b9.png,Endodontics,lyria,P0263,train_pool
Impacted/lyria__P0577__b0.png,Impacted,lyria,P0577,train_pool
Impacted/lyria__P0008__b1.png,Impacted,lyria,P0008,train_pool
Implant/lyria__P0071__b5.png,Implant,lyria,P0071,train_pool
Implant/lyria__P0071__b3.png,Implant,lyria,P0071,train_pool
Impacted/lyria__P0503__b0.png,Impacted,lyria,P0503,train_pool
Impacted/lyria__P0482__b0.png,Impacted,lyria,P0482,train_pool
Healthy/lyria__P0327__b11.png,Healthy,lyria,P0327,train_pool
Endodontics/lyria__P0078__b3.png,Endodontics,lyria,P0078,train_pool
Implant/dentex__108.png,Implant,dentex,dentex_108,train_pool
Endodontics/lyria__P0072__b3.png,Endodontics,lyria,P0072,train_pool
Healthy/lyria__P0482__b8.png,Healthy,lyria,P0482,train_pool
Healthy/lyria__P0452__b3.png,Healthy,lyria,P0452,train_pool
Endodontics/lyria__P0668__b5.png,Endodontics,lyria,P0668,train_pool
Implant/lyria__P0050__b1.png,Implant,lyria,P0050,train_pool
Implant/dentex__23.png,Implant,dentex,dentex_23,train_pool
Impacted/lyria__P0542__b0.png,Impacted,lyria,P0542,train_pool
Healthy/lyria__P0050__b4.png,Healthy,lyria,P0050,train_pool
Healthy/lyria__P0375__b0.png,Healthy,lyria,P0375,train_pool
Implant/lyria__P0139__b1.png,Implant,lyria,P0139,train_pool
Healthy/lyria__P0739__b11.png,Healthy,lyria,P0739,train_pool
Implant/lyria__P0096__b2.png,Implant,lyria,P0096,train_pool
Healthy/lyria__P0647__b5.png,Healthy,lyria,P0647,train_pool
Implant/dentex__148.png,Implant,dentex,dentex_148,train_pool
Implant/lyria__P0530__b1.png,Implant,lyria,P0530,train_pool
Endodontics/lyria__P0540__b2.png,Endodontics,lyria,P0540,train_pool
Implant/dentex__160.png,Implant,dentex,dentex_160,train_pool
Impacted/lyria__P0692__b1.png,Impacted,lyria,P0692,train_pool
Implant/lyria__P0096__b4.png,Implant,lyria,P0096,train_pool
Healthy/lyria__P0286__b2.png,Healthy,lyria,P0286,train_pool
Endodontics/lyria__P0003__b1.png,Endodontics,lyria,P0003,train_pool
Impacted/lyria__P0090__b0.png,Impacted,lyria,P0090,train_pool
Implant/lyria__P0096__b0.png,Implant,lyria,P0096,train_pool
Healthy/lyria__P0767__b0.png,Healthy,lyria,P0767,train_pool
Endodontics/lyria__P0605__b5.png,Endodontics,lyria,P0605,train_pool
Healthy/lyria__P0464__b5.png,Healthy,lyria,P0464,train_pool
Endodontics/lyria__P0139__b8.png,Endodontics,lyria,P0139,train_pool
Endodontics/lyria__P0560__b2.png,Endodontics,lyria,P0560,train_pool
Healthy/lyria__P0008__b7.png,Healthy,lyria,P0008,train_pool
Implant/lyria__P0170__b1.png,Implant,lyria,P0170,train_pool
Endodontics/lyria__P0752__b4.png,Endodontics,lyria,P0752,train_pool
Implant/dentex__76.png,Implant,dentex,dentex_76,train_pool
Healthy/lyria__P0297__b2.png,Healthy,lyria,P0297,train_pool
Impacted/lyria__P0187__b1.png,Impacted,lyria,P0187,train_pool
Implant/lyria__P0170__b0.png,Implant,lyria,P0170,train_pool
Endodontics/lyria__P0716__b1.png,Endodontics,lyria,P0716,train_pool
Healthy/lyria__P0656__b11.png,Healthy,lyria,P0656,train_pool
Impacted/lyria__P0095__b1.png,Impacted,lyria,P0095,train_pool
Impacted/lyria__P0577__b1.png,Impacted,lyria,P0577,train_pool
Impacted/lyria__P0353__b0.png,Impacted,lyria,P0353,test
Healthy/lyria__P0353__b6.png,Healthy,lyria,P0353,test
Endodontics/lyria__P0169__b0.png,Endodontics,lyria,P0169,test
Healthy/lyria__P0169__b10.png,Healthy,lyria,P0169,test
Healthy/lyria__P0623__b1.png,Healthy,lyria,P0623,test
Endodontics/lyria__P0799__b0.png,Endodontics,lyria,P0799,test
Endodontics/lyria__P0799__b1.png,Endodontics,lyria,P0799,test
Endodontics/lyria__P0799__b2.png,Endodontics,lyria,P0799,test
Endodontics/lyria__P0799__b3.png,Endodontics,lyria,P0799,test
Endodontics/lyria__P0799__b4.png,Endodontics,lyria,P0799,test
Endodontics/lyria__P0799__b5.png,Endodontics,lyria,P0799,test
Endodontics/lyria__P0799__b6.png,Endodontics,lyria,P0799,test
Endodontics/lyria__P0799__b7.png,Endodontics,lyria,P0799,test
Endodontics/lyria__P0799__b8.png,Endodontics,lyria,P0799,test
Healthy/lyria__P0799__b7.png,Healthy,lyria,P0799,test
Healthy/lyria__P0799__b6.png,Healthy,lyria,P0799,test
Endodontics/lyria__P0010__b0.png,Endodontics,lyria,P0010,test
Endodontics/lyria__P0010__b1.png,Endodontics,lyria,P0010,test
Endodontics/lyria__P0010__b2.png,Endodontics,lyria,P0010,test
Healthy/lyria__P0010__b2.png,Healthy,lyria,P0010,test
Healthy/lyria__P0010__b6.png,Healthy,lyria,P0010,test
Healthy/lyria__P0219__b6.png,Healthy,lyria,P0219,test
Healthy/lyria__P0219__b2.png,Healthy,lyria,P0219,test
Endodontics/lyria__P0578__b0.png,Endodontics,lyria,P0578,test
Endodontics/lyria__P0578__b1.png,Endodontics,lyria,P0578,test
Endodontics/lyria__P0578__b2.png,Endodontics,lyria,P0578,test
Healthy/lyria__P0578__b8.png,Healthy,lyria,P0578,test
Healthy/lyria__P0578__b1.png,Healthy,lyria,P0578,test
Healthy/lyria__P0155__b3.png,Healthy,lyria,P0155,test
Healthy/lyria__P0155__b14.png,Healthy,lyria,P0155,test
Endodontics/lyria__P0628__b0.png,Endodontics,lyria,P0628,test
Endodontics/lyria__P0628__b1.png,Endodontics,lyria,P0628,test
Healthy/lyria__P0628__b16.png,Healthy,lyria,P0628,test
Healthy/lyria__P0628__b5.png,Healthy,lyria,P0628,test
Healthy/lyria__P0226__b0.png,Healthy,lyria,P0226,test
Healthy/lyria__P0226__b1.png,Healthy,lyria,P0226,test
Impacted/lyria__P0795__b0.png,Impacted,lyria,P0795,test
Impacted/lyria__P0795__b1.png,Impacted,lyria,P0795,test
Healthy/lyria__P0795__b6.png,Healthy,lyria,P0795,test
Healthy/lyria__P0795__b27.png,Healthy,lyria,P0795,test
Endodontics/lyria__P0718__b0.png,Endodontics,lyria,P0718,test
Endodontics/lyria__P0718__b1.png,Endodontics,lyria,P0718,test
Healthy/lyria__P0718__b3.png,Healthy,lyria,P0718,test
Endodontics/lyria__P0804__b0.png,Endodontics,lyria,P0804,test
Endodontics/lyria__P0804__b1.png,Endodontics,lyria,P0804,test
Endodontics/lyria__P0804__b2.png,Endodontics,lyria,P0804,test
Endodontics/lyria__P0804__b3.png,Endodontics,lyria,P0804,test
Endodontics/lyria__P0804__b4.png,Endodontics,lyria,P0804,test
Endodontics/lyria__P0804__b5.png,Endodontics,lyria,P0804,test
Endodontics/lyria__P0804__b6.png,Endodontics,lyria,P0804,test
Endodontics/lyria__P0804__b7.png,Endodontics,lyria,P0804,test
Implant/lyria__P0804__b0.png,Implant,lyria,P0804,test
Endodontics/lyria__P0804__b8.png,Endodontics,lyria,P0804,test
Endodontics/lyria__P0804__b9.png,Endodontics,lyria,P0804,test
Endodontics/lyria__P0804__b10.png,Endodontics,lyria,P0804,test
Healthy/lyria__P0804__b2.png,Healthy,lyria,P0804,test
Healthy/lyria__P0804__b1.png,Healthy,lyria,P0804,test
Impacted/lyria__P0188__b0.png,Impacted,lyria,P0188,test
Endodontics/lyria__P0188__b0.png,Endodontics,lyria,P0188,test
Endodontics/lyria__P0777__b0.png,Endodontics,lyria,P0777,test
Endodontics/lyria__P0777__b1.png,Endodontics,lyria,P0777,test
Healthy/lyria__P0777__b5.png,Healthy,lyria,P0777,test
Healthy/lyria__P0777__b6.png,Healthy,lyria,P0777,test
Healthy/lyria__P0126__b0.png,Healthy,lyria,P0126,test
Healthy/lyria__P0126__b1.png,Healthy,lyria,P0126,test
Impacted/lyria__P0596__b0.png,Impacted,lyria,P0596,test
Endodontics/lyria__P0596__b0.png,Endodontics,lyria,P0596,test
Endodontics/lyria__P0596__b1.png,Endodontics,lyria,P0596,test
Endodontics/lyria__P0596__b2.png,Endodontics,lyria,P0596,test
Endodontics/lyria__P0596__b3.png,Endodontics,lyria,P0596,test
Impacted/lyria__P0596__b1.png,Impacted,lyria,P0596,test
Healthy/lyria__P0596__b2.png,Healthy,lyria,P0596,test
Healthy/lyria__P0596__b0.png,Healthy,lyria,P0596,test
Endodontics/lyria__P0808__b0.png,Endodontics,lyria,P0808,test
Endodontics/lyria__P0808__b1.png,Endodontics,lyria,P0808,test
Healthy/lyria__P0808__b1.png,Healthy,lyria,P0808,test
Healthy/lyria__P0808__b6.png,Healthy,lyria,P0808,test
Healthy/lyria__P0319__b8.png,Healthy,lyria,P0319,test
Healthy/lyria__P0319__b4.png,Healthy,lyria,P0319,test
Endodontics/lyria__P0538__b0.png,Endodontics,lyria,P0538,test
Endodontics/lyria__P0538__b1.png,Endodontics,lyria,P0538,test
Healthy/lyria__P0538__b8.png,Healthy,lyria,P0538,test
Healthy/lyria__P0538__b3.png,Healthy,lyria,P0538,test
Endodontics/lyria__P0061__b0.png,Endodontics,lyria,P0061,test
Endodontics/lyria__P0061__b1.png,Endodontics,lyria,P0061,test
Endodontics/lyria__P0061__b2.png,Endodontics,lyria,P0061,test
Healthy/lyria__P0061__b1.png,Healthy,lyria,P0061,test
Healthy/lyria__P0061__b5.png,Healthy,lyria,P0061,test
Endodontics/lyria__P0665__b0.png,Endodontics,lyria,P0665,test
Endodontics/lyria__P0665__b1.png,Endodontics,lyria,P0665,test
Endodontics/lyria__P0665__b2.png,Endodontics,lyria,P0665,test
Endodontics/lyria__P0665__b3.png,Endodontics,lyria,P0665,test
Healthy/lyria__P0665__b6.png,Healthy,lyria,P0665,test
Healthy/lyria__P0665__b12.png,Healthy,lyria,P0665,test
Endodontics/lyria__P0247__b0.png,Endodontics,lyria,P0247,test
Endodontics/lyria__P0247__b1.png,Endodontics,lyria,P0247,test
Endodontics/lyria__P0247__b2.png,Endodontics,lyria,P0247,test
Endodontics/lyria__P0247__b3.png,Endodontics,lyria,P0247,test
Endodontics/lyria__P0247__b4.png,Endodontics,lyria,P0247,test
Endodontics/lyria__P0247__b5.png,Endodontics,lyria,P0247,test
Endodontics/lyria__P0247__b6.png,Endodontics,lyria,P0247,test
Endodontics/lyria__P0247__b7.png,Endodontics,lyria,P0247,test
Endodontics/lyria__P0247__b8.png,Endodontics,lyria,P0247,test
Endodontics/lyria__P0247__b9.png,Endodontics,lyria,P0247,test
Impacted/lyria__P0676__b0.png,Impacted,lyria,P0676,test
Impacted/lyria__P0676__b1.png,Impacted,lyria,P0676,test
Healthy/lyria__P0676__b10.png,Healthy,lyria,P0676,test
Healthy/lyria__P0676__b21.png,Healthy,lyria,P0676,test
Endodontics/lyria__P0070__b0.png,Endodontics,lyria,P0070,test
Healthy/lyria__P0070__b0.png,Healthy,lyria,P0070,test
Endodontics/lyria__P0645__b0.png,Endodontics,lyria,P0645,test
Endodontics/lyria__P0645__b1.png,Endodontics,lyria,P0645,test
Endodontics/lyria__P0645__b2.png,Endodontics,lyria,P0645,test
Endodontics/lyria__P0645__b3.png,Endodontics,lyria,P0645,test
Endodontics/lyria__P0645__b4.png,Endodontics,lyria,P0645,test
Endodontics/lyria__P0645__b5.png,Endodontics,lyria,P0645,test
Endodontics/lyria__P0645__b6.png,Endodontics,lyria,P0645,test
Healthy/lyria__P0745__b4.png,Healthy,lyria,P0745,test
Healthy/lyria__P0745__b10.png,Healthy,lyria,P0745,test
Endodontics/lyria__P0568__b0.png,Endodontics,lyria,P0568,test
Endodontics/lyria__P0568__b1.png,Endodontics,lyria,P0568,test
Healthy/lyria__P0568__b0.png,Healthy,lyria,P0568,test
Healthy/lyria__P0568__b2.png,Healthy,lyria,P0568,test
Impacted/lyria__P0192__b0.png,Impacted,lyria,P0192,test
Healthy/lyria__P0192__b9.png,Healthy,lyria,P0192,test
Healthy/lyria__P0192__b16.png,Healthy,lyria,P0192,test
Endodontics/lyria__P0782__b0.png,Endodontics,lyria,P0782,test
Endodontics/lyria__P0782__b1.png,Endodontics,lyria,P0782,test
Healthy/lyria__P0782__b15.png,Healthy,lyria,P0782,test
Healthy/lyria__P0782__b6.png,Healthy,lyria,P0782,test
Healthy/lyria__P0426__b4.png,Healthy,lyria,P0426,test
Healthy/lyria__P0344__b0.png,Healthy,lyria,P0344,test
Endodontics/lyria__P0734__b0.png,Endodontics,lyria,P0734,test
Endodontics/lyria__P0734__b1.png,Endodontics,lyria,P0734,test
Endodontics/lyria__P0734__b2.png,Endodontics,lyria,P0734,test
Endodontics/lyria__P0734__b3.png,Endodontics,lyria,P0734,test
Healthy/lyria__P0734__b2.png,Healthy,lyria,P0734,test
Healthy/lyria__P0734__b6.png,Healthy,lyria,P0734,test
Healthy/lyria__P0180__b7.png,Healthy,lyria,P0180,test
Healthy/lyria__P0180__b12.png,Healthy,lyria,P0180,test
Endodontics/lyria__P0029__b0.png,Endodontics,lyria,P0029,test
Endodontics/lyria__P0029__b1.png,Endodontics,lyria,P0029,test
Endodontics/lyria__P0029__b2.png,Endodontics,lyria,P0029,test
Endodontics/lyria__P0559__b0.png,Endodontics,lyria,P0559,test
Healthy/lyria__P0559__b11.png,Healthy,lyria,P0559,test
Endodontics/lyria__P0034__b0.png,Endodontics,lyria,P0034,test
Endodontics/lyria__P0034__b1.png,Endodontics,lyria,P0034,test
Endodontics/lyria__P0034__b2.png,Endodontics,lyria,P0034,test
Endodontics/lyria__P0034__b3.png,Endodontics,lyria,P0034,test
Endodontics/lyria__P0034__b4.png,Endodontics,lyria,P0034,test
Healthy/lyria__P0034__b4.png,Healthy,lyria,P0034,test
Healthy/lyria__P0034__b5.png,Healthy,lyria,P0034,test
Healthy/lyria__P0625__b0.png,Healthy,lyria,P0625,test
Healthy/lyria__P0625__b5.png,Healthy,lyria,P0625,test
Endodontics/lyria__P0193__b0.png,Endodontics,lyria,P0193,test
Endodontics/lyria__P0193__b1.png,Endodontics,lyria,P0193,test
Endodontics/lyria__P0193__b2.png,Endodontics,lyria,P0193,test
Endodontics/lyria__P0193__b3.png,Endodontics,lyria,P0193,test
Endodontics/lyria__P0193__b4.png,Endodontics,lyria,P0193,test
Endodontics/lyria__P0193__b5.png,Endodontics,lyria,P0193,test
Endodontics/lyria__P0193__b6.png,Endodontics,lyria,P0193,test
Endodontics/lyria__P0193__b7.png,Endodontics,lyria,P0193,test
Endodontics/lyria__P0193__b8.png,Endodontics,lyria,P0193,test
Endodontics/lyria__P0193__b9.png,Endodontics,lyria,P0193,test
Healthy/lyria__P0193__b2.png,Healthy,lyria,P0193,test
Healthy/lyria__P0810__b11.png,Healthy,lyria,P0810,test
Impacted/lyria__P0509__b0.png,Impacted,lyria,P0509,test
Impacted/lyria__P0509__b1.png,Impacted,lyria,P0509,test
Healthy/lyria__P0509__b14.png,Healthy,lyria,P0509,test
Endodontics/lyria__P0751__b0.png,Endodontics,lyria,P0751,test
Endodontics/lyria__P0751__b1.png,Endodontics,lyria,P0751,test
Healthy/lyria__P0751__b3.png,Healthy,lyria,P0751,test
Healthy/lyria__P0751__b9.png,Healthy,lyria,P0751,test
Endodontics/lyria__P0599__b0.png,Endodontics,lyria,P0599,test
Healthy/lyria__P0599__b1.png,Healthy,lyria,P0599,test
Healthy/lyria__P0285__b2.png,Healthy,lyria,P0285,test
Impacted/lyria__P0662__b0.png,Impacted,lyria,P0662,test
Impacted/lyria__P0662__b1.png,Impacted,lyria,P0662,test
Impacted/lyria__P0662__b2.png,Impacted,lyria,P0662,test
Healthy/lyria__P0662__b1.png,Healthy,lyria,P0662,test
Endodontics/lyria__P0666__b0.png,Endodontics,lyria,P0666,test
Healthy/lyria__P0666__b5.png,Healthy,lyria,P0666,test
Endodontics/lyria__P0045__b0.png,Endodontics,lyria,P0045,test
Endodontics/lyria__P0045__b1.png,Endodontics,lyria,P0045,test
Endodontics/lyria__P0045__b2.png,Endodontics,lyria,P0045,test
Healthy/lyria__P0045__b9.png,Healthy,lyria,P0045,test
Healthy/lyria__P0045__b2.png,Healthy,lyria,P0045,test
Endodontics/lyria__P0546__b0.png,Endodontics,lyria,P0546,test
Endodontics/lyria__P0546__b1.png,Endodontics,lyria,P0546,test
Endodontics/lyria__P0546__b2.png,Endodontics,lyria,P0546,test
Endodontics/lyria__P0546__b3.png,Endodontics,lyria,P0546,test
Endodontics/lyria__P0546__b4.png,Endodontics,lyria,P0546,test
Endodontics/lyria__P0546__b5.png,Endodontics,lyria,P0546,test
Healthy/lyria__P0546__b2.png,Healthy,lyria,P0546,test
Endodontics/lyria__P0544__b0.png,Endodontics,lyria,P0544,test
Healthy/lyria__P0544__b1.png,Healthy,lyria,P0544,test
Healthy/lyria__P0203__b13.png,Healthy,lyria,P0203,test
Healthy/lyria__P0203__b8.png,Healthy,lyria,P0203,test
Endodontics/lyria__P0266__b0.png,Endodontics,lyria,P0266,test
Healthy/lyria__P0266__b0.png,Healthy,lyria,P0266,test
Healthy/lyria__P0077__b3.png,Healthy,lyria,P0077,test
Healthy/lyria__P0077__b2.png,Healthy,lyria,P0077,test
Healthy/lyria__P0534__b0.png,Healthy,lyria,P0534,test
Healthy/lyria__P0534__b22.png,Healthy,lyria,P0534,test
Healthy/lyria__P0513__b2.png,Healthy,lyria,P0513,test
Healthy/lyria__P0513__b21.png,Healthy,lyria,P0513,test
Impacted/lyria__P0434__b0.png,Impacted,lyria,P0434,test
Healthy/lyria__P0434__b2.png,Healthy,lyria,P0434,test
Healthy/lyria__P0434__b12.png,Healthy,lyria,P0434,test
Impacted/lyria__P0485__b0.png,Impacted,lyria,P0485,test
Impacted/lyria__P0485__b1.png,Impacted,lyria,P0485,test
Impacted/lyria__P0485__b2.png,Impacted,lyria,P0485,test
Healthy/lyria__P0485__b4.png,Healthy,lyria,P0485,test
Healthy/lyria__P0485__b11.png,Healthy,lyria,P0485,test
Impacted/lyria__P0027__b0.png,Impacted,lyria,P0027,test
Impacted/lyria__P0027__b1.png,Impacted,lyria,P0027,test
Endodontics/lyria__P0027__b0.png,Endodontics,lyria,P0027,test
Healthy/lyria__P0027__b0.png,Healthy,lyria,P0027,test
Implant/dentex__130.png,Implant,dentex,dentex_130,test
Endodontics/lyria__P0770__b0.png,Endodontics,lyria,P0770,test
Endodontics/lyria__P0770__b1.png,Endodontics,lyria,P0770,test
Endodontics/lyria__P0770__b2.png,Endodontics,lyria,P0770,test
Endodontics/lyria__P0770__b3.png,Endodontics,lyria,P0770,test
Endodontics/lyria__P0770__b4.png,Endodontics,lyria,P0770,test
Endodontics/lyria__P0770__b5.png,Endodontics,lyria,P0770,test
Endodontics/lyria__P0770__b6.png,Endodontics,lyria,P0770,test
Endodontics/lyria__P0770__b7.png,Endodontics,lyria,P0770,test
Endodontics/lyria__P0770__b8.png,Endodontics,lyria,P0770,test
Endodontics/lyria__P0770__b9.png,Endodontics,lyria,P0770,test
Endodontics/lyria__P0770__b10.png,Endodontics,lyria,P0770,test
Healthy/lyria__P0770__b0.png,Healthy,lyria,P0770,test
Healthy/lyria__P0770__b3.png,Healthy,lyria,P0770,test
Healthy/lyria__P0409__b1.png,Healthy,lyria,P0409,test
Endodontics/lyria__P0105__b0.png,Endodontics,lyria,P0105,test
Endodontics/lyria__P0105__b1.png,Endodontics,lyria,P0105,test
Healthy/lyria__P0105__b14.png,Healthy,lyria,P0105,test
Healthy/lyria__P0105__b5.png,Healthy,lyria,P0105,test
Healthy/lyria__P0242__b0.png,Healthy,lyria,P0242,test
Healthy/lyria__P0242__b1.png,Healthy,lyria,P0242,test
Healthy/lyria__P0153__b1.png,Healthy,lyria,P0153,test
Healthy/lyria__P0153__b19.png,Healthy,lyria,P0153,test
Healthy/lyria__P0104__b5.png,Healthy,lyria,P0104,test
Healthy/lyria__P0104__b2.png,Healthy,lyria,P0104,test
Endodontics/lyria__P0401__b0.png,Endodontics,lyria,P0401,test
Healthy/lyria__P0401__b1.png,Healthy,lyria,P0401,test
Healthy/lyria__P0401__b6.png,Healthy,lyria,P0401,test
Impacted/lyria__P0663__b0.png,Impacted,lyria,P0663,test
Healthy/lyria__P0663__b0.png,Healthy,lyria,P0663,test
Healthy/lyria__P0663__b2.png,Healthy,lyria,P0663,test
Endodontics/lyria__P0562__b0.png,Endodontics,lyria,P0562,test
Endodontics/lyria__P0562__b1.png,Endodontics,lyria,P0562,test
Healthy/lyria__P0562__b9.png,Healthy,lyria,P0562,test
Healthy/lyria__P0562__b10.png,Healthy,lyria,P0562,test
Healthy/lyria__P0501__b4.png,Healthy,lyria,P0501,test
Endodontics/lyria__P0713__b0.png,Endodontics,lyria,P0713,test
Healthy/lyria__P0713__b1.png,Healthy,lyria,P0713,test
Healthy/lyria__P0601__b8.png,Healthy,lyria,P0601,test
Implant/dentex__158.png,Implant,dentex,dentex_158,test
Healthy/lyria__P0058__b0.png,Healthy,lyria,P0058,test
Healthy/lyria__P0058__b3.png,Healthy,lyria,P0058,test
Healthy/lyria__P0789__b16.png,Healthy,lyria,P0789,test
Healthy/lyria__P0672__b12.png,Healthy,lyria,P0672,test
Healthy/lyria__P0614__b15.png,Healthy,lyria,P0614,test
Healthy/lyria__P0614__b7.png,Healthy,lyria,P0614,test
Healthy/lyria__P0653__b7.png,Healthy,lyria,P0653,test
Healthy/lyria__P0336__b13.png,Healthy,lyria,P0336,test
Healthy/lyria__P0336__b20.png,Healthy,lyria,P0336,test
Endodontics/lyria__P0154__b0.png,Endodontics,lyria,P0154,test
Endodontics/lyria__P0154__b1.png,Endodontics,lyria,P0154,test
Endodontics/lyria__P0154__b2.png,Endodontics,lyria,P0154,test
Endodontics/lyria__P0154__b3.png,Endodontics,lyria,P0154,test
Endodontics/lyria__P0154__b4.png,Endodontics,lyria,P0154,test
Endodontics/lyria__P0154__b5.png,Endodontics,lyria,P0154,test
Endodontics/lyria__P0154__b6.png,Endodontics,lyria,P0154,test
Healthy/lyria__P0154__b2.png,Healthy,lyria,P0154,test
Endodontics/lyria__P0019__b0.png,Endodontics,lyria,P0019,test
Endodontics/lyria__P0019__b1.png,Endodontics,lyria,P0019,test
Healthy/lyria__P0019__b1.png,Healthy,lyria,P0019,test
Healthy/lyria__P0019__b4.png,Healthy,lyria,P0019,test
Endodontics/lyria__P0241__b0.png,Endodontics,lyria,P0241,test
Endodontics/lyria__P0241__b1.png,Endodontics,lyria,P0241,test
Endodontics/lyria__P0241__b2.png,Endodontics,lyria,P0241,test
Endodontics/lyria__P0241__b3.png,Endodontics,lyria,P0241,test
Healthy/lyria__P0241__b7.png,Healthy,lyria,P0241,test
Healthy/lyria__P0241__b0.png,Healthy,lyria,P0241,test
Impacted/lyria__P0511__b0.png,Impacted,lyria,P0511,test
Impacted/lyria__P0511__b1.png,Impacted,lyria,P0511,test
Healthy/lyria__P0511__b1.png,Healthy,lyria,P0511,test
Healthy/lyria__P0511__b7.png,Healthy,lyria,P0511,test
Healthy/lyria__P0116__b9.png,Healthy,lyria,P0116,test
Healthy/lyria__P0116__b25.png,Healthy,lyria,P0116,test
Endodontics/lyria__P0696__b0.png,Endodontics,lyria,P0696,test
Healthy/lyria__P0696__b9.png,Healthy,lyria,P0696,test
Impacted/lyria__P0460__b0.png,Impacted,lyria,P0460,test
Healthy/lyria__P0460__b23.png,Healthy,lyria,P0460,test
Healthy/lyria__P0460__b8.png,Healthy,lyria,P0460,test
Endodontics/lyria__P0572__b0.png,Endodontics,lyria,P0572,test
Healthy/lyria__P0572__b6.png,Healthy,lyria,P0572,test
Healthy/lyria__P0572__b2.png,Healthy,lyria,P0572,test
Endodontics/lyria__P0719__b0.png,Endodontics,lyria,P0719,test
Endodontics/lyria__P0719__b1.png,Endodontics,lyria,P0719,test
Impacted/lyria__P0719__b0.png,Impacted,lyria,P0719,test
Healthy/lyria__P0719__b9.png,Healthy,lyria,P0719,test
Endodontics/lyria__P0085__b0.png,Endodontics,lyria,P0085,test
Healthy/lyria__P0085__b10.png,Healthy,lyria,P0085,test
Healthy/lyria__P0064__b6.png,Healthy,lyria,P0064,test
Endodontics/lyria__P0439__b0.png,Endodontics,lyria,P0439,test
Endodontics/lyria__P0439__b1.png,Endodontics,lyria,P0439,test
Endodontics/lyria__P0439__b2.png,Endodontics,lyria,P0439,test
Endodontics/lyria__P0439__b3.png,Endodontics,lyria,P0439,test
Endodontics/lyria__P0439__b4.png,Endodontics,lyria,P0439,test
Healthy/lyria__P0439__b3.png,Healthy,lyria,P0439,test
Healthy/lyria__P0439__b0.png,Healthy,lyria,P0439,test
Healthy/lyria__P0757__b12.png,Healthy,lyria,P0757,test
Healthy/lyria__P0757__b0.png,Healthy,lyria,P0757,test
Endodontics/lyria__P0214__b0.png,Endodontics,lyria,P0214,test
Impacted/lyria__P0214__b0.png,Impacted,lyria,P0214,test
Endodontics/lyria__P0214__b1.png,Endodontics,lyria,P0214,test
Healthy/lyria__P0214__b1.png,Healthy,lyria,P0214,test
Impacted/lyria__P0677__b0.png,Impacted,lyria,P0677,test
Impacted/lyria__P0677__b1.png,Impacted,lyria,P0677,test
Healthy/lyria__P0677__b4.png,Healthy,lyria,P0677,test
Healthy/lyria__P0677__b5.png,Healthy,lyria,P0677,test
Healthy/lyria__P0642__b1.png,Healthy,lyria,P0642,test
Healthy/lyria__P0642__b3.png,Healthy,lyria,P0642,test
Endodontics/lyria__P0005__b0.png,Endodontics,lyria,P0005,test
Healthy/lyria__P0005__b4.png,Healthy,lyria,P0005,test
Healthy/lyria__P0005__b1.png,Healthy,lyria,P0005,test
Healthy/lyria__P0515__b15.png,Healthy,lyria,P0515,test
Healthy/lyria__P0515__b7.png,Healthy,lyria,P0515,test
Healthy/lyria__P0367__b12.png,Healthy,lyria,P0367,test
Healthy/lyria__P0367__b0.png,Healthy,lyria,P0367,test
Healthy/lyria__P0159__b10.png,Healthy,lyria,P0159,test
Healthy/lyria__P0159__b8.png,Healthy,lyria,P0159,test
Endodontics/lyria__P0573__b0.png,Endodontics,lyria,P0573,test
Endodontics/lyria__P0573__b1.png,Endodontics,lyria,P0573,test
Healthy/lyria__P0573__b2.png,Healthy,lyria,P0573,test
Healthy/lyria__P0573__b1.png,Healthy,lyria,P0573,test
Impacted/lyria__P0505__b0.png,Impacted,lyria,P0505,test
Impacted/lyria__P0505__b1.png,Impacted,lyria,P0505,test
Impacted/lyria__P0505__b2.png,Impacted,lyria,P0505,test
Impacted/lyria__P0505__b3.png,Impacted,lyria,P0505,test
Healthy/lyria__P0505__b7.png,Healthy,lyria,P0505,test
Healthy/lyria__P0505__b3.png,Healthy,lyria,P0505,test
Healthy/lyria__P0756__b7.png,Healthy,lyria,P0756,test
Healthy/lyria__P0756__b3.png,Healthy,lyria,P0756,test
Endodontics/lyria__P0303__b0.png,Endodontics,lyria,P0303,test
Endodontics/lyria__P0342__b0.png,Endodontics,lyria,P0342,test
Endodontics/lyria__P0342__b1.png,Endodontics,lyria,P0342,test
Endodontics/lyria__P0342__b2.png,Endodontics,lyria,P0342,test
Healthy/lyria__P0342__b3.png,Healthy,lyria,P0342,test
Healthy/lyria__P0342__b1.png,Healthy,lyria,P0342,test
Impacted/lyria__P0722__b0.png,Impacted,lyria,P0722,test
Impacted/lyria__P0722__b1.png,Impacted,lyria,P0722,test
Impacted/lyria__P0722__b2.png,Impacted,lyria,P0722,test
Healthy/lyria__P0722__b0.png,Healthy,lyria,P0722,test
Healthy/lyria__P0722__b8.png,Healthy,lyria,P0722,test
Healthy/lyria__P0015__b0.png,Healthy,lyria,P0015,test
Healthy/lyria__P0052__b10.png,Healthy,lyria,P0052,test
Healthy/lyria__P0052__b5.png,Healthy,lyria,P0052,test
Endodontics/lyria__P0435__b0.png,Endodontics,lyria,P0435,test
Endodontics/lyria__P0435__b1.png,Endodontics,lyria,P0435,test
Endodontics/lyria__P0435__b2.png,Endodontics,lyria,P0435,test
Implant/lyria__P0435__b0.png,Implant,lyria,P0435,test
Implant/lyria__P0435__b1.png,Implant,lyria,P0435,test
Endodontics/lyria__P0435__b3.png,Endodontics,lyria,P0435,test
Implant/lyria__P0435__b2.png,Implant,lyria,P0435,test
Implant/lyria__P0435__b3.png,Implant,lyria,P0435,test
Implant/lyria__P0435__b4.png,Implant,lyria,P0435,test
Implant/lyria__P0435__b5.png,Implant,lyria,P0435,test
Endodontics/lyria__P0435__b4.png,Endodontics,lyria,P0435,test
Endodontics/lyria__P0435__b5.png,Endodontics,lyria,P0435,test
Endodontics/lyria__P0435__b6.png,Endodontics,lyria,P0435,test
Endodontics/lyria__P0435__b7.png,Endodontics,lyria,P0435,test
Endodontics/lyria__P0435__b8.png,Endodontics,lyria,P0435,test
Healthy/lyria__P0435__b1.png,Healthy,lyria,P0435,test
Healthy/lyria__P0435__b0.png,Healthy,lyria,P0435,test
Healthy/lyria__P0526__b8.png,Healthy,lyria,P0526,test
Endodontics/lyria__P0161__b0.png,Endodontics,lyria,P0161,test
Endodontics/lyria__P0161__b1.png,Endodontics,lyria,P0161,test
Endodontics/lyria__P0161__b2.png,Endodontics,lyria,P0161,test
Endodontics/lyria__P0161__b3.png,Endodontics,lyria,P0161,test
Endodontics/lyria__P0161__b4.png,Endodontics,lyria,P0161,test
Healthy/lyria__P0161__b3.png,Healthy,lyria,P0161,test
Healthy/lyria__P0161__b0.png,Healthy,lyria,P0161,test
Healthy/lyria__P0128__b12.png,Healthy,lyria,P0128,test
Healthy/lyria__P0128__b7.png,Healthy,lyria,P0128,test
Endodontics/lyria__P0272__b0.png,Endodontics,lyria,P0272,test
Endodontics/lyria__P0272__b1.png,Endodontics,lyria,P0272,test
Healthy/lyria__P0272__b4.png,Healthy,lyria,P0272,test
Healthy/lyria__P0272__b8.png,Healthy,lyria,P0272,test
Impacted/lyria__P0060__b0.png,Impacted,lyria,P0060,test
Impacted/lyria__P0060__b1.png,Impacted,lyria,P0060,test
Impacted/lyria__P0060__b2.png,Impacted,lyria,P0060,test
Impacted/lyria__P0060__b3.png,Impacted,lyria,P0060,test
Impacted/lyria__P0060__b4.png,Impacted,lyria,P0060,test
Healthy/lyria__P0060__b21.png,Healthy,lyria,P0060,test
Healthy/lyria__P0060__b19.png,Healthy,lyria,P0060,test
Endodontics/lyria__P0611__b0.png,Endodontics,lyria,P0611,test
Healthy/lyria__P0611__b9.png,Healthy,lyria,P0611,test
Healthy/lyria__P0611__b15.png,Healthy,lyria,P0611,test
Healthy/lyria__P0387__b1.png,Healthy,lyria,P0387,test
Healthy/lyria__P0387__b9.png,Healthy,lyria,P0387,test
Healthy/lyria__P0093__b7.png,Healthy,lyria,P0093,test
Healthy/lyria__P0093__b3.png,Healthy,lyria,P0093,test
Healthy/lyria__P0118__b5.png,Healthy,lyria,P0118,test
Endodontics/lyria__P0778__b0.png,Endodontics,lyria,P0778,test
Endodontics/lyria__P0778__b1.png,Endodontics,lyria,P0778,test
Endodontics/lyria__P0778__b2.png,Endodontics,lyria,P0778,test
Endodontics/lyria__P0778__b3.png,Endodontics,lyria,P0778,test
Endodontics/lyria__P0778__b4.png,Endodontics,lyria,P0778,test
Implant/dentex__141.png,Implant,dentex,dentex_141,test
Healthy/lyria__P0088__b7.png,Healthy,lyria,P0088,test
Healthy/lyria__P0088__b1.png,Healthy,lyria,P0088,test
Endodontics/lyria__P0215__b0.png,Endodontics,lyria,P0215,test
Healthy/lyria__P0215__b7.png,Healthy,lyria,P0215,test
Healthy/lyria__P0215__b3.png,Healthy,lyria,P0215,test
Endodontics/lyria__P0704__b0.png,Endodontics,lyria,P0704,test
Impacted/lyria__P0704__b0.png,Impacted,lyria,P0704,test
Healthy/lyria__P0704__b13.png,Healthy,lyria,P0704,test
Healthy/lyria__P0704__b9.png,Healthy,lyria,P0704,test
Endodontics/lyria__P0279__b0.png,Endodontics,lyria,P0279,test
Healthy/lyria__P0279__b8.png,Healthy,lyria,P0279,test
Healthy/lyria__P0279__b11.png,Healthy,lyria,P0279,test
Endodontics/lyria__P0783__b0.png,Endodontics,lyria,P0783,test
Endodontics/lyria__P0783__b1.png,Endodontics,lyria,P0783,test
Endodontics/lyria__P0783__b2.png,Endodontics,lyria,P0783,test
Endodontics/lyria__P0783__b3.png,Endodontics,lyria,P0783,test
Healthy/lyria__P0783__b2.png,Healthy,lyria,P0783,test
Healthy/lyria__P0783__b3.png,Healthy,lyria,P0783,test
Healthy/lyria__P0424__b2.png,Healthy,lyria,P0424,test
Healthy/lyria__P0424__b7.png,Healthy,lyria,P0424,test
Healthy/lyria__P0618__b0.png,Healthy,lyria,P0618,test
Healthy/lyria__P0618__b1.png,Healthy,lyria,P0618,test
Impacted/lyria__P0496__b0.png,Impacted,lyria,P0496,test
Impacted/lyria__P0496__b1.png,Impacted,lyria,P0496,test
Healthy/lyria__P0496__b20.png,Healthy,lyria,P0496,test
Healthy/lyria__P0496__b26.png,Healthy,lyria,P0496,test
Healthy/lyria__P0617__b3.png,Healthy,lyria,P0617,test
Healthy/lyria__P0490__b15.png,Healthy,lyria,P0490,test
Healthy/lyria__P0490__b0.png,Healthy,lyria,P0490,test
Healthy/lyria__P0388__b16.png,Healthy,lyria,P0388,test
Healthy/lyria__P0388__b7.png,Healthy,lyria,P0388,test
Endodontics/lyria__P0743__b0.png,Endodontics,lyria,P0743,test
Endodontics/lyria__P0743__b1.png,Endodontics,lyria,P0743,test
Endodontics/lyria__P0743__b2.png,Endodontics,lyria,P0743,test
Endodontics/lyria__P0743__b3.png,Endodontics,lyria,P0743,test
Endodontics/lyria__P0743__b4.png,Endodontics,lyria,P0743,test
Endodontics/lyria__P0743__b5.png,Endodontics,lyria,P0743,test
Endodontics/lyria__P0743__b6.png,Endodontics,lyria,P0743,test
Endodontics/lyria__P0743__b7.png,Endodontics,lyria,P0743,test
Endodontics/lyria__P0743__b8.png,Endodontics,lyria,P0743,test
Endodontics/lyria__P0743__b9.png,Endodontics,lyria,P0743,test
Endodontics/lyria__P0743__b10.png,Endodontics,lyria,P0743,test
Healthy/lyria__P0743__b0.png,Healthy,lyria,P0743,test
Healthy/lyria__P0743__b1.png,Healthy,lyria,P0743,test
Endodontics/lyria__P0407__b0.png,Endodontics,lyria,P0407,test
Endodontics/lyria__P0407__b1.png,Endodontics,lyria,P0407,test
Endodontics/lyria__P0407__b2.png,Endodontics,lyria,P0407,test
Healthy/lyria__P0407__b6.png,Healthy,lyria,P0407,test
Endodontics/lyria__P0254__b0.png,Endodontics,lyria,P0254,test
Healthy/lyria__P0254__b11.png,Healthy,lyria,P0254,test
Healthy/lyria__P0254__b1.png,Healthy,lyria,P0254,test
Healthy/lyria__P0143__b0.png,Healthy,lyria,P0143,test
Healthy/lyria__P0143__b1.png,Healthy,lyria,P0143,test
Endodontics/lyria__P0121__b0.png,Endodontics,lyria,P0121,test
Endodontics/lyria__P0121__b1.png,Endodontics,lyria,P0121,test
Endodontics/lyria__P0121__b2.png,Endodontics,lyria,P0121,test
Endodontics/lyria__P0121__b3.png,Endodontics,lyria,P0121,test
Endodontics/lyria__P0121__b4.png,Endodontics,lyria,P0121,test
Healthy/lyria__P0121__b2.png,Healthy,lyria,P0121,test
Healthy/lyria__P0121__b7.png,Healthy,lyria,P0121,test
Endodontics/lyria__P0803__b0.png,Endodontics,lyria,P0803,test
Endodontics/lyria__P0803__b1.png,Endodontics,lyria,P0803,test
Endodontics/lyria__P0803__b2.png,Endodontics,lyria,P0803,test
Endodontics/lyria__P0803__b3.png,Endodontics,lyria,P0803,test
Endodontics/lyria__P0803__b4.png,Endodontics,lyria,P0803,test
Healthy/lyria__P0803__b1.png,Healthy,lyria,P0803,test
Endodontics/lyria__P0256__b0.png,Endodontics,lyria,P0256,test
Endodontics/lyria__P0256__b1.png,Endodontics,lyria,P0256,test
Healthy/lyria__P0256__b1.png,Healthy,lyria,P0256,test
Healthy/lyria__P0256__b4.png,Healthy,lyria,P0256,test
Endodontics/lyria__P0274__b0.png,Endodontics,lyria,P0274,test
Endodontics/lyria__P0274__b1.png,Endodontics,lyria,P0274,test
Healthy/lyria__P0274__b5.png,Healthy,lyria,P0274,test
Healthy/lyria__P0274__b3.png,Healthy,lyria,P0274,test
Endodontics/lyria__P0620__b0.png,Endodontics,lyria,P0620,test
Healthy/lyria__P0620__b3.png,Healthy,lyria,P0620,test
Endodontics/lyria__P0536__b0.png,Endodontics,lyria,P0536,test
Endodontics/lyria__P0536__b1.png,Endodontics,lyria,P0536,test
Healthy/lyria__P0536__b1.png,Healthy,lyria,P0536,test
Healthy/lyria__P0536__b2.png,Healthy,lyria,P0536,test
Endodontics/lyria__P0309__b0.png,Endodontics,lyria,P0309,test
Endodontics/lyria__P0309__b1.png,Endodontics,lyria,P0309,test
Healthy/lyria__P0309__b8.png,Healthy,lyria,P0309,test
Healthy/lyria__P0309__b6.png,Healthy,lyria,P0309,test
Endodontics/lyria__P0712__b0.png,Endodontics,lyria,P0712,test
Endodontics/lyria__P0712__b1.png,Endodontics,lyria,P0712,test
Healthy/lyria__P0712__b1.png,Healthy,lyria,P0712,test
Healthy/lyria__P0712__b2.png,Healthy,lyria,P0712,test
Endodontics/lyria__P0440__b0.png,Endodontics,lyria,P0440,test
Endodontics/lyria__P0440__b1.png,Endodontics,lyria,P0440,test
Endodontics/lyria__P0440__b2.png,Endodontics,lyria,P0440,test
Endodontics/lyria__P0440__b3.png,Endodontics,lyria,P0440,test
Healthy/lyria__P0440__b1.png,Healthy,lyria,P0440,test
Healthy/lyria__P0440__b4.png,Healthy,lyria,P0440,test
Endodontics/lyria__P0362__b0.png,Endodontics,lyria,P0362,test
Endodontics/lyria__P0362__b1.png,Endodontics,lyria,P0362,test
Endodontics/lyria__P0362__b2.png,Endodontics,lyria,P0362,test
Healthy/lyria__P0362__b2.png,Healthy,lyria,P0362,test
Healthy/lyria__P0362__b1.png,Healthy,lyria,P0362,test
Endodontics/lyria__P0278__b0.png,Endodontics,lyria,P0278,test
Healthy/lyria__P0278__b16.png,Healthy,lyria,P0278,test
Healthy/lyria__P0278__b6.png,Healthy,lyria,P0278,test
Healthy/lyria__P0480__b16.png,Healthy,lyria,P0480,test
Healthy/lyria__P0480__b21.png,Healthy,lyria,P0480,test
Endodontics/lyria__P0731__b0.png,Endodontics,lyria,P0731,test
Impacted/lyria__P0731__b0.png,Impacted,lyria,P0731,test
Healthy/lyria__P0731__b18.png,Healthy,lyria,P0731,test
Healthy/lyria__P0731__b10.png,Healthy,lyria,P0731,test
Endodontics/lyria__P0211__b0.png,Endodontics,lyria,P0211,test
Healthy/lyria__P0211__b6.png,Healthy,lyria,P0211,test
Healthy/lyria__P0211__b1.png,Healthy,lyria,P0211,test
Healthy/lyria__P0120__b14.png,Healthy,lyria,P0120,test
Healthy/lyria__P0120__b17.png,Healthy,lyria,P0120,test
Healthy/lyria__P0528__b12.png,Healthy,lyria,P0528,test
Healthy/lyria__P0528__b16.png,Healthy,lyria,P0528,test
Healthy/lyria__P0283__b5.png,Healthy,lyria,P0283,test
Healthy/lyria__P0283__b1.png,Healthy,lyria,P0283,test
Healthy/lyria__P0397__b24.png,Healthy,lyria,P0397,test
Healthy/lyria__P0397__b23.png,Healthy,lyria,P0397,test
Healthy/lyria__P0103__b8.png,Healthy,lyria,P0103,test
Endodontics/lyria__P0084__b0.png,Endodontics,lyria,P0084,test
Endodontics/lyria__P0084__b1.png,Endodontics,lyria,P0084,test
Healthy/lyria__P0084__b0.png,Healthy,lyria,P0084,test
Healthy/lyria__P0084__b2.png,Healthy,lyria,P0084,test
Implant/dentex__118.png,Implant,dentex,dentex_118,test
Impacted/lyria__P0280__b0.png,Impacted,lyria,P0280,test
Endodontics/lyria__P0280__b0.png,Endodontics,lyria,P0280,test
Endodontics/lyria__P0280__b1.png,Endodontics,lyria,P0280,test
Endodontics/lyria__P0280__b2.png,Endodontics,lyria,P0280,test
Healthy/lyria__P0280__b9.png,Healthy,lyria,P0280,test
Healthy/lyria__P0280__b1.png,Healthy,lyria,P0280,test
Endodontics/lyria__P0403__b0.png,Endodontics,lyria,P0403,test
Healthy/lyria__P0403__b8.png,Healthy,lyria,P0403,test
Healthy/lyria__P0009__b2.png,Healthy,lyria,P0009,test
Healthy/lyria__P0009__b5.png,Healthy,lyria,P0009,test
Healthy/lyria__P0399__b2.png,Healthy,lyria,P0399,test
Healthy/lyria__P0399__b0.png,Healthy,lyria,P0399,test
Impacted/lyria__P0040__b0.png,Impacted,lyria,P0040,test
Impacted/lyria__P0040__b1.png,Impacted,lyria,P0040,test
Impacted/lyria__P0040__b2.png,Impacted,lyria,P0040,test
Healthy/lyria__P0040__b4.png,Healthy,lyria,P0040,test
Healthy/lyria__P0040__b12.png,Healthy,lyria,P0040,test
Impacted/lyria__P0038__b0.png,Impacted,lyria,P0038,test
Impacted/lyria__P0038__b1.png,Impacted,lyria,P0038,test
Healthy/lyria__P0038__b19.png,Healthy,lyria,P0038,test
Healthy/lyria__P0038__b9.png,Healthy,lyria,P0038,test
Endodontics/lyria__P0395__b0.png,Endodontics,lyria,P0395,test
Healthy/lyria__P0395__b10.png,Healthy,lyria,P0395,test
Healthy/lyria__P0165__b1.png,Healthy,lyria,P0165,test
Healthy/lyria__P0165__b0.png,Healthy,lyria,P0165,test
Endodontics/lyria__P0537__b0.png,Endodontics,lyria,P0537,test
Healthy/lyria__P0537__b17.png,Healthy,lyria,P0537,test
Healthy/lyria__P0537__b11.png,Healthy,lyria,P0537,test
Endodontics/lyria__P0259__b0.png,Endodontics,lyria,P0259,test
Healthy/lyria__P0259__b0.png,Healthy,lyria,P0259,test
Healthy/lyria__P0259__b2.png,Healthy,lyria,P0259,test
Endodontics/lyria__P0683__b0.png,Endodontics,lyria,P0683,test
Healthy/lyria__P0683__b7.png,Healthy,lyria,P0683,test
Endodontics/lyria__P0208__b0.png,Endodontics,lyria,P0208,test
Endodontics/lyria__P0208__b1.png,Endodontics,lyria,P0208,test
Endodontics/lyria__P0208__b2.png,Endodontics,lyria,P0208,test
Endodontics/lyria__P0208__b3.png,Endodontics,lyria,P0208,test
Healthy/lyria__P0208__b3.png,Healthy,lyria,P0208,test
Endodontics/lyria__P0417__b0.png,Endodontics,lyria,P0417,test
Endodontics/lyria__P0417__b1.png,Endodontics,lyria,P0417,test
Healthy/lyria__P0417__b19.png,Healthy,lyria,P0417,test
Endodontics/lyria__P0580__b0.png,Endodontics,lyria,P0580,test
Endodontics/lyria__P0580__b1.png,Endodontics,lyria,P0580,test
Endodontics/lyria__P0580__b2.png,Endodontics,lyria,P0580,test
Healthy/lyria__P0580__b1.png,Healthy,lyria,P0580,test
Healthy/lyria__P0580__b0.png,Healthy,lyria,P0580,test
Endodontics/lyria__P0414__b0.png,Endodontics,lyria,P0414,test
Healthy/lyria__P0414__b0.png,Healthy,lyria,P0414,test
Healthy/lyria__P0414__b1.png,Healthy,lyria,P0414,test
Endodontics/lyria__P0627__b0.png,Endodontics,lyria,P0627,test
Endodontics/lyria__P0627__b1.png,Endodontics,lyria,P0627,test
Healthy/lyria__P0627__b0.png,Healthy,lyria,P0627,test
Healthy/lyria__P0627__b1.png,Healthy,lyria,P0627,test
Healthy/lyria__P0364__b9.png,Healthy,lyria,P0364,test
Healthy/lyria__P0364__b11.png,Healthy,lyria,P0364,test
Healthy/lyria__P0404__b0.png,Healthy,lyria,P0404,test
Healthy/lyria__P0404__b8.png,Healthy,lyria,P0404,test
Endodontics/lyria__P0773__b0.png,Endodontics,lyria,P0773,test
Endodontics/lyria__P0773__b1.png,Endodontics,lyria,P0773,test
Endodontics/lyria__P0773__b2.png,Endodontics,lyria,P0773,test
Endodontics/lyria__P0773__b3.png,Endodontics,lyria,P0773,test
Endodontics/lyria__P0773__b4.png,Endodontics,lyria,P0773,test
Endodontics/lyria__P0773__b5.png,Endodontics,lyria,P0773,test
Endodontics/lyria__P0773__b6.png,Endodontics,lyria,P0773,test
Healthy/lyria__P0773__b2.png,Healthy,lyria,P0773,test
Healthy/lyria__P0773__b3.png,Healthy,lyria,P0773,test
Endodontics/lyria__P0230__b0.png,Endodontics,lyria,P0230,test
Endodontics/lyria__P0230__b1.png,Endodontics,lyria,P0230,test
Healthy/lyria__P0230__b0.png,Healthy,lyria,P0230,test
Healthy/lyria__P0230__b3.png,Healthy,lyria,P0230,test
Endodontics/lyria__P0425__b0.png,Endodontics,lyria,P0425,test
Healthy/lyria__P0425__b10.png,Healthy,lyria,P0425,test
Healthy/lyria__P0425__b22.png,Healthy,lyria,P0425,test
Healthy/lyria__P0356__b11.png,Healthy,lyria,P0356,test
Healthy/lyria__P0356__b2.png,Healthy,lyria,P0356,test
Healthy/lyria__P0396__b23.png,Healthy,lyria,P0396,test
Healthy/lyria__P0396__b15.png,Healthy,lyria,P0396,test
Endodontics/lyria__P0382__b0.png,Endodontics,lyria,P0382,test
Healthy/lyria__P0382__b0.png,Healthy,lyria,P0382,test
Healthy/lyria__P0382__b9.png,Healthy,lyria,P0382,test
Healthy/lyria__P0059__b4.png,Healthy,lyria,P0059,test
Endodontics/lyria__P0748__b0.png,Endodontics,lyria,P0748,test
Healthy/lyria__P0748__b4.png,Healthy,lyria,P0748,test
Healthy/lyria__P0299__b0.png,Healthy,lyria,P0299,test
Healthy/lyria__P0299__b11.png,Healthy,lyria,P0299,test
Implant/dentex__103.png,Implant,dentex,dentex_103,test
Endodontics/lyria__P0637__b0.png,Endodontics,lyria,P0637,test
Healthy/lyria__P0637__b3.png,Healthy,lyria,P0637,test
Implant/dentex__58.png,Implant,dentex,dentex_58,test
Endodontics/lyria__P0223__b0.png,Endodontics,lyria,P0223,test
Healthy/lyria__P0223__b7.png,Healthy,lyria,P0223,test
Impacted/lyria__P0525__b0.png,Impacted,lyria,P0525,test
Impacted/lyria__P0525__b1.png,Impacted,lyria,P0525,test
Impacted/lyria__P0525__b2.png,Impacted,lyria,P0525,test
Impacted/lyria__P0525__b3.png,Impacted,lyria,P0525,test
Healthy/lyria__P0525__b1.png,Healthy,lyria,P0525,test
Implant/dentex__162.png,Implant,dentex,dentex_162,test
Impacted/lyria__P0711__b0.png,Impacted,lyria,P0711,test
Endodontics/lyria__P0711__b0.png,Endodontics,lyria,P0711,test
Healthy/lyria__P0711__b8.png,Healthy,lyria,P0711,test
Healthy/lyria__P0711__b6.png,Healthy,lyria,P0711,test
Endodontics/lyria__P0687__b0.png,Endodontics,lyria,P0687,test
Endodontics/lyria__P0687__b1.png,Endodontics,lyria,P0687,test
Healthy/lyria__P0687__b12.png,Healthy,lyria,P0687,test
Healthy/lyria__P0687__b4.png,Healthy,lyria,P0687,test
Endodontics/lyria__P0348__b0.png,Endodontics,lyria,P0348,test
Impacted/lyria__P0348__b0.png,Impacted,lyria,P0348,test
Healthy/lyria__P0348__b0.png,Healthy,lyria,P0348,test
Healthy/lyria__P0348__b2.png,Healthy,lyria,P0348,test
Endodontics/lyria__P0703__b0.png,Endodontics,lyria,P0703,test
Healthy/lyria__P0703__b0.png,Healthy,lyria,P0703,test
Healthy/lyria__P0703__b1.png,Healthy,lyria,P0703,test
Endodontics/lyria__P0771__b0.png,Endodontics,lyria,P0771,test
Endodontics/lyria__P0771__b1.png,Endodontics,lyria,P0771,test
Endodontics/lyria__P0771__b2.png,Endodontics,lyria,P0771,test
Endodontics/lyria__P0771__b3.png,Endodontics,lyria,P0771,test
Endodontics/lyria__P0771__b4.png,Endodontics,lyria,P0771,test
Endodontics/lyria__P0771__b5.png,Endodontics,lyria,P0771,test
Endodontics/lyria__P0771__b6.png,Endodontics,lyria,P0771,test
Healthy/lyria__P0771__b1.png,Healthy,lyria,P0771,test
Healthy/lyria__P0771__b5.png,Healthy,lyria,P0771,test
Impacted/lyria__P0190__b0.png,Impacted,lyria,P0190,test
Healthy/lyria__P0190__b0.png,Healthy,lyria,P0190,test
Endodontics/lyria__P0293__b0.png,Endodontics,lyria,P0293,test
Healthy/lyria__P0293__b21.png,Healthy,lyria,P0293,test
Endodontics/lyria__P0119__b0.png,Endodontics,lyria,P0119,test
Endodontics/lyria__P0119__b1.png,Endodontics,lyria,P0119,test
Healthy/lyria__P0119__b7.png,Healthy,lyria,P0119,test
Healthy/lyria__P0119__b5.png,Healthy,lyria,P0119,test
Endodontics/lyria__P0069__b0.png,Endodontics,lyria,P0069,test
Endodontics/lyria__P0069__b1.png,Endodontics,lyria,P0069,test
Healthy/lyria__P0069__b0.png,Healthy,lyria,P0069,test
Endodontics/lyria__P0695__b0.png,Endodontics,lyria,P0695,test
Endodontics/lyria__P0695__b1.png,Endodontics,lyria,P0695,test
Endodontics/lyria__P0695__b2.png,Endodontics,lyria,P0695,test
Endodontics/lyria__P0695__b3.png,Endodontics,lyria,P0695,test
Healthy/lyria__P0695__b3.png,Healthy,lyria,P0695,test
Healthy/lyria__P0695__b4.png,Healthy,lyria,P0695,test
Endodontics/lyria__P0201__b0.png,Endodontics,lyria,P0201,test
Healthy/lyria__P0201__b5.png,Healthy,lyria,P0201,test
Healthy/lyria__P0201__b7.png,Healthy,lyria,P0201,test
Endodontics/lyria__P0206__b0.png,Endodontics,lyria,P0206,test
Endodontics/lyria__P0206__b1.png,Endodontics,lyria,P0206,test
Healthy/lyria__P0206__b3.png,Healthy,lyria,P0206,test
Healthy/lyria__P0206__b6.png,Healthy,lyria,P0206,test
Endodontics/lyria__P0518__b0.png,Endodontics,lyria,P0518,test
Endodontics/lyria__P0518__b1.png,Endodontics,lyria,P0518,test
Healthy/lyria__P0518__b5.png,Healthy,lyria,P0518,test
Healthy/lyria__P0518__b4.png,Healthy,lyria,P0518,test
Endodontics/lyria__P0639__b0.png,Endodontics,lyria,P0639,test
Endodontics/lyria__P0639__b1.png,Endodontics,lyria,P0639,test
Endodontics/lyria__P0639__b2.png,Endodontics,lyria,P0639,test
Healthy/lyria__P0639__b10.png,Healthy,lyria,P0639,test
Healthy/lyria__P0639__b17.png,Healthy,lyria,P0639,test
Healthy/lyria__P0779__b3.png,Healthy,lyria,P0779,test
Endodontics/lyria__P0112__b0.png,Endodontics,lyria,P0112,test
Endodontics/lyria__P0112__b1.png,Endodontics,lyria,P0112,test
Healthy/lyria__P0112__b5.png,Healthy,lyria,P0112,test
Healthy/lyria__P0112__b2.png,Healthy,lyria,P0112,test
Healthy/lyria__P0471__b7.png,Healthy,lyria,P0471,test
Endodontics/lyria__P0421__b0.png,Endodontics,lyria,P0421,test
Healthy/lyria__P0421__b1.png,Healthy,lyria,P0421,test
Endodontics/lyria__P0622__b0.png,Endodontics,lyria,P0622,test
Endodontics/lyria__P0622__b1.png,Endodontics,lyria,P0622,test
Endodontics/lyria__P0622__b2.png,Endodontics,lyria,P0622,test
Healthy/lyria__P0622__b0.png,Healthy,lyria,P0622,test
Healthy/lyria__P0622__b2.png,Healthy,lyria,P0622,test
Implant/dentex__105.png,Implant,dentex,dentex_105,test
Endodontics/lyria__P0130__b0.png,Endodontics,lyria,P0130,test
Endodontics/lyria__P0130__b1.png,Endodontics,lyria,P0130,test
Healthy/lyria__P0130__b6.png,Healthy,lyria,P0130,test
Healthy/lyria__P0130__b12.png,Healthy,lyria,P0130,test
Healthy/lyria__P0335__b6.png,Healthy,lyria,P0335,test
Healthy/lyria__P0516__b19.png,Healthy,lyria,P0516,test
Healthy/lyria__P0516__b17.png,Healthy,lyria,P0516,test
Healthy/lyria__P0431__b1.png,Healthy,lyria,P0431,test
Healthy/lyria__P0431__b2.png,Healthy,lyria,P0431,test
Endodontics/lyria__P0140__b0.png,Endodontics,lyria,P0140,test
Endodontics/lyria__P0140__b1.png,Endodontics,lyria,P0140,test
Endodontics/lyria__P0140__b2.png,Endodontics,lyria,P0140,test
Healthy/lyria__P0140__b1.png,Healthy,lyria,P0140,test
Healthy/lyria__P0140__b0.png,Healthy,lyria,P0140,test
Healthy/lyria__P0345__b16.png,Healthy,lyria,P0345,test
Healthy/lyria__P0345__b12.png,Healthy,lyria,P0345,test
Healthy/lyria__P0044__b0.png,Healthy,lyria,P0044,test
Implant/dentex__153.png,Implant,dentex,dentex_153,test
Healthy/lyria__P0324__b25.png,Healthy,lyria,P0324,test
Healthy/lyria__P0483__b11.png,Healthy,lyria,P0483,test
Healthy/lyria__P0483__b4.png,Healthy,lyria,P0483,test
Healthy/lyria__P0179__b7.png,Healthy,lyria,P0179,test
Healthy/lyria__P0179__b3.png,Healthy,lyria,P0179,test
Endodontics/lyria__P0649__b0.png,Endodontics,lyria,P0649,test
Endodontics/lyria__P0649__b1.png,Endodontics,lyria,P0649,test
Healthy/lyria__P0649__b8.png,Healthy,lyria,P0649,test
Healthy/lyria__P0649__b15.png,Healthy,lyria,P0649,test
Impacted/lyria__P0320__b0.png,Impacted,lyria,P0320,test
Healthy/lyria__P0320__b24.png,Healthy,lyria,P0320,test
Endodontics/lyria__P0315__b0.png,Endodontics,lyria,P0315,test
Endodontics/lyria__P0315__b1.png,Endodontics,lyria,P0315,test
Endodontics/lyria__P0315__b2.png,Endodontics,lyria,P0315,test
Endodontics/lyria__P0315__b3.png,Endodontics,lyria,P0315,test
Endodontics/lyria__P0315__b4.png,Endodontics,lyria,P0315,test
Endodontics/lyria__P0315__b5.png,Endodontics,lyria,P0315,test
Healthy/lyria__P0315__b6.png,Healthy,lyria,P0315,test
Endodontics/lyria__P0551__b0.png,Endodontics,lyria,P0551,test
Endodontics/lyria__P0551__b1.png,Endodontics,lyria,P0551,test
Endodontics/lyria__P0551__b2.png,Endodontics,lyria,P0551,test
Endodontics/lyria__P0551__b3.png,Endodontics,lyria,P0551,test
Healthy/lyria__P0551__b5.png,Healthy,lyria,P0551,test
Healthy/lyria__P0551__b0.png,Healthy,lyria,P0551,test
Endodontics/lyria__P0776__b0.png,Endodontics,lyria,P0776,test
Endodontics/lyria__P0776__b1.png,Endodontics,lyria,P0776,test
Endodontics/lyria__P0776__b2.png,Endodontics,lyria,P0776,test
Endodontics/lyria__P0776__b3.png,Endodontics,lyria,P0776,test
Healthy/lyria__P0776__b1.png,Healthy,lyria,P0776,test
Healthy/lyria__P0776__b2.png,Healthy,lyria,P0776,test
Endodontics/lyria__P0166__b0.png,Endodontics,lyria,P0166,test
Endodontics/lyria__P0166__b1.png,Endodontics,lyria,P0166,test
Healthy/lyria__P0166__b8.png,Healthy,lyria,P0166,test
Healthy/lyria__P0166__b4.png,Healthy,lyria,P0166,test
Endodontics/lyria__P0763__b0.png,Endodontics,lyria,P0763,test
Endodontics/lyria__P0763__b1.png,Endodontics,lyria,P0763,test
Endodontics/lyria__P0763__b2.png,Endodontics,lyria,P0763,test
Healthy/lyria__P0763__b2.png,Healthy,lyria,P0763,test
Healthy/lyria__P0763__b5.png,Healthy,lyria,P0763,test
Endodontics/lyria__P0149__b0.png,Endodontics,lyria,P0149,test
Endodontics/lyria__P0149__b1.png,Endodontics,lyria,P0149,test
Endodontics/lyria__P0149__b2.png,Endodontics,lyria,P0149,test
Healthy/lyria__P0149__b4.png,Healthy,lyria,P0149,test
Healthy/lyria__P0149__b7.png,Healthy,lyria,P0149,test
Healthy/lyria__P0619__b19.png,Healthy,lyria,P0619,test
Healthy/lyria__P0619__b3.png,Healthy,lyria,P0619,test
Healthy/lyria__P0091__b7.png,Healthy,lyria,P0091,test
Healthy/lyria__P0091__b4.png,Healthy,lyria,P0091,test
Healthy/lyria__P0231__b5.png,Healthy,lyria,P0231,test
Healthy/lyria__P0231__b6.png,Healthy,lyria,P0231,test
Endodontics/lyria__P0792__b0.png,Endodontics,lyria,P0792,test
Healthy/lyria__P0792__b6.png,Healthy,lyria,P0792,test
Healthy/lyria__P0792__b7.png,Healthy,lyria,P0792,test
Endodontics/lyria__P0523__b0.png,Endodontics,lyria,P0523,test
Endodontics/lyria__P0523__b1.png,Endodontics,lyria,P0523,test
Endodontics/lyria__P0523__b2.png,Endodontics,lyria,P0523,test
Endodontics/lyria__P0523__b3.png,Endodontics,lyria,P0523,test
Endodontics/lyria__P0523__b4.png,Endodontics,lyria,P0523,test
Endodontics/lyria__P0523__b5.png,Endodontics,lyria,P0523,test
Endodontics/lyria__P0523__b6.png,Endodontics,lyria,P0523,test
Healthy/lyria__P0523__b4.png,Healthy,lyria,P0523,test
Endodontics/lyria__P0273__b0.png,Endodontics,lyria,P0273,test
Endodontics/lyria__P0273__b1.png,Endodontics,lyria,P0273,test
Endodontics/lyria__P0273__b2.png,Endodontics,lyria,P0273,test
Endodontics/lyria__P0273__b3.png,Endodontics,lyria,P0273,test
Healthy/lyria__P0273__b12.png,Healthy,lyria,P0273,test
Healthy/lyria__P0182__b11.png,Healthy,lyria,P0182,test
Healthy/lyria__P0182__b14.png,Healthy,lyria,P0182,test
Healthy/lyria__P0014__b1.png,Healthy,lyria,P0014,test
Healthy/lyria__P0117__b22.png,Healthy,lyria,P0117,test
Endodontics/lyria__P0184__b0.png,Endodontics,lyria,P0184,test
Endodontics/lyria__P0184__b1.png,Endodontics,lyria,P0184,test
Endodontics/lyria__P0184__b2.png,Endodontics,lyria,P0184,test
Healthy/lyria__P0184__b1.png,Healthy,lyria,P0184,test
Endodontics/lyria__P0235__b0.png,Endodontics,lyria,P0235,test
Healthy/lyria__P0235__b0.png,Healthy,lyria,P0235,test
Endodontics/lyria__P0644__b0.png,Endodontics,lyria,P0644,test
Endodontics/lyria__P0644__b1.png,Endodontics,lyria,P0644,test
Endodontics/lyria__P0644__b2.png,Endodontics,lyria,P0644,test
Endodontics/lyria__P0644__b3.png,Endodontics,lyria,P0644,test
Endodontics/lyria__P0644__b4.png,Endodontics,lyria,P0644,test
Endodontics/lyria__P0644__b5.png,Endodontics,lyria,P0644,test
Endodontics/lyria__P0644__b6.png,Endodontics,lyria,P0644,test
Healthy/lyria__P0644__b0.png,Healthy,lyria,P0644,test
Healthy/lyria__P0644__b5.png,Healthy,lyria,P0644,test
Endodontics/lyria__P0212__b0.png,Endodontics,lyria,P0212,test
Endodontics/lyria__P0212__b1.png,Endodontics,lyria,P0212,test
Endodontics/lyria__P0212__b2.png,Endodontics,lyria,P0212,test
Endodontics/lyria__P0212__b3.png,Endodontics,lyria,P0212,test
Healthy/lyria__P0212__b4.png,Healthy,lyria,P0212,test
Healthy/lyria__P0030__b4.png,Healthy,lyria,P0030,test
Healthy/lyria__P0030__b3.png,Healthy,lyria,P0030,test
Healthy/lyria__P0661__b4.png,Healthy,lyria,P0661,test
Healthy/lyria__P0661__b0.png,Healthy,lyria,P0661,test
Endodontics/lyria__P0805__b0.png,Endodontics,lyria,P0805,test
Endodontics/lyria__P0805__b1.png,Endodontics,lyria,P0805,test
Endodontics/lyria__P0805__b2.png,Endodontics,lyria,P0805,test
Endodontics/lyria__P0805__b3.png,Endodontics,lyria,P0805,test
Healthy/lyria__P0805__b5.png,Healthy,lyria,P0805,test
Healthy/lyria__P0805__b6.png,Healthy,lyria,P0805,test
Healthy/lyria__P0428__b3.png,Healthy,lyria,P0428,test
Healthy/lyria__P0042__b11.png,Healthy,lyria,P0042,test
Implant/lyria__P0325__b0.png,Implant,lyria,P0325,test
Implant/lyria__P0325__b1.png,Implant,lyria,P0325,test
Implant/lyria__P0325__b2.png,Implant,lyria,P0325,test
Implant/lyria__P0325__b3.png,Implant,lyria,P0325,test
Implant/lyria__P0325__b4.png,Implant,lyria,P0325,test
Endodontics/lyria__P0325__b0.png,Endodontics,lyria,P0325,test
Implant/dentex__67.png,Implant,dentex,dentex_67,test
Endodontics/lyria__P0762__b0.png,Endodontics,lyria,P0762,test
Endodontics/lyria__P0762__b1.png,Endodontics,lyria,P0762,test
Endodontics/lyria__P0762__b2.png,Endodontics,lyria,P0762,test
Endodontics/lyria__P0762__b3.png,Endodontics,lyria,P0762,test
Endodontics/lyria__P0762__b4.png,Endodontics,lyria,P0762,test
Healthy/lyria__P0762__b1.png,Healthy,lyria,P0762,test
Healthy/lyria__P0762__b4.png,Healthy,lyria,P0762,test
Implant/dentex__64.png,Implant,dentex,dentex_64,test
Endodontics/lyria__P0178__b0.png,Endodontics,lyria,P0178,test
Endodontics/lyria__P0178__b1.png,Endodontics,lyria,P0178,test
Healthy/lyria__P0178__b9.png,Healthy,lyria,P0178,test
Healthy/lyria__P0688__b2.png,Healthy,lyria,P0688,test
Healthy/lyria__P0688__b9.png,Healthy,lyria,P0688,test
Endodontics/lyria__P0022__b0.png,Endodontics,lyria,P0022,test
Healthy/lyria__P0022__b0.png,Healthy,lyria,P0022,test
Endodontics/lyria__P0310__b0.png,Endodontics,lyria,P0310,test
Endodontics/lyria__P0310__b1.png,Endodontics,lyria,P0310,test
Endodontics/lyria__P0310__b2.png,Endodontics,lyria,P0310,test
Endodontics/lyria__P0310__b3.png,Endodontics,lyria,P0310,test
Endodontics/lyria__P0310__b4.png,Endodontics,lyria,P0310,test
Endodontics/lyria__P0310__b5.png,Endodontics,lyria,P0310,test
Endodontics/lyria__P0310__b6.png,Endodontics,lyria,P0310,test
Endodontics/lyria__P0310__b7.png,Endodontics,lyria,P0310,test
Healthy/lyria__P0310__b1.png,Healthy,lyria,P0310,test
Healthy/lyria__P0310__b0.png,Healthy,lyria,P0310,test
Implant/dentex__149.png,Implant,dentex,dentex_149,test
Impacted/lyria__P0106__b0.png,Impacted,lyria,P0106,test
Impacted/lyria__P0106__b1.png,Impacted,lyria,P0106,test
Impacted/lyria__P0106__b2.png,Impacted,lyria,P0106,test
Healthy/lyria__P0106__b0.png,Healthy,lyria,P0106,test
Endodontics/lyria__P0732__b0.png,Endodontics,lyria,P0732,test
Endodontics/lyria__P0732__b1.png,Endodontics,lyria,P0732,test
Endodontics/lyria__P0732__b2.png,Endodontics,lyria,P0732,test
Endodontics/lyria__P0732__b3.png,Endodontics,lyria,P0732,test
Impacted/lyria__P0732__b0.png,Impacted,lyria,P0732,test
Endodontics/lyria__P0732__b4.png,Endodontics,lyria,P0732,test
Healthy/lyria__P0732__b10.png,Healthy,lyria,P0732,test
Healthy/lyria__P0732__b0.png,Healthy,lyria,P0732,test
Healthy/lyria__P0621__b5.png,Healthy,lyria,P0621,test
Healthy/lyria__P0621__b17.png,Healthy,lyria,P0621,test
Impacted/lyria__P0585__b0.png,Impacted,lyria,P0585,test
Impacted/lyria__P0585__b1.png,Impacted,lyria,P0585,test
Impacted/lyria__P0585__b2.png,Impacted,lyria,P0585,test
Healthy/lyria__P0585__b11.png,Healthy,lyria,P0585,test
Healthy/lyria__P0585__b17.png,Healthy,lyria,P0585,test
Healthy/lyria__P0684__b12.png,Healthy,lyria,P0684,test
Healthy/lyria__P0684__b9.png,Healthy,lyria,P0684,test
Healthy/lyria__P0163__b14.png,Healthy,lyria,P0163,test
Healthy/lyria__P0152__b2.png,Healthy,lyria,P0152,test
Healthy/lyria__P0152__b0.png,Healthy,lyria,P0152,test
Endodontics/lyria__P0051__b0.png,Endodontics,lyria,P0051,test
Endodontics/lyria__P0051__b1.png,Endodontics,lyria,P0051,test
Endodontics/lyria__P0051__b2.png,Endodontics,lyria,P0051,test
Endodontics/lyria__P0051__b3.png,Endodontics,lyria,P0051,test
Endodontics/lyria__P0051__b4.png,Endodontics,lyria,P0051,test
Endodontics/lyria__P0051__b5.png,Endodontics,lyria,P0051,test
Endodontics/lyria__P0051__b6.png,Endodontics,lyria,P0051,test
Endodontics/lyria__P0051__b7.png,Endodontics,lyria,P0051,test
Endodontics/lyria__P0051__b8.png,Endodontics,lyria,P0051,test
Healthy/lyria__P0051__b0.png,Healthy,lyria,P0051,test
Endodontics/lyria__P0189__b0.png,Endodontics,lyria,P0189,test
Endodontics/lyria__P0189__b1.png,Endodontics,lyria,P0189,test
Endodontics/lyria__P0189__b2.png,Endodontics,lyria,P0189,test
Endodontics/lyria__P0189__b3.png,Endodontics,lyria,P0189,test
Healthy/lyria__P0189__b13.png,Healthy,lyria,P0189,test
Healthy/lyria__P0189__b2.png,Healthy,lyria,P0189,test
Endodontics/lyria__P0555__b0.png,Endodontics,lyria,P0555,test
Endodontics/lyria__P0555__b1.png,Endodontics,lyria,P0555,test
Endodontics/lyria__P0555__b2.png,Endodontics,lyria,P0555,test
Healthy/lyria__P0555__b11.png,Healthy,lyria,P0555,test
Endodontics/lyria__P0784__b0.png,Endodontics,lyria,P0784,test
Endodontics/lyria__P0784__b1.png,Endodontics,lyria,P0784,test
Endodontics/lyria__P0784__b2.png,Endodontics,lyria,P0784,test
Endodontics/lyria__P0784__b3.png,Endodontics,lyria,P0784,test
Endodontics/lyria__P0698__b0.png,Endodontics,lyria,P0698,test
Endodontics/lyria__P0698__b1.png,Endodontics,lyria,P0698,test
Healthy/lyria__P0698__b1.png,Healthy,lyria,P0698,test
Endodontics/lyria__P0772__b0.png,Endodontics,lyria,P0772,test
Endodontics/lyria__P0772__b1.png,Endodontics,lyria,P0772,test
Endodontics/lyria__P0772__b2.png,Endodontics,lyria,P0772,test
Healthy/lyria__P0772__b10.png,Healthy,lyria,P0772,test
Healthy/lyria__P0772__b1.png,Healthy,lyria,P0772,test
Healthy/lyria__P0636__b8.png,Healthy,lyria,P0636,test
Healthy/lyria__P0636__b12.png,Healthy,lyria,P0636,test
Endodontics/lyria__P0685__b0.png,Endodontics,lyria,P0685,test
Endodontics/lyria__P0685__b1.png,Endodontics,lyria,P0685,test
Healthy/lyria__P0685__b3.png,Healthy,lyria,P0685,test
Healthy/lyria__P0685__b5.png,Healthy,lyria,P0685,test
Implant/dentex__135.png,Implant,dentex,dentex_135,test
Endodontics/lyria__P0224__b0.png,Endodontics,lyria,P0224,test
Endodontics/lyria__P0224__b1.png,Endodontics,lyria,P0224,test
Endodontics/lyria__P0615__b0.png,Endodontics,lyria,P0615,test
Endodontics/lyria__P0615__b1.png,Endodontics,lyria,P0615,test
Healthy/lyria__P0615__b2.png,Healthy,lyria,P0615,test
Endodontics/lyria__P0549__b0.png,Endodontics,lyria,P0549,test
Healthy/lyria__P0549__b16.png,Healthy,lyria,P0549,test
Healthy/lyria__P0549__b24.png,Healthy,lyria,P0549,test
Endodontics/lyria__P0412__b0.png,Endodontics,lyria,P0412,test
Endodontics/lyria__P0412__b1.png,Endodontics,lyria,P0412,test
Endodontics/lyria__P0412__b2.png,Endodontics,lyria,P0412,test
Endodontics/lyria__P0412__b3.png,Endodontics,lyria,P0412,test
Endodontics/lyria__P0412__b4.png,Endodontics,lyria,P0412,test
Endodontics/lyria__P0412__b5.png,Endodontics,lyria,P0412,test
Endodontics/lyria__P0412__b6.png,Endodontics,lyria,P0412,test
Endodontics/lyria__P0412__b7.png,Endodontics,lyria,P0412,test
Endodontics/lyria__P0148__b0.png,Endodontics,lyria,P0148,test
Endodontics/lyria__P0148__b1.png,Endodontics,lyria,P0148,test
Healthy/lyria__P0148__b3.png,Healthy,lyria,P0148,test
Healthy/lyria__P0148__b5.png,Healthy,lyria,P0148,test
Endodontics/lyria__P0680__b0.png,Endodontics,lyria,P0680,test
Healthy/lyria__P0680__b7.png,Healthy,lyria,P0680,test
Healthy/lyria__P0680__b3.png,Healthy,lyria,P0680,test
Healthy/lyria__P0048__b0.png,Healthy,lyria,P0048,test
Implant/dentex__112.png,Implant,dentex,dentex_112,test
Endodontics/lyria__P0271__b0.png,Endodontics,lyria,P0271,test
Endodontics/lyria__P0271__b1.png,Endodontics,lyria,P0271,test
Healthy/lyria__P0271__b0.png,Healthy,lyria,P0271,test
Healthy/lyria__P0271__b1.png,Healthy,lyria,P0271,test
Impacted/lyria__P0512__b0.png,Impacted,lyria,P0512,test
Impacted/lyria__P0512__b1.png,Impacted,lyria,P0512,test
Healthy/lyria__P0512__b10.png,Healthy,lyria,P0512,test
Healthy/lyria__P0512__b13.png,Healthy,lyria,P0512,test
Endodontics/lyria__P0102__b0.png,Endodontics,lyria,P0102,test
Healthy/lyria__P0102__b1.png,Healthy,lyria,P0102,test
Healthy/lyria__P0102__b3.png,Healthy,lyria,P0102,test
Endodontics/lyria__P0450__b0.png,Endodontics,lyria,P0450,test
Healthy/lyria__P0450__b4.png,Healthy,lyria,P0450,test
Endodontics/lyria__P0240__b0.png,Endodontics,lyria,P0240,test
Healthy/lyria__P0240__b7.png,Healthy,lyria,P0240,test
Healthy/lyria__P0240__b3.png,Healthy,lyria,P0240,test
Endodontics/lyria__P0381__b0.png,Endodontics,lyria,P0381,test
Endodontics/lyria__P0381__b1.png,Endodontics,lyria,P0381,test
Endodontics/lyria__P0381__b2.png,Endodontics,lyria,P0381,test
Endodontics/lyria__P0381__b3.png,Endodontics,lyria,P0381,test
Endodontics/lyria__P0381__b4.png,Endodontics,lyria,P0381,test
Healthy/lyria__P0691__b0.png,Healthy,lyria,P0691,test
Healthy/lyria__P0691__b3.png,Healthy,lyria,P0691,test
Healthy/lyria__P0047__b1.png,Healthy,lyria,P0047,test
Healthy/lyria__P0047__b0.png,Healthy,lyria,P0047,test
Endodontics/lyria__P0766__b0.png,Endodontics,lyria,P0766,test
Endodontics/lyria__P0766__b1.png,Endodontics,lyria,P0766,test
Endodontics/lyria__P0766__b2.png,Endodontics,lyria,P0766,test
Endodontics/lyria__P0766__b3.png,Endodontics,lyria,P0766,test
Healthy/lyria__P0766__b6.png,Healthy,lyria,P0766,test
Healthy/lyria__P0766__b0.png,Healthy,lyria,P0766,test
Healthy/lyria__P0294__b0.png,Healthy,lyria,P0294,test
Healthy/lyria__P0294__b6.png,Healthy,lyria,P0294,test
Endodontics/lyria__P0175__b0.png,Endodontics,lyria,P0175,test
Healthy/lyria__P0175__b8.png,Healthy,lyria,P0175,test
Healthy/lyria__P0175__b17.png,Healthy,lyria,P0175,test
Healthy/lyria__P0337__b14.png,Healthy,lyria,P0337,test
Endodontics/lyria__P0001__b0.png,Endodontics,lyria,P0001,test
Endodontics/lyria__P0569__b0.png,Endodontics,lyria,P0569,test
Endodontics/lyria__P0569__b1.png,Endodontics,lyria,P0569,test
Healthy/lyria__P0569__b8.png,Healthy,lyria,P0569,test
Healthy/lyria__P0569__b2.png,Healthy,lyria,P0569,test
Healthy/lyria__P0023__b4.png,Healthy,lyria,P0023,test
Healthy/lyria__P0023__b3.png,Healthy,lyria,P0023,test
Endodontics/lyria__P0807__b0.png,Endodontics,lyria,P0807,test
Healthy/lyria__P0807__b7.png,Healthy,lyria,P0807,test
Endodontics/lyria__P0705__b0.png,Endodontics,lyria,P0705,test
Endodontics/lyria__P0705__b1.png,Endodontics,lyria,P0705,test
Endodontics/lyria__P0705__b2.png,Endodontics,lyria,P0705,test
Endodontics/lyria__P0705__b3.png,Endodontics,lyria,P0705,test
Healthy/lyria__P0705__b6.png,Healthy,lyria,P0705,test
Healthy/lyria__P0705__b4.png,Healthy,lyria,P0705,test
Healthy/lyria__P0333__b19.png,Healthy,lyria,P0333,test
Endodontics/lyria__P0209__b0.png,Endodontics,lyria,P0209,test
Endodontics/lyria__P0209__b1.png,Endodontics,lyria,P0209,test
Endodontics/lyria__P0209__b2.png,Endodontics,lyria,P0209,test
Endodontics/lyria__P0209__b3.png,Endodontics,lyria,P0209,test
Healthy/lyria__P0322__b10.png,Healthy,lyria,P0322,test
Healthy/lyria__P0322__b0.png,Healthy,lyria,P0322,test
Healthy/lyria__P0541__b10.png,Healthy,lyria,P0541,test
Healthy/lyria__P0541__b16.png,Healthy,lyria,P0541,test
Endodontics/lyria__P0234__b0.png,Endodontics,lyria,P0234,test
Endodontics/lyria__P0234__b1.png,Endodontics,lyria,P0234,test
Healthy/lyria__P0234__b0.png,Healthy,lyria,P0234,test
Endodontics/lyria__P0343__b0.png,Endodontics,lyria,P0343,test
Endodontics/lyria__P0343__b1.png,Endodontics,lyria,P0343,test
Endodontics/lyria__P0343__b2.png,Endodontics,lyria,P0343,test
Endodontics/lyria__P0343__b3.png,Endodontics,lyria,P0343,test
Endodontics/lyria__P0343__b4.png,Endodontics,lyria,P0343,test
Healthy/lyria__P0343__b2.png,Healthy,lyria,P0343,test
Healthy/lyria__P0506__b1.png,Healthy,lyria,P0506,test
Healthy/lyria__P0506__b10.png,Healthy,lyria,P0506,test
Implant/dentex__19.png,Implant,dentex,dentex_19,test
Endodontics/lyria__P0260__b0.png,Endodontics,lyria,P0260,test
Endodontics/lyria__P0260__b1.png,Endodontics,lyria,P0260,test
Impacted/lyria__P0260__b0.png,Impacted,lyria,P0260,test
Endodontics/lyria__P0260__b2.png,Endodontics,lyria,P0260,test
Healthy/lyria__P0260__b2.png,Healthy,lyria,P0260,test
Healthy/lyria__P0260__b9.png,Healthy,lyria,P0260,test
Impacted/lyria__P0717__b0.png,Impacted,lyria,P0717,test
Healthy/lyria__P0717__b16.png,Healthy,lyria,P0717,test
Healthy/lyria__P0717__b2.png,Healthy,lyria,P0717,test
Healthy/lyria__P0089__b1.png,Healthy,lyria,P0089,test
Healthy/lyria__P0089__b9.png,Healthy,lyria,P0089,test
Healthy/lyria__P0742__b8.png,Healthy,lyria,P0742,test
Healthy/lyria__P0742__b27.png,Healthy,lyria,P0742,test
Endodontics/lyria__P0374__b0.png,Endodontics,lyria,P0374,test
Endodontics/lyria__P0374__b1.png,Endodontics,lyria,P0374,test
Healthy/lyria__P0374__b11.png,Healthy,lyria,P0374,test
Healthy/lyria__P0374__b12.png,Healthy,lyria,P0374,test
Healthy/lyria__P0635__b13.png,Healthy,lyria,P0635,test
Healthy/lyria__P0635__b7.png,Healthy,lyria,P0635,test
Endodontics/lyria__P0740__b0.png,Endodontics,lyria,P0740,test
Endodontics/lyria__P0740__b1.png,Endodontics,lyria,P0740,test
Endodontics/lyria__P0565__b0.png,Endodontics,lyria,P0565,test
Endodontics/lyria__P0565__b1.png,Endodontics,lyria,P0565,test
Endodontics/lyria__P0565__b2.png,Endodontics,lyria,P0565,test
Healthy/lyria__P0565__b19.png,Healthy,lyria,P0565,test
Healthy/lyria__P0142__b7.png,Healthy,lyria,P0142,test
Healthy/lyria__P0142__b4.png,Healthy,lyria,P0142,test
Impacted/lyria__P0758__b0.png,Impacted,lyria,P0758,test
Healthy/lyria__P0758__b12.png,Healthy,lyria,P0758,test
Healthy/lyria__P0321__b3.png,Healthy,lyria,P0321,test
Healthy/lyria__P0321__b5.png,Healthy,lyria,P0321,test
Endodontics/lyria__P0640__b0.png,Endodontics,lyria,P0640,test
Endodontics/lyria__P0640__b1.png,Endodontics,lyria,P0640,test
Endodontics/lyria__P0640__b2.png,Endodontics,lyria,P0640,test
Endodontics/lyria__P0640__b3.png,Endodontics,lyria,P0640,test
Healthy/lyria__P0640__b9.png,Healthy,lyria,P0640,test
Healthy/lyria__P0640__b3.png,Healthy,lyria,P0640,test
Healthy/lyria__P0200__b7.png,Healthy,lyria,P0200,test
Healthy/lyria__P0200__b5.png,Healthy,lyria,P0200,test
Healthy/lyria__P0236__b0.png,Healthy,lyria,P0236,test
Healthy/lyria__P0236__b4.png,Healthy,lyria,P0236,test
Healthy/lyria__P0646__b2.png,Healthy,lyria,P0646,test
Healthy/lyria__P0646__b4.png,Healthy,lyria,P0646,test
Healthy/lyria__P0197__b5.png,Healthy,lyria,P0197,test
Healthy/lyria__P0197__b13.png,Healthy,lyria,P0197,test
Endodontics/lyria__P0021__b0.png,Endodontics,lyria,P0021,test
Endodontics/lyria__P0021__b1.png,Endodontics,lyria,P0021,test
Endodontics/lyria__P0021__b2.png,Endodontics,lyria,P0021,test
Endodontics/lyria__P0021__b3.png,Endodontics,lyria,P0021,test
Healthy/lyria__P0021__b8.png,Healthy,lyria,P0021,test
Healthy/lyria__P0021__b3.png,Healthy,lyria,P0021,test
Healthy/lyria__P0755__b3.png,Healthy,lyria,P0755,test
Healthy/lyria__P0755__b0.png,Healthy,lyria,P0755,test
Healthy/lyria__P0715__b12.png,Healthy,lyria,P0715,test
Endodontics/lyria__P0289__b0.png,Endodontics,lyria,P0289,test
Endodontics/lyria__P0289__b1.png,Endodontics,lyria,P0289,test
Endodontics/lyria__P0289__b2.png,Endodontics,lyria,P0289,test
Endodontics/lyria__P0289__b3.png,Endodontics,lyria,P0289,test
Endodontics/lyria__P0289__b4.png,Endodontics,lyria,P0289,test
Endodontics/lyria__P0289__b5.png,Endodontics,lyria,P0289,test
Endodontics/lyria__P0289__b6.png,Endodontics,lyria,P0289,test
Healthy/lyria__P0289__b0.png,Healthy,lyria,P0289,test
Impacted/lyria__P0098__b0.png,Impacted,lyria,P0098,test
Endodontics/lyria__P0098__b0.png,Endodontics,lyria,P0098,test
Endodontics/lyria__P0098__b1.png,Endodontics,lyria,P0098,test
Endodontics/lyria__P0098__b2.png,Endodontics,lyria,P0098,test
Endodontics/lyria__P0098__b3.png,Endodontics,lyria,P0098,test
Impacted/lyria__P0098__b1.png,Impacted,lyria,P0098,test
Healthy/lyria__P0098__b8.png,Healthy,lyria,P0098,test
Healthy/lyria__P0098__b2.png,Healthy,lyria,P0098,test
Implant/dentex__152.png,Implant,dentex,dentex_152,test
Endodontics/lyria__P0427__b0.png,Endodontics,lyria,P0427,test
Healthy/lyria__P0427__b1.png,Healthy,lyria,P0427,test
Healthy/lyria__P0427__b2.png,Healthy,lyria,P0427,test
Healthy/lyria__P0372__b0.png,Healthy,lyria,P0372,test
Healthy/lyria__P0449__b2.png,Healthy,lyria,P0449,test
Healthy/lyria__P0449__b23.png,Healthy,lyria,P0449,test
Endodontics/lyria__P0054__b0.png,Endodontics,lyria,P0054,test
Endodontics/lyria__P0054__b1.png,Endodontics,lyria,P0054,test
Endodontics/lyria__P0054__b2.png,Endodontics,lyria,P0054,test
Endodontics/lyria__P0054__b3.png,Endodontics,lyria,P0054,test
Endodontics/lyria__P0054__b4.png,Endodontics,lyria,P0054,test
Endodontics/lyria__P0054__b5.png,Endodontics,lyria,P0054,test
Endodontics/lyria__P0054__b6.png,Endodontics,lyria,P0054,test
Healthy/lyria__P0054__b0.png,Healthy,lyria,P0054,test
Healthy/lyria__P0054__b1.png,Healthy,lyria,P0054,test
Endodontics/lyria__P0699__b0.png,Endodontics,lyria,P0699,test
Healthy/lyria__P0699__b2.png,Healthy,lyria,P0699,test
Healthy/lyria__P0132__b14.png,Healthy,lyria,P0132,test
Healthy/lyria__P0132__b0.png,Healthy,lyria,P0132,test
Endodontics/lyria__P0708__b0.png,Endodontics,lyria,P0708,test
Healthy/lyria__P0708__b11.png,Healthy,lyria,P0708,test
Healthy/lyria__P0708__b0.png,Healthy,lyria,P0708,test
Healthy/lyria__P0454__b18.png,Healthy,lyria,P0454,test
Healthy/lyria__P0454__b11.png,Healthy,lyria,P0454,test
Healthy/lyria__P0018__b0.png,Healthy,lyria,P0018,test
Healthy/lyria__P0257__b1.png,Healthy,lyria,P0257,test
Healthy/lyria__P0257__b0.png,Healthy,lyria,P0257,test
Healthy/lyria__P0791__b23.png,Healthy,lyria,P0791,test
Healthy/lyria__P0791__b24.png,Healthy,lyria,P0791,test
Healthy/lyria__P0613__b15.png,Healthy,lyria,P0613,test
Healthy/lyria__P0613__b5.png,Healthy,lyria,P0613,test
Endodontics/lyria__P0738__b0.png,Endodontics,lyria,P0738,test
Endodontics/lyria__P0738__b1.png,Endodontics,lyria,P0738,test
Implant/lyria__P0738__b0.png,Implant,lyria,P0738,test
Endodontics/lyria__P0738__b2.png,Endodontics,lyria,P0738,test
Endodontics/lyria__P0738__b3.png,Endodontics,lyria,P0738,test
Endodontics/lyria__P0738__b4.png,Endodontics,lyria,P0738,test
Endodontics/lyria__P0738__b5.png,Endodontics,lyria,P0738,test
Endodontics/lyria__P0738__b6.png,Endodontics,lyria,P0738,test
Endodontics/lyria__P0738__b7.png,Endodontics,lyria,P0738,test
Healthy/lyria__P0738__b2.png,Healthy,lyria,P0738,test
Healthy/lyria__P0738__b11.png,Healthy,lyria,P0738,test
Endodontics/lyria__P0564__b0.png,Endodontics,lyria,P0564,test
Endodontics/lyria__P0564__b1.png,Endodontics,lyria,P0564,test
Healthy/lyria__P0564__b5.png,Healthy,lyria,P0564,test
Healthy/lyria__P0564__b6.png,Healthy,lyria,P0564,test
Endodontics/lyria__P0249__b0.png,Endodontics,lyria,P0249,test
Endodontics/lyria__P0249__b1.png,Endodontics,lyria,P0249,test
Endodontics/lyria__P0249__b2.png,Endodontics,lyria,P0249,test
Endodontics/lyria__P0249__b3.png,Endodontics,lyria,P0249,test
Healthy/lyria__P0249__b1.png,Healthy,lyria,P0249,test
Healthy/lyria__P0249__b2.png,Healthy,lyria,P0249,test
Endodontics/lyria__P0012__b0.png,Endodontics,lyria,P0012,test
Endodontics/lyria__P0012__b1.png,Endodontics,lyria,P0012,test
Endodontics/lyria__P0012__b2.png,Endodontics,lyria,P0012,test
Healthy/lyria__P0012__b1.png,Healthy,lyria,P0012,test
Healthy/lyria__P0012__b0.png,Healthy,lyria,P0012,test
Healthy/lyria__P0587__b18.png,Healthy,lyria,P0587,test
Healthy/lyria__P0587__b12.png,Healthy,lyria,P0587,test
Endodontics/lyria__P0066__b0.png,Endodontics,lyria,P0066,test
Healthy/lyria__P0066__b0.png,Healthy,lyria,P0066,test
Healthy/lyria__P0066__b2.png,Healthy,lyria,P0066,test
Endodontics/lyria__P0606__b0.png,Endodontics,lyria,P0606,test
Endodontics/lyria__P0606__b1.png,Endodontics,lyria,P0606,test
Healthy/lyria__P0606__b11.png,Healthy,lyria,P0606,test
Healthy/lyria__P0606__b5.png,Healthy,lyria,P0606,test
Healthy/lyria__P0076__b7.png,Healthy,lyria,P0076,test
Healthy/lyria__P0076__b12.png,Healthy,lyria,P0076,test
Endodontics/lyria__P0007__b0.png,Endodontics,lyria,P0007,test
Healthy/lyria__P0007__b3.png,Healthy,lyria,P0007,test
Healthy/lyria__P0007__b0.png,Healthy,lyria,P0007,test
Endodontics/lyria__P0075__b0.png,Endodontics,lyria,P0075,test
Endodontics/lyria__P0075__b1.png,Endodontics,lyria,P0075,test
Endodontics/lyria__P0075__b2.png,Endodontics,lyria,P0075,test
Healthy/lyria__P0075__b3.png,Healthy,lyria,P0075,test
Healthy/lyria__P0075__b4.png,Healthy,lyria,P0075,test
Endodontics/lyria__P0724__b0.png,Endodontics,lyria,P0724,test
Endodontics/lyria__P0724__b1.png,Endodontics,lyria,P0724,test
Endodontics/lyria__P0724__b2.png,Endodontics,lyria,P0724,test
Endodontics/lyria__P0724__b3.png,Endodontics,lyria,P0724,test
Healthy/lyria__P0724__b0.png,Healthy,lyria,P0724,test
Healthy/lyria__P0724__b7.png,Healthy,lyria,P0724,test
Endodontics/lyria__P0423__b0.png,Endodontics,lyria,P0423,test
Endodontics/lyria__P0423__b1.png,Endodontics,lyria,P0423,test
Endodontics/lyria__P0423__b2.png,Endodontics,lyria,P0423,test
Healthy/lyria__P0423__b2.png,Healthy,lyria,P0423,test
Endodontics/lyria__P0195__b0.png,Endodontics,lyria,P0195,test
Healthy/lyria__P0195__b10.png,Healthy,lyria,P0195,test
Healthy/lyria__P0195__b9.png,Healthy,lyria,P0195,test
Endodontics/lyria__P0438__b0.png,Endodontics,lyria,P0438,test
Endodontics/lyria__P0438__b1.png,Endodontics,lyria,P0438,test
Endodontics/lyria__P0438__b2.png,Endodontics,lyria,P0438,test
Healthy/lyria__P0438__b5.png,Healthy,lyria,P0438,test
Healthy/lyria__P0438__b3.png,Healthy,lyria,P0438,test
Endodontics/lyria__P0582__b0.png,Endodontics,lyria,P0582,test
Endodontics/lyria__P0582__b1.png,Endodontics,lyria,P0582,test
Endodontics/lyria__P0582__b2.png,Endodontics,lyria,P0582,test
Healthy/lyria__P0582__b1.png,Healthy,lyria,P0582,test
Implant/dentex__129.png,Implant,dentex,dentex_129,test
Endodontics/lyria__P0714__b0.png,Endodontics,lyria,P0714,test
Healthy/lyria__P0714__b2.png,Healthy,lyria,P0714,test
Healthy/lyria__P0714__b4.png,Healthy,lyria,P0714,test
Endodontics/lyria__P0786__b0.png,Endodontics,lyria,P0786,test
Endodontics/lyria__P0786__b1.png,Endodontics,lyria,P0786,test
Healthy/lyria__P0786__b2.png,Healthy,lyria,P0786,test
Healthy/lyria__P0786__b8.png,Healthy,lyria,P0786,test
Healthy/lyria__P0225__b4.png,Healthy,lyria,P0225,test
Healthy/lyria__P0225__b3.png,Healthy,lyria,P0225,test
Healthy/lyria__P0679__b7.png,Healthy,lyria,P0679,test
Endodontics/lyria__P0686__b0.png,Endodontics,lyria,P0686,test
Healthy/lyria__P0686__b7.png,Healthy,lyria,P0686,test
Healthy/lyria__P0686__b6.png,Healthy,lyria,P0686,test
Healthy/lyria__P0210__b0.png,Healthy,lyria,P0210,test
Healthy/lyria__P0210__b2.png,Healthy,lyria,P0210,test
Healthy/lyria__P0302__b10.png,Healthy,lyria,P0302,test
Healthy/lyria__P0302__b2.png,Healthy,lyria,P0302,test
Implant/dentex__51.png,Implant,dentex,dentex_51,test
Healthy/lyria__P0410__b1.png,Healthy,lyria,P0410,test
Impacted/lyria__P0191__b0.png,Impacted,lyria,P0191,test
Impacted/lyria__P0191__b1.png,Impacted,lyria,P0191,test
Impacted/lyria__P0191__b2.png,Impacted,lyria,P0191,test
Impacted/lyria__P0191__b3.png,Impacted,lyria,P0191,test
Healthy/lyria__P0191__b18.png,Healthy,lyria,P0191,test
Healthy/lyria__P0191__b3.png,Healthy,lyria,P0191,test
Endodontics/lyria__P0380__b0.png,Endodontics,lyria,P0380,test
Endodontics/lyria__P0380__b1.png,Endodontics,lyria,P0380,test
Endodontics/lyria__P0380__b2.png,Endodontics,lyria,P0380,test
Endodontics/lyria__P0380__b3.png,Endodontics,lyria,P0380,test
Healthy/lyria__P0380__b0.png,Healthy,lyria,P0380,test
Endodontics/lyria__P0419__b0.png,Endodontics,lyria,P0419,test
Endodontics/lyria__P0419__b1.png,Endodontics,lyria,P0419,test
Endodontics/lyria__P0419__b2.png,Endodontics,lyria,P0419,test
Endodontics/lyria__P0419__b3.png,Endodontics,lyria,P0419,test
Endodontics/lyria__P0419__b4.png,Endodontics,lyria,P0419,test
Healthy/lyria__P0419__b0.png,Healthy,lyria,P0419,test
Endodontics/lyria__P0552__b0.png,Endodontics,lyria,P0552,test
Healthy/lyria__P0552__b2.png,Healthy,lyria,P0552,test
Healthy/lyria__P0552__b1.png,Healthy,lyria,P0552,test
Impacted/lyria__P0354__b0.png,Impacted,lyria,P0354,test
Endodontics/lyria__P0354__b0.png,Endodontics,lyria,P0354,test
Healthy/lyria__P0354__b6.png,Healthy,lyria,P0354,test
Healthy/lyria__P0354__b0.png,Healthy,lyria,P0354,test
Endodontics/lyria__P0445__b0.png,Endodontics,lyria,P0445,test
Endodontics/lyria__P0445__b1.png,Endodontics,lyria,P0445,test
Endodontics/lyria__P0445__b2.png,Endodontics,lyria,P0445,test
Endodontics/lyria__P0445__b3.png,Endodontics,lyria,P0445,test
Healthy/lyria__P0445__b2.png,Healthy,lyria,P0445,test
Healthy/lyria__P0445__b0.png,Healthy,lyria,P0445,test
Endodontics/lyria__P0006__b0.png,Endodontics,lyria,P0006,test
Endodontics/lyria__P0006__b1.png,Endodontics,lyria,P0006,test
Endodontics/lyria__P0006__b2.png,Endodontics,lyria,P0006,test
Endodontics/lyria__P0006__b3.png,Endodontics,lyria,P0006,test
Healthy/lyria__P0006__b3.png,Healthy,lyria,P0006,test
Healthy/lyria__P0347__b4.png,Healthy,lyria,P0347,test
Endodontics/lyria__P0031__b0.png,Endodontics,lyria,P0031,test
Endodontics/lyria__P0031__b1.png,Endodontics,lyria,P0031,test
Healthy/lyria__P0031__b2.png,Healthy,lyria,P0031,test
Endodontics/lyria__P0633__b0.png,Endodontics,lyria,P0633,test
Endodontics/lyria__P0633__b1.png,Endodontics,lyria,P0633,test
Healthy/lyria__P0633__b3.png,Healthy,lyria,P0633,test
Healthy/lyria__P0633__b2.png,Healthy,lyria,P0633,test
Endodontics/lyria__P0539__b0.png,Endodontics,lyria,P0539,test
Healthy/lyria__P0539__b4.png,Healthy,lyria,P0539,test
Healthy/lyria__P0539__b3.png,Healthy,lyria,P0539,test
Endodontics/lyria__P0400__b0.png,Endodontics,lyria,P0400,test
Endodontics/lyria__P0400__b1.png,Endodontics,lyria,P0400,test
Endodontics/lyria__P0400__b2.png,Endodontics,lyria,P0400,test
Endodontics/lyria__P0400__b3.png,Endodontics,lyria,P0400,test
Endodontics/lyria__P0400__b4.png,Endodontics,lyria,P0400,test
Endodontics/lyria__P0400__b5.png,Endodontics,lyria,P0400,test
Healthy/lyria__P0400__b4.png,Healthy,lyria,P0400,test
Endodontics/lyria__P0251__b0.png,Endodontics,lyria,P0251,test
Endodontics/lyria__P0251__b1.png,Endodontics,lyria,P0251,test
Endodontics/lyria__P0251__b2.png,Endodontics,lyria,P0251,test
Healthy/lyria__P0251__b2.png,Healthy,lyria,P0251,test
Healthy/lyria__P0068__b4.png,Healthy,lyria,P0068,test
Implant/dentex__166.png,Implant,dentex,dentex_166,test
Implant/dentex__137.png,Implant,dentex,dentex_137,test
Endodontics/lyria__P0281__b0.png,Endodontics,lyria,P0281,test
Endodontics/lyria__P0281__b1.png,Endodontics,lyria,P0281,test
Endodontics/lyria__P0281__b2.png,Endodontics,lyria,P0281,test
Healthy/lyria__P0281__b5.png,Healthy,lyria,P0281,test
Endodontics/lyria__P0245__b0.png,Endodontics,lyria,P0245,test
Endodontics/lyria__P0245__b1.png,Endodontics,lyria,P0245,test
Endodontics/lyria__P0245__b2.png,Endodontics,lyria,P0245,test
Endodontics/lyria__P0245__b3.png,Endodontics,lyria,P0245,test
Endodontics/lyria__P0245__b4.png,Endodontics,lyria,P0245,test
Endodontics/lyria__P0245__b5.png,Endodontics,lyria,P0245,test
Healthy/lyria__P0245__b11.png,Healthy,lyria,P0245,test
Healthy/lyria__P0157__b3.png,Healthy,lyria,P0157,test
Healthy/lyria__P0157__b2.png,Healthy,lyria,P0157,test
Endodontics/lyria__P0436__b0.png,Endodontics,lyria,P0436,test
Healthy/lyria__P0436__b2.png,Healthy,lyria,P0436,test
Healthy/lyria__P0436__b3.png,Healthy,lyria,P0436,test
Endodontics/lyria__P0735__b0.png,Endodontics,lyria,P0735,test
Endodontics/lyria__P0735__b1.png,Endodontics,lyria,P0735,test
Healthy/lyria__P0735__b6.png,Healthy,lyria,P0735,test
Implant/lyria__P0393__b0.png,Implant,lyria,P0393,test
Endodontics/lyria__P0393__b0.png,Endodontics,lyria,P0393,test
Endodontics/lyria__P0393__b1.png,Endodontics,lyria,P0393,test
Endodontics/lyria__P0393__b2.png,Endodontics,lyria,P0393,test
Endodontics/lyria__P0393__b3.png,Endodontics,lyria,P0393,test
Endodontics/lyria__P0393__b4.png,Endodontics,lyria,P0393,test
Endodontics/lyria__P0393__b5.png,Endodontics,lyria,P0393,test
Endodontics/lyria__P0393__b6.png,Endodontics,lyria,P0393,test
Implant/lyria__P0393__b1.png,Implant,lyria,P0393,test
Implant/lyria__P0393__b2.png,Implant,lyria,P0393,test
Healthy/lyria__P0393__b0.png,Healthy,lyria,P0393,test
Endodontics/lyria__P0141__b0.png,Endodontics,lyria,P0141,test
Endodontics/lyria__P0141__b1.png,Endodontics,lyria,P0141,test
Endodontics/lyria__P0141__b2.png,Endodontics,lyria,P0141,test
Healthy/lyria__P0141__b0.png,Healthy,lyria,P0141,test
Healthy/lyria__P0141__b1.png,Healthy,lyria,P0141,test
Endodontics/lyria__P0125__b0.png,Endodontics,lyria,P0125,test
Healthy/lyria__P0125__b2.png,Healthy,lyria,P0125,test
Healthy/lyria__P0125__b1.png,Healthy,lyria,P0125,test
Impacted/lyria__P0597__b0.png,Impacted,lyria,P0597,test
Impacted/lyria__P0597__b1.png,Impacted,lyria,P0597,test
Impacted/lyria__P0597__b2.png,Impacted,lyria,P0597,test
Healthy/lyria__P0597__b3.png,Healthy,lyria,P0597,test
Healthy/lyria__P0597__b9.png,Healthy,lyria,P0597,test
Impacted/lyria__P0265__b0.png,Impacted,lyria,P0265,test
Healthy/lyria__P0265__b3.png,Healthy,lyria,P0265,test
Healthy/lyria__P0265__b22.png,Healthy,lyria,P0265,test
Healthy/lyria__P0138__b5.png,Healthy,lyria,P0138,test
Healthy/lyria__P0138__b0.png,Healthy,lyria,P0138,test
Healthy/lyria__P0593__b10.png,Healthy,lyria,P0593,test
Healthy/lyria__P0593__b7.png,Healthy,lyria,P0593,test
Healthy/lyria__P0043__b2.png,Healthy,lyria,P0043,test
Healthy/lyria__P0043__b0.png,Healthy,lyria,P0043,test
Endodontics/lyria__P0384__b0.png,Endodontics,lyria,P0384,test
Endodontics/lyria__P0384__b1.png,Endodontics,lyria,P0384,test
Healthy/lyria__P0384__b0.png,Healthy,lyria,P0384,test
Healthy/lyria__P0384__b9.png,Healthy,lyria,P0384,test
Healthy/lyria__P0083__b14.png,Healthy,lyria,P0083,test
Implant/dentex__146.png,Implant,dentex,dentex_146,test
Healthy/lyria__P0339__b20.png,Healthy,lyria,P0339,test
Healthy/lyria__P0339__b5.png,Healthy,lyria,P0339,test
Healthy/lyria__P0682__b10.png,Healthy,lyria,P0682,test
Healthy/lyria__P0682__b11.png,Healthy,lyria,P0682,test
Healthy/lyria__P0359__b8.png,Healthy,lyria,P0359,test
Endodontics/lyria__P0706__b0.png,Endodontics,lyria,P0706,test
Endodontics/lyria__P0706__b1.png,Endodontics,lyria,P0706,test
Endodontics/lyria__P0706__b2.png,Endodontics,lyria,P0706,test
Endodontics/lyria__P0706__b3.png,Endodontics,lyria,P0706,test
Endodontics/lyria__P0706__b4.png,Endodontics,lyria,P0706,test
Healthy/lyria__P0706__b0.png,Healthy,lyria,P0706,test
Healthy/lyria__P0706__b1.png,Healthy,lyria,P0706,test
Endodontics/lyria__P0702__b0.png,Endodontics,lyria,P0702,test
Endodontics/lyria__P0702__b1.png,Endodontics,lyria,P0702,test
Endodontics/lyria__P0702__b2.png,Endodontics,lyria,P0702,test
Endodontics/lyria__P0702__b3.png,Endodontics,lyria,P0702,test
Healthy/lyria__P0702__b9.png,Healthy,lyria,P0702,test
Healthy/lyria__P0702__b3.png,Healthy,lyria,P0702,test
Healthy/lyria__P0494__b13.png,Healthy,lyria,P0494,test
Healthy/lyria__P0494__b6.png,Healthy,lyria,P0494,test
Endodontics/lyria__P0268__b0.png,Endodontics,lyria,P0268,test
Endodontics/lyria__P0268__b1.png,Endodontics,lyria,P0268,test
Healthy/lyria__P0268__b4.png,Healthy,lyria,P0268,test
Healthy/lyria__P0268__b1.png,Healthy,lyria,P0268,test
Healthy/lyria__P0492__b14.png,Healthy,lyria,P0492,test
Healthy/lyria__P0492__b7.png,Healthy,lyria,P0492,test
Implant/dentex__14.png,Implant,dentex,dentex_14,test
Healthy/lyria__P0447__b23.png,Healthy,lyria,P0447,test
Healthy/lyria__P0447__b8.png,Healthy,lyria,P0447,test
Implant/dentex__98.png,Implant,dentex,dentex_98,test
Impacted/lyria__P0032__b0.png,Impacted,lyria,P0032,test
Impacted/lyria__P0032__b1.png,Impacted,lyria,P0032,test
Endodontics/lyria__P0032__b0.png,Endodontics,lyria,P0032,test
Healthy/lyria__P0032__b2.png,Healthy,lyria,P0032,test
Healthy/lyria__P0032__b3.png,Healthy,lyria,P0032,test
Endodontics/lyria__P0793__b0.png,Endodontics,lyria,P0793,test
Endodontics/lyria__P0793__b1.png,Endodontics,lyria,P0793,test
Healthy/lyria__P0793__b10.png,Healthy,lyria,P0793,test
Healthy/lyria__P0690__b0.png,Healthy,lyria,P0690,test
Healthy/lyria__P0690__b2.png,Healthy,lyria,P0690,test
Endodontics/lyria__P0761__b0.png,Endodontics,lyria,P0761,test
Endodontics/lyria__P0761__b1.png,Endodontics,lyria,P0761,test
Impacted/lyria__P0761__b0.png,Impacted,lyria,P0761,test
Healthy/lyria__P0761__b5.png,Healthy,lyria,P0761,test
Healthy/lyria__P0761__b1.png,Healthy,lyria,P0761,test
Implant/dentex__57.png,Implant,dentex,dentex_57,test
Impacted/lyria__P0114__b0.png,Impacted,lyria,P0114,test
Impacted/lyria__P0114__b1.png,Impacted,lyria,P0114,test
Healthy/lyria__P0114__b13.png,Healthy,lyria,P0114,test
Healthy/lyria__P0114__b15.png,Healthy,lyria,P0114,test
Implant/dentex__36.png,Implant,dentex,dentex_36,test
Endodontics/lyria__P0290__b0.png,Endodontics,lyria,P0290,test
Endodontics/lyria__P0290__b1.png,Endodontics,lyria,P0290,test
Healthy/lyria__P0290__b6.png,Healthy,lyria,P0290,test
Healthy/lyria__P0290__b2.png,Healthy,lyria,P0290,test
Impacted/lyria__P0491__b0.png,Impacted,lyria,P0491,test
Healthy/lyria__P0491__b19.png,Healthy,lyria,P0491,test
Healthy/lyria__P0491__b1.png,Healthy,lyria,P0491,test
Endodontics/lyria__P0781__b0.png,Endodontics,lyria,P0781,test
Endodontics/lyria__P0781__b1.png,Endodontics,lyria,P0781,test
Healthy/lyria__P0781__b10.png,Healthy,lyria,P0781,test
Endodontics/lyria__P0788__b0.png,Endodontics,lyria,P0788,test
Endodontics/lyria__P0788__b1.png,Endodontics,lyria,P0788,test
Endodontics/lyria__P0788__b2.png,Endodontics,lyria,P0788,test
Endodontics/lyria__P0788__b3.png,Endodontics,lyria,P0788,test
Endodontics/lyria__P0788__b4.png,Endodontics,lyria,P0788,test
Endodontics/lyria__P0788__b5.png,Endodontics,lyria,P0788,test
Endodontics/lyria__P0788__b6.png,Endodontics,lyria,P0788,test
Healthy/lyria__P0788__b0.png,Healthy,lyria,P0788,test
Healthy/lyria__P0298__b1.png,Healthy,lyria,P0298,test
Healthy/lyria__P0298__b3.png,Healthy,lyria,P0298,test
Healthy/lyria__P0737__b0.png,Healthy,lyria,P0737,test
Healthy/lyria__P0589__b6.png,Healthy,lyria,P0589,test
Healthy/lyria__P0589__b2.png,Healthy,lyria,P0589,test
Endodontics/lyria__P0101__b0.png,Endodontics,lyria,P0101,test
Endodontics/lyria__P0101__b1.png,Endodontics,lyria,P0101,test
Endodontics/lyria__P0101__b2.png,Endodontics,lyria,P0101,test
Endodontics/lyria__P0101__b3.png,Endodontics,lyria,P0101,test
Healthy/lyria__P0101__b0.png,Healthy,lyria,P0101,test
Endodontics/lyria__P0107__b0.png,Endodontics,lyria,P0107,test
Endodontics/lyria__P0107__b1.png,Endodontics,lyria,P0107,test
Healthy/lyria__P0107__b3.png,Healthy,lyria,P0107,test
Healthy/lyria__P0729__b1.png,Healthy,lyria,P0729,test
Healthy/lyria__P0729__b11.png,Healthy,lyria,P0729,test
Healthy/lyria__P0590__b11.png,Healthy,lyria,P0590,test
Healthy/lyria__P0590__b18.png,Healthy,lyria,P0590,test
Endodontics/lyria__P0244__b0.png,Endodontics,lyria,P0244,test
Endodontics/lyria__P0244__b1.png,Endodontics,lyria,P0244,test
Endodontics/lyria__P0244__b2.png,Endodontics,lyria,P0244,test
Endodontics/lyria__P0244__b3.png,Endodontics,lyria,P0244,test
Endodontics/lyria__P0244__b4.png,Endodontics,lyria,P0244,test
Endodontics/lyria__P0244__b5.png,Endodontics,lyria,P0244,test
Endodontics/lyria__P0244__b6.png,Endodontics,lyria,P0244,test
Endodontics/lyria__P0244__b7.png,Endodontics,lyria,P0244,test
Endodontics/lyria__P0244__b8.png,Endodontics,lyria,P0244,test
Endodontics/lyria__P0244__b9.png,Endodontics,lyria,P0244,test
Impacted/lyria__P0466__b0.png,Impacted,lyria,P0466,test
Healthy/lyria__P0466__b10.png,Healthy,lyria,P0466,test
Healthy/lyria__P0466__b26.png,Healthy,lyria,P0466,test
Endodontics/lyria__P0769__b0.png,Endodontics,lyria,P0769,test
Endodontics/lyria__P0769__b1.png,Endodontics,lyria,P0769,test
Endodontics/lyria__P0769__b2.png,Endodontics,lyria,P0769,test
Endodontics/lyria__P0769__b3.png,Endodontics,lyria,P0769,test
Healthy/lyria__P0769__b0.png,Healthy,lyria,P0769,test
Healthy/lyria__P0769__b2.png,Healthy,lyria,P0769,test
Impacted/lyria__P0306__b0.png,Impacted,lyria,P0306,test
Impacted/lyria__P0306__b1.png,Impacted,lyria,P0306,test
Impacted/lyria__P0306__b2.png,Impacted,lyria,P0306,test
Healthy/lyria__P0306__b0.png,Healthy,lyria,P0306,test
Healthy/lyria__P0306__b3.png,Healthy,lyria,P0306,test
Endodontics/lyria__P0402__b0.png,Endodontics,lyria,P0402,test
Endodontics/lyria__P0402__b1.png,Endodontics,lyria,P0402,test
Healthy/lyria__P0402__b5.png,Healthy,lyria,P0402,test
Healthy/lyria__P0402__b13.png,Healthy,lyria,P0402,test
Impacted/lyria__P0288__b0.png,Impacted,lyria,P0288,test
Endodontics/lyria__P0288__b0.png,Endodontics,lyria,P0288,test
Healthy/lyria__P0288__b16.png,Healthy,lyria,P0288,test
Endodontics/lyria__P0413__b0.png,Endodontics,lyria,P0413,test
Endodontics/lyria__P0413__b1.png,Endodontics,lyria,P0413,test
Healthy/lyria__P0413__b1.png,Healthy,lyria,P0413,test
Healthy/lyria__P0033__b5.png,Healthy,lyria,P0033,test
Healthy/lyria__P0237__b0.png,Healthy,lyria,P0237,test
Healthy/lyria__P0237__b1.png,Healthy,lyria,P0237,test
Endodontics/lyria__P0557__b0.png,Endodontics,lyria,P0557,test
Endodontics/lyria__P0557__b1.png,Endodontics,lyria,P0557,test
Impacted/lyria__P0557__b0.png,Impacted,lyria,P0557,test
Healthy/lyria__P0557__b6.png,Healthy,lyria,P0557,test
Endodontics/lyria__P0198__b0.png,Endodontics,lyria,P0198,test
Endodontics/lyria__P0198__b1.png,Endodontics,lyria,P0198,test
Endodontics/lyria__P0198__b2.png,Endodontics,lyria,P0198,test
Healthy/lyria__P0198__b0.png,Healthy,lyria,P0198,test
Endodontics/lyria__P0221__b0.png,Endodontics,lyria,P0221,test
Endodontics/lyria__P0221__b1.png,Endodontics,lyria,P0221,test
Impacted/lyria__P0221__b0.png,Impacted,lyria,P0221,test
Healthy/lyria__P0221__b7.png,Healthy,lyria,P0221,test
Healthy/lyria__P0221__b6.png,Healthy,lyria,P0221,test
Endodontics/lyria__P0408__b0.png,Endodontics,lyria,P0408,test
Endodontics/lyria__P0408__b1.png,Endodontics,lyria,P0408,test
Healthy/lyria__P0408__b0.png,Healthy,lyria,P0408,test
Healthy/lyria__P0408__b3.png,Healthy,lyria,P0408,test
Healthy/lyria__P0746__b9.png,Healthy,lyria,P0746,test
Healthy/lyria__P0746__b1.png,Healthy,lyria,P0746,test
Healthy/lyria__P0576__b20.png,Healthy,lyria,P0576,test
Healthy/lyria__P0576__b5.png,Healthy,lyria,P0576,test
Implant/dentex__104.png,Implant,dentex,dentex_104,test
Healthy/lyria__P0694__b3.png,Healthy,lyria,P0694,test
Healthy/lyria__P0694__b9.png,Healthy,lyria,P0694,test
Healthy/lyria__P0252__b6.png,Healthy,lyria,P0252,test
Healthy/lyria__P0252__b5.png,Healthy,lyria,P0252,test
Endodontics/lyria__P0571__b0.png,Endodontics,lyria,P0571,test
Healthy/lyria__P0571__b4.png,Healthy,lyria,P0571,test
Healthy/lyria__P0571__b9.png,Healthy,lyria,P0571,test
Healthy/lyria__P0035__b4.png,Healthy,lyria,P0035,test
Healthy/lyria__P0035__b3.png,Healthy,lyria,P0035,test
Endodontics/lyria__P0323__b0.png,Endodontics,lyria,P0323,test
Healthy/lyria__P0323__b4.png,Healthy,lyria,P0323,test
Healthy/lyria__P0323__b11.png,Healthy,lyria,P0323,test
Endodontics/lyria__P0524__b0.png,Endodontics,lyria,P0524,test
Healthy/lyria__P0524__b2.png,Healthy,lyria,P0524,test
Healthy/lyria__P0524__b0.png,Healthy,lyria,P0524,test
Healthy/lyria__P0264__b9.png,Healthy,lyria,P0264,test
Healthy/lyria__P0264__b14.png,Healthy,lyria,P0264,test
Endodontics/lyria__P0797__b0.png,Endodontics,lyria,P0797,test
Endodontics/lyria__P0797__b1.png,Endodontics,lyria,P0797,test
Healthy/lyria__P0275__b5.png,Healthy,lyria,P0275,test
Endodontics/lyria__P0328__b0.png,Endodontics,lyria,P0328,test
Healthy/lyria__P0328__b1.png,Healthy,lyria,P0328,test
Healthy/lyria__P0328__b2.png,Healthy,lyria,P0328,test
Healthy/lyria__P0575__b10.png,Healthy,lyria,P0575,test
Healthy/lyria__P0575__b12.png,Healthy,lyria,P0575,test
Endodontics/lyria__P0312__b0.png,Endodontics,lyria,P0312,test
Healthy/lyria__P0312__b10.png,Healthy,lyria,P0312,test
Healthy/lyria__P0312__b2.png,Healthy,lyria,P0312,test
Healthy/lyria__P0026__b7.png,Healthy,lyria,P0026,test
Healthy/lyria__P0026__b6.png,Healthy,lyria,P0026,test
Endodontics/lyria__P0156__b0.png,Endodontics,lyria,P0156,test
Endodontics/lyria__P0156__b1.png,Endodontics,lyria,P0156,test
Healthy/lyria__P0156__b5.png,Healthy,lyria,P0156,test
Healthy/lyria__P0156__b10.png,Healthy,lyria,P0156,test
Implant/dentex__37.png,Implant,dentex,dentex_37,test
Healthy/lyria__P0510__b5.png,Healthy,lyria,P0510,test
Healthy/lyria__P0510__b0.png,Healthy,lyria,P0510,test
Endodontics/lyria__P0522__b0.png,Endodontics,lyria,P0522,test
Endodontics/lyria__P0522__b1.png,Endodontics,lyria,P0522,test
Endodontics/lyria__P0522__b2.png,Endodontics,lyria,P0522,test
Endodontics/lyria__P0522__b3.png,Endodontics,lyria,P0522,test
Endodontics/lyria__P0522__b4.png,Endodontics,lyria,P0522,test
Endodontics/lyria__P0522__b5.png,Endodontics,lyria,P0522,test
Endodontics/lyria__P0522__b6.png,Endodontics,lyria,P0522,test
Endodontics/lyria__P0522__b7.png,Endodontics,lyria,P0522,test
Endodontics/lyria__P0522__b8.png,Endodontics,lyria,P0522,test
Endodontics/lyria__P0522__b9.png,Endodontics,lyria,P0522,test
Endodontics/lyria__P0545__b0.png,Endodontics,lyria,P0545,test
Endodontics/lyria__P0545__b1.png,Endodontics,lyria,P0545,test
Endodontics/lyria__P0545__b2.png,Endodontics,lyria,P0545,test
Endodontics/lyria__P0545__b3.png,Endodontics,lyria,P0545,test
Healthy/lyria__P0545__b4.png,Healthy,lyria,P0545,test
Healthy/lyria__P0545__b0.png,Healthy,lyria,P0545,test
Endodontics/lyria__P0220__b0.png,Endodontics,lyria,P0220,test
Endodontics/lyria__P0220__b1.png,Endodontics,lyria,P0220,test
Healthy/lyria__P0220__b11.png,Healthy,lyria,P0220,test
Endodontics/lyria__P0370__b0.png,Endodontics,lyria,P0370,test
Endodontics/lyria__P0370__b1.png,Endodontics,lyria,P0370,test
Endodontics/lyria__P0370__b2.png,Endodontics,lyria,P0370,test
Endodontics/lyria__P0370__b3.png,Endodontics,lyria,P0370,test
Healthy/lyria__P0370__b0.png,Healthy,lyria,P0370,test
Endodontics/lyria__P0610__b0.png,Endodontics,lyria,P0610,test
Endodontics/lyria__P0610__b1.png,Endodontics,lyria,P0610,test
Impacted/lyria__P0610__b0.png,Impacted,lyria,P0610,test
Endodontics/lyria__P0610__b2.png,Endodontics,lyria,P0610,test
Endodontics/lyria__P0610__b3.png,Endodontics,lyria,P0610,test
Healthy/lyria__P0610__b7.png,Healthy,lyria,P0610,test
Healthy/lyria__P0610__b13.png,Healthy,lyria,P0610,test
Impacted/lyria__P0067__b0.png,Impacted,lyria,P0067,test
Endodontics/lyria__P0067__b0.png,Endodontics,lyria,P0067,test
Healthy/lyria__P0067__b2.png,Healthy,lyria,P0067,test
Endodontics/lyria__P0065__b0.png,Endodontics,lyria,P0065,test
Endodontics/lyria__P0065__b1.png,Endodontics,lyria,P0065,test
Healthy/lyria__P0065__b6.png,Healthy,lyria,P0065,test
Healthy/lyria__P0432__b2.png,Healthy,lyria,P0432,test
Healthy/lyria__P0432__b8.png,Healthy,lyria,P0432,test
Endodontics/lyria__P0004__b0.png,Endodontics,lyria,P0004,test
Endodontics/lyria__P0004__b1.png,Endodontics,lyria,P0004,test
Endodontics/lyria__P0004__b2.png,Endodontics,lyria,P0004,test
Endodontics/lyria__P0004__b3.png,Endodontics,lyria,P0004,test
Endodontics/lyria__P0004__b4.png,Endodontics,lyria,P0004,test
Healthy/lyria__P0004__b3.png,Healthy,lyria,P0004,test
Healthy/lyria__P0004__b1.png,Healthy,lyria,P0004,test
Healthy/lyria__P0253__b21.png,Healthy,lyria,P0253,test
Impacted/lyria__P0478__b0.png,Impacted,lyria,P0478,test
Impacted/lyria__P0478__b1.png,Impacted,lyria,P0478,test
Healthy/lyria__P0478__b24.png,Healthy,lyria,P0478,test
Healthy/lyria__P0478__b11.png,Healthy,lyria,P0478,test
Endodontics/lyria__P0547__b0.png,Endodontics,lyria,P0547,test
Endodontics/lyria__P0547__b1.png,Endodontics,lyria,P0547,test
Endodontics/lyria__P0547__b2.png,Endodontics,lyria,P0547,test
Endodontics/lyria__P0547__b3.png,Endodontics,lyria,P0547,test
Healthy/lyria__P0547__b10.png,Healthy,lyria,P0547,test
Impacted/lyria__P0579__b0.png,Impacted,lyria,P0579,test
Impacted/lyria__P0579__b1.png,Impacted,lyria,P0579,test
Impacted/lyria__P0579__b2.png,Impacted,lyria,P0579,test
Impacted/lyria__P0579__b3.png,Impacted,lyria,P0579,test
Healthy/lyria__P0579__b14.png,Healthy,lyria,P0579,test
Endodontics/lyria__P0099__b0.png,Endodontics,lyria,P0099,test
Endodontics/lyria__P0099__b1.png,Endodontics,lyria,P0099,test
Endodontics/lyria__P0099__b2.png,Endodontics,lyria,P0099,test
Endodontics/lyria__P0099__b3.png,Endodontics,lyria,P0099,test
Healthy/lyria__P0099__b1.png,Healthy,lyria,P0099,test
Healthy/lyria__P0099__b6.png,Healthy,lyria,P0099,test
Healthy/lyria__P0111__b7.png,Healthy,lyria,P0111,test
Healthy/lyria__P0111__b11.png,Healthy,lyria,P0111,test
Healthy/lyria__P0583__b0.png,Healthy,lyria,P0583,test
Healthy/lyria__P0583__b1.png,Healthy,lyria,P0583,test
Endodontics/lyria__P0160__b0.png,Endodontics,lyria,P0160,test
Endodontics/lyria__P0160__b1.png,Endodontics,lyria,P0160,test
Endodontics/lyria__P0160__b2.png,Endodontics,lyria,P0160,test
Endodontics/lyria__P0160__b3.png,Endodontics,lyria,P0160,test
Healthy/lyria__P0160__b4.png,Healthy,lyria,P0160,test
Healthy/lyria__P0160__b0.png,Healthy,lyria,P0160,test
Impacted/lyria__P0497__b0.png,Impacted,lyria,P0497,test
Impacted/lyria__P0497__b1.png,Impacted,lyria,P0497,test
Impacted/lyria__P0497__b2.png,Impacted,lyria,P0497,test
Impacted/lyria__P0497__b3.png,Impacted,lyria,P0497,test
Healthy/lyria__P0497__b27.png,Healthy,lyria,P0497,test
Healthy/lyria__P0497__b7.png,Healthy,lyria,P0497,test
Healthy/lyria__P0391__b18.png,Healthy,lyria,P0391,test
Healthy/lyria__P0316__b10.png,Healthy,lyria,P0316,test
Healthy/lyria__P0316__b0.png,Healthy,lyria,P0316,test
Implant/dentex__119.png,Implant,dentex,dentex_119,test
Endodontics/lyria__P0176__b0.png,Endodontics,lyria,P0176,test
Endodontics/lyria__P0176__b1.png,Endodontics,lyria,P0176,test
Endodontics/lyria__P0176__b2.png,Endodontics,lyria,P0176,test
Endodontics/lyria__P0176__b3.png,Endodontics,lyria,P0176,test
Endodontics/lyria__P0176__b4.png,Endodontics,lyria,P0176,test
Endodontics/lyria__P0176__b5.png,Endodontics,lyria,P0176,test
Endodontics/lyria__P0176__b6.png,Endodontics,lyria,P0176,test
Healthy/lyria__P0176__b0.png,Healthy,lyria,P0176,test
Healthy/lyria__P0488__b13.png,Healthy,lyria,P0488,test
Healthy/lyria__P0488__b18.png,Healthy,lyria,P0488,test
Endodontics/lyria__P0630__b0.png,Endodontics,lyria,P0630,test
Healthy/lyria__P0630__b9.png,Healthy,lyria,P0630,test
Endodontics/lyria__P0588__b0.png,Endodontics,lyria,P0588,test
Endodontics/lyria__P0588__b1.png,Endodontics,lyria,P0588,test
Endodontics/lyria__P0588__b2.png,Endodontics,lyria,P0588,test
Healthy/lyria__P0588__b0.png,Healthy,lyria,P0588,test
Healthy/lyria__P0588__b2.png,Healthy,lyria,P0588,test
Healthy/lyria__P0612__b7.png,Healthy,lyria,P0612,test
Healthy/lyria__P0612__b5.png,Healthy,lyria,P0612,test
Healthy/lyria__P0581__b11.png,Healthy,lyria,P0581,test
Healthy/lyria__P0581__b1.png,Healthy,lyria,P0581,test
Endodontics/lyria__P0368__b0.png,Endodontics,lyria,P0368,test
Healthy/lyria__P0368__b13.png,Healthy,lyria,P0368,test
Healthy/lyria__P0368__b9.png,Healthy,lyria,P0368,test
Implant/dentex__61.png,Implant,dentex,dentex_61,test
Healthy/lyria__P0013__b4.png,Healthy,lyria,P0013,test
Healthy/lyria__P0013__b0.png,Healthy,lyria,P0013,test
Endodontics/lyria__P0361__b0.png,Endodontics,lyria,P0361,test
Endodontics/lyria__P0361__b1.png,Endodontics,lyria,P0361,test
Endodontics/lyria__P0361__b2.png,Endodontics,lyria,P0361,test
Healthy/lyria__P0361__b1.png,Healthy,lyria,P0361,test
Implant/dentex__39.png,Implant,dentex,dentex_39,test
Endodontics/lyria__P0543__b0.png,Endodontics,lyria,P0543,test
Endodontics/lyria__P0543__b1.png,Endodontics,lyria,P0543,test
Endodontics/lyria__P0543__b2.png,Endodontics,lyria,P0543,test
Endodontics/lyria__P0543__b3.png,Endodontics,lyria,P0543,test
Healthy/lyria__P0455__b7.png,Healthy,lyria,P0455,test
Healthy/lyria__P0455__b3.png,Healthy,lyria,P0455,test
Healthy/lyria__P0710__b0.png,Healthy,lyria,P0710,test
Healthy/lyria__P0710__b1.png,Healthy,lyria,P0710,test
Endodontics/lyria__P0313__b0.png,Endodontics,lyria,P0313,test
Endodontics/lyria__P0313__b1.png,Endodontics,lyria,P0313,test
Endodontics/lyria__P0313__b2.png,Endodontics,lyria,P0313,test
Endodontics/lyria__P0313__b3.png,Endodontics,lyria,P0313,test
Healthy/lyria__P0313__b0.png,Healthy,lyria,P0313,test
Healthy/lyria__P0313__b2.png,Healthy,lyria,P0313,test
Endodontics/lyria__P0046__b0.png,Endodontics,lyria,P0046,test
Healthy/lyria__P0046__b2.png,Healthy,lyria,P0046,test
Healthy/lyria__P0046__b3.png,Healthy,lyria,P0046,test
Endodontics/lyria__P0406__b0.png,Endodontics,lyria,P0406,test
Healthy/lyria__P0406__b4.png,Healthy,lyria,P0406,test
Implant/dentex__142.png,Implant,dentex,dentex_142,test
Endodontics/lyria__P0386__b0.png,Endodontics,lyria,P0386,test
Endodontics/lyria__P0386__b1.png,Endodontics,lyria,P0386,test
Healthy/lyria__P0386__b9.png,Healthy,lyria,P0386,test
Healthy/lyria__P0386__b4.png,Healthy,lyria,P0386,test
Endodontics/lyria__P0651__b0.png,Endodontics,lyria,P0651,test
Healthy/lyria__P0651__b4.png,Healthy,lyria,P0651,test
Healthy/lyria__P0651__b7.png,Healthy,lyria,P0651,test
Implant/dentex__7.png,Implant,dentex,dentex_7,test
Healthy/lyria__P0233__b3.png,Healthy,lyria,P0233,test
Healthy/lyria__P0233__b2.png,Healthy,lyria,P0233,test
Endodontics/lyria__P0652__b0.png,Endodontics,lyria,P0652,test
Endodontics/lyria__P0652__b1.png,Endodontics,lyria,P0652,test
Endodontics/lyria__P0652__b2.png,Endodontics,lyria,P0652,test
Endodontics/lyria__P0652__b3.png,Endodontics,lyria,P0652,test
Endodontics/lyria__P0652__b4.png,Endodontics,lyria,P0652,test
Endodontics/lyria__P0652__b5.png,Endodontics,lyria,P0652,test
Endodontics/lyria__P0652__b6.png,Endodontics,lyria,P0652,test
Endodontics/lyria__P0652__b7.png,Endodontics,lyria,P0652,test
Healthy/lyria__P0652__b0.png,Healthy,lyria,P0652,test
Healthy/lyria__P0608__b0.png,Healthy,lyria,P0608,test
Healthy/lyria__P0629__b6.png,Healthy,lyria,P0629,test
Healthy/lyria__P0629__b4.png,Healthy,lyria,P0629,test
Impacted/lyria__P0181__b0.png,Impacted,lyria,P0181,test
Impacted/lyria__P0181__b1.png,Impacted,lyria,P0181,test
Impacted/lyria__P0181__b2.png,Impacted,lyria,P0181,test
Healthy/lyria__P0181__b8.png,Healthy,lyria,P0181,test
Healthy/lyria__P0181__b6.png,Healthy,lyria,P0181,test
Healthy/lyria__P0697__b3.png,Healthy,lyria,P0697,test
Endodontics/lyria__P0689__b0.png,Endodontics,lyria,P0689,test
Endodontics/lyria__P0689__b1.png,Endodontics,lyria,P0689,test
Endodontics/lyria__P0689__b2.png,Endodontics,lyria,P0689,test
Endodontics/lyria__P0689__b3.png,Endodontics,lyria,P0689,test
Endodontics/lyria__P0689__b4.png,Endodontics,lyria,P0689,test
Endodontics/lyria__P0689__b5.png,Endodontics,lyria,P0689,test
Endodontics/lyria__P0689__b6.png,Endodontics,lyria,P0689,test
Endodontics/lyria__P0689__b7.png,Endodontics,lyria,P0689,test
Endodontics/lyria__P0689__b8.png,Endodontics,lyria,P0689,test
Healthy/lyria__P0689__b6.png,Healthy,lyria,P0689,test
Endodontics/lyria__P0558__b0.png,Endodontics,lyria,P0558,test
Endodontics/lyria__P0558__b1.png,Endodontics,lyria,P0558,test
Endodontics/lyria__P0558__b2.png,Endodontics,lyria,P0558,test
Healthy/lyria__P0558__b6.png,Healthy,lyria,P0558,test
Healthy/lyria__P0558__b5.png,Healthy,lyria,P0558,test
Healthy/lyria__P0609__b7.png,Healthy,lyria,P0609,test
Endodontics/lyria__P0631__b0.png,Endodontics,lyria,P0631,test
Healthy/lyria__P0631__b3.png,Healthy,lyria,P0631,test
Healthy/lyria__P0532__b22.png,Healthy,lyria,P0532,test
Healthy/lyria__P0532__b1.png,Healthy,lyria,P0532,test
Endodontics/lyria__P0168__b0.png,Endodontics,lyria,P0168,test
Endodontics/lyria__P0168__b1.png,Endodontics,lyria,P0168,test
Endodontics/lyria__P0168__b2.png,Endodontics,lyria,P0168,test
Endodontics/lyria__P0168__b3.png,Endodontics,lyria,P0168,test
Endodontics/lyria__P0168__b4.png,Endodontics,lyria,P0168,test
Endodontics/lyria__P0168__b5.png,Endodontics,lyria,P0168,test
Healthy/lyria__P0168__b0.png,Healthy,lyria,P0168,test
Endodontics/lyria__P0307__b0.png,Endodontics,lyria,P0307,test
Endodontics/lyria__P0307__b1.png,Endodontics,lyria,P0307,test
Endodontics/lyria__P0307__b2.png,Endodontics,lyria,P0307,test
Endodontics/lyria__P0307__b3.png,Endodontics,lyria,P0307,test
Healthy/lyria__P0307__b2.png,Healthy,lyria,P0307,test
Healthy/lyria__P0462__b10.png,Healthy,lyria,P0462,test
Healthy/lyria__P0462__b19.png,Healthy,lyria,P0462,test
Endodontics/lyria__P0135__b0.png,Endodontics,lyria,P0135,test
Healthy/lyria__P0135__b1.png,Healthy,lyria,P0135,test
Healthy/lyria__P0135__b2.png,Healthy,lyria,P0135,test
Endodontics/lyria__P0603__b0.png,Endodontics,lyria,P0603,test
Endodontics/lyria__P0603__b1.png,Endodontics,lyria,P0603,test
Healthy/lyria__P0603__b0.png,Healthy,lyria,P0603,test
Endodontics/lyria__P0664__b0.png,Endodontics,lyria,P0664,test
Healthy/lyria__P0664__b6.png,Healthy,lyria,P0664,test
Healthy/lyria__P0664__b1.png,Healthy,lyria,P0664,test
Endodontics/lyria__P0164__b0.png,Endodontics,lyria,P0164,test
Endodontics/lyria__P0164__b1.png,Endodontics,lyria,P0164,test
Endodontics/lyria__P0164__b2.png,Endodontics,lyria,P0164,test
Endodontics/lyria__P0164__b3.png,Endodontics,lyria,P0164,test
Endodontics/lyria__P0164__b4.png,Endodontics,lyria,P0164,test
Endodontics/lyria__P0164__b5.png,Endodontics,lyria,P0164,test
Endodontics/lyria__P0164__b6.png,Endodontics,lyria,P0164,test
Healthy/lyria__P0164__b0.png,Healthy,lyria,P0164,test
Healthy/lyria__P0164__b1.png,Healthy,lyria,P0164,test
Healthy/lyria__P0657__b8.png,Healthy,lyria,P0657,test
Endodontics/lyria__P0570__b0.png,Endodontics,lyria,P0570,test
Endodontics/lyria__P0570__b1.png,Endodontics,lyria,P0570,test
Endodontics/lyria__P0570__b2.png,Endodontics,lyria,P0570,test
Endodontics/lyria__P0570__b3.png,Endodontics,lyria,P0570,test
Endodontics/lyria__P0570__b4.png,Endodontics,lyria,P0570,test
Healthy/lyria__P0570__b5.png,Healthy,lyria,P0570,test
Healthy/lyria__P0570__b0.png,Healthy,lyria,P0570,test
Endodontics/lyria__P0385__b0.png,Endodontics,lyria,P0385,test
Healthy/lyria__P0385__b2.png,Healthy,lyria,P0385,test
Healthy/lyria__P0385__b17.png,Healthy,lyria,P0385,test
Endodontics/lyria__P0720__b0.png,Endodontics,lyria,P0720,test
Endodontics/lyria__P0720__b1.png,Endodontics,lyria,P0720,test
Endodontics/lyria__P0720__b2.png,Endodontics,lyria,P0720,test
Endodontics/lyria__P0720__b3.png,Endodontics,lyria,P0720,test
Healthy/lyria__P0720__b9.png,Healthy,lyria,P0720,test
Impacted/lyria__P0638__b0.png,Impacted,lyria,P0638,test
Impacted/lyria__P0638__b1.png,Impacted,lyria,P0638,test
Healthy/lyria__P0638__b9.png,Healthy,lyria,P0638,test
Healthy/lyria__P0638__b20.png,Healthy,lyria,P0638,test
Endodontics/lyria__P0521__b0.png,Endodontics,lyria,P0521,test
Endodontics/lyria__P0521__b1.png,Endodontics,lyria,P0521,test
Healthy/lyria__P0521__b3.png,Healthy,lyria,P0521,test
Healthy/lyria__P0521__b7.png,Healthy,lyria,P0521,test
Healthy/lyria__P0721__b2.png,Healthy,lyria,P0721,test
Healthy/lyria__P0721__b18.png,Healthy,lyria,P0721,test
Endodontics/lyria__P0276__b0.png,Endodontics,lyria,P0276,test
Endodontics/lyria__P0276__b1.png,Endodontics,lyria,P0276,test
Healthy/lyria__P0276__b2.png,Healthy,lyria,P0276,test
Healthy/lyria__P0276__b0.png,Healthy,lyria,P0276,test
Healthy/lyria__P0349__b12.png,Healthy,lyria,P0349,test
Endodontics/lyria__P0296__b0.png,Endodontics,lyria,P0296,test
Endodontics/lyria__P0296__b1.png,Endodontics,lyria,P0296,test
Endodontics/lyria__P0296__b2.png,Endodontics,lyria,P0296,test
Endodontics/lyria__P0296__b3.png,Endodontics,lyria,P0296,test
Endodontics/lyria__P0296__b4.png,Endodontics,lyria,P0296,test
Healthy/lyria__P0296__b13.png,Healthy,lyria,P0296,test
Healthy/lyria__P0296__b0.png,Healthy,lyria,P0296,test
Endodontics/lyria__P0736__b0.png,Endodontics,lyria,P0736,test
Endodontics/lyria__P0736__b1.png,Endodontics,lyria,P0736,test
Healthy/lyria__P0736__b3.png,Healthy,lyria,P0736,test
Healthy/lyria__P0709__b9.png,Healthy,lyria,P0709,test
Healthy/lyria__P0709__b3.png,Healthy,lyria,P0709,test
Implant/dentex__151.png,Implant,dentex,dentex_151,test
Healthy/lyria__P0456__b18.png,Healthy,lyria,P0456,test
Impacted/lyria__P0765__b0.png,Impacted,lyria,P0765,test
Impacted/lyria__P0765__b1.png,Impacted,lyria,P0765,test
Healthy/lyria__P0765__b5.png,Healthy,lyria,P0765,test
Endodontics/lyria__P0437__b0.png,Endodontics,lyria,P0437,test
Endodontics/lyria__P0437__b1.png,Endodontics,lyria,P0437,test
Healthy/lyria__P0437__b11.png,Healthy,lyria,P0437,test
Healthy/lyria__P0437__b5.png,Healthy,lyria,P0437,test
Endodontics/lyria__P0728__b0.png,Endodontics,lyria,P0728,test
Healthy/lyria__P0728__b0.png,Healthy,lyria,P0728,test
Healthy/lyria__P0728__b1.png,Healthy,lyria,P0728,test
Healthy/lyria__P0809__b13.png,Healthy,lyria,P0809,test
Healthy/lyria__P0723__b0.png,Healthy,lyria,P0723,test
Healthy/lyria__P0134__b2.png,Healthy,lyria,P0134,test
Healthy/lyria__P0134__b9.png,Healthy,lyria,P0134,test
Healthy/lyria__P0607__b2.png,Healthy,lyria,P0607,test
Healthy/lyria__P0607__b21.png,Healthy,lyria,P0607,test
Endodontics/lyria__P0553__b0.png,Endodontics,lyria,P0553,test
Endodontics/lyria__P0553__b1.png,Endodontics,lyria,P0553,test
Healthy/lyria__P0553__b2.png,Healthy,lyria,P0553,test
Healthy/lyria__P0553__b9.png,Healthy,lyria,P0553,test
Endodontics/lyria__P0346__b0.png,Endodontics,lyria,P0346,test
Healthy/lyria__P0346__b7.png,Healthy,lyria,P0346,test
Healthy/lyria__P0796__b15.png,Healthy,lyria,P0796,test
Healthy/lyria__P0796__b20.png,Healthy,lyria,P0796,test
Healthy/lyria__P0173__b5.png,Healthy,lyria,P0173,test
Healthy/lyria__P0173__b0.png,Healthy,lyria,P0173,test
Endodontics/lyria__P0239__b0.png,Endodontics,lyria,P0239,test
Endodontics/lyria__P0239__b1.png,Endodontics,lyria,P0239,test
Healthy/lyria__P0239__b2.png,Healthy,lyria,P0239,test
Healthy/lyria__P0239__b6.png,Healthy,lyria,P0239,test
Implant/lyria__P0768__b0.png,Implant,lyria,P0768,test
Implant/lyria__P0768__b1.png,Implant,lyria,P0768,test
Healthy/lyria__P0768__b1.png,Healthy,lyria,P0768,test
Healthy/lyria__P0390__b18.png,Healthy,lyria,P0390,test
Healthy/lyria__P0390__b22.png,Healthy,lyria,P0390,test
Healthy/lyria__P0514__b17.png,Healthy,lyria,P0514,test
Healthy/lyria__P0514__b11.png,Healthy,lyria,P0514,test
Healthy/lyria__P0529__b10.png,Healthy,lyria,P0529,test
Healthy/lyria__P0529__b1.png,Healthy,lyria,P0529,test
Endodontics/lyria__P0591__b0.png,Endodontics,lyria,P0591,test
Endodontics/lyria__P0591__b1.png,Endodontics,lyria,P0591,test
Endodontics/lyria__P0591__b2.png,Endodontics,lyria,P0591,test
Endodontics/lyria__P0591__b3.png,Endodontics,lyria,P0591,test
Endodontics/lyria__P0591__b4.png,Endodontics,lyria,P0591,test
Endodontics/lyria__P0591__b5.png,Endodontics,lyria,P0591,test
Endodontics/lyria__P0591__b6.png,Endodontics,lyria,P0591,test
Endodontics/lyria__P0591__b7.png,Endodontics,lyria,P0591,test
Endodontics/lyria__P0591__b8.png,Endodontics,lyria,P0591,test
Endodontics/lyria__P0591__b9.png,Endodontics,lyria,P0591,test
Healthy/lyria__P0591__b2.png,Healthy,lyria,P0591,test
Healthy/lyria__P0433__b11.png,Healthy,lyria,P0433,test
Healthy/lyria__P0433__b9.png,Healthy,lyria,P0433,test
Healthy/lyria__P0394__b15.png,Healthy,lyria,P0394,test
Healthy/lyria__P0394__b21.png,Healthy,lyria,P0394,test
Endodontics/lyria__P0332__b0.png,Endodontics,lyria,P0332,test
Endodontics/lyria__P0332__b1.png,Endodontics,lyria,P0332,test
Healthy/lyria__P0332__b3.png,Healthy,lyria,P0332,test
Healthy/lyria__P0332__b2.png,Healthy,lyria,P0332,test
Healthy/lyria__P0340__b1.png,Healthy,lyria,P0340,test
Healthy/lyria__P0340__b0.png,Healthy,lyria,P0340,test
Healthy/lyria__P0217__b4.png,Healthy,lyria,P0217,test
Healthy/lyria__P0314__b4.png,Healthy,lyria,P0314,test
Healthy/lyria__P0314__b5.png,Healthy,lyria,P0314,test
Endodontics/lyria__P0749__b0.png,Endodontics,lyria,P0749,test
Healthy/lyria__P0749__b6.png,Healthy,lyria,P0749,test
Healthy/lyria__P0749__b5.png,Healthy,lyria,P0749,test
Endodontics/lyria__P0205__b0.png,Endodontics,lyria,P0205,test
Endodontics/lyria__P0205__b1.png,Endodontics,lyria,P0205,test
Endodontics/lyria__P0205__b2.png,Endodontics,lyria,P0205,test
Healthy/lyria__P0205__b1.png,Healthy,lyria,P0205,test
Healthy/lyria__P0205__b4.png,Healthy,lyria,P0205,test
Impacted/lyria__P0465__b0.png,Impacted,lyria,P0465,test
Impacted/lyria__P0465__b1.png,Impacted,lyria,P0465,test
Healthy/lyria__P0465__b14.png,Healthy,lyria,P0465,test
Endodontics/lyria__P0741__b0.png,Endodontics,lyria,P0741,test
Endodontics/lyria__P0741__b1.png,Endodontics,lyria,P0741,test
Healthy/lyria__P0741__b8.png,Healthy,lyria,P0741,test
Healthy/lyria__P0741__b3.png,Healthy,lyria,P0741,test
Healthy/lyria__P0429__b23.png,Healthy,lyria,P0429,test
Endodontics/lyria__P0556__b0.png,Endodontics,lyria,P0556,test
Endodontics/lyria__P0556__b1.png,Endodontics,lyria,P0556,test
Healthy/lyria__P0556__b2.png,Healthy,lyria,P0556,test
Healthy/lyria__P0556__b1.png,Healthy,lyria,P0556,test
Healthy/lyria__P0641__b2.png,Healthy,lyria,P0641,test
Implant/dentex__8.png,Implant,dentex,dentex_8,test
Endodontics/lyria__P0798__b0.png,Endodontics,lyria,P0798,test
Endodontics/lyria__P0798__b1.png,Endodontics,lyria,P0798,test
Endodontics/lyria__P0798__b2.png,Endodontics,lyria,P0798,test
Healthy/lyria__P0798__b2.png,Healthy,lyria,P0798,test
Healthy/lyria__P0798__b0.png,Healthy,lyria,P0798,test
Healthy/lyria__P0282__b6.png,Healthy,lyria,P0282,test
Healthy/lyria__P0282__b8.png,Healthy,lyria,P0282,test
Endodontics/lyria__P0094__b0.png,Endodontics,lyria,P0094,test
Endodontics/lyria__P0094__b1.png,Endodontics,lyria,P0094,test
Endodontics/lyria__P0094__b2.png,Endodontics,lyria,P0094,test
Healthy/lyria__P0094__b0.png,Healthy,lyria,P0094,test
Healthy/lyria__P0094__b1.png,Healthy,lyria,P0094,test
Endodontics/lyria__P0227__b0.png,Endodontics,lyria,P0227,test
Endodontics/lyria__P0227__b1.png,Endodontics,lyria,P0227,test
Endodontics/lyria__P0227__b2.png,Endodontics,lyria,P0227,test
Endodontics/lyria__P0227__b3.png,Endodontics,lyria,P0227,test
Endodontics/lyria__P0227__b4.png,Endodontics,lyria,P0227,test
Endodontics/lyria__P0227__b5.png,Endodontics,lyria,P0227,test
Endodontics/lyria__P0227__b6.png,Endodontics,lyria,P0227,test
Healthy/lyria__P0227__b4.png,Healthy,lyria,P0227,test
Healthy/lyria__P0124__b8.png,Healthy,lyria,P0124,test
Healthy/lyria__P0124__b10.png,Healthy,lyria,P0124,test
Implant/dentex__69.png,Implant,dentex,dentex_69,test
Endodontics/lyria__P0295__b0.png,Endodontics,lyria,P0295,test
Endodontics/lyria__P0295__b1.png,Endodontics,lyria,P0295,test
Endodontics/lyria__P0295__b2.png,Endodontics,lyria,P0295,test
Endodontics/lyria__P0295__b3.png,Endodontics,lyria,P0295,test
Healthy/lyria__P0295__b4.png,Healthy,lyria,P0295,test
Healthy/lyria__P0295__b3.png,Healthy,lyria,P0295,test
Endodontics/lyria__P0024__b0.png,Endodontics,lyria,P0024,test
Endodontics/lyria__P0024__b1.png,Endodontics,lyria,P0024,test
Healthy/lyria__P0024__b2.png,Healthy,lyria,P0024,test
Healthy/lyria__P0024__b0.png,Healthy,lyria,P0024,test
Healthy/lyria__P0787__b11.png,Healthy,lyria,P0787,test
Healthy/lyria__P0787__b9.png,Healthy,lyria,P0787,test
Healthy/lyria__P0654__b1.png,Healthy,lyria,P0654,test
Healthy/lyria__P0654__b0.png,Healthy,lyria,P0654,test
Healthy/lyria__P0461__b20.png,Healthy,lyria,P0461,test
Endodontics/lyria__P0806__b0.png,Endodontics,lyria,P0806,test
Impacted/lyria__P0806__b0.png,Impacted,lyria,P0806,test
Endodontics/lyria__P0806__b1.png,Endodontics,lyria,P0806,test
Healthy/lyria__P0806__b3.png,Healthy,lyria,P0806,test
Healthy/lyria__P0806__b4.png,Healthy,lyria,P0806,test
Endodontics/lyria__P0131__b0.png,Endodontics,lyria,P0131,test
Endodontics/lyria__P0131__b1.png,Endodontics,lyria,P0131,test
Endodontics/lyria__P0131__b2.png,Endodontics,lyria,P0131,test
Endodontics/lyria__P0131__b3.png,Endodontics,lyria,P0131,test
Endodontics/lyria__P0131__b4.png,Endodontics,lyria,P0131,test
Endodontics/lyria__P0131__b5.png,Endodontics,lyria,P0131,test
Healthy/lyria__P0131__b1.png,Healthy,lyria,P0131,test
Endodontics/lyria__P0267__b0.png,Endodontics,lyria,P0267,test
Endodontics/lyria__P0267__b1.png,Endodontics,lyria,P0267,test
Endodontics/lyria__P0267__b2.png,Endodontics,lyria,P0267,test
Impacted/lyria__P0267__b0.png,Impacted,lyria,P0267,test
Endodontics/lyria__P0267__b3.png,Endodontics,lyria,P0267,test
Healthy/lyria__P0267__b3.png,Healthy,lyria,P0267,test
Healthy/lyria__P0267__b1.png,Healthy,lyria,P0267,test
Healthy/lyria__P0650__b4.png,Healthy,lyria,P0650,test
Healthy/lyria__P0650__b7.png,Healthy,lyria,P0650,test
Endodontics/lyria__P0548__b0.png,Endodontics,lyria,P0548,test
Healthy/lyria__P0548__b10.png,Healthy,lyria,P0548,test
Healthy/lyria__P0133__b1.png,Healthy,lyria,P0133,test
Impacted/lyria__P0162__b0.png,Impacted,lyria,P0162,test
Healthy/lyria__P0162__b9.png,Healthy,lyria,P0162,test
Healthy/lyria__P0162__b7.png,Healthy,lyria,P0162,test
Healthy/lyria__P0092__b7.png,Healthy,lyria,P0092,test
Healthy/lyria__P0673__b18.png,Healthy,lyria,P0673,test
Healthy/lyria__P0673__b12.png,Healthy,lyria,P0673,test
Healthy/lyria__P0667__b0.png,Healthy,lyria,P0667,test
Endodontics/lyria__P0415__b0.png,Endodontics,lyria,P0415,test
Endodontics/lyria__P0415__b1.png,Endodontics,lyria,P0415,test
Endodontics/lyria__P0415__b2.png,Endodontics,lyria,P0415,test
Healthy/lyria__P0415__b2.png,Healthy,lyria,P0415,test
Healthy/lyria__P0415__b1.png,Healthy,lyria,P0415,test
Endodontics/lyria__P0146__b0.png,Endodontics,lyria,P0146,test
Endodontics/lyria__P0146__b1.png,Endodontics,lyria,P0146,test
Endodontics/lyria__P0146__b2.png,Endodontics,lyria,P0146,test
Endodontics/lyria__P0146__b3.png,Endodontics,lyria,P0146,test
Healthy/lyria__P0146__b2.png,Healthy,lyria,P0146,test
Healthy/lyria__P0146__b9.png,Healthy,lyria,P0146,test
Healthy/lyria__P0204__b3.png,Healthy,lyria,P0204,test
Healthy/lyria__P0204__b13.png,Healthy,lyria,P0204,test
Endodontics/lyria__P0563__b0.png,Endodontics,lyria,P0563,test
Healthy/lyria__P0563__b2.png,Healthy,lyria,P0563,test
Healthy/lyria__P0261__b0.png,Healthy,lyria,P0261,test
Healthy/lyria__P0261__b2.png,Healthy,lyria,P0261,test
Impacted/lyria__P0172__b0.png,Impacted,lyria,P0172,test
Healthy/lyria__P0172__b21.png,Healthy,lyria,P0172,test
Healthy/lyria__P0172__b11.png,Healthy,lyria,P0172,test
Healthy/lyria__P0463__b26.png,Healthy,lyria,P0463,test
Healthy/lyria__P0463__b10.png,Healthy,lyria,P0463,test
Endodontics/lyria__P0441__b0.png,Endodontics,lyria,P0441,test
Endodontics/lyria__P0441__b1.png,Endodontics,lyria,P0441,test
Endodontics/lyria__P0441__b2.png,Endodontics,lyria,P0441,test
Endodontics/lyria__P0441__b3.png,Endodontics,lyria,P0441,test
Endodontics/lyria__P0441__b4.png,Endodontics,lyria,P0441,test
Endodontics/lyria__P0441__b5.png,Endodontics,lyria,P0441,test
Endodontics/lyria__P0441__b6.png,Endodontics,lyria,P0441,test
Endodontics/lyria__P0441__b7.png,Endodontics,lyria,P0441,test
Endodontics/lyria__P0441__b8.png,Endodontics,lyria,P0441,test
Endodontics/lyria__P0441__b9.png,Endodontics,lyria,P0441,test
Healthy/lyria__P0441__b1.png,Healthy,lyria,P0441,test
Healthy/lyria__P0441__b3.png,Healthy,lyria,P0441,test
Healthy/lyria__P0594__b0.png,Healthy,lyria,P0594,test
Healthy/lyria__P0594__b1.png,Healthy,lyria,P0594,test
Endodontics/lyria__P0802__b0.png,Endodontics,lyria,P0802,test
Healthy/lyria__P0802__b2.png,Healthy,lyria,P0802,test
Impacted/lyria__P0470__b0.png,Impacted,lyria,P0470,test
Impacted/lyria__P0470__b1.png,Impacted,lyria,P0470,test
Healthy/lyria__P0470__b12.png,Healthy,lyria,P0470,test
Healthy/lyria__P0470__b11.png,Healthy,lyria,P0470,test
Implant/dentex__124.png,Implant,dentex,dentex_124,test
Endodontics/lyria__P0405__b0.png,Endodontics,lyria,P0405,test
Healthy/lyria__P0405__b5.png,Healthy,lyria,P0405,test
Healthy/lyria__P0405__b2.png,Healthy,lyria,P0405,test
Impacted/lyria__P0238__b0.png,Impacted,lyria,P0238,test
Impacted/lyria__P0238__b1.png,Impacted,lyria,P0238,test
Healthy/lyria__P0238__b4.png,Healthy,lyria,P0238,test
Healthy/lyria__P0238__b0.png,Healthy,lyria,P0238,test
Endodontics/lyria__P0074__b0.png,Endodontics,lyria,P0074,test
Endodontics/lyria__P0074__b1.png,Endodontics,lyria,P0074,test
Endodontics/lyria__P0074__b2.png,Endodontics,lyria,P0074,test
Endodontics/lyria__P0074__b3.png,Endodontics,lyria,P0074,test
Endodontics/lyria__P0074__b4.png,Endodontics,lyria,P0074,test
Healthy/lyria__P0074__b3.png,Healthy,lyria,P0074,test
Healthy/lyria__P0074__b1.png,Healthy,lyria,P0074,test
Healthy/lyria__P0300__b25.png,Healthy,lyria,P0300,test
Healthy/lyria__P0300__b23.png,Healthy,lyria,P0300,test
Healthy/lyria__P0039__b9.png,Healthy,lyria,P0039,test
Healthy/lyria__P0039__b5.png,Healthy,lyria,P0039,test
Healthy/lyria__P0727__b3.png,Healthy,lyria,P0727,test
Healthy/lyria__P0727__b4.png,Healthy,lyria,P0727,test
Endodontics/lyria__P0053__b0.png,Endodontics,lyria,P0053,test
Impacted/lyria__P0053__b0.png,Impacted,lyria,P0053,test
Healthy/lyria__P0053__b9.png,Healthy,lyria,P0053,test
Healthy/lyria__P0674__b1.png,Healthy,lyria,P0674,test
Healthy/lyria__P0674__b5.png,Healthy,lyria,P0674,test
Healthy/lyria__P0458__b5.png,Healthy,lyria,P0458,test
Healthy/lyria__P0458__b22.png,Healthy,lyria,P0458,test
Endodontics/lyria__P0592__b0.png,Endodontics,lyria,P0592,test
Endodontics/lyria__P0592__b1.png,Endodontics,lyria,P0592,test
Endodontics/lyria__P0592__b2.png,Endodontics,lyria,P0592,test
Healthy/lyria__P0592__b6.png,Healthy,lyria,P0592,test
Healthy/lyria__P0592__b5.png,Healthy,lyria,P0592,test
Healthy/lyria__P0495__b6.png,Healthy,lyria,P0495,test
Healthy/lyria__P0495__b10.png,Healthy,lyria,P0495,test
Healthy/lyria__P0476__b9.png,Healthy,lyria,P0476,test
Healthy/lyria__P0476__b21.png,Healthy,lyria,P0476,test
Healthy/lyria__P0760__b3.png,Healthy,lyria,P0760,test
Healthy/lyria__P0760__b2.png,Healthy,lyria,P0760,test
Impacted/lyria__P0079__b0.png,Impacted,lyria,P0079,test
Impacted/lyria__P0079__b1.png,Impacted,lyria,P0079,test
Impacted/lyria__P0079__b2.png,Impacted,lyria,P0079,test
Impacted/lyria__P0079__b3.png,Impacted,lyria,P0079,test
Healthy/lyria__P0079__b16.png,Healthy,lyria,P0079,test
Endodontics/lyria__P0753__b0.png,Endodontics,lyria,P0753,test
Endodontics/lyria__P0753__b1.png,Endodontics,lyria,P0753,test
Healthy/lyria__P0753__b4.png,Healthy,lyria,P0753,test
Healthy/lyria__P0753__b6.png,Healthy,lyria,P0753,test
Healthy/lyria__P0258__b1.png,Healthy,lyria,P0258,test
Healthy/lyria__P0258__b0.png,Healthy,lyria,P0258,test
Healthy/lyria__P0486__b17.png,Healthy,lyria,P0486,test
Healthy/lyria__P0486__b15.png,Healthy,lyria,P0486,test
Endodontics/lyria__P0037__b0.png,Endodontics,lyria,P0037,test
Healthy/lyria__P0037__b1.png,Healthy,lyria,P0037,test
Healthy/lyria__P0037__b4.png,Healthy,lyria,P0037,test
Endodontics/lyria__P0277__b0.png,Endodontics,lyria,P0277,test
Endodontics/lyria__P0277__b1.png,Endodontics,lyria,P0277,test
Endodontics/lyria__P0277__b2.png,Endodontics,lyria,P0277,test
Endodontics/lyria__P0277__b3.png,Endodontics,lyria,P0277,test
Endodontics/lyria__P0277__b4.png,Endodontics,lyria,P0277,test
Healthy/lyria__P0277__b2.png,Healthy,lyria,P0277,test
Healthy/lyria__P0277__b5.png,Healthy,lyria,P0277,test
Impacted/lyria__P0764__b0.png,Impacted,lyria,P0764,test
Impacted/lyria__P0764__b1.png,Impacted,lyria,P0764,test
Impacted/lyria__P0764__b2.png,Impacted,lyria,P0764,test
Healthy/lyria__P0764__b1.png,Healthy,lyria,P0764,test
Healthy/lyria__P0764__b7.png,Healthy,lyria,P0764,test
Endodontics/lyria__P0626__b0.png,Endodontics,lyria,P0626,test
Endodontics/lyria__P0626__b1.png,Endodontics,lyria,P0626,test
Healthy/lyria__P0626__b0.png,Healthy,lyria,P0626,test
Healthy/lyria__P0624__b9.png,Healthy,lyria,P0624,test
Healthy/lyria__P0725__b9.png,Healthy,lyria,P0725,test
Healthy/lyria__P0725__b1.png,Healthy,lyria,P0725,test
Implant/dentex__126.png,Implant,dentex,dentex_126,test
Endodontics/lyria__P0194__b0.png,Endodontics,lyria,P0194,test
Endodontics/lyria__P0194__b1.png,Endodontics,lyria,P0194,test
Endodontics/lyria__P0194__b2.png,Endodontics,lyria,P0194,test
Healthy/lyria__P0194__b5.png,Healthy,lyria,P0194,test
Healthy/lyria__P0194__b10.png,Healthy,lyria,P0194,test
Endodontics/lyria__P0041__b0.png,Endodontics,lyria,P0041,test
Healthy/lyria__P0041__b0.png,Healthy,lyria,P0041,test
Healthy/lyria__P0041__b1.png,Healthy,lyria,P0041,test
Healthy/lyria__P0658__b20.png,Healthy,lyria,P0658,test
Healthy/lyria__P0658__b4.png,Healthy,lyria,P0658,test
Endodontics/lyria__P0232__b0.png,Endodontics,lyria,P0232,test
Healthy/lyria__P0232__b0.png,Healthy,lyria,P0232,test
Healthy/lyria__P0232__b3.png,Healthy,lyria,P0232,test
Healthy/lyria__P0481__b10.png,Healthy,lyria,P0481,test
Healthy/lyria__P0481__b20.png,Healthy,lyria,P0481,test
Healthy/lyria__P0586__b15.png,Healthy,lyria,P0586,test
Healthy/lyria__P0586__b16.png,Healthy,lyria,P0586,test
Healthy/lyria__P0616__b2.png,Healthy,lyria,P0616,test
Healthy/lyria__P0616__b1.png,Healthy,lyria,P0616,test
Impacted/lyria__P0477__b0.png,Impacted,lyria,P0477,test
Impacted/lyria__P0477__b1.png,Impacted,lyria,P0477,test
Healthy/lyria__P0477__b21.png,Healthy,lyria,P0477,test
Healthy/lyria__P0477__b8.png,Healthy,lyria,P0477,test
