filepath,class,source,group,origin,frozen
Impacted/lyria__P0491__b0.png,Impacted,lyria,lyria:P0491,primary,0
Endodontics/lyria__P0051__b0.png,Endodontics,lyria,lyria:P0051,primary,0
Endodontics/lyria__P0051__b1.png,Endodontics,lyria,lyria:P0051,primary,0
Endodontics/lyria__P0051__b2.png,Endodontics,lyria,lyria:P0051,primary,0
Endodontics/lyria__P0051__b3.png,Endodontics,lyria,lyria:P0051,primary,0
Endodontics/lyria__P0051__b4.png,Endodontics,lyria,lyria:P0051,primary,0
Endodontics/lyria__P0051__b5.png,Endodontics,lyria,lyria:P0051,primary,0
Endodontics/lyria__P0051__b6.png,Endodontics,lyria,lyria:P0051,primary,0
Endodontics/lyria__P0051__b7.png,Endodontics,lyria,lyria:P0051,primary,0
Endodontics/lyria__P0051__b8.png,Endodontics,lyria,lyria:P0051,primary,0
Impacted/lyria__P0496__b0.png,Impacted,lyria,lyria:P0496,primary,0
Impacted/lyria__P0496__b1.png,Impacted,lyria,lyria:P0496,primary,0
Impacted/lyria__P0497__b0.png,Impacted,lyria,lyria:P0497,primary,0
Impacted/lyria__P0497__b1.png,Impacted,lyria,lyria:P0497,primary,0
Impacted/lyria__P0497__b2.png,Impacted,lyria,lyria:P0497,primary,0
Impacted/lyria__P0497__b3.png,Impacted,lyria,lyria:P0497,primary,0
Impacted/lyria__P0498__b0.png,Impacted,lyria,lyria:P0498,primary,0
Impacted/lyria__P0498__b1.png,Impacted,lyria,lyria:P0498,primary,0
Impacted/lyria__P0498__b2.png,Impacted,lyria,lyria:P0498,primary,0
Impacted/lyria__P0498__b3.png,Impacted,lyria,lyria:P0498,primary,0
Impacted/lyria__P0499__b0.png,Impacted,lyria,lyria:P0499,primary,0
Impacted/lyria__P0502__b0.png,Impacted,lyria,lyria:P0502,primary,0
Impacted/lyria__P0502__b1.png,Impacted,lyria,lyria:P0502,primary,0
Impacted/lyria__P0503__b0.png,Impacted,lyria,lyria:P0503,primary,0
Impacted/lyria__P0503__b1.png,Impacted,lyria,lyria:P0503,primary,0
Impacted/lyria__P0504__b0.png,Impacted,lyria,lyria:P0504,primary,0
Impacted/lyria__P0504__b1.png,Impacted,lyria,lyria:P0504,primary,0
Impacted/lyria__P0505__b0.png,Impacted,lyria,lyria:P0505,primary,0
Impacted/lyria__P0505__b1.png,Impacted,lyria,lyria:P0505,primary,0
Impacted/lyria__P0505__b2.png,Impacted,lyria,lyria:P0505,primary,0
Impacted/lyria__P0505__b3.png,Impacted,lyria,lyria:P0505,primary,0
Impacted/lyria__P0507__b0.png,Impacted,lyria,lyria:P0507,primary,0
Impacted/lyria__P0507__b1.png,Impacted,lyria,lyria:P0507,primary,0
Impacted/lyria__P0508__b0.png,Impacted,lyria,lyria:P0508,primary,0
Impacted/lyria__P0508__b1.png,Impacted,lyria,lyria:P0508,primary,0
Impacted/lyria__P0509__b0.png,Impacted,lyria,lyria:P0509,primary,0
Impacted/lyria__P0509__b1.png,Impacted,lyria,lyria:P0509,primary,0
Impacted/lyria__P0511__b0.png,Impacted,lyria,lyria:P0511,primary,0
Impacted/lyria__P0511__b1.png,Impacted,lyria,lyria:P0511,primary,0
Impacted/lyria__P0512__b0.png,Impacted,lyria,lyria:P0512,primary,0
Impacted/lyria__P0512__b1.png,Impacted,lyria,lyria:P0512,primary,0
Endodontics/lyria__P0053__b0.png,Endodontics,lyria,lyria:P0053,primary,0
Impacted/lyria__P0053__b0.png,Impacted,lyria,lyria:P0053,primary,0
Endodontics/lyria__P0054__b0.png,Endodontics,lyria,lyria:P0054,primary,0
Endodontics/lyria__P0054__b1.png,Endodontics,lyria,lyria:P0054,primary,0
Endodontics/lyria__P0054__b2.png,Endodontics,lyria,lyria:P0054,primary,0
Endodontics/lyria__P0054__b3.png,Endodontics,lyria,lyria:P0054,primary,0
Endodontics/lyria__P0054__b4.png,Endodontics,lyria,lyria:P0054,primary,0
Endodontics/lyria__P0054__b5.png,Endodontics,lyria,lyria:P0054,primary,0
Endodontics/lyria__P0054__b6.png,Endodontics,lyria,lyria:P0054,primary,0
Endodontics/lyria__P0518__b0.png,Endodontics,lyria,lyria:P0518,primary,0
Endodontics/lyria__P0518__b1.png,Endodontics,lyria,lyria:P0518,primary,0
Implant/lyria__P0520__b0.png,Implant,lyria,lyria:P0520,primary,0
Endodontics/lyria__P0521__b0.png,Endodontics,lyria,lyria:P0521,primary,0
Endodontics/lyria__P0521__b1.png,Endodontics,lyria,lyria:P0521,primary,0
Endodontics/lyria__P0522__b0.png,Endodontics,lyria,lyria:P0522,primary,0
Endodontics/lyria__P0522__b1.png,Endodontics,lyria,lyria:P0522,primary,0
Endodontics/lyria__P0522__b2.png,Endodontics,lyria,lyria:P0522,primary,0
Endodontics/lyria__P0522__b3.png,Endodontics,lyria,lyria:P0522,primary,0
Endodontics/lyria__P0522__b4.png,Endodontics,lyria,lyria:P0522,primary,0
Endodontics/lyria__P0522__b5.png,Endodontics,lyria,lyria:P0522,primary,0
Endodontics/lyria__P0522__b6.png,Endodontics,lyria,lyria:P0522,primary,0
Endodontics/lyria__P0522__b7.png,Endodontics,lyria,lyria:P0522,primary,0
Endodontics/lyria__P0522__b8.png,Endodontics,lyria,lyria:P0522,primary,0
Endodontics/lyria__P0522__b9.png,Endodontics,lyria,lyria:P0522,primary,0
Endodontics/lyria__P0523__b0.png,Endodontics,lyria,lyria:P0523,primary,0
Endodontics/lyria__P0523__b1.png,Endodontics,lyria,lyria:P0523,primary,0
Endodontics/lyria__P0523__b2.png,Endodontics,lyria,lyria:P0523,primary,0
Endodontics/lyria__P0523__b3.png,Endodontics,lyria,lyria:P0523,primary,0
Endodontics/lyria__P0523__b4.png,Endodontics,lyria,lyria:P0523,primary,0
Endodontics/lyria__P0523__b5.png,Endodontics,lyria,lyria:P0523,primary,0
Endodontics/lyria__P0523__b6.png,Endodontics,lyria,lyria:P0523,primary,0
Endodontics/lyria__P0524__b0.png,Endodontics,lyria,lyria:P0524,primary,0
Impacted/lyria__P0525__b0.png,Impacted,lyria,lyria:P0525,primary,0
Impacted/lyria__P0525__b1.png,Impacted,lyria,lyria:P0525,primary,0
Impacted/lyria__P0525__b2.png,Impacted,lyria,lyria:P0525,primary,0
Impacted/lyria__P0525__b3.png,Impacted,lyria,lyria:P0525,primary,0
Endodontics/lyria__P0527__b0.png,Endodontics,lyria,lyria:P0527,primary,0
Endodontics/lyria__P0527__b1.png,Endodontics,lyria,lyria:P0527,primary,0
Endodontics/lyria__P0527__b2.png,Endodontics,lyria,lyria:P0527,primary,0
Impacted/lyria__P0527__b0.png,Impacted,lyria,lyria:P0527,primary,0
Impacted/lyria__P0055__b0.png,Impacted,lyria,lyria:P0055,primary,0
Impacted/lyria__P0055__b1.png,Impacted,lyria,lyria:P0055,primary,0
Endodontics/lyria__P0530__b0.png,Endodontics,lyria,lyria:P0530,primary,0
Endodontics/lyria__P0530__b1.png,Endodontics,lyria,lyria:P0530,primary,0
Endodontics/lyria__P0530__b2.png,Endodontics,lyria,lyria:P0530,primary,0
Endodontics/lyria__P0530__b3.png,Endodontics,lyria,lyria:P0530,primary,0
Endodontics/lyria__P0530__b4.png,Endodontics,lyria,lyria:P0530,primary,0
Endodontics/lyria__P0530__b5.png,Endodontics,lyria,lyria:P0530,primary,0
Endodontics/lyria__P0530__b6.png,Endodontics,lyria,lyria:P0530,primary,0
Endodontics/lyria__P0530__b7.png,Endodontics,lyria,lyria:P0530,primary,0
Implant/lyria__P0530__b0.png,Implant,lyria,lyria:P0530,primary,0
Implant/lyria__P0530__b1.png,Implant,lyria,lyria:P0530,primary,0
Endodontics/lyria__P0531__b0.png,Endodontics,lyria,lyria:P0531,primary,0
Endodontics/lyria__P0531__b1.png,Endodontics,lyria,lyria:P0531,primary,0
Endodontics/lyria__P0531__b2.png,Endodontics,lyria,lyria:P0531,primary,0
Implant/lyria__P0531__b0.png,Implant,lyria,lyria:P0531,primary,0
Endodontics/lyria__P0531__b3.png,Endodontics,lyria,lyria:P0531,primary,0
Impacted/lyria__P0056__b0.png,Impacted,lyria,lyria:P0056,primary,0
Endodontics/lyria__P0533__b0.png,Endodontics,lyria,lyria:P0533,primary,0
Endodontics/lyria__P0533__b1.png,Endodontics,lyria,lyria:P0533,primary,0
Endodontics/lyria__P0533__b2.png,Endodontics,lyria,lyria:P0533,primary,0
Endodontics/lyria__P0533__b3.png,Endodontics,lyria,lyria:P0533,primary,0
Endodontics/lyria__P0536__b0.png,Endodontics,lyria,lyria:P0536,primary,0
Endodontics/lyria__P0536__b1.png,Endodontics,lyria,lyria:P0536,primary,0
Endodontics/lyria__P0537__b0.png,Endodontics,lyria,lyria:P0537,primary,0
Endodontics/lyria__P0538__b0.png,Endodontics,lyria,lyria:P0538,primary,0
Endodontics/lyria__P0538__b1.png,Endodontics,lyria,lyria:P0538,primary,0
Endodontics/lyria__P0539__b0.png,Endodontics,lyria,lyria:P0539,primary,0
Endodontics/lyria__P0540__b0.png,Endodontics,lyria,lyria:P0540,primary,0
Endodontics/lyria__P0540__b1.png,Endodontics,lyria,lyria:P0540,primary,0
Endodontics/lyria__P0540__b2.png,Endodontics,lyria,lyria:P0540,primary,0
Impacted/lyria__P0542__b0.png,Impacted,lyria,lyria:P0542,primary,0
Impacted/lyria__P0542__b1.png,Impacted,lyria,lyria:P0542,primary,0
Endodontics/lyria__P0543__b0.png,Endodontics,lyria,lyria:P0543,primary,0
Endodontics/lyria__P0543__b1.png,Endodontics,lyria,lyria:P0543,primary,0
Endodontics/lyria__P0543__b2.png,Endodontics,lyria,lyria:P0543,primary,0
Endodontics/lyria__P0543__b3.png,Endodontics,lyria,lyria:P0543,primary,0
Endodontics/lyria__P0544__b0.png,Endodontics,lyria,lyria:P0544,primary,0
Implant/lyria__P0057__b0.png,Implant,lyria,lyria:P0057,primary,0
Endodontics/lyria__P0545__b0.png,Endodontics,lyria,lyria:P0545,primary,0
Endodontics/lyria__P0545__b1.png,Endodontics,lyria,lyria:P0545,primary,0
Endodontics/lyria__P0545__b2.png,Endodontics,lyria,lyria:P0545,primary,0
Endodontics/lyria__P0545__b3.png,Endodontics,lyria,lyria:P0545,primary,0
Endodontics/lyria__P0546__b0.png,Endodontics,lyria,lyria:P0546,primary,0
Endodontics/lyria__P0546__b1.png,Endodontics,lyria,lyria:P0546,primary,0
Endodontics/lyria__P0546__b2.png,Endodontics,lyria,lyria:P0546,primary,0
Endodontics/lyria__P0546__b3.png,Endodontics,lyria,lyria:P0546,primary,0
Endodontics/lyria__P0546__b4.png,Endodontics,lyria,lyria:P0546,primary,0
Endodontics/lyria__P0546__b5.png,Endodontics,lyria,lyria:P0546,primary,0
Endodontics/lyria__P0547__b0.png,Endodontics,lyria,lyria:P0547,primary,0
Endodontics/lyria__P0547__b1.png,Endodontics,lyria,lyria:P0547,primary,0
Endodontics/lyria__P0547__b2.png,Endodontics,lyria,lyria:P0547,primary,0
Endodontics/lyria__P0547__b3.png,Endodontics,lyria,lyria:P0547,primary,0
Endodontics/lyria__P0548__b0.png,Endodontics,lyria,lyria:P0548,primary,0
Endodontics/lyria__P0549__b0.png,Endodontics,lyria,lyria:P0549,primary,0
Endodontics/lyria__P0550__b0.png,Endodontics,lyria,lyria:P0550,primary,0
Endodontics/lyria__P0550__b1.png,Endodontics,lyria,lyria:P0550,primary,0
Endodontics/lyria__P0550__b2.png,Endodontics,lyria,lyria:P0550,primary,0
Endodontics/lyria__P0550__b3.png,Endodontics,lyria,lyria:P0550,primary,0
Endodontics/lyria__P0550__b4.png,Endodontics,lyria,lyria:P0550,primary,0
Endodontics/lyria__P0551__b0.png,Endodontics,lyria,lyria:P0551,primary,0
Endodontics/lyria__P0551__b1.png,Endodontics,lyria,lyria:P0551,primary,0
Endodontics/lyria__P0551__b2.png,Endodontics,lyria,lyria:P0551,primary,0
Endodontics/lyria__P0551__b3.png,Endodontics,lyria,lyria:P0551,primary,0
Endodontics/lyria__P0552__b0.png,Endodontics,lyria,lyria:P0552,primary,0
Endodontics/lyria__P0553__b0.png,Endodontics,lyria,lyria:P0553,primary,0
Endodontics/lyria__P0553__b1.png,Endodontics,lyria,lyria:P0553,primary,0
Endodontics/lyria__P0554__b0.png,Endodontics,lyria,lyria:P0554,primary,0
Endodontics/lyria__P0555__b0.png,Endodontics,lyria,lyria:P0555,primary,0
Endodontics/lyria__P0555__b1.png,Endodontics,lyria,lyria:P0555,primary,0
Endodontics/lyria__P0555__b2.png,Endodontics,lyria,lyria:P0555,primary,0
Endodontics/lyria__P0556__b0.png,Endodontics,lyria,lyria:P0556,primary,0
Endodontics/lyria__P0556__b1.png,Endodontics,lyria,lyria:P0556,primary,0
Endodontics/lyria__P0557__b0.png,Endodontics,lyria,lyria:P0557,primary,0
Endodontics/lyria__P0557__b1.png,Endodontics,lyria,lyria:P0557,primary,0
Impacted/lyria__P0557__b0.png,Impacted,lyria,lyria:P0557,primary,0
Endodontics/lyria__P0558__b0.png,Endodontics,lyria,lyria:P0558,primary,0
Endodontics/lyria__P0558__b1.png,Endodontics,lyria,lyria:P0558,primary,0
Endodontics/lyria__P0558__b2.png,Endodontics,lyria,lyria:P0558,primary,0
Endodontics/lyria__P0559__b0.png,Endodontics,lyria,lyria:P0559,primary,0
Endodontics/lyria__P0560__b0.png,Endodontics,lyria,lyria:P0560,primary,0
Endodontics/lyria__P0560__b1.png,Endodontics,lyria,lyria:P0560,primary,0
Endodontics/lyria__P0560__b2.png,Endodontics,lyria,lyria:P0560,primary,0
Endodontics/lyria__P0560__b3.png,Endodontics,lyria,lyria:P0560,primary,0
Endodontics/lyria__P0560__b4.png,Endodontics,lyria,lyria:P0560,primary,0
Endodontics/lyria__P0560__b5.png,Endodontics,lyria,lyria:P0560,primary,0
Endodontics/lyria__P0560__b6.png,Endodontics,lyria,lyria:P0560,primary,0
Endodontics/lyria__P0561__b0.png,Endodontics,lyria,lyria:P0561,primary,0
Endodontics/lyria__P0562__b0.png,Endodontics,lyria,lyria:P0562,primary,0
Endodontics/lyria__P0562__b1.png,Endodontics,lyria,lyria:P0562,primary,0
Endodontics/lyria__P0563__b0.png,Endodontics,lyria,lyria:P0563,primary,0
Endodontics/lyria__P0564__b0.png,Endodontics,lyria,lyria:P0564,primary,0
Endodontics/lyria__P0564__b1.png,Endodontics,lyria,lyria:P0564,primary,0
Endodontics/lyria__P0565__b0.png,Endodontics,lyria,lyria:P0565,primary,0
Endodontics/lyria__P0565__b1.png,Endodontics,lyria,lyria:P0565,primary,0
Endodontics/lyria__P0565__b2.png,Endodontics,lyria,lyria:P0565,primary,0
Endodontics/lyria__P0566__b0.png,Endodontics,lyria,lyria:P0566,primary,0
Endodontics/lyria__P0566__b1.png,Endodontics,lyria,lyria:P0566,primary,0
Endodontics/lyria__P0566__b2.png,Endodontics,lyria,lyria:P0566,primary,0
Implant/lyria__P0566__b0.png,Implant,lyria,lyria:P0566,primary,0
Endodontics/lyria__P0566__b3.png,Endodontics,lyria,lyria:P0566,primary,0
Endodontics/lyria__P0566__b4.png,Endodontics,lyria,lyria:P0566,primary,0
Endodontics/lyria__P0566__b5.png,Endodontics,lyria,lyria:P0566,primary,0
Endodontics/lyria__P0566__b6.png,Endodontics,lyria,lyria:P0566,primary,0
Endodontics/lyria__P0567__b0.png,Endodontics,lyria,lyria:P0567,primary,0
Endodontics/lyria__P0567__b1.png,Endodontics,lyria,lyria:P0567,primary,0
Endodontics/lyria__P0567__b2.png,Endodontics,lyria,lyria:P0567,primary,0
Endodontics/lyria__P0568__b0.png,Endodontics,lyria,lyria:P0568,primary,0
Endodontics/lyria__P0568__b1.png,Endodontics,lyria,lyria:P0568,primary,0
Endodontics/lyria__P0569__b0.png,Endodontics,lyria,lyria:P0569,primary,0
Endodontics/lyria__P0569__b1.png,Endodontics,lyria,lyria:P0569,primary,0
Endodontics/lyria__P0570__b0.png,Endodontics,lyria,lyria:P0570,primary,0
Endodontics/lyria__P0570__b1.png,Endodontics,lyria,lyria:P0570,primary,0
Endodontics/lyria__P0570__b2.png,Endodontics,lyria,lyria:P0570,primary,0
Endodontics/lyria__P0570__b3.png,Endodontics,lyria,lyria:P0570,primary,0
Endodontics/lyria__P0570__b4.png,Endodontics,lyria,lyria:P0570,primary,0
Endodontics/lyria__P0571__b0.png,Endodontics,lyria,lyria:P0571,primary,0
Endodontics/lyria__P0572__b0.png,Endodontics,lyria,lyria:P0572,primary,0
Endodontics/lyria__P0573__b0.png,Endodontics,lyria,lyria:P0573,primary,0
Endodontics/lyria__P0573__b1.png,Endodontics,lyria,lyria:P0573,primary,0
Endodontics/lyria__P0574__b0.png,Endodontics,lyria,lyria:P0574,primary,0
Endodontics/lyria__P0574__b1.png,Endodontics,lyria,lyria:P0574,primary,0
Endodontics/lyria__P0574__b2.png,Endodontics,lyria,lyria:P0574,primary,0
Endodontics/lyria__P0574__b3.png,Endodontics,lyria,lyria:P0574,primary,0
Endodontics/lyria__P0574__b4.png,Endodontics,lyria,lyria:P0574,primary,0
Endodontics/lyria__P0574__b5.png,Endodontics,lyria,lyria:P0574,primary,0
Impacted/lyria__P0577__b0.png,Impacted,lyria,lyria:P0577,primary,0
Endodontics/lyria__P0577__b0.png,Endodontics,lyria,lyria:P0577,primary,0
Impacted/lyria__P0577__b1.png,Impacted,lyria,lyria:P0577,primary,0
Endodontics/lyria__P0577__b1.png,Endodontics,lyria,lyria:P0577,primary,0
Endodontics/lyria__P0578__b0.png,Endodontics,lyria,lyria:P0578,primary,0
Endodontics/lyria__P0578__b1.png,Endodontics,lyria,lyria:P0578,primary,0
Endodontics/lyria__P0578__b2.png,Endodontics,lyria,lyria:P0578,primary,0
Impacted/lyria__P0579__b0.png,Impacted,lyria,lyria:P0579,primary,0
Impacted/lyria__P0579__b1.png,Impacted,lyria,lyria:P0579,primary,0
Impacted/lyria__P0579__b2.png,Impacted,lyria,lyria:P0579,primary,0
Impacted/lyria__P0579__b3.png,Impacted,lyria,lyria:P0579,primary,0
Endodontics/lyria__P0580__b0.png,Endodontics,lyria,lyria:P0580,primary,0
Endodontics/lyria__P0580__b1.png,Endodontics,lyria,lyria:P0580,primary,0
Endodontics/lyria__P0580__b2.png,Endodontics,lyria,lyria:P0580,primary,0
Impacted/lyria__P0060__b0.png,Impacted,lyria,lyria:P0060,primary,0
Impacted/lyria__P0060__b1.png,Impacted,lyria,lyria:P0060,primary,0
Impacted/lyria__P0060__b2.png,Impacted,lyria,lyria:P0060,primary,0
Impacted/lyria__P0060__b3.png,Impacted,lyria,lyria:P0060,primary,0
Impacted/lyria__P0060__b4.png,Impacted,lyria,lyria:P0060,primary,0
Endodontics/lyria__P0582__b0.png,Endodontics,lyria,lyria:P0582,primary,0
Endodontics/lyria__P0582__b1.png,Endodontics,lyria,lyria:P0582,primary,0
Endodontics/lyria__P0582__b2.png,Endodontics,lyria,lyria:P0582,primary,0
Impacted/lyria__P0585__b0.png,Impacted,lyria,lyria:P0585,primary,0
Impacted/lyria__P0585__b1.png,Impacted,lyria,lyria:P0585,primary,0
Impacted/lyria__P0585__b2.png,Impacted,lyria,lyria:P0585,primary,0
Endodontics/lyria__P0001__b0.png,Endodontics,lyria,lyria:P0001,primary,0
Endodontics/lyria__P0061__b0.png,Endodontics,lyria,lyria:P0061,primary,0
Endodontics/lyria__P0061__b1.png,Endodontics,lyria,lyria:P0061,primary,0
Endodontics/lyria__P0061__b2.png,Endodontics,lyria,lyria:P0061,primary,0
Endodontics/lyria__P0588__b0.png,Endodontics,lyria,lyria:P0588,primary,0
Endodontics/lyria__P0588__b1.png,Endodontics,lyria,lyria:P0588,primary,0
Endodontics/lyria__P0588__b2.png,Endodontics,lyria,lyria:P0588,primary,0
Endodontics/lyria__P0591__b0.png,Endodontics,lyria,lyria:P0591,primary,0
Endodontics/lyria__P0591__b1.png,Endodontics,lyria,lyria:P0591,primary,0
Endodontics/lyria__P0591__b2.png,Endodontics,lyria,lyria:P0591,primary,0
Endodontics/lyria__P0591__b3.png,Endodontics,lyria,lyria:P0591,primary,0
Endodontics/lyria__P0591__b4.png,Endodontics,lyria,lyria:P0591,primary,0
Endodontics/lyria__P0591__b5.png,Endodontics,lyria,lyria:P0591,primary,0
Endodontics/lyria__P0591__b6.png,Endodontics,lyria,lyria:P0591,primary,0
Endodontics/lyria__P0591__b7.png,Endodontics,lyria,lyria:P0591,primary,0
Endodontics/lyria__P0591__b8.png,Endodontics,lyria,lyria:P0591,primary,0
Endodontics/lyria__P0591__b9.png,Endodontics,lyria,lyria:P0591,primary,0
Endodontics/lyria__P0592__b0.png,Endodontics,lyria,lyria:P0592,primary,0
Endodontics/lyria__P0592__b1.png,Endodontics,lyria,lyria:P0592,primary,0
Endodontics/lyria__P0592__b2.png,Endodontics,lyria,lyria:P0592,primary,0
Endodontics/lyria__P0595__b0.png,Endodontics,lyria,lyria:P0595,primary,0
Impacted/lyria__P0596__b0.png,Impacted,lyria,lyria:P0596,primary,0
Endodontics/lyria__P0596__b0.png,Endodontics,lyria,lyria:P0596,primary,0
Endodontics/lyria__P0596__b1.png,Endodontics,lyria,lyria:P0596,primary,0
Endodontics/lyria__P0596__b2.png,Endodontics,lyria,lyria:P0596,primary,0
Endodontics/lyria__P0596__b3.png,Endodontics,lyria,lyria:P0596,primary,0
Impacted/lyria__P0596__b1.png,Impacted,lyria,lyria:P0596,primary,0
Impacted/lyria__P0597__b0.png,Impacted,lyria,lyria:P0597,primary,0
Impacted/lyria__P0597__b1.png,Impacted,lyria,lyria:P0597,primary,0
Impacted/lyria__P0597__b2.png,Impacted,lyria,lyria:P0597,primary,0
Endodontics/lyria__P0599__b0.png,Endodontics,lyria,lyria:P0599,primary,0
Endodontics/lyria__P0603__b0.png,Endodontics,lyria,lyria:P0603,primary,0
Endodontics/lyria__P0603__b1.png,Endodontics,lyria,lyria:P0603,primary,0
Impacted/lyria__P0604__b0.png,Impacted,lyria,lyria:P0604,primary,0
Endodontics/lyria__P0604__b0.png,Endodontics,lyria,lyria:P0604,primary,0
Impacted/lyria__P0604__b1.png,Impacted,lyria,lyria:P0604,primary,0
Endodontics/lyria__P0605__b0.png,Endodontics,lyria,lyria:P0605,primary,0
Endodontics/lyria__P0605__b1.png,Endodontics,lyria,lyria:P0605,primary,0
Endodontics/lyria__P0605__b2.png,Endodontics,lyria,lyria:P0605,primary,0
Endodontics/lyria__P0605__b3.png,Endodontics,lyria,lyria:P0605,primary,0
Endodontics/lyria__P0605__b4.png,Endodontics,lyria,lyria:P0605,primary,0
Endodontics/lyria__P0605__b5.png,Endodontics,lyria,lyria:P0605,primary,0
Endodontics/lyria__P0606__b0.png,Endodontics,lyria,lyria:P0606,primary,0
Endodontics/lyria__P0606__b1.png,Endodontics,lyria,lyria:P0606,primary,0
Endodontics/lyria__P0610__b0.png,Endodontics,lyria,lyria:P0610,primary,0
Endodontics/lyria__P0610__b1.png,Endodontics,lyria,lyria:P0610,primary,0
Impacted/lyria__P0610__b0.png,Impacted,lyria,lyria:P0610,primary,0
Endodontics/lyria__P0610__b2.png,Endodontics,lyria,lyria:P0610,primary,0
Endodontics/lyria__P0610__b3.png,Endodontics,lyria,lyria:P0610,primary,0
Endodontics/lyria__P0611__b0.png,Endodontics,lyria,lyria:P0611,primary,0
Endodontics/lyria__P0615__b0.png,Endodontics,lyria,lyria:P0615,primary,0
Endodontics/lyria__P0615__b1.png,Endodontics,lyria,lyria:P0615,primary,0
Endodontics/lyria__P0620__b0.png,Endodontics,lyria,lyria:P0620,primary,0
Endodontics/lyria__P0622__b0.png,Endodontics,lyria,lyria:P0622,primary,0
Endodontics/lyria__P0622__b1.png,Endodontics,lyria,lyria:P0622,primary,0
Endodontics/lyria__P0622__b2.png,Endodontics,lyria,lyria:P0622,primary,0
Endodontics/lyria__P0626__b0.png,Endodontics,lyria,lyria:P0626,primary,0
Endodontics/lyria__P0626__b1.png,Endodontics,lyria,lyria:P0626,primary,0
Endodontics/lyria__P0627__b0.png,Endodontics,lyria,lyria:P0627,primary,0
Endodontics/lyria__P0627__b1.png,Endodontics,lyria,lyria:P0627,primary,0
Endodontics/lyria__P0628__b0.png,Endodontics,lyria,lyria:P0628,primary,0
Endodontics/lyria__P0628__b1.png,Endodontics,lyria,lyria:P0628,primary,0
Endodontics/lyria__P0630__b0.png,Endodontics,lyria,lyria:P0630,primary,0
Endodontics/lyria__P0631__b0.png,Endodontics,lyria,lyria:P0631,primary,0
Endodontics/lyria__P0633__b0.png,Endodontics,lyria,lyria:P0633,primary,0
Endodontics/lyria__P0633__b1.png,Endodontics,lyria,lyria:P0633,primary,0
Implant/lyria__P0063__b0.png,Implant,lyria,lyria:P0063,primary,0
Endodontics/lyria__P0063__b0.png,Endodontics,lyria,lyria:P0063,primary,0
Implant/lyria__P0063__b1.png,Implant,lyria,lyria:P0063,primary,0
Endodontics/lyria__P0063__b1.png,Endodontics,lyria,lyria:P0063,primary,0
Endodontics/lyria__P0063__b2.png,Endodontics,lyria,lyria:P0063,primary,0
Implant/lyria__P0063__b2.png,Implant,lyria,lyria:P0063,primary,0
Endodontics/lyria__P0637__b0.png,Endodontics,lyria,lyria:P0637,primary,0
Impacted/lyria__P0638__b0.png,Impacted,lyria,lyria:P0638,primary,0
Impacted/lyria__P0638__b1.png,Impacted,lyria,lyria:P0638,primary,0
Endodontics/lyria__P0639__b0.png,Endodontics,lyria,lyria:P0639,primary,0
Endodontics/lyria__P0639__b1.png,Endodontics,lyria,lyria:P0639,primary,0
Endodontics/lyria__P0639__b2.png,Endodontics,lyria,lyria:P0639,primary,0
Endodontics/lyria__P0640__b0.png,Endodontics,lyria,lyria:P0640,primary,0
Endodontics/lyria__P0640__b1.png,Endodontics,lyria,lyria:P0640,primary,0
Endodontics/lyria__P0640__b2.png,Endodontics,lyria,lyria:P0640,primary,0
Endodontics/lyria__P0640__b3.png,Endodontics,lyria,lyria:P0640,primary,0
Impacted/lyria__P0002__b0.png,Impacted,lyria,lyria:P0002,primary,0
Impacted/lyria__P0002__b1.png,Impacted,lyria,lyria:P0002,primary,0
Impacted/lyria__P0002__b2.png,Impacted,lyria,lyria:P0002,primary,0
Impacted/lyria__P0002__b3.png,Impacted,lyria,lyria:P0002,primary,0
Endodontics/lyria__P0065__b0.png,Endodontics,lyria,lyria:P0065,primary,0
Endodontics/lyria__P0065__b1.png,Endodontics,lyria,lyria:P0065,primary,0
Endodontics/lyria__P0644__b0.png,Endodontics,lyria,lyria:P0644,primary,0
Endodontics/lyria__P0644__b1.png,Endodontics,lyria,lyria:P0644,primary,0
Endodontics/lyria__P0644__b2.png,Endodontics,lyria,lyria:P0644,primary,0
Endodontics/lyria__P0644__b3.png,Endodontics,lyria,lyria:P0644,primary,0
Endodontics/lyria__P0644__b4.png,Endodontics,lyria,lyria:P0644,primary,0
Endodontics/lyria__P0644__b5.png,Endodontics,lyria,lyria:P0644,primary,0
Endodontics/lyria__P0644__b6.png,Endodontics,lyria,lyria:P0644,primary,0
Endodontics/lyria__P0645__b0.png,Endodontics,lyria,lyria:P0645,primary,0
Endodontics/lyria__P0645__b1.png,Endodontics,lyria,lyria:P0645,primary,0
Endodontics/lyria__P0645__b2.png,Endodontics,lyria,lyria:P0645,primary,0
Endodontics/lyria__P0645__b3.png,Endodontics,lyria,lyria:P0645,primary,0
Endodontics/lyria__P0645__b4.png,Endodontics,lyria,lyria:P0645,primary,0
Endodontics/lyria__P0645__b5.png,Endodontics,lyria,lyria:P0645,primary,0
Endodontics/lyria__P0645__b6.png,Endodontics,lyria,lyria:P0645,primary,0
Endodontics/lyria__P0647__b0.png,Endodontics,lyria,lyria:P0647,primary,0
Endodontics/lyria__P0647__b1.png,Endodontics,lyria,lyria:P0647,primary,0
Endodontics/lyria__P0647__b2.png,Endodontics,lyria,lyria:P0647,primary,0
Endodontics/lyria__P0649__b0.png,Endodontics,lyria,lyria:P0649,primary,0
Endodontics/lyria__P0649__b1.png,Endodontics,lyria,lyria:P0649,primary,0
Endodontics/lyria__P0651__b0.png,Endodontics,lyria,lyria:P0651,primary,0
Endodontics/lyria__P0652__b0.png,Endodontics,lyria,lyria:P0652,primary,0
Endodontics/lyria__P0652__b1.png,Endodontics,lyria,lyria:P0652,primary,0
Endodontics/lyria__P0652__b2.png,Endodontics,lyria,lyria:P0652,primary,0
Endodontics/lyria__P0652__b3.png,Endodontics,lyria,lyria:P0652,primary,0
Endodontics/lyria__P0652__b4.png,Endodontics,lyria,lyria:P0652,primary,0
Endodontics/lyria__P0652__b5.png,Endodontics,lyria,lyria:P0652,primary,0
Endodontics/lyria__P0652__b6.png,Endodontics,lyria,lyria:P0652,primary,0
Endodontics/lyria__P0652__b7.png,Endodontics,lyria,lyria:P0652,primary,0
Endodontics/lyria__P0066__b0.png,Endodontics,lyria,lyria:P0066,primary,0
Endodontics/lyria__P0655__b0.png,Endodontics,lyria,lyria:P0655,primary,0
Endodontics/lyria__P0655__b1.png,Endodontics,lyria,lyria:P0655,primary,0
Implant/lyria__P0655__b0.png,Implant,lyria,lyria:P0655,primary,0
Implant/lyria__P0655__b1.png,Implant,lyria,lyria:P0655,primary,0
Implant/lyria__P0655__b2.png,Implant,lyria,lyria:P0655,primary,0
Implant/lyria__P0655__b3.png,Implant,lyria,lyria:P0655,primary,0
Endodontics/lyria__P0656__b0.png,Endodontics,lyria,lyria:P0656,primary,0
Impacted/lyria__P0656__b0.png,Impacted,lyria,lyria:P0656,primary,0
Impacted/lyria__P0660__b0.png,Impacted,lyria,lyria:P0660,primary,0
Impacted/lyria__P0662__b0.png,Impacted,lyria,lyria:P0662,primary,0
Impacted/lyria__P0662__b1.png,Impacted,lyria,lyria:P0662,primary,0
Impacted/lyria__P0662__b2.png,Impacted,lyria,lyria:P0662,primary,0
Impacted/lyria__P0663__b0.png,Impacted,lyria,lyria:P0663,primary,0
Endodontics/lyria__P0664__b0.png,Endodontics,lyria,lyria:P0664,primary,0
Endodontics/lyria__P0665__b0.png,Endodontics,lyria,lyria:P0665,primary,0
Endodontics/lyria__P0665__b1.png,Endodontics,lyria,lyria:P0665,primary,0
Endodontics/lyria__P0665__b2.png,Endodontics,lyria,lyria:P0665,primary,0
Endodontics/lyria__P0665__b3.png,Endodontics,lyria,lyria:P0665,primary,0
Impacted/lyria__P0067__b0.png,Impacted,lyria,lyria:P0067,primary,0
Endodontics/lyria__P0067__b0.png,Endodontics,lyria,lyria:P0067,primary,0
Endodontics/lyria__P0666__b0.png,Endodontics,lyria,lyria:P0666,primary,0
Endodontics/lyria__P0668__b0.png,Endodontics,lyria,lyria:P0668,primary,0
Endodontics/lyria__P0668__b1.png,Endodontics,lyria,lyria:P0668,primary,0
Endodontics/lyria__P0668__b2.png,Endodontics,lyria,lyria:P0668,primary,0
Implant/lyria__P0668__b0.png,Implant,lyria,lyria:P0668,primary,0
Endodontics/lyria__P0668__b3.png,Endodontics,lyria,lyria:P0668,primary,0
Endodontics/lyria__P0668__b4.png,Endodontics,lyria,lyria:P0668,primary,0
Endodontics/lyria__P0668__b5.png,Endodontics,lyria,lyria:P0668,primary,0
Impacted/lyria__P0668__b0.png,Impacted,lyria,lyria:P0668,primary,0
Endodontics/lyria__P0668__b6.png,Endodontics,lyria,lyria:P0668,primary,0
Endodontics/lyria__P0669__b0.png,Endodontics,lyria,lyria:P0669,primary,0
Impacted/lyria__P0669__b0.png,Impacted,lyria,lyria:P0669,primary,0
Endodontics/lyria__P0669__b1.png,Endodontics,lyria,lyria:P0669,primary,0
Impacted/lyria__P0669__b1.png,Impacted,lyria,lyria:P0669,primary,0
Impacted/lyria__P0669__b2.png,Impacted,lyria,lyria:P0669,primary,0
Endodontics/lyria__P0675__b0.png,Endodontics,lyria,lyria:P0675,primary,0
Endodontics/lyria__P0675__b1.png,Endodontics,lyria,lyria:P0675,primary,0
Endodontics/lyria__P0675__b2.png,Endodontics,lyria,lyria:P0675,primary,0
Endodontics/lyria__P0675__b3.png,Endodontics,lyria,lyria:P0675,primary,0
Endodontics/lyria__P0675__b4.png,Endodontics,lyria,lyria:P0675,primary,0
Impacted/lyria__P0676__b0.png,Impacted,lyria,lyria:P0676,primary,0
Impacted/lyria__P0676__b1.png,Impacted,lyria,lyria:P0676,primary,0
Impacted/lyria__P0677__b0.png,Impacted,lyria,lyria:P0677,primary,0
Impacted/lyria__P0677__b1.png,Impacted,lyria,lyria:P0677,primary,0
Endodontics/lyria__P0678__b0.png,Endodontics,lyria,lyria:P0678,primary,0
Endodontics/lyria__P0678__b1.png,Endodontics,lyria,lyria:P0678,primary,0
Endodontics/lyria__P0069__b0.png,Endodontics,lyria,lyria:P0069,primary,0
Endodontics/lyria__P0069__b1.png,Endodontics,lyria,lyria:P0069,primary,0
Endodontics/lyria__P0680__b0.png,Endodontics,lyria,lyria:P0680,primary,0
Impacted/lyria__P0681__b0.png,Impacted,lyria,lyria:P0681,primary,0
Endodontics/lyria__P0683__b0.png,Endodontics,lyria,lyria:P0683,primary,0
Endodontics/lyria__P0070__b0.png,Endodontics,lyria,lyria:P0070,primary,0
Endodontics/lyria__P0685__b0.png,Endodontics,lyria,lyria:P0685,primary,0
Endodontics/lyria__P0685__b1.png,Endodontics,lyria,lyria:P0685,primary,0
Endodontics/lyria__P0686__b0.png,Endodontics,lyria,lyria:P0686,primary,0
Endodontics/lyria__P0687__b0.png,Endodontics,lyria,lyria:P0687,primary,0
Endodontics/lyria__P0687__b1.png,Endodontics,lyria,lyria:P0687,primary,0
Implant/lyria__P0071__b0.png,Implant,lyria,lyria:P0071,primary,0
Implant/lyria__P0071__b1.png,Implant,lyria,lyria:P0071,primary,0
Implant/lyria__P0071__b2.png,Implant,lyria,lyria:P0071,primary,0
Implant/lyria__P0071__b3.png,Implant,lyria,lyria:P0071,primary,0
Implant/lyria__P0071__b4.png,Implant,lyria,lyria:P0071,primary,0
Implant/lyria__P0071__b5.png,Implant,lyria,lyria:P0071,primary,0
Implant/lyria__P0071__b6.png,Implant,lyria,lyria:P0071,primary,0
Endodontics/lyria__P0071__b0.png,Endodontics,lyria,lyria:P0071,primary,0
Endodontics/lyria__P0071__b1.png,Endodontics,lyria,lyria:P0071,primary,0
Endodontics/lyria__P0689__b0.png,Endodontics,lyria,lyria:P0689,primary,0
Endodontics/lyria__P0689__b1.png,Endodontics,lyria,lyria:P0689,primary,0
Endodontics/lyria__P0689__b2.png,Endodontics,lyria,lyria:P0689,primary,0
Endodontics/lyria__P0689__b3.png,Endodontics,lyria,lyria:P0689,primary,0
Endodontics/lyria__P0689__b4.png,Endodontics,lyria,lyria:P0689,primary,0
Endodontics/lyria__P0689__b5.png,Endodontics,lyria,lyria:P0689,primary,0
Endodontics/lyria__P0689__b6.png,Endodontics,lyria,lyria:P0689,primary,0
Endodontics/lyria__P0689__b7.png,Endodontics,lyria,lyria:P0689,primary,0
Endodontics/lyria__P0689__b8.png,Endodontics,lyria,lyria:P0689,primary,0
Endodontics/lyria__P0692__b0.png,Endodontics,lyria,lyria:P0692,primary,0
Impacted/lyria__P0692__b0.png,Impacted,lyria,lyria:P0692,primary,0
Impacted/lyria__P0692__b1.png,Impacted,lyria,lyria:P0692,primary,0
Endodontics/lyria__P0692__b1.png,Endodontics,lyria,lyria:P0692,primary,0
Impacted/lyria__P0072__b0.png,Impacted,lyria,lyria:P0072,primary,0
Endodontics/lyria__P0072__b0.png,Endodontics,lyria,lyria:P0072,primary,0
Endodontics/lyria__P0072__b1.png,Endodontics,lyria,lyria:P0072,primary,0
Endodontics/lyria__P0072__b2.png,Endodontics,lyria,lyria:P0072,primary,0
Endodontics/lyria__P0072__b3.png,Endodontics,lyria,lyria:P0072,primary,0
Impacted/lyria__P0072__b1.png,Impacted,lyria,lyria:P0072,primary,0
Endodontics/lyria__P0695__b0.png,Endodontics,lyria,lyria:P0695,primary,0
Endodontics/lyria__P0695__b1.png,Endodontics,lyria,lyria:P0695,primary,0
Endodontics/lyria__P0695__b2.png,Endodontics,lyria,lyria:P0695,primary,0
Endodontics/lyria__P0695__b3.png,Endodontics,lyria,lyria:P0695,primary,0
Endodontics/lyria__P0696__b0.png,Endodontics,lyria,lyria:P0696,primary,0
Endodontics/lyria__P0698__b0.png,Endodontics,lyria,lyria:P0698,primary,0
Endodontics/lyria__P0698__b1.png,Endodontics,lyria,lyria:P0698,primary,0
Impacted/lyria__P0073__b0.png,Impacted,lyria,lyria:P0073,primary,0
Impacted/lyria__P0073__b1.png,Impacted,lyria,lyria:P0073,primary,0
Endodontics/lyria__P0699__b0.png,Endodontics,lyria,lyria:P0699,primary,0
Endodontics/lyria__P0700__b0.png,Endodontics,lyria,lyria:P0700,primary,0
Impacted/lyria__P0700__b0.png,Impacted,lyria,lyria:P0700,primary,0
Impacted/lyria__P0701__b0.png,Impacted,lyria,lyria:P0701,primary,0
Impacted/lyria__P0701__b1.png,Impacted,lyria,lyria:P0701,primary,0
Endodontics/lyria__P0701__b0.png,Endodontics,lyria,lyria:P0701,primary,0
Impacted/lyria__P0701__b2.png,Impacted,lyria,lyria:P0701,primary,0
Endodontics/lyria__P0701__b1.png,Endodontics,lyria,lyria:P0701,primary,0
Endodontics/lyria__P0701__b2.png,Endodontics,lyria,lyria:P0701,primary,0
Impacted/lyria__P0701__b3.png,Impacted,lyria,lyria:P0701,primary,0
Endodontics/lyria__P0702__b0.png,Endodontics,lyria,lyria:P0702,primary,0
Endodontics/lyria__P0702__b1.png,Endodontics,lyria,lyria:P0702,primary,0
Endodontics/lyria__P0702__b2.png,Endodontics,lyria,lyria:P0702,primary,0
Endodontics/lyria__P0702__b3.png,Endodontics,lyria,lyria:P0702,primary,0
Endodontics/lyria__P0703__b0.png,Endodontics,lyria,lyria:P0703,primary,0
Endodontics/lyria__P0704__b0.png,Endodontics,lyria,lyria:P0704,primary,0
Impacted/lyria__P0704__b0.png,Impacted,lyria,lyria:P0704,primary,0
Endodontics/lyria__P0705__b0.png,Endodontics,lyria,lyria:P0705,primary,0
Endodontics/lyria__P0705__b1.png,Endodontics,lyria,lyria:P0705,primary,0
Endodontics/lyria__P0705__b2.png,Endodontics,lyria,lyria:P0705,primary,0
Endodontics/lyria__P0705__b3.png,Endodontics,lyria,lyria:P0705,primary,0
Endodontics/lyria__P0706__b0.png,Endodontics,lyria,lyria:P0706,primary,0
Endodontics/lyria__P0706__b1.png,Endodontics,lyria,lyria:P0706,primary,0
Endodontics/lyria__P0706__b2.png,Endodontics,lyria,lyria:P0706,primary,0
Endodontics/lyria__P0706__b3.png,Endodontics,lyria,lyria:P0706,primary,0
Endodontics/lyria__P0706__b4.png,Endodontics,lyria,lyria:P0706,primary,0
Endodontics/lyria__P0708__b0.png,Endodontics,lyria,lyria:P0708,primary,0
Impacted/lyria__P0711__b0.png,Impacted,lyria,lyria:P0711,primary,0
Endodontics/lyria__P0711__b0.png,Endodontics,lyria,lyria:P0711,primary,0
Endodontics/lyria__P0074__b0.png,Endodontics,lyria,lyria:P0074,primary,0
Endodontics/lyria__P0074__b1.png,Endodontics,lyria,lyria:P0074,primary,0
Endodontics/lyria__P0074__b2.png,Endodontics,lyria,lyria:P0074,primary,0
Endodontics/lyria__P0074__b3.png,Endodontics,lyria,lyria:P0074,primary,0
Endodontics/lyria__P0074__b4.png,Endodontics,lyria,lyria:P0074,primary,0
Endodontics/lyria__P0712__b0.png,Endodontics,lyria,lyria:P0712,primary,0
Endodontics/lyria__P0712__b1.png,Endodontics,lyria,lyria:P0712,primary,0
Endodontics/lyria__P0713__b0.png,Endodontics,lyria,lyria:P0713,primary,0
Endodontics/lyria__P0714__b0.png,Endodontics,lyria,lyria:P0714,primary,0
Endodontics/lyria__P0075__b0.png,Endodontics,lyria,lyria:P0075,primary,0
Endodontics/lyria__P0075__b1.png,Endodontics,lyria,lyria:P0075,primary,0
Endodontics/lyria__P0075__b2.png,Endodontics,lyria,lyria:P0075,primary,0
Endodontics/lyria__P0716__b0.png,Endodontics,lyria,lyria:P0716,primary,0
Endodontics/lyria__P0716__b1.png,Endodontics,lyria,lyria:P0716,primary,0
Endodontics/lyria__P0716__b2.png,Endodontics,lyria,lyria:P0716,primary,0
Impacted/lyria__P0717__b0.png,Impacted,lyria,lyria:P0717,primary,0
Endodontics/lyria__P0718__b0.png,Endodontics,lyria,lyria:P0718,primary,0
Endodontics/lyria__P0718__b1.png,Endodontics,lyria,lyria:P0718,primary,0
Endodontics/lyria__P0719__b0.png,Endodontics,lyria,lyria:P0719,primary,0
Endodontics/lyria__P0719__b1.png,Endodontics,lyria,lyria:P0719,primary,0
Impacted/lyria__P0719__b0.png,Impacted,lyria,lyria:P0719,primary,0
Endodontics/lyria__P0720__b0.png,Endodontics,lyria,lyria:P0720,primary,0
Endodontics/lyria__P0720__b1.png,Endodontics,lyria,lyria:P0720,primary,0
Endodontics/lyria__P0720__b2.png,Endodontics,lyria,lyria:P0720,primary,0
Endodontics/lyria__P0720__b3.png,Endodontics,lyria,lyria:P0720,primary,0
Impacted/lyria__P0722__b0.png,Impacted,lyria,lyria:P0722,primary,0
Impacted/lyria__P0722__b1.png,Impacted,lyria,lyria:P0722,primary,0
Impacted/lyria__P0722__b2.png,Impacted,lyria,lyria:P0722,primary,0
Endodontics/lyria__P0724__b0.png,Endodontics,lyria,lyria:P0724,primary,0
Endodontics/lyria__P0724__b1.png,Endodontics,lyria,lyria:P0724,primary,0
Endodontics/lyria__P0724__b2.png,Endodontics,lyria,lyria:P0724,primary,0
Endodontics/lyria__P0724__b3.png,Endodontics,lyria,lyria:P0724,primary,0
Endodontics/lyria__P0728__b0.png,Endodontics,lyria,lyria:P0728,primary,0
Impacted/lyria__P0730__b0.png,Impacted,lyria,lyria:P0730,primary,0
Endodontics/lyria__P0730__b0.png,Endodontics,lyria,lyria:P0730,primary,0
Endodontics/lyria__P0730__b1.png,Endodontics,lyria,lyria:P0730,primary,0
Endodontics/lyria__P0731__b0.png,Endodontics,lyria,lyria:P0731,primary,0
Impacted/lyria__P0731__b0.png,Impacted,lyria,lyria:P0731,primary,0
Endodontics/lyria__P0732__b0.png,Endodontics,lyria,lyria:P0732,primary,0
Endodontics/lyria__P0732__b1.png,Endodontics,lyria,lyria:P0732,primary,0
Endodontics/lyria__P0732__b2.png,Endodontics,lyria,lyria:P0732,primary,0
Endodontics/lyria__P0732__b3.png,Endodontics,lyria,lyria:P0732,primary,0
Impacted/lyria__P0732__b0.png,Impacted,lyria,lyria:P0732,primary,0
Endodontics/lyria__P0732__b4.png,Endodontics,lyria,lyria:P0732,primary,0
Endodontics/lyria__P0734__b0.png,Endodontics,lyria,lyria:P0734,primary,0
Endodontics/lyria__P0734__b1.png,Endodontics,lyria,lyria:P0734,primary,0
Endodontics/lyria__P0734__b2.png,Endodontics,lyria,lyria:P0734,primary,0
Endodontics/lyria__P0734__b3.png,Endodontics,lyria,lyria:P0734,primary,0
Endodontics/lyria__P0735__b0.png,Endodontics,lyria,lyria:P0735,primary,0
Endodontics/lyria__P0735__b1.png,Endodontics,lyria,lyria:P0735,primary,0
Endodontics/lyria__P0736__b0.png,Endodontics,lyria,lyria:P0736,primary,0
Endodontics/lyria__P0736__b1.png,Endodontics,lyria,lyria:P0736,primary,0
Endodontics/lyria__P0738__b0.png,Endodontics,lyria,lyria:P0738,primary,0
Endodontics/lyria__P0738__b1.png,Endodontics,lyria,lyria:P0738,primary,0
Implant/lyria__P0738__b0.png,Implant,lyria,lyria:P0738,primary,0
Endodontics/lyria__P0738__b2.png,Endodontics,lyria,lyria:P0738,primary,0
Endodontics/lyria__P0738__b3.png,Endodontics,lyria,lyria:P0738,primary,0
Endodontics/lyria__P0738__b4.png,Endodontics,lyria,lyria:P0738,primary,0
Endodontics/lyria__P0738__b5.png,Endodontics,lyria,lyria:P0738,primary,0
Endodontics/lyria__P0738__b6.png,Endodontics,lyria,lyria:P0738,primary,0
Endodontics/lyria__P0738__b7.png,Endodontics,lyria,lyria:P0738,primary,0
Endodontics/lyria__P0740__b0.png,Endodontics,lyria,lyria:P0740,primary,0
Endodontics/lyria__P0740__b1.png,Endodontics,lyria,lyria:P0740,primary,0
Endodontics/lyria__P0741__b0.png,Endodontics,lyria,lyria:P0741,primary,0
Endodontics/lyria__P0741__b1.png,Endodontics,lyria,lyria:P0741,primary,0
Endodontics/lyria__P0743__b0.png,Endodontics,lyria,lyria:P0743,primary,0
Endodontics/lyria__P0743__b1.png,Endodontics,lyria,lyria:P0743,primary,0
Endodontics/lyria__P0743__b2.png,Endodontics,lyria,lyria:P0743,primary,0
Endodontics/lyria__P0743__b3.png,Endodontics,lyria,lyria:P0743,primary,0
Endodontics/lyria__P0743__b4.png,Endodontics,lyria,lyria:P0743,primary,0
Endodontics/lyria__P0743__b5.png,Endodontics,lyria,lyria:P0743,primary,0
Endodontics/lyria__P0743__b6.png,Endodontics,lyria,lyria:P0743,primary,0
Endodontics/lyria__P0743__b7.png,Endodontics,lyria,lyria:P0743,primary,0
Endodontics/lyria__P0743__b8.png,Endodontics,lyria,lyria:P0743,primary,0
Endodontics/lyria__P0743__b9.png,Endodontics,lyria,lyria:P0743,primary,0
Endodontics/lyria__P0743__b10.png,Endodontics,lyria,lyria:P0743,primary,0
Endodontics/lyria__P0744__b0.png,Endodontics,lyria,lyria:P0744,primary,0
Endodontics/lyria__P0748__b0.png,Endodontics,lyria,lyria:P0748,primary,0
Endodontics/lyria__P0749__b0.png,Endodontics,lyria,lyria:P0749,primary,0
Impacted/lyria__P0750__b0.png,Impacted,lyria,lyria:P0750,primary,0
Implant/lyria__P0750__b0.png,Implant,lyria,lyria:P0750,primary,0
Endodontics/lyria__P0750__b0.png,Endodontics,lyria,lyria:P0750,primary,0
Implant/lyria__P0750__b1.png,Implant,lyria,lyria:P0750,primary,0
Endodontics/lyria__P0751__b0.png,Endodontics,lyria,lyria:P0751,primary,0
Endodontics/lyria__P0751__b1.png,Endodontics,lyria,lyria:P0751,primary,0
Endodontics/lyria__P0078__b0.png,Endodontics,lyria,lyria:P0078,primary,0
Implant/lyria__P0078__b0.png,Implant,lyria,lyria:P0078,primary,0
Endodontics/lyria__P0078__b1.png,Endodontics,lyria,lyria:P0078,primary,0
Endodontics/lyria__P0078__b2.png,Endodontics,lyria,lyria:P0078,primary,0
Endodontics/lyria__P0078__b3.png,Endodontics,lyria,lyria:P0078,primary,0
Impacted/lyria__P0078__b0.png,Impacted,lyria,lyria:P0078,primary,0
Endodontics/lyria__P0078__b4.png,Endodontics,lyria,lyria:P0078,primary,0
Endodontics/lyria__P0078__b5.png,Endodontics,lyria,lyria:P0078,primary,0
Endodontics/lyria__P0752__b0.png,Endodontics,lyria,lyria:P0752,primary,0
Implant/lyria__P0752__b0.png,Implant,lyria,lyria:P0752,primary,0
Implant/lyria__P0752__b1.png,Implant,lyria,lyria:P0752,primary,0
Endodontics/lyria__P0752__b1.png,Endodontics,lyria,lyria:P0752,primary,0
Endodontics/lyria__P0752__b2.png,Endodontics,lyria,lyria:P0752,primary,0
Endodontics/lyria__P0752__b3.png,Endodontics,lyria,lyria:P0752,primary,0
Endodontics/lyria__P0752__b4.png,Endodontics,lyria,lyria:P0752,primary,0
Endodontics/lyria__P0752__b5.png,Endodontics,lyria,lyria:P0752,primary,0
Endodontics/lyria__P0752__b6.png,Endodontics,lyria,lyria:P0752,primary,0
Endodontics/lyria__P0753__b0.png,Endodontics,lyria,lyria:P0753,primary,0
Endodontics/lyria__P0753__b1.png,Endodontics,lyria,lyria:P0753,primary,0
Impacted/lyria__P0758__b0.png,Impacted,lyria,lyria:P0758,primary,0
Endodontics/lyria__P0759__b0.png,Endodontics,lyria,lyria:P0759,primary,0
Endodontics/lyria__P0759__b1.png,Endodontics,lyria,lyria:P0759,primary,0
Endodontics/lyria__P0759__b2.png,Endodontics,lyria,lyria:P0759,primary,0
Implant/lyria__P0759__b0.png,Implant,lyria,lyria:P0759,primary,0
Implant/lyria__P0759__b1.png,Implant,lyria,lyria:P0759,primary,0
Implant/lyria__P0759__b2.png,Implant,lyria,lyria:P0759,primary,0
Implant/lyria__P0759__b3.png,Implant,lyria,lyria:P0759,primary,0
Implant/lyria__P0759__b4.png,Implant,lyria,lyria:P0759,primary,0
Implant/lyria__P0759__b5.png,Implant,lyria,lyria:P0759,primary,0
Endodontics/lyria__P0759__b3.png,Endodontics,lyria,lyria:P0759,primary,0
Endodontics/lyria__P0759__b4.png,Endodontics,lyria,lyria:P0759,primary,0
Endodontics/lyria__P0759__b5.png,Endodontics,lyria,lyria:P0759,primary,0
Endodontics/lyria__P0759__b6.png,Endodontics,lyria,lyria:P0759,primary,0
Endodontics/lyria__P0759__b7.png,Endodontics,lyria,lyria:P0759,primary,0
Endodontics/lyria__P0759__b8.png,Endodontics,lyria,lyria:P0759,primary,0
Endodontics/lyria__P0761__b0.png,Endodontics,lyria,lyria:P0761,primary,0
Endodontics/lyria__P0761__b1.png,Endodontics,lyria,lyria:P0761,primary,0
Impacted/lyria__P0761__b0.png,Impacted,lyria,lyria:P0761,primary,0
Endodontics/lyria__P0762__b0.png,Endodontics,lyria,lyria:P0762,primary,0
Endodontics/lyria__P0762__b1.png,Endodontics,lyria,lyria:P0762,primary,0
Endodontics/lyria__P0762__b2.png,Endodontics,lyria,lyria:P0762,primary,0
Endodontics/lyria__P0762__b3.png,Endodontics,lyria,lyria:P0762,primary,0
Endodontics/lyria__P0762__b4.png,Endodontics,lyria,lyria:P0762,primary,0
Endodontics/lyria__P0763__b0.png,Endodontics,lyria,lyria:P0763,primary,0
Endodontics/lyria__P0763__b1.png,Endodontics,lyria,lyria:P0763,primary,0
Endodontics/lyria__P0763__b2.png,Endodontics,lyria,lyria:P0763,primary,0
Impacted/lyria__P0764__b0.png,Impacted,lyria,lyria:P0764,primary,0
Impacted/lyria__P0764__b1.png,Impacted,lyria,lyria:P0764,primary,0
Impacted/lyria__P0764__b2.png,Impacted,lyria,lyria:P0764,primary,0
Impacted/lyria__P0765__b0.png,Impacted,lyria,lyria:P0765,primary,0
Impacted/lyria__P0765__b1.png,Impacted,lyria,lyria:P0765,primary,0
Endodontics/lyria__P0766__b0.png,Endodontics,lyria,lyria:P0766,primary,0
Endodontics/lyria__P0766__b1.png,Endodontics,lyria,lyria:P0766,primary,0
Endodontics/lyria__P0766__b2.png,Endodontics,lyria,lyria:P0766,primary,0
Endodontics/lyria__P0766__b3.png,Endodontics,lyria,lyria:P0766,primary,0
Impacted/lyria__P0079__b0.png,Impacted,lyria,lyria:P0079,primary,0
Impacted/lyria__P0079__b1.png,Impacted,lyria,lyria:P0079,primary,0
Impacted/lyria__P0079__b2.png,Impacted,lyria,lyria:P0079,primary,0
Impacted/lyria__P0079__b3.png,Impacted,lyria,lyria:P0079,primary,0
Implant/lyria__P0768__b0.png,Implant,lyria,lyria:P0768,primary,0
Implant/lyria__P0768__b1.png,Implant,lyria,lyria:P0768,primary,0
Endodontics/lyria__P0769__b0.png,Endodontics,lyria,lyria:P0769,primary,0
Endodontics/lyria__P0769__b1.png,Endodontics,lyria,lyria:P0769,primary,0
Endodontics/lyria__P0769__b2.png,Endodontics,lyria,lyria:P0769,primary,0
Endodontics/lyria__P0769__b3.png,Endodontics,lyria,lyria:P0769,primary,0
Endodontics/lyria__P0770__b0.png,Endodontics,lyria,lyria:P0770,primary,0
Endodontics/lyria__P0770__b1.png,Endodontics,lyria,lyria:P0770,primary,0
Endodontics/lyria__P0770__b2.png,Endodontics,lyria,lyria:P0770,primary,0
Endodontics/lyria__P0770__b3.png,Endodontics,lyria,lyria:P0770,primary,0
Endodontics/lyria__P0770__b4.png,Endodontics,lyria,lyria:P0770,primary,0
Endodontics/lyria__P0770__b5.png,Endodontics,lyria,lyria:P0770,primary,0
Endodontics/lyria__P0770__b6.png,Endodontics,lyria,lyria:P0770,primary,0
Endodontics/lyria__P0770__b7.png,Endodontics,lyria,lyria:P0770,primary,0
Endodontics/lyria__P0770__b8.png,Endodontics,lyria,lyria:P0770,primary,0
Endodontics/lyria__P0770__b9.png,Endodontics,lyria,lyria:P0770,primary,0
Endodontics/lyria__P0770__b10.png,Endodontics,lyria,lyria:P0770,primary,0
Endodontics/lyria__P0771__b0.png,Endodontics,lyria,lyria:P0771,primary,0
Endodontics/lyria__P0771__b1.png,Endodontics,lyria,lyria:P0771,primary,0
Endodontics/lyria__P0771__b2.png,Endodontics,lyria,lyria:P0771,primary,0
Endodontics/lyria__P0771__b3.png,Endodontics,lyria,lyria:P0771,primary,0
Endodontics/lyria__P0771__b4.png,Endodontics,lyria,lyria:P0771,primary,0
Endodontics/lyria__P0771__b5.png,Endodontics,lyria,lyria:P0771,primary,0
Endodontics/lyria__P0771__b6.png,Endodontics,lyria,lyria:P0771,primary,0
Endodontics/lyria__P0772__b0.png,Endodontics,lyria,lyria:P0772,primary,0
Endodontics/lyria__P0772__b1.png,Endodontics,lyria,lyria:P0772,primary,0
Endodontics/lyria__P0772__b2.png,Endodontics,lyria,lyria:P0772,primary,0
Endodontics/lyria__P0773__b0.png,Endodontics,lyria,lyria:P0773,primary,0
Endodontics/lyria__P0773__b1.png,Endodontics,lyria,lyria:P0773,primary,0
Endodontics/lyria__P0773__b2.png,Endodontics,lyria,lyria:P0773,primary,0
Endodontics/lyria__P0773__b3.png,Endodontics,lyria,lyria:P0773,primary,0
Endodontics/lyria__P0773__b4.png,Endodontics,lyria,lyria:P0773,primary,0
Endodontics/lyria__P0773__b5.png,Endodontics,lyria,lyria:P0773,primary,0
Endodontics/lyria__P0773__b6.png,Endodontics,lyria,lyria:P0773,primary,0
Impacted/lyria__P0774__b0.png,Impacted,lyria,lyria:P0774,primary,0
Impacted/lyria__P0080__b0.png,Impacted,lyria,lyria:P0080,primary,0
Endodontics/lyria__P0776__b0.png,Endodontics,lyria,lyria:P0776,primary,0
Endodontics/lyria__P0776__b1.png,Endodontics,lyria,lyria:P0776,primary,0
Endodontics/lyria__P0776__b2.png,Endodontics,lyria,lyria:P0776,primary,0
Endodontics/lyria__P0776__b3.png,Endodontics,lyria,lyria:P0776,primary,0
Endodontics/lyria__P0777__b0.png,Endodontics,lyria,lyria:P0777,primary,0
Endodontics/lyria__P0777__b1.png,Endodontics,lyria,lyria:P0777,primary,0
Endodontics/lyria__P0778__b0.png,Endodontics,lyria,lyria:P0778,primary,0
Endodontics/lyria__P0778__b1.png,Endodontics,lyria,lyria:P0778,primary,0
Endodontics/lyria__P0778__b2.png,Endodontics,lyria,lyria:P0778,primary,0
Endodontics/lyria__P0778__b3.png,Endodontics,lyria,lyria:P0778,primary,0
Endodontics/lyria__P0778__b4.png,Endodontics,lyria,lyria:P0778,primary,0
Endodontics/lyria__P0780__b0.png,Endodontics,lyria,lyria:P0780,primary,0
Endodontics/lyria__P0780__b1.png,Endodontics,lyria,lyria:P0780,primary,0
Endodontics/lyria__P0780__b2.png,Endodontics,lyria,lyria:P0780,primary,0
Endodontics/lyria__P0781__b0.png,Endodontics,lyria,lyria:P0781,primary,0
Endodontics/lyria__P0781__b1.png,Endodontics,lyria,lyria:P0781,primary,0
Endodontics/lyria__P0782__b0.png,Endodontics,lyria,lyria:P0782,primary,0
Endodontics/lyria__P0782__b1.png,Endodontics,lyria,lyria:P0782,primary,0
Endodontics/lyria__P0783__b0.png,Endodontics,lyria,lyria:P0783,primary,0
Endodontics/lyria__P0783__b1.png,Endodontics,lyria,lyria:P0783,primary,0
Endodontics/lyria__P0783__b2.png,Endodontics,lyria,lyria:P0783,primary,0
Endodontics/lyria__P0783__b3.png,Endodontics,lyria,lyria:P0783,primary,0
Endodontics/lyria__P0784__b0.png,Endodontics,lyria,lyria:P0784,primary,0
Endodontics/lyria__P0784__b1.png,Endodontics,lyria,lyria:P0784,primary,0
Endodontics/lyria__P0784__b2.png,Endodontics,lyria,lyria:P0784,primary,0
Endodontics/lyria__P0784__b3.png,Endodontics,lyria,lyria:P0784,primary,0
Endodontics/lyria__P0785__b0.png,Endodontics,lyria,lyria:P0785,primary,0
Endodontics/lyria__P0786__b0.png,Endodontics,lyria,lyria:P0786,primary,0
Endodontics/lyria__P0786__b1.png,Endodontics,lyria,lyria:P0786,primary,0
Endodontics/lyria__P0788__b0.png,Endodontics,lyria,lyria:P0788,primary,0
Endodontics/lyria__P0788__b1.png,Endodontics,lyria,lyria:P0788,primary,0
Endodontics/lyria__P0788__b2.png,Endodontics,lyria,lyria:P0788,primary,0
Endodontics/lyria__P0788__b3.png,Endodontics,lyria,lyria:P0788,primary,0
Endodontics/lyria__P0788__b4.png,Endodontics,lyria,lyria:P0788,primary,0
Endodontics/lyria__P0788__b5.png,Endodontics,lyria,lyria:P0788,primary,0
Endodontics/lyria__P0788__b6.png,Endodontics,lyria,lyria:P0788,primary,0
Endodontics/lyria__P0790__b0.png,Endodontics,lyria,lyria:P0790,primary,0
Endodontics/lyria__P0792__b0.png,Endodontics,lyria,lyria:P0792,primary,0
Endodontics/lyria__P0793__b0.png,Endodontics,lyria,lyria:P0793,primary,0
Endodontics/lyria__P0793__b1.png,Endodontics,lyria,lyria:P0793,primary,0
Endodontics/lyria__P0794__b0.png,Endodontics,lyria,lyria:P0794,primary,0
Impacted/lyria__P0795__b0.png,Impacted,lyria,lyria:P0795,primary,0
Impacted/lyria__P0795__b1.png,Impacted,lyria,lyria:P0795,primary,0
Endodontics/lyria__P0797__b0.png,Endodontics,lyria,lyria:P0797,primary,0
Endodontics/lyria__P0797__b1.png,Endodontics,lyria,lyria:P0797,primary,0
Endodontics/lyria__P0798__b0.png,Endodontics,lyria,lyria:P0798,primary,0
Endodontics/lyria__P0798__b1.png,Endodontics,lyria,lyria:P0798,primary,0
Endodontics/lyria__P0798__b2.png,Endodontics,lyria,lyria:P0798,primary,0
Endodontics/lyria__P0799__b0.png,Endodontics,lyria,lyria:P0799,primary,0
Endodontics/lyria__P0799__b1.png,Endodontics,lyria,lyria:P0799,primary,0
Endodontics/lyria__P0799__b2.png,Endodontics,lyria,lyria:P0799,primary,0
Endodontics/lyria__P0799__b3.png,Endodontics,lyria,lyria:P0799,primary,0
Endodontics/lyria__P0799__b4.png,Endodontics,lyria,lyria:P0799,primary,0
Endodontics/lyria__P0799__b5.png,Endodontics,lyria,lyria:P0799,primary,0
Endodontics/lyria__P0799__b6.png,Endodontics,lyria,lyria:P0799,primary,0
Endodontics/lyria__P0799__b7.png,Endodontics,lyria,lyria:P0799,primary,0
Endodontics/lyria__P0799__b8.png,Endodontics,lyria,lyria:P0799,primary,0
Endodontics/lyria__P0800__b0.png,Endodontics,lyria,lyria:P0800,primary,0
Endodontics/lyria__P0800__b1.png,Endodontics,lyria,lyria:P0800,primary,0
Endodontics/lyria__P0800__b2.png,Endodontics,lyria,lyria:P0800,primary,0
Endodontics/lyria__P0800__b3.png,Endodontics,lyria,lyria:P0800,primary,0
Endodontics/lyria__P0802__b0.png,Endodontics,lyria,lyria:P0802,primary,0
Endodontics/lyria__P0803__b0.png,Endodontics,lyria,lyria:P0803,primary,0
Endodontics/lyria__P0803__b1.png,Endodontics,lyria,lyria:P0803,primary,0
Endodontics/lyria__P0803__b2.png,Endodontics,lyria,lyria:P0803,primary,0
Endodontics/lyria__P0803__b3.png,Endodontics,lyria,lyria:P0803,primary,0
Endodontics/lyria__P0803__b4.png,Endodontics,lyria,lyria:P0803,primary,0
Endodontics/lyria__P0804__b0.png,Endodontics,lyria,lyria:P0804,primary,0
Endodontics/lyria__P0804__b1.png,Endodontics,lyria,lyria:P0804,primary,0
Endodontics/lyria__P0804__b2.png,Endodontics,lyria,lyria:P0804,primary,0
Endodontics/lyria__P0804__b3.png,Endodontics,lyria,lyria:P0804,primary,0
Endodontics/lyria__P0804__b4.png,Endodontics,lyria,lyria:P0804,primary,0
Endodontics/lyria__P0804__b5.png,Endodontics,lyria,lyria:P0804,primary,0
Endodontics/lyria__P0804__b6.png,Endodontics,lyria,lyria:P0804,primary,0
Endodontics/lyria__P0804__b7.png,Endodontics,lyria,lyria:P0804,primary,0
Implant/lyria__P0804__b0.png,Implant,lyria,lyria:P0804,primary,0
Endodontics/lyria__P0804__b8.png,Endodontics,lyria,lyria:P0804,primary,0
Endodontics/lyria__P0804__b9.png,Endodontics,lyria,lyria:P0804,primary,0
Endodontics/lyria__P0804__b10.png,Endodontics,lyria,lyria:P0804,primary,0
Endodontics/lyria__P0805__b0.png,Endodontics,lyria,lyria:P0805,primary,0
Endodontics/lyria__P0805__b1.png,Endodontics,lyria,lyria:P0805,primary,0
Endodontics/lyria__P0805__b2.png,Endodontics,lyria,lyria:P0805,primary,0
Endodontics/lyria__P0805__b3.png,Endodontics,lyria,lyria:P0805,primary,0
Endodontics/lyria__P0084__b0.png,Endodontics,lyria,lyria:P0084,primary,0
Endodontics/lyria__P0084__b1.png,Endodontics,lyria,lyria:P0084,primary,0
Endodontics/lyria__P0806__b0.png,Endodontics,lyria,lyria:P0806,primary,0
Impacted/lyria__P0806__b0.png,Impacted,lyria,lyria:P0806,primary,0
Endodontics/lyria__P0806__b1.png,Endodontics,lyria,lyria:P0806,primary,0
Endodontics/lyria__P0807__b0.png,Endodontics,lyria,lyria:P0807,primary,0
Endodontics/lyria__P0808__b0.png,Endodontics,lyria,lyria:P0808,primary,0
Endodontics/lyria__P0808__b1.png,Endodontics,lyria,lyria:P0808,primary,0
Endodontics/lyria__P0085__b0.png,Endodontics,lyria,lyria:P0085,primary,0
Endodontics/lyria__P0086__b0.png,Endodontics,lyria,lyria:P0086,primary,0
Impacted/lyria__P0086__b0.png,Impacted,lyria,lyria:P0086,primary,0
Endodontics/lyria__P0086__b1.png,Endodontics,lyria,lyria:P0086,primary,0
Impacted/lyria__P0087__b0.png,Impacted,lyria,lyria:P0087,primary,0
Impacted/lyria__P0087__b1.png,Impacted,lyria,lyria:P0087,primary,0
Impacted/lyria__P0087__b2.png,Impacted,lyria,lyria:P0087,primary,0
Impacted/lyria__P0087__b3.png,Impacted,lyria,lyria:P0087,primary,0
Impacted/lyria__P0090__b0.png,Impacted,lyria,lyria:P0090,primary,0
Impacted/lyria__P0090__b1.png,Impacted,lyria,lyria:P0090,primary,0
Impacted/lyria__P0090__b2.png,Impacted,lyria,lyria:P0090,primary,0
Endodontics/lyria__P0003__b0.png,Endodontics,lyria,lyria:P0003,primary,0
Implant/lyria__P0003__b0.png,Implant,lyria,lyria:P0003,primary,0
Endodontics/lyria__P0003__b1.png,Endodontics,lyria,lyria:P0003,primary,0
Endodontics/lyria__P0003__b2.png,Endodontics,lyria,lyria:P0003,primary,0
Endodontics/lyria__P0003__b3.png,Endodontics,lyria,lyria:P0003,primary,0
Impacted/lyria__P0003__b0.png,Impacted,lyria,lyria:P0003,primary,0
Endodontics/lyria__P0003__b4.png,Endodontics,lyria,lyria:P0003,primary,0
Endodontics/lyria__P0003__b5.png,Endodontics,lyria,lyria:P0003,primary,0
Endodontics/lyria__P0094__b0.png,Endodontics,lyria,lyria:P0094,primary,0
Endodontics/lyria__P0094__b1.png,Endodontics,lyria,lyria:P0094,primary,0
Endodontics/lyria__P0094__b2.png,Endodontics,lyria,lyria:P0094,primary,0
Impacted/lyria__P0095__b0.png,Impacted,lyria,lyria:P0095,primary,0
Impacted/lyria__P0095__b1.png,Impacted,lyria,lyria:P0095,primary,0
Endodontics/lyria__P0004__b0.png,Endodontics,lyria,lyria:P0004,primary,0
Endodontics/lyria__P0004__b1.png,Endodontics,lyria,lyria:P0004,primary,0
Endodontics/lyria__P0004__b2.png,Endodontics,lyria,lyria:P0004,primary,0
Endodontics/lyria__P0004__b3.png,Endodontics,lyria,lyria:P0004,primary,0
Endodontics/lyria__P0004__b4.png,Endodontics,lyria,lyria:P0004,primary,0
Implant/lyria__P0096__b0.png,Implant,lyria,lyria:P0096,primary,0
Endodontics/lyria__P0096__b0.png,Endodontics,lyria,lyria:P0096,primary,0
Implant/lyria__P0096__b1.png,Implant,lyria,lyria:P0096,primary,0
Implant/lyria__P0096__b2.png,Implant,lyria,lyria:P0096,primary,0
Implant/lyria__P0096__b3.png,Implant,lyria,lyria:P0096,primary,0
Implant/lyria__P0096__b4.png,Implant,lyria,lyria:P0096,primary,0
Implant/lyria__P0096__b5.png,Implant,lyria,lyria:P0096,primary,0
Impacted/lyria__P0097__b0.png,Impacted,lyria,lyria:P0097,primary,0
Impacted/lyria__P0098__b0.png,Impacted,lyria,lyria:P0098,primary,0
Endodontics/lyria__P0098__b0.png,Endodontics,lyria,lyria:P0098,primary,0
Endodontics/lyria__P0098__b1.png,Endodontics,lyria,lyria:P0098,primary,0
Endodontics/lyria__P0098__b2.png,Endodontics,lyria,lyria:P0098,primary,0
Endodontics/lyria__P0098__b3.png,Endodontics,lyria,lyria:P0098,primary,0
Impacted/lyria__P0098__b1.png,Impacted,lyria,lyria:P0098,primary,0
Endodontics/lyria__P0099__b0.png,Endodontics,lyria,lyria:P0099,primary,0
Endodontics/lyria__P0099__b1.png,Endodontics,lyria,lyria:P0099,primary,0
Endodontics/lyria__P0099__b2.png,Endodontics,lyria,lyria:P0099,primary,0
Endodontics/lyria__P0099__b3.png,Endodontics,lyria,lyria:P0099,primary,0
Impacted/lyria__P0100__b0.png,Impacted,lyria,lyria:P0100,primary,0
Impacted/lyria__P0100__b1.png,Impacted,lyria,lyria:P0100,primary,0
Impacted/lyria__P0100__b2.png,Impacted,lyria,lyria:P0100,primary,0
Endodontics/lyria__P0100__b0.png,Endodontics,lyria,lyria:P0100,primary,0
Impacted/lyria__P0100__b3.png,Impacted,lyria,lyria:P0100,primary,0
Endodontics/lyria__P0005__b0.png,Endodontics,lyria,lyria:P0005,primary,0
Endodontics/lyria__P0101__b0.png,Endodontics,lyria,lyria:P0101,primary,0
Endodontics/lyria__P0101__b1.png,Endodontics,lyria,lyria:P0101,primary,0
Endodontics/lyria__P0101__b2.png,Endodontics,lyria,lyria:P0101,primary,0
Endodontics/lyria__P0101__b3.png,Endodontics,lyria,lyria:P0101,primary,0
Endodontics/lyria__P0102__b0.png,Endodontics,lyria,lyria:P0102,primary,0
Endodontics/lyria__P0105__b0.png,Endodontics,lyria,lyria:P0105,primary,0
Endodontics/lyria__P0105__b1.png,Endodontics,lyria,lyria:P0105,primary,0
Endodontics/lyria__P0006__b0.png,Endodontics,lyria,lyria:P0006,primary,0
Endodontics/lyria__P0006__b1.png,Endodontics,lyria,lyria:P0006,primary,0
Endodontics/lyria__P0006__b2.png,Endodontics,lyria,lyria:P0006,primary,0
Endodontics/lyria__P0006__b3.png,Endodontics,lyria,lyria:P0006,primary,0
Impacted/lyria__P0106__b0.png,Impacted,lyria,lyria:P0106,primary,0
Impacted/lyria__P0106__b1.png,Impacted,lyria,lyria:P0106,primary,0
Impacted/lyria__P0106__b2.png,Impacted,lyria,lyria:P0106,primary,0
Endodontics/lyria__P0107__b0.png,Endodontics,lyria,lyria:P0107,primary,0
Endodontics/lyria__P0107__b1.png,Endodontics,lyria,lyria:P0107,primary,0
Endodontics/lyria__P0108__b0.png,Endodontics,lyria,lyria:P0108,primary,0
Endodontics/lyria__P0108__b1.png,Endodontics,lyria,lyria:P0108,primary,0
Implant/lyria__P0108__b0.png,Implant,lyria,lyria:P0108,primary,0
Endodontics/lyria__P0108__b2.png,Endodontics,lyria,lyria:P0108,primary,0
Endodontics/lyria__P0108__b3.png,Endodontics,lyria,lyria:P0108,primary,0
Implant/lyria__P0108__b1.png,Implant,lyria,lyria:P0108,primary,0
Implant/lyria__P0108__b2.png,Implant,lyria,lyria:P0108,primary,0
Impacted/lyria__P0109__b0.png,Impacted,lyria,lyria:P0109,primary,0
Impacted/lyria__P0109__b1.png,Impacted,lyria,lyria:P0109,primary,0
Impacted/lyria__P0110__b0.png,Impacted,lyria,lyria:P0110,primary,0
Endodontics/lyria__P0007__b0.png,Endodontics,lyria,lyria:P0007,primary,0
Endodontics/lyria__P0112__b0.png,Endodontics,lyria,lyria:P0112,primary,0
Endodontics/lyria__P0112__b1.png,Endodontics,lyria,lyria:P0112,primary,0
Impacted/lyria__P0114__b0.png,Impacted,lyria,lyria:P0114,primary,0
Impacted/lyria__P0114__b1.png,Impacted,lyria,lyria:P0114,primary,0
Impacted/lyria__P0008__b0.png,Impacted,lyria,lyria:P0008,primary,0
Endodontics/lyria__P0008__b0.png,Endodontics,lyria,lyria:P0008,primary,0
Impacted/lyria__P0008__b1.png,Impacted,lyria,lyria:P0008,primary,0
Endodontics/lyria__P0008__b1.png,Endodontics,lyria,lyria:P0008,primary,0
Impacted/lyria__P0008__b2.png,Impacted,lyria,lyria:P0008,primary,0
Endodontics/lyria__P0119__b0.png,Endodontics,lyria,lyria:P0119,primary,0
Endodontics/lyria__P0119__b1.png,Endodontics,lyria,lyria:P0119,primary,0
Endodontics/lyria__P0121__b0.png,Endodontics,lyria,lyria:P0121,primary,0
Endodontics/lyria__P0121__b1.png,Endodontics,lyria,lyria:P0121,primary,0
Endodontics/lyria__P0121__b2.png,Endodontics,lyria,lyria:P0121,primary,0
Endodontics/lyria__P0121__b3.png,Endodontics,lyria,lyria:P0121,primary,0
Endodontics/lyria__P0121__b4.png,Endodontics,lyria,lyria:P0121,primary,0
Implant/lyria__P0122__b0.png,Implant,lyria,lyria:P0122,primary,0
Implant/lyria__P0122__b1.png,Implant,lyria,lyria:P0122,primary,0
Endodontics/lyria__P0123__b0.png,Endodontics,lyria,lyria:P0123,primary,0
Endodontics/lyria__P0125__b0.png,Endodontics,lyria,lyria:P0125,primary,0
Endodontics/lyria__P0130__b0.png,Endodontics,lyria,lyria:P0130,primary,0
Endodontics/lyria__P0130__b1.png,Endodontics,lyria,lyria:P0130,primary,0
Endodontics/lyria__P0131__b0.png,Endodontics,lyria,lyria:P0131,primary,0
Endodontics/lyria__P0131__b1.png,Endodontics,lyria,lyria:P0131,primary,0
Endodontics/lyria__P0131__b2.png,Endodontics,lyria,lyria:P0131,primary,0
Endodontics/lyria__P0131__b3.png,Endodontics,lyria,lyria:P0131,primary,0
Endodontics/lyria__P0131__b4.png,Endodontics,lyria,lyria:P0131,primary,0
Endodontics/lyria__P0131__b5.png,Endodontics,lyria,lyria:P0131,primary,0
Endodontics/lyria__P0010__b0.png,Endodontics,lyria,lyria:P0010,primary,0
Endodontics/lyria__P0010__b1.png,Endodontics,lyria,lyria:P0010,primary,0
Endodontics/lyria__P0010__b2.png,Endodontics,lyria,lyria:P0010,primary,0
Endodontics/lyria__P0135__b0.png,Endodontics,lyria,lyria:P0135,primary,0
Impacted/lyria__P0136__b0.png,Impacted,lyria,lyria:P0136,primary,0
Impacted/lyria__P0136__b1.png,Impacted,lyria,lyria:P0136,primary,0
Impacted/lyria__P0136__b2.png,Impacted,lyria,lyria:P0136,primary,0
Endodontics/lyria__P0139__b0.png,Endodontics,lyria,lyria:P0139,primary,0
Implant/lyria__P0139__b0.png,Implant,lyria,lyria:P0139,primary,0
Implant/lyria__P0139__b1.png,Implant,lyria,lyria:P0139,primary,0
Endodontics/lyria__P0139__b1.png,Endodontics,lyria,lyria:P0139,primary,0
Endodontics/lyria__P0139__b2.png,Endodontics,lyria,lyria:P0139,primary,0
Endodontics/lyria__P0139__b3.png,Endodontics,lyria,lyria:P0139,primary,0
Endodontics/lyria__P0139__b4.png,Endodontics,lyria,lyria:P0139,primary,0
Endodontics/lyria__P0139__b5.png,Endodontics,lyria,lyria:P0139,primary,0
Endodontics/lyria__P0139__b6.png,Endodontics,lyria,lyria:P0139,primary,0
Endodontics/lyria__P0139__b7.png,Endodontics,lyria,lyria:P0139,primary,0
Implant/lyria__P0139__b2.png,Implant,lyria,lyria:P0139,primary,0
Implant/lyria__P0139__b3.png,Implant,lyria,lyria:P0139,primary,0
Implant/lyria__P0139__b4.png,Implant,lyria,lyria:P0139,primary,0
Implant/lyria__P0139__b5.png,Implant,lyria,lyria:P0139,primary,0
Implant/lyria__P0139__b6.png,Implant,lyria,lyria:P0139,primary,0
Endodontics/lyria__P0139__b8.png,Endodontics,lyria,lyria:P0139,primary,0
Endodontics/lyria__P0140__b0.png,Endodontics,lyria,lyria:P0140,primary,0
Endodontics/lyria__P0140__b1.png,Endodontics,lyria,lyria:P0140,primary,0
Endodontics/lyria__P0140__b2.png,Endodontics,lyria,lyria:P0140,primary,0
Endodontics/lyria__P0141__b0.png,Endodontics,lyria,lyria:P0141,primary,0
Endodontics/lyria__P0141__b1.png,Endodontics,lyria,lyria:P0141,primary,0
Endodontics/lyria__P0141__b2.png,Endodontics,lyria,lyria:P0141,primary,0
Impacted/lyria__P0144__b0.png,Impacted,lyria,lyria:P0144,primary,0
Endodontics/lyria__P0145__b0.png,Endodontics,lyria,lyria:P0145,primary,0
Endodontics/lyria__P0145__b1.png,Endodontics,lyria,lyria:P0145,primary,0
Endodontics/lyria__P0145__b2.png,Endodontics,lyria,lyria:P0145,primary,0
Endodontics/lyria__P0145__b3.png,Endodontics,lyria,lyria:P0145,primary,0
Implant/lyria__P0145__b0.png,Implant,lyria,lyria:P0145,primary,0
Implant/lyria__P0145__b1.png,Implant,lyria,lyria:P0145,primary,0
Implant/lyria__P0145__b2.png,Implant,lyria,lyria:P0145,primary,0
Endodontics/lyria__P0146__b0.png,Endodontics,lyria,lyria:P0146,primary,0
Endodontics/lyria__P0146__b1.png,Endodontics,lyria,lyria:P0146,primary,0
Endodontics/lyria__P0146__b2.png,Endodontics,lyria,lyria:P0146,primary,0
Endodontics/lyria__P0146__b3.png,Endodontics,lyria,lyria:P0146,primary,0
Impacted/lyria__P0147__b0.png,Impacted,lyria,lyria:P0147,primary,0
Endodontics/lyria__P0011__b0.png,Endodontics,lyria,lyria:P0011,primary,0
Endodontics/lyria__P0011__b1.png,Endodontics,lyria,lyria:P0011,primary,0
Endodontics/lyria__P0148__b0.png,Endodontics,lyria,lyria:P0148,primary,0
Endodontics/lyria__P0148__b1.png,Endodontics,lyria,lyria:P0148,primary,0
Endodontics/lyria__P0149__b0.png,Endodontics,lyria,lyria:P0149,primary,0
Endodontics/lyria__P0149__b1.png,Endodontics,lyria,lyria:P0149,primary,0
Endodontics/lyria__P0149__b2.png,Endodontics,lyria,lyria:P0149,primary,0
Impacted/lyria__P0150__b0.png,Impacted,lyria,lyria:P0150,primary,0
Impacted/lyria__P0150__b1.png,Impacted,lyria,lyria:P0150,primary,0
Impacted/lyria__P0150__b2.png,Impacted,lyria,lyria:P0150,primary,0
Impacted/lyria__P0150__b3.png,Impacted,lyria,lyria:P0150,primary,0
Endodontics/lyria__P0012__b0.png,Endodontics,lyria,lyria:P0012,primary,0
Endodontics/lyria__P0012__b1.png,Endodontics,lyria,lyria:P0012,primary,0
Endodontics/lyria__P0012__b2.png,Endodontics,lyria,lyria:P0012,primary,0
Endodontics/lyria__P0151__b0.png,Endodontics,lyria,lyria:P0151,primary,0
Endodontics/lyria__P0154__b0.png,Endodontics,lyria,lyria:P0154,primary,0
Endodontics/lyria__P0154__b1.png,Endodontics,lyria,lyria:P0154,primary,0
Endodontics/lyria__P0154__b2.png,Endodontics,lyria,lyria:P0154,primary,0
Endodontics/lyria__P0154__b3.png,Endodontics,lyria,lyria:P0154,primary,0
Endodontics/lyria__P0154__b4.png,Endodontics,lyria,lyria:P0154,primary,0
Endodontics/lyria__P0154__b5.png,Endodontics,lyria,lyria:P0154,primary,0
Endodontics/lyria__P0154__b6.png,Endodontics,lyria,lyria:P0154,primary,0
Endodontics/lyria__P0156__b0.png,Endodontics,lyria,lyria:P0156,primary,0
Endodontics/lyria__P0156__b1.png,Endodontics,lyria,lyria:P0156,primary,0
Endodontics/lyria__P0158__b0.png,Endodontics,lyria,lyria:P0158,primary,0
Impacted/lyria__P0158__b0.png,Impacted,lyria,lyria:P0158,primary,0
Endodontics/lyria__P0158__b1.png,Endodontics,lyria,lyria:P0158,primary,0
Endodontics/lyria__P0158__b2.png,Endodontics,lyria,lyria:P0158,primary,0
Impacted/lyria__P0158__b1.png,Impacted,lyria,lyria:P0158,primary,0
Endodontics/lyria__P0160__b0.png,Endodontics,lyria,lyria:P0160,primary,0
Endodontics/lyria__P0160__b1.png,Endodontics,lyria,lyria:P0160,primary,0
Endodontics/lyria__P0160__b2.png,Endodontics,lyria,lyria:P0160,primary,0
Endodontics/lyria__P0160__b3.png,Endodontics,lyria,lyria:P0160,primary,0
Endodontics/lyria__P0161__b0.png,Endodontics,lyria,lyria:P0161,primary,0
Endodontics/lyria__P0161__b1.png,Endodontics,lyria,lyria:P0161,primary,0
Endodontics/lyria__P0161__b2.png,Endodontics,lyria,lyria:P0161,primary,0
Endodontics/lyria__P0161__b3.png,Endodontics,lyria,lyria:P0161,primary,0
Endodontics/lyria__P0161__b4.png,Endodontics,lyria,lyria:P0161,primary,0
Impacted/lyria__P0162__b0.png,Impacted,lyria,lyria:P0162,primary,0
Endodontics/lyria__P0164__b0.png,Endodontics,lyria,lyria:P0164,primary,0
Endodontics/lyria__P0164__b1.png,Endodontics,lyria,lyria:P0164,primary,0
Endodontics/lyria__P0164__b2.png,Endodontics,lyria,lyria:P0164,primary,0
Endodontics/lyria__P0164__b3.png,Endodontics,lyria,lyria:P0164,primary,0
Endodontics/lyria__P0164__b4.png,Endodontics,lyria,lyria:P0164,primary,0
Endodontics/lyria__P0164__b5.png,Endodontics,lyria,lyria:P0164,primary,0
Endodontics/lyria__P0164__b6.png,Endodontics,lyria,lyria:P0164,primary,0
Endodontics/lyria__P0166__b0.png,Endodontics,lyria,lyria:P0166,primary,0
Endodontics/lyria__P0166__b1.png,Endodontics,lyria,lyria:P0166,primary,0
Endodontics/lyria__P0167__b0.png,Endodontics,lyria,lyria:P0167,primary,0
Endodontics/lyria__P0168__b0.png,Endodontics,lyria,lyria:P0168,primary,0
Endodontics/lyria__P0168__b1.png,Endodontics,lyria,lyria:P0168,primary,0
Endodontics/lyria__P0168__b2.png,Endodontics,lyria,lyria:P0168,primary,0
Endodontics/lyria__P0168__b3.png,Endodontics,lyria,lyria:P0168,primary,0
Endodontics/lyria__P0168__b4.png,Endodontics,lyria,lyria:P0168,primary,0
Endodontics/lyria__P0168__b5.png,Endodontics,lyria,lyria:P0168,primary,0
Endodontics/lyria__P0169__b0.png,Endodontics,lyria,lyria:P0169,primary,0
Implant/lyria__P0170__b0.png,Implant,lyria,lyria:P0170,primary,0
Implant/lyria__P0170__b1.png,Implant,lyria,lyria:P0170,primary,0
Implant/lyria__P0170__b2.png,Implant,lyria,lyria:P0170,primary,0
Implant/lyria__P0170__b3.png,Implant,lyria,lyria:P0170,primary,0
Endodontics/lyria__P0170__b0.png,Endodontics,lyria,lyria:P0170,primary,0
Endodontics/lyria__P0170__b1.png,Endodontics,lyria,lyria:P0170,primary,0
Endodontics/lyria__P0170__b2.png,Endodontics,lyria,lyria:P0170,primary,0
Impacted/lyria__P0171__b0.png,Impacted,lyria,lyria:P0171,primary,0
Impacted/lyria__P0171__b1.png,Impacted,lyria,lyria:P0171,primary,0
Impacted/lyria__P0171__b2.png,Impacted,lyria,lyria:P0171,primary,0
Impacted/lyria__P0171__b3.png,Impacted,lyria,lyria:P0171,primary,0
Impacted/lyria__P0172__b0.png,Impacted,lyria,lyria:P0172,primary,0
Endodontics/lyria__P0174__b0.png,Endodontics,lyria,lyria:P0174,primary,0
Endodontics/lyria__P0174__b1.png,Endodontics,lyria,lyria:P0174,primary,0
Endodontics/lyria__P0175__b0.png,Endodontics,lyria,lyria:P0175,primary,0
Endodontics/lyria__P0176__b0.png,Endodontics,lyria,lyria:P0176,primary,0
Endodontics/lyria__P0176__b1.png,Endodontics,lyria,lyria:P0176,primary,0
Endodontics/lyria__P0176__b2.png,Endodontics,lyria,lyria:P0176,primary,0
Endodontics/lyria__P0176__b3.png,Endodontics,lyria,lyria:P0176,primary,0
Endodontics/lyria__P0176__b4.png,Endodontics,lyria,lyria:P0176,primary,0
Endodontics/lyria__P0176__b5.png,Endodontics,lyria,lyria:P0176,primary,0
Endodontics/lyria__P0176__b6.png,Endodontics,lyria,lyria:P0176,primary,0
Endodontics/lyria__P0178__b0.png,Endodontics,lyria,lyria:P0178,primary,0
Endodontics/lyria__P0178__b1.png,Endodontics,lyria,lyria:P0178,primary,0
Impacted/lyria__P0016__b0.png,Impacted,lyria,lyria:P0016,primary,0
Impacted/lyria__P0016__b1.png,Impacted,lyria,lyria:P0016,primary,0
Impacted/lyria__P0181__b0.png,Impacted,lyria,lyria:P0181,primary,0
Impacted/lyria__P0181__b1.png,Impacted,lyria,lyria:P0181,primary,0
Impacted/lyria__P0181__b2.png,Impacted,lyria,lyria:P0181,primary,0
Impacted/lyria__P0183__b0.png,Impacted,lyria,lyria:P0183,primary,0
Endodontics/lyria__P0183__b0.png,Endodontics,lyria,lyria:P0183,primary,0
Impacted/lyria__P0183__b1.png,Impacted,lyria,lyria:P0183,primary,0
Endodontics/lyria__P0184__b0.png,Endodontics,lyria,lyria:P0184,primary,0
Endodontics/lyria__P0184__b1.png,Endodontics,lyria,lyria:P0184,primary,0
Endodontics/lyria__P0184__b2.png,Endodontics,lyria,lyria:P0184,primary,0
Endodontics/lyria__P0185__b0.png,Endodontics,lyria,lyria:P0185,primary,0
Endodontics/lyria__P0185__b1.png,Endodontics,lyria,lyria:P0185,primary,0
Endodontics/lyria__P0186__b0.png,Endodontics,lyria,lyria:P0186,primary,0
Endodontics/lyria__P0186__b1.png,Endodontics,lyria,lyria:P0186,primary,0
Endodontics/lyria__P0186__b2.png,Endodontics,lyria,lyria:P0186,primary,0
Endodontics/lyria__P0186__b3.png,Endodontics,lyria,lyria:P0186,primary,0
Impacted/lyria__P0186__b0.png,Impacted,lyria,lyria:P0186,primary,0
Impacted/lyria__P0186__b1.png,Impacted,lyria,lyria:P0186,primary,0
Impacted/lyria__P0187__b0.png,Impacted,lyria,lyria:P0187,primary,0
Impacted/lyria__P0187__b1.png,Impacted,lyria,lyria:P0187,primary,0
Impacted/lyria__P0187__b2.png,Impacted,lyria,lyria:P0187,primary,0
Impacted/lyria__P0187__b3.png,Impacted,lyria,lyria:P0187,primary,0
Impacted/lyria__P0188__b0.png,Impacted,lyria,lyria:P0188,primary,0
Endodontics/lyria__P0188__b0.png,Endodontics,lyria,lyria:P0188,primary,0
Endodontics/lyria__P0189__b0.png,Endodontics,lyria,lyria:P0189,primary,0
Endodontics/lyria__P0189__b1.png,Endodontics,lyria,lyria:P0189,primary,0
Endodontics/lyria__P0189__b2.png,Endodontics,lyria,lyria:P0189,primary,0
Endodontics/lyria__P0189__b3.png,Endodontics,lyria,lyria:P0189,primary,0
Impacted/lyria__P0190__b0.png,Impacted,lyria,lyria:P0190,primary,0
Impacted/lyria__P0191__b0.png,Impacted,lyria,lyria:P0191,primary,0
Impacted/lyria__P0191__b1.png,Impacted,lyria,lyria:P0191,primary,0
Impacted/lyria__P0191__b2.png,Impacted,lyria,lyria:P0191,primary,0
Impacted/lyria__P0191__b3.png,Impacted,lyria,lyria:P0191,primary,0
Impacted/lyria__P0192__b0.png,Impacted,lyria,lyria:P0192,primary,0
Endodontics/lyria__P0193__b0.png,Endodontics,lyria,lyria:P0193,primary,0
Endodontics/lyria__P0193__b1.png,Endodontics,lyria,lyria:P0193,primary,0
Endodontics/lyria__P0193__b2.png,Endodontics,lyria,lyria:P0193,primary,0
Endodontics/lyria__P0193__b3.png,Endodontics,lyria,lyria:P0193,primary,0
Endodontics/lyria__P0193__b4.png,Endodontics,lyria,lyria:P0193,primary,0
Endodontics/lyria__P0193__b5.png,Endodontics,lyria,lyria:P0193,primary,0
Endodontics/lyria__P0193__b6.png,Endodontics,lyria,lyria:P0193,primary,0
Endodontics/lyria__P0193__b7.png,Endodontics,lyria,lyria:P0193,primary,0
Endodontics/lyria__P0193__b8.png,Endodontics,lyria,lyria:P0193,primary,0
Endodontics/lyria__P0193__b9.png,Endodontics,lyria,lyria:P0193,primary,0
Endodontics/lyria__P0194__b0.png,Endodontics,lyria,lyria:P0194,primary,0
Endodontics/lyria__P0194__b1.png,Endodontics,lyria,lyria:P0194,primary,0
Endodontics/lyria__P0194__b2.png,Endodontics,lyria,lyria:P0194,primary,0
Endodontics/lyria__P0195__b0.png,Endodontics,lyria,lyria:P0195,primary,0
Endodontics/lyria__P0196__b0.png,Endodontics,lyria,lyria:P0196,primary,0
Endodontics/lyria__P0196__b1.png,Endodontics,lyria,lyria:P0196,primary,0
Endodontics/lyria__P0196__b2.png,Endodontics,lyria,lyria:P0196,primary,0
Endodontics/lyria__P0019__b0.png,Endodontics,lyria,lyria:P0019,primary,0
Endodontics/lyria__P0019__b1.png,Endodontics,lyria,lyria:P0019,primary,0
Endodontics/lyria__P0198__b0.png,Endodontics,lyria,lyria:P0198,primary,0
Endodontics/lyria__P0198__b1.png,Endodontics,lyria,lyria:P0198,primary,0
Endodontics/lyria__P0198__b2.png,Endodontics,lyria,lyria:P0198,primary,0
Endodontics/lyria__P0201__b0.png,Endodontics,lyria,lyria:P0201,primary,0
Endodontics/lyria__P0202__b0.png,Endodontics,lyria,lyria:P0202,primary,0
Endodontics/lyria__P0202__b1.png,Endodontics,lyria,lyria:P0202,primary,0
Implant/lyria__P0202__b0.png,Implant,lyria,lyria:P0202,primary,0
Endodontics/lyria__P0205__b0.png,Endodontics,lyria,lyria:P0205,primary,0
Endodontics/lyria__P0205__b1.png,Endodontics,lyria,lyria:P0205,primary,0
Endodontics/lyria__P0205__b2.png,Endodontics,lyria,lyria:P0205,primary,0
Endodontics/lyria__P0206__b0.png,Endodontics,lyria,lyria:P0206,primary,0
Endodontics/lyria__P0206__b1.png,Endodontics,lyria,lyria:P0206,primary,0
Endodontics/lyria__P0207__b0.png,Endodontics,lyria,lyria:P0207,primary,0
Endodontics/lyria__P0207__b1.png,Endodontics,lyria,lyria:P0207,primary,0
Endodontics/lyria__P0208__b0.png,Endodontics,lyria,lyria:P0208,primary,0
Endodontics/lyria__P0208__b1.png,Endodontics,lyria,lyria:P0208,primary,0
Endodontics/lyria__P0208__b2.png,Endodontics,lyria,lyria:P0208,primary,0
Endodontics/lyria__P0208__b3.png,Endodontics,lyria,lyria:P0208,primary,0
Endodontics/lyria__P0209__b0.png,Endodontics,lyria,lyria:P0209,primary,0
Endodontics/lyria__P0209__b1.png,Endodontics,lyria,lyria:P0209,primary,0
Endodontics/lyria__P0209__b2.png,Endodontics,lyria,lyria:P0209,primary,0
Endodontics/lyria__P0209__b3.png,Endodontics,lyria,lyria:P0209,primary,0
Endodontics/lyria__P0211__b0.png,Endodontics,lyria,lyria:P0211,primary,0
Endodontics/lyria__P0212__b0.png,Endodontics,lyria,lyria:P0212,primary,0
Endodontics/lyria__P0212__b1.png,Endodontics,lyria,lyria:P0212,primary,0
Endodontics/lyria__P0212__b2.png,Endodontics,lyria,lyria:P0212,primary,0
Endodontics/lyria__P0212__b3.png,Endodontics,lyria,lyria:P0212,primary,0
Endodontics/lyria__P0213__b0.png,Endodontics,lyria,lyria:P0213,primary,0
Endodontics/lyria__P0213__b1.png,Endodontics,lyria,lyria:P0213,primary,0
Endodontics/lyria__P0213__b2.png,Endodontics,lyria,lyria:P0213,primary,0
Endodontics/lyria__P0213__b3.png,Endodontics,lyria,lyria:P0213,primary,0
Endodontics/lyria__P0213__b4.png,Endodontics,lyria,lyria:P0213,primary,0
Endodontics/lyria__P0213__b5.png,Endodontics,lyria,lyria:P0213,primary,0
Endodontics/lyria__P0213__b6.png,Endodontics,lyria,lyria:P0213,primary,0
Endodontics/lyria__P0213__b7.png,Endodontics,lyria,lyria:P0213,primary,0
Endodontics/lyria__P0213__b8.png,Endodontics,lyria,lyria:P0213,primary,0
Endodontics/lyria__P0213__b9.png,Endodontics,lyria,lyria:P0213,primary,0
Implant/lyria__P0213__b0.png,Implant,lyria,lyria:P0213,primary,0
Endodontics/lyria__P0213__b10.png,Endodontics,lyria,lyria:P0213,primary,0
Endodontics/lyria__P0214__b0.png,Endodontics,lyria,lyria:P0214,primary,0
Impacted/lyria__P0214__b0.png,Impacted,lyria,lyria:P0214,primary,0
Endodontics/lyria__P0214__b1.png,Endodontics,lyria,lyria:P0214,primary,0
Endodontics/lyria__P0215__b0.png,Endodontics,lyria,lyria:P0215,primary,0
Impacted/lyria__P0020__b0.png,Impacted,lyria,lyria:P0020,primary,0
Impacted/lyria__P0020__b1.png,Impacted,lyria,lyria:P0020,primary,0
Impacted/lyria__P0020__b2.png,Impacted,lyria,lyria:P0020,primary,0
Impacted/lyria__P0020__b3.png,Impacted,lyria,lyria:P0020,primary,0
Endodontics/lyria__P0216__b0.png,Endodontics,lyria,lyria:P0216,primary,0
Endodontics/lyria__P0216__b1.png,Endodontics,lyria,lyria:P0216,primary,0
Endodontics/lyria__P0218__b0.png,Endodontics,lyria,lyria:P0218,primary,0
Endodontics/lyria__P0218__b1.png,Endodontics,lyria,lyria:P0218,primary,0
Endodontics/lyria__P0218__b2.png,Endodontics,lyria,lyria:P0218,primary,0
Endodontics/lyria__P0220__b0.png,Endodontics,lyria,lyria:P0220,primary,0
Endodontics/lyria__P0220__b1.png,Endodontics,lyria,lyria:P0220,primary,0
Endodontics/lyria__P0221__b0.png,Endodontics,lyria,lyria:P0221,primary,0
Endodontics/lyria__P0221__b1.png,Endodontics,lyria,lyria:P0221,primary,0
Impacted/lyria__P0221__b0.png,Impacted,lyria,lyria:P0221,primary,0
Endodontics/lyria__P0222__b0.png,Endodontics,lyria,lyria:P0222,primary,0
Endodontics/lyria__P0223__b0.png,Endodontics,lyria,lyria:P0223,primary,0
Endodontics/lyria__P0224__b0.png,Endodontics,lyria,lyria:P0224,primary,0
Endodontics/lyria__P0224__b1.png,Endodontics,lyria,lyria:P0224,primary,0
Endodontics/lyria__P0021__b0.png,Endodontics,lyria,lyria:P0021,primary,0
Endodontics/lyria__P0021__b1.png,Endodontics,lyria,lyria:P0021,primary,0
Endodontics/lyria__P0021__b2.png,Endodontics,lyria,lyria:P0021,primary,0
Endodontics/lyria__P0021__b3.png,Endodontics,lyria,lyria:P0021,primary,0
Endodontics/lyria__P0227__b0.png,Endodontics,lyria,lyria:P0227,primary,0
Endodontics/lyria__P0227__b1.png,Endodontics,lyria,lyria:P0227,primary,0
Endodontics/lyria__P0227__b2.png,Endodontics,lyria,lyria:P0227,primary,0
Endodontics/lyria__P0227__b3.png,Endodontics,lyria,lyria:P0227,primary,0
Endodontics/lyria__P0227__b4.png,Endodontics,lyria,lyria:P0227,primary,0
Endodontics/lyria__P0227__b5.png,Endodontics,lyria,lyria:P0227,primary,0
Endodontics/lyria__P0227__b6.png,Endodontics,lyria,lyria:P0227,primary,0
Endodontics/lyria__P0229__b0.png,Endodontics,lyria,lyria:P0229,primary,0
Impacted/lyria__P0229__b0.png,Impacted,lyria,lyria:P0229,primary,0
Endodontics/lyria__P0229__b1.png,Endodontics,lyria,lyria:P0229,primary,0
Impacted/lyria__P0229__b1.png,Impacted,lyria,lyria:P0229,primary,0
Endodontics/lyria__P0230__b0.png,Endodontics,lyria,lyria:P0230,primary,0
Endodontics/lyria__P0230__b1.png,Endodontics,lyria,lyria:P0230,primary,0
Endodontics/lyria__P0022__b0.png,Endodontics,lyria,lyria:P0022,primary,0
Endodontics/lyria__P0232__b0.png,Endodontics,lyria,lyria:P0232,primary,0
Endodontics/lyria__P0234__b0.png,Endodontics,lyria,lyria:P0234,primary,0
Endodontics/lyria__P0234__b1.png,Endodontics,lyria,lyria:P0234,primary,0
Endodontics/lyria__P0235__b0.png,Endodontics,lyria,lyria:P0235,primary,0
Impacted/lyria__P0238__b0.png,Impacted,lyria,lyria:P0238,primary,0
Impacted/lyria__P0238__b1.png,Impacted,lyria,lyria:P0238,primary,0
Endodontics/lyria__P0239__b0.png,Endodontics,lyria,lyria:P0239,primary,0
Endodontics/lyria__P0239__b1.png,Endodontics,lyria,lyria:P0239,primary,0
Endodontics/lyria__P0240__b0.png,Endodontics,lyria,lyria:P0240,primary,0
Endodontics/lyria__P0241__b0.png,Endodontics,lyria,lyria:P0241,primary,0
Endodontics/lyria__P0241__b1.png,Endodontics,lyria,lyria:P0241,primary,0
Endodontics/lyria__P0241__b2.png,Endodontics,lyria,lyria:P0241,primary,0
Endodontics/lyria__P0241__b3.png,Endodontics,lyria,lyria:P0241,primary,0
Endodontics/lyria__P0243__b0.png,Endodontics,lyria,lyria:P0243,primary,0
Endodontics/lyria__P0244__b0.png,Endodontics,lyria,lyria:P0244,primary,0
Endodontics/lyria__P0244__b1.png,Endodontics,lyria,lyria:P0244,primary,0
Endodontics/lyria__P0244__b2.png,Endodontics,lyria,lyria:P0244,primary,0
Endodontics/lyria__P0244__b3.png,Endodontics,lyria,lyria:P0244,primary,0
Endodontics/lyria__P0244__b4.png,Endodontics,lyria,lyria:P0244,primary,0
Endodontics/lyria__P0244__b5.png,Endodontics,lyria,lyria:P0244,primary,0
Endodontics/lyria__P0244__b6.png,Endodontics,lyria,lyria:P0244,primary,0
Endodontics/lyria__P0244__b7.png,Endodontics,lyria,lyria:P0244,primary,0
Endodontics/lyria__P0244__b8.png,Endodontics,lyria,lyria:P0244,primary,0
Endodontics/lyria__P0244__b9.png,Endodontics,lyria,lyria:P0244,primary,0
Endodontics/lyria__P0245__b0.png,Endodontics,lyria,lyria:P0245,primary,0
Endodontics/lyria__P0245__b1.png,Endodontics,lyria,lyria:P0245,primary,0
Endodontics/lyria__P0245__b2.png,Endodontics,lyria,lyria:P0245,primary,0
Endodontics/lyria__P0245__b3.png,Endodontics,lyria,lyria:P0245,primary,0
Endodontics/lyria__P0245__b4.png,Endodontics,lyria,lyria:P0245,primary,0
Endodontics/lyria__P0245__b5.png,Endodontics,lyria,lyria:P0245,primary,0
Endodontics/lyria__P0246__b0.png,Endodontics,lyria,lyria:P0246,primary,0
Endodontics/lyria__P0246__b1.png,Endodontics,lyria,lyria:P0246,primary,0
Endodontics/lyria__P0247__b0.png,Endodontics,lyria,lyria:P0247,primary,0
Endodontics/lyria__P0247__b1.png,Endodontics,lyria,lyria:P0247,primary,0
Endodontics/lyria__P0247__b2.png,Endodontics,lyria,lyria:P0247,primary,0
Endodontics/lyria__P0247__b3.png,Endodontics,lyria,lyria:P0247,primary,0
Endodontics/lyria__P0247__b4.png,Endodontics,lyria,lyria:P0247,primary,0
Endodontics/lyria__P0247__b5.png,Endodontics,lyria,lyria:P0247,primary,0
Endodontics/lyria__P0247__b6.png,Endodontics,lyria,lyria:P0247,primary,0
Endodontics/lyria__P0247__b7.png,Endodontics,lyria,lyria:P0247,primary,0
Endodontics/lyria__P0247__b8.png,Endodontics,lyria,lyria:P0247,primary,0
Endodontics/lyria__P0247__b9.png,Endodontics,lyria,lyria:P0247,primary,0
Endodontics/lyria__P0249__b0.png,Endodontics,lyria,lyria:P0249,primary,0
Endodontics/lyria__P0249__b1.png,Endodontics,lyria,lyria:P0249,primary,0
Endodontics/lyria__P0249__b2.png,Endodontics,lyria,lyria:P0249,primary,0
Endodontics/lyria__P0249__b3.png,Endodontics,lyria,lyria:P0249,primary,0
Endodontics/lyria__P0024__b0.png,Endodontics,lyria,lyria:P0024,primary,0
Endodontics/lyria__P0024__b1.png,Endodontics,lyria,lyria:P0024,primary,0
Endodontics/lyria__P0251__b0.png,Endodontics,lyria,lyria:P0251,primary,0
Endodontics/lyria__P0251__b1.png,Endodontics,lyria,lyria:P0251,primary,0
Endodontics/lyria__P0251__b2.png,Endodontics,lyria,lyria:P0251,primary,0
Endodontics/lyria__P0025__b0.png,Endodontics,lyria,lyria:P0025,primary,0
Endodontics/lyria__P0025__b1.png,Endodontics,lyria,lyria:P0025,primary,0
Endodontics/lyria__P0025__b2.png,Endodontics,lyria,lyria:P0025,primary,0
Endodontics/lyria__P0254__b0.png,Endodontics,lyria,lyria:P0254,primary,0
Impacted/lyria__P0255__b0.png,Impacted,lyria,lyria:P0255,primary,0
Impacted/lyria__P0255__b1.png,Impacted,lyria,lyria:P0255,primary,0
Impacted/lyria__P0255__b2.png,Impacted,lyria,lyria:P0255,primary,0
Endodontics/lyria__P0256__b0.png,Endodontics,lyria,lyria:P0256,primary,0
Endodontics/lyria__P0256__b1.png,Endodontics,lyria,lyria:P0256,primary,0
Endodontics/lyria__P0259__b0.png,Endodontics,lyria,lyria:P0259,primary,0
Endodontics/lyria__P0260__b0.png,Endodontics,lyria,lyria:P0260,primary,0
Endodontics/lyria__P0260__b1.png,Endodontics,lyria,lyria:P0260,primary,0
Impacted/lyria__P0260__b0.png,Impacted,lyria,lyria:P0260,primary,0
Endodontics/lyria__P0260__b2.png,Endodontics,lyria,lyria:P0260,primary,0
Impacted/lyria__P0262__b0.png,Impacted,lyria,lyria:P0262,primary,0
Impacted/lyria__P0262__b1.png,Impacted,lyria,lyria:P0262,primary,0
Impacted/lyria__P0262__b2.png,Impacted,lyria,lyria:P0262,primary,0
Impacted/lyria__P0262__b3.png,Impacted,lyria,lyria:P0262,primary,0
Endodontics/lyria__P0262__b0.png,Endodontics,lyria,lyria:P0262,primary,0
Endodontics/lyria__P0263__b0.png,Endodontics,lyria,lyria:P0263,primary,0
Implant/lyria__P0263__b0.png,Implant,lyria,lyria:P0263,primary,0
Endodontics/lyria__P0263__b1.png,Endodontics,lyria,lyria:P0263,primary,0
Endodontics/lyria__P0263__b2.png,Endodontics,lyria,lyria:P0263,primary,0
Endodontics/lyria__P0263__b3.png,Endodontics,lyria,lyria:P0263,primary,0
Endodontics/lyria__P0263__b4.png,Endodontics,lyria,lyria:P0263,primary,0
Endodontics/lyria__P0263__b5.png,Endodontics,lyria,lyria:P0263,primary,0
Endodontics/lyria__P0263__b6.png,Endodontics,lyria,lyria:P0263,primary,0
Endodontics/lyria__P0263__b7.png,Endodontics,lyria,lyria:P0263,primary,0
Endodontics/lyria__P0263__b8.png,Endodontics,lyria,lyria:P0263,primary,0
Endodontics/lyria__P0263__b9.png,Endodontics,lyria,lyria:P0263,primary,0
Endodontics/lyria__P0263__b10.png,Endodontics,lyria,lyria:P0263,primary,0
Endodontics/lyria__P0263__b11.png,Endodontics,lyria,lyria:P0263,primary,0
Endodontics/lyria__P0263__b12.png,Endodontics,lyria,lyria:P0263,primary,0
Impacted/lyria__P0027__b0.png,Impacted,lyria,lyria:P0027,primary,0
Impacted/lyria__P0027__b1.png,Impacted,lyria,lyria:P0027,primary,0
Endodontics/lyria__P0027__b0.png,Endodontics,lyria,lyria:P0027,primary,0
Impacted/lyria__P0265__b0.png,Impacted,lyria,lyria:P0265,primary,0
Endodontics/lyria__P0266__b0.png,Endodontics,lyria,lyria:P0266,primary,0
Impacted/lyria__P0028__b0.png,Impacted,lyria,lyria:P0028,primary,0
Impacted/lyria__P0028__b1.png,Impacted,lyria,lyria:P0028,primary,0
Endodontics/lyria__P0267__b0.png,Endodontics,lyria,lyria:P0267,primary,0
Endodontics/lyria__P0267__b1.png,Endodontics,lyria,lyria:P0267,primary,0
Endodontics/lyria__P0267__b2.png,Endodontics,lyria,lyria:P0267,primary,0
Impacted/lyria__P0267__b0.png,Impacted,lyria,lyria:P0267,primary,0
Endodontics/lyria__P0267__b3.png,Endodontics,lyria,lyria:P0267,primary,0
Endodontics/lyria__P0268__b0.png,Endodontics,lyria,lyria:P0268,primary,0
Endodontics/lyria__P0268__b1.png,Endodontics,lyria,lyria:P0268,primary,0
Endodontics/lyria__P0269__b0.png,Endodontics,lyria,lyria:P0269,primary,0
Impacted/lyria__P0270__b0.png,Impacted,lyria,lyria:P0270,primary,0
Endodontics/lyria__P0270__b0.png,Endodontics,lyria,lyria:P0270,primary,0
Endodontics/lyria__P0270__b1.png,Endodontics,lyria,lyria:P0270,primary,0
Impacted/lyria__P0270__b1.png,Impacted,lyria,lyria:P0270,primary,0
Endodontics/lyria__P0271__b0.png,Endodontics,lyria,lyria:P0271,primary,0
Endodontics/lyria__P0271__b1.png,Endodontics,lyria,lyria:P0271,primary,0
Endodontics/lyria__P0272__b0.png,Endodontics,lyria,lyria:P0272,primary,0
Endodontics/lyria__P0272__b1.png,Endodontics,lyria,lyria:P0272,primary,0
Endodontics/lyria__P0273__b0.png,Endodontics,lyria,lyria:P0273,primary,0
Endodontics/lyria__P0273__b1.png,Endodontics,lyria,lyria:P0273,primary,0
Endodontics/lyria__P0273__b2.png,Endodontics,lyria,lyria:P0273,primary,0
Endodontics/lyria__P0273__b3.png,Endodontics,lyria,lyria:P0273,primary,0
Endodontics/lyria__P0274__b0.png,Endodontics,lyria,lyria:P0274,primary,0
Endodontics/lyria__P0274__b1.png,Endodontics,lyria,lyria:P0274,primary,0
Endodontics/lyria__P0276__b0.png,Endodontics,lyria,lyria:P0276,primary,0
Endodontics/lyria__P0276__b1.png,Endodontics,lyria,lyria:P0276,primary,0
Endodontics/lyria__P0277__b0.png,Endodontics,lyria,lyria:P0277,primary,0
Endodontics/lyria__P0277__b1.png,Endodontics,lyria,lyria:P0277,primary,0
Endodontics/lyria__P0277__b2.png,Endodontics,lyria,lyria:P0277,primary,0
Endodontics/lyria__P0277__b3.png,Endodontics,lyria,lyria:P0277,primary,0
Endodontics/lyria__P0277__b4.png,Endodontics,lyria,lyria:P0277,primary,0
Endodontics/lyria__P0278__b0.png,Endodontics,lyria,lyria:P0278,primary,0
Endodontics/lyria__P0279__b0.png,Endodontics,lyria,lyria:P0279,primary,0
Impacted/lyria__P0280__b0.png,Impacted,lyria,lyria:P0280,primary,0
Endodontics/lyria__P0280__b0.png,Endodontics,lyria,lyria:P0280,primary,0
Endodontics/lyria__P0280__b1.png,Endodontics,lyria,lyria:P0280,primary,0
Endodontics/lyria__P0280__b2.png,Endodontics,lyria,lyria:P0280,primary,0
Endodontics/lyria__P0281__b0.png,Endodontics,lyria,lyria:P0281,primary,0
Endodontics/lyria__P0281__b1.png,Endodontics,lyria,lyria:P0281,primary,0
Endodontics/lyria__P0281__b2.png,Endodontics,lyria,lyria:P0281,primary,0
Endodontics/lyria__P0284__b0.png,Endodontics,lyria,lyria:P0284,primary,0
Endodontics/lyria__P0284__b1.png,Endodontics,lyria,lyria:P0284,primary,0
Endodontics/lyria__P0029__b0.png,Endodontics,lyria,lyria:P0029,primary,0
Endodontics/lyria__P0029__b1.png,Endodontics,lyria,lyria:P0029,primary,0
Endodontics/lyria__P0029__b2.png,Endodontics,lyria,lyria:P0029,primary,0
Endodontics/lyria__P0286__b0.png,Endodontics,lyria,lyria:P0286,primary,0
Endodontics/lyria__P0286__b1.png,Endodontics,lyria,lyria:P0286,primary,0
Endodontics/lyria__P0286__b2.png,Endodontics,lyria,lyria:P0286,primary,0
Endodontics/lyria__P0286__b3.png,Endodontics,lyria,lyria:P0286,primary,0
Endodontics/lyria__P0286__b4.png,Endodontics,lyria,lyria:P0286,primary,0
Impacted/lyria__P0286__b0.png,Impacted,lyria,lyria:P0286,primary,0
Endodontics/lyria__P0286__b5.png,Endodontics,lyria,lyria:P0286,primary,0
Endodontics/lyria__P0286__b6.png,Endodontics,lyria,lyria:P0286,primary,0
Endodontics/lyria__P0286__b7.png,Endodontics,lyria,lyria:P0286,primary,0
Endodontics/lyria__P0287__b0.png,Endodontics,lyria,lyria:P0287,primary,0
Endodontics/lyria__P0287__b1.png,Endodontics,lyria,lyria:P0287,primary,0
Endodontics/lyria__P0287__b2.png,Endodontics,lyria,lyria:P0287,primary,0
Impacted/lyria__P0287__b0.png,Impacted,lyria,lyria:P0287,primary,0
Impacted/lyria__P0287__b1.png,Impacted,lyria,lyria:P0287,primary,0
Impacted/lyria__P0288__b0.png,Impacted,lyria,lyria:P0288,primary,0
Endodontics/lyria__P0288__b0.png,Endodontics,lyria,lyria:P0288,primary,0
Endodontics/lyria__P0289__b0.png,Endodontics,lyria,lyria:P0289,primary,0
Endodontics/lyria__P0289__b1.png,Endodontics,lyria,lyria:P0289,primary,0
Endodontics/lyria__P0289__b2.png,Endodontics,lyria,lyria:P0289,primary,0
Endodontics/lyria__P0289__b3.png,Endodontics,lyria,lyria:P0289,primary,0
Endodontics/lyria__P0289__b4.png,Endodontics,lyria,lyria:P0289,primary,0
Endodontics/lyria__P0289__b5.png,Endodontics,lyria,lyria:P0289,primary,0
Endodontics/lyria__P0289__b6.png,Endodontics,lyria,lyria:P0289,primary,0
Endodontics/lyria__P0290__b0.png,Endodontics,lyria,lyria:P0290,primary,0
Endodontics/lyria__P0290__b1.png,Endodontics,lyria,lyria:P0290,primary,0
Endodontics/lyria__P0291__b0.png,Endodontics,lyria,lyria:P0291,primary,0
Endodontics/lyria__P0292__b0.png,Endodontics,lyria,lyria:P0292,primary,0
Endodontics/lyria__P0292__b1.png,Endodontics,lyria,lyria:P0292,primary,0
Endodontics/lyria__P0292__b2.png,Endodontics,lyria,lyria:P0292,primary,0
Endodontics/lyria__P0293__b0.png,Endodontics,lyria,lyria:P0293,primary,0
Endodontics/lyria__P0295__b0.png,Endodontics,lyria,lyria:P0295,primary,0
Endodontics/lyria__P0295__b1.png,Endodontics,lyria,lyria:P0295,primary,0
Endodontics/lyria__P0295__b2.png,Endodontics,lyria,lyria:P0295,primary,0
Endodontics/lyria__P0295__b3.png,Endodontics,lyria,lyria:P0295,primary,0
Endodontics/lyria__P0296__b0.png,Endodontics,lyria,lyria:P0296,primary,0
Endodontics/lyria__P0296__b1.png,Endodontics,lyria,lyria:P0296,primary,0
Endodontics/lyria__P0296__b2.png,Endodontics,lyria,lyria:P0296,primary,0
Endodontics/lyria__P0296__b3.png,Endodontics,lyria,lyria:P0296,primary,0
Endodontics/lyria__P0296__b4.png,Endodontics,lyria,lyria:P0296,primary,0
Impacted/lyria__P0297__b0.png,Impacted,lyria,lyria:P0297,primary,0
Endodontics/lyria__P0297__b0.png,Endodontics,lyria,lyria:P0297,primary,0
Endodontics/lyria__P0297__b1.png,Endodontics,lyria,lyria:P0297,primary,0
Impacted/lyria__P0301__b0.png,Impacted,lyria,lyria:P0301,primary,0
Endodontics/lyria__P0303__b0.png,Endodontics,lyria,lyria:P0303,primary,0
Endodontics/lyria__P0304__b0.png,Endodontics,lyria,lyria:P0304,primary,0
Endodontics/lyria__P0304__b1.png,Endodontics,lyria,lyria:P0304,primary,0
Endodontics/lyria__P0304__b2.png,Endodontics,lyria,lyria:P0304,primary,0
Implant/lyria__P0304__b0.png,Implant,lyria,lyria:P0304,primary,0
Endodontics/lyria__P0304__b3.png,Endodontics,lyria,lyria:P0304,primary,0
Endodontics/lyria__P0304__b4.png,Endodontics,lyria,lyria:P0304,primary,0
Endodontics/lyria__P0305__b0.png,Endodontics,lyria,lyria:P0305,primary,0
Endodontics/lyria__P0305__b1.png,Endodontics,lyria,lyria:P0305,primary,0
Endodontics/lyria__P0305__b2.png,Endodontics,lyria,lyria:P0305,primary,0
Endodontics/lyria__P0305__b3.png,Endodontics,lyria,lyria:P0305,primary,0
Endodontics/lyria__P0305__b4.png,Endodontics,lyria,lyria:P0305,primary,0
Endodontics/lyria__P0305__b5.png,Endodontics,lyria,lyria:P0305,primary,0
Endodontics/lyria__P0305__b6.png,Endodontics,lyria,lyria:P0305,primary,0
Endodontics/lyria__P0305__b7.png,Endodontics,lyria,lyria:P0305,primary,0
Endodontics/lyria__P0305__b8.png,Endodontics,lyria,lyria:P0305,primary,0
Impacted/lyria__P0306__b0.png,Impacted,lyria,lyria:P0306,primary,0
Impacted/lyria__P0306__b1.png,Impacted,lyria,lyria:P0306,primary,0
Impacted/lyria__P0306__b2.png,Impacted,lyria,lyria:P0306,primary,0
Endodontics/lyria__P0307__b0.png,Endodontics,lyria,lyria:P0307,primary,0
Endodontics/lyria__P0307__b1.png,Endodontics,lyria,lyria:P0307,primary,0
Endodontics/lyria__P0307__b2.png,Endodontics,lyria,lyria:P0307,primary,0
Endodontics/lyria__P0307__b3.png,Endodontics,lyria,lyria:P0307,primary,0
Endodontics/lyria__P0309__b0.png,Endodontics,lyria,lyria:P0309,primary,0
Endodontics/lyria__P0309__b1.png,Endodontics,lyria,lyria:P0309,primary,0
Endodontics/lyria__P0031__b0.png,Endodontics,lyria,lyria:P0031,primary,0
Endodontics/lyria__P0031__b1.png,Endodontics,lyria,lyria:P0031,primary,0
Endodontics/lyria__P0310__b0.png,Endodontics,lyria,lyria:P0310,primary,0
Endodontics/lyria__P0310__b1.png,Endodontics,lyria,lyria:P0310,primary,0
Endodontics/lyria__P0310__b2.png,Endodontics,lyria,lyria:P0310,primary,0
Endodontics/lyria__P0310__b3.png,Endodontics,lyria,lyria:P0310,primary,0
Endodontics/lyria__P0310__b4.png,Endodontics,lyria,lyria:P0310,primary,0
Endodontics/lyria__P0310__b5.png,Endodontics,lyria,lyria:P0310,primary,0
Endodontics/lyria__P0310__b6.png,Endodontics,lyria,lyria:P0310,primary,0
Endodontics/lyria__P0310__b7.png,Endodontics,lyria,lyria:P0310,primary,0
Impacted/lyria__P0311__b0.png,Impacted,lyria,lyria:P0311,primary,0
Impacted/lyria__P0311__b1.png,Impacted,lyria,lyria:P0311,primary,0
Impacted/lyria__P0311__b2.png,Impacted,lyria,lyria:P0311,primary,0
Endodontics/lyria__P0312__b0.png,Endodontics,lyria,lyria:P0312,primary,0
Endodontics/lyria__P0313__b0.png,Endodontics,lyria,lyria:P0313,primary,0
Endodontics/lyria__P0313__b1.png,Endodontics,lyria,lyria:P0313,primary,0
Endodontics/lyria__P0313__b2.png,Endodontics,lyria,lyria:P0313,primary,0
Endodontics/lyria__P0313__b3.png,Endodontics,lyria,lyria:P0313,primary,0
Endodontics/lyria__P0315__b0.png,Endodontics,lyria,lyria:P0315,primary,0
Endodontics/lyria__P0315__b1.png,Endodontics,lyria,lyria:P0315,primary,0
Endodontics/lyria__P0315__b2.png,Endodontics,lyria,lyria:P0315,primary,0
Endodontics/lyria__P0315__b3.png,Endodontics,lyria,lyria:P0315,primary,0
Endodontics/lyria__P0315__b4.png,Endodontics,lyria,lyria:P0315,primary,0
Endodontics/lyria__P0315__b5.png,Endodontics,lyria,lyria:P0315,primary,0
Impacted/lyria__P0317__b0.png,Impacted,lyria,lyria:P0317,primary,0
Endodontics/lyria__P0317__b0.png,Endodontics,lyria,lyria:P0317,primary,0
Impacted/lyria__P0317__b1.png,Impacted,lyria,lyria:P0317,primary,0
Impacted/lyria__P0318__b0.png,Impacted,lyria,lyria:P0318,primary,0
Impacted/lyria__P0032__b0.png,Impacted,lyria,lyria:P0032,primary,0
Impacted/lyria__P0032__b1.png,Impacted,lyria,lyria:P0032,primary,0
Endodontics/lyria__P0032__b0.png,Endodontics,lyria,lyria:P0032,primary,0
Impacted/lyria__P0320__b0.png,Impacted,lyria,lyria:P0320,primary,0
Endodontics/lyria__P0323__b0.png,Endodontics,lyria,lyria:P0323,primary,0
Implant/lyria__P0325__b0.png,Implant,lyria,lyria:P0325,primary,0
Implant/lyria__P0325__b1.png,Implant,lyria,lyria:P0325,primary,0
Implant/lyria__P0325__b2.png,Implant,lyria,lyria:P0325,primary,0
Implant/lyria__P0325__b3.png,Implant,lyria,lyria:P0325,primary,0
Implant/lyria__P0325__b4.png,Implant,lyria,lyria:P0325,primary,0
Endodontics/lyria__P0325__b0.png,Endodontics,lyria,lyria:P0325,primary,0
Endodontics/lyria__P0326__b0.png,Endodontics,lyria,lyria:P0326,primary,0
Impacted/lyria__P0326__b0.png,Impacted,lyria,lyria:P0326,primary,0
Endodontics/lyria__P0328__b0.png,Endodontics,lyria,lyria:P0328,primary,0
Endodontics/lyria__P0329__b0.png,Endodontics,lyria,lyria:P0329,primary,0
Endodontics/lyria__P0329__b1.png,Endodontics,lyria,lyria:P0329,primary,0
Endodontics/lyria__P0331__b0.png,Endodontics,lyria,lyria:P0331,primary,0
Endodontics/lyria__P0331__b1.png,Endodontics,lyria,lyria:P0331,primary,0
Impacted/lyria__P0331__b0.png,Impacted,lyria,lyria:P0331,primary,0
Endodontics/lyria__P0332__b0.png,Endodontics,lyria,lyria:P0332,primary,0
Endodontics/lyria__P0332__b1.png,Endodontics,lyria,lyria:P0332,primary,0
Endodontics/lyria__P0334__b0.png,Endodontics,lyria,lyria:P0334,primary,0
Impacted/lyria__P0334__b0.png,Impacted,lyria,lyria:P0334,primary,0
Endodontics/lyria__P0034__b0.png,Endodontics,lyria,lyria:P0034,primary,0
Endodontics/lyria__P0034__b1.png,Endodontics,lyria,lyria:P0034,primary,0
Endodontics/lyria__P0034__b2.png,Endodontics,lyria,lyria:P0034,primary,0
Endodontics/lyria__P0034__b3.png,Endodontics,lyria,lyria:P0034,primary,0
Endodontics/lyria__P0034__b4.png,Endodontics,lyria,lyria:P0034,primary,0
Impacted/lyria__P0338__b0.png,Impacted,lyria,lyria:P0338,primary,0
Impacted/lyria__P0341__b0.png,Impacted,lyria,lyria:P0341,primary,0
Endodontics/lyria__P0342__b0.png,Endodontics,lyria,lyria:P0342,primary,0
Endodontics/lyria__P0342__b1.png,Endodontics,lyria,lyria:P0342,primary,0
Endodontics/lyria__P0342__b2.png,Endodontics,lyria,lyria:P0342,primary,0
Endodontics/lyria__P0343__b0.png,Endodontics,lyria,lyria:P0343,primary,0
Endodontics/lyria__P0343__b1.png,Endodontics,lyria,lyria:P0343,primary,0
Endodontics/lyria__P0343__b2.png,Endodontics,lyria,lyria:P0343,primary,0
Endodontics/lyria__P0343__b3.png,Endodontics,lyria,lyria:P0343,primary,0
Endodontics/lyria__P0343__b4.png,Endodontics,lyria,lyria:P0343,primary,0
Endodontics/lyria__P0346__b0.png,Endodontics,lyria,lyria:P0346,primary,0
Endodontics/lyria__P0348__b0.png,Endodontics,lyria,lyria:P0348,primary,0
Impacted/lyria__P0348__b0.png,Impacted,lyria,lyria:P0348,primary,0
Endodontics/lyria__P0350__b0.png,Endodontics,lyria,lyria:P0350,primary,0
Implant/lyria__P0350__b0.png,Implant,lyria,lyria:P0350,primary,0
Endodontics/lyria__P0350__b1.png,Endodontics,lyria,lyria:P0350,primary,0
Endodontics/lyria__P0350__b2.png,Endodontics,lyria,lyria:P0350,primary,0
Endodontics/lyria__P0350__b3.png,Endodontics,lyria,lyria:P0350,primary,0
Endodontics/lyria__P0350__b4.png,Endodontics,lyria,lyria:P0350,primary,0
Implant/lyria__P0350__b1.png,Implant,lyria,lyria:P0350,primary,0
Endodontics/lyria__P0350__b5.png,Endodontics,lyria,lyria:P0350,primary,0
Implant/lyria__P0350__b2.png,Implant,lyria,lyria:P0350,primary,0
Endodontics/lyria__P0350__b6.png,Endodontics,lyria,lyria:P0350,primary,0
Endodontics/lyria__P0350__b7.png,Endodontics,lyria,lyria:P0350,primary,0
Endodontics/lyria__P0350__b8.png,Endodontics,lyria,lyria:P0350,primary,0
Endodontics/lyria__P0350__b9.png,Endodontics,lyria,lyria:P0350,primary,0
Implant/lyria__P0350__b3.png,Implant,lyria,lyria:P0350,primary,0
Impacted/lyria__P0353__b0.png,Impacted,lyria,lyria:P0353,primary,0
Impacted/lyria__P0354__b0.png,Impacted,lyria,lyria:P0354,primary,0
Endodontics/lyria__P0354__b0.png,Endodontics,lyria,lyria:P0354,primary,0
Endodontics/lyria__P0357__b0.png,Endodontics,lyria,lyria:P0357,primary,0
Endodontics/lyria__P0358__b0.png,Endodontics,lyria,lyria:P0358,primary,0
Endodontics/lyria__P0358__b1.png,Endodontics,lyria,lyria:P0358,primary,0
Endodontics/lyria__P0358__b2.png,Endodontics,lyria,lyria:P0358,primary,0
Implant/lyria__P0358__b0.png,Implant,lyria,lyria:P0358,primary,0
Endodontics/lyria__P0358__b3.png,Endodontics,lyria,lyria:P0358,primary,0
Endodontics/lyria__P0036__b0.png,Endodontics,lyria,lyria:P0036,primary,0
Endodontics/lyria__P0036__b1.png,Endodontics,lyria,lyria:P0036,primary,0
Impacted/lyria__P0036__b0.png,Impacted,lyria,lyria:P0036,primary,0
Endodontics/lyria__P0036__b2.png,Endodontics,lyria,lyria:P0036,primary,0
Endodontics/lyria__P0036__b3.png,Endodontics,lyria,lyria:P0036,primary,0
Impacted/lyria__P0036__b1.png,Impacted,lyria,lyria:P0036,primary,0
Endodontics/lyria__P0361__b0.png,Endodontics,lyria,lyria:P0361,primary,0
Endodontics/lyria__P0361__b1.png,Endodontics,lyria,lyria:P0361,primary,0
Endodontics/lyria__P0361__b2.png,Endodontics,lyria,lyria:P0361,primary,0
Endodontics/lyria__P0362__b0.png,Endodontics,lyria,lyria:P0362,primary,0
Endodontics/lyria__P0362__b1.png,Endodontics,lyria,lyria:P0362,primary,0
Endodontics/lyria__P0362__b2.png,Endodontics,lyria,lyria:P0362,primary,0
Endodontics/lyria__P0037__b0.png,Endodontics,lyria,lyria:P0037,primary,0
Endodontics/lyria__P0363__b0.png,Endodontics,lyria,lyria:P0363,primary,0
Endodontics/lyria__P0363__b1.png,Endodontics,lyria,lyria:P0363,primary,0
Endodontics/lyria__P0363__b2.png,Endodontics,lyria,lyria:P0363,primary,0
Endodontics/lyria__P0363__b3.png,Endodontics,lyria,lyria:P0363,primary,0
Impacted/lyria__P0365__b0.png,Impacted,lyria,lyria:P0365,primary,0
Endodontics/lyria__P0366__b0.png,Endodontics,lyria,lyria:P0366,primary,0
Endodontics/lyria__P0366__b1.png,Endodontics,lyria,lyria:P0366,primary,0
Endodontics/lyria__P0368__b0.png,Endodontics,lyria,lyria:P0368,primary,0
Impacted/lyria__P0369__b0.png,Impacted,lyria,lyria:P0369,primary,0
Impacted/lyria__P0369__b1.png,Impacted,lyria,lyria:P0369,primary,0
Impacted/lyria__P0369__b2.png,Impacted,lyria,lyria:P0369,primary,0
Endodontics/lyria__P0370__b0.png,Endodontics,lyria,lyria:P0370,primary,0
Endodontics/lyria__P0370__b1.png,Endodontics,lyria,lyria:P0370,primary,0
Endodontics/lyria__P0370__b2.png,Endodontics,lyria,lyria:P0370,primary,0
Endodontics/lyria__P0370__b3.png,Endodontics,lyria,lyria:P0370,primary,0
Impacted/lyria__P0371__b0.png,Impacted,lyria,lyria:P0371,primary,0
Impacted/lyria__P0371__b1.png,Impacted,lyria,lyria:P0371,primary,0
Impacted/lyria__P0038__b0.png,Impacted,lyria,lyria:P0038,primary,0
Impacted/lyria__P0038__b1.png,Impacted,lyria,lyria:P0038,primary,0
Implant/lyria__P0373__b0.png,Implant,lyria,lyria:P0373,primary,0
Implant/lyria__P0373__b1.png,Implant,lyria,lyria:P0373,primary,0
Endodontics/lyria__P0374__b0.png,Endodontics,lyria,lyria:P0374,primary,0
Endodontics/lyria__P0374__b1.png,Endodontics,lyria,lyria:P0374,primary,0
Endodontics/lyria__P0375__b0.png,Endodontics,lyria,lyria:P0375,primary,0
Endodontics/lyria__P0375__b1.png,Endodontics,lyria,lyria:P0375,primary,0
Endodontics/lyria__P0375__b2.png,Endodontics,lyria,lyria:P0375,primary,0
Endodontics/lyria__P0375__b3.png,Endodontics,lyria,lyria:P0375,primary,0
Endodontics/lyria__P0375__b4.png,Endodontics,lyria,lyria:P0375,primary,0
Endodontics/lyria__P0375__b5.png,Endodontics,lyria,lyria:P0375,primary,0
Endodontics/lyria__P0375__b6.png,Endodontics,lyria,lyria:P0375,primary,0
Endodontics/lyria__P0376__b0.png,Endodontics,lyria,lyria:P0376,primary,0
Endodontics/lyria__P0376__b1.png,Endodontics,lyria,lyria:P0376,primary,0
Endodontics/lyria__P0376__b2.png,Endodontics,lyria,lyria:P0376,primary,0
Impacted/lyria__P0377__b0.png,Impacted,lyria,lyria:P0377,primary,0
Endodontics/lyria__P0379__b0.png,Endodontics,lyria,lyria:P0379,primary,0
Endodontics/lyria__P0379__b1.png,Endodontics,lyria,lyria:P0379,primary,0
Endodontics/lyria__P0380__b0.png,Endodontics,lyria,lyria:P0380,primary,0
Endodontics/lyria__P0380__b1.png,Endodontics,lyria,lyria:P0380,primary,0
Endodontics/lyria__P0380__b2.png,Endodontics,lyria,lyria:P0380,primary,0
Endodontics/lyria__P0380__b3.png,Endodontics,lyria,lyria:P0380,primary,0
Endodontics/lyria__P0381__b0.png,Endodontics,lyria,lyria:P0381,primary,0
Endodontics/lyria__P0381__b1.png,Endodontics,lyria,lyria:P0381,primary,0
Endodontics/lyria__P0381__b2.png,Endodontics,lyria,lyria:P0381,primary,0
Endodontics/lyria__P0381__b3.png,Endodontics,lyria,lyria:P0381,primary,0
Endodontics/lyria__P0381__b4.png,Endodontics,lyria,lyria:P0381,primary,0
Endodontics/lyria__P0382__b0.png,Endodontics,lyria,lyria:P0382,primary,0
Impacted/lyria__P0383__b0.png,Impacted,lyria,lyria:P0383,primary,0
Impacted/lyria__P0383__b1.png,Impacted,lyria,lyria:P0383,primary,0
Endodontics/lyria__P0384__b0.png,Endodontics,lyria,lyria:P0384,primary,0
Endodontics/lyria__P0384__b1.png,Endodontics,lyria,lyria:P0384,primary,0
Endodontics/lyria__P0385__b0.png,Endodontics,lyria,lyria:P0385,primary,0
Endodontics/lyria__P0386__b0.png,Endodontics,lyria,lyria:P0386,primary,0
Endodontics/lyria__P0386__b1.png,Endodontics,lyria,lyria:P0386,primary,0
Impacted/lyria__P0040__b0.png,Impacted,lyria,lyria:P0040,primary,0
Impacted/lyria__P0040__b1.png,Impacted,lyria,lyria:P0040,primary,0
Impacted/lyria__P0040__b2.png,Impacted,lyria,lyria:P0040,primary,0
Endodontics/lyria__P0389__b0.png,Endodontics,lyria,lyria:P0389,primary,0
Impacted/lyria__P0392__b0.png,Impacted,lyria,lyria:P0392,primary,0
Implant/lyria__P0393__b0.png,Implant,lyria,lyria:P0393,primary,0
Endodontics/lyria__P0393__b0.png,Endodontics,lyria,lyria:P0393,primary,0
Endodontics/lyria__P0393__b1.png,Endodontics,lyria,lyria:P0393,primary,0
Endodontics/lyria__P0393__b2.png,Endodontics,lyria,lyria:P0393,primary,0
Endodontics/lyria__P0393__b3.png,Endodontics,lyria,lyria:P0393,primary,0
Endodontics/lyria__P0393__b4.png,Endodontics,lyria,lyria:P0393,primary,0
Endodontics/lyria__P0393__b5.png,Endodontics,lyria,lyria:P0393,primary,0
Endodontics/lyria__P0393__b6.png,Endodontics,lyria,lyria:P0393,primary,0
Implant/lyria__P0393__b1.png,Implant,lyria,lyria:P0393,primary,0
Implant/lyria__P0393__b2.png,Implant,lyria,lyria:P0393,primary,0
Endodontics/lyria__P0041__b0.png,Endodontics,lyria,lyria:P0041,primary,0
Endodontics/lyria__P0395__b0.png,Endodontics,lyria,lyria:P0395,primary,0
Endodontics/lyria__P0398__b0.png,Endodontics,lyria,lyria:P0398,primary,0
Endodontics/lyria__P0398__b1.png,Endodontics,lyria,lyria:P0398,primary,0
Endodontics/lyria__P0400__b0.png,Endodontics,lyria,lyria:P0400,primary,0
Endodontics/lyria__P0400__b1.png,Endodontics,lyria,lyria:P0400,primary,0
Endodontics/lyria__P0400__b2.png,Endodontics,lyria,lyria:P0400,primary,0
Endodontics/lyria__P0400__b3.png,Endodontics,lyria,lyria:P0400,primary,0
Endodontics/lyria__P0400__b4.png,Endodontics,lyria,lyria:P0400,primary,0
Endodontics/lyria__P0400__b5.png,Endodontics,lyria,lyria:P0400,primary,0
Endodontics/lyria__P0401__b0.png,Endodontics,lyria,lyria:P0401,primary,0
Endodontics/lyria__P0402__b0.png,Endodontics,lyria,lyria:P0402,primary,0
Endodontics/lyria__P0402__b1.png,Endodontics,lyria,lyria:P0402,primary,0
Endodontics/lyria__P0403__b0.png,Endodontics,lyria,lyria:P0403,primary,0
Endodontics/lyria__P0405__b0.png,Endodontics,lyria,lyria:P0405,primary,0
Endodontics/lyria__P0406__b0.png,Endodontics,lyria,lyria:P0406,primary,0
Endodontics/lyria__P0407__b0.png,Endodontics,lyria,lyria:P0407,primary,0
Endodontics/lyria__P0407__b1.png,Endodontics,lyria,lyria:P0407,primary,0
Endodontics/lyria__P0407__b2.png,Endodontics,lyria,lyria:P0407,primary,0
Endodontics/lyria__P0408__b0.png,Endodontics,lyria,lyria:P0408,primary,0
Endodontics/lyria__P0408__b1.png,Endodontics,lyria,lyria:P0408,primary,0
Endodontics/lyria__P0412__b0.png,Endodontics,lyria,lyria:P0412,primary,0
Endodontics/lyria__P0412__b1.png,Endodontics,lyria,lyria:P0412,primary,0
Endodontics/lyria__P0412__b2.png,Endodontics,lyria,lyria:P0412,primary,0
Endodontics/lyria__P0412__b3.png,Endodontics,lyria,lyria:P0412,primary,0
Endodontics/lyria__P0412__b4.png,Endodontics,lyria,lyria:P0412,primary,0
Endodontics/lyria__P0412__b5.png,Endodontics,lyria,lyria:P0412,primary,0
Endodontics/lyria__P0412__b6.png,Endodontics,lyria,lyria:P0412,primary,0
Endodontics/lyria__P0412__b7.png,Endodontics,lyria,lyria:P0412,primary,0
Endodontics/lyria__P0413__b0.png,Endodontics,lyria,lyria:P0413,primary,0
Endodontics/lyria__P0413__b1.png,Endodontics,lyria,lyria:P0413,primary,0
Endodontics/lyria__P0414__b0.png,Endodontics,lyria,lyria:P0414,primary,0
Endodontics/lyria__P0415__b0.png,Endodontics,lyria,lyria:P0415,primary,0
Endodontics/lyria__P0415__b1.png,Endodontics,lyria,lyria:P0415,primary,0
Endodontics/lyria__P0415__b2.png,Endodontics,lyria,lyria:P0415,primary,0
Impacted/lyria__P0416__b0.png,Impacted,lyria,lyria:P0416,primary,0
Endodontics/lyria__P0416__b0.png,Endodontics,lyria,lyria:P0416,primary,0
Endodontics/lyria__P0416__b1.png,Endodontics,lyria,lyria:P0416,primary,0
Endodontics/lyria__P0417__b0.png,Endodontics,lyria,lyria:P0417,primary,0
Endodontics/lyria__P0417__b1.png,Endodontics,lyria,lyria:P0417,primary,0
Endodontics/lyria__P0419__b0.png,Endodontics,lyria,lyria:P0419,primary,0
Endodontics/lyria__P0419__b1.png,Endodontics,lyria,lyria:P0419,primary,0
Endodontics/lyria__P0419__b2.png,Endodontics,lyria,lyria:P0419,primary,0
Endodontics/lyria__P0419__b3.png,Endodontics,lyria,lyria:P0419,primary,0
Endodontics/lyria__P0419__b4.png,Endodontics,lyria,lyria:P0419,primary,0
Impacted/lyria__P0420__b0.png,Impacted,lyria,lyria:P0420,primary,0
Impacted/lyria__P0420__b1.png,Impacted,lyria,lyria:P0420,primary,0
Endodontics/lyria__P0421__b0.png,Endodontics,lyria,lyria:P0421,primary,0
Endodontics/lyria__P0422__b0.png,Endodontics,lyria,lyria:P0422,primary,0
Endodontics/lyria__P0422__b1.png,Endodontics,lyria,lyria:P0422,primary,0
Endodontics/lyria__P0422__b2.png,Endodontics,lyria,lyria:P0422,primary,0
Endodontics/lyria__P0422__b3.png,Endodontics,lyria,lyria:P0422,primary,0
Endodontics/lyria__P0422__b4.png,Endodontics,lyria,lyria:P0422,primary,0
Implant/lyria__P0422__b0.png,Implant,lyria,lyria:P0422,primary,0
Implant/lyria__P0422__b1.png,Implant,lyria,lyria:P0422,primary,0
Endodontics/lyria__P0422__b5.png,Endodontics,lyria,lyria:P0422,primary,0
Endodontics/lyria__P0422__b6.png,Endodontics,lyria,lyria:P0422,primary,0
Implant/lyria__P0422__b2.png,Implant,lyria,lyria:P0422,primary,0
Endodontics/lyria__P0423__b0.png,Endodontics,lyria,lyria:P0423,primary,0
Endodontics/lyria__P0423__b1.png,Endodontics,lyria,lyria:P0423,primary,0
Endodontics/lyria__P0423__b2.png,Endodontics,lyria,lyria:P0423,primary,0
Endodontics/lyria__P0425__b0.png,Endodontics,lyria,lyria:P0425,primary,0
Endodontics/lyria__P0427__b0.png,Endodontics,lyria,lyria:P0427,primary,0
Endodontics/lyria__P0045__b0.png,Endodontics,lyria,lyria:P0045,primary,0
Endodontics/lyria__P0045__b1.png,Endodontics,lyria,lyria:P0045,primary,0
Endodontics/lyria__P0045__b2.png,Endodontics,lyria,lyria:P0045,primary,0
Impacted/lyria__P0434__b0.png,Impacted,lyria,lyria:P0434,primary,0
Endodontics/lyria__P0435__b0.png,Endodontics,lyria,lyria:P0435,primary,0
Endodontics/lyria__P0435__b1.png,Endodontics,lyria,lyria:P0435,primary,0
Endodontics/lyria__P0435__b2.png,Endodontics,lyria,lyria:P0435,primary,0
Implant/lyria__P0435__b0.png,Implant,lyria,lyria:P0435,primary,0
Implant/lyria__P0435__b1.png,Implant,lyria,lyria:P0435,primary,0
Endodontics/lyria__P0435__b3.png,Endodontics,lyria,lyria:P0435,primary,0
Implant/lyria__P0435__b2.png,Implant,lyria,lyria:P0435,primary,0
Implant/lyria__P0435__b3.png,Implant,lyria,lyria:P0435,primary,0
Implant/lyria__P0435__b4.png,Implant,lyria,lyria:P0435,primary,0
Implant/lyria__P0435__b5.png,Implant,lyria,lyria:P0435,primary,0
Endodontics/lyria__P0435__b4.png,Endodontics,lyria,lyria:P0435,primary,0
Endodontics/lyria__P0435__b5.png,Endodontics,lyria,lyria:P0435,primary,0
Endodontics/lyria__P0435__b6.png,Endodontics,lyria,lyria:P0435,primary,0
Endodontics/lyria__P0435__b7.png,Endodontics,lyria,lyria:P0435,primary,0
Endodontics/lyria__P0435__b8.png,Endodontics,lyria,lyria:P0435,primary,0
Endodontics/lyria__P0436__b0.png,Endodontics,lyria,lyria:P0436,primary,0
Endodontics/lyria__P0437__b0.png,Endodontics,lyria,lyria:P0437,primary,0
Endodontics/lyria__P0437__b1.png,Endodontics,lyria,lyria:P0437,primary,0
Endodontics/lyria__P0438__b0.png,Endodontics,lyria,lyria:P0438,primary,0
Endodontics/lyria__P0438__b1.png,Endodontics,lyria,lyria:P0438,primary,0
Endodontics/lyria__P0438__b2.png,Endodontics,lyria,lyria:P0438,primary,0
Endodontics/lyria__P0439__b0.png,Endodontics,lyria,lyria:P0439,primary,0
Endodontics/lyria__P0439__b1.png,Endodontics,lyria,lyria:P0439,primary,0
Endodontics/lyria__P0439__b2.png,Endodontics,lyria,lyria:P0439,primary,0
Endodontics/lyria__P0439__b3.png,Endodontics,lyria,lyria:P0439,primary,0
Endodontics/lyria__P0439__b4.png,Endodontics,lyria,lyria:P0439,primary,0
Endodontics/lyria__P0440__b0.png,Endodontics,lyria,lyria:P0440,primary,0
Endodontics/lyria__P0440__b1.png,Endodontics,lyria,lyria:P0440,primary,0
Endodontics/lyria__P0440__b2.png,Endodontics,lyria,lyria:P0440,primary,0
Endodontics/lyria__P0440__b3.png,Endodontics,lyria,lyria:P0440,primary,0
Endodontics/lyria__P0441__b0.png,Endodontics,lyria,lyria:P0441,primary,0
Endodontics/lyria__P0441__b1.png,Endodontics,lyria,lyria:P0441,primary,0
Endodontics/lyria__P0441__b2.png,Endodontics,lyria,lyria:P0441,primary,0
Endodontics/lyria__P0441__b3.png,Endodontics,lyria,lyria:P0441,primary,0
Endodontics/lyria__P0441__b4.png,Endodontics,lyria,lyria:P0441,primary,0
Endodontics/lyria__P0441__b5.png,Endodontics,lyria,lyria:P0441,primary,0
Endodontics/lyria__P0441__b6.png,Endodontics,lyria,lyria:P0441,primary,0
Endodontics/lyria__P0441__b7.png,Endodontics,lyria,lyria:P0441,primary,0
Endodontics/lyria__P0441__b8.png,Endodontics,lyria,lyria:P0441,primary,0
Endodontics/lyria__P0441__b9.png,Endodontics,lyria,lyria:P0441,primary,0
Endodontics/lyria__P0442__b0.png,Endodontics,lyria,lyria:P0442,primary,0
Endodontics/lyria__P0442__b1.png,Endodontics,lyria,lyria:P0442,primary,0
Endodontics/lyria__P0442__b2.png,Endodontics,lyria,lyria:P0442,primary,0
Endodontics/lyria__P0442__b3.png,Endodontics,lyria,lyria:P0442,primary,0
Endodontics/lyria__P0442__b4.png,Endodontics,lyria,lyria:P0442,primary,0
Endodontics/lyria__P0442__b5.png,Endodontics,lyria,lyria:P0442,primary,0
Endodontics/lyria__P0442__b6.png,Endodontics,lyria,lyria:P0442,primary,0
Impacted/lyria__P0444__b0.png,Impacted,lyria,lyria:P0444,primary,0
Impacted/lyria__P0444__b1.png,Impacted,lyria,lyria:P0444,primary,0
Endodontics/lyria__P0445__b0.png,Endodontics,lyria,lyria:P0445,primary,0
Endodontics/lyria__P0445__b1.png,Endodontics,lyria,lyria:P0445,primary,0
Endodontics/lyria__P0445__b2.png,Endodontics,lyria,lyria:P0445,primary,0
Endodontics/lyria__P0445__b3.png,Endodontics,lyria,lyria:P0445,primary,0
Endodontics/lyria__P0450__b0.png,Endodontics,lyria,lyria:P0450,primary,0
Impacted/lyria__P0452__b0.png,Impacted,lyria,lyria:P0452,primary,0
Impacted/lyria__P0453__b0.png,Impacted,lyria,lyria:P0453,primary,0
Impacted/lyria__P0453__b1.png,Impacted,lyria,lyria:P0453,primary,0
Endodontics/lyria__P0046__b0.png,Endodontics,lyria,lyria:P0046,primary,0
Impacted/lyria__P0457__b0.png,Impacted,lyria,lyria:P0457,primary,0
Impacted/lyria__P0457__b1.png,Impacted,lyria,lyria:P0457,primary,0
Impacted/lyria__P0457__b2.png,Impacted,lyria,lyria:P0457,primary,0
Impacted/lyria__P0459__b0.png,Impacted,lyria,lyria:P0459,primary,0
Impacted/lyria__P0459__b1.png,Impacted,lyria,lyria:P0459,primary,0
Impacted/lyria__P0459__b2.png,Impacted,lyria,lyria:P0459,primary,0
Endodontics/lyria__P0459__b0.png,Endodontics,lyria,lyria:P0459,primary,0
Impacted/lyria__P0459__b3.png,Impacted,lyria,lyria:P0459,primary,0
Impacted/lyria__P0460__b0.png,Impacted,lyria,lyria:P0460,primary,0
Impacted/lyria__P0465__b0.png,Impacted,lyria,lyria:P0465,primary,0
Impacted/lyria__P0465__b1.png,Impacted,lyria,lyria:P0465,primary,0
Impacted/lyria__P0466__b0.png,Impacted,lyria,lyria:P0466,primary,0
Impacted/lyria__P0467__b0.png,Impacted,lyria,lyria:P0467,primary,0
Impacted/lyria__P0467__b1.png,Impacted,lyria,lyria:P0467,primary,0
Impacted/lyria__P0467__b2.png,Impacted,lyria,lyria:P0467,primary,0
Impacted/lyria__P0467__b3.png,Impacted,lyria,lyria:P0467,primary,0
Impacted/lyria__P0468__b0.png,Impacted,lyria,lyria:P0468,primary,0
Impacted/lyria__P0468__b1.png,Impacted,lyria,lyria:P0468,primary,0
Impacted/lyria__P0468__b2.png,Impacted,lyria,lyria:P0468,primary,0
Impacted/lyria__P0468__b3.png,Impacted,lyria,lyria:P0468,primary,0
Impacted/lyria__P0470__b0.png,Impacted,lyria,lyria:P0470,primary,0
Impacted/lyria__P0470__b1.png,Impacted,lyria,lyria:P0470,primary,0
Impacted/lyria__P0472__b0.png,Impacted,lyria,lyria:P0472,primary,0
Impacted/lyria__P0472__b1.png,Impacted,lyria,lyria:P0472,primary,0
Endodontics/lyria__P0049__b0.png,Endodontics,lyria,lyria:P0049,primary,0
Endodontics/lyria__P0049__b1.png,Endodontics,lyria,lyria:P0049,primary,0
Endodontics/lyria__P0049__b2.png,Endodontics,lyria,lyria:P0049,primary,0
Endodontics/lyria__P0049__b3.png,Endodontics,lyria,lyria:P0049,primary,0
Endodontics/lyria__P0049__b4.png,Endodontics,lyria,lyria:P0049,primary,0
Endodontics/lyria__P0049__b5.png,Endodontics,lyria,lyria:P0049,primary,0
Endodontics/lyria__P0049__b6.png,Endodontics,lyria,lyria:P0049,primary,0
Impacted/lyria__P0474__b0.png,Impacted,lyria,lyria:P0474,primary,0
Impacted/lyria__P0474__b1.png,Impacted,lyria,lyria:P0474,primary,0
Impacted/lyria__P0474__b2.png,Impacted,lyria,lyria:P0474,primary,0
Impacted/lyria__P0475__b0.png,Impacted,lyria,lyria:P0475,primary,0
Endodontics/lyria__P0050__b0.png,Endodontics,lyria,lyria:P0050,primary,0
Implant/lyria__P0050__b0.png,Implant,lyria,lyria:P0050,primary,0
Implant/lyria__P0050__b1.png,Implant,lyria,lyria:P0050,primary,0
Endodontics/lyria__P0050__b1.png,Endodontics,lyria,lyria:P0050,primary,0
Endodontics/lyria__P0050__b2.png,Endodontics,lyria,lyria:P0050,primary,0
Endodontics/lyria__P0050__b3.png,Endodontics,lyria,lyria:P0050,primary,0
Implant/lyria__P0050__b2.png,Implant,lyria,lyria:P0050,primary,0
Endodontics/lyria__P0050__b4.png,Endodontics,lyria,lyria:P0050,primary,0
Endodontics/lyria__P0050__b5.png,Endodontics,lyria,lyria:P0050,primary,0
Endodontics/lyria__P0050__b6.png,Endodontics,lyria,lyria:P0050,primary,0
Impacted/lyria__P0477__b0.png,Impacted,lyria,lyria:P0477,primary,0
Impacted/lyria__P0477__b1.png,Impacted,lyria,lyria:P0477,primary,0
Impacted/lyria__P0478__b0.png,Impacted,lyria,lyria:P0478,primary,0
Impacted/lyria__P0478__b1.png,Impacted,lyria,lyria:P0478,primary,0
Impacted/lyria__P0479__b0.png,Impacted,lyria,lyria:P0479,primary,0
Impacted/lyria__P0482__b0.png,Impacted,lyria,lyria:P0482,primary,0
Impacted/lyria__P0484__b0.png,Impacted,lyria,lyria:P0484,primary,0
Impacted/lyria__P0484__b1.png,Impacted,lyria,lyria:P0484,primary,0
Impacted/lyria__P0484__b2.png,Impacted,lyria,lyria:P0484,primary,0
Impacted/lyria__P0485__b0.png,Impacted,lyria,lyria:P0485,primary,0
Impacted/lyria__P0485__b1.png,Impacted,lyria,lyria:P0485,primary,0
Impacted/lyria__P0485__b2.png,Impacted,lyria,lyria:P0485,primary,0
Impacted/lyria__P0487__b0.png,Impacted,lyria,lyria:P0487,primary,0
Impacted/lyria__P0487__b1.png,Impacted,lyria,lyria:P0487,primary,0
Impacted/lyria__P0487__b2.png,Impacted,lyria,lyria:P0487,primary,0
Impacted/lyria__P0487__b3.png,Impacted,lyria,lyria:P0487,primary,0
Healthy/lyria__P0583__b0.png,Healthy,lyria,lyria:P0583,primary,0
Healthy/lyria__P0196__b0.png,Healthy,lyria,lyria:P0196,primary,0
Healthy/lyria__P0556__b2.png,Healthy,lyria,lyria:P0556,primary,0
Healthy/lyria__P0744__b1.png,Healthy,lyria,lyria:P0744,primary,0
Healthy/lyria__P0221__b7.png,Healthy,lyria,lyria:P0221,primary,0
Healthy/lyria__P0709__b9.png,Healthy,lyria,lyria:P0709,primary,0
Healthy/lyria__P0536__b1.png,Healthy,lyria,lyria:P0536,primary,0
Healthy/lyria__P0185__b19.png,Healthy,lyria,lyria:P0185,primary,0
Healthy/lyria__P0299__b0.png,Healthy,lyria,lyria:P0299,primary,0
Healthy/lyria__P0283__b5.png,Healthy,lyria,lyria:P0283,primary,0
Healthy/lyria__P0332__b3.png,Healthy,lyria,lyria:P0332,primary,0
Healthy/lyria__P0632__b0.png,Healthy,lyria,lyria:P0632,primary,0
Healthy/lyria__P0767__b0.png,Healthy,lyria,lyria:P0767,primary,0
Healthy/lyria__P0259__b0.png,Healthy,lyria,lyria:P0259,primary,0
Healthy/lyria__P0787__b11.png,Healthy,lyria,lyria:P0787,primary,0
Healthy/lyria__P0477__b21.png,Healthy,lyria,lyria:P0477,primary,0
Healthy/lyria__P0676__b10.png,Healthy,lyria,lyria:P0676,primary,0
Healthy/lyria__P0199__b21.png,Healthy,lyria,lyria:P0199,primary,0
Healthy/lyria__P0386__b9.png,Healthy,lyria,lyria:P0386,primary,0
Healthy/lyria__P0628__b16.png,Healthy,lyria,lyria:P0628,primary,0
Healthy/lyria__P0540__b2.png,Healthy,lyria,lyria:P0540,primary,0
Healthy/lyria__P0271__b0.png,Healthy,lyria,lyria:P0271,primary,0
Healthy/lyria__P0541__b10.png,Healthy,lyria,lyria:P0541,primary,0
Healthy/lyria__P0137__b6.png,Healthy,lyria,lyria:P0137,primary,0
Healthy/lyria__P0201__b5.png,Healthy,lyria,lyria:P0201,primary,0
Healthy/lyria__P0780__b4.png,Healthy,lyria,lyria:P0780,primary,0
Healthy/lyria__P0449__b2.png,Healthy,lyria,lyria:P0449,primary,0
Healthy/lyria__P0518__b5.png,Healthy,lyria,lyria:P0518,primary,0
Healthy/lyria__P0238__b4.png,Healthy,lyria,lyria:P0238,primary,0
Healthy/lyria__P0043__b2.png,Healthy,lyria,lyria:P0043,primary,0
Healthy/lyria__P0796__b15.png,Healthy,lyria,lyria:P0796,primary,0
Healthy/lyria__P0323__b4.png,Healthy,lyria,lyria:P0323,primary,0
Healthy/lyria__P0691__b0.png,Healthy,lyria,lyria:P0691,primary,0
Healthy/lyria__P0792__b6.png,Healthy,lyria,lyria:P0792,primary,0
Healthy/lyria__P0122__b12.png,Healthy,lyria,lyria:P0122,primary,0
Healthy/lyria__P0076__b7.png,Healthy,lyria,lyria:P0076,primary,0
Healthy/lyria__P0776__b1.png,Healthy,lyria,lyria:P0776,primary,0
Healthy/lyria__P0279__b8.png,Healthy,lyria,lyria:P0279,primary,0
Healthy/lyria__P0345__b16.png,Healthy,lyria,lyria:P0345,primary,0
Healthy/lyria__P0702__b9.png,Healthy,lyria,lyria:P0702,primary,0
Healthy/lyria__P0376__b6.png,Healthy,lyria,lyria:P0376,primary,0
Healthy/lyria__P0422__b3.png,Healthy,lyria,lyria:P0422,primary,0
Healthy/lyria__P0774__b3.png,Healthy,lyria,lyria:P0774,primary,0
Healthy/lyria__P0472__b15.png,Healthy,lyria,lyria:P0472,primary,0
Healthy/lyria__P0520__b2.png,Healthy,lyria,lyria:P0520,primary,0
Healthy/lyria__P0470__b12.png,Healthy,lyria,lyria:P0470,primary,0
Healthy/lyria__P0575__b10.png,Healthy,lyria,lyria:P0575,primary,0
Healthy/lyria__P0538__b8.png,Healthy,lyria,lyria:P0538,primary,0
Healthy/lyria__P0102__b1.png,Healthy,lyria,lyria:P0102,primary,0
Healthy/lyria__P0572__b6.png,Healthy,lyria,lyria:P0572,primary,0
Healthy/lyria__P0773__b2.png,Healthy,lyria,lyria:P0773,primary,0
Healthy/lyria__P0046__b2.png,Healthy,lyria,lyria:P0046,primary,0
Healthy/lyria__P0243__b2.png,Healthy,lyria,lyria:P0243,primary,0
Healthy/lyria__P0693__b3.png,Healthy,lyria,lyria:P0693,primary,0
Healthy/lyria__P0680__b7.png,Healthy,lyria,lyria:P0680,primary,0
Healthy/lyria__P0366__b1.png,Healthy,lyria,lyria:P0366,primary,0
Healthy/lyria__P0490__b15.png,Healthy,lyria,lyria:P0490,primary,0
Healthy/lyria__P0047__b1.png,Healthy,lyria,lyria:P0047,primary,0
Healthy/lyria__P0705__b6.png,Healthy,lyria,lyria:P0705,primary,0
Healthy/lyria__P0578__b8.png,Healthy,lyria,lyria:P0578,primary,0
Healthy/lyria__P0553__b2.png,Healthy,lyria,lyria:P0553,primary,0
Healthy/lyria__P0771__b1.png,Healthy,lyria,lyria:P0771,primary,0
Healthy/lyria__P0766__b6.png,Healthy,lyria,lyria:P0766,primary,0
Healthy/lyria__P0515__b15.png,Healthy,lyria,lyria:P0515,primary,0
Healthy/lyria__P0269__b1.png,Healthy,lyria,lyria:P0269,primary,0
Healthy/lyria__P0658__b20.png,Healthy,lyria,lyria:P0658,primary,0
Healthy/lyria__P0321__b3.png,Healthy,lyria,lyria:P0321,primary,0
Healthy/lyria__P0402__b5.png,Healthy,lyria,lyria:P0402,primary,0
Healthy/lyria__P0570__b5.png,Healthy,lyria,lyria:P0570,primary,0
Healthy/lyria__P0576__b20.png,Healthy,lyria,lyria:P0576,primary,0
Healthy/lyria__P0646__b2.png,Healthy,lyria,lyria:P0646,primary,0
Healthy/lyria__P0296__b13.png,Healthy,lyria,lyria:P0296,primary,0
Healthy/lyria__P0618__b0.png,Healthy,lyria,lyria:P0618,primary,0
Healthy/lyria__P0205__b1.png,Healthy,lyria,lyria:P0205,primary,0
Healthy/lyria__P0030__b4.png,Healthy,lyria,lyria:P0030,primary,0
Healthy/lyria__P0763__b2.png,Healthy,lyria,lyria:P0763,primary,0
Healthy/lyria__P0654__b1.png,Healthy,lyria,lyria:P0654,primary,0
Healthy/lyria__P0764__b1.png,Healthy,lyria,lyria:P0764,primary,0
Healthy/lyria__P0097__b0.png,Healthy,lyria,lyria:P0097,primary,0
Healthy/lyria__P0165__b1.png,Healthy,lyria,lyria:P0165,primary,0
Healthy/lyria__P0564__b5.png,Healthy,lyria,lyria:P0564,primary,0
Healthy/lyria__P0777__b5.png,Healthy,lyria,lyria:P0777,primary,0
Healthy/lyria__P0226__b0.png,Healthy,lyria,lyria:P0226,primary,0
Healthy/lyria__P0435__b1.png,Healthy,lyria,lyria:P0435,primary,0
Healthy/lyria__P0476__b9.png,Healthy,lyria,lyria:P0476,primary,0
Healthy/lyria__P0453__b4.png,Healthy,lyria,lyria:P0453,primary,0
Healthy/lyria__P0236__b0.png,Healthy,lyria,lyria:P0236,primary,0
Healthy/lyria__P0621__b5.png,Healthy,lyria,lyria:P0621,primary,0
Healthy/lyria__P0148__b3.png,Healthy,lyria,lyria:P0148,primary,0
Healthy/lyria__P0411__b15.png,Healthy,lyria,lyria:P0411,primary,0
Healthy/lyria__P0710__b0.png,Healthy,lyria,lyria:P0710,primary,0
Healthy/lyria__P0704__b13.png,Healthy,lyria,lyria:P0704,primary,0
Healthy/lyria__P0032__b2.png,Healthy,lyria,lyria:P0032,primary,0
Healthy/lyria__P0633__b3.png,Healthy,lyria,lyria:P0633,primary,0
Healthy/lyria__P0256__b1.png,Healthy,lyria,lyria:P0256,primary,0
Healthy/lyria__P0757__b12.png,Healthy,lyria,lyria:P0757,primary,0
Healthy/lyria__P0038__b19.png,Healthy,lyria,lyria:P0038,primary,0
Healthy/lyria__P0603__b0.png,Healthy,lyria,lyria:P0603,primary,0
Healthy/lyria__P0210__b0.png,Healthy,lyria,lyria:P0210,primary,0
Healthy/lyria__P0268__b4.png,Healthy,lyria,lyria:P0268,primary,0
Healthy/lyria__P0341__b15.png,Healthy,lyria,lyria:P0341,primary,0
Healthy/lyria__P0021__b8.png,Healthy,lyria,lyria:P0021,primary,0
Healthy/lyria__P0132__b14.png,Healthy,lyria,lyria:P0132,primary,0
Healthy/lyria__P0640__b9.png,Healthy,lyria,lyria:P0640,primary,0
Healthy/lyria__P0172__b21.png,Healthy,lyria,lyria:P0172,primary,0
Healthy/lyria__P0149__b4.png,Healthy,lyria,lyria:P0149,primary,0
Healthy/lyria__P0379__b2.png,Healthy,lyria,lyria:P0379,primary,0
Healthy/lyria__P0625__b0.png,Healthy,lyria,lyria:P0625,primary,0
Healthy/lyria__P0077__b3.png,Healthy,lyria,lyria:P0077,primary,0
Healthy/lyria__P0622__b0.png,Healthy,lyria,lyria:P0622,primary,0
Healthy/lyria__P0089__b1.png,Healthy,lyria,lyria:P0089,primary,0
Healthy/lyria__P0749__b6.png,Healthy,lyria,lyria:P0749,primary,0
Healthy/lyria__P0111__b7.png,Healthy,lyria,lyria:P0111,primary,0
Healthy/lyria__P0382__b0.png,Healthy,lyria,lyria:P0382,primary,0
Healthy/lyria__P0732__b10.png,Healthy,lyria,lyria:P0732,primary,0
Healthy/lyria__P0635__b13.png,Healthy,lyria,lyria:P0635,primary,0
Healthy/lyria__P0013__b4.png,Healthy,lyria,lyria:P0013,primary,0
Healthy/lyria__P0237__b0.png,Healthy,lyria,lyria:P0237,primary,0
Healthy/lyria__P0355__b10.png,Healthy,lyria,lyria:P0355,primary,0
Healthy/lyria__P0455__b7.png,Healthy,lyria,lyria:P0455,primary,0
Healthy/lyria__P0109__b0.png,Healthy,lyria,lyria:P0109,primary,0
Healthy/lyria__P0242__b0.png,Healthy,lyria,lyria:P0242,primary,0
Healthy/lyria__P0745__b4.png,Healthy,lyria,lyria:P0745,primary,0
Healthy/lyria__P0480__b16.png,Healthy,lyria,lyria:P0480,primary,0
Healthy/lyria__P0747__b2.png,Healthy,lyria,lyria:P0747,primary,0
Healthy/lyria__P0116__b9.png,Healthy,lyria,lyria:P0116,primary,0
Healthy/lyria__P0530__b1.png,Healthy,lyria,lyria:P0530,primary,0
Healthy/lyria__P0050__b2.png,Healthy,lyria,lyria:P0050,primary,0
Healthy/lyria__P0437__b11.png,Healthy,lyria,lyria:P0437,primary,0
Healthy/lyria__P0152__b2.png,Healthy,lyria,lyria:P0152,primary,0
Healthy/lyria__P0442__b0.png,Healthy,lyria,lyria:P0442,primary,0
Healthy/lyria__P0392__b5.png,Healthy,lyria,lyria:P0392,primary,0
Healthy/lyria__P0619__b19.png,Healthy,lyria,lyria:P0619,primary,0
Healthy/lyria__P0200__b7.png,Healthy,lyria,lyria:P0200,primary,0
Healthy/lyria__P0594__b0.png,Healthy,lyria,lyria:P0594,primary,0
Healthy/lyria__P0389__b2.png,Healthy,lyria,lyria:P0389,primary,0
Healthy/lyria__P0012__b1.png,Healthy,lyria,lyria:P0012,primary,0
Healthy/lyria__P0445__b2.png,Healthy,lyria,lyria:P0445,primary,0
Healthy/lyria__P0684__b12.png,Healthy,lyria,lyria:P0684,primary,0
Healthy/lyria__P0204__b3.png,Healthy,lyria,lyria:P0204,primary,0
Healthy/lyria__P0384__b0.png,Healthy,lyria,lyria:P0384,primary,0
Healthy/lyria__P0313__b0.png,Healthy,lyria,lyria:P0313,primary,0
Healthy/lyria__P0459__b8.png,Healthy,lyria,lyria:P0459,primary,0
Healthy/lyria__P0588__b0.png,Healthy,lyria,lyria:P0588,primary,0
Healthy/lyria__P0589__b6.png,Healthy,lyria,lyria:P0589,primary,0
Healthy/lyria__P0415__b2.png,Healthy,lyria,lyria:P0415,primary,0
Healthy/lyria__P0514__b17.png,Healthy,lyria,lyria:P0514,primary,0
Healthy/lyria__P0561__b8.png,Healthy,lyria,lyria:P0561,primary,0
Healthy/lyria__P0611__b9.png,Healthy,lyria,lyria:P0611,primary,0
Healthy/lyria__P0061__b1.png,Healthy,lyria,lyria:P0061,primary,0
Healthy/lyria__P0616__b2.png,Healthy,lyria,lyria:P0616,primary,0
Healthy/lyria__P0610__b7.png,Healthy,lyria,lyria:P0610,primary,0
Healthy/lyria__P0336__b13.png,Healthy,lyria,lyria:P0336,primary,0
Healthy/lyria__P0440__b1.png,Healthy,lyria,lyria:P0440,primary,0
Healthy/lyria__P0130__b6.png,Healthy,lyria,lyria:P0130,primary,0
Healthy/lyria__P0627__b0.png,Healthy,lyria,lyria:P0627,primary,0
Healthy/lyria__P0432__b2.png,Healthy,lyria,lyria:P0432,primary,0
Healthy/lyria__P0095__b14.png,Healthy,lyria,lyria:P0095,primary,0
Healthy/lyria__P0494__b13.png,Healthy,lyria,lyria:P0494,primary,0
Healthy/lyria__P0452__b3.png,Healthy,lyria,lyria:P0452,primary,0
Healthy/lyria__P0606__b11.png,Healthy,lyria,lyria:P0606,primary,0
Healthy/lyria__P0729__b1.png,Healthy,lyria,lyria:P0729,primary,0
Healthy/lyria__P0215__b7.png,Healthy,lyria,lyria:P0215,primary,0
Healthy/lyria__P0444__b26.png,Healthy,lyria,lyria:P0444,primary,0
Healthy/lyria__P0216__b0.png,Healthy,lyria,lyria:P0216,primary,0
Healthy/lyria__P0138__b5.png,Healthy,lyria,lyria:P0138,primary,0
Healthy/lyria__P0596__b2.png,Healthy,lyria,lyria:P0596,primary,0
Healthy/lyria__P0207__b8.png,Healthy,lyria,lyria:P0207,primary,0
Healthy/lyria__P0447__b23.png,Healthy,lyria,lyria:P0447,primary,0
Healthy/lyria__P0298__b1.png,Healthy,lyria,lyria:P0298,primary,0
Healthy/lyria__P0060__b21.png,Healthy,lyria,lyria:P0060,primary,0
Healthy/lyria__P0783__b2.png,Healthy,lyria,lyria:P0783,primary,0
Healthy/lyria__P0056__b20.png,Healthy,lyria,lyria:P0056,primary,0
Healthy/lyria__P0309__b8.png,Healthy,lyria,lyria:P0309,primary,0
Healthy/lyria__P0660__b12.png,Healthy,lyria,lyria:P0660,primary,0
Healthy/lyria__P0659__b13.png,Healthy,lyria,lyria:P0659,primary,0
Healthy/lyria__P0003__b1.png,Healthy,lyria,lyria:P0003,primary,0
Healthy/lyria__P0581__b11.png,Healthy,lyria,lyria:P0581,primary,0
Healthy/lyria__P0711__b8.png,Healthy,lyria,lyria:P0711,primary,0
Healthy/lyria__P0405__b5.png,Healthy,lyria,lyria:P0405,primary,0
Healthy/lyria__P0639__b10.png,Healthy,lyria,lyria:P0639,primary,0
Healthy/lyria__P0772__b10.png,Healthy,lyria,lyria:P0772,primary,0
Healthy/lyria__P0177__b3.png,Healthy,lyria,lyria:P0177,primary,0
Healthy/lyria__P0356__b11.png,Healthy,lyria,lyria:P0356,primary,0
Healthy/lyria__P0569__b8.png,Healthy,lyria,lyria:P0569,primary,0
Healthy/lyria__P0431__b1.png,Healthy,lyria,lyria:P0431,primary,0
Healthy/lyria__P0139__b2.png,Healthy,lyria,lyria:P0139,primary,0
Healthy/lyria__P0688__b2.png,Healthy,lyria,lyria:P0688,primary,0
Healthy/lyria__P0731__b18.png,Healthy,lyria,lyria:P0731,primary,0
Healthy/lyria__P0338__b11.png,Healthy,lyria,lyria:P0338,primary,0
Healthy/lyria__P0126__b0.png,Healthy,lyria,lyria:P0126,primary,0
Healthy/lyria__P0513__b2.png,Healthy,lyria,lyria:P0513,primary,0
Healthy/lyria__P0434__b2.png,Healthy,lyria,lyria:P0434,primary,0
Healthy/lyria__P0007__b3.png,Healthy,lyria,lyria:P0007,primary,0
Healthy/lyria__P0533__b3.png,Healthy,lyria,lyria:P0533,primary,0
Healthy/lyria__P0571__b4.png,Healthy,lyria,lyria:P0571,primary,0
Healthy/lyria__P0644__b0.png,Healthy,lyria,lyria:P0644,primary,0
Healthy/lyria__P0463__b26.png,Healthy,lyria,lyria:P0463,primary,0
Healthy/lyria__P0304__b1.png,Healthy,lyria,lyria:P0304,primary,0
Healthy/lyria__P0512__b10.png,Healthy,lyria,lyria:P0512,primary,0
Healthy/lyria__P0319__b8.png,Healthy,lyria,lyria:P0319,primary,0
Healthy/lyria__P0388__b16.png,Healthy,lyria,lyria:P0388,primary,0
Healthy/lyria__P0128__b12.png,Healthy,lyria,lyria:P0128,primary,0
Healthy/lyria__P0638__b9.png,Healthy,lyria,lyria:P0638,primary,0
Healthy/lyria__P0753__b4.png,Healthy,lyria,lyria:P0753,primary,0
Healthy/lyria__P0051__b0.png,Healthy,lyria,lyria:P0051,primary,0
Healthy/lyria__P0493__b15.png,Healthy,lyria,lyria:P0493,primary,0
Healthy/lyria__P0722__b0.png,Healthy,lyria,lyria:P0722,primary,0
Healthy/lyria__P0342__b3.png,Healthy,lyria,lyria:P0342,primary,0
Healthy/lyria__P0306__b0.png,Healthy,lyria,lyria:P0306,primary,0
Healthy/lyria__P0511__b1.png,Healthy,lyria,lyria:P0511,primary,0
Healthy/lyria__P0294__b0.png,Healthy,lyria,lyria:P0294,primary,0
Healthy/lyria__P0597__b3.png,Healthy,lyria,lyria:P0597,primary,0
Healthy/lyria__P0339__b20.png,Healthy,lyria,lyria:P0339,primary,0
Healthy/lyria__P0730__b6.png,Healthy,lyria,lyria:P0730,primary,0
Healthy/lyria__P0636__b8.png,Healthy,lyria,lyria:P0636,primary,0
Healthy/lyria__P0806__b3.png,Healthy,lyria,lyria:P0806,primary,0
Healthy/lyria__P0016__b6.png,Healthy,lyria,lyria:P0016,primary,0
Healthy/lyria__P0573__b2.png,Healthy,lyria,lyria:P0573,primary,0
Healthy/lyria__P0143__b0.png,Healthy,lyria,lyria:P0143,primary,0
Healthy/lyria__P0524__b2.png,Healthy,lyria,lyria:P0524,primary,0
Healthy/lyria__P0656__b22.png,Healthy,lyria,lyria:P0656,primary,0
Healthy/lyria__P0009__b2.png,Healthy,lyria,lyria:P0009,primary,0
Healthy/lyria__P0180__b7.png,Healthy,lyria,lyria:P0180,primary,0
Healthy/lyria__P0274__b5.png,Healthy,lyria,lyria:P0274,primary,0
Healthy/lyria__P0743__b0.png,Healthy,lyria,lyria:P0743,primary,0
Healthy/lyria__P0694__b3.png,Healthy,lyria,lyria:P0694,primary,0
Healthy/lyria__P0607__b2.png,Healthy,lyria,lyria:P0607,primary,0
Healthy/lyria__P0157__b3.png,Healthy,lyria,lyria:P0157,primary,0
Healthy/lyria__P0801__b0.png,Healthy,lyria,lyria:P0801,primary,0
Healthy/lyria__P0605__b2.png,Healthy,lyria,lyria:P0605,primary,0
Healthy/lyria__P0194__b5.png,Healthy,lyria,lyria:P0194,primary,0
Healthy/lyria__P0808__b1.png,Healthy,lyria,lyria:P0808,primary,0
Healthy/lyria__P0441__b1.png,Healthy,lyria,lyria:P0441,primary,0
Healthy/lyria__P0408__b0.png,Healthy,lyria,lyria:P0408,primary,0
Healthy/lyria__P0664__b6.png,Healthy,lyria,lyria:P0664,primary,0
Healthy/lyria__P0330__b9.png,Healthy,lyria,lyria:P0330,primary,0
Healthy/lyria__P0545__b4.png,Healthy,lyria,lyria:P0545,primary,0
Healthy/lyria__P0363__b1.png,Healthy,lyria,lyria:P0363,primary,0
Healthy/lyria__P0074__b3.png,Healthy,lyria,lyria:P0074,primary,0
Healthy/lyria__P0195__b10.png,Healthy,lyria,lyria:P0195,primary,0
Healthy/lyria__P0020__b11.png,Healthy,lyria,lyria:P0020,primary,0
Healthy/lyria__P0248__b3.png,Healthy,lyria,lyria:P0248,primary,0
Healthy/lyria__P0123__b0.png,Healthy,lyria,lyria:P0123,primary,0
Healthy/lyria__P0233__b3.png,Healthy,lyria,lyria:P0233,primary,0
Healthy/lyria__P0291__b3.png,Healthy,lyria,lyria:P0291,primary,0
Healthy/lyria__P0585__b11.png,Healthy,lyria,lyria:P0585,primary,0
Healthy/lyria__P0104__b5.png,Healthy,lyria,lyria:P0104,primary,0
Healthy/lyria__P0110__b7.png,Healthy,lyria,lyria:P0110,primary,0
Healthy/lyria__P0685__b3.png,Healthy,lyria,lyria:P0685,primary,0
Healthy/lyria__P0040__b4.png,Healthy,lyria,lyria:P0040,primary,0
Healthy/lyria__P0551__b5.png,Healthy,lyria,lyria:P0551,primary,0
Healthy/lyria__P0087__b9.png,Healthy,lyria,lyria:P0087,primary,0
Healthy/lyria__P0340__b1.png,Healthy,lyria,lyria:P0340,primary,0
Healthy/lyria__P0369__b14.png,Healthy,lyria,lyria:P0369,primary,0
Healthy/lyria__P0385__b2.png,Healthy,lyria,lyria:P0385,primary,0
Healthy/lyria__P0612__b7.png,Healthy,lyria,lyria:P0612,primary,0
Healthy/lyria__P0035__b4.png,Healthy,lyria,lyria:P0035,primary,0
Healthy/lyria__P0222__b5.png,Healthy,lyria,lyria:P0222,primary,0
Healthy/lyria__P0257__b1.png,Healthy,lyria,lyria:P0257,primary,0
Healthy/lyria__P0497__b27.png,Healthy,lyria,lyria:P0497,primary,0
Healthy/lyria__P0367__b12.png,Healthy,lyria,lyria:P0367,primary,0
Healthy/lyria__P0674__b1.png,Healthy,lyria,lyria:P0674,primary,0
Healthy/lyria__P0127__b11.png,Healthy,lyria,lyria:P0127,primary,0
Healthy/lyria__P0687__b12.png,Healthy,lyria,lyria:P0687,primary,0
Healthy/lyria__P0099__b1.png,Healthy,lyria,lyria:P0099,primary,0
Healthy/lyria__P0192__b9.png,Healthy,lyria,lyria:P0192,primary,0
Healthy/lyria__P0119__b7.png,Healthy,lyria,lyria:P0119,primary,0
Healthy/lyria__P0026__b7.png,Healthy,lyria,lyria:P0026,primary,0
Healthy/lyria__P0181__b8.png,Healthy,lyria,lyria:P0181,primary,0
Healthy/lyria__P0290__b6.png,Healthy,lyria,lyria:P0290,primary,0
Healthy/lyria__P0504__b25.png,Healthy,lyria,lyria:P0504,primary,0
Healthy/lyria__P0727__b3.png,Healthy,lyria,lyria:P0727,primary,0
Healthy/lyria__P0742__b8.png,Healthy,lyria,lyria:P0742,primary,0
Healthy/lyria__P0436__b2.png,Healthy,lyria,lyria:P0436,primary,0
Healthy/lyria__P0728__b0.png,Healthy,lyria,lyria:P0728,primary,0
Healthy/lyria__P0173__b5.png,Healthy,lyria,lyria:P0173,primary,0
Healthy/lyria__P0708__b11.png,Healthy,lyria,lyria:P0708,primary,0
Healthy/lyria__P0151__b1.png,Healthy,lyria,lyria:P0151,primary,0
Healthy/lyria__P0277__b2.png,Healthy,lyria,lyria:P0277,primary,0
Healthy/lyria__P0264__b9.png,Healthy,lyria,lyria:P0264,primary,0
Healthy/lyria__P0098__b8.png,Healthy,lyria,lyria:P0098,primary,0
Healthy/lyria__P0495__b6.png,Healthy,lyria,lyria:P0495,primary,0
Healthy/lyria__P0010__b2.png,Healthy,lyria,lyria:P0010,primary,0
Healthy/lyria__P0786__b2.png,Healthy,lyria,lyria:P0786,primary,0
Healthy/lyria__P0147__b14.png,Healthy,lyria,lyria:P0147,primary,0
Healthy/lyria__P0595__b0.png,Healthy,lyria,lyria:P0595,primary,0
Healthy/lyria__P0762__b1.png,Healthy,lyria,lyria:P0762,primary,0
Healthy/lyria__P0383__b19.png,Healthy,lyria,lyria:P0383,primary,0
Healthy/lyria__P0734__b2.png,Healthy,lyria,lyria:P0734,primary,0
Healthy/lyria__P0025__b0.png,Healthy,lyria,lyria:P0025,primary,0
Healthy/lyria__P0108__b1.png,Healthy,lyria,lyria:P0108,primary,0
Healthy/lyria__P0712__b1.png,Healthy,lyria,lyria:P0712,primary,0
Healthy/lyria__P0211__b6.png,Healthy,lyria,lyria:P0211,primary,0
Healthy/lyria__P0371__b0.png,Healthy,lyria,lyria:P0371,primary,0
Healthy/lyria__P0114__b13.png,Healthy,lyria,lyria:P0114,primary,0
Healthy/lyria__P0258__b1.png,Healthy,lyria,lyria:P0258,primary,0
Healthy/lyria__P0081__b11.png,Healthy,lyria,lyria:P0081,primary,0
Healthy/lyria__P0738__b2.png,Healthy,lyria,lyria:P0738,primary,0
Healthy/lyria__P0155__b3.png,Healthy,lyria,lyria:P0155,primary,0
Healthy/lyria__P0642__b1.png,Healthy,lyria,lyria:P0642,primary,0
Healthy/lyria__P0357__b5.png,Healthy,lyria,lyria:P0357,primary,0
Healthy/lyria__P0364__b9.png,Healthy,lyria,lyria:P0364,primary,0
Healthy/lyria__P0460__b23.png,Healthy,lyria,lyria:P0460,primary,0
Healthy/lyria__P0191__b18.png,Healthy,lyria,lyria:P0191,primary,0
Healthy/lyria__P0368__b13.png,Healthy,lyria,lyria:P0368,primary,0
Healthy/lyria__P0084__b0.png,Healthy,lyria,lyria:P0084,primary,0
Healthy/lyria__P0373__b4.png,Healthy,lyria,lyria:P0373,primary,0
Healthy/lyria__P0725__b9.png,Healthy,lyria,lyria:P0725,primary,0
Healthy/lyria__P0310__b1.png,Healthy,lyria,lyria:P0310,primary,0
Healthy/lyria__P0302__b10.png,Healthy,lyria,lyria:P0302,primary,0
Healthy/lyria__P0203__b13.png,Healthy,lyria,lyria:P0203,primary,0
Healthy/lyria__P0008__b7.png,Healthy,lyria,lyria:P0008,primary,0
Healthy/lyria__P0682__b10.png,Healthy,lyria,lyria:P0682,primary,0
Healthy/lyria__P0474__b5.png,Healthy,lyria,lyria:P0474,primary,0
Healthy/lyria__P0354__b6.png,Healthy,lyria,lyria:P0354,primary,0
Healthy/lyria__P0439__b3.png,Healthy,lyria,lyria:P0439,primary,0
Healthy/lyria__P0080__b23.png,Healthy,lyria,lyria:P0080,primary,0
Healthy/lyria__P0795__b6.png,Healthy,lyria,lyria:P0795,primary,0
Healthy/lyria__P0164__b0.png,Healthy,lyria,lyria:P0164,primary,0
Healthy/lyria__P0750__b10.png,Healthy,lyria,lyria:P0750,primary,0
Healthy/lyria__P0663__b0.png,Healthy,lyria,lyria:P0663,primary,0
Healthy/lyria__P0457__b21.png,Healthy,lyria,lyria:P0457,primary,0
Healthy/lyria__P0175__b8.png,Healthy,lyria,lyria:P0175,primary,0
Healthy/lyria__P0478__b24.png,Healthy,lyria,lyria:P0478,primary,0
Healthy/lyria__P0537__b17.png,Healthy,lyria,lyria:P0537,primary,0
Healthy/lyria__P0558__b6.png,Healthy,lyria,lyria:P0558,primary,0
Healthy/lyria__P0254__b11.png,Healthy,lyria,lyria:P0254,primary,0
Healthy/lyria__P0590__b11.png,Healthy,lyria,lyria:P0590,primary,0
Healthy/lyria__P0462__b10.png,Healthy,lyria,lyria:P0462,primary,0
Healthy/lyria__P0798__b2.png,Healthy,lyria,lyria:P0798,primary,0
Healthy/lyria__P0219__b6.png,Healthy,lyria,lyria:P0219,primary,0
Healthy/lyria__P0206__b3.png,Healthy,lyria,lyria:P0206,primary,0
Healthy/lyria__P0398__b1.png,Healthy,lyria,lyria:P0398,primary,0
Healthy/lyria__P0120__b14.png,Healthy,lyria,lyria:P0120,primary,0
Healthy/lyria__P0231__b5.png,Healthy,lyria,lyria:P0231,primary,0
Healthy/lyria__P0039__b9.png,Healthy,lyria,lyria:P0039,primary,0
Healthy/lyria__P0316__b10.png,Healthy,lyria,lyria:P0316,primary,0
Healthy/lyria__P0739__b11.png,Healthy,lyria,lyria:P0739,primary,0
Healthy/lyria__P0240__b7.png,Healthy,lyria,lyria:P0240,primary,0
Healthy/lyria__P0267__b3.png,Healthy,lyria,lyria:P0267,primary,0
Healthy/lyria__P0446__b10.png,Healthy,lyria,lyria:P0446,primary,0
Healthy/lyria__P0661__b4.png,Healthy,lyria,lyria:P0661,primary,0
Healthy/lyria__P0580__b1.png,Healthy,lyria,lyria:P0580,primary,0
Healthy/lyria__P0387__b1.png,Healthy,lyria,lyria:P0387,primary,0
Healthy/lyria__P0142__b7.png,Healthy,lyria,lyria:P0142,primary,0
Healthy/lyria__P0004__b3.png,Healthy,lyria,lyria:P0004,primary,0
Healthy/lyria__P0249__b1.png,Healthy,lyria,lyria:P0249,primary,0
Healthy/lyria__P0592__b6.png,Healthy,lyria,lyria:P0592,primary,0
Healthy/lyria__P0160__b4.png,Healthy,lyria,lyria:P0160,primary,0
Healthy/lyria__P0528__b12.png,Healthy,lyria,lyria:P0528,primary,0
Healthy/lyria__P0690__b0.png,Healthy,lyria,lyria:P0690,primary,0
Healthy/lyria__P0424__b2.png,Healthy,lyria,lyria:P0424,primary,0
Healthy/lyria__P0090__b8.png,Healthy,lyria,lyria:P0090,primary,0
Healthy/lyria__P0769__b0.png,Healthy,lyria,lyria:P0769,primary,0
Healthy/lyria__P0721__b2.png,Healthy,lyria,lyria:P0721,primary,0
Healthy/lyria__P0701__b11.png,Healthy,lyria,lyria:P0701,primary,0
Healthy/lyria__P0481__b10.png,Healthy,lyria,lyria:P0481,primary,0
Healthy/lyria__P0261__b0.png,Healthy,lyria,lyria:P0261,primary,0
Healthy/lyria__P0755__b3.png,Healthy,lyria,lyria:P0755,primary,0
Healthy/lyria__P0677__b4.png,Healthy,lyria,lyria:P0677,primary,0
Healthy/lyria__P0129__b2.png,Healthy,lyria,lyria:P0129,primary,0
Healthy/lyria__P0182__b11.png,Healthy,lyria,lyria:P0182,primary,0
Healthy/lyria__P0673__b18.png,Healthy,lyria,lyria:P0673,primary,0
Healthy/lyria__P0516__b19.png,Healthy,lyria,lyria:P0516,primary,0
Healthy/lyria__P0593__b10.png,Healthy,lyria,lyria:P0593,primary,0
Healthy/lyria__P0482__b10.png,Healthy,lyria,lyria:P0482,primary,0
Healthy/lyria__P0055__b11.png,Healthy,lyria,lyria:P0055,primary,0
Healthy/lyria__P0401__b1.png,Healthy,lyria,lyria:P0401,primary,0
Healthy/lyria__P0529__b10.png,Healthy,lyria,lyria:P0529,primary,0
Healthy/lyria__P0015__b0.png,Healthy,lyria,lyria:P0015,primary,0
Healthy/lyria__P0037__b1.png,Healthy,lyria,lyria:P0037,primary,0
Healthy/lyria__P0760__b3.png,Healthy,lyria,lyria:P0760,primary,0
Healthy/lyria__P0082__b1.png,Healthy,lyria,lyria:P0082,primary,0
Healthy/lyria__P0024__b2.png,Healthy,lyria,lyria:P0024,primary,0
Healthy/lyria__P0197__b5.png,Healthy,lyria,lyria:P0197,primary,0
Healthy/lyria__P0093__b7.png,Healthy,lyria,lyria:P0093,primary,0
Healthy/lyria__P0115__b17.png,Healthy,lyria,lyria:P0115,primary,0
Healthy/lyria__P0650__b4.png,Healthy,lyria,lyria:P0650,primary,0
Healthy/lyria__P0134__b2.png,Healthy,lyria,lyria:P0134,primary,0
Healthy/lyria__P0506__b1.png,Healthy,lyria,lyria:P0506,primary,0
Healthy/lyria__P0241__b7.png,Healthy,lyria,lyria:P0241,primary,0
Healthy/lyria__P0724__b0.png,Healthy,lyria,lyria:P0724,primary,0
Healthy/lyria__P0328__b1.png,Healthy,lyria,lyria:P0328,primary,0
Healthy/lyria__P0483__b11.png,Healthy,lyria,lyria:P0483,primary,0
Healthy/lyria__P0272__b4.png,Healthy,lyria,lyria:P0272,primary,0
Healthy/lyria__P0362__b2.png,Healthy,lyria,lyria:P0362,primary,0
Healthy/lyria__P0066__b0.png,Healthy,lyria,lyria:P0066,primary,0
Healthy/lyria__P0390__b18.png,Healthy,lyria,lyria:P0390,primary,0
Healthy/lyria__P0714__b2.png,Healthy,lyria,lyria:P0714,primary,0
Healthy/lyria__P0717__b16.png,Healthy,lyria,lyria:P0717,primary,0
Healthy/lyria__P0414__b0.png,Healthy,lyria,lyria:P0414,primary,0
Healthy/lyria__P0232__b0.png,Healthy,lyria,lyria:P0232,primary,0
Healthy/lyria__P0539__b4.png,Healthy,lyria,lyria:P0539,primary,0
Healthy/lyria__P0686__b7.png,Healthy,lyria,lyria:P0686,primary,0
Healthy/lyria__P0041__b0.png,Healthy,lyria,lyria:P0041,primary,0
Healthy/lyria__P0647__b1.png,Healthy,lyria,lyria:P0647,primary,0
Healthy/lyria__P0681__b16.png,Healthy,lyria,lyria:P0681,primary,0
Healthy/lyria__P0225__b4.png,Healthy,lyria,lyria:P0225,primary,0
Healthy/lyria__P0521__b3.png,Healthy,lyria,lyria:P0521,primary,0
Healthy/lyria__P0112__b5.png,Healthy,lyria,lyria:P0112,primary,0
Healthy/lyria__P0737__b0.png,Healthy,lyria,lyria:P0737,primary,0
Healthy/lyria__P0171__b1.png,Healthy,lyria,lyria:P0171,primary,0
Healthy/lyria__P0295__b4.png,Healthy,lyria,lyria:P0295,primary,0
Healthy/lyria__P0510__b5.png,Healthy,lyria,lyria:P0510,primary,0
Healthy/lyria__P0348__b0.png,Healthy,lyria,lyria:P0348,primary,0
Healthy/lyria__P0113__b26.png,Healthy,lyria,lyria:P0113,primary,0
Healthy/lyria__P0433__b11.png,Healthy,lyria,lyria:P0433,primary,0
Healthy/lyria__P0454__b18.png,Healthy,lyria,lyria:P0454,primary,0
Healthy/lyria__P0048__b0.png,Healthy,lyria,lyria:P0048,primary,0
Healthy/lyria__P0550__b1.png,Healthy,lyria,lyria:P0550,primary,0
Healthy/lyria__P0751__b3.png,Healthy,lyria,lyria:P0751,primary,0
Healthy/lyria__P0678__b5.png,Healthy,lyria,lyria:P0678,primary,0
Healthy/lyria__P0326__b5.png,Healthy,lyria,lyria:P0326,primary,0
Healthy/lyria__P0629__b6.png,Healthy,lyria,lyria:P0629,primary,0
Healthy/lyria__P0464__b5.png,Healthy,lyria,lyria:P0464,primary,0
Healthy/lyria__P0058__b0.png,Healthy,lyria,lyria:P0058,primary,0
Healthy/lyria__P0566__b1.png,Healthy,lyria,lyria:P0566,primary,0
Healthy/lyria__P0486__b17.png,Healthy,lyria,lyria:P0486,primary,0
Healthy/lyria__P0305__b4.png,Healthy,lyria,lyria:P0305,primary,0
Healthy/lyria__P0505__b7.png,Healthy,lyria,lyria:P0505,primary,0
Healthy/lyria__P0280__b9.png,Healthy,lyria,lyria:P0280,primary,0
Healthy/lyria__P0135__b1.png,Healthy,lyria,lyria:P0135,primary,0
Healthy/lyria__P0314__b4.png,Healthy,lyria,lyria:P0314,primary,0
Healthy/lyria__P0265__b3.png,Healthy,lyria,lyria:P0265,primary,0
Healthy/lyria__P0239__b2.png,Healthy,lyria,lyria:P0239,primary,0
Healthy/lyria__P0404__b0.png,Healthy,lyria,lyria:P0404,primary,0
Healthy/lyria__P0140__b1.png,Healthy,lyria,lyria:P0140,primary,0
Healthy/lyria__P0651__b4.png,Healthy,lyria,lyria:P0651,primary,0
Healthy/lyria__P0649__b8.png,Healthy,lyria,lyria:P0649,primary,0
Healthy/lyria__P0287__b3.png,Healthy,lyria,lyria:P0287,primary,0
Healthy/lyria__P0560__b4.png,Healthy,lyria,lyria:P0560,primary,0
Healthy/lyria__P0397__b24.png,Healthy,lyria,lyria:P0397,primary,0
Healthy/lyria__P0492__b14.png,Healthy,lyria,lyria:P0492,primary,0
Healthy/lyria__P0360__b16.png,Healthy,lyria,lyria:P0360,primary,0
Healthy/lyria__P0770__b0.png,Healthy,lyria,lyria:P0770,primary,0
Healthy/lyria__P0300__b25.png,Healthy,lyria,lyria:P0300,primary,0
Healthy/lyria__P0587__b18.png,Healthy,lyria,lyria:P0587,primary,0
Healthy/lyria__P0396__b23.png,Healthy,lyria,lyria:P0396,primary,0
Healthy/lyria__P0746__b9.png,Healthy,lyria,lyria:P0746,primary,0
Healthy/lyria__P0667__b0.png,Healthy,lyria,lyria:P0667,primary,0
Healthy/lyria__P0695__b3.png,Healthy,lyria,lyria:P0695,primary,0
Healthy/lyria__P0427__b1.png,Healthy,lyria,lyria:P0427,primary,0
Healthy/lyria__P0706__b0.png,Healthy,lyria,lyria:P0706,primary,0
Healthy/lyria__P0799__b7.png,Healthy,lyria,lyria:P0799,primary,0
Healthy/lyria__P0105__b14.png,Healthy,lyria,lyria:P0105,primary,0
Healthy/lyria__P0723__b0.png,Healthy,lyria,lyria:P0723,primary,0
Healthy/lyria__P0805__b5.png,Healthy,lyria,lyria:P0805,primary,0
Healthy/lyria__P0230__b0.png,Healthy,lyria,lyria:P0230,primary,0
Healthy/lyria__P0005__b4.png,Healthy,lyria,lyria:P0005,primary,0
Healthy/lyria__P0121__b2.png,Healthy,lyria,lyria:P0121,primary,0
Healthy/lyria__P0166__b8.png,Healthy,lyria,lyria:P0166,primary,0
Healthy/lyria__P0018__b0.png,Healthy,lyria,lyria:P0018,primary,0
Healthy/lyria__P0167__b0.png,Healthy,lyria,lyria:P0167,primary,0
Healthy/lyria__P0761__b5.png,Healthy,lyria,lyria:P0761,primary,0
Healthy/lyria__P0665__b6.png,Healthy,lyria,lyria:P0665,primary,0
Healthy/lyria__P0260__b2.png,Healthy,lyria,lyria:P0260,primary,0
Healthy/lyria__P0756__b7.png,Healthy,lyria,lyria:P0756,primary,0
Healthy/lyria__P0614__b15.png,Healthy,lyria,lyria:P0614,primary,0
Healthy/lyria__P0091__b7.png,Healthy,lyria,lyria:P0091,primary,0
Healthy/lyria__P0586__b15.png,Healthy,lyria,lyria:P0586,primary,0
Healthy/lyria__P0507__b1.png,Healthy,lyria,lyria:P0507,primary,0
Healthy/lyria__P0052__b10.png,Healthy,lyria,lyria:P0052,primary,0
Healthy/lyria__P0496__b20.png,Healthy,lyria,lyria:P0496,primary,0
Healthy/lyria__P0034__b4.png,Healthy,lyria,lyria:P0034,primary,0
Healthy/lyria__P0475__b10.png,Healthy,lyria,lyria:P0475,primary,0
Healthy/lyria__P0562__b9.png,Healthy,lyria,lyria:P0562,primary,0
Healthy/lyria__P0327__b19.png,Healthy,lyria,lyria:P0327,primary,0
Healthy/lyria__P0542__b10.png,Healthy,lyria,lyria:P0542,primary,0
Healthy/lyria__P0655__b0.png,Healthy,lyria,lyria:P0655,primary,0
Healthy/lyria__P0800__b0.png,Healthy,lyria,lyria:P0800,primary,0
Healthy/lyria__P0255__b7.png,Healthy,lyria,lyria:P0255,primary,0
Healthy/lyria__P0153__b1.png,Healthy,lyria,lyria:P0153,primary,0
Healthy/lyria__P0318__b8.png,Healthy,lyria,lyria:P0318,primary,0
Healthy/lyria__P0804__b2.png,Healthy,lyria,lyria:P0804,primary,0
Healthy/lyria__P0552__b2.png,Healthy,lyria,lyria:P0552,primary,0
Healthy/lyria__P0613__b15.png,Healthy,lyria,lyria:P0613,primary,0
Healthy/lyria__P0174__b1.png,Healthy,lyria,lyria:P0174,primary,0
Healthy/lyria__P0312__b10.png,Healthy,lyria,lyria:P0312,primary,0
Healthy/lyria__P0141__b0.png,Healthy,lyria,lyria:P0141,primary,0
Healthy/lyria__P0146__b2.png,Healthy,lyria,lyria:P0146,primary,0
Healthy/lyria__P0703__b0.png,Healthy,lyria,lyria:P0703,primary,0
Healthy/lyria__P0019__b1.png,Healthy,lyria,lyria:P0019,primary,0
Healthy/lyria__P0062__b9.png,Healthy,lyria,lyria:P0062,primary,0
Healthy/lyria__P0498__b10.png,Healthy,lyria,lyria:P0498,primary,0
Healthy/lyria__P0485__b4.png,Healthy,lyria,lyria:P0485,primary,0
Healthy/lyria__P0791__b23.png,Healthy,lyria,lyria:P0791,primary,0
Healthy/lyria__P0069__b0.png,Healthy,lyria,lyria:P0069,primary,0
Healthy/lyria__P0202__b3.png,Healthy,lyria,lyria:P0202,primary,0
Healthy/lyria__P0170__b0.png,Healthy,lyria,lyria:P0170,primary,0
Healthy/lyria__P0075__b3.png,Healthy,lyria,lyria:P0075,primary,0
Healthy/lyria__P0252__b6.png,Healthy,lyria,lyria:P0252,primary,0
Healthy/lyria__P0350__b5.png,Healthy,lyria,lyria:P0350,primary,0
Healthy/lyria__P0094__b0.png,Healthy,lyria,lyria:P0094,primary,0
Healthy/lyria__P0049__b0.png,Healthy,lyria,lyria:P0049,primary,0
Healthy/lyria__P0063__b4.png,Healthy,lyria,lyria:P0063,primary,0
Healthy/lyria__P0179__b7.png,Healthy,lyria,lyria:P0179,primary,0
Healthy/lyria__P0466__b10.png,Healthy,lyria,lyria:P0466,primary,0
Healthy/lyria__P0377__b17.png,Healthy,lyria,lyria:P0377,primary,0
Healthy/lyria__P0782__b15.png,Healthy,lyria,lyria:P0782,primary,0
Healthy/lyria__P0057__b11.png,Healthy,lyria,lyria:P0057,primary,0
Healthy/lyria__P0473__b3.png,Healthy,lyria,lyria:P0473,primary,0
Healthy/lyria__P0534__b0.png,Healthy,lyria,lyria:P0534,primary,0
Healthy/lyria__P0785__b18.png,Healthy,lyria,lyria:P0785,primary,0
Healthy/lyria__P0741__b8.png,Healthy,lyria,lyria:P0741,primary,0
Healthy/lyria__P0088__b7.png,Healthy,lyria,lyria:P0088,primary,0
Healthy/lyria__P0156__b5.png,Healthy,lyria,lyria:P0156,primary,0
Healthy/lyria__P0425__b10.png,Healthy,lyria,lyria:P0425,primary,0
Healthy/lyria__P0276__b2.png,Healthy,lyria,lyria:P0276,primary,0
Healthy/lyria__P0124__b8.png,Healthy,lyria,lyria:P0124,primary,0
Healthy/lyria__P0282__b6.png,Healthy,lyria,lyria:P0282,primary,0
Healthy/lyria__P0448__b23.png,Healthy,lyria,lyria:P0448,primary,0
Healthy/lyria__P0692__b5.png,Healthy,lyria,lyria:P0692,primary,0
Healthy/lyria__P0491__b19.png,Healthy,lyria,lyria:P0491,primary,0
Healthy/lyria__P0458__b5.png,Healthy,lyria,lyria:P0458,primary,0
Healthy/lyria__P0161__b3.png,Healthy,lyria,lyria:P0161,primary,0
Healthy/lyria__P0028__b4.png,Healthy,lyria,lyria:P0028,primary,0
Healthy/lyria__P0502__b1.png,Healthy,lyria,lyria:P0502,primary,0
Healthy/lyria__P0399__b2.png,Healthy,lyria,lyria:P0399,primary,0
Healthy/lyria__P0568__b0.png,Healthy,lyria,lyria:P0568,primary,0
Healthy/lyria__P0669__b4.png,Healthy,lyria,lyria:P0669,primary,0
Healthy/lyria__P0159__b10.png,Healthy,lyria,lyria:P0159,primary,0
Healthy/lyria__P0535__b0.png,Healthy,lyria,lyria:P0535,primary,0
Healthy/lyria__P0322__b10.png,Healthy,lyria,lyria:P0322,primary,0
Healthy/lyria__P0790__b17.png,Healthy,lyria,lyria:P0790,primary,0
Healthy/lyria__P0438__b5.png,Healthy,lyria,lyria:P0438,primary,0
Healthy/lyria__P0023__b4.png,Healthy,lyria,lyria:P0023,primary,0
Healthy/lyria__P0394__b15.png,Healthy,lyria,lyria:P0394,primary,0
Healthy/lyria__P0488__b13.png,Healthy,lyria,lyria:P0488,primary,0
Healthy/lyria__P0374__b11.png,Healthy,lyria,lyria:P0374,primary,0
Healthy/lyria__P0189__b13.png,Healthy,lyria,lyria:P0189,primary,0
Healthy/lyria__P0002__b12.png,Healthy,lyria,lyria:P0002,primary,0
Healthy/lyria__P0484__b15.png,Healthy,lyria,lyria:P0484,primary,0
Healthy/lyria__P0549__b16.png,Healthy,lyria,lyria:P0549,primary,0
Healthy/lyria__P0187__b17.png,Healthy,lyria,lyria:P0187,primary,0
Healthy/lyria__P0648__b4.png,Healthy,lyria,lyria:P0648,primary,0
Healthy/lyria__P0532__b22.png,Healthy,lyria,lyria:P0532,primary,0
Healthy/lyria__P0162__b9.png,Healthy,lyria,lyria:P0162,primary,0
Healthy/lyria__P0011__b3.png,Healthy,lyria,lyria:P0011,primary,0
Healthy/lyria__P0054__b0.png,Healthy,lyria,lyria:P0054,primary,0
Healthy/lyria__P0278__b16.png,Healthy,lyria,lyria:P0278,primary,0
Healthy/lyria__P0125__b2.png,Healthy,lyria,lyria:P0125,primary,0
Healthy/lyria__P0045__b9.png,Healthy,lyria,lyria:P0045,primary,0
Healthy/lyria__P0700__b12.png,Healthy,lyria,lyria:P0700,primary,0
Healthy/lyria__P0286__b2.png,Healthy,lyria,lyria:P0286,primary,0
Healthy/lyria__P0641__b2.png,Healthy,lyria,lyria:P0641,primary,0
Healthy/lyria__P0085__b10.png,Healthy,lyria,lyria:P0085,primary,0
Healthy/lyria__P0068__b4.png,Healthy,lyria,lyria:P0068,primary,0
Healthy/lyria__P0469__b19.png,Healthy,lyria,lyria:P0469,primary,0
Healthy/lyria__P0393__b0.png,Healthy,lyria,lyria:P0393,primary,0
Healthy/lyria__P0158__b1.png,Healthy,lyria,lyria:P0158,primary,0
Healthy/lyria__P0297__b2.png,Healthy,lyria,lyria:P0297,primary,0
Healthy/lyria__P0467__b19.png,Healthy,lyria,lyria:P0467,primary,0
Healthy/lyria__P0617__b3.png,Healthy,lyria,lyria:P0617,primary,0
Healthy/lyria__P0349__b12.png,Healthy,lyria,lyria:P0349,primary,0
Healthy/lyria__P0413__b1.png,Healthy,lyria,lyria:P0413,primary,0
Healthy/lyria__P0101__b0.png,Healthy,lyria,lyria:P0101,primary,0
Healthy/lyria__P0223__b7.png,Healthy,lyria,lyria:P0223,primary,0
Healthy/lyria__P0716__b3.png,Healthy,lyria,lyria:P0716,primary,0
Healthy/lyria__P0620__b3.png,Healthy,lyria,lyria:P0620,primary,0
Healthy/lyria__P0758__b12.png,Healthy,lyria,lyria:P0758,primary,0
Healthy/lyria__P0335__b6.png,Healthy,lyria,lyria:P0335,primary,0
Healthy/lyria__P0359__b8.png,Healthy,lyria,lyria:P0359,primary,0
Healthy/lyria__P0372__b0.png,Healthy,lyria,lyria:P0372,primary,0
Healthy/lyria__P0563__b2.png,Healthy,lyria,lyria:P0563,primary,0
Healthy/lyria__P0198__b0.png,Healthy,lyria,lyria:P0198,primary,0
Healthy/lyria__P0499__b15.png,Healthy,lyria,lyria:P0499,primary,0
Healthy/lyria__P0637__b3.png,Healthy,lyria,lyria:P0637,primary,0
Healthy/lyria__P0307__b2.png,Healthy,lyria,lyria:P0307,primary,0
Healthy/lyria__P0133__b1.png,Healthy,lyria,lyria:P0133,primary,0
Healthy/lyria__P0456__b18.png,Healthy,lyria,lyria:P0456,primary,0
Healthy/lyria__P0789__b16.png,Healthy,lyria,lyria:P0789,primary,0
Healthy/lyria__P0426__b4.png,Healthy,lyria,lyria:P0426,primary,0
Healthy/lyria__P0154__b2.png,Healthy,lyria,lyria:P0154,primary,0
Healthy/lyria__P0213__b3.png,Healthy,lyria,lyria:P0213,primary,0
Healthy/lyria__P0500__b27.png,Healthy,lyria,lyria:P0500,primary,0
Healthy/lyria__P0657__b8.png,Healthy,lyria,lyria:P0657,primary,0
Healthy/lyria__P0183__b4.png,Healthy,lyria,lyria:P0183,primary,0
Healthy/lyria__P0602__b1.png,Healthy,lyria,lyria:P0602,primary,0
Healthy/lyria__P0471__b7.png,Healthy,lyria,lyria:P0471,primary,0
Healthy/lyria__P0270__b19.png,Healthy,lyria,lyria:P0270,primary,0
Healthy/lyria__P0092__b7.png,Healthy,lyria,lyria:P0092,primary,0
Healthy/lyria__P0065__b6.png,Healthy,lyria,lyria:P0065,primary,0
Healthy/lyria__P0064__b6.png,Healthy,lyria,lyria:P0064,primary,0
Healthy/lyria__P0544__b1.png,Healthy,lyria,lyria:P0544,primary,0
Healthy/lyria__P0416__b7.png,Healthy,lyria,lyria:P0416,primary,0
Healthy/lyria__P0652__b0.png,Healthy,lyria,lyria:P0652,primary,0
Healthy/lyria__P0311__b4.png,Healthy,lyria,lyria:P0311,primary,0
Healthy/lyria__P0212__b4.png,Healthy,lyria,lyria:P0212,primary,0
Healthy/lyria__P0107__b3.png,Healthy,lyria,lyria:P0107,primary,0
Healthy/lyria__P0333__b19.png,Healthy,lyria,lyria:P0333,primary,0
Healthy/lyria__P0679__b7.png,Healthy,lyria,lyria:P0679,primary,0
Healthy/lyria__P0347__b4.png,Healthy,lyria,lyria:P0347,primary,0
Healthy/lyria__P0334__b6.png,Healthy,lyria,lyria:P0334,primary,0
Healthy/lyria__P0526__b8.png,Healthy,lyria,lyria:P0526,primary,0
Healthy/lyria__P0208__b3.png,Healthy,lyria,lyria:P0208,primary,0
Healthy/lyria__P0245__b11.png,Healthy,lyria,lyria:P0245,primary,0
Healthy/lyria__P0409__b1.png,Healthy,lyria,lyria:P0409,primary,0
Healthy/lyria__P0662__b1.png,Healthy,lyria,lyria:P0662,primary,0
Healthy/lyria__P0178__b9.png,Healthy,lyria,lyria:P0178,primary,0
Healthy/lyria__P0100__b2.png,Healthy,lyria,lyria:P0100,primary,0
Healthy/lyria__P0423__b2.png,Healthy,lyria,lyria:P0423,primary,0
Healthy/lyria__P0557__b6.png,Healthy,lyria,lyria:P0557,primary,0
Healthy/lyria__P0073__b2.png,Healthy,lyria,lyria:P0073,primary,0
Healthy/lyria__P0555__b11.png,Healthy,lyria,lyria:P0555,primary,0
Healthy/lyria__P0042__b11.png,Healthy,lyria,lyria:P0042,primary,0
Healthy/lyria__P0361__b1.png,Healthy,lyria,lyria:P0361,primary,0
Healthy/lyria__P0168__b0.png,Healthy,lyria,lyria:P0168,primary,0
Healthy/lyria__P0285__b2.png,Healthy,lyria,lyria:P0285,primary,0
Healthy/lyria__P0509__b14.png,Healthy,lyria,lyria:P0509,primary,0
Healthy/lyria__P0546__b2.png,Healthy,lyria,lyria:P0546,primary,0
Healthy/lyria__P0689__b6.png,Healthy,lyria,lyria:P0689,primary,0
Healthy/lyria__P0220__b11.png,Healthy,lyria,lyria:P0220,primary,0
Healthy/lyria__P0608__b0.png,Healthy,lyria,lyria:P0608,primary,0
Healthy/lyria__P0666__b5.png,Healthy,lyria,lyria:P0666,primary,0
Healthy/lyria__P0675__b2.png,Healthy,lyria,lyria:P0675,primary,0
Healthy/lyria__P0508__b15.png,Healthy,lyria,lyria:P0508,primary,0
Healthy/lyria__P0523__b4.png,Healthy,lyria,lyria:P0523,primary,0
Healthy/lyria__P0375__b0.png,Healthy,lyria,lyria:P0375,primary,0
Healthy/lyria__P0117__b22.png,Healthy,lyria,lyria:P0117,primary,0
Healthy/lyria__P0410__b1.png,Healthy,lyria,lyria:P0410,primary,0
Healthy/lyria__P0391__b18.png,Healthy,lyria,lyria:P0391,primary,0
Healthy/lyria__P0604__b13.png,Healthy,lyria,lyria:P0604,primary,0
Healthy/lyria__P0407__b6.png,Healthy,lyria,lyria:P0407,primary,0
Healthy/lyria__P0346__b7.png,Healthy,lyria,lyria:P0346,primary,0
Healthy/lyria__P0403__b8.png,Healthy,lyria,lyria:P0403,primary,0
Healthy/lyria__P0420__b3.png,Healthy,lyria,lyria:P0420,primary,0
Healthy/lyria__P0053__b9.png,Healthy,lyria,lyria:P0053,primary,0
Healthy/lyria__P0465__b14.png,Healthy,lyria,lyria:P0465,primary,0
Healthy/lyria__P0468__b10.png,Healthy,lyria,lyria:P0468,primary,0
Healthy/lyria__P0275__b5.png,Healthy,lyria,lyria:P0275,primary,0
Healthy/lyria__P0315__b6.png,Healthy,lyria,lyria:P0315,primary,0
Healthy/lyria__P0531__b0.png,Healthy,lyria,lyria:P0531,primary,0
Healthy/lyria__P0697__b3.png,Healthy,lyria,lyria:P0697,primary,0
Healthy/lyria__P0630__b9.png,Healthy,lyria,lyria:P0630,primary,0
Healthy/lyria__P0461__b20.png,Healthy,lyria,lyria:P0461,primary,0
Healthy/lyria__P0450__b4.png,Healthy,lyria,lyria:P0450,primary,0
Healthy/lyria__P0169__b10.png,Healthy,lyria,lyria:P0169,primary,0
Healthy/lyria__P0418__b4.png,Healthy,lyria,lyria:P0418,primary,0
Healthy/lyria__P0653__b7.png,Healthy,lyria,lyria:P0653,primary,0
Healthy/lyria__P0118__b5.png,Healthy,lyria,lyria:P0118,primary,0
Healthy/lyria__P0698__b1.png,Healthy,lyria,lyria:P0698,primary,0
Healthy/lyria__P0601__b8.png,Healthy,lyria,lyria:P0601,primary,0
Healthy/lyria__P0748__b4.png,Healthy,lyria,lyria:P0748,primary,0
Healthy/lyria__P0503__b29.png,Healthy,lyria,lyria:P0503,primary,0
Healthy/lyria__P0719__b9.png,Healthy,lyria,lyria:P0719,primary,0
Healthy/lyria__P0671__b4.png,Healthy,lyria,lyria:P0671,primary,0
Healthy/lyria__P0086__b8.png,Healthy,lyria,lyria:P0086,primary,0
Healthy/lyria__P0370__b0.png,Healthy,lyria,lyria:P0370,primary,0
Healthy/lyria__P0044__b0.png,Healthy,lyria,lyria:P0044,primary,0
Healthy/lyria__P0229__b3.png,Healthy,lyria,lyria:P0229,primary,0
Healthy/lyria__P0599__b1.png,Healthy,lyria,lyria:P0599,primary,0
Healthy/lyria__P0400__b4.png,Healthy,lyria,lyria:P0400,primary,0
Healthy/lyria__P0802__b2.png,Healthy,lyria,lyria:P0802,primary,0
Healthy/lyria__P0567__b11.png,Healthy,lyria,lyria:P0567,primary,0
Healthy/lyria__P0006__b3.png,Healthy,lyria,lyria:P0006,primary,0
Healthy/lyria__P0234__b0.png,Healthy,lyria,lyria:P0234,primary,0
Healthy/lyria__P0193__b2.png,Healthy,lyria,lyria:P0193,primary,0
Healthy/lyria__P0078__b0.png,Healthy,lyria,lyria:P0078,primary,0
Healthy/lyria__P0320__b24.png,Healthy,lyria,lyria:P0320,primary,0
Healthy/lyria__P0163__b14.png,Healthy,lyria,lyria:P0163,primary,0
Healthy/lyria__P0331__b2.png,Healthy,lyria,lyria:P0331,primary,0
Healthy/lyria__P0072__b4.png,Healthy,lyria,lyria:P0072,primary,0
Healthy/lyria__P0713__b1.png,Healthy,lyria,lyria:P0713,primary,0
Healthy/lyria__P0027__b0.png,Healthy,lyria,lyria:P0027,primary,0
Healthy/lyria__P0752__b1.png,Healthy,lyria,lyria:P0752,primary,0
Healthy/lyria__P0266__b0.png,Healthy,lyria,lyria:P0266,primary,0
Healthy/lyria__P0136__b3.png,Healthy,lyria,lyria:P0136,primary,0
Healthy/lyria__P0417__b19.png,Healthy,lyria,lyria:P0417,primary,0
Healthy/lyria__P0428__b3.png,Healthy,lyria,lyria:P0428,primary,0
Healthy/lyria__P0525__b1.png,Healthy,lyria,lyria:P0525,primary,0
Healthy/lyria__P0634__b6.png,Healthy,lyria,lyria:P0634,primary,0
Healthy/lyria__P0615__b2.png,Healthy,lyria,lyria:P0615,primary,0
Healthy/lyria__P0574__b1.png,Healthy,lyria,lyria:P0574,primary,0
Healthy/lyria__P0554__b6.png,Healthy,lyria,lyria:P0554,primary,0
Healthy/lyria__P0217__b4.png,Healthy,lyria,lyria:P0217,primary,0
Healthy/lyria__P0451__b21.png,Healthy,lyria,lyria:P0451,primary,0
Healthy/lyria__P0395__b10.png,Healthy,lyria,lyria:P0395,primary,0
Healthy/lyria__P0353__b6.png,Healthy,lyria,lyria:P0353,primary,0
Healthy/lyria__P0517__b13.png,Healthy,lyria,lyria:P0517,primary,0
Healthy/lyria__P0668__b0.png,Healthy,lyria,lyria:P0668,primary,0
Healthy/lyria__P0670__b0.png,Healthy,lyria,lyria:P0670,primary,0
Healthy/lyria__P0067__b2.png,Healthy,lyria,lyria:P0067,primary,0
Healthy/lyria__P0079__b16.png,Healthy,lyria,lyria:P0079,primary,0
Healthy/lyria__P0718__b3.png,Healthy,lyria,lyria:P0718,primary,0
Healthy/lyria__P0317__b11.png,Healthy,lyria,lyria:P0317,primary,0
Healthy/lyria__P0794__b5.png,Healthy,lyria,lyria:P0794,primary,0
Healthy/lyria__P0487__b14.png,Healthy,lyria,lyria:P0487,primary,0
Healthy/lyria__P0337__b14.png,Healthy,lyria,lyria:P0337,primary,0
Healthy/lyria__P0429__b23.png,Healthy,lyria,lyria:P0429,primary,0
Healthy/lyria__P0186__b5.png,Healthy,lyria,lyria:P0186,primary,0
Healthy/lyria__P0765__b5.png,Healthy,lyria,lyria:P0765,primary,0
Healthy/lyria__P0033__b5.png,Healthy,lyria,lyria:P0033,primary,0
Healthy/lyria__P0419__b0.png,Healthy,lyria,lyria:P0419,primary,0
Healthy/lyria__P0344__b0.png,Healthy,lyria,lyria:P0344,primary,0
Healthy/lyria__P0683__b7.png,Healthy,lyria,lyria:P0683,primary,0
Healthy/lyria__P0281__b5.png,Healthy,lyria,lyria:P0281,primary,0
Healthy/lyria__P0809__b13.png,Healthy,lyria,lyria:P0809,primary,0
Healthy/lyria__P0288__b16.png,Healthy,lyria,lyria:P0288,primary,0
Healthy/lyria__P0609__b7.png,Healthy,lyria,lyria:P0609,primary,0
Healthy/lyria__P0768__b1.png,Healthy,lyria,lyria:P0768,primary,0
Healthy/lyria__P0292__b3.png,Healthy,lyria,lyria:P0292,primary,0
Healthy/lyria__P0779__b3.png,Healthy,lyria,lyria:P0779,primary,0
Healthy/lyria__P0591__b2.png,Healthy,lyria,lyria:P0591,primary,0
Healthy/lyria__P0022__b0.png,Healthy,lyria,lyria:P0022,primary,0
Healthy/lyria__P0251__b2.png,Healthy,lyria,lyria:P0251,primary,0
Healthy/lyria__P0083__b14.png,Healthy,lyria,lyria:P0083,primary,0
Healthy/lyria__P0565__b19.png,Healthy,lyria,lyria:P0565,primary,0
Healthy/lyria__P0059__b4.png,Healthy,lyria,lyria:P0059,primary,0
Healthy/lyria__P0190__b0.png,Healthy,lyria,lyria:P0190,primary,0
Healthy/lyria__P0284__b1.png,Healthy,lyria,lyria:P0284,primary,0
Healthy/lyria__P0626__b0.png,Healthy,lyria,lyria:P0626,primary,0
Healthy/lyria__P0715__b12.png,Healthy,lyria,lyria:P0715,primary,0
Healthy/lyria__P0699__b2.png,Healthy,lyria,lyria:P0699,primary,0
Healthy/lyria__P0031__b2.png,Healthy,lyria,lyria:P0031,primary,0
Healthy/lyria__P0672__b12.png,Healthy,lyria,lyria:P0672,primary,0
Healthy/lyria__P0548__b10.png,Healthy,lyria,lyria:P0548,primary,0
Healthy/lyria__P0803__b1.png,Healthy,lyria,lyria:P0803,primary,0
Healthy/lyria__P0720__b9.png,Healthy,lyria,lyria:P0720,primary,0
Healthy/lyria__P0810__b11.png,Healthy,lyria,lyria:P0810,primary,0
Healthy/lyria__P0235__b0.png,Healthy,lyria,lyria:P0235,primary,0
Healthy/lyria__P0352__b10.png,Healthy,lyria,lyria:P0352,primary,0
Healthy/lyria__P0489__b11.png,Healthy,lyria,lyria:P0489,primary,0
Healthy/lyria__P0365__b2.png,Healthy,lyria,lyria:P0365,primary,0
Healthy/lyria__P0406__b4.png,Healthy,lyria,lyria:P0406,primary,0
Healthy/lyria__P0145__b0.png,Healthy,lyria,lyria:P0145,primary,0
Healthy/lyria__P0577__b6.png,Healthy,lyria,lyria:P0577,primary,0
Healthy/lyria__P0501__b4.png,Healthy,lyria,lyria:P0501,primary,0
Healthy/lyria__P0289__b0.png,Healthy,lyria,lyria:P0289,primary,0
Healthy/lyria__P0547__b10.png,Healthy,lyria,lyria:P0547,primary,0
Healthy/lyria__P0736__b3.png,Healthy,lyria,lyria:P0736,primary,0
Healthy/lyria__P0262__b8.png,Healthy,lyria,lyria:P0262,primary,0
Healthy/lyria__P0184__b1.png,Healthy,lyria,lyria:P0184,primary,0
Healthy/lyria__P0479__b2.png,Healthy,lyria,lyria:P0479,primary,0
Healthy/lyria__P0293__b21.png,Healthy,lyria,lyria:P0293,primary,0
Healthy/lyria__P0070__b0.png,Healthy,lyria,lyria:P0070,primary,0
Healthy/lyria__P0380__b0.png,Healthy,lyria,lyria:P0380,primary,0
Healthy/lyria__P0351__b10.png,Healthy,lyria,lyria:P0351,primary,0
Healthy/lyria__P0793__b10.png,Healthy,lyria,lyria:P0793,primary,0
Healthy/lyria__P0176__b0.png,Healthy,lyria,lyria:P0176,primary,0
Healthy/lyria__P0103__b8.png,Healthy,lyria,lyria:P0103,primary,0
Healthy/lyria__P0584__b0.png,Healthy,lyria,lyria:P0584,primary,0
Healthy/lyria__P0301__b8.png,Healthy,lyria,lyria:P0301,primary,0
Healthy/lyria__P0214__b1.png,Healthy,lyria,lyria:P0214,primary,0
Healthy/lyria__P0807__b7.png,Healthy,lyria,lyria:P0807,primary,0
Healthy/lyria__P0421__b1.png,Healthy,lyria,lyria:P0421,primary,0
Healthy/lyria__P0559__b11.png,Healthy,lyria,lyria:P0559,primary,0
Healthy/lyria__P0582__b1.png,Healthy,lyria,lyria:P0582,primary,0
Healthy/lyria__P0788__b0.png,Healthy,lyria,lyria:P0788,primary,0
Healthy/lyria__P0631__b3.png,Healthy,lyria,lyria:P0631,primary,0
Healthy/lyria__P0343__b2.png,Healthy,lyria,lyria:P0343,primary,0
Healthy/lyria__P0443__b11.png,Healthy,lyria,lyria:P0443,primary,0
Healthy/lyria__P0273__b12.png,Healthy,lyria,lyria:P0273,primary,0
Healthy/lyria__P0726__b6.png,Healthy,lyria,lyria:P0726,primary,0
Healthy/lyria__P0036__b0.png,Healthy,lyria,lyria:P0036,primary,0
Healthy/lyria__P0579__b14.png,Healthy,lyria,lyria:P0579,primary,0
Healthy/lyria__P0624__b9.png,Healthy,lyria,lyria:P0624,primary,0
Healthy/lyria__P0759__b0.png,Healthy,lyria,lyria:P0759,primary,0
Healthy/lyria__P0623__b1.png,Healthy,lyria,lyria:P0623,primary,0
Healthy/lyria__P0246__b1.png,Healthy,lyria,lyria:P0246,primary,0
Healthy/lyria__P0696__b9.png,Healthy,lyria,lyria:P0696,primary,0
Healthy/lyria__P0324__b25.png,Healthy,lyria,lyria:P0324,primary,0
Healthy/lyria__P0106__b0.png,Healthy,lyria,lyria:P0106,primary,0
Healthy/lyria__P0218__b5.png,Healthy,lyria,lyria:P0218,primary,0
Healthy/lyria__P0781__b10.png,Healthy,lyria,lyria:P0781,primary,0
Healthy/lyria__P0150__b1.png,Healthy,lyria,lyria:P0150,primary,0
Healthy/lyria__P0227__b4.png,Healthy,lyria,lyria:P0227,primary,0
Healthy/lyria__P0253__b21.png,Healthy,lyria,lyria:P0253,primary,0
Healthy/lyria__P0735__b6.png,Healthy,lyria,lyria:P0735,primary,0
Healthy/lyria__P0527__b2.png,Healthy,lyria,lyria:P0527,primary,0
Healthy/lyria__P0014__b1.png,Healthy,lyria,lyria:P0014,primary,0
Healthy/lyria__P0131__b1.png,Healthy,lyria,lyria:P0131,primary,0
Healthy/lyria__P0583__b1.png,Healthy,lyria,lyria:P0583,primary,0
Healthy/lyria__P0556__b1.png,Healthy,lyria,lyria:P0556,primary,0
Healthy/lyria__P0744__b7.png,Healthy,lyria,lyria:P0744,primary,0
Healthy/lyria__P0221__b6.png,Healthy,lyria,lyria:P0221,primary,0
Healthy/lyria__P0709__b3.png,Healthy,lyria,lyria:P0709,primary,0
Healthy/lyria__P0536__b2.png,Healthy,lyria,lyria:P0536,primary,0
Healthy/lyria__P0185__b2.png,Healthy,lyria,lyria:P0185,primary,0
Healthy/lyria__P0299__b11.png,Healthy,lyria,lyria:P0299,primary,0
Healthy/lyria__P0283__b1.png,Healthy,lyria,lyria:P0283,primary,0
Healthy/lyria__P0332__b2.png,Healthy,lyria,lyria:P0332,primary,0
Healthy/lyria__P0632__b7.png,Healthy,lyria,lyria:P0632,primary,0
Healthy/lyria__P0259__b2.png,Healthy,lyria,lyria:P0259,primary,0
Healthy/lyria__P0787__b9.png,Healthy,lyria,lyria:P0787,primary,0
Healthy/lyria__P0477__b8.png,Healthy,lyria,lyria:P0477,primary,0
Healthy/lyria__P0676__b21.png,Healthy,lyria,lyria:P0676,primary,0
Healthy/lyria__P0199__b20.png,Healthy,lyria,lyria:P0199,primary,0
Healthy/lyria__P0386__b4.png,Healthy,lyria,lyria:P0386,primary,0
Healthy/lyria__P0628__b5.png,Healthy,lyria,lyria:P0628,primary,0
Healthy/lyria__P0540__b5.png,Healthy,lyria,lyria:P0540,primary,0
Healthy/lyria__P0271__b1.png,Healthy,lyria,lyria:P0271,primary,0
Healthy/lyria__P0541__b16.png,Healthy,lyria,lyria:P0541,primary,0
Healthy/lyria__P0137__b7.png,Healthy,lyria,lyria:P0137,primary,0
Healthy/lyria__P0201__b7.png,Healthy,lyria,lyria:P0201,primary,0
Healthy/lyria__P0780__b2.png,Healthy,lyria,lyria:P0780,primary,0
Healthy/lyria__P0449__b23.png,Healthy,lyria,lyria:P0449,primary,0
Healthy/lyria__P0518__b4.png,Healthy,lyria,lyria:P0518,primary,0
Healthy/lyria__P0238__b0.png,Healthy,lyria,lyria:P0238,primary,0
Healthy/lyria__P0043__b0.png,Healthy,lyria,lyria:P0043,primary,0
Healthy/lyria__P0796__b20.png,Healthy,lyria,lyria:P0796,primary,0
Healthy/lyria__P0323__b11.png,Healthy,lyria,lyria:P0323,primary,0
Healthy/lyria__P0691__b3.png,Healthy,lyria,lyria:P0691,primary,0
Healthy/lyria__P0792__b7.png,Healthy,lyria,lyria:P0792,primary,0
Healthy/lyria__P0122__b9.png,Healthy,lyria,lyria:P0122,primary,0
Healthy/lyria__P0076__b12.png,Healthy,lyria,lyria:P0076,primary,0
Healthy/lyria__P0776__b2.png,Healthy,lyria,lyria:P0776,primary,0
Healthy/lyria__P0279__b11.png,Healthy,lyria,lyria:P0279,primary,0
Healthy/lyria__P0345__b12.png,Healthy,lyria,lyria:P0345,primary,0
Healthy/lyria__P0702__b3.png,Healthy,lyria,lyria:P0702,primary,0
Healthy/lyria__P0376__b3.png,Healthy,lyria,lyria:P0376,primary,0
Healthy/lyria__P0422__b1.png,Healthy,lyria,lyria:P0422,primary,0
Healthy/lyria__P0774__b4.png,Healthy,lyria,lyria:P0774,primary,0
Healthy/lyria__P0472__b10.png,Healthy,lyria,lyria:P0472,primary,0
Healthy/lyria__P0520__b4.png,Healthy,lyria,lyria:P0520,primary,0
Healthy/lyria__P0470__b11.png,Healthy,lyria,lyria:P0470,primary,0
Healthy/lyria__P0575__b12.png,Healthy,lyria,lyria:P0575,primary,0
Healthy/lyria__P0538__b3.png,Healthy,lyria,lyria:P0538,primary,0
Healthy/lyria__P0102__b3.png,Healthy,lyria,lyria:P0102,primary,0
Healthy/lyria__P0572__b2.png,Healthy,lyria,lyria:P0572,primary,0
Healthy/lyria__P0773__b3.png,Healthy,lyria,lyria:P0773,primary,0
Healthy/lyria__P0046__b3.png,Healthy,lyria,lyria:P0046,primary,0
Healthy/lyria__P0243__b1.png,Healthy,lyria,lyria:P0243,primary,0
Healthy/lyria__P0693__b10.png,Healthy,lyria,lyria:P0693,primary,0
Healthy/lyria__P0680__b3.png,Healthy,lyria,lyria:P0680,primary,0
Healthy/lyria__P0366__b4.png,Healthy,lyria,lyria:P0366,primary,0
Healthy/lyria__P0490__b0.png,Healthy,lyria,lyria:P0490,primary,0
Healthy/lyria__P0047__b0.png,Healthy,lyria,lyria:P0047,primary,0
Healthy/lyria__P0705__b4.png,Healthy,lyria,lyria:P0705,primary,0
Healthy/lyria__P0578__b1.png,Healthy,lyria,lyria:P0578,primary,0
Healthy/lyria__P0553__b9.png,Healthy,lyria,lyria:P0553,primary,0
Healthy/lyria__P0771__b5.png,Healthy,lyria,lyria:P0771,primary,0
Healthy/lyria__P0766__b0.png,Healthy,lyria,lyria:P0766,primary,0
Healthy/lyria__P0515__b7.png,Healthy,lyria,lyria:P0515,primary,0
Healthy/lyria__P0269__b0.png,Healthy,lyria,lyria:P0269,primary,0
Healthy/lyria__P0658__b4.png,Healthy,lyria,lyria:P0658,primary,0
Healthy/lyria__P0321__b5.png,Healthy,lyria,lyria:P0321,primary,0
Healthy/lyria__P0402__b13.png,Healthy,lyria,lyria:P0402,primary,0
Healthy/lyria__P0570__b0.png,Healthy,lyria,lyria:P0570,primary,0
Healthy/lyria__P0576__b5.png,Healthy,lyria,lyria:P0576,primary,0
Healthy/lyria__P0646__b4.png,Healthy,lyria,lyria:P0646,primary,0
Healthy/lyria__P0296__b0.png,Healthy,lyria,lyria:P0296,primary,0
Healthy/lyria__P0618__b1.png,Healthy,lyria,lyria:P0618,primary,0
Healthy/lyria__P0205__b4.png,Healthy,lyria,lyria:P0205,primary,0
Healthy/lyria__P0030__b3.png,Healthy,lyria,lyria:P0030,primary,0
Healthy/lyria__P0763__b5.png,Healthy,lyria,lyria:P0763,primary,0
Healthy/lyria__P0654__b0.png,Healthy,lyria,lyria:P0654,primary,0
Healthy/lyria__P0764__b7.png,Healthy,lyria,lyria:P0764,primary,0
Healthy/lyria__P0097__b27.png,Healthy,lyria,lyria:P0097,primary,0
Healthy/lyria__P0165__b0.png,Healthy,lyria,lyria:P0165,primary,0
Healthy/lyria__P0564__b6.png,Healthy,lyria,lyria:P0564,primary,0
Healthy/lyria__P0777__b6.png,Healthy,lyria,lyria:P0777,primary,0
Healthy/lyria__P0226__b1.png,Healthy,lyria,lyria:P0226,primary,0
Healthy/lyria__P0435__b0.png,Healthy,lyria,lyria:P0435,primary,0
Healthy/lyria__P0476__b21.png,Healthy,lyria,lyria:P0476,primary,0
Healthy/lyria__P0453__b20.png,Healthy,lyria,lyria:P0453,primary,0
Healthy/lyria__P0236__b4.png,Healthy,lyria,lyria:P0236,primary,0
Healthy/lyria__P0621__b17.png,Healthy,lyria,lyria:P0621,primary,0
Healthy/lyria__P0148__b5.png,Healthy,lyria,lyria:P0148,primary,0
Healthy/lyria__P0411__b10.png,Healthy,lyria,lyria:P0411,primary,0
Healthy/lyria__P0710__b1.png,Healthy,lyria,lyria:P0710,primary,0
Healthy/lyria__P0704__b9.png,Healthy,lyria,lyria:P0704,primary,0
Healthy/lyria__P0032__b3.png,Healthy,lyria,lyria:P0032,primary,0
Healthy/lyria__P0633__b2.png,Healthy,lyria,lyria:P0633,primary,0
Healthy/lyria__P0256__b4.png,Healthy,lyria,lyria:P0256,primary,0
Healthy/lyria__P0757__b0.png,Healthy,lyria,lyria:P0757,primary,0
Healthy/lyria__P0038__b9.png,Healthy,lyria,lyria:P0038,primary,0
Healthy/lyria__P0210__b2.png,Healthy,lyria,lyria:P0210,primary,0
Healthy/lyria__P0268__b1.png,Healthy,lyria,lyria:P0268,primary,0
Healthy/lyria__P0341__b16.png,Healthy,lyria,lyria:P0341,primary,0
Healthy/lyria__P0021__b3.png,Healthy,lyria,lyria:P0021,primary,0
Healthy/lyria__P0132__b0.png,Healthy,lyria,lyria:P0132,primary,0
Healthy/lyria__P0640__b3.png,Healthy,lyria,lyria:P0640,primary,0
Healthy/lyria__P0172__b11.png,Healthy,lyria,lyria:P0172,primary,0
Healthy/lyria__P0149__b7.png,Healthy,lyria,lyria:P0149,primary,0
Healthy/lyria__P0379__b6.png,Healthy,lyria,lyria:P0379,primary,0
Healthy/lyria__P0625__b5.png,Healthy,lyria,lyria:P0625,primary,0
Healthy/lyria__P0077__b2.png,Healthy,lyria,lyria:P0077,primary,0
Healthy/lyria__P0622__b2.png,Healthy,lyria,lyria:P0622,primary,0
Healthy/lyria__P0089__b9.png,Healthy,lyria,lyria:P0089,primary,0
Healthy/lyria__P0749__b5.png,Healthy,lyria,lyria:P0749,primary,0
Healthy/lyria__P0111__b11.png,Healthy,lyria,lyria:P0111,primary,0
Healthy/lyria__P0382__b9.png,Healthy,lyria,lyria:P0382,primary,0
Healthy/lyria__P0732__b0.png,Healthy,lyria,lyria:P0732,primary,0
Healthy/lyria__P0635__b7.png,Healthy,lyria,lyria:P0635,primary,0
Healthy/lyria__P0013__b0.png,Healthy,lyria,lyria:P0013,primary,0
Healthy/lyria__P0237__b1.png,Healthy,lyria,lyria:P0237,primary,0
Healthy/lyria__P0355__b13.png,Healthy,lyria,lyria:P0355,primary,0
Healthy/lyria__P0455__b3.png,Healthy,lyria,lyria:P0455,primary,0
Healthy/lyria__P0109__b4.png,Healthy,lyria,lyria:P0109,primary,0
Healthy/lyria__P0242__b1.png,Healthy,lyria,lyria:P0242,primary,0
Healthy/lyria__P0745__b10.png,Healthy,lyria,lyria:P0745,primary,0
Healthy/lyria__P0480__b21.png,Healthy,lyria,lyria:P0480,primary,0
Healthy/lyria__P0747__b5.png,Healthy,lyria,lyria:P0747,primary,0
Healthy/lyria__P0116__b25.png,Healthy,lyria,lyria:P0116,primary,0
Healthy/lyria__P0530__b2.png,Healthy,lyria,lyria:P0530,primary,0
Healthy/lyria__P0050__b4.png,Healthy,lyria,lyria:P0050,primary,0
Healthy/lyria__P0437__b5.png,Healthy,lyria,lyria:P0437,primary,0
Healthy/lyria__P0152__b0.png,Healthy,lyria,lyria:P0152,primary,0
Healthy/lyria__P0442__b3.png,Healthy,lyria,lyria:P0442,primary,0
Healthy/lyria__P0392__b29.png,Healthy,lyria,lyria:P0392,primary,0
Healthy/lyria__P0619__b3.png,Healthy,lyria,lyria:P0619,primary,0
Healthy/lyria__P0200__b5.png,Healthy,lyria,lyria:P0200,primary,0
Healthy/lyria__P0594__b1.png,Healthy,lyria,lyria:P0594,primary,0
Healthy/lyria__P0389__b11.png,Healthy,lyria,lyria:P0389,primary,0
Healthy/lyria__P0012__b0.png,Healthy,lyria,lyria:P0012,primary,0
Healthy/lyria__P0445__b0.png,Healthy,lyria,lyria:P0445,primary,0
Healthy/lyria__P0684__b9.png,Healthy,lyria,lyria:P0684,primary,0
Healthy/lyria__P0204__b13.png,Healthy,lyria,lyria:P0204,primary,0
Healthy/lyria__P0384__b9.png,Healthy,lyria,lyria:P0384,primary,0
Healthy/lyria__P0313__b2.png,Healthy,lyria,lyria:P0313,primary,0
Healthy/lyria__P0459__b2.png,Healthy,lyria,lyria:P0459,primary,0
Healthy/lyria__P0588__b2.png,Healthy,lyria,lyria:P0588,primary,0
Healthy/lyria__P0589__b2.png,Healthy,lyria,lyria:P0589,primary,0
Healthy/lyria__P0415__b1.png,Healthy,lyria,lyria:P0415,primary,0
Healthy/lyria__P0514__b11.png,Healthy,lyria,lyria:P0514,primary,0
Healthy/lyria__P0561__b0.png,Healthy,lyria,lyria:P0561,primary,0
Healthy/lyria__P0611__b15.png,Healthy,lyria,lyria:P0611,primary,0
Healthy/lyria__P0061__b5.png,Healthy,lyria,lyria:P0061,primary,0
Healthy/lyria__P0616__b1.png,Healthy,lyria,lyria:P0616,primary,0
Healthy/lyria__P0610__b13.png,Healthy,lyria,lyria:P0610,primary,0
Healthy/lyria__P0336__b20.png,Healthy,lyria,lyria:P0336,primary,0
Healthy/lyria__P0440__b4.png,Healthy,lyria,lyria:P0440,primary,0
Healthy/lyria__P0130__b12.png,Healthy,lyria,lyria:P0130,primary,0
Healthy/lyria__P0627__b1.png,Healthy,lyria,lyria:P0627,primary,0
Healthy/lyria__P0432__b8.png,Healthy,lyria,lyria:P0432,primary,0
Healthy/lyria__P0095__b6.png,Healthy,lyria,lyria:P0095,primary,0
Healthy/lyria__P0494__b6.png,Healthy,lyria,lyria:P0494,primary,0
Healthy/lyria__P0452__b11.png,Healthy,lyria,lyria:P0452,primary,0
Healthy/lyria__P0606__b5.png,Healthy,lyria,lyria:P0606,primary,0
Healthy/lyria__P0729__b11.png,Healthy,lyria,lyria:P0729,primary,0
Healthy/lyria__P0215__b3.png,Healthy,lyria,lyria:P0215,primary,0
Healthy/lyria__P0444__b5.png,Healthy,lyria,lyria:P0444,primary,0
Healthy/lyria__P0216__b8.png,Healthy,lyria,lyria:P0216,primary,0
Healthy/lyria__P0138__b0.png,Healthy,lyria,lyria:P0138,primary,0
Healthy/lyria__P0596__b0.png,Healthy,lyria,lyria:P0596,primary,0
Healthy/lyria__P0207__b5.png,Healthy,lyria,lyria:P0207,primary,0
Healthy/lyria__P0447__b8.png,Healthy,lyria,lyria:P0447,primary,0
Healthy/lyria__P0298__b3.png,Healthy,lyria,lyria:P0298,primary,0
Healthy/lyria__P0060__b19.png,Healthy,lyria,lyria:P0060,primary,0
Healthy/lyria__P0783__b3.png,Healthy,lyria,lyria:P0783,primary,0
Healthy/lyria__P0056__b15.png,Healthy,lyria,lyria:P0056,primary,0
Healthy/lyria__P0309__b6.png,Healthy,lyria,lyria:P0309,primary,0
Healthy/lyria__P0660__b1.png,Healthy,lyria,lyria:P0660,primary,0
Healthy/lyria__P0659__b8.png,Healthy,lyria,lyria:P0659,primary,0
Healthy/lyria__P0003__b0.png,Healthy,lyria,lyria:P0003,primary,0
Healthy/lyria__P0581__b1.png,Healthy,lyria,lyria:P0581,primary,0
Healthy/lyria__P0711__b6.png,Healthy,lyria,lyria:P0711,primary,0
Healthy/lyria__P0405__b2.png,Healthy,lyria,lyria:P0405,primary,0
Healthy/lyria__P0639__b17.png,Healthy,lyria,lyria:P0639,primary,0
Healthy/lyria__P0772__b1.png,Healthy,lyria,lyria:P0772,primary,0
Healthy/lyria__P0177__b4.png,Healthy,lyria,lyria:P0177,primary,0
Healthy/lyria__P0356__b2.png,Healthy,lyria,lyria:P0356,primary,0
Healthy/lyria__P0569__b2.png,Healthy,lyria,lyria:P0569,primary,0
Healthy/lyria__P0431__b2.png,Healthy,lyria,lyria:P0431,primary,0
Healthy/lyria__P0139__b1.png,Healthy,lyria,lyria:P0139,primary,0
Healthy/lyria__P0688__b9.png,Healthy,lyria,lyria:P0688,primary,0
Healthy/lyria__P0731__b10.png,Healthy,lyria,lyria:P0731,primary,0
Healthy/lyria__P0338__b7.png,Healthy,lyria,lyria:P0338,primary,0
Healthy/lyria__P0126__b1.png,Healthy,lyria,lyria:P0126,primary,0
Healthy/lyria__P0513__b21.png,Healthy,lyria,lyria:P0513,primary,0
Healthy/lyria__P0434__b12.png,Healthy,lyria,lyria:P0434,primary,0
Healthy/lyria__P0007__b0.png,Healthy,lyria,lyria:P0007,primary,0
Healthy/lyria__P0533__b7.png,Healthy,lyria,lyria:P0533,primary,0
Healthy/lyria__P0571__b9.png,Healthy,lyria,lyria:P0571,primary,0
Healthy/lyria__P0644__b5.png,Healthy,lyria,lyria:P0644,primary,0
Healthy/lyria__P0463__b10.png,Healthy,lyria,lyria:P0463,primary,0
Healthy/lyria__P0304__b0.png,Healthy,lyria,lyria:P0304,primary,0
Healthy/lyria__P0512__b13.png,Healthy,lyria,lyria:P0512,primary,0
Healthy/lyria__P0319__b4.png,Healthy,lyria,lyria:P0319,primary,0
Healthy/lyria__P0388__b7.png,Healthy,lyria,lyria:P0388,primary,0
Healthy/lyria__P0128__b7.png,Healthy,lyria,lyria:P0128,primary,0
Healthy/lyria__P0638__b20.png,Healthy,lyria,lyria:P0638,primary,0
Healthy/lyria__P0753__b6.png,Healthy,lyria,lyria:P0753,primary,0
Healthy/lyria__P0493__b29.png,Healthy,lyria,lyria:P0493,primary,0
Healthy/lyria__P0722__b8.png,Healthy,lyria,lyria:P0722,primary,0
Healthy/lyria__P0342__b1.png,Healthy,lyria,lyria:P0342,primary,0
Healthy/lyria__P0306__b3.png,Healthy,lyria,lyria:P0306,primary,0
Healthy/lyria__P0511__b7.png,Healthy,lyria,lyria:P0511,primary,0
Healthy/lyria__P0294__b6.png,Healthy,lyria,lyria:P0294,primary,0
Healthy/lyria__P0597__b9.png,Healthy,lyria,lyria:P0597,primary,0
Healthy/lyria__P0339__b5.png,Healthy,lyria,lyria:P0339,primary,0
Healthy/lyria__P0730__b15.png,Healthy,lyria,lyria:P0730,primary,0
Healthy/lyria__P0636__b12.png,Healthy,lyria,lyria:P0636,primary,0
Healthy/lyria__P0806__b4.png,Healthy,lyria,lyria:P0806,primary,0
Healthy/lyria__P0016__b7.png,Healthy,lyria,lyria:P0016,primary,0
Healthy/lyria__P0573__b1.png,Healthy,lyria,lyria:P0573,primary,0
Healthy/lyria__P0143__b1.png,Healthy,lyria,lyria:P0143,primary,0
Healthy/lyria__P0524__b0.png,Healthy,lyria,lyria:P0524,primary,0
Healthy/lyria__P0656__b11.png,Healthy,lyria,lyria:P0656,primary,0
Healthy/lyria__P0009__b5.png,Healthy,lyria,lyria:P0009,primary,0
Healthy/lyria__P0180__b12.png,Healthy,lyria,lyria:P0180,primary,0
Healthy/lyria__P0274__b3.png,Healthy,lyria,lyria:P0274,primary,0
Healthy/lyria__P0743__b1.png,Healthy,lyria,lyria:P0743,primary,0
Healthy/lyria__P0694__b9.png,Healthy,lyria,lyria:P0694,primary,0
Healthy/lyria__P0607__b21.png,Healthy,lyria,lyria:P0607,primary,0
Healthy/lyria__P0157__b2.png,Healthy,lyria,lyria:P0157,primary,0
Healthy/lyria__P0801__b1.png,Healthy,lyria,lyria:P0801,primary,0
Healthy/lyria__P0605__b1.png,Healthy,lyria,lyria:P0605,primary,0
Healthy/lyria__P0194__b10.png,Healthy,lyria,lyria:P0194,primary,0
Healthy/lyria__P0808__b6.png,Healthy,lyria,lyria:P0808,primary,0
Healthy/lyria__P0441__b3.png,Healthy,lyria,lyria:P0441,primary,0
Healthy/lyria__P0408__b3.png,Healthy,lyria,lyria:P0408,primary,0
Healthy/lyria__P0664__b1.png,Healthy,lyria,lyria:P0664,primary,0
Healthy/lyria__P0330__b2.png,Healthy,lyria,lyria:P0330,primary,0
Healthy/lyria__P0545__b0.png,Healthy,lyria,lyria:P0545,primary,0
Healthy/lyria__P0363__b8.png,Healthy,lyria,lyria:P0363,primary,0
Healthy/lyria__P0074__b1.png,Healthy,lyria,lyria:P0074,primary,0
Healthy/lyria__P0195__b9.png,Healthy,lyria,lyria:P0195,primary,0
Healthy/lyria__P0020__b6.png,Healthy,lyria,lyria:P0020,primary,0
Healthy/lyria__P0248__b0.png,Healthy,lyria,lyria:P0248,primary,0
Healthy/lyria__P0233__b2.png,Healthy,lyria,lyria:P0233,primary,0
Healthy/lyria__P0291__b6.png,Healthy,lyria,lyria:P0291,primary,0
Healthy/lyria__P0585__b17.png,Healthy,lyria,lyria:P0585,primary,0
Healthy/lyria__P0104__b2.png,Healthy,lyria,lyria:P0104,primary,0
Healthy/lyria__P0110__b1.png,Healthy,lyria,lyria:P0110,primary,0
Healthy/lyria__P0685__b5.png,Healthy,lyria,lyria:P0685,primary,0
Healthy/lyria__P0040__b12.png,Healthy,lyria,lyria:P0040,primary,0
Healthy/lyria__P0551__b0.png,Healthy,lyria,lyria:P0551,primary,0
Healthy/lyria__P0087__b15.png,Healthy,lyria,lyria:P0087,primary,0
Healthy/lyria__P0340__b0.png,Healthy,lyria,lyria:P0340,primary,0
Healthy/lyria__P0369__b10.png,Healthy,lyria,lyria:P0369,primary,0
Healthy/lyria__P0385__b17.png,Healthy,lyria,lyria:P0385,primary,0
Healthy/lyria__P0612__b5.png,Healthy,lyria,lyria:P0612,primary,0
Healthy/lyria__P0035__b3.png,Healthy,lyria,lyria:P0035,primary,0
Healthy/lyria__P0222__b1.png,Healthy,lyria,lyria:P0222,primary,0
Healthy/lyria__P0257__b0.png,Healthy,lyria,lyria:P0257,primary,0
Healthy/lyria__P0497__b7.png,Healthy,lyria,lyria:P0497,primary,0
Healthy/lyria__P0367__b0.png,Healthy,lyria,lyria:P0367,primary,0
Healthy/lyria__P0674__b5.png,Healthy,lyria,lyria:P0674,primary,0
Healthy/lyria__P0127__b17.png,Healthy,lyria,lyria:P0127,primary,0
Healthy/lyria__P0687__b4.png,Healthy,lyria,lyria:P0687,primary,0
Healthy/lyria__P0099__b6.png,Healthy,lyria,lyria:P0099,primary,0
Healthy/lyria__P0192__b16.png,Healthy,lyria,lyria:P0192,primary,0
Healthy/lyria__P0119__b5.png,Healthy,lyria,lyria:P0119,primary,0
Healthy/lyria__P0026__b6.png,Healthy,lyria,lyria:P0026,primary,0
Healthy/lyria__P0181__b6.png,Healthy,lyria,lyria:P0181,primary,0
Healthy/lyria__P0290__b2.png,Healthy,lyria,lyria:P0290,primary,0
Healthy/lyria__P0504__b12.png,Healthy,lyria,lyria:P0504,primary,0
Healthy/lyria__P0727__b4.png,Healthy,lyria,lyria:P0727,primary,0
Healthy/lyria__P0742__b27.png,Healthy,lyria,lyria:P0742,primary,0
Healthy/lyria__P0436__b3.png,Healthy,lyria,lyria:P0436,primary,0
Healthy/lyria__P0728__b1.png,Healthy,lyria,lyria:P0728,primary,0
Healthy/lyria__P0173__b0.png,Healthy,lyria,lyria:P0173,primary,0
Healthy/lyria__P0708__b0.png,Healthy,lyria,lyria:P0708,primary,0
Healthy/lyria__P0151__b7.png,Healthy,lyria,lyria:P0151,primary,0
Healthy/lyria__P0277__b5.png,Healthy,lyria,lyria:P0277,primary,0
Healthy/lyria__P0264__b14.png,Healthy,lyria,lyria:P0264,primary,0
Healthy/lyria__P0098__b2.png,Healthy,lyria,lyria:P0098,primary,0
Healthy/lyria__P0495__b10.png,Healthy,lyria,lyria:P0495,primary,0
Healthy/lyria__P0010__b6.png,Healthy,lyria,lyria:P0010,primary,0
Healthy/lyria__P0786__b8.png,Healthy,lyria,lyria:P0786,primary,0
Healthy/lyria__P0147__b10.png,Healthy,lyria,lyria:P0147,primary,0
Healthy/lyria__P0595__b5.png,Healthy,lyria,lyria:P0595,primary,0
Healthy/lyria__P0762__b4.png,Healthy,lyria,lyria:P0762,primary,0
Healthy/lyria__P0383__b11.png,Healthy,lyria,lyria:P0383,primary,0
Healthy/lyria__P0734__b6.png,Healthy,lyria,lyria:P0734,primary,0
Healthy/lyria__P0108__b2.png,Healthy,lyria,lyria:P0108,primary,0
Healthy/lyria__P0712__b2.png,Healthy,lyria,lyria:P0712,primary,0
Healthy/lyria__P0211__b1.png,Healthy,lyria,lyria:P0211,primary,0
Healthy/lyria__P0114__b15.png,Healthy,lyria,lyria:P0114,primary,0
Healthy/lyria__P0258__b0.png,Healthy,lyria,lyria:P0258,primary,0
Healthy/lyria__P0081__b12.png,Healthy,lyria,lyria:P0081,primary,0
Healthy/lyria__P0738__b11.png,Healthy,lyria,lyria:P0738,primary,0
Healthy/lyria__P0155__b14.png,Healthy,lyria,lyria:P0155,primary,0
Healthy/lyria__P0642__b3.png,Healthy,lyria,lyria:P0642,primary,0
Healthy/lyria__P0357__b0.png,Healthy,lyria,lyria:P0357,primary,0
Healthy/lyria__P0364__b11.png,Healthy,lyria,lyria:P0364,primary,0
Healthy/lyria__P0460__b8.png,Healthy,lyria,lyria:P0460,primary,0
Healthy/lyria__P0191__b3.png,Healthy,lyria,lyria:P0191,primary,0
Healthy/lyria__P0368__b9.png,Healthy,lyria,lyria:P0368,primary,0
Healthy/lyria__P0084__b2.png,Healthy,lyria,lyria:P0084,primary,0
Healthy/lyria__P0373__b2.png,Healthy,lyria,lyria:P0373,primary,0
Healthy/lyria__P0725__b1.png,Healthy,lyria,lyria:P0725,primary,0
Healthy/lyria__P0310__b0.png,Healthy,lyria,lyria:P0310,primary,0
Healthy/lyria__P0302__b2.png,Healthy,lyria,lyria:P0302,primary,0
Healthy/lyria__P0203__b8.png,Healthy,lyria,lyria:P0203,primary,0
Healthy/lyria__P0008__b6.png,Healthy,lyria,lyria:P0008,primary,0
Healthy/lyria__P0682__b11.png,Healthy,lyria,lyria:P0682,primary,0
Healthy/lyria__P0474__b3.png,Healthy,lyria,lyria:P0474,primary,0
Healthy/lyria__P0354__b0.png,Healthy,lyria,lyria:P0354,primary,0
Healthy/lyria__P0439__b0.png,Healthy,lyria,lyria:P0439,primary,0
Healthy/lyria__P0080__b12.png,Healthy,lyria,lyria:P0080,primary,0
Healthy/lyria__P0795__b27.png,Healthy,lyria,lyria:P0795,primary,0
Healthy/lyria__P0164__b1.png,Healthy,lyria,lyria:P0164,primary,0
Healthy/lyria__P0750__b11.png,Healthy,lyria,lyria:P0750,primary,0
Healthy/lyria__P0663__b2.png,Healthy,lyria,lyria:P0663,primary,0
Healthy/lyria__P0457__b3.png,Healthy,lyria,lyria:P0457,primary,0
Healthy/lyria__P0175__b17.png,Healthy,lyria,lyria:P0175,primary,0
Healthy/lyria__P0478__b11.png,Healthy,lyria,lyria:P0478,primary,0
Healthy/lyria__P0537__b11.png,Healthy,lyria,lyria:P0537,primary,0
Healthy/lyria__P0558__b5.png,Healthy,lyria,lyria:P0558,primary,0
Healthy/lyria__P0254__b1.png,Healthy,lyria,lyria:P0254,primary,0
Healthy/lyria__P0590__b18.png,Healthy,lyria,lyria:P0590,primary,0
Healthy/lyria__P0462__b19.png,Healthy,lyria,lyria:P0462,primary,0
Healthy/lyria__P0798__b0.png,Healthy,lyria,lyria:P0798,primary,0
Healthy/lyria__P0219__b2.png,Healthy,lyria,lyria:P0219,primary,0
Healthy/lyria__P0206__b6.png,Healthy,lyria,lyria:P0206,primary,0
Healthy/lyria__P0398__b5.png,Healthy,lyria,lyria:P0398,primary,0
Healthy/lyria__P0120__b17.png,Healthy,lyria,lyria:P0120,primary,0
Healthy/lyria__P0231__b6.png,Healthy,lyria,lyria:P0231,primary,0
Healthy/lyria__P0039__b5.png,Healthy,lyria,lyria:P0039,primary,0
Healthy/lyria__P0316__b0.png,Healthy,lyria,lyria:P0316,primary,0
Healthy/lyria__P0739__b6.png,Healthy,lyria,lyria:P0739,primary,0
Healthy/lyria__P0240__b3.png,Healthy,lyria,lyria:P0240,primary,0
Healthy/lyria__P0267__b1.png,Healthy,lyria,lyria:P0267,primary,0
Healthy/lyria__P0446__b11.png,Healthy,lyria,lyria:P0446,primary,0
Healthy/lyria__P0661__b0.png,Healthy,lyria,lyria:P0661,primary,0
Healthy/lyria__P0580__b0.png,Healthy,lyria,lyria:P0580,primary,0
Healthy/lyria__P0387__b9.png,Healthy,lyria,lyria:P0387,primary,0
Healthy/lyria__P0142__b4.png,Healthy,lyria,lyria:P0142,primary,0
Healthy/lyria__P0004__b1.png,Healthy,lyria,lyria:P0004,primary,0
Healthy/lyria__P0249__b2.png,Healthy,lyria,lyria:P0249,primary,0
Healthy/lyria__P0592__b5.png,Healthy,lyria,lyria:P0592,primary,0
Healthy/lyria__P0160__b0.png,Healthy,lyria,lyria:P0160,primary,0
Healthy/lyria__P0528__b16.png,Healthy,lyria,lyria:P0528,primary,0
Healthy/lyria__P0690__b2.png,Healthy,lyria,lyria:P0690,primary,0
Healthy/lyria__P0424__b7.png,Healthy,lyria,lyria:P0424,primary,0
Healthy/lyria__P0090__b27.png,Healthy,lyria,lyria:P0090,primary,0
Healthy/lyria__P0769__b2.png,Healthy,lyria,lyria:P0769,primary,0
Healthy/lyria__P0721__b18.png,Healthy,lyria,lyria:P0721,primary,0
Healthy/lyria__P0701__b4.png,Healthy,lyria,lyria:P0701,primary,0
Healthy/lyria__P0481__b20.png,Healthy,lyria,lyria:P0481,primary,0
Healthy/lyria__P0261__b2.png,Healthy,lyria,lyria:P0261,primary,0
Healthy/lyria__P0755__b0.png,Healthy,lyria,lyria:P0755,primary,0
Healthy/lyria__P0677__b5.png,Healthy,lyria,lyria:P0677,primary,0
Healthy/lyria__P0129__b7.png,Healthy,lyria,lyria:P0129,primary,0
Healthy/lyria__P0182__b14.png,Healthy,lyria,lyria:P0182,primary,0
Healthy/lyria__P0673__b12.png,Healthy,lyria,lyria:P0673,primary,0
Healthy/lyria__P0516__b17.png,Healthy,lyria,lyria:P0516,primary,0
Healthy/lyria__P0593__b7.png,Healthy,lyria,lyria:P0593,primary,0
Healthy/lyria__P0482__b8.png,Healthy,lyria,lyria:P0482,primary,0
Healthy/lyria__P0055__b19.png,Healthy,lyria,lyria:P0055,primary,0
Healthy/lyria__P0401__b6.png,Healthy,lyria,lyria:P0401,primary,0
Healthy/lyria__P0529__b1.png,Healthy,lyria,lyria:P0529,primary,0
Healthy/lyria__P0037__b4.png,Healthy,lyria,lyria:P0037,primary,0
Healthy/lyria__P0760__b2.png,Healthy,lyria,lyria:P0760,primary,0
Healthy/lyria__P0082__b0.png,Healthy,lyria,lyria:P0082,primary,0
Healthy/lyria__P0024__b0.png,Healthy,lyria,lyria:P0024,primary,0
Healthy/lyria__P0197__b13.png,Healthy,lyria,lyria:P0197,primary,0
Healthy/lyria__P0093__b3.png,Healthy,lyria,lyria:P0093,primary,0
Healthy/lyria__P0115__b4.png,Healthy,lyria,lyria:P0115,primary,0
Healthy/lyria__P0650__b7.png,Healthy,lyria,lyria:P0650,primary,0
Healthy/lyria__P0134__b9.png,Healthy,lyria,lyria:P0134,primary,0
Healthy/lyria__P0506__b10.png,Healthy,lyria,lyria:P0506,primary,0
Healthy/lyria__P0241__b0.png,Healthy,lyria,lyria:P0241,primary,0
Healthy/lyria__P0724__b7.png,Healthy,lyria,lyria:P0724,primary,0
Healthy/lyria__P0328__b2.png,Healthy,lyria,lyria:P0328,primary,0
Healthy/lyria__P0483__b4.png,Healthy,lyria,lyria:P0483,primary,0
Healthy/lyria__P0272__b8.png,Healthy,lyria,lyria:P0272,primary,0
Healthy/lyria__P0362__b1.png,Healthy,lyria,lyria:P0362,primary,0
Healthy/lyria__P0066__b2.png,Healthy,lyria,lyria:P0066,primary,0
Healthy/lyria__P0390__b22.png,Healthy,lyria,lyria:P0390,primary,0
Healthy/lyria__P0714__b4.png,Healthy,lyria,lyria:P0714,primary,0
Healthy/lyria__P0717__b2.png,Healthy,lyria,lyria:P0717,primary,0
Healthy/lyria__P0414__b1.png,Healthy,lyria,lyria:P0414,primary,0
Healthy/lyria__P0232__b3.png,Healthy,lyria,lyria:P0232,primary,0
Healthy/lyria__P0539__b3.png,Healthy,lyria,lyria:P0539,primary,0
Healthy/lyria__P0686__b6.png,Healthy,lyria,lyria:P0686,primary,0
Healthy/lyria__P0041__b1.png,Healthy,lyria,lyria:P0041,primary,0
Healthy/lyria__P0647__b5.png,Healthy,lyria,lyria:P0647,primary,0
Healthy/lyria__P0681__b11.png,Healthy,lyria,lyria:P0681,primary,0
Healthy/lyria__P0225__b3.png,Healthy,lyria,lyria:P0225,primary,0
Healthy/lyria__P0521__b7.png,Healthy,lyria,lyria:P0521,primary,0
Healthy/lyria__P0112__b2.png,Healthy,lyria,lyria:P0112,primary,0
Healthy/lyria__P0171__b2.png,Healthy,lyria,lyria:P0171,primary,0
Healthy/lyria__P0295__b3.png,Healthy,lyria,lyria:P0295,primary,0
Healthy/lyria__P0510__b0.png,Healthy,lyria,lyria:P0510,primary,0
Healthy/lyria__P0348__b2.png,Healthy,lyria,lyria:P0348,primary,0
Healthy/lyria__P0113__b15.png,Healthy,lyria,lyria:P0113,primary,0
Healthy/lyria__P0433__b9.png,Healthy,lyria,lyria:P0433,primary,0
Healthy/lyria__P0454__b11.png,Healthy,lyria,lyria:P0454,primary,0
Healthy/lyria__P0550__b0.png,Healthy,lyria,lyria:P0550,primary,0
Healthy/lyria__P0751__b9.png,Healthy,lyria,lyria:P0751,primary,0
Healthy/lyria__P0678__b0.png,Healthy,lyria,lyria:P0678,primary,0
Healthy/lyria__P0326__b17.png,Healthy,lyria,lyria:P0326,primary,0
Healthy/lyria__P0629__b4.png,Healthy,lyria,lyria:P0629,primary,0
Healthy/lyria__P0464__b7.png,Healthy,lyria,lyria:P0464,primary,0
Healthy/lyria__P0058__b3.png,Healthy,lyria,lyria:P0058,primary,0
Healthy/lyria__P0566__b2.png,Healthy,lyria,lyria:P0566,primary,0
Healthy/lyria__P0486__b15.png,Healthy,lyria,lyria:P0486,primary,0
Healthy/lyria__P0305__b0.png,Healthy,lyria,lyria:P0305,primary,0
Healthy/lyria__P0505__b3.png,Healthy,lyria,lyria:P0505,primary,0
Healthy/lyria__P0280__b1.png,Healthy,lyria,lyria:P0280,primary,0
Healthy/lyria__P0135__b2.png,Healthy,lyria,lyria:P0135,primary,0
Healthy/lyria__P0314__b5.png,Healthy,lyria,lyria:P0314,primary,0
Healthy/lyria__P0265__b22.png,Healthy,lyria,lyria:P0265,primary,0
Healthy/lyria__P0239__b6.png,Healthy,lyria,lyria:P0239,primary,0
Healthy/lyria__P0404__b8.png,Healthy,lyria,lyria:P0404,primary,0
Healthy/lyria__P0140__b0.png,Healthy,lyria,lyria:P0140,primary,0
Healthy/lyria__P0651__b7.png,Healthy,lyria,lyria:P0651,primary,0
Healthy/lyria__P0649__b15.png,Healthy,lyria,lyria:P0649,primary,0
Healthy/lyria__P0287__b5.png,Healthy,lyria,lyria:P0287,primary,0
Healthy/lyria__P0560__b1.png,Healthy,lyria,lyria:P0560,primary,0
Healthy/lyria__P0397__b23.png,Healthy,lyria,lyria:P0397,primary,0
Healthy/lyria__P0492__b7.png,Healthy,lyria,lyria:P0492,primary,0
Healthy/lyria__P0360__b1.png,Healthy,lyria,lyria:P0360,primary,0
Healthy/lyria__P0770__b3.png,Healthy,lyria,lyria:P0770,primary,0
Healthy/lyria__P0300__b23.png,Healthy,lyria,lyria:P0300,primary,0
Healthy/lyria__P0587__b12.png,Healthy,lyria,lyria:P0587,primary,0
Healthy/lyria__P0396__b15.png,Healthy,lyria,lyria:P0396,primary,0
Healthy/lyria__P0746__b1.png,Healthy,lyria,lyria:P0746,primary,0
Healthy/lyria__P0695__b4.png,Healthy,lyria,lyria:P0695,primary,0
Healthy/lyria__P0427__b2.png,Healthy,lyria,lyria:P0427,primary,0
Healthy/lyria__P0706__b1.png,Healthy,lyria,lyria:P0706,primary,0
Healthy/lyria__P0799__b6.png,Healthy,lyria,lyria:P0799,primary,0
Healthy/lyria__P0105__b5.png,Healthy,lyria,lyria:P0105,primary,0
Healthy/lyria__P0805__b6.png,Healthy,lyria,lyria:P0805,primary,0
Healthy/lyria__P0230__b3.png,Healthy,lyria,lyria:P0230,primary,0
Healthy/lyria__P0005__b1.png,Healthy,lyria,lyria:P0005,primary,0
Healthy/lyria__P0121__b7.png,Healthy,lyria,lyria:P0121,primary,0
Healthy/lyria__P0166__b4.png,Healthy,lyria,lyria:P0166,primary,0
Healthy/lyria__P0167__b8.png,Healthy,lyria,lyria:P0167,primary,0
Healthy/lyria__P0761__b1.png,Healthy,lyria,lyria:P0761,primary,0
Healthy/lyria__P0665__b12.png,Healthy,lyria,lyria:P0665,primary,0
Healthy/lyria__P0260__b9.png,Healthy,lyria,lyria:P0260,primary,0
Healthy/lyria__P0756__b3.png,Healthy,lyria,lyria:P0756,primary,0
Healthy/lyria__P0614__b7.png,Healthy,lyria,lyria:P0614,primary,0
Healthy/lyria__P0091__b4.png,Healthy,lyria,lyria:P0091,primary,0
Healthy/lyria__P0586__b16.png,Healthy,lyria,lyria:P0586,primary,0
Healthy/lyria__P0507__b10.png,Healthy,lyria,lyria:P0507,primary,0
Healthy/lyria__P0052__b5.png,Healthy,lyria,lyria:P0052,primary,0
Healthy/lyria__P0496__b26.png,Healthy,lyria,lyria:P0496,primary,0
Healthy/lyria__P0034__b5.png,Healthy,lyria,lyria:P0034,primary,0
Healthy/lyria__P0475__b9.png,Healthy,lyria,lyria:P0475,primary,0
Healthy/lyria__P0562__b10.png,Healthy,lyria,lyria:P0562,primary,0
Healthy/lyria__P0327__b11.png,Healthy,lyria,lyria:P0327,primary,0
Healthy/lyria__P0542__b20.png,Healthy,lyria,lyria:P0542,primary,0
Healthy/lyria__P0800__b6.png,Healthy,lyria,lyria:P0800,primary,0
Healthy/lyria__P0255__b16.png,Healthy,lyria,lyria:P0255,primary,0
Healthy/lyria__P0153__b19.png,Healthy,lyria,lyria:P0153,primary,0
Healthy/lyria__P0318__b12.png,Healthy,lyria,lyria:P0318,primary,0
Healthy/lyria__P0804__b1.png,Healthy,lyria,lyria:P0804,primary,0
Healthy/lyria__P0552__b1.png,Healthy,lyria,lyria:P0552,primary,0
Healthy/lyria__P0613__b5.png,Healthy,lyria,lyria:P0613,primary,0
Healthy/lyria__P0174__b0.png,Healthy,lyria,lyria:P0174,primary,0
Healthy/lyria__P0312__b2.png,Healthy,lyria,lyria:P0312,primary,0
Healthy/lyria__P0141__b1.png,Healthy,lyria,lyria:P0141,primary,0
Healthy/lyria__P0146__b9.png,Healthy,lyria,lyria:P0146,primary,0
Healthy/lyria__P0703__b1.png,Healthy,lyria,lyria:P0703,primary,0
Healthy/lyria__P0019__b4.png,Healthy,lyria,lyria:P0019,primary,0
Healthy/lyria__P0062__b14.png,Healthy,lyria,lyria:P0062,primary,0
Healthy/lyria__P0498__b23.png,Healthy,lyria,lyria:P0498,primary,0
Healthy/lyria__P0485__b11.png,Healthy,lyria,lyria:P0485,primary,0
Healthy/lyria__P0791__b24.png,Healthy,lyria,lyria:P0791,primary,0
Healthy/lyria__P0202__b0.png,Healthy,lyria,lyria:P0202,primary,0
Healthy/lyria__P0170__b1.png,Healthy,lyria,lyria:P0170,primary,0
Healthy/lyria__P0075__b4.png,Healthy,lyria,lyria:P0075,primary,0
Healthy/lyria__P0252__b5.png,Healthy,lyria,lyria:P0252,primary,0
Healthy/lyria__P0350__b3.png,Healthy,lyria,lyria:P0350,primary,0
Healthy/lyria__P0094__b1.png,Healthy,lyria,lyria:P0094,primary,0
Healthy/lyria__P0049__b2.png,Healthy,lyria,lyria:P0049,primary,0
Healthy/lyria__P0063__b7.png,Healthy,lyria,lyria:P0063,primary,0
Healthy/lyria__P0179__b3.png,Healthy,lyria,lyria:P0179,primary,0
Healthy/lyria__P0466__b26.png,Healthy,lyria,lyria:P0466,primary,0
Healthy/lyria__P0377__b12.png,Healthy,lyria,lyria:P0377,primary,0
Healthy/lyria__P0782__b6.png,Healthy,lyria,lyria:P0782,primary,0
Healthy/lyria__P0057__b3.png,Healthy,lyria,lyria:P0057,primary,0
Healthy/lyria__P0473__b15.png,Healthy,lyria,lyria:P0473,primary,0
Healthy/lyria__P0534__b22.png,Healthy,lyria,lyria:P0534,primary,0
Healthy/lyria__P0785__b6.png,Healthy,lyria,lyria:P0785,primary,0
Healthy/lyria__P0741__b3.png,Healthy,lyria,lyria:P0741,primary,0
Healthy/lyria__P0088__b1.png,Healthy,lyria,lyria:P0088,primary,0
Healthy/lyria__P0156__b10.png,Healthy,lyria,lyria:P0156,primary,0
Healthy/lyria__P0425__b22.png,Healthy,lyria,lyria:P0425,primary,0
Healthy/lyria__P0276__b0.png,Healthy,lyria,lyria:P0276,primary,0
Healthy/lyria__P0124__b10.png,Healthy,lyria,lyria:P0124,primary,0
Healthy/lyria__P0282__b8.png,Healthy,lyria,lyria:P0282,primary,0
Healthy/lyria__P0448__b8.png,Healthy,lyria,lyria:P0448,primary,0
Healthy/lyria__P0692__b1.png,Healthy,lyria,lyria:P0692,primary,0
Healthy/lyria__P0491__b1.png,Healthy,lyria,lyria:P0491,primary,0
Healthy/lyria__P0458__b22.png,Healthy,lyria,lyria:P0458,primary,0
Healthy/lyria__P0161__b0.png,Healthy,lyria,lyria:P0161,primary,0
Healthy/lyria__P0028__b21.png,Healthy,lyria,lyria:P0028,primary,0
Healthy/lyria__P0502__b20.png,Healthy,lyria,lyria:P0502,primary,0
Healthy/lyria__P0399__b0.png,Healthy,lyria,lyria:P0399,primary,0
Healthy/lyria__P0568__b2.png,Healthy,lyria,lyria:P0568,primary,0
Healthy/lyria__P0669__b21.png,Healthy,lyria,lyria:P0669,primary,0
Healthy/lyria__P0159__b8.png,Healthy,lyria,lyria:P0159,primary,0
Healthy/lyria__P0322__b0.png,Healthy,lyria,lyria:P0322,primary,0
Healthy/lyria__P0790__b12.png,Healthy,lyria,lyria:P0790,primary,0
Healthy/lyria__P0438__b3.png,Healthy,lyria,lyria:P0438,primary,0
Healthy/lyria__P0023__b3.png,Healthy,lyria,lyria:P0023,primary,0
Healthy/lyria__P0394__b21.png,Healthy,lyria,lyria:P0394,primary,0
Healthy/lyria__P0488__b18.png,Healthy,lyria,lyria:P0488,primary,0
Healthy/lyria__P0374__b12.png,Healthy,lyria,lyria:P0374,primary,0
Healthy/lyria__P0189__b2.png,Healthy,lyria,lyria:P0189,primary,0
Healthy/lyria__P0002__b0.png,Healthy,lyria,lyria:P0002,primary,0
Healthy/lyria__P0484__b25.png,Healthy,lyria,lyria:P0484,primary,0
Healthy/lyria__P0549__b24.png,Healthy,lyria,lyria:P0549,primary,0
Healthy/lyria__P0187__b2.png,Healthy,lyria,lyria:P0187,primary,0
Healthy/lyria__P0648__b7.png,Healthy,lyria,lyria:P0648,primary,0
Healthy/lyria__P0532__b1.png,Healthy,lyria,lyria:P0532,primary,0
Healthy/lyria__P0162__b7.png,Healthy,lyria,lyria:P0162,primary,0
Healthy/lyria__P0011__b0.png,Healthy,lyria,lyria:P0011,primary,0
Healthy/lyria__P0054__b1.png,Healthy,lyria,lyria:P0054,primary,0
Healthy/lyria__P0278__b6.png,Healthy,lyria,lyria:P0278,primary,0
Healthy/lyria__P0125__b1.png,Healthy,lyria,lyria:P0125,primary,0
Healthy/lyria__P0045__b2.png,Healthy,lyria,lyria:P0045,primary,0
Healthy/lyria__P0700__b0.png,Healthy,lyria,lyria:P0700,primary,0
Restored/lyria__P0645__b5.png,Restored,lyria,lyria:P0645,primary,0
Restored/lyria__P0691__b11.png,Restored,lyria,lyria:P0691,primary,0
Restored/lyria__P0196__b7.png,Restored,lyria,lyria:P0196,primary,0
Restored/lyria__P0575__b0.png,Restored,lyria,lyria:P0575,primary,0
Restored/lyria__P0727__b1.png,Restored,lyria,lyria:P0727,primary,0
Restored/lyria__P0225__b0.png,Restored,lyria,lyria:P0225,primary,0
Restored/lyria__P0317__b5.png,Restored,lyria,lyria:P0317,primary,0
Restored/lyria__P0675__b9.png,Restored,lyria,lyria:P0675,primary,0
Restored/lyria__P0292__b5.png,Restored,lyria,lyria:P0292,primary,0
Restored/lyria__P0793__b7.png,Restored,lyria,lyria:P0793,primary,0
Restored/lyria__P0493__b0.png,Restored,lyria,lyria:P0493,primary,0
Restored/lyria__P0790__b1.png,Restored,lyria,lyria:P0790,primary,0
Restored/lyria__P0464__b1.png,Restored,lyria,lyria:P0464,primary,0
Restored/lyria__P0514__b1.png,Restored,lyria,lyria:P0514,primary,0
Restored/lyria__P0044__b1.png,Restored,lyria,lyria:P0044,primary,0
Restored/lyria__P0726__b0.png,Restored,lyria,lyria:P0726,primary,0
Restored/lyria__P0751__b6.png,Restored,lyria,lyria:P0751,primary,0
Restored/lyria__P0194__b0.png,Restored,lyria,lyria:P0194,primary,0
Restored/lyria__P0598__b6.png,Restored,lyria,lyria:P0598,primary,0
Restored/lyria__P0152__b4.png,Restored,lyria,lyria:P0152,primary,0
Restored/lyria__P0554__b2.png,Restored,lyria,lyria:P0554,primary,0
Restored/lyria__P0674__b1.png,Restored,lyria,lyria:P0674,primary,0
Restored/lyria__P0085__b1.png,Restored,lyria,lyria:P0085,primary,0
Restored/lyria__P0047__b1.png,Restored,lyria,lyria:P0047,primary,0
Restored/lyria__P0068__b1.png,Restored,lyria,lyria:P0068,primary,0
Restored/lyria__P0452__b0.png,Restored,lyria,lyria:P0452,primary,0
Restored/lyria__P0216__b4.png,Restored,lyria,lyria:P0216,primary,0
Restored/lyria__P0456__b0.png,Restored,lyria,lyria:P0456,primary,0
Restored/lyria__P0799__b2.png,Restored,lyria,lyria:P0799,primary,0
Restored/lyria__P0763__b0.png,Restored,lyria,lyria:P0763,primary,0
Restored/lyria__P0644__b4.png,Restored,lyria,lyria:P0644,primary,0
Restored/lyria__P0161__b12.png,Restored,lyria,lyria:P0161,primary,0
Restored/lyria__P0135__b12.png,Restored,lyria,lyria:P0135,primary,0
Restored/lyria__P0589__b1.png,Restored,lyria,lyria:P0589,primary,0
Restored/lyria__P0532__b0.png,Restored,lyria,lyria:P0532,primary,0
Restored/lyria__P0345__b1.png,Restored,lyria,lyria:P0345,primary,0
Restored/lyria__P0028__b3.png,Restored,lyria,lyria:P0028,primary,0
Restored/lyria__P0603__b14.png,Restored,lyria,lyria:P0603,primary,0
Restored/lyria__P0762__b1.png,Restored,lyria,lyria:P0762,primary,0
Restored/lyria__P0179__b0.png,Restored,lyria,lyria:P0179,primary,0
Restored/lyria__P0056__b4.png,Restored,lyria,lyria:P0056,primary,0
Restored/lyria__P0802__b2.png,Restored,lyria,lyria:P0802,primary,0
Restored/lyria__P0150__b0.png,Restored,lyria,lyria:P0150,primary,0
Restored/lyria__P0475__b1.png,Restored,lyria,lyria:P0475,primary,0
Restored/lyria__P0783__b15.png,Restored,lyria,lyria:P0783,primary,0
Restored/lyria__P0723__b1.png,Restored,lyria,lyria:P0723,primary,0
Restored/lyria__P0618__b0.png,Restored,lyria,lyria:P0618,primary,0
Restored/lyria__P0801__b5.png,Restored,lyria,lyria:P0801,primary,0
Restored/lyria__P0022__b2.png,Restored,lyria,lyria:P0022,primary,0
Restored/lyria__P0034__b2.png,Restored,lyria,lyria:P0034,primary,0
Restored/lyria__P0808__b1.png,Restored,lyria,lyria:P0808,primary,0
Restored/lyria__P0453__b5.png,Restored,lyria,lyria:P0453,primary,0
Restored/lyria__P0528__b4.png,Restored,lyria,lyria:P0528,primary,0
Restored/lyria__P0213__b0.png,Restored,lyria,lyria:P0213,primary,0
Restored/lyria__P0289__b4.png,Restored,lyria,lyria:P0289,primary,0
Restored/lyria__P0337__b13.png,Restored,lyria,lyria:P0337,primary,0
Restored/lyria__P0324__b1.png,Restored,lyria,lyria:P0324,primary,0
Restored/lyria__P0779__b6.png,Restored,lyria,lyria:P0779,primary,0
Restored/lyria__P0076__b9.png,Restored,lyria,lyria:P0076,primary,0
Restored/lyria__P0481__b1.png,Restored,lyria,lyria:P0481,primary,0
Restored/lyria__P0709__b5.png,Restored,lyria,lyria:P0709,primary,0
Restored/lyria__P0712__b8.png,Restored,lyria,lyria:P0712,primary,0
Restored/lyria__P0187__b1.png,Restored,lyria,lyria:P0187,primary,0
Restored/lyria__P0141__b2.png,Restored,lyria,lyria:P0141,primary,0
Restored/lyria__P0349__b6.png,Restored,lyria,lyria:P0349,primary,0
Restored/lyria__P0222__b1.png,Restored,lyria,lyria:P0222,primary,0
Restored/lyria__P0084__b4.png,Restored,lyria,lyria:P0084,primary,0
Restored/lyria__P0566__b5.png,Restored,lyria,lyria:P0566,primary,0
Restored/lyria__P0379__b6.png,Restored,lyria,lyria:P0379,primary,0
Restored/lyria__P0252__b0.png,Restored,lyria,lyria:P0252,primary,0
Restored/lyria__P0631__b11.png,Restored,lyria,lyria:P0631,primary,0
Restored/lyria__P0577__b1.png,Restored,lyria,lyria:P0577,primary,0
Restored/lyria__P0218__b6.png,Restored,lyria,lyria:P0218,primary,0
Restored/lyria__P0151__b5.png,Restored,lyria,lyria:P0151,primary,0
Restored/lyria__P0210__b1.png,Restored,lyria,lyria:P0210,primary,0
Restored/lyria__P0335__b0.png,Restored,lyria,lyria:P0335,primary,0
Restored/lyria__P0268__b14.png,Restored,lyria,lyria:P0268,primary,0
Restored/lyria__P0263__b4.png,Restored,lyria,lyria:P0263,primary,0
Restored/lyria__P0276__b17.png,Restored,lyria,lyria:P0276,primary,0
Restored/lyria__P0653__b0.png,Restored,lyria,lyria:P0653,primary,0
Restored/lyria__P0114__b4.png,Restored,lyria,lyria:P0114,primary,0
Restored/lyria__P0635__b2.png,Restored,lyria,lyria:P0635,primary,0
Restored/lyria__P0543__b1.png,Restored,lyria,lyria:P0543,primary,0
Restored/lyria__P0136__b1.png,Restored,lyria,lyria:P0136,primary,0
Restored/lyria__P0426__b3.png,Restored,lyria,lyria:P0426,primary,0
Restored/lyria__P0359__b6.png,Restored,lyria,lyria:P0359,primary,0
Restored/lyria__P0242__b2.png,Restored,lyria,lyria:P0242,primary,0
Restored/lyria__P0061__b9.png,Restored,lyria,lyria:P0061,primary,0
Restored/lyria__P0633__b6.png,Restored,lyria,lyria:P0633,primary,0
Restored/lyria__P0582__b3.png,Restored,lyria,lyria:P0582,primary,0
Restored/lyria__P0113__b0.png,Restored,lyria,lyria:P0113,primary,0
Restored/lyria__P0555__b3.png,Restored,lyria,lyria:P0555,primary,0
Restored/lyria__P0019__b14.png,Restored,lyria,lyria:P0019,primary,0
Restored/lyria__P0197__b0.png,Restored,lyria,lyria:P0197,primary,0
Restored/lyria__P0637__b4.png,Restored,lyria,lyria:P0637,primary,0
Restored/lyria__P0169__b2.png,Restored,lyria,lyria:P0169,primary,0
Restored/lyria__P0195__b0.png,Restored,lyria,lyria:P0195,primary,0
Restored/lyria__P0761__b3.png,Restored,lyria,lyria:P0761,primary,0
Restored/lyria__P0604__b2.png,Restored,lyria,lyria:P0604,primary,0
Restored/lyria__P0294__b6.png,Restored,lyria,lyria:P0294,primary,0
Restored/lyria__P0626__b15.png,Restored,lyria,lyria:P0626,primary,0
Restored/lyria__P0156__b2.png,Restored,lyria,lyria:P0156,primary,0
Restored/lyria__P0676__b3.png,Restored,lyria,lyria:P0676,primary,0
Restored/lyria__P0552__b12.png,Restored,lyria,lyria:P0552,primary,0
Restored/lyria__P0082__b3.png,Restored,lyria,lyria:P0082,primary,0
Restored/lyria__P0131__b11.png,Restored,lyria,lyria:P0131,primary,0
Restored/lyria__P0039__b2.png,Restored,lyria,lyria:P0039,primary,0
Restored/lyria__P0358__b13.png,Restored,lyria,lyria:P0358,primary,0
Restored/lyria__P0170__b10.png,Restored,lyria,lyria:P0170,primary,0
Restored/lyria__P0184__b12.png,Restored,lyria,lyria:P0184,primary,0
Restored/lyria__P0584__b13.png,Restored,lyria,lyria:P0584,primary,0
Restored/lyria__P0428__b0.png,Restored,lyria,lyria:P0428,primary,0
Restored/lyria__P0422__b1.png,Restored,lyria,lyria:P0422,primary,0
Restored/lyria__P0247__b4.png,Restored,lyria,lyria:P0247,primary,0
Restored/lyria__P0748__b5.png,Restored,lyria,lyria:P0748,primary,0
Restored/lyria__P0362__b2.png,Restored,lyria,lyria:P0362,primary,0
Restored/lyria__P0427__b9.png,Restored,lyria,lyria:P0427,primary,0
Restored/lyria__P0640__b3.png,Restored,lyria,lyria:P0640,primary,0
Restored/lyria__P0129__b1.png,Restored,lyria,lyria:P0129,primary,0
Restored/lyria__P0527__b17.png,Restored,lyria,lyria:P0527,primary,0
Restored/lyria__P0346__b15.png,Restored,lyria,lyria:P0346,primary,0
Restored/lyria__P0764__b8.png,Restored,lyria,lyria:P0764,primary,0
Restored/lyria__P0168__b7.png,Restored,lyria,lyria:P0168,primary,0
Restored/lyria__P0569__b7.png,Restored,lyria,lyria:P0569,primary,0
Restored/lyria__P0471__b2.png,Restored,lyria,lyria:P0471,primary,0
Restored/lyria__P0287__b12.png,Restored,lyria,lyria:P0287,primary,0
Restored/lyria__P0079__b1.png,Restored,lyria,lyria:P0079,primary,0
Restored/lyria__P0501__b0.png,Restored,lyria,lyria:P0501,primary,0
Restored/lyria__P0224__b17.png,Restored,lyria,lyria:P0224,primary,0
Restored/lyria__P0621__b0.png,Restored,lyria,lyria:P0621,primary,0
Restored/lyria__P0052__b6.png,Restored,lyria,lyria:P0052,primary,0
Restored/lyria__P0327__b1.png,Restored,lyria,lyria:P0327,primary,0
Restored/lyria__P0455__b4.png,Restored,lyria,lyria:P0455,primary,0
Restored/lyria__P0046__b8.png,Restored,lyria,lyria:P0046,primary,0
Restored/lyria__P0612__b11.png,Restored,lyria,lyria:P0612,primary,0
Restored/lyria__P0356__b2.png,Restored,lyria,lyria:P0356,primary,0
Restored/lyria__P0377__b8.png,Restored,lyria,lyria:P0377,primary,0
Restored/lyria__P0160__b12.png,Restored,lyria,lyria:P0160,primary,0
Restored/lyria__P0596__b1.png,Restored,lyria,lyria:P0596,primary,0
Restored/lyria__P0669__b0.png,Restored,lyria,lyria:P0669,primary,0
Restored/lyria__P0545__b2.png,Restored,lyria,lyria:P0545,primary,0
Restored/lyria__P0099__b1.png,Restored,lyria,lyria:P0099,primary,0
Restored/lyria__P0641__b0.png,Restored,lyria,lyria:P0641,primary,0
Restored/lyria__P0188__b3.png,Restored,lyria,lyria:P0188,primary,0
Restored/lyria__P0255__b0.png,Restored,lyria,lyria:P0255,primary,0
Restored/lyria__P0728__b6.png,Restored,lyria,lyria:P0728,primary,0
Restored/lyria__P0120__b6.png,Restored,lyria,lyria:P0120,primary,0
Restored/lyria__P0089__b0.png,Restored,lyria,lyria:P0089,primary,0
Restored/lyria__P0060__b2.png,Restored,lyria,lyria:P0060,primary,0
Restored/lyria__P0211__b10.png,Restored,lyria,lyria:P0211,primary,0
Restored/lyria__P0163__b1.png,Restored,lyria,lyria:P0163,primary,0
Restored/lyria__P0525__b4.png,Restored,lyria,lyria:P0525,primary,0
Restored/lyria__P0348__b10.png,Restored,lyria,lyria:P0348,primary,0
Restored/lyria__P0663__b10.png,Restored,lyria,lyria:P0663,primary,0
Restored/lyria__P0546__b2.png,Restored,lyria,lyria:P0546,primary,0
Restored/lyria__P0583__b12.png,Restored,lyria,lyria:P0583,primary,0
Restored/lyria__P0190__b2.png,Restored,lyria,lyria:P0190,primary,0
Restored/lyria__P0523__b1.png,Restored,lyria,lyria:P0523,primary,0
Restored/lyria__P0270__b2.png,Restored,lyria,lyria:P0270,primary,0
Restored/lyria__P0749__b12.png,Restored,lyria,lyria:P0749,primary,0
Restored/lyria__P0651__b1.png,Restored,lyria,lyria:P0651,primary,0
Restored/lyria__P0711__b1.png,Restored,lyria,lyria:P0711,primary,0
Restored/lyria__P0725__b2.png,Restored,lyria,lyria:P0725,primary,0
Restored/lyria__P0459__b1.png,Restored,lyria,lyria:P0459,primary,0
Restored/lyria__P0448__b2.png,Restored,lyria,lyria:P0448,primary,0
Restored/lyria__P0297__b8.png,Restored,lyria,lyria:P0297,primary,0
Restored/lyria__P0231__b2.png,Restored,lyria,lyria:P0231,primary,0
Restored/lyria__P0380__b1.png,Restored,lyria,lyria:P0380,primary,0
Restored/lyria__P0302__b0.png,Restored,lyria,lyria:P0302,primary,0
Restored/lyria__P0049__b2.png,Restored,lyria,lyria:P0049,primary,0
Restored/lyria__P0401__b0.png,Restored,lyria,lyria:P0401,primary,0
Restored/lyria__P0649__b0.png,Restored,lyria,lyria:P0649,primary,0
Restored/lyria__P0794__b1.png,Restored,lyria,lyria:P0794,primary,0
Restored/lyria__P0227__b9.png,Restored,lyria,lyria:P0227,primary,0
Restored/lyria__P0586__b1.png,Restored,lyria,lyria:P0586,primary,0
Restored/lyria__P0106__b1.png,Restored,lyria,lyria:P0106,primary,0
Restored/lyria__P0109__b2.png,Restored,lyria,lyria:P0109,primary,0
Restored/lyria__P0766__b7.png,Restored,lyria,lyria:P0766,primary,0
Restored/lyria__P0436__b0.png,Restored,lyria,lyria:P0436,primary,0
Restored/lyria__P0062__b1.png,Restored,lyria,lyria:P0062,primary,0
Restored/lyria__P0277__b6.png,Restored,lyria,lyria:P0277,primary,0
Restored/lyria__P0378__b6.png,Restored,lyria,lyria:P0378,primary,0
Restored/lyria__P0741__b2.png,Restored,lyria,lyria:P0741,primary,0
Restored/lyria__P0182__b0.png,Restored,lyria,lyria:P0182,primary,0
Restored/lyria__P0791__b0.png,Restored,lyria,lyria:P0791,primary,0
Restored/lyria__P0072__b6.png,Restored,lyria,lyria:P0072,primary,0
Restored/lyria__P0680__b6.png,Restored,lyria,lyria:P0680,primary,0
Restored/lyria__P0322__b1.png,Restored,lyria,lyria:P0322,primary,0
Restored/lyria__P0559__b1.png,Restored,lyria,lyria:P0559,primary,0
Restored/lyria__P0792__b2.png,Restored,lyria,lyria:P0792,primary,0
Restored/lyria__P0278__b9.png,Restored,lyria,lyria:P0278,primary,0
Restored/lyria__P0398__b3.png,Restored,lyria,lyria:P0398,primary,0
Restored/lyria__P0053__b2.png,Restored,lyria,lyria:P0053,primary,0
Restored/lyria__P0246__b0.png,Restored,lyria,lyria:P0246,primary,0
Restored/lyria__P0321__b2.png,Restored,lyria,lyria:P0321,primary,0
Restored/lyria__P0600__b0.png,Restored,lyria,lyria:P0600,primary,0
Restored/lyria__P0702__b2.png,Restored,lyria,lyria:P0702,primary,0
Restored/lyria__P0564__b10.png,Restored,lyria,lyria:P0564,primary,0
Restored/lyria__P0332__b0.png,Restored,lyria,lyria:P0332,primary,0
Restored/lyria__P0361__b4.png,Restored,lyria,lyria:P0361,primary,0
Restored/lyria__P0050__b11.png,Restored,lyria,lyria:P0050,primary,0
Restored/lyria__P0562__b2.png,Restored,lyria,lyria:P0562,primary,0
Restored/lyria__P0423__b7.png,Restored,lyria,lyria:P0423,primary,0
Restored/lyria__P0752__b4.png,Restored,lyria,lyria:P0752,primary,0
Restored/lyria__P0775__b0.png,Restored,lyria,lyria:P0775,primary,0
Restored/lyria__P0443__b7.png,Restored,lyria,lyria:P0443,primary,0
Restored/lyria__P0334__b6.png,Restored,lyria,lyria:P0334,primary,0
Restored/lyria__P0389__b0.png,Restored,lyria,lyria:P0389,primary,0
Restored/lyria__P0008__b14.png,Restored,lyria,lyria:P0008,primary,0
Restored/lyria__P0498__b0.png,Restored,lyria,lyria:P0498,primary,0
Restored/lyria__P0111__b1.png,Restored,lyria,lyria:P0111,primary,0
Restored/lyria__P0208__b4.png,Restored,lyria,lyria:P0208,primary,0
Restored/lyria__P0753__b9.png,Restored,lyria,lyria:P0753,primary,0
Restored/lyria__P0648__b8.png,Restored,lyria,lyria:P0648,primary,0
Restored/lyria__P0595__b3.png,Restored,lyria,lyria:P0595,primary,0
Restored/lyria__P0029__b0.png,Restored,lyria,lyria:P0029,primary,0
Restored/lyria__P0620__b9.png,Restored,lyria,lyria:P0620,primary,0
Restored/lyria__P0703__b1.png,Restored,lyria,lyria:P0703,primary,0
Restored/lyria__P0784__b17.png,Restored,lyria,lyria:P0784,primary,0
Restored/lyria__P0425__b1.png,Restored,lyria,lyria:P0425,primary,0
Restored/lyria__P0634__b10.png,Restored,lyria,lyria:P0634,primary,0
Restored/lyria__P0781__b8.png,Restored,lyria,lyria:P0781,primary,0
Restored/lyria__P0550__b1.png,Restored,lyria,lyria:P0550,primary,0
Restored/lyria__P0098__b3.png,Restored,lyria,lyria:P0098,primary,0
Restored/lyria__P0214__b5.png,Restored,lyria,lyria:P0214,primary,0
Restored/lyria__P0393__b6.png,Restored,lyria,lyria:P0393,primary,0
Restored/lyria__P0267__b2.png,Restored,lyria,lyria:P0267,primary,0
Restored/lyria__P0115__b3.png,Restored,lyria,lyria:P0115,primary,0
Restored/lyria__P0743__b4.png,Restored,lyria,lyria:P0743,primary,0
Restored/lyria__P0171__b0.png,Restored,lyria,lyria:P0171,primary,0
Restored/lyria__P0319__b2.png,Restored,lyria,lyria:P0319,primary,0
Restored/lyria__P0133__b0.png,Restored,lyria,lyria:P0133,primary,0
Restored/lyria__P0140__b5.png,Restored,lyria,lyria:P0140,primary,0
Restored/lyria__P0025__b1.png,Restored,lyria,lyria:P0025,primary,0
Restored/lyria__P0064__b12.png,Restored,lyria,lyria:P0064,primary,0
Restored/lyria__P0504__b0.png,Restored,lyria,lyria:P0504,primary,0
Restored/lyria__P0624__b0.png,Restored,lyria,lyria:P0624,primary,0
Restored/lyria__P0274__b1.png,Restored,lyria,lyria:P0274,primary,0
Restored/lyria__P0720__b5.png,Restored,lyria,lyria:P0720,primary,0
Restored/lyria__P0204__b7.png,Restored,lyria,lyria:P0204,primary,0
Restored/lyria__P0625__b6.png,Restored,lyria,lyria:P0625,primary,0
Restored/lyria__P0438__b8.png,Restored,lyria,lyria:P0438,primary,0
Restored/lyria__P0613__b0.png,Restored,lyria,lyria:P0613,primary,0
Restored/lyria__P0661__b0.png,Restored,lyria,lyria:P0661,primary,0
Restored/lyria__P0013__b1.png,Restored,lyria,lyria:P0013,primary,0
Restored/lyria__P0535__b9.png,Restored,lyria,lyria:P0535,primary,0
Restored/lyria__P0440__b3.png,Restored,lyria,lyria:P0440,primary,0
Restored/lyria__P0355__b6.png,Restored,lyria,lyria:P0355,primary,0
Restored/lyria__P0240__b2.png,Restored,lyria,lyria:P0240,primary,0
Restored/lyria__P0416__b1.png,Restored,lyria,lyria:P0416,primary,0
Restored/lyria__P0610__b2.png,Restored,lyria,lyria:P0610,primary,0
Restored/lyria__P0038__b0.png,Restored,lyria,lyria:P0038,primary,0
Restored/lyria__P0754__b0.png,Restored,lyria,lyria:P0754,primary,0
Restored/lyria__P0494__b9.png,Restored,lyria,lyria:P0494,primary,0
Restored/lyria__P0134__b0.png,Restored,lyria,lyria:P0134,primary,0
Restored/lyria__P0750__b9.png,Restored,lyria,lyria:P0750,primary,0
Restored/lyria__P0127__b0.png,Restored,lyria,lyria:P0127,primary,0
Restored/lyria__P0611__b1.png,Restored,lyria,lyria:P0611,primary,0
Restored/lyria__P0078__b8.png,Restored,lyria,lyria:P0078,primary,0
Restored/lyria__P0174__b7.png,Restored,lyria,lyria:P0174,primary,0
Restored/lyria__P0092__b1.png,Restored,lyria,lyria:P0092,primary,0
Restored/lyria__P0201__b0.png,Restored,lyria,lyria:P0201,primary,0
Restored/lyria__P0730__b2.png,Restored,lyria,lyria:P0730,primary,0
Restored/lyria__P0126__b8.png,Restored,lyria,lyria:P0126,primary,0
Restored/lyria__P0037__b1.png,Restored,lyria,lyria:P0037,primary,0
Restored/lyria__P0371__b2.png,Restored,lyria,lyria:P0371,primary,0
Restored/lyria__P0395__b1.png,Restored,lyria,lyria:P0395,primary,0
Restored/lyria__P0772__b0.png,Restored,lyria,lyria:P0772,primary,0
Restored/lyria__P0758__b4.png,Restored,lyria,lyria:P0758,primary,0
Restored/lyria__P0451__b0.png,Restored,lyria,lyria:P0451,primary,0
Restored/lyria__P0656__b3.png,Restored,lyria,lyria:P0656,primary,0
Restored/lyria__P0030__b7.png,Restored,lyria,lyria:P0030,primary,0
Restored/lyria__P0357__b8.png,Restored,lyria,lyria:P0357,primary,0
Restored/lyria__P0086__b3.png,Restored,lyria,lyria:P0086,primary,0
Restored/lyria__P0236__b2.png,Restored,lyria,lyria:P0236,primary,0
Restored/lyria__P0788__b4.png,Restored,lyria,lyria:P0788,primary,0
Restored/lyria__P0360__b1.png,Restored,lyria,lyria:P0360,primary,0
Restored/lyria__P0746__b4.png,Restored,lyria,lyria:P0746,primary,0
Restored/lyria__P0382__b0.png,Restored,lyria,lyria:P0382,primary,0
Restored/lyria__P0162__b0.png,Restored,lyria,lyria:P0162,primary,0
Restored/lyria__P0183__b2.png,Restored,lyria,lyria:P0183,primary,0
Restored/lyria__P0803__b0.png,Restored,lyria,lyria:P0803,primary,0
Restored/lyria__P0699__b2.png,Restored,lyria,lyria:P0699,primary,0
Restored/lyria__P0474__b0.png,Restored,lyria,lyria:P0474,primary,0
Restored/lyria__P0243__b1.png,Restored,lyria,lyria:P0243,primary,0
Restored/lyria__P0780__b14.png,Restored,lyria,lyria:P0780,primary,0
Restored/lyria__P0149__b12.png,Restored,lyria,lyria:P0149,primary,0
Restored/lyria__P0768__b10.png,Restored,lyria,lyria:P0768,primary,0
Restored/lyria__P0679__b5.png,Restored,lyria,lyria:P0679,primary,0
Restored/lyria__P0344__b5.png,Restored,lyria,lyria:P0344,primary,0
Restored/lyria__P0311__b12.png,Restored,lyria,lyria:P0311,primary,0
Restored/lyria__P0016__b0.png,Restored,lyria,lyria:P0016,primary,0
Restored/lyria__P0551__b2.png,Restored,lyria,lyria:P0551,primary,0
Restored/lyria__P0571__b8.png,Restored,lyria,lyria:P0571,primary,0
Restored/lyria__P0606__b9.png,Restored,lyria,lyria:P0606,primary,0
Restored/lyria__P0137__b9.png,Restored,lyria,lyria:P0137,primary,0
Restored/lyria__P0400__b1.png,Restored,lyria,lyria:P0400,primary,0
Restored/lyria__P0433__b0.png,Restored,lyria,lyria:P0433,primary,0
Restored/lyria__P0018__b6.png,Restored,lyria,lyria:P0018,primary,0
Restored/lyria__P0105__b3.png,Restored,lyria,lyria:P0105,primary,0
Restored/lyria__P0203__b4.png,Restored,lyria,lyria:P0203,primary,0
Restored/lyria__P0312__b5.png,Restored,lyria,lyria:P0312,primary,0
Restored/lyria__P0189__b0.png,Restored,lyria,lyria:P0189,primary,0
Restored/lyria__P0759__b6.png,Restored,lyria,lyria:P0759,primary,0
Restored/lyria__P0439__b0.png,Restored,lyria,lyria:P0439,primary,0
Restored/lyria__P0024__b0.png,Restored,lyria,lyria:P0024,primary,0
Restored/lyria__P0165__b1.png,Restored,lyria,lyria:P0165,primary,0
Restored/lyria__P0677__b2.png,Restored,lyria,lyria:P0677,primary,0
Restored/lyria__P0593__b11.png,Restored,lyria,lyria:P0593,primary,0
Restored/lyria__P0376__b0.png,Restored,lyria,lyria:P0376,primary,0
Restored/lyria__P0457__b0.png,Restored,lyria,lyria:P0457,primary,0
Restored/lyria__P0301__b1.png,Restored,lyria,lyria:P0301,primary,0
Restored/lyria__P0386__b4.png,Restored,lyria,lyria:P0386,primary,0
Restored/lyria__P0608__b0.png,Restored,lyria,lyria:P0608,primary,0
Restored/lyria__P0145__b7.png,Restored,lyria,lyria:P0145,primary,0
Restored/lyria__P0223__b8.png,Restored,lyria,lyria:P0223,primary,0
Restored/lyria__P0708__b3.png,Restored,lyria,lyria:P0708,primary,0
Restored/lyria__P0415__b10.png,Restored,lyria,lyria:P0415,primary,0
Restored/lyria__P0081__b0.png,Restored,lyria,lyria:P0081,primary,0
Restored/lyria__P0740__b2.png,Restored,lyria,lyria:P0740,primary,0
Restored/lyria__P0719__b1.png,Restored,lyria,lyria:P0719,primary,0
Restored/lyria__P0010__b2.png,Restored,lyria,lyria:P0010,primary,0
Restored/lyria__P0483__b0.png,Restored,lyria,lyria:P0483,primary,0
Restored/lyria__P0773__b1.png,Restored,lyria,lyria:P0773,primary,0
Restored/lyria__P0694__b1.png,Restored,lyria,lyria:P0694,primary,0
Restored/lyria__P0112__b0.png,Restored,lyria,lyria:P0112,primary,0
Restored/lyria__P0012__b3.png,Restored,lyria,lyria:P0012,primary,0
Restored/lyria__P0689__b0.png,Restored,lyria,lyria:P0689,primary,0
Restored/lyria__P0529__b4.png,Restored,lyria,lyria:P0529,primary,0
Restored/lyria__P0609__b4.png,Restored,lyria,lyria:P0609,primary,0
Restored/lyria__P0259__b4.png,Restored,lyria,lyria:P0259,primary,0
Restored/lyria__P0540__b0.png,Restored,lyria,lyria:P0540,primary,0
Restored/lyria__P0392__b0.png,Restored,lyria,lyria:P0392,primary,0
Restored/lyria__P0542__b0.png,Restored,lyria,lyria:P0542,primary,0
Restored/lyria__P0158__b8.png,Restored,lyria,lyria:P0158,primary,0
Restored/lyria__P0153__b6.png,Restored,lyria,lyria:P0153,primary,0
Restored/lyria__P0777__b4.png,Restored,lyria,lyria:P0777,primary,0
Restored/lyria__P0806__b12.png,Restored,lyria,lyria:P0806,primary,0
Restored/lyria__P0581__b5.png,Restored,lyria,lyria:P0581,primary,0
Restored/lyria__P0177__b1.png,Restored,lyria,lyria:P0177,primary,0
Restored/lyria__P0665__b3.png,Restored,lyria,lyria:P0665,primary,0
Restored/lyria__P0164__b6.png,Restored,lyria,lyria:P0164,primary,0
Restored/lyria__P0023__b1.png,Restored,lyria,lyria:P0023,primary,0
Restored/lyria__P0710__b6.png,Restored,lyria,lyria:P0710,primary,0
Restored/lyria__P0745__b6.png,Restored,lyria,lyria:P0745,primary,0
Restored/lyria__P0486__b2.png,Restored,lyria,lyria:P0486,primary,0
Restored/lyria__P0473__b1.png,Restored,lyria,lyria:P0473,primary,0
Restored/lyria__P0354__b6.png,Restored,lyria,lyria:P0354,primary,0
Restored/lyria__P0668__b2.png,Restored,lyria,lyria:P0668,primary,0
Restored/lyria__P0146__b0.png,Restored,lyria,lyria:P0146,primary,0
Restored/lyria__P0732__b3.png,Restored,lyria,lyria:P0732,primary,0
Restored/lyria__P0736__b12.png,Restored,lyria,lyria:P0736,primary,0
Restored/lyria__P0331__b6.png,Restored,lyria,lyria:P0331,primary,0
Restored/lyria__P0205__b13.png,Restored,lyria,lyria:P0205,primary,0
Restored/lyria__P0553__b13.png,Restored,lyria,lyria:P0553,primary,0
Restored/lyria__P0226__b3.png,Restored,lyria,lyria:P0226,primary,0
Restored/lyria__P0385__b5.png,Restored,lyria,lyria:P0385,primary,0
Restored/lyria__P0662__b1.png,Restored,lyria,lyria:P0662,primary,0
Restored/lyria__P0073__b1.png,Restored,lyria,lyria:P0073,primary,0
Restored/lyria__P0199__b1.png,Restored,lyria,lyria:P0199,primary,0
Restored/lyria__P0533__b11.png,Restored,lyria,lyria:P0533,primary,0
Restored/lyria__P0757__b0.png,Restored,lyria,lyria:P0757,primary,0
Restored/lyria__P0432__b1.png,Restored,lyria,lyria:P0432,primary,0
Restored/lyria__P0286__b4.png,Restored,lyria,lyria:P0286,primary,0
Restored/lyria__P0521__b14.png,Restored,lyria,lyria:P0521,primary,0
Restored/lyria__P0342__b2.png,Restored,lyria,lyria:P0342,primary,0
Restored/lyria__P0424__b7.png,Restored,lyria,lyria:P0424,primary,0
Restored/lyria__P0450__b7.png,Restored,lyria,lyria:P0450,primary,0
Restored/lyria__P0463__b0.png,Restored,lyria,lyria:P0463,primary,0
Restored/lyria__P0220__b1.png,Restored,lyria,lyria:P0220,primary,0
Restored/lyria__P0021__b3.png,Restored,lyria,lyria:P0021,primary,0
Restored/lyria__P0695__b3.png,Restored,lyria,lyria:P0695,primary,0
Restored/lyria__P0318__b0.png,Restored,lyria,lyria:P0318,primary,0
Restored/lyria__P0642__b1.png,Restored,lyria,lyria:P0642,primary,0
Restored/lyria__P0413__b0.png,Restored,lyria,lyria:P0413,primary,0
Restored/lyria__P0573__b13.png,Restored,lyria,lyria:P0573,primary,0
Restored/lyria__P0579__b1.png,Restored,lyria,lyria:P0579,primary,0
Restored/lyria__P0027__b3.png,Restored,lyria,lyria:P0027,primary,0
Restored/lyria__P0437__b1.png,Restored,lyria,lyria:P0437,primary,0
Restored/lyria__P0515__b0.png,Restored,lyria,lyria:P0515,primary,0
Restored/lyria__P0273__b1.png,Restored,lyria,lyria:P0273,primary,0
Restored/lyria__P0328__b4.png,Restored,lyria,lyria:P0328,primary,0
Restored/lyria__P0057__b4.png,Restored,lyria,lyria:P0057,primary,0
Restored/lyria__P0264__b0.png,Restored,lyria,lyria:P0264,primary,0
Restored/lyria__P0041__b4.png,Restored,lyria,lyria:P0041,primary,0
Restored/lyria__P0067__b13.png,Restored,lyria,lyria:P0067,primary,0
Restored/lyria__P0664__b8.png,Restored,lyria,lyria:P0664,primary,0
Restored/lyria__P0280__b2.png,Restored,lyria,lyria:P0280,primary,0
Restored/lyria__P0574__b9.png,Restored,lyria,lyria:P0574,primary,0
Restored/lyria__P0435__b6.png,Restored,lyria,lyria:P0435,primary,0
Restored/lyria__P0051__b5.png,Restored,lyria,lyria:P0051,primary,0
Restored/lyria__P0352__b11.png,Restored,lyria,lyria:P0352,primary,0
Restored/lyria__P0787__b1.png,Restored,lyria,lyria:P0787,primary,0
Restored/lyria__P0685__b9.png,Restored,lyria,lyria:P0685,primary,0
Restored/lyria__P0602__b5.png,Restored,lyria,lyria:P0602,primary,0
Restored/lyria__P0387__b2.png,Restored,lyria,lyria:P0387,primary,0
Restored/lyria__P0765__b0.png,Restored,lyria,lyria:P0765,primary,0
Restored/lyria__P0070__b0.png,Restored,lyria,lyria:P0070,primary,0
Restored/lyria__P0713__b3.png,Restored,lyria,lyria:P0713,primary,0
Restored/lyria__P0418__b4.png,Restored,lyria,lyria:P0418,primary,0
Restored/lyria__P0724__b12.png,Restored,lyria,lyria:P0724,primary,0
Restored/lyria__P0091__b1.png,Restored,lyria,lyria:P0091,primary,0
Restored/lyria__P0123__b8.png,Restored,lyria,lyria:P0123,primary,0
Restored/lyria__P0235__b1.png,Restored,lyria,lyria:P0235,primary,0
Restored/lyria__P0096__b0.png,Restored,lyria,lyria:P0096,primary,0
Restored/lyria__P0228__b0.png,Restored,lyria,lyria:P0228,primary,0
Restored/lyria__P0480__b4.png,Restored,lyria,lyria:P0480,primary,0
Restored/lyria__P0142__b7.png,Restored,lyria,lyria:P0142,primary,0
Restored/lyria__P0015__b0.png,Restored,lyria,lyria:P0015,primary,0
Restored/lyria__P0256__b7.png,Restored,lyria,lyria:P0256,primary,0
Restored/lyria__P0681__b7.png,Restored,lyria,lyria:P0681,primary,0
Restored/lyria__P0020__b0.png,Restored,lyria,lyria:P0020,primary,0
Restored/lyria__P0774__b5.png,Restored,lyria,lyria:P0774,primary,0
Restored/lyria__P0407__b3.png,Restored,lyria,lyria:P0407,primary,0
Restored/lyria__P0108__b5.png,Restored,lyria,lyria:P0108,primary,0
Restored/lyria__P0601__b9.png,Restored,lyria,lyria:P0601,primary,0
Restored/lyria__P0054__b4.png,Restored,lyria,lyria:P0054,primary,0
Restored/lyria__P0518__b9.png,Restored,lyria,lyria:P0518,primary,0
Restored/lyria__P0507__b5.png,Restored,lyria,lyria:P0507,primary,0
Restored/lyria__P0472__b2.png,Restored,lyria,lyria:P0472,primary,0
Restored/lyria__P0059__b2.png,Restored,lyria,lyria:P0059,primary,0
Restored/lyria__P0556__b5.png,Restored,lyria,lyria:P0556,primary,0
Restored/lyria__P0670__b5.png,Restored,lyria,lyria:P0670,primary,0
Restored/lyria__P0003__b5.png,Restored,lyria,lyria:P0003,primary,0
Restored/lyria__P0045__b1.png,Restored,lyria,lyria:P0045,primary,0
Restored/lyria__P0175__b0.png,Restored,lyria,lyria:P0175,primary,0
Restored/lyria__P0406__b12.png,Restored,lyria,lyria:P0406,primary,0
Restored/lyria__P0004__b3.png,Restored,lyria,lyria:P0004,primary,0
Restored/lyria__P0565__b4.png,Restored,lyria,lyria:P0565,primary,0
Restored/lyria__P0627__b7.png,Restored,lyria,lyria:P0627,primary,0
Restored/lyria__P0304__b9.png,Restored,lyria,lyria:P0304,primary,0
Restored/lyria__P0014__b3.png,Restored,lyria,lyria:P0014,primary,0
Restored/lyria__P0167__b3.png,Restored,lyria,lyria:P0167,primary,0
Restored/lyria__P0721__b1.png,Restored,lyria,lyria:P0721,primary,0
Restored/lyria__P0636__b1.png,Restored,lyria,lyria:P0636,primary,0
Restored/lyria__P0508__b2.png,Restored,lyria,lyria:P0508,primary,0
Restored/lyria__P0485__b4.png,Restored,lyria,lyria:P0485,primary,0
Restored/lyria__P0807__b7.png,Restored,lyria,lyria:P0807,primary,0
Restored/lyria__P0696__b0.png,Restored,lyria,lyria:P0696,primary,0
Restored/lyria__P0193__b4.png,Restored,lyria,lyria:P0193,primary,0
Restored/lyria__P0733__b0.png,Restored,lyria,lyria:P0733,primary,0
Restored/lyria__P0548__b2.png,Restored,lyria,lyria:P0548,primary,0
Restored/lyria__P0339__b0.png,Restored,lyria,lyria:P0339,primary,0
Restored/lyria__P0007__b10.png,Restored,lyria,lyria:P0007,primary,0
Restored/lyria__P0470__b4.png,Restored,lyria,lyria:P0470,primary,0
Restored/lyria__P0647__b5.png,Restored,lyria,lyria:P0647,primary,0
Restored/lyria__P0461__b0.png,Restored,lyria,lyria:P0461,primary,0
Restored/lyria__P0368__b5.png,Restored,lyria,lyria:P0368,primary,0
Restored/lyria__P0798__b6.png,Restored,lyria,lyria:P0798,primary,0
Restored/lyria__P0558__b2.png,Restored,lyria,lyria:P0558,primary,0
Restored/lyria__P0048__b2.png,Restored,lyria,lyria:P0048,primary,0
Restored/lyria__P0547__b1.png,Restored,lyria,lyria:P0547,primary,0
Restored/lyria__P0800__b4.png,Restored,lyria,lyria:P0800,primary,0
Restored/lyria__P0245__b3.png,Restored,lyria,lyria:P0245,primary,0
Restored/lyria__P0006__b7.png,Restored,lyria,lyria:P0006,primary,0
Restored/lyria__P0229__b3.png,Restored,lyria,lyria:P0229,primary,0
Restored/lyria__P0372__b3.png,Restored,lyria,lyria:P0372,primary,0
Restored/lyria__P0446__b0.png,Restored,lyria,lyria:P0446,primary,0
Restored/lyria__P0275__b3.png,Restored,lyria,lyria:P0275,primary,0
Restored/lyria__P0219__b4.png,Restored,lyria,lyria:P0219,primary,0
Restored/lyria__P0605__b6.png,Restored,lyria,lyria:P0605,primary,0
Restored/lyria__P0291__b4.png,Restored,lyria,lyria:P0291,primary,0
Restored/lyria__P0066__b4.png,Restored,lyria,lyria:P0066,primary,0
Restored/lyria__P0705__b6.png,Restored,lyria,lyria:P0705,primary,0
Restored/lyria__P0107__b6.png,Restored,lyria,lyria:P0107,primary,0
Restored/lyria__P0260__b1.png,Restored,lyria,lyria:P0260,primary,0
Restored/lyria__P0502__b0.png,Restored,lyria,lyria:P0502,primary,0
Restored/lyria__P0563__b8.png,Restored,lyria,lyria:P0563,primary,0
Restored/lyria__P0130__b1.png,Restored,lyria,lyria:P0130,primary,0
Restored/lyria__P0307__b6.png,Restored,lyria,lyria:P0307,primary,0
Restored/lyria__P0539__b2.png,Restored,lyria,lyria:P0539,primary,0
Restored/lyria__P0399__b1.png,Restored,lyria,lyria:P0399,primary,0
Restored/lyria__P0769__b3.png,Restored,lyria,lyria:P0769,primary,0
Restored/lyria__P0591__b1.png,Restored,lyria,lyria:P0591,primary,0
Restored/lyria__P0704__b6.png,Restored,lyria,lyria:P0704,primary,0
Restored/lyria__P0173__b6.png,Restored,lyria,lyria:P0173,primary,0
Restored/lyria__P0202__b10.png,Restored,lyria,lyria:P0202,primary,0
Restored/lyria__P0178__b2.png,Restored,lyria,lyria:P0178,primary,0
Restored/lyria__P0478__b4.png,Restored,lyria,lyria:P0478,primary,0
Restored/lyria__P0522__b3.png,Restored,lyria,lyria:P0522,primary,0
Restored/lyria__P0077__b1.png,Restored,lyria,lyria:P0077,primary,0
Restored/lyria__P0017__b8.png,Restored,lyria,lyria:P0017,primary,0
Restored/lyria__P0652__b9.png,Restored,lyria,lyria:P0652,primary,0
Restored/lyria__P0659__b2.png,Restored,lyria,lyria:P0659,primary,0
Restored/lyria__P0744__b15.png,Restored,lyria,lyria:P0744,primary,0
Restored/lyria__P0516__b3.png,Restored,lyria,lyria:P0516,primary,0
Restored/lyria__P0296__b5.png,Restored,lyria,lyria:P0296,primary,0
Restored/lyria__P0489__b1.png,Restored,lyria,lyria:P0489,primary,0
Restored/lyria__P0011__b10.png,Restored,lyria,lyria:P0011,primary,0
Restored/lyria__P0083__b6.png,Restored,lyria,lyria:P0083,primary,0
Restored/lyria__P0281__b2.png,Restored,lyria,lyria:P0281,primary,0
Restored/lyria__P0217__b10.png,Restored,lyria,lyria:P0217,primary,0
Restored/lyria__P0430__b0.png,Restored,lyria,lyria:P0430,primary,0
Restored/lyria__P0445__b0.png,Restored,lyria,lyria:P0445,primary,0
Restored/lyria__P0760__b3.png,Restored,lyria,lyria:P0760,primary,0
Restored/lyria__P0250__b0.png,Restored,lyria,lyria:P0250,primary,0
Restored/lyria__P0284__b5.png,Restored,lyria,lyria:P0284,primary,0
Restored/lyria__P0026__b6.png,Restored,lyria,lyria:P0026,primary,0
Restored/lyria__P0628__b3.png,Restored,lyria,lyria:P0628,primary,0
Restored/lyria__P0262__b16.png,Restored,lyria,lyria:P0262,primary,0
Restored/lyria__P0316__b11.png,Restored,lyria,lyria:P0316,primary,0
Restored/lyria__P0369__b2.png,Restored,lyria,lyria:P0369,primary,0
Restored/lyria__P0329__b1.png,Restored,lyria,lyria:P0329,primary,0
Restored/lyria__P0122__b0.png,Restored,lyria,lyria:P0122,primary,0
Restored/lyria__P0005__b8.png,Restored,lyria,lyria:P0005,primary,0
Restored/lyria__P0155__b0.png,Restored,lyria,lyria:P0155,primary,0
Restored/lyria__P0706__b2.png,Restored,lyria,lyria:P0706,primary,0
Restored/lyria__P0778__b0.png,Restored,lyria,lyria:P0778,primary,0
Restored/lyria__P0118__b3.png,Restored,lyria,lyria:P0118,primary,0
Restored/lyria__P0032__b9.png,Restored,lyria,lyria:P0032,primary,0
Restored/lyria__P0698__b6.png,Restored,lyria,lyria:P0698,primary,0
Restored/lyria__P0530__b3.png,Restored,lyria,lyria:P0530,primary,0
Restored/lyria__P0271__b3.png,Restored,lyria,lyria:P0271,primary,0
Restored/lyria__P0148__b7.png,Restored,lyria,lyria:P0148,primary,0
Restored/lyria__P0421__b0.png,Restored,lyria,lyria:P0421,primary,0
Restored/lyria__P0718__b4.png,Restored,lyria,lyria:P0718,primary,0
Restored/lyria__P0279__b3.png,Restored,lyria,lyria:P0279,primary,0
Restored/lyria__P0655__b0.png,Restored,lyria,lyria:P0655,primary,0
Restored/lyria__P0103__b6.png,Restored,lyria,lyria:P0103,primary,0
Restored/lyria__P0071__b1.png,Restored,lyria,lyria:P0071,primary,0
Restored/lyria__P0434__b5.png,Restored,lyria,lyria:P0434,primary,0
Restored/lyria__P0384__b5.png,Restored,lyria,lyria:P0384,primary,0
Restored/lyria__P0181__b2.png,Restored,lyria,lyria:P0181,primary,0
Restored/lyria__P0288__b7.png,Restored,lyria,lyria:P0288,primary,0
Restored/lyria__P0462__b2.png,Restored,lyria,lyria:P0462,primary,0
Restored/lyria__P0632__b3.png,Restored,lyria,lyria:P0632,primary,0
Restored/lyria__P0308__b3.png,Restored,lyria,lyria:P0308,primary,0
Restored/lyria__P0404__b0.png,Restored,lyria,lyria:P0404,primary,0
Restored/lyria__P0119__b14.png,Restored,lyria,lyria:P0119,primary,0
Restored/lyria__P0244__b12.png,Restored,lyria,lyria:P0244,primary,0
Restored/lyria__P0735__b11.png,Restored,lyria,lyria:P0735,primary,0
Restored/lyria__P0063__b3.png,Restored,lyria,lyria:P0063,primary,0
Restored/lyria__P0080__b0.png,Restored,lyria,lyria:P0080,primary,0
Restored/lyria__P0350__b0.png,Restored,lyria,lyria:P0350,primary,0
Restored/lyria__P0363__b1.png,Restored,lyria,lyria:P0363,primary,0
Restored/lyria__P0576__b2.png,Restored,lyria,lyria:P0576,primary,0
Restored/lyria__P0221__b4.png,Restored,lyria,lyria:P0221,primary,0
Restored/lyria__P0509__b1.png,Restored,lyria,lyria:P0509,primary,0
Restored/lyria__P0650__b1.png,Restored,lyria,lyria:P0650,primary,0
Restored/lyria__P0298__b4.png,Restored,lyria,lyria:P0298,primary,0
Restored/lyria__P0157__b0.png,Restored,lyria,lyria:P0157,primary,0
Restored/lyria__P0370__b8.png,Restored,lyria,lyria:P0370,primary,0
Restored/lyria__P0805__b7.png,Restored,lyria,lyria:P0805,primary,0
Restored/lyria__P0417__b5.png,Restored,lyria,lyria:P0417,primary,0
Restored/lyria__P0176__b7.png,Restored,lyria,lyria:P0176,primary,0
Restored/lyria__P0233__b7.png,Restored,lyria,lyria:P0233,primary,0
Restored/lyria__P0510__b1.png,Restored,lyria,lyria:P0510,primary,0
Restored/lyria__P0673__b0.png,Restored,lyria,lyria:P0673,primary,0
Restored/lyria__P0206__b8.png,Restored,lyria,lyria:P0206,primary,0
Restored/lyria__P0617__b5.png,Restored,lyria,lyria:P0617,primary,0
Restored/lyria__P0465__b1.png,Restored,lyria,lyria:P0465,primary,0
Restored/lyria__P0290__b3.png,Restored,lyria,lyria:P0290,primary,0
Restored/lyria__P0110__b2.png,Restored,lyria,lyria:P0110,primary,0
Restored/lyria__P0657__b0.png,Restored,lyria,lyria:P0657,primary,0
Restored/lyria__P0654__b13.png,Restored,lyria,lyria:P0654,primary,0
Restored/lyria__P0557__b8.png,Restored,lyria,lyria:P0557,primary,0
Restored/lyria__P0043__b4.png,Restored,lyria,lyria:P0043,primary,0
Restored/lyria__P0666__b0.png,Restored,lyria,lyria:P0666,primary,0
Restored/lyria__P0232__b12.png,Restored,lyria,lyria:P0232,primary,0
Restored/lyria__P0009__b1.png,Restored,lyria,lyria:P0009,primary,0
Restored/lyria__P0325__b1.png,Restored,lyria,lyria:P0325,primary,0
Restored/lyria__P0697__b1.png,Restored,lyria,lyria:P0697,primary,0
Restored/lyria__P0341__b2.png,Restored,lyria,lyria:P0341,primary,0
Restored/lyria__P0326__b0.png,Restored,lyria,lyria:P0326,primary,0
Restored/lyria__P0537__b3.png,Restored,lyria,lyria:P0537,primary,0
Restored/lyria__P0230__b10.png,Restored,lyria,lyria:P0230,primary,0
Restored/lyria__P0265__b2.png,Restored,lyria,lyria:P0265,primary,0
Restored/lyria__P0033__b3.png,Restored,lyria,lyria:P0033,primary,0
Restored/lyria__P0678__b10.png,Restored,lyria,lyria:P0678,primary,0
Restored/lyria__P0200__b11.png,Restored,lyria,lyria:P0200,primary,0
Restored/lyria__P0116__b1.png,Restored,lyria,lyria:P0116,primary,0
Restored/lyria__P0414__b3.png,Restored,lyria,lyria:P0414,primary,0
Restored/lyria__P0570__b2.png,Restored,lyria,lyria:P0570,primary,0
Restored/lyria__P0716__b2.png,Restored,lyria,lyria:P0716,primary,0
Restored/lyria__P0568__b3.png,Restored,lyria,lyria:P0568,primary,0
Restored/lyria__P0390__b0.png,Restored,lyria,lyria:P0390,primary,0
Restored/lyria__P0391__b2.png,Restored,lyria,lyria:P0391,primary,0
Restored/lyria__P0191__b4.png,Restored,lyria,lyria:P0191,primary,0
Restored/lyria__P0306__b0.png,Restored,lyria,lyria:P0306,primary,0
Restored/lyria__P0520__b2.png,Restored,lyria,lyria:P0520,primary,0
Restored/lyria__P0058__b0.png,Restored,lyria,lyria:P0058,primary,0
Restored/lyria__P0707__b3.png,Restored,lyria,lyria:P0707,primary,0
Restored/lyria__P0241__b3.png,Restored,lyria,lyria:P0241,primary,0
Restored/lyria__P0622__b1.png,Restored,lyria,lyria:P0622,primary,0
Restored/lyria__P0683__b8.png,Restored,lyria,lyria:P0683,primary,0
Restored/lyria__P0692__b4.png,Restored,lyria,lyria:P0692,primary,0
Restored/lyria__P0519__b1.png,Restored,lyria,lyria:P0519,primary,0
Restored/lyria__P0534__b0.png,Restored,lyria,lyria:P0534,primary,0
Restored/lyria__P0366__b9.png,Restored,lyria,lyria:P0366,primary,0
Restored/lyria__P0138__b0.png,Restored,lyria,lyria:P0138,primary,0
Restored/lyria__P0402__b2.png,Restored,lyria,lyria:P0402,primary,0
Restored/lyria__P0467__b0.png,Restored,lyria,lyria:P0467,primary,0
Restored/lyria__P0619__b0.png,Restored,lyria,lyria:P0619,primary,0
Restored/lyria__P0042__b1.png,Restored,lyria,lyria:P0042,primary,0
Restored/lyria__P0394__b0.png,Restored,lyria,lyria:P0394,primary,0
Restored/lyria__P0411__b2.png,Restored,lyria,lyria:P0411,primary,0
Restored/lyria__P0524__b1.png,Restored,lyria,lyria:P0524,primary,0
Restored/lyria__P0460__b2.png,Restored,lyria,lyria:P0460,primary,0
Restored/lyria__P0295__b0.png,Restored,lyria,lyria:P0295,primary,0
Restored/lyria__P0336__b3.png,Restored,lyria,lyria:P0336,primary,0
Restored/lyria__P0544__b1.png,Restored,lyria,lyria:P0544,primary,0
Restored/lyria__P0075__b0.png,Restored,lyria,lyria:P0075,primary,0
Restored/lyria__P0065__b0.png,Restored,lyria,lyria:P0065,primary,0
Restored/lyria__P0454__b3.png,Restored,lyria,lyria:P0454,primary,0
Restored/lyria__P0441__b7.png,Restored,lyria,lyria:P0441,primary,0
Restored/lyria__P0192__b5.png,Restored,lyria,lyria:P0192,primary,0
Restored/lyria__P0409__b1.png,Restored,lyria,lyria:P0409,primary,0
Restored/lyria__P0667__b1.png,Restored,lyria,lyria:P0667,primary,0
Restored/lyria__P0139__b5.png,Restored,lyria,lyria:P0139,primary,0
Restored/lyria__P0715__b12.png,Restored,lyria,lyria:P0715,primary,0
Restored/lyria__P0616__b0.png,Restored,lyria,lyria:P0616,primary,0
Restored/lyria__P0767__b1.png,Restored,lyria,lyria:P0767,primary,0
Restored/lyria__P0513__b0.png,Restored,lyria,lyria:P0513,primary,0
Restored/lyria__P0738__b0.png,Restored,lyria,lyria:P0738,primary,0
Restored/lyria__P0687__b6.png,Restored,lyria,lyria:P0687,primary,0
Restored/lyria__P0104__b4.png,Restored,lyria,lyria:P0104,primary,0
Restored/lyria__P0405__b4.png,Restored,lyria,lyria:P0405,primary,0
Restored/lyria__P0249__b7.png,Restored,lyria,lyria:P0249,primary,0
Restored/lyria__P0615__b10.png,Restored,lyria,lyria:P0615,primary,0
Restored/lyria__P0093__b6.png,Restored,lyria,lyria:P0093,primary,0
Restored/lyria__P0580__b11.png,Restored,lyria,lyria:P0580,primary,0
Restored/lyria__P0124__b7.png,Restored,lyria,lyria:P0124,primary,0
Restored/lyria__P0253__b0.png,Restored,lyria,lyria:P0253,primary,0
Restored/lyria__P0215__b3.png,Restored,lyria,lyria:P0215,primary,0
Restored/lyria__P0770__b2.png,Restored,lyria,lyria:P0770,primary,0
Restored/lyria__P0343__b7.png,Restored,lyria,lyria:P0343,primary,0
Restored/lyria__P0185__b5.png,Restored,lyria,lyria:P0185,primary,0
Restored/lyria__P0353__b13.png,Restored,lyria,lyria:P0353,primary,0
Restored/lyria__P0074__b0.png,Restored,lyria,lyria:P0074,primary,0
Restored/lyria__P0731__b1.png,Restored,lyria,lyria:P0731,primary,0
Restored/lyria__P0283__b4.png,Restored,lyria,lyria:P0283,primary,0
Restored/lyria__P0771__b1.png,Restored,lyria,lyria:P0771,primary,0
Restored/lyria__P0285__b3.png,Restored,lyria,lyria:P0285,primary,0
Restored/lyria__P0159__b0.png,Restored,lyria,lyria:P0159,primary,0
Restored/lyria__P0408__b5.png,Restored,lyria,lyria:P0408,primary,0
Restored/lyria__P0419__b4.png,Restored,lyria,lyria:P0419,primary,0
Restored/lyria__P0536__b2.png,Restored,lyria,lyria:P0536,primary,0
Restored/lyria__P0646__b4.png,Restored,lyria,lyria:P0646,primary,0
Restored/lyria__P0630__b3.png,Restored,lyria,lyria:P0630,primary,0
Restored/lyria__P0001__b0.png,Restored,lyria,lyria:P0001,primary,0
Restored/lyria__P0567__b9.png,Restored,lyria,lyria:P0567,primary,0
Restored/lyria__P0238__b5.png,Restored,lyria,lyria:P0238,primary,0
Restored/lyria__P0442__b11.png,Restored,lyria,lyria:P0442,primary,0
Restored/lyria__P0375__b1.png,Restored,lyria,lyria:P0375,primary,0
Restored/lyria__P0531__b5.png,Restored,lyria,lyria:P0531,primary,0
Restored/lyria__P0684__b1.png,Restored,lyria,lyria:P0684,primary,0
Restored/lyria__P0686__b11.png,Restored,lyria,lyria:P0686,primary,0
Restored/lyria__P0682__b6.png,Restored,lyria,lyria:P0682,primary,0
Restored/lyria__P0785__b3.png,Restored,lyria,lyria:P0785,primary,0
Restored/lyria__P0737__b0.png,Restored,lyria,lyria:P0737,primary,0
Restored/lyria__P0338__b2.png,Restored,lyria,lyria:P0338,primary,0
Restored/lyria__P0810__b4.png,Restored,lyria,lyria:P0810,primary,0
Restored/lyria__P0487__b0.png,Restored,lyria,lyria:P0487,primary,0
Restored/lyria__P0036__b12.png,Restored,lyria,lyria:P0036,primary,0
Restored/lyria__P0420__b2.png,Restored,lyria,lyria:P0420,primary,0
Restored/lyria__P0209__b8.png,Restored,lyria,lyria:P0209,primary,0
Restored/lyria__P0782__b5.png,Restored,lyria,lyria:P0782,primary,0
Restored/lyria__P0351__b1.png,Restored,lyria,lyria:P0351,primary,0
Restored/lyria__P0410__b9.png,Restored,lyria,lyria:P0410,primary,0
Restored/lyria__P0365__b1.png,Restored,lyria,lyria:P0365,primary,0
Restored/lyria__P0700__b5.png,Restored,lyria,lyria:P0700,primary,0
Restored/lyria__P0303__b1.png,Restored,lyria,lyria:P0303,primary,0
Restored/lyria__P0101__b1.png,Restored,lyria,lyria:P0101,primary,0
Restored/lyria__P0309__b5.png,Restored,lyria,lyria:P0309,primary,0
Restored/lyria__P0623__b0.png,Restored,lyria,lyria:P0623,primary,0
Restored/lyria__P0786__b4.png,Restored,lyria,lyria:P0786,primary,0
Restored/lyria__P0313__b10.png,Restored,lyria,lyria:P0313,primary,0
Restored/lyria__P0796__b1.png,Restored,lyria,lyria:P0796,primary,0
Restored/lyria__P0607__b2.png,Restored,lyria,lyria:P0607,primary,0
Restored/lyria__P0251__b15.png,Restored,lyria,lyria:P0251,primary,0
Restored/lyria__P0269__b0.png,Restored,lyria,lyria:P0269,primary,0
Restored/lyria__P0088__b11.png,Restored,lyria,lyria:P0088,primary,0
Restored/lyria__P0578__b4.png,Restored,lyria,lyria:P0578,primary,0
Restored/lyria__P0588__b13.png,Restored,lyria,lyria:P0588,primary,0
Restored/lyria__P0212__b8.png,Restored,lyria,lyria:P0212,primary,0
Restored/lyria__P0305__b6.png,Restored,lyria,lyria:P0305,primary,0
Restored/lyria__P0002__b0.png,Restored,lyria,lyria:P0002,primary,0
Restored/lyria__P0734__b6.png,Restored,lyria,lyria:P0734,primary,0
Restored/lyria__P0717__b4.png,Restored,lyria,lyria:P0717,primary,0
Restored/lyria__P0330__b2.png,Restored,lyria,lyria:P0330,primary,0
Restored/lyria__P0688__b5.png,Restored,lyria,lyria:P0688,primary,0
Restored/lyria__P0561__b7.png,Restored,lyria,lyria:P0561,primary,0
Restored/lyria__P0094__b17.png,Restored,lyria,lyria:P0094,primary,0
Restored/lyria__P0739__b0.png,Restored,lyria,lyria:P0739,primary,0
Restored/lyria__P0102__b10.png,Restored,lyria,lyria:P0102,primary,0
Restored/lyria__P0254__b6.png,Restored,lyria,lyria:P0254,primary,0
Restored/lyria__P0374__b7.png,Restored,lyria,lyria:P0374,primary,0
Restored/lyria__P0492__b1.png,Restored,lyria,lyria:P0492,primary,0
Restored/lyria__P0040__b1.png,Restored,lyria,lyria:P0040,primary,0
Restored/lyria__P0431__b3.png,Restored,lyria,lyria:P0431,primary,0
Restored/lyria__P0166__b10.png,Restored,lyria,lyria:P0166,primary,0
Restored/lyria__P0590__b3.png,Restored,lyria,lyria:P0590,primary,0
Restored/lyria__P0512__b0.png,Restored,lyria,lyria:P0512,primary,0
Restored/lyria__P0310__b6.png,Restored,lyria,lyria:P0310,primary,0
Restored/lyria__P0560__b8.png,Restored,lyria,lyria:P0560,primary,0
Restored/lyria__P0756__b0.png,Restored,lyria,lyria:P0756,primary,0
Restored/lyria__P0282__b1.png,Restored,lyria,lyria:P0282,primary,0
Restored/lyria__P0207__b5.png,Restored,lyria,lyria:P0207,primary,0
Restored/lyria__P0476__b4.png,Restored,lyria,lyria:P0476,primary,0
Restored/lyria__P0315__b0.png,Restored,lyria,lyria:P0315,primary,0
Restored/lyria__P0701__b0.png,Restored,lyria,lyria:P0701,primary,0
Restored/lyria__P0403__b7.png,Restored,lyria,lyria:P0403,primary,0
Restored/lyria__P0373__b2.png,Restored,lyria,lyria:P0373,primary,0
Restored/lyria__P0809__b5.png,Restored,lyria,lyria:P0809,primary,0
Restored/lyria__P0198__b2.png,Restored,lyria,lyria:P0198,primary,0
Restored/lyria__P0121__b3.png,Restored,lyria,lyria:P0121,primary,0
Restored/lyria__P0599__b0.png,Restored,lyria,lyria:P0599,primary,0
Restored/lyria__P0323__b1.png,Restored,lyria,lyria:P0323,primary,0
Restored/lyria__P0234__b5.png,Restored,lyria,lyria:P0234,primary,0
Restored/lyria__P0100__b11.png,Restored,lyria,lyria:P0100,primary,0
Restored/lyria__P0449__b0.png,Restored,lyria,lyria:P0449,primary,0
Restored/lyria__P0572__b9.png,Restored,lyria,lyria:P0572,primary,0
Restored/lyria__P0597__b0.png,Restored,lyria,lyria:P0597,primary,0
Restored/lyria__P0804__b2.png,Restored,lyria,lyria:P0804,primary,0
Restored/lyria__P0643__b0.png,Restored,lyria,lyria:P0643,primary,0
Restored/lyria__P0364__b5.png,Restored,lyria,lyria:P0364,primary,0
Restored/lyria__P0293__b0.png,Restored,lyria,lyria:P0293,primary,0
Restored/lyria__P0747__b0.png,Restored,lyria,lyria:P0747,primary,0
Restored/lyria__P0381__b2.png,Restored,lyria,lyria:P0381,primary,0
Restored/lyria__P0592__b4.png,Restored,lyria,lyria:P0592,primary,0
Restored/lyria__P0639__b2.png,Restored,lyria,lyria:P0639,primary,0
Restored/lyria__P0776__b9.png,Restored,lyria,lyria:P0776,primary,0
Restored/lyria__P0638__b2.png,Restored,lyria,lyria:P0638,primary,0
Restored/lyria__P0266__b9.png,Restored,lyria,lyria:P0266,primary,0
Restored/lyria__P0714__b15.png,Restored,lyria,lyria:P0714,primary,0
Restored/lyria__P0347__b7.png,Restored,lyria,lyria:P0347,primary,0
Restored/lyria__P0125__b1.png,Restored,lyria,lyria:P0125,primary,0
Restored/lyria__P0239__b6.png,Restored,lyria,lyria:P0239,primary,0
Restored/lyria__P0797__b9.png,Restored,lyria,lyria:P0797,primary,0
Restored/lyria__P0172__b0.png,Restored,lyria,lyria:P0172,primary,0
Restored/lyria__P0248__b2.png,Restored,lyria,lyria:P0248,primary,0
Restored/lyria__P0272__b11.png,Restored,lyria,lyria:P0272,primary,0
Restored/lyria__P0755__b3.png,Restored,lyria,lyria:P0755,primary,0
Restored/lyria__P0538__b3.png,Restored,lyria,lyria:P0538,primary,0
Restored/lyria__P0186__b11.png,Restored,lyria,lyria:P0186,primary,0
Restored/lyria__P0154__b3.png,Restored,lyria,lyria:P0154,primary,0
Restored/lyria__P0645__b4.png,Restored,lyria,lyria:P0645,primary,0
Restored/lyria__P0691__b9.png,Restored,lyria,lyria:P0691,primary,0
Restored/lyria__P0196__b8.png,Restored,lyria,lyria:P0196,primary,0
Restored/lyria__P0575__b4.png,Restored,lyria,lyria:P0575,primary,0
Restored/lyria__P0727__b0.png,Restored,lyria,lyria:P0727,primary,0
Restored/lyria__P0317__b4.png,Restored,lyria,lyria:P0317,primary,0
Restored/lyria__P0675__b12.png,Restored,lyria,lyria:P0675,primary,0
Restored/lyria__P0292__b6.png,Restored,lyria,lyria:P0292,primary,0
Restored/lyria__P0793__b2.png,Restored,lyria,lyria:P0793,primary,0
Restored/lyria__P0790__b3.png,Restored,lyria,lyria:P0790,primary,0
Restored/lyria__P0464__b6.png,Restored,lyria,lyria:P0464,primary,0
Restored/lyria__P0514__b0.png,Restored,lyria,lyria:P0514,primary,0
Restored/lyria__P0044__b0.png,Restored,lyria,lyria:P0044,primary,0
Restored/lyria__P0726__b1.png,Restored,lyria,lyria:P0726,primary,0
Restored/lyria__P0751__b5.png,Restored,lyria,lyria:P0751,primary,0
Restored/lyria__P0194__b5.png,Restored,lyria,lyria:P0194,primary,0
Restored/lyria__P0598__b1.png,Restored,lyria,lyria:P0598,primary,0
Restored/lyria__P0152__b9.png,Restored,lyria,lyria:P0152,primary,0
Restored/lyria__P0554__b4.png,Restored,lyria,lyria:P0554,primary,0
Restored/lyria__P0674__b0.png,Restored,lyria,lyria:P0674,primary,0
Restored/lyria__P0085__b5.png,Restored,lyria,lyria:P0085,primary,0
Restored/lyria__P0047__b0.png,Restored,lyria,lyria:P0047,primary,0
Restored/lyria__P0068__b3.png,Restored,lyria,lyria:P0068,primary,0
Restored/lyria__P0216__b1.png,Restored,lyria,lyria:P0216,primary,0
Restored/lyria__P0799__b1.png,Restored,lyria,lyria:P0799,primary,0
Restored/lyria__P0763__b4.png,Restored,lyria,lyria:P0763,primary,0
Restored/lyria__P0644__b0.png,Restored,lyria,lyria:P0644,primary,0
Restored/lyria__P0161__b10.png,Restored,lyria,lyria:P0161,primary,0
Restored/lyria__P0135__b5.png,Restored,lyria,lyria:P0135,primary,0
Restored/lyria__P0589__b0.png,Restored,lyria,lyria:P0589,primary,0
Restored/lyria__P0345__b2.png,Restored,lyria,lyria:P0345,primary,0
Restored/lyria__P0028__b4.png,Restored,lyria,lyria:P0028,primary,0
Restored/lyria__P0603__b11.png,Restored,lyria,lyria:P0603,primary,0
Restored/lyria__P0762__b5.png,Restored,lyria,lyria:P0762,primary,0
Restored/lyria__P0179__b9.png,Restored,lyria,lyria:P0179,primary,0
Restored/lyria__P0056__b0.png,Restored,lyria,lyria:P0056,primary,0
Restored/lyria__P0802__b7.png,Restored,lyria,lyria:P0802,primary,0
Restored/lyria__P0150__b1.png,Restored,lyria,lyria:P0150,primary,0
Restored/lyria__P0475__b2.png,Restored,lyria,lyria:P0475,primary,0
Restored/lyria__P0783__b10.png,Restored,lyria,lyria:P0783,primary,0
Restored/lyria__P0723__b5.png,Restored,lyria,lyria:P0723,primary,0
Restored/lyria__P0618__b1.png,Restored,lyria,lyria:P0618,primary,0
Restored/lyria__P0801__b0.png,Restored,lyria,lyria:P0801,primary,0
Restored/lyria__P0022__b1.png,Restored,lyria,lyria:P0022,primary,0
Restored/lyria__P0034__b3.png,Restored,lyria,lyria:P0034,primary,0
Restored/lyria__P0808__b2.png,Restored,lyria,lyria:P0808,primary,0
Restored/lyria__P0453__b1.png,Restored,lyria,lyria:P0453,primary,0
Restored/lyria__P0528__b3.png,Restored,lyria,lyria:P0528,primary,0
Restored/lyria__P0213__b7.png,Restored,lyria,lyria:P0213,primary,0
Restored/lyria__P0289__b14.png,Restored,lyria,lyria:P0289,primary,0
Restored/lyria__P0337__b0.png,Restored,lyria,lyria:P0337,primary,0
Restored/lyria__P0324__b4.png,Restored,lyria,lyria:P0324,primary,0
Restored/lyria__P0779__b3.png,Restored,lyria,lyria:P0779,primary,0
Restored/lyria__P0076__b0.png,Restored,lyria,lyria:P0076,primary,0
Restored/lyria__P0481__b4.png,Restored,lyria,lyria:P0481,primary,0
Restored/lyria__P0709__b4.png,Restored,lyria,lyria:P0709,primary,0
Restored/lyria__P0712__b9.png,Restored,lyria,lyria:P0712,primary,0
Restored/lyria__P0187__b8.png,Restored,lyria,lyria:P0187,primary,0
Restored/lyria__P0141__b1.png,Restored,lyria,lyria:P0141,primary,0
Restored/lyria__P0349__b4.png,Restored,lyria,lyria:P0349,primary,0
Restored/lyria__P0222__b12.png,Restored,lyria,lyria:P0222,primary,0
Restored/lyria__P0084__b17.png,Restored,lyria,lyria:P0084,primary,0
Restored/lyria__P0566__b3.png,Restored,lyria,lyria:P0566,primary,0
Restored/lyria__P0379__b9.png,Restored,lyria,lyria:P0379,primary,0
Restored/lyria__P0252__b3.png,Restored,lyria,lyria:P0252,primary,0
Restored/lyria__P0631__b2.png,Restored,lyria,lyria:P0631,primary,0
Restored/lyria__P0577__b7.png,Restored,lyria,lyria:P0577,primary,0
Restored/lyria__P0218__b4.png,Restored,lyria,lyria:P0218,primary,0
Restored/lyria__P0151__b3.png,Restored,lyria,lyria:P0151,primary,0
Restored/lyria__P0210__b3.png,Restored,lyria,lyria:P0210,primary,0
Restored/lyria__P0335__b1.png,Restored,lyria,lyria:P0335,primary,0
Restored/lyria__P0268__b5.png,Restored,lyria,lyria:P0268,primary,0
Restored/lyria__P0263__b6.png,Restored,lyria,lyria:P0263,primary,0
Restored/lyria__P0276__b0.png,Restored,lyria,lyria:P0276,primary,0
Restored/lyria__P0653__b1.png,Restored,lyria,lyria:P0653,primary,0
Restored/lyria__P0114__b6.png,Restored,lyria,lyria:P0114,primary,0
Restored/lyria__P0635__b8.png,Restored,lyria,lyria:P0635,primary,0
Restored/lyria__P0543__b0.png,Restored,lyria,lyria:P0543,primary,0
Restored/lyria__P0136__b4.png,Restored,lyria,lyria:P0136,primary,0
Restored/lyria__P0426__b5.png,Restored,lyria,lyria:P0426,primary,0
Restored/lyria__P0359__b2.png,Restored,lyria,lyria:P0359,primary,0
Restored/lyria__P0242__b0.png,Restored,lyria,lyria:P0242,primary,0
Restored/lyria__P0061__b1.png,Restored,lyria,lyria:P0061,primary,0
Restored/lyria__P0633__b5.png,Restored,lyria,lyria:P0633,primary,0
Restored/lyria__P0582__b8.png,Restored,lyria,lyria:P0582,primary,0
Restored/lyria__P0113__b1.png,Restored,lyria,lyria:P0113,primary,0
Restored/lyria__P0555__b5.png,Restored,lyria,lyria:P0555,primary,0
Restored/lyria__P0019__b12.png,Restored,lyria,lyria:P0019,primary,0
Restored/lyria__P0197__b2.png,Restored,lyria,lyria:P0197,primary,0
Restored/lyria__P0637__b7.png,Restored,lyria,lyria:P0637,primary,0
Restored/lyria__P0169__b7.png,Restored,lyria,lyria:P0169,primary,0
Restored/lyria__P0195__b3.png,Restored,lyria,lyria:P0195,primary,0
Restored/lyria__P0761__b6.png,Restored,lyria,lyria:P0761,primary,0
Restored/lyria__P0604__b0.png,Restored,lyria,lyria:P0604,primary,0
Restored/lyria__P0294__b4.png,Restored,lyria,lyria:P0294,primary,0
Restored/lyria__P0626__b14.png,Restored,lyria,lyria:P0626,primary,0
Restored/lyria__P0156__b0.png,Restored,lyria,lyria:P0156,primary,0
Restored/lyria__P0676__b0.png,Restored,lyria,lyria:P0676,primary,0
Restored/lyria__P0552__b5.png,Restored,lyria,lyria:P0552,primary,0
Restored/lyria__P0082__b2.png,Restored,lyria,lyria:P0082,primary,0
Restored/lyria__P0131__b8.png,Restored,lyria,lyria:P0131,primary,0
Restored/lyria__P0039__b3.png,Restored,lyria,lyria:P0039,primary,0
Restored/lyria__P0358__b18.png,Restored,lyria,lyria:P0358,primary,0
Restored/lyria__P0170__b6.png,Restored,lyria,lyria:P0170,primary,0
Restored/lyria__P0184__b8.png,Restored,lyria,lyria:P0184,primary,0
Restored/lyria__P0584__b10.png,Restored,lyria,lyria:P0584,primary,0
Restored/lyria__P0422__b5.png,Restored,lyria,lyria:P0422,primary,0
Restored/lyria__P0247__b7.png,Restored,lyria,lyria:P0247,primary,0
Restored/lyria__P0748__b6.png,Restored,lyria,lyria:P0748,primary,0
Restored/lyria__P0362__b0.png,Restored,lyria,lyria:P0362,primary,0
Restored/lyria__P0427__b0.png,Restored,lyria,lyria:P0427,primary,0
Restored/lyria__P0640__b4.png,Restored,lyria,lyria:P0640,primary,0
Restored/lyria__P0129__b0.png,Restored,lyria,lyria:P0129,primary,0
Restored/lyria__P0527__b15.png,Restored,lyria,lyria:P0527,primary,0
Restored/lyria__P0346__b6.png,Restored,lyria,lyria:P0346,primary,0
Restored/lyria__P0764__b1.png,Restored,lyria,lyria:P0764,primary,0
Restored/lyria__P0168__b6.png,Restored,lyria,lyria:P0168,primary,0
Restored/lyria__P0569__b6.png,Restored,lyria,lyria:P0569,primary,0
Restored/lyria__P0471__b3.png,Restored,lyria,lyria:P0471,primary,0
Restored/lyria__P0287__b1.png,Restored,lyria,lyria:P0287,primary,0
Restored/lyria__P0079__b0.png,Restored,lyria,lyria:P0079,primary,0
Restored/lyria__P0501__b1.png,Restored,lyria,lyria:P0501,primary,0
Restored/lyria__P0224__b11.png,Restored,lyria,lyria:P0224,primary,0
Restored/lyria__P0052__b0.png,Restored,lyria,lyria:P0052,primary,0
Restored/lyria__P0327__b0.png,Restored,lyria,lyria:P0327,primary,0
Restored/lyria__P0455__b5.png,Restored,lyria,lyria:P0455,primary,0
Restored/lyria__P0046__b5.png,Restored,lyria,lyria:P0046,primary,0
Restored/lyria__P0612__b2.png,Restored,lyria,lyria:P0612,primary,0
Restored/lyria__P0356__b3.png,Restored,lyria,lyria:P0356,primary,0
Restored/lyria__P0377__b7.png,Restored,lyria,lyria:P0377,primary,0
Restored/lyria__P0160__b10.png,Restored,lyria,lyria:P0160,primary,0
Restored/lyria__P0596__b7.png,Restored,lyria,lyria:P0596,primary,0
Restored/lyria__P0669__b1.png,Restored,lyria,lyria:P0669,primary,0
Restored/lyria__P0545__b3.png,Restored,lyria,lyria:P0545,primary,0
Restored/lyria__P0099__b6.png,Restored,lyria,lyria:P0099,primary,0
Restored/lyria__P0641__b14.png,Restored,lyria,lyria:P0641,primary,0
Restored/lyria__P0188__b2.png,Restored,lyria,lyria:P0188,primary,0
Restored/lyria__P0255__b3.png,Restored,lyria,lyria:P0255,primary,0
Restored/lyria__P0728__b0.png,Restored,lyria,lyria:P0728,primary,0
Restored/lyria__P0120__b2.png,Restored,lyria,lyria:P0120,primary,0
Restored/lyria__P0089__b5.png,Restored,lyria,lyria:P0089,primary,0
Restored/lyria__P0060__b0.png,Restored,lyria,lyria:P0060,primary,0
Restored/lyria__P0211__b9.png,Restored,lyria,lyria:P0211,primary,0
Restored/lyria__P0163__b0.png,Restored,lyria,lyria:P0163,primary,0
Restored/lyria__P0525__b3.png,Restored,lyria,lyria:P0525,primary,0
Restored/lyria__P0348__b14.png,Restored,lyria,lyria:P0348,primary,0
Restored/lyria__P0663__b2.png,Restored,lyria,lyria:P0663,primary,0
Restored/lyria__P0546__b5.png,Restored,lyria,lyria:P0546,primary,0
Restored/lyria__P0583__b3.png,Restored,lyria,lyria:P0583,primary,0
Restored/lyria__P0190__b0.png,Restored,lyria,lyria:P0190,primary,0
Restored/lyria__P0523__b6.png,Restored,lyria,lyria:P0523,primary,0
Restored/lyria__P0270__b4.png,Restored,lyria,lyria:P0270,primary,0
Restored/lyria__P0749__b0.png,Restored,lyria,lyria:P0749,primary,0
Restored/lyria__P0651__b4.png,Restored,lyria,lyria:P0651,primary,0
Restored/lyria__P0711__b0.png,Restored,lyria,lyria:P0711,primary,0
Restored/lyria__P0725__b5.png,Restored,lyria,lyria:P0725,primary,0
Restored/lyria__P0459__b2.png,Restored,lyria,lyria:P0459,primary,0
Restored/lyria__P0448__b0.png,Restored,lyria,lyria:P0448,primary,0
Restored/lyria__P0297__b10.png,Restored,lyria,lyria:P0297,primary,0
Restored/lyria__P0231__b1.png,Restored,lyria,lyria:P0231,primary,0
Restored/lyria__P0380__b0.png,Restored,lyria,lyria:P0380,primary,0
Restored/lyria__P0049__b10.png,Restored,lyria,lyria:P0049,primary,0
Restored/lyria__P0401__b9.png,Restored,lyria,lyria:P0401,primary,0
Restored/lyria__P0649__b2.png,Restored,lyria,lyria:P0649,primary,0
Restored/lyria__P0794__b2.png,Restored,lyria,lyria:P0794,primary,0
Restored/lyria__P0227__b8.png,Restored,lyria,lyria:P0227,primary,0
Restored/lyria__P0586__b5.png,Restored,lyria,lyria:P0586,primary,0
Restored/lyria__P0106__b3.png,Restored,lyria,lyria:P0106,primary,0
Restored/lyria__P0109__b11.png,Restored,lyria,lyria:P0109,primary,0
Restored/lyria__P0766__b6.png,Restored,lyria,lyria:P0766,primary,0
Restored/lyria__P0436__b4.png,Restored,lyria,lyria:P0436,primary,0
Restored/lyria__P0062__b9.png,Restored,lyria,lyria:P0062,primary,0
Restored/lyria__P0277__b0.png,Restored,lyria,lyria:P0277,primary,0
Restored/lyria__P0378__b2.png,Restored,lyria,lyria:P0378,primary,0
Restored/lyria__P0741__b4.png,Restored,lyria,lyria:P0741,primary,0
Restored/lyria__P0182__b1.png,Restored,lyria,lyria:P0182,primary,0
Restored/lyria__P0791__b1.png,Restored,lyria,lyria:P0791,primary,0
Restored/lyria__P0072__b12.png,Restored,lyria,lyria:P0072,primary,0
Restored/lyria__P0680__b1.png,Restored,lyria,lyria:P0680,primary,0
Restored/lyria__P0322__b0.png,Restored,lyria,lyria:P0322,primary,0
Restored/lyria__P0559__b3.png,Restored,lyria,lyria:P0559,primary,0
Restored/lyria__P0792__b4.png,Restored,lyria,lyria:P0792,primary,0
Restored/lyria__P0278__b0.png,Restored,lyria,lyria:P0278,primary,0
Restored/lyria__P0398__b7.png,Restored,lyria,lyria:P0398,primary,0
Restored/lyria__P0053__b0.png,Restored,lyria,lyria:P0053,primary,0
Restored/lyria__P0246__b4.png,Restored,lyria,lyria:P0246,primary,0
Restored/lyria__P0321__b6.png,Restored,lyria,lyria:P0321,primary,0
Restored/lyria__P0600__b2.png,Restored,lyria,lyria:P0600,primary,0
Restored/lyria__P0702__b11.png,Restored,lyria,lyria:P0702,primary,0
Restored/lyria__P0564__b5.png,Restored,lyria,lyria:P0564,primary,0
Restored/lyria__P0332__b4.png,Restored,lyria,lyria:P0332,primary,0
Restored/lyria__P0361__b7.png,Restored,lyria,lyria:P0361,primary,0
Restored/lyria__P0050__b10.png,Restored,lyria,lyria:P0050,primary,0
Restored/lyria__P0562__b6.png,Restored,lyria,lyria:P0562,primary,0
Restored/lyria__P0423__b2.png,Restored,lyria,lyria:P0423,primary,0
Restored/lyria__P0752__b3.png,Restored,lyria,lyria:P0752,primary,0
Restored/lyria__P0775__b1.png,Restored,lyria,lyria:P0775,primary,0
Restored/lyria__P0443__b10.png,Restored,lyria,lyria:P0443,primary,0
Restored/lyria__P0334__b5.png,Restored,lyria,lyria:P0334,primary,0
Restored/lyria__P0389__b1.png,Restored,lyria,lyria:P0389,primary,0
Restored/lyria__P0008__b13.png,Restored,lyria,lyria:P0008,primary,0
Restored/lyria__P0498__b1.png,Restored,lyria,lyria:P0498,primary,0
Restored/lyria__P0111__b0.png,Restored,lyria,lyria:P0111,primary,0
Restored/lyria__P0208__b0.png,Restored,lyria,lyria:P0208,primary,0
Restored/lyria__P0753__b6.png,Restored,lyria,lyria:P0753,primary,0
Restored/lyria__P0648__b16.png,Restored,lyria,lyria:P0648,primary,0
Restored/lyria__P0595__b4.png,Restored,lyria,lyria:P0595,primary,0
Restored/lyria__P0029__b1.png,Restored,lyria,lyria:P0029,primary,0
Restored/lyria__P0620__b10.png,Restored,lyria,lyria:P0620,primary,0
Restored/lyria__P0703__b0.png,Restored,lyria,lyria:P0703,primary,0
Restored/lyria__P0784__b21.png,Restored,lyria,lyria:P0784,primary,0
Restored/lyria__P0425__b5.png,Restored,lyria,lyria:P0425,primary,0
Restored/lyria__P0634__b2.png,Restored,lyria,lyria:P0634,primary,0
Restored/lyria__P0781__b14.png,Restored,lyria,lyria:P0781,primary,0
Restored/lyria__P0550__b3.png,Restored,lyria,lyria:P0550,primary,0
Restored/lyria__P0098__b4.png,Restored,lyria,lyria:P0098,primary,0
Restored/lyria__P0214__b15.png,Restored,lyria,lyria:P0214,primary,0
Restored/lyria__P0393__b9.png,Restored,lyria,lyria:P0393,primary,0
Restored/lyria__P0267__b3.png,Restored,lyria,lyria:P0267,primary,0
Restored/lyria__P0115__b1.png,Restored,lyria,lyria:P0115,primary,0
Restored/lyria__P0743__b5.png,Restored,lyria,lyria:P0743,primary,0
Restored/lyria__P0171__b3.png,Restored,lyria,lyria:P0171,primary,0
Restored/lyria__P0319__b1.png,Restored,lyria,lyria:P0319,primary,0
Restored/lyria__P0133__b2.png,Restored,lyria,lyria:P0133,primary,0
Restored/lyria__P0140__b3.png,Restored,lyria,lyria:P0140,primary,0
Restored/lyria__P0025__b3.png,Restored,lyria,lyria:P0025,primary,0
Restored/lyria__P0064__b3.png,Restored,lyria,lyria:P0064,primary,0
Restored/lyria__P0624__b1.png,Restored,lyria,lyria:P0624,primary,0
Restored/lyria__P0274__b7.png,Restored,lyria,lyria:P0274,primary,0
Restored/lyria__P0720__b0.png,Restored,lyria,lyria:P0720,primary,0
Restored/lyria__P0204__b3.png,Restored,lyria,lyria:P0204,primary,0
Restored/lyria__P0625__b9.png,Restored,lyria,lyria:P0625,primary,0
Restored/lyria__P0438__b2.png,Restored,lyria,lyria:P0438,primary,0
Restored/lyria__P0613__b7.png,Restored,lyria,lyria:P0613,primary,0
Restored/lyria__P0661__b1.png,Restored,lyria,lyria:P0661,primary,0
Restored/lyria__P0013__b2.png,Restored,lyria,lyria:P0013,primary,0
Restored/lyria__P0535__b0.png,Restored,lyria,lyria:P0535,primary,0
Restored/lyria__P0440__b8.png,Restored,lyria,lyria:P0440,primary,0
Restored/lyria__P0355__b0.png,Restored,lyria,lyria:P0355,primary,0
Restored/lyria__P0240__b1.png,Restored,lyria,lyria:P0240,primary,0
Restored/lyria__P0416__b7.png,Restored,lyria,lyria:P0416,primary,0
Restored/lyria__P0610__b5.png,Restored,lyria,lyria:P0610,primary,0
Restored/lyria__P0038__b1.png,Restored,lyria,lyria:P0038,primary,0
Restored/lyria__P0754__b1.png,Restored,lyria,lyria:P0754,primary,0
Restored/lyria__P0494__b4.png,Restored,lyria,lyria:P0494,primary,0
Restored/lyria__P0750__b3.png,Restored,lyria,lyria:P0750,primary,0
Restored/lyria__P0611__b5.png,Restored,lyria,lyria:P0611,primary,0
Restored/lyria__P0078__b1.png,Restored,lyria,lyria:P0078,primary,0
Restored/lyria__P0174__b0.png,Restored,lyria,lyria:P0174,primary,0
Restored/lyria__P0092__b2.png,Restored,lyria,lyria:P0092,primary,0
Restored/lyria__P0201__b3.png,Restored,lyria,lyria:P0201,primary,0
Restored/lyria__P0730__b1.png,Restored,lyria,lyria:P0730,primary,0
Restored/lyria__P0126__b11.png,Restored,lyria,lyria:P0126,primary,0
Restored/lyria__P0037__b6.png,Restored,lyria,lyria:P0037,primary,0
Restored/lyria__P0371__b3.png,Restored,lyria,lyria:P0371,primary,0
Restored/lyria__P0395__b3.png,Restored,lyria,lyria:P0395,primary,0
Restored/lyria__P0772__b1.png,Restored,lyria,lyria:P0772,primary,0
Restored/lyria__P0758__b8.png,Restored,lyria,lyria:P0758,primary,0
Restored/lyria__P0451__b2.png,Restored,lyria,lyria:P0451,primary,0
Restored/lyria__P0656__b1.png,Restored,lyria,lyria:P0656,primary,0
Restored/lyria__P0030__b0.png,Restored,lyria,lyria:P0030,primary,0
Restored/lyria__P0357__b6.png,Restored,lyria,lyria:P0357,primary,0
Restored/lyria__P0086__b0.png,Restored,lyria,lyria:P0086,primary,0
Restored/lyria__P0236__b1.png,Restored,lyria,lyria:P0236,primary,0
Restored/lyria__P0788__b2.png,Restored,lyria,lyria:P0788,primary,0
Restored/lyria__P0360__b2.png,Restored,lyria,lyria:P0360,primary,0
Restored/lyria__P0746__b6.png,Restored,lyria,lyria:P0746,primary,0
Restored/lyria__P0382__b3.png,Restored,lyria,lyria:P0382,primary,0
Restored/lyria__P0162__b1.png,Restored,lyria,lyria:P0162,primary,0
Restored/lyria__P0183__b4.png,Restored,lyria,lyria:P0183,primary,0
Restored/lyria__P0699__b5.png,Restored,lyria,lyria:P0699,primary,0
Restored/lyria__P0474__b3.png,Restored,lyria,lyria:P0474,primary,0
Restored/lyria__P0243__b3.png,Restored,lyria,lyria:P0243,primary,0
Restored/lyria__P0780__b4.png,Restored,lyria,lyria:P0780,primary,0
Restored/lyria__P0149__b3.png,Restored,lyria,lyria:P0149,primary,0
Restored/lyria__P0768__b5.png,Restored,lyria,lyria:P0768,primary,0
Restored/lyria__P0679__b6.png,Restored,lyria,lyria:P0679,primary,0
Restored/lyria__P0344__b2.png,Restored,lyria,lyria:P0344,primary,0
Restored/lyria__P0311__b2.png,Restored,lyria,lyria:P0311,primary,0
Restored/lyria__P0016__b1.png,Restored,lyria,lyria:P0016,primary,0
Restored/lyria__P0551__b10.png,Restored,lyria,lyria:P0551,primary,0
Restored/lyria__P0571__b9.png,Restored,lyria,lyria:P0571,primary,0
Restored/lyria__P0606__b5.png,Restored,lyria,lyria:P0606,primary,0
Restored/lyria__P0137__b1.png,Restored,lyria,lyria:P0137,primary,0
Restored/lyria__P0400__b10.png,Restored,lyria,lyria:P0400,primary,0
Restored/lyria__P0433__b1.png,Restored,lyria,lyria:P0433,primary,0
Restored/lyria__P0018__b5.png,Restored,lyria,lyria:P0018,primary,0
Restored/lyria__P0105__b1.png,Restored,lyria,lyria:P0105,primary,0
Restored/lyria__P0203__b1.png,Restored,lyria,lyria:P0203,primary,0
Restored/lyria__P0312__b2.png,Restored,lyria,lyria:P0312,primary,0
Restored/lyria__P0189__b8.png,Restored,lyria,lyria:P0189,primary,0
Restored/lyria__P0759__b3.png,Restored,lyria,lyria:P0759,primary,0
Restored/lyria__P0439__b4.png,Restored,lyria,lyria:P0439,primary,0
Restored/lyria__P0024__b4.png,Restored,lyria,lyria:P0024,primary,0
Restored/lyria__P0165__b2.png,Restored,lyria,lyria:P0165,primary,0
Restored/lyria__P0677__b1.png,Restored,lyria,lyria:P0677,primary,0
Restored/lyria__P0593__b4.png,Restored,lyria,lyria:P0593,primary,0
Restored/lyria__P0376__b1.png,Restored,lyria,lyria:P0376,primary,0
Restored/lyria__P0301__b0.png,Restored,lyria,lyria:P0301,primary,0
Restored/lyria__P0386__b10.png,Restored,lyria,lyria:P0386,primary,0
Restored/lyria__P0608__b1.png,Restored,lyria,lyria:P0608,primary,0
Restored/lyria__P0145__b5.png,Restored,lyria,lyria:P0145,primary,0
Restored/lyria__P0223__b0.png,Restored,lyria,lyria:P0223,primary,0
Restored/lyria__P0708__b1.png,Restored,lyria,lyria:P0708,primary,0
Restored/lyria__P0415__b11.png,Restored,lyria,lyria:P0415,primary,0
Restored/lyria__P0081__b9.png,Restored,lyria,lyria:P0081,primary,0
Restored/lyria__P0740__b3.png,Restored,lyria,lyria:P0740,primary,0
Restored/lyria__P0719__b0.png,Restored,lyria,lyria:P0719,primary,0
Restored/lyria__P0010__b3.png,Restored,lyria,lyria:P0010,primary,0
Restored/lyria__P0483__b4.png,Restored,lyria,lyria:P0483,primary,0
Restored/lyria__P0773__b0.png,Restored,lyria,lyria:P0773,primary,0
Restored/lyria__P0694__b0.png,Restored,lyria,lyria:P0694,primary,0
Restored/lyria__P0112__b2.png,Restored,lyria,lyria:P0112,primary,0
Restored/lyria__P0012__b4.png,Restored,lyria,lyria:P0012,primary,0
Restored/lyria__P0689__b9.png,Restored,lyria,lyria:P0689,primary,0
Restored/lyria__P0529__b1.png,Restored,lyria,lyria:P0529,primary,0
Restored/lyria__P0609__b12.png,Restored,lyria,lyria:P0609,primary,0
Restored/lyria__P0259__b1.png,Restored,lyria,lyria:P0259,primary,0
Restored/lyria__P0540__b3.png,Restored,lyria,lyria:P0540,primary,0
Restored/lyria__P0158__b9.png,Restored,lyria,lyria:P0158,primary,0
Restored/lyria__P0153__b7.png,Restored,lyria,lyria:P0153,primary,0
Restored/lyria__P0777__b6.png,Restored,lyria,lyria:P0777,primary,0
Restored/lyria__P0806__b1.png,Restored,lyria,lyria:P0806,primary,0
Restored/lyria__P0581__b1.png,Restored,lyria,lyria:P0581,primary,0
Restored/lyria__P0177__b2.png,Restored,lyria,lyria:P0177,primary,0
Restored/lyria__P0665__b12.png,Restored,lyria,lyria:P0665,primary,0
Restored/lyria__P0164__b8.png,Restored,lyria,lyria:P0164,primary,0
Restored/lyria__P0023__b0.png,Restored,lyria,lyria:P0023,primary,0
Restored/lyria__P0710__b2.png,Restored,lyria,lyria:P0710,primary,0
Restored/lyria__P0745__b0.png,Restored,lyria,lyria:P0745,primary,0
Restored/lyria__P0486__b1.png,Restored,lyria,lyria:P0486,primary,0
Restored/lyria__P0473__b0.png,Restored,lyria,lyria:P0473,primary,0
Restored/lyria__P0354__b10.png,Restored,lyria,lyria:P0354,primary,0
Restored/lyria__P0668__b0.png,Restored,lyria,lyria:P0668,primary,0
Restored/lyria__P0146__b5.png,Restored,lyria,lyria:P0146,primary,0
Restored/lyria__P0732__b6.png,Restored,lyria,lyria:P0732,primary,0
Restored/lyria__P0736__b15.png,Restored,lyria,lyria:P0736,primary,0
Restored/lyria__P0331__b10.png,Restored,lyria,lyria:P0331,primary,0
Restored/lyria__P0205__b8.png,Restored,lyria,lyria:P0205,primary,0
Restored/lyria__P0553__b9.png,Restored,lyria,lyria:P0553,primary,0
Restored/lyria__P0226__b5.png,Restored,lyria,lyria:P0226,primary,0
Restored/lyria__P0385__b1.png,Restored,lyria,lyria:P0385,primary,0
Restored/lyria__P0662__b2.png,Restored,lyria,lyria:P0662,primary,0
Restored/lyria__P0073__b0.png,Restored,lyria,lyria:P0073,primary,0
Restored/lyria__P0199__b3.png,Restored,lyria,lyria:P0199,primary,0
Restored/lyria__P0533__b12.png,Restored,lyria,lyria:P0533,primary,0
Restored/lyria__P0757__b3.png,Restored,lyria,lyria:P0757,primary,0
Restored/lyria__P0432__b2.png,Restored,lyria,lyria:P0432,primary,0
Restored/lyria__P0286__b0.png,Restored,lyria,lyria:P0286,primary,0
Restored/lyria__P0521__b15.png,Restored,lyria,lyria:P0521,primary,0
Restored/lyria__P0342__b3.png,Restored,lyria,lyria:P0342,primary,0
Restored/lyria__P0424__b0.png,Restored,lyria,lyria:P0424,primary,0
Restored/lyria__P0450__b2.png,Restored,lyria,lyria:P0450,primary,0
Restored/lyria__P0220__b4.png,Restored,lyria,lyria:P0220,primary,0
Restored/lyria__P0021__b5.png,Restored,lyria,lyria:P0021,primary,0
Restored/lyria__P0695__b9.png,Restored,lyria,lyria:P0695,primary,0
Restored/lyria__P0642__b0.png,Restored,lyria,lyria:P0642,primary,0
Restored/lyria__P0413__b5.png,Restored,lyria,lyria:P0413,primary,0
Restored/lyria__P0573__b6.png,Restored,lyria,lyria:P0573,primary,0
Restored/lyria__P0579__b0.png,Restored,lyria,lyria:P0579,primary,0
Restored/lyria__P0027__b5.png,Restored,lyria,lyria:P0027,primary,0
Restored/lyria__P0437__b3.png,Restored,lyria,lyria:P0437,primary,0
Restored/lyria__P0273__b3.png,Restored,lyria,lyria:P0273,primary,0
Restored/lyria__P0328__b2.png,Restored,lyria,lyria:P0328,primary,0
Restored/lyria__P0057__b0.png,Restored,lyria,lyria:P0057,primary,0
Restored/lyria__P0264__b1.png,Restored,lyria,lyria:P0264,primary,0
Restored/lyria__P0041__b0.png,Restored,lyria,lyria:P0041,primary,0
Restored/lyria__P0067__b4.png,Restored,lyria,lyria:P0067,primary,0
Restored/lyria__P0664__b3.png,Restored,lyria,lyria:P0664,primary,0
Restored/lyria__P0280__b0.png,Restored,lyria,lyria:P0280,primary,0
Restored/lyria__P0574__b2.png,Restored,lyria,lyria:P0574,primary,0
Restored/lyria__P0435__b4.png,Restored,lyria,lyria:P0435,primary,0
Restored/lyria__P0051__b1.png,Restored,lyria,lyria:P0051,primary,0
Restored/lyria__P0352__b10.png,Restored,lyria,lyria:P0352,primary,0
Restored/lyria__P0787__b0.png,Restored,lyria,lyria:P0787,primary,0
Restored/lyria__P0685__b12.png,Restored,lyria,lyria:P0685,primary,0
Restored/lyria__P0602__b3.png,Restored,lyria,lyria:P0602,primary,0
Restored/lyria__P0387__b3.png,Restored,lyria,lyria:P0387,primary,0
Restored/lyria__P0765__b1.png,Restored,lyria,lyria:P0765,primary,0
Restored/lyria__P0713__b8.png,Restored,lyria,lyria:P0713,primary,0
Restored/lyria__P0418__b6.png,Restored,lyria,lyria:P0418,primary,0
Restored/lyria__P0724__b7.png,Restored,lyria,lyria:P0724,primary,0
Restored/lyria__P0091__b7.png,Restored,lyria,lyria:P0091,primary,0
Restored/lyria__P0123__b6.png,Restored,lyria,lyria:P0123,primary,0
Restored/lyria__P0235__b2.png,Restored,lyria,lyria:P0235,primary,0
Restored/lyria__P0096__b9.png,Restored,lyria,lyria:P0096,primary,0
Restored/lyria__P0228__b2.png,Restored,lyria,lyria:P0228,primary,0
Restored/lyria__P0480__b1.png,Restored,lyria,lyria:P0480,primary,0
Restored/lyria__P0142__b9.png,Restored,lyria,lyria:P0142,primary,0
Restored/lyria__P0256__b6.png,Restored,lyria,lyria:P0256,primary,0
Restored/lyria__P0681__b3.png,Restored,lyria,lyria:P0681,primary,0
Restored/lyria__P0774__b3.png,Restored,lyria,lyria:P0774,primary,0
Restored/lyria__P0407__b0.png,Restored,lyria,lyria:P0407,primary,0
Restored/lyria__P0108__b8.png,Restored,lyria,lyria:P0108,primary,0
Restored/lyria__P0601__b1.png,Restored,lyria,lyria:P0601,primary,0
Restored/lyria__P0054__b2.png,Restored,lyria,lyria:P0054,primary,0
Restored/lyria__P0518__b7.png,Restored,lyria,lyria:P0518,primary,0
Restored/lyria__P0507__b7.png,Restored,lyria,lyria:P0507,primary,0
Restored/lyria__P0472__b1.png,Restored,lyria,lyria:P0472,primary,0
Restored/lyria__P0059__b6.png,Restored,lyria,lyria:P0059,primary,0
Restored/lyria__P0556__b9.png,Restored,lyria,lyria:P0556,primary,0
Restored/lyria__P0670__b3.png,Restored,lyria,lyria:P0670,primary,0
Restored/lyria__P0003__b1.png,Restored,lyria,lyria:P0003,primary,0
Restored/lyria__P0045__b3.png,Restored,lyria,lyria:P0045,primary,0
Restored/lyria__P0175__b2.png,Restored,lyria,lyria:P0175,primary,0
Restored/lyria__P0406__b4.png,Restored,lyria,lyria:P0406,primary,0
Restored/lyria__P0004__b9.png,Restored,lyria,lyria:P0004,primary,0
Restored/lyria__P0565__b0.png,Restored,lyria,lyria:P0565,primary,0
Restored/lyria__P0627__b10.png,Restored,lyria,lyria:P0627,primary,0
Restored/lyria__P0304__b8.png,Restored,lyria,lyria:P0304,primary,0
Restored/lyria__P0014__b4.png,Restored,lyria,lyria:P0014,primary,0
Restored/lyria__P0167__b13.png,Restored,lyria,lyria:P0167,primary,0
Restored/lyria__P0721__b0.png,Restored,lyria,lyria:P0721,primary,0
Restored/lyria__P0636__b2.png,Restored,lyria,lyria:P0636,primary,0
Restored/lyria__P0508__b3.png,Restored,lyria,lyria:P0508,primary,0
Restored/lyria__P0485__b0.png,Restored,lyria,lyria:P0485,primary,0
Restored/lyria__P0807__b1.png,Restored,lyria,lyria:P0807,primary,0
Restored/lyria__P0696__b3.png,Restored,lyria,lyria:P0696,primary,0
Restored/lyria__P0193__b3.png,Restored,lyria,lyria:P0193,primary,0
Restored/lyria__P0548__b7.png,Restored,lyria,lyria:P0548,primary,0
Restored/lyria__P0007__b8.png,Restored,lyria,lyria:P0007,primary,0
Restored/lyria__P0470__b0.png,Restored,lyria,lyria:P0470,primary,0
Restored/lyria__P0647__b4.png,Restored,lyria,lyria:P0647,primary,0
Restored/lyria__P0368__b0.png,Restored,lyria,lyria:P0368,primary,0
Restored/lyria__P0798__b15.png,Restored,lyria,lyria:P0798,primary,0
Restored/lyria__P0558__b0.png,Restored,lyria,lyria:P0558,primary,0
Restored/lyria__P0048__b1.png,Restored,lyria,lyria:P0048,primary,0
Restored/lyria__P0547__b11.png,Restored,lyria,lyria:P0547,primary,0
Restored/lyria__P0800__b11.png,Restored,lyria,lyria:P0800,primary,0
Restored/lyria__P0245__b0.png,Restored,lyria,lyria:P0245,primary,0
Restored/lyria__P0006__b3.png,Restored,lyria,lyria:P0006,primary,0
Restored/lyria__P0229__b8.png,Restored,lyria,lyria:P0229,primary,0
Restored/lyria__P0372__b1.png,Restored,lyria,lyria:P0372,primary,0
Restored/lyria__P0446__b2.png,Restored,lyria,lyria:P0446,primary,0
Restored/lyria__P0275__b9.png,Restored,lyria,lyria:P0275,primary,0
Restored/lyria__P0219__b6.png,Restored,lyria,lyria:P0219,primary,0
Restored/lyria__P0605__b1.png,Restored,lyria,lyria:P0605,primary,0
Restored/lyria__P0291__b0.png,Restored,lyria,lyria:P0291,primary,0
Restored/lyria__P0066__b7.png,Restored,lyria,lyria:P0066,primary,0
Restored/lyria__P0705__b5.png,Restored,lyria,lyria:P0705,primary,0
Restored/lyria__P0107__b15.png,Restored,lyria,lyria:P0107,primary,0
Restored/lyria__P0260__b8.png,Restored,lyria,lyria:P0260,primary,0
Restored/lyria__P0563__b10.png,Restored,lyria,lyria:P0563,primary,0
Restored/lyria__P0130__b4.png,Restored,lyria,lyria:P0130,primary,0
Restored/lyria__P0307__b0.png,Restored,lyria,lyria:P0307,primary,0
Restored/lyria__P0539__b0.png,Restored,lyria,lyria:P0539,primary,0
Restored/lyria__P0399__b0.png,Restored,lyria,lyria:P0399,primary,0
Restored/lyria__P0769__b9.png,Restored,lyria,lyria:P0769,primary,0
Restored/lyria__P0591__b5.png,Restored,lyria,lyria:P0591,primary,0
Restored/lyria__P0704__b1.png,Restored,lyria,lyria:P0704,primary,0
Restored/lyria__P0173__b4.png,Restored,lyria,lyria:P0173,primary,0
Restored/lyria__P0202__b1.png,Restored,lyria,lyria:P0202,primary,0
Restored/lyria__P0178__b11.png,Restored,lyria,lyria:P0178,primary,0
Restored/lyria__P0478__b2.png,Restored,lyria,lyria:P0478,primary,0
Restored/lyria__P0522__b1.png,Restored,lyria,lyria:P0522,primary,0
Restored/lyria__P0077__b2.png,Restored,lyria,lyria:P0077,primary,0
Restored/lyria__P0017__b1.png,Restored,lyria,lyria:P0017,primary,0
Restored/lyria__P0652__b4.png,Restored,lyria,lyria:P0652,primary,0
Restored/lyria__P0659__b1.png,Restored,lyria,lyria:P0659,primary,0
Restored/lyria__P0744__b2.png,Restored,lyria,lyria:P0744,primary,0
Restored/lyria__P0516__b2.png,Restored,lyria,lyria:P0516,primary,0
Restored/lyria__P0296__b2.png,Restored,lyria,lyria:P0296,primary,0
Restored/lyria__P0489__b4.png,Restored,lyria,lyria:P0489,primary,0
Restored/lyria__P0011__b15.png,Restored,lyria,lyria:P0011,primary,0
Restored/lyria__P0083__b9.png,Restored,lyria,lyria:P0083,primary,0
Restored/lyria__P0281__b8.png,Restored,lyria,lyria:P0281,primary,0
Restored/lyria__P0217__b4.png,Restored,lyria,lyria:P0217,primary,0
Restored/lyria__P0430__b1.png,Restored,lyria,lyria:P0430,primary,0
Restored/lyria__P0445__b2.png,Restored,lyria,lyria:P0445,primary,0
Restored/lyria__P0760__b1.png,Restored,lyria,lyria:P0760,primary,0
Restored/lyria__P0284__b0.png,Restored,lyria,lyria:P0284,primary,0
Restored/lyria__P0026__b0.png,Restored,lyria,lyria:P0026,primary,0
Restored/lyria__P0628__b7.png,Restored,lyria,lyria:P0628,primary,0
Restored/lyria__P0262__b3.png,Restored,lyria,lyria:P0262,primary,0
Restored/lyria__P0316__b13.png,Restored,lyria,lyria:P0316,primary,0
Restored/lyria__P0369__b4.png,Restored,lyria,lyria:P0369,primary,0
Restored/lyria__P0329__b0.png,Restored,lyria,lyria:P0329,primary,0
Restored/lyria__P0122__b1.png,Restored,lyria,lyria:P0122,primary,0
Restored/lyria__P0005__b14.png,Restored,lyria,lyria:P0005,primary,0
Restored/lyria__P0155__b1.png,Restored,lyria,lyria:P0155,primary,0
Restored/lyria__P0706__b1.png,Restored,lyria,lyria:P0706,primary,0
Restored/lyria__P0778__b4.png,Restored,lyria,lyria:P0778,primary,0
Restored/lyria__P0118__b2.png,Restored,lyria,lyria:P0118,primary,0
Restored/lyria__P0032__b4.png,Restored,lyria,lyria:P0032,primary,0
Restored/lyria__P0698__b8.png,Restored,lyria,lyria:P0698,primary,0
Restored/lyria__P0530__b8.png,Restored,lyria,lyria:P0530,primary,0
Restored/lyria__P0271__b7.png,Restored,lyria,lyria:P0271,primary,0
Restored/lyria__P0148__b3.png,Restored,lyria,lyria:P0148,primary,0
Restored/lyria__P0421__b3.png,Restored,lyria,lyria:P0421,primary,0
Restored/lyria__P0718__b5.png,Restored,lyria,lyria:P0718,primary,0
Restored/lyria__P0279__b8.png,Restored,lyria,lyria:P0279,primary,0
Restored/lyria__P0655__b5.png,Restored,lyria,lyria:P0655,primary,0
Restored/lyria__P0103__b4.png,Restored,lyria,lyria:P0103,primary,0
Restored/lyria__P0071__b0.png,Restored,lyria,lyria:P0071,primary,0
Restored/lyria__P0434__b2.png,Restored,lyria,lyria:P0434,primary,0
Restored/lyria__P0384__b11.png,Restored,lyria,lyria:P0384,primary,0
Restored/lyria__P0181__b1.png,Restored,lyria,lyria:P0181,primary,0
Restored/lyria__P0288__b4.png,Restored,lyria,lyria:P0288,primary,0
Restored/lyria__P0462__b0.png,Restored,lyria,lyria:P0462,primary,0
Restored/lyria__P0632__b11.png,Restored,lyria,lyria:P0632,primary,0
Restored/lyria__P0308__b2.png,Restored,lyria,lyria:P0308,primary,0
Restored/lyria__P0404__b11.png,Restored,lyria,lyria:P0404,primary,0
Restored/lyria__P0119__b7.png,Restored,lyria,lyria:P0119,primary,0
Restored/lyria__P0244__b1.png,Restored,lyria,lyria:P0244,primary,0
Restored/lyria__P0735__b15.png,Restored,lyria,lyria:P0735,primary,0
Restored/lyria__P0063__b1.png,Restored,lyria,lyria:P0063,primary,0
Restored/lyria__P0080__b1.png,Restored,lyria,lyria:P0080,primary,0
Restored/lyria__P0350__b1.png,Restored,lyria,lyria:P0350,primary,0
Restored/lyria__P0363__b0.png,Restored,lyria,lyria:P0363,primary,0
Restored/lyria__P0576__b1.png,Restored,lyria,lyria:P0576,primary,0
Restored/lyria__P0221__b14.png,Restored,lyria,lyria:P0221,primary,0
Restored/lyria__P0509__b0.png,Restored,lyria,lyria:P0509,primary,0
Restored/lyria__P0650__b2.png,Restored,lyria,lyria:P0650,primary,0
Restored/lyria__P0298__b1.png,Restored,lyria,lyria:P0298,primary,0
Restored/lyria__P0157__b2.png,Restored,lyria,lyria:P0157,primary,0
Restored/lyria__P0370__b18.png,Restored,lyria,lyria:P0370,primary,0
Restored/lyria__P0805__b4.png,Restored,lyria,lyria:P0805,primary,0
Restored/lyria__P0417__b4.png,Restored,lyria,lyria:P0417,primary,0
Restored/lyria__P0176__b0.png,Restored,lyria,lyria:P0176,primary,0
Restored/lyria__P0233__b9.png,Restored,lyria,lyria:P0233,primary,0
Restored/lyria__P0510__b0.png,Restored,lyria,lyria:P0510,primary,0
Restored/lyria__P0206__b11.png,Restored,lyria,lyria:P0206,primary,0
Restored/lyria__P0617__b2.png,Restored,lyria,lyria:P0617,primary,0
Restored/lyria__P0465__b0.png,Restored,lyria,lyria:P0465,primary,0
Restored/lyria__P0290__b4.png,Restored,lyria,lyria:P0290,primary,0
Restored/lyria__P0110__b1.png,Restored,lyria,lyria:P0110,primary,0
Restored/lyria__P0657__b1.png,Restored,lyria,lyria:P0657,primary,0
Restored/lyria__P0654__b4.png,Restored,lyria,lyria:P0654,primary,0
Restored/lyria__P0557__b6.png,Restored,lyria,lyria:P0557,primary,0
Restored/lyria__P0043__b1.png,Restored,lyria,lyria:P0043,primary,0
Restored/lyria__P0666__b2.png,Restored,lyria,lyria:P0666,primary,0
Restored/lyria__P0232__b3.png,Restored,lyria,lyria:P0232,primary,0
Restored/lyria__P0009__b0.png,Restored,lyria,lyria:P0009,primary,0
Restored/lyria__P0325__b0.png,Restored,lyria,lyria:P0325,primary,0
Restored/lyria__P0697__b0.png,Restored,lyria,lyria:P0697,primary,0
Restored/lyria__P0341__b1.png,Restored,lyria,lyria:P0341,primary,0
Restored/lyria__P0326__b1.png,Restored,lyria,lyria:P0326,primary,0
Restored/lyria__P0537__b4.png,Restored,lyria,lyria:P0537,primary,0
Restored/lyria__P0230__b16.png,Restored,lyria,lyria:P0230,primary,0
Restored/lyria__P0265__b1.png,Restored,lyria,lyria:P0265,primary,0
Restored/lyria__P0033__b5.png,Restored,lyria,lyria:P0033,primary,0
Restored/lyria__P0678__b1.png,Restored,lyria,lyria:P0678,primary,0
Restored/lyria__P0200__b4.png,Restored,lyria,lyria:P0200,primary,0
Restored/lyria__P0116__b0.png,Restored,lyria,lyria:P0116,primary,0
Restored/lyria__P0414__b12.png,Restored,lyria,lyria:P0414,primary,0
Restored/lyria__P0570__b0.png,Restored,lyria,lyria:P0570,primary,0
Restored/lyria__P0716__b11.png,Restored,lyria,lyria:P0716,primary,0
Restored/lyria__P0568__b0.png,Restored,lyria,lyria:P0568,primary,0
Restored/lyria__P0390__b1.png,Restored,lyria,lyria:P0390,primary,0
Restored/lyria__P0391__b3.png,Restored,lyria,lyria:P0391,primary,0
Restored/lyria__P0191__b2.png,Restored,lyria,lyria:P0191,primary,0
Restored/lyria__P0520__b3.png,Restored,lyria,lyria:P0520,primary,0
Restored/lyria__P0058__b1.png,Restored,lyria,lyria:P0058,primary,0
Restored/lyria__P0707__b0.png,Restored,lyria,lyria:P0707,primary,0
Restored/lyria__P0241__b7.png,Restored,lyria,lyria:P0241,primary,0
Restored/lyria__P0622__b0.png,Restored,lyria,lyria:P0622,primary,0
Restored/lyria__P0683__b4.png,Restored,lyria,lyria:P0683,primary,0
Restored/lyria__P0692__b6.png,Restored,lyria,lyria:P0692,primary,0
Restored/lyria__P0519__b0.png,Restored,lyria,lyria:P0519,primary,0
Restored/lyria__P0366__b5.png,Restored,lyria,lyria:P0366,primary,0
Restored/lyria__P0402__b3.png,Restored,lyria,lyria:P0402,primary,0
Restored/lyria__P0042__b4.png,Restored,lyria,lyria:P0042,primary,0
Restored/lyria__P0411__b0.png,Restored,lyria,lyria:P0411,primary,0
Restored/lyria__P0524__b5.png,Restored,lyria,lyria:P0524,primary,0
crops/463__t00.png,Restored,tufts,tufts:463,reviewed,0
crops/62__t20.png,Implant,tufts,tufts:62,reviewed,0
crops/31__t22.png,Restored,tufts,tufts:31,reviewed,1
crops/151__t01.png,Impacted,tufts,tufts:151,reviewed,0
crops/86__t02.png,Healthy,tufts,tufts:86,reviewed,0
crops/465__t21.png,Implant,tufts,tufts:465,reviewed,1
crops/24__t01.png,Restored,tufts,tufts:24,reviewed,0
crops/786__t21.png,Impacted,tufts,tufts:786,reviewed,0
crops/309__t20.png,Implant,tufts,tufts:309,reviewed,0
crops/786__t26.png,Impacted,tufts,tufts:786,reviewed,0
crops/454__t10.png,Restored,tufts,tufts:454,reviewed,0
crops/314__t00.png,Impacted,tufts,tufts:314,reviewed,0
crops/347__t14.png,Restored,tufts,tufts:347,reviewed,1
crops/641__t08.png,Restored,tufts,tufts:641,reviewed,0
crops/611__t00.png,Restored,tufts,tufts:611,reviewed,0
crops/239__t31.png,Impacted,tufts,tufts:239,reviewed,0
crops/869__t06.png,Implant,tufts,tufts:869,reviewed,0
crops/143__t00.png,Impacted,tufts,tufts:143,reviewed,0
crops/479__t00.png,Healthy,tufts,tufts:479,reviewed,0
crops/695__t10.png,Healthy,tufts,tufts:695,reviewed,1
crops/759__t11.png,Implant,tufts,tufts:759,reviewed,0
crops/1035__t24.png,Restored,tufts,tufts:1035,reviewed,0
crops/860__t11.png,Endodontics,tufts,tufts:860,reviewed,0
crops/600__t14.png,Restored,tufts,tufts:600,reviewed,0
crops/962__t01.png,Implant,tufts,tufts:962,reviewed,0
crops/87__t31.png,Impacted,tufts,tufts:87,reviewed,0
crops/425__t31.png,Impacted,tufts,tufts:425,reviewed,0
crops/558__t26.png,Healthy,tufts,tufts:558,reviewed,0
crops/71__t00.png,Impacted,tufts,tufts:71,reviewed,0
crops/556__t00.png,Restored,tufts,tufts:556,reviewed,0
crops/851__t06.png,Implant,tufts,tufts:851,reviewed,0
crops/940__t09.png,Healthy,tufts,tufts:940,reviewed,0
crops/458__t21.png,Impacted,tufts,tufts:458,reviewed,0
crops/576__t10.png,Implant,tufts,tufts:576,reviewed,0
crops/431__t10.png,Restored,tufts,tufts:431,reviewed,0
crops/63__t18.png,Restored,tufts,tufts:63,reviewed,0
crops/306__t00.png,Impacted,tufts,tufts:306,reviewed,0
crops/830__t20.png,Restored,tufts,tufts:830,reviewed,1
crops/665__t28.png,Impacted,tufts,tufts:665,reviewed,0
crops/260__t00.png,Impacted,tufts,tufts:260,reviewed,0
crops/622__t00.png,Restored,tufts,tufts:622,reviewed,0
crops/382__t22.png,Healthy,tufts,tufts:382,reviewed,0
crops/894__t02.png,Implant,tufts,tufts:894,reviewed,0
crops/540__t01.png,Implant,tufts,tufts:540,reviewed,0
crops/907__t18.png,Restored,tufts,tufts:907,reviewed,0
crops/453__t00.png,Impacted,tufts,tufts:453,reviewed,0
crops/979__t10.png,Healthy,tufts,tufts:979,reviewed,0
crops/553__t18.png,Restored,tufts,tufts:553,reviewed,0
crops/152__t00.png,Impacted,tufts,tufts:152,reviewed,0
crops/982__t00.png,Healthy,tufts,tufts:982,reviewed,0
crops/672__t00.png,Implant,tufts,tufts:672,reviewed,0
crops/987__t04.png,Implant,tufts,tufts:987,reviewed,0
crops/715__t02.png,Healthy,tufts,tufts:715,reviewed,0
crops/445__t04.png,Endodontics,tufts,tufts:445,reviewed,0
crops/441__t05.png,Implant,tufts,tufts:441,reviewed,0
crops/869__t02.png,Implant,tufts,tufts:869,reviewed,0
crops/548__t29.png,Impacted,tufts,tufts:548,reviewed,0
crops/311__t02.png,Implant,tufts,tufts:311,reviewed,1
crops/808__t21.png,Implant,tufts,tufts:808,reviewed,0
crops/214__t02.png,Restored,tufts,tufts:214,reviewed,0
crops/876__t19.png,Restored,tufts,tufts:876,reviewed,0
crops/62__t24.png,Implant,tufts,tufts:62,reviewed,0
crops/88__t31.png,Impacted,tufts,tufts:88,reviewed,0
crops/386__t19.png,Restored,tufts,tufts:386,reviewed,0
crops/814__t01.png,Healthy,tufts,tufts:814,reviewed,0
crops/933__t01.png,Impacted,tufts,tufts:933,reviewed,0
crops/246__t00.png,Impacted,tufts,tufts:246,reviewed,0
crops/219__t27.png,Impacted,tufts,tufts:219,reviewed,0
crops/277__t01.png,Impacted,tufts,tufts:277,reviewed,0
crops/441__t08.png,Implant,tufts,tufts:441,reviewed,0
crops/264__t30.png,Impacted,tufts,tufts:264,reviewed,0
crops/481__t00.png,Impacted,tufts,tufts:481,reviewed,0
crops/842__t02.png,Implant,tufts,tufts:842,reviewed,0
crops/215__t15.png,Restored,tufts,tufts:215,reviewed,0
crops/116__t03.png,Implant,tufts,tufts:116,reviewed,0
crops/255__t18.png,Restored,tufts,tufts:255,reviewed,0
crops/604__t01.png,Restored,tufts,tufts:604,reviewed,0
crops/571__t04.png,Restored,tufts,tufts:571,reviewed,0
crops/824__t18.png,Healthy,tufts,tufts:824,reviewed,0
crops/440__t00.png,Impacted,tufts,tufts:440,reviewed,1
crops/294__t05.png,Restored,tufts,tufts:294,reviewed,0
crops/630__t00.png,Impacted,tufts,tufts:630,reviewed,0
crops/746__t03.png,Implant,tufts,tufts:746,reviewed,1
crops/286__t25.png,Restored,tufts,tufts:286,reviewed,0
crops/444__t01.png,Endodontics,tufts,tufts:444,reviewed,0
crops/536__t15.png,Implant,tufts,tufts:536,reviewed,0
crops/760__t02.png,Restored,tufts,tufts:760,reviewed,0
crops/72__t07.png,Implant,tufts,tufts:72,reviewed,1
crops/729__t21.png,Restored,tufts,tufts:729,reviewed,0
crops/961__t01.png,Impacted,tufts,tufts:961,reviewed,0
crops/667__t16.png,Impacted,tufts,tufts:667,reviewed,0
crops/236__t00.png,Impacted,tufts,tufts:236,reviewed,0
crops/404__t25.png,Healthy,tufts,tufts:404,reviewed,0
crops/985__t00.png,Impacted,tufts,tufts:985,reviewed,0
crops/193__t25.png,Healthy,tufts,tufts:193,reviewed,0
crops/429__t00.png,Impacted,tufts,tufts:429,reviewed,0
crops/58__t16.png,Healthy,tufts,tufts:58,reviewed,0
crops/957__t11.png,Restored,tufts,tufts:957,reviewed,0
crops/963__t30.png,Impacted,tufts,tufts:963,reviewed,0
crops/535__t22.png,Endodontics,tufts,tufts:535,reviewed,0
crops/51__t29.png,Healthy,tufts,tufts:51,reviewed,0
crops/690__t30.png,Impacted,tufts,tufts:690,reviewed,0
crops/423__t00.png,Impacted,tufts,tufts:423,reviewed,0
crops/93__t28.png,Implant,tufts,tufts:93,reviewed,0
crops/88__t00.png,Impacted,tufts,tufts:88,reviewed,0
crops/567__t15.png,Healthy,tufts,tufts:567,reviewed,0
crops/549__t01.png,Impacted,tufts,tufts:549,reviewed,0
crops/131__t12.png,Restored,tufts,tufts:131,reviewed,0
crops/493__t33.png,Impacted,tufts,tufts:493,reviewed,0
crops/135__t18.png,Endodontics,tufts,tufts:135,reviewed,0
crops/132__t00.png,Impacted,tufts,tufts:132,reviewed,0
crops/498__t18.png,Healthy,tufts,tufts:498,reviewed,0
crops/380__t22.png,Endodontics,tufts,tufts:380,reviewed,0
crops/122__t00.png,Impacted,tufts,tufts:122,reviewed,0
crops/396__t00.png,Impacted,tufts,tufts:396,reviewed,1
crops/620__t01.png,Restored,tufts,tufts:620,reviewed,0
crops/775__t08.png,Healthy,tufts,tufts:775,reviewed,0
crops/148__t05.png,Restored,tufts,tufts:148,reviewed,0
crops/589__t29.png,Impacted,tufts,tufts:589,reviewed,0
crops/108__t32.png,Impacted,tufts,tufts:108,reviewed,0
crops/934__t00.png,Impacted,tufts,tufts:934,reviewed,0
crops/925__t01.png,Endodontics,tufts,tufts:925,reviewed,0
crops/613__t00.png,Impacted,tufts,tufts:613,reviewed,0
crops/642__t01.png,Healthy,tufts,tufts:642,reviewed,0
crops/564__t15.png,Implant,tufts,tufts:564,reviewed,0
crops/134__t00.png,Impacted,tufts,tufts:134,reviewed,0
crops/380__t03.png,Restored,tufts,tufts:380,reviewed,0
crops/589__t21.png,Healthy,tufts,tufts:589,reviewed,0
crops/111__t07.png,Impacted,tufts,tufts:111,reviewed,0
crops/217__t02.png,Healthy,tufts,tufts:217,reviewed,0
crops/397__t13.png,Healthy,tufts,tufts:397,reviewed,0
crops/833__t13.png,Restored,tufts,tufts:833,reviewed,0
crops/505__t22.png,Implant,tufts,tufts:505,reviewed,0
crops/846__t00.png,Impacted,tufts,tufts:846,reviewed,0
crops/537__t14.png,Implant,tufts,tufts:537,reviewed,0
crops/869__t12.png,Endodontics,tufts,tufts:869,reviewed,0
crops/729__t23.png,Restored,tufts,tufts:729,reviewed,0
crops/751__t01.png,Impacted,tufts,tufts:751,reviewed,0
crops/529__t05.png,Restored,tufts,tufts:529,reviewed,0
crops/437__t28.png,Impacted,tufts,tufts:437,reviewed,0
crops/786__t05.png,Impacted,tufts,tufts:786,reviewed,0
crops/345__t03.png,Implant,tufts,tufts:345,reviewed,0
crops/312__t07.png,Healthy,tufts,tufts:312,reviewed,0
crops/267__t29.png,Endodontics,tufts,tufts:267,reviewed,0
crops/826__t23.png,Impacted,tufts,tufts:826,reviewed,0
crops/499__t05.png,Endodontics,tufts,tufts:499,reviewed,0
crops/855__t05.png,Restored,tufts,tufts:855,reviewed,0
crops/477__t00.png,Healthy,tufts,tufts:477,reviewed,0
crops/72__t01.png,Restored,tufts,tufts:72,reviewed,1
crops/903__t03.png,Implant,tufts,tufts:903,reviewed,0
crops/647__t10.png,Impacted,tufts,tufts:647,reviewed,0
crops/750__t19.png,Healthy,tufts,tufts:750,reviewed,0
crops/824__t27.png,Healthy,tufts,tufts:824,reviewed,0
crops/197__t14.png,Implant,tufts,tufts:197,reviewed,0
crops/156__t18.png,Restored,tufts,tufts:156,reviewed,0
crops/440__t30.png,Impacted,tufts,tufts:440,reviewed,1
crops/904__t05.png,Restored,tufts,tufts:904,reviewed,0
crops/922__t08.png,Healthy,tufts,tufts:922,reviewed,0
crops/406__t02.png,Implant,tufts,tufts:406,reviewed,0
crops/451__t14.png,Healthy,tufts,tufts:451,reviewed,0
crops/616__t17.png,Restored,tufts,tufts:616,reviewed,0
crops/256__t03.png,Restored,tufts,tufts:256,reviewed,0
crops/441__t07.png,Implant,tufts,tufts:441,reviewed,0
crops/886__t17.png,Healthy,tufts,tufts:886,reviewed,0
crops/280__t31.png,Impacted,tufts,tufts:280,reviewed,0
crops/124__t01.png,Implant,tufts,tufts:124,reviewed,0
crops/828__t00.png,Impacted,tufts,tufts:828,reviewed,0
crops/465__t04.png,Implant,tufts,tufts:465,reviewed,1
crops/494__t27.png,Healthy,tufts,tufts:494,reviewed,0
crops/696__t31.png,Impacted,tufts,tufts:696,reviewed,0
crops/658__t14.png,Implant,tufts,tufts:658,reviewed,0
crops/151__t33.png,Impacted,tufts,tufts:151,reviewed,0
crops/67__t12.png,Restored,tufts,tufts:67,reviewed,0
crops/894__t08.png,Implant,tufts,tufts:894,reviewed,0
crops/987__t03.png,Healthy,tufts,tufts:987,reviewed,0
crops/166__t00.png,Impacted,tufts,tufts:166,reviewed,0
crops/408__t06.png,Implant,tufts,tufts:408,reviewed,0
crops/89__t18.png,Healthy,tufts,tufts:89,reviewed,1
crops/683__t00.png,Impacted,tufts,tufts:683,reviewed,0
crops/252__t00.png,Impacted,tufts,tufts:252,reviewed,0
crops/49__t01.png,Healthy,tufts,tufts:49,reviewed,0
crops/68__t00.png,Impacted,tufts,tufts:68,reviewed,0
crops/54__t02.png,Healthy,tufts,tufts:54,reviewed,0
crops/454__t02.png,Restored,tufts,tufts:454,reviewed,0
crops/576__t01.png,Implant,tufts,tufts:576,reviewed,0
crops/318__t01.png,Impacted,tufts,tufts:318,reviewed,0
crops/787__t11.png,Healthy,tufts,tufts:787,reviewed,0
crops/751__t00.png,Impacted,tufts,tufts:751,reviewed,0
crops/207__t00.png,Impacted,tufts,tufts:207,reviewed,0
crops/58__t14.png,Healthy,tufts,tufts:58,reviewed,0
crops/325__t19.png,Healthy,tufts,tufts:325,reviewed,0
crops/69__t02.png,Healthy,tufts,tufts:69,reviewed,0
crops/546__t00.png,Endodontics,tufts,tufts:546,reviewed,0
crops/114__t00.png,Impacted,tufts,tufts:114,reviewed,0
crops/274__t00.png,Impacted,tufts,tufts:274,reviewed,0
crops/808__t07.png,Implant,tufts,tufts:808,reviewed,0
crops/901__t01.png,Healthy,tufts,tufts:901,reviewed,0
crops/424__t00.png,Healthy,tufts,tufts:424,reviewed,0
crops/903__t05.png,Implant,tufts,tufts:903,reviewed,0
crops/524__t00.png,Impacted,tufts,tufts:524,reviewed,0
crops/311__t17.png,Implant,tufts,tufts:311,reviewed,1
crops/715__t00.png,Impacted,tufts,tufts:715,reviewed,0
crops/175__t25.png,Implant,tufts,tufts:175,reviewed,0
crops/586__t03.png,Healthy,tufts,tufts:586,reviewed,0
crops/341__t10.png,Endodontics,tufts,tufts:341,reviewed,0
crops/930__t00.png,Impacted,tufts,tufts:930,reviewed,0
crops/869__t10.png,Implant,tufts,tufts:869,reviewed,0
crops/222__t00.png,Restored,tufts,tufts:222,reviewed,0
crops/840__t06.png,Restored,tufts,tufts:840,reviewed,0
crops/335__t06.png,Healthy,tufts,tufts:335,reviewed,0
crops/469__t00.png,Impacted,tufts,tufts:469,reviewed,0
crops/658__t08.png,Implant,tufts,tufts:658,reviewed,0
crops/807__t05.png,Restored,tufts,tufts:807,reviewed,0
crops/485__t08.png,Restored,tufts,tufts:485,reviewed,0
crops/793__t04.png,Endodontics,tufts,tufts:793,reviewed,0
crops/380__t25.png,Endodontics,tufts,tufts:380,reviewed,0
crops/396__t23.png,Healthy,tufts,tufts:396,reviewed,1
crops/242__t29.png,Impacted,tufts,tufts:242,reviewed,0
crops/393__t15.png,Healthy,tufts,tufts:393,reviewed,0
crops/469__t31.png,Impacted,tufts,tufts:469,reviewed,0
crops/983__t19.png,Restored,tufts,tufts:983,reviewed,0
crops/232__t22.png,Impacted,tufts,tufts:232,reviewed,0
crops/316__t08.png,Healthy,tufts,tufts:316,reviewed,0
crops/356__t04.png,Implant,tufts,tufts:356,reviewed,1
crops/561__t08.png,Implant,tufts,tufts:561,reviewed,0
crops/551__t01.png,Endodontics,tufts,tufts:551,reviewed,0
crops/441__t03.png,Implant,tufts,tufts:441,reviewed,0
crops/66__t20.png,Healthy,tufts,tufts:66,reviewed,0
crops/750__t05.png,Healthy,tufts,tufts:750,reviewed,0
crops/377__t22.png,Restored,tufts,tufts:377,reviewed,0
crops/882__t14.png,Endodontics,tufts,tufts:882,reviewed,0
crops/794__t31.png,Impacted,tufts,tufts:794,reviewed,0
crops/745__t19.png,Restored,tufts,tufts:745,reviewed,0
crops/775__t19.png,Implant,tufts,tufts:775,reviewed,0
crops/957__t00.png,Restored,tufts,tufts:957,reviewed,0
crops/403__t29.png,Impacted,tufts,tufts:403,reviewed,0
crops/518__t01.png,Healthy,tufts,tufts:518,reviewed,0
crops/762__t04.png,Endodontics,tufts,tufts:762,reviewed,0
crops/124__t02.png,Implant,tufts,tufts:124,reviewed,0
crops/433__t23.png,Implant,tufts,tufts:433,reviewed,0
crops/930__t31.png,Impacted,tufts,tufts:930,reviewed,0
crops/637__t19.png,Implant,tufts,tufts:637,reviewed,0
crops/446__t17.png,Restored,tufts,tufts:446,reviewed,0
crops/882__t16.png,Endodontics,tufts,tufts:882,reviewed,0
crops/108__t00.png,Impacted,tufts,tufts:108,reviewed,0
crops/343__t03.png,Implant,tufts,tufts:343,reviewed,0
crops/448__t27.png,Healthy,tufts,tufts:448,reviewed,1
crops/180__t06.png,Endodontics,tufts,tufts:180,reviewed,1
crops/1024__t22.png,Healthy,tufts,tufts:1024,reviewed,0
crops/282__t00.png,Impacted,tufts,tufts:282,reviewed,0
crops/195__t04.png,Restored,tufts,tufts:195,reviewed,0
crops/1031__t28.png,Restored,tufts,tufts:1031,reviewed,0
crops/17__t13.png,Endodontics,tufts,tufts:17,reviewed,0
crops/1018__t04.png,Restored,tufts,tufts:1018,reviewed,0
crops/120__t27.png,Impacted,tufts,tufts:120,reviewed,0
crops/621__t01.png,Implant,tufts,tufts:621,reviewed,1
crops/758__t20.png,Impacted,tufts,tufts:758,reviewed,0
crops/655__t21.png,Healthy,tufts,tufts:655,reviewed,0
crops/168__t20.png,Endodontics,tufts,tufts:168,reviewed,1
crops/131__t08.png,Restored,tufts,tufts:131,reviewed,0
crops/280__t02.png,Impacted,tufts,tufts:280,reviewed,0
crops/74__t02.png,Healthy,tufts,tufts:74,reviewed,0
crops/124__t16.png,Restored,tufts,tufts:124,reviewed,0
crops/531__t04.png,Restored,tufts,tufts:531,reviewed,0
crops/197__t03.png,Implant,tufts,tufts:197,reviewed,0
crops/956__t32.png,Impacted,tufts,tufts:956,reviewed,0
crops/54__t08.png,Impacted,tufts,tufts:54,reviewed,0
crops/696__t00.png,Impacted,tufts,tufts:696,reviewed,0
crops/777__t02.png,Impacted,tufts,tufts:777,reviewed,0
crops/1047__t01.png,Restored,tufts,tufts:1047,reviewed,0
crops/505__t24.png,Implant,tufts,tufts:505,reviewed,0
crops/869__t04.png,Implant,tufts,tufts:869,reviewed,0
crops/129__t13.png,Healthy,tufts,tufts:129,reviewed,0
crops/50__t00.png,Impacted,tufts,tufts:50,reviewed,0
crops/894__t18.png,Restored,tufts,tufts:894,reviewed,0
crops/608__t05.png,Restored,tufts,tufts:608,reviewed,0
crops/905__t02.png,Restored,tufts,tufts:905,reviewed,0
crops/476__t32.png,Impacted,tufts,tufts:476,reviewed,0
crops/321__t31.png,Impacted,tufts,tufts:321,reviewed,0
crops/565__t14.png,Endodontics,tufts,tufts:565,reviewed,0
crops/812__t02.png,Healthy,tufts,tufts:812,reviewed,0
crops/441__t04.png,Implant,tufts,tufts:441,reviewed,0
crops/450__t23.png,Restored,tufts,tufts:450,reviewed,0
crops/808__t05.png,Implant,tufts,tufts:808,reviewed,0
crops/690__t00.png,Impacted,tufts,tufts:690,reviewed,0
crops/516__t02.png,Endodontics,tufts,tufts:516,reviewed,0
crops/848__t30.png,Impacted,tufts,tufts:848,reviewed,0
crops/700__t33.png,Impacted,tufts,tufts:700,reviewed,0
crops/530__t15.png,Endodontics,tufts,tufts:530,reviewed,0
crops/290__t02.png,Implant,tufts,tufts:290,reviewed,0
crops/699__t01.png,Impacted,tufts,tufts:699,reviewed,1
crops/860__t26.png,Impacted,tufts,tufts:860,reviewed,0
crops/814__t30.png,Impacted,tufts,tufts:814,reviewed,0
crops/171__t28.png,Impacted,tufts,tufts:171,reviewed,1
crops/772__t08.png,Healthy,tufts,tufts:772,reviewed,0
crops/782__t00.png,Impacted,tufts,tufts:782,reviewed,0
crops/565__t11.png,Endodontics,tufts,tufts:565,reviewed,0
crops/233__t13.png,Restored,tufts,tufts:233,reviewed,0
crops/239__t00.png,Impacted,tufts,tufts:239,reviewed,0
crops/372__t25.png,Healthy,tufts,tufts:372,reviewed,0
crops/148__t25.png,Restored,tufts,tufts:148,reviewed,0
crops/51__t00.png,Impacted,tufts,tufts:51,reviewed,0
crops/391__t00.png,Healthy,tufts,tufts:391,reviewed,0
crops/896__t14.png,Healthy,tufts,tufts:896,reviewed,0
crops/576__t12.png,Implant,tufts,tufts:576,reviewed,0
crops/236__t29.png,Impacted,tufts,tufts:236,reviewed,0
crops/489__t30.png,Impacted,tufts,tufts:489,reviewed,0
crops/765__t00.png,Impacted,tufts,tufts:765,reviewed,0
crops/174__t21.png,Restored,tufts,tufts:174,reviewed,0
crops/746__t22.png,Restored,tufts,tufts:746,reviewed,1
crops/547__t21.png,Healthy,tufts,tufts:547,reviewed,0
crops/209__t13.png,Restored,tufts,tufts:209,reviewed,0
crops/213__t03.png,Endodontics,tufts,tufts:213,reviewed,0
crops/344__t02.png,Restored,tufts,tufts:344,reviewed,0
crops/1025__t22.png,Restored,tufts,tufts:1025,reviewed,0
crops/537__t16.png,Implant,tufts,tufts:537,reviewed,0
crops/868__t29.png,Impacted,tufts,tufts:868,reviewed,0
crops/298__t23.png,Healthy,tufts,tufts:298,reviewed,0
crops/1007__t00.png,Impacted,tufts,tufts:1007,reviewed,0
crops/99__t28.png,Restored,tufts,tufts:99,reviewed,0
crops/447__t01.png,Endodontics,tufts,tufts:447,reviewed,0
crops/465__t02.png,Implant,tufts,tufts:465,reviewed,1
crops/590__t06.png,Restored,tufts,tufts:590,reviewed,0
crops/217__t31.png,Impacted,tufts,tufts:217,reviewed,0
crops/637__t21.png,Healthy,tufts,tufts:637,reviewed,0
crops/642__t26.png,Healthy,tufts,tufts:642,reviewed,0
crops/908__t05.png,Healthy,tufts,tufts:908,reviewed,0
crops/539__t06.png,Healthy,tufts,tufts:539,reviewed,0
crops/299__t03.png,Healthy,tufts,tufts:299,reviewed,0
crops/155__t14.png,Implant,tufts,tufts:155,reviewed,0
crops/350__t09.png,Implant,tufts,tufts:350,reviewed,0
crops/861__t18.png,Healthy,tufts,tufts:861,reviewed,0
crops/144__t16.png,Restored,tufts,tufts:144,reviewed,0
crops/418__t00.png,Impacted,tufts,tufts:418,reviewed,0
crops/407__t31.png,Impacted,tufts,tufts:407,reviewed,0
crops/110__t10.png,Healthy,tufts,tufts:110,reviewed,0
crops/561__t03.png,Implant,tufts,tufts:561,reviewed,0
crops/165__t00.png,Impacted,tufts,tufts:165,reviewed,0
crops/599__t00.png,Impacted,tufts,tufts:599,reviewed,0
crops/882__t04.png,Restored,tufts,tufts:882,reviewed,0
crops/970__t29.png,Healthy,tufts,tufts:970,reviewed,0
crops/26__t06.png,Restored,tufts,tufts:26,reviewed,0
crops/263__t00.png,Impacted,tufts,tufts:263,reviewed,0
crops/29__t00.png,Impacted,tufts,tufts:29,reviewed,0
crops/914__t13.png,Restored,tufts,tufts:914,reviewed,0
crops/794__t23.png,Healthy,tufts,tufts:794,reviewed,0
crops/882__t07.png,Endodontics,tufts,tufts:882,reviewed,0
crops/43__t00.png,Restored,tufts,tufts:43,reviewed,0
crops/548__t28.png,Impacted,tufts,tufts:548,reviewed,0
crops/68__t02.png,Impacted,tufts,tufts:68,reviewed,0
crops/708__t02.png,Endodontics,tufts,tufts:708,reviewed,0
crops/424__t11.png,Healthy,tufts,tufts:424,reviewed,0
crops/554__t00.png,Restored,tufts,tufts:554,reviewed,0
crops/228__t06.png,Healthy,tufts,tufts:228,reviewed,0
crops/879__t00.png,Impacted,tufts,tufts:879,reviewed,0
crops/248__t00.png,Restored,tufts,tufts:248,reviewed,0
crops/23__t09.png,Healthy,tufts,tufts:23,reviewed,0
crops/360__t02.png,Implant,tufts,tufts:360,reviewed,0
crops/800__t03.png,Endodontics,tufts,tufts:800,reviewed,0
crops/1013__t24.png,Implant,tufts,tufts:1013,reviewed,0
crops/291__t00.png,Impacted,tufts,tufts:291,reviewed,0
crops/807__t22.png,Restored,tufts,tufts:807,reviewed,0
crops/860__t02.png,Restored,tufts,tufts:860,reviewed,0
crops/359__t01.png,Impacted,tufts,tufts:359,reviewed,0
crops/480__t20.png,Impacted,tufts,tufts:480,reviewed,0
crops/129__t12.png,Healthy,tufts,tufts:129,reviewed,0
crops/751__t02.png,Impacted,tufts,tufts:751,reviewed,0
crops/215__t16.png,Implant,tufts,tufts:215,reviewed,0
crops/854__t10.png,Restored,tufts,tufts:854,reviewed,0
crops/129__t23.png,Restored,tufts,tufts:129,reviewed,0
crops/720__t22.png,Endodontics,tufts,tufts:720,reviewed,0
crops/877__t00.png,Endodontics,tufts,tufts:877,reviewed,1
crops/653__t25.png,Healthy,tufts,tufts:653,reviewed,0
crops/182__t09.png,Endodontics,tufts,tufts:182,reviewed,0
crops/311__t16.png,Implant,tufts,tufts:311,reviewed,1
crops/1035__t29.png,Healthy,tufts,tufts:1035,reviewed,0
crops/851__t26.png,Impacted,tufts,tufts:851,reviewed,0
crops/374__t25.png,Restored,tufts,tufts:374,reviewed,0
crops/83__t25.png,Impacted,tufts,tufts:83,reviewed,0
crops/173__t05.png,Healthy,tufts,tufts:173,reviewed,0
crops/652__t07.png,Restored,tufts,tufts:652,reviewed,0
crops/170__t01.png,Implant,tufts,tufts:170,reviewed,0
crops/746__t19.png,Restored,tufts,tufts:746,reviewed,1
crops/496__t11.png,Impacted,tufts,tufts:496,reviewed,0
crops/55__t30.png,Impacted,tufts,tufts:55,reviewed,0
crops/129__t04.png,Endodontics,tufts,tufts:129,reviewed,0
crops/564__t01.png,Implant,tufts,tufts:564,reviewed,0
crops/24__t03.png,Restored,tufts,tufts:24,reviewed,0
crops/561__t00.png,Implant,tufts,tufts:561,reviewed,0
crops/275__t00.png,Impacted,tufts,tufts:275,reviewed,0
crops/570__t22.png,Endodontics,tufts,tufts:570,reviewed,0
crops/379__t00.png,Impacted,tufts,tufts:379,reviewed,0
crops/472__t06.png,Restored,tufts,tufts:472,reviewed,0
crops/644__t21.png,Healthy,tufts,tufts:644,reviewed,0
crops/290__t04.png,Implant,tufts,tufts:290,reviewed,0
crops/145__t22.png,Healthy,tufts,tufts:145,reviewed,0
crops/351__t30.png,Impacted,tufts,tufts:351,reviewed,0
crops/408__t05.png,Implant,tufts,tufts:408,reviewed,0
crops/497__t01.png,Healthy,tufts,tufts:497,reviewed,0
crops/963__t31.png,Impacted,tufts,tufts:963,reviewed,0
crops/42__t17.png,Restored,tufts,tufts:42,reviewed,0
crops/938__t00.png,Impacted,tufts,tufts:938,reviewed,0
crops/537__t02.png,Implant,tufts,tufts:537,reviewed,0
crops/775__t21.png,Implant,tufts,tufts:775,reviewed,0
crops/905__t10.png,Restored,tufts,tufts:905,reviewed,0
crops/955__t22.png,Healthy,tufts,tufts:955,reviewed,0
crops/716__t18.png,Endodontics,tufts,tufts:716,reviewed,0
crops/870__t02.png,Impacted,tufts,tufts:870,reviewed,0
crops/855__t25.png,Endodontics,tufts,tufts:855,reviewed,0
crops/65__t00.png,Healthy,tufts,tufts:65,reviewed,0
crops/707__t22.png,Healthy,tufts,tufts:707,reviewed,0
crops/537__t13.png,Implant,tufts,tufts:537,reviewed,0
crops/775__t04.png,Implant,tufts,tufts:775,reviewed,0
crops/216__t23.png,Restored,tufts,tufts:216,reviewed,0
crops/152__t03.png,Impacted,tufts,tufts:152,reviewed,0
crops/654__t00.png,Impacted,tufts,tufts:654,reviewed,0
crops/975__t07.png,Restored,tufts,tufts:975,reviewed,0
crops/842__t01.png,Implant,tufts,tufts:842,reviewed,0
crops/363__t02.png,Healthy,tufts,tufts:363,reviewed,0
crops/540__t00.png,Implant,tufts,tufts:540,reviewed,0
crops/131__t01.png,Restored,tufts,tufts:131,reviewed,0
crops/456__t00.png,Impacted,tufts,tufts:456,reviewed,0
crops/260__t24.png,Healthy,tufts,tufts:260,reviewed,0
crops/903__t00.png,Implant,tufts,tufts:903,reviewed,0
crops/99__t30.png,Impacted,tufts,tufts:99,reviewed,0
crops/654__t23.png,Impacted,tufts,tufts:654,reviewed,0
crops/423__t30.png,Impacted,tufts,tufts:423,reviewed,0
crops/406__t05.png,Restored,tufts,tufts:406,reviewed,0
crops/199__t22.png,Restored,tufts,tufts:199,reviewed,0
crops/454__t19.png,Restored,tufts,tufts:454,reviewed,0
crops/648__t21.png,Restored,tufts,tufts:648,reviewed,0
crops/746__t18.png,Restored,tufts,tufts:746,reviewed,1
crops/75__t05.png,Restored,tufts,tufts:75,reviewed,0
crops/162__t00.png,Impacted,tufts,tufts:162,reviewed,0
crops/766__t20.png,Restored,tufts,tufts:766,reviewed,0
crops/355__t20.png,Endodontics,tufts,tufts:355,reviewed,0
crops/828__t31.png,Impacted,tufts,tufts:828,reviewed,0
crops/673__t01.png,Impacted,tufts,tufts:673,reviewed,0
crops/1042__t09.png,Healthy,tufts,tufts:1042,reviewed,0
crops/198__t02.png,Implant,tufts,tufts:198,reviewed,1
crops/228__t25.png,Healthy,tufts,tufts:228,reviewed,0
crops/879__t28.png,Impacted,tufts,tufts:879,reviewed,0
crops/116__t19.png,Implant,tufts,tufts:116,reviewed,0
crops/155__t16.png,Restored,tufts,tufts:155,reviewed,0
crops/696__t22.png,Healthy,tufts,tufts:696,reviewed,0
crops/882__t12.png,Restored,tufts,tufts:882,reviewed,0
crops/290__t01.png,Implant,tufts,tufts:290,reviewed,0
crops/461__t00.png,Impacted,tufts,tufts:461,reviewed,0
crops/311__t18.png,Implant,tufts,tufts:311,reviewed,1
crops/886__t00.png,Impacted,tufts,tufts:886,reviewed,0
crops/296__t22.png,Healthy,tufts,tufts:296,reviewed,0
crops/200__t17.png,Healthy,tufts,tufts:200,reviewed,0
crops/494__t00.png,Impacted,tufts,tufts:494,reviewed,0
crops/696__t14.png,Restored,tufts,tufts:696,reviewed,0
crops/539__t00.png,Restored,tufts,tufts:539,reviewed,0
crops/87__t01.png,Impacted,tufts,tufts:87,reviewed,0
crops/498__t03.png,Healthy,tufts,tufts:498,reviewed,0
crops/1047__t23.png,Implant,tufts,tufts:1047,reviewed,0
crops/279__t21.png,Implant,tufts,tufts:279,reviewed,0
crops/775__t02.png,Implant,tufts,tufts:775,reviewed,0
crops/77__t03.png,Restored,tufts,tufts:77,reviewed,0
crops/132__t30.png,Impacted,tufts,tufts:132,reviewed,0
crops/725__t17.png,Endodontics,tufts,tufts:725,reviewed,0
crops/525__t19.png,Healthy,tufts,tufts:525,reviewed,0
crops/273__t07.png,Restored,tufts,tufts:273,reviewed,0
crops/624__t27.png,Healthy,tufts,tufts:624,reviewed,0
crops/198__t03.png,Implant,tufts,tufts:198,reviewed,1
crops/843__t02.png,Restored,tufts,tufts:843,reviewed,0
crops/25__t25.png,Restored,tufts,tufts:25,reviewed,0
crops/943__t09.png,Healthy,tufts,tufts:943,reviewed,0
crops/212__t05.png,Implant,tufts,tufts:212,reviewed,0
crops/826__t10.png,Restored,tufts,tufts:826,reviewed,0
crops/522__t23.png,Healthy,tufts,tufts:522,reviewed,0
crops/652__t05.png,Restored,tufts,tufts:652,reviewed,0
crops/406__t26.png,Implant,tufts,tufts:406,reviewed,0
crops/406__t03.png,Restored,tufts,tufts:406,reviewed,0
crops/464__t05.png,Healthy,tufts,tufts:464,reviewed,0
crops/862__t12.png,Healthy,tufts,tufts:862,reviewed,0
crops/303__t23.png,Restored,tufts,tufts:303,reviewed,0
crops/870__t17.png,Healthy,tufts,tufts:870,reviewed,0
crops/907__t15.png,Restored,tufts,tufts:907,reviewed,0
crops/781__t25.png,Healthy,tufts,tufts:781,reviewed,0
crops/860__t03.png,Restored,tufts,tufts:860,reviewed,0
crops/701__t19.png,Impacted,tufts,tufts:701,reviewed,0
crops/170__t20.png,Implant,tufts,tufts:170,reviewed,0
crops/774__t06.png,Healthy,tufts,tufts:774,reviewed,0
crops/198__t01.png,Implant,tufts,tufts:198,reviewed,1
crops/403__t00.png,Impacted,tufts,tufts:403,reviewed,0
crops/752__t02.png,Restored,tufts,tufts:752,reviewed,1
crops/634__t19.png,Implant,tufts,tufts:634,reviewed,0
crops/54__t25.png,Impacted,tufts,tufts:54,reviewed,0
crops/431__t13.png,Restored,tufts,tufts:431,reviewed,0
crops/505__t04.png,Implant,tufts,tufts:505,reviewed,0
crops/521__t10.png,Restored,tufts,tufts:521,reviewed,0
crops/795__t08.png,Healthy,tufts,tufts:795,reviewed,0
crops/522__t24.png,Restored,tufts,tufts:522,reviewed,0
crops/34__t04.png,Restored,tufts,tufts:34,reviewed,0
crops/490__t02.png,Restored,tufts,tufts:490,reviewed,0
crops/869__t03.png,Implant,tufts,tufts:869,reviewed,0
crops/551__t00.png,Impacted,tufts,tufts:551,reviewed,0
crops/264__t01.png,Impacted,tufts,tufts:264,reviewed,0
crops/208__t18.png,Restored,tufts,tufts:208,reviewed,0
crops/309__t25.png,Restored,tufts,tufts:309,reviewed,0
crops/479__t02.png,Restored,tufts,tufts:479,reviewed,0
crops/116__t02.png,Implant,tufts,tufts:116,reviewed,0
crops/752__t17.png,Endodontics,tufts,tufts:752,reviewed,1
crops/549__t00.png,Impacted,tufts,tufts:549,reviewed,0
crops/304__t02.png,Healthy,tufts,tufts:304,reviewed,0
crops/679__t19.png,Implant,tufts,tufts:679,reviewed,0
crops/257__t24.png,Restored,tufts,tufts:257,reviewed,0
crops/886__t28.png,Healthy,tufts,tufts:886,reviewed,0
crops/33__t25.png,Healthy,tufts,tufts:33,reviewed,0
crops/27__t29.png,Healthy,tufts,tufts:27,reviewed,0
crops/250__t00.png,Impacted,tufts,tufts:250,reviewed,0
crops/869__t08.png,Implant,tufts,tufts:869,reviewed,0
crops/727__t08.png,Impacted,tufts,tufts:727,reviewed,0
crops/844__t14.png,Endodontics,tufts,tufts:844,reviewed,0
crops/458__t01.png,Impacted,tufts,tufts:458,reviewed,0
crops/72__t05.png,Implant,tufts,tufts:72,reviewed,1
crops/134__t02.png,Restored,tufts,tufts:134,reviewed,0
crops/347__t27.png,Healthy,tufts,tufts:347,reviewed,1
crops/781__t15.png,Healthy,tufts,tufts:781,reviewed,0
crops/551__t05.png,Restored,tufts,tufts:551,reviewed,0
crops/456__t01.png,Impacted,tufts,tufts:456,reviewed,0
crops/462__t17.png,Restored,tufts,tufts:462,reviewed,0
crops/807__t06.png,Restored,tufts,tufts:807,reviewed,0
crops/782__t31.png,Impacted,tufts,tufts:782,reviewed,0
crops/912__t00.png,Impacted,tufts,tufts:912,reviewed,0
crops/325__t28.png,Impacted,tufts,tufts:325,reviewed,0
crops/598__t23.png,Implant,tufts,tufts:598,reviewed,0
crops/482__t10.png,Healthy,tufts,tufts:482,reviewed,0
crops/306__t30.png,Impacted,tufts,tufts:306,reviewed,0
crops/870__t31.png,Impacted,tufts,tufts:870,reviewed,0
crops/147__t25.png,Restored,tufts,tufts:147,reviewed,0
crops/630__t26.png,Impacted,tufts,tufts:630,reviewed,0
crops/196__t13.png,Restored,tufts,tufts:196,reviewed,0
crops/1018__t02.png,Healthy,tufts,tufts:1018,reviewed,0
crops/197__t05.png,Implant,tufts,tufts:197,reviewed,0
crops/742__t21.png,Healthy,tufts,tufts:742,reviewed,0
crops/835__t26.png,Healthy,tufts,tufts:835,reviewed,0
crops/732__t31.png,Impacted,tufts,tufts:732,reviewed,0
crops/174__t26.png,Impacted,tufts,tufts:174,reviewed,0
crops/565__t01.png,Restored,tufts,tufts:565,reviewed,0
crops/751__t29.png,Impacted,tufts,tufts:751,reviewed,0
crops/894__t15.png,Restored,tufts,tufts:894,reviewed,0
crops/779__t26.png,Restored,tufts,tufts:779,reviewed,0
crops/197__t17.png,Implant,tufts,tufts:197,reviewed,0
crops/791__t11.png,Implant,tufts,tufts:791,reviewed,0
crops/915__t16.png,Restored,tufts,tufts:915,reviewed,0
crops/338__t03.png,Implant,tufts,tufts:338,reviewed,0
crops/620__t14.png,Restored,tufts,tufts:620,reviewed,0
crops/341__t18.png,Endodontics,tufts,tufts:341,reviewed,0
crops/230__t08.png,Healthy,tufts,tufts:230,reviewed,0
crops/471__t12.png,Healthy,tufts,tufts:471,reviewed,0
crops/903__t06.png,Implant,tufts,tufts:903,reviewed,0
crops/606__t00.png,Impacted,tufts,tufts:606,reviewed,0
crops/26__t07.png,Restored,tufts,tufts:26,reviewed,0
crops/792__t28.png,Healthy,tufts,tufts:792,reviewed,0
crops/877__t25.png,Restored,tufts,tufts:877,reviewed,1
crops/627__t02.png,Restored,tufts,tufts:627,reviewed,0
crops/114__t30.png,Impacted,tufts,tufts:114,reviewed,0
crops/245__t03.png,Restored,tufts,tufts:245,reviewed,0
crops/864__t25.png,Healthy,tufts,tufts:864,reviewed,0
crops/906__t02.png,Impacted,tufts,tufts:906,reviewed,0
crops/354__t28.png,Restored,tufts,tufts:354,reviewed,0
crops/141__t01.png,Impacted,tufts,tufts:141,reviewed,0
crops/250__t29.png,Impacted,tufts,tufts:250,reviewed,0
crops/633__t08.png,Healthy,tufts,tufts:633,reviewed,0
crops/638__t24.png,Restored,tufts,tufts:638,reviewed,0
crops/393__t31.png,Impacted,tufts,tufts:393,reviewed,0
crops/321__t00.png,Impacted,tufts,tufts:321,reviewed,0
crops/882__t17.png,Restored,tufts,tufts:882,reviewed,0
crops/366__t03.png,Restored,tufts,tufts:366,reviewed,0
crops/820__t18.png,Restored,tufts,tufts:820,reviewed,0
crops/361__t30.png,Impacted,tufts,tufts:361,reviewed,0
crops/366__t12.png,Endodontics,tufts,tufts:366,reviewed,0
crops/33__t01.png,Healthy,tufts,tufts:33,reviewed,0
crops/851__t03.png,Restored,tufts,tufts:851,reviewed,0
crops/531__t00.png,Restored,tufts,tufts:531,reviewed,0
crops/572__t00.png,Impacted,tufts,tufts:572,reviewed,0
crops/311__t01.png,Implant,tufts,tufts:311,reviewed,1
crops/786__t00.png,Impacted,tufts,tufts:786,reviewed,0
crops/972__t19.png,Restored,tufts,tufts:972,reviewed,0
crops/280__t21.png,Impacted,tufts,tufts:280,reviewed,0
crops/811__t32.png,Impacted,tufts,tufts:811,reviewed,0
crops/116__t18.png,Implant,tufts,tufts:116,reviewed,0
crops/680__t00.png,Impacted,tufts,tufts:680,reviewed,0
crops/396__t29.png,Impacted,tufts,tufts:396,reviewed,1
crops/678__t00.png,Implant,tufts,tufts:678,reviewed,0
crops/245__t06.png,Endodontics,tufts,tufts:245,reviewed,0
crops/809__t12.png,Restored,tufts,tufts:809,reviewed,0
crops/871__t26.png,Impacted,tufts,tufts:871,reviewed,0
crops/385__t14.png,Healthy,tufts,tufts:385,reviewed,0
crops/428__t15.png,Implant,tufts,tufts:428,reviewed,0
crops/475__t00.png,Impacted,tufts,tufts:475,reviewed,0
crops/220__t26.png,Healthy,tufts,tufts:220,reviewed,0
crops/1013__t26.png,Restored,tufts,tufts:1013,reviewed,0
crops/802__t03.png,Restored,tufts,tufts:802,reviewed,0
crops/274__t29.png,Impacted,tufts,tufts:274,reviewed,0
crops/110__t02.png,Implant,tufts,tufts:110,reviewed,0
crops/311__t14.png,Implant,tufts,tufts:311,reviewed,1
crops/958__t03.png,Healthy,tufts,tufts:958,reviewed,0
crops/75__t00.png,Impacted,tufts,tufts:75,reviewed,0
crops/50__t31.png,Impacted,tufts,tufts:50,reviewed,0
crops/759__t03.png,Restored,tufts,tufts:759,reviewed,0
crops/663__t23.png,Healthy,tufts,tufts:663,reviewed,0
crops/307__t21.png,Restored,tufts,tufts:307,reviewed,0
crops/17__t21.png,Restored,tufts,tufts:17,reviewed,0
crops/465__t00.png,Implant,tufts,tufts:465,reviewed,1
crops/381__t00.png,Impacted,tufts,tufts:381,reviewed,1
crops/867__t26.png,Impacted,tufts,tufts:867,reviewed,0
crops/516__t07.png,Healthy,tufts,tufts:516,reviewed,0
crops/881__t26.png,Healthy,tufts,tufts:881,reviewed,0
crops/903__t07.png,Implant,tufts,tufts:903,reviewed,0
crops/664__t01.png,Restored,tufts,tufts:664,reviewed,0
crops/572__t02.png,Healthy,tufts,tufts:572,reviewed,0
crops/747__t01.png,Restored,tufts,tufts:747,reviewed,0
crops/649__t23.png,Healthy,tufts,tufts:649,reviewed,0
crops/55__t06.png,Impacted,tufts,tufts:55,reviewed,0
crops/169__t00.png,Restored,tufts,tufts:169,reviewed,0
crops/55__t19.png,Healthy,tufts,tufts:55,reviewed,0
crops/282__t24.png,Healthy,tufts,tufts:282,reviewed,0
crops/468__t21.png,Impacted,tufts,tufts:468,reviewed,0
crops/1038__t24.png,Implant,tufts,tufts:1038,reviewed,0
crops/345__t01.png,Implant,tufts,tufts:345,reviewed,0
crops/264__t00.png,Impacted,tufts,tufts:264,reviewed,0
crops/803__t01.png,Restored,tufts,tufts:803,reviewed,0
crops/537__t15.png,Implant,tufts,tufts:537,reviewed,0
crops/232__t00.png,Impacted,tufts,tufts:232,reviewed,0
crops/580__t07.png,Healthy,tufts,tufts:580,reviewed,0
crops/963__t02.png,Healthy,tufts,tufts:963,reviewed,0
crops/980__t08.png,Healthy,tufts,tufts:980,reviewed,0
crops/311__t03.png,Implant,tufts,tufts:311,reviewed,1
crops/162__t29.png,Impacted,tufts,tufts:162,reviewed,0
crops/663__t13.png,Healthy,tufts,tufts:663,reviewed,0
crops/437__t00.png,Impacted,tufts,tufts:437,reviewed,0
crops/598__t24.png,Endodontics,tufts,tufts:598,reviewed,0
crops/869__t11.png,Implant,tufts,tufts:869,reviewed,0
crops/516__t09.png,Restored,tufts,tufts:516,reviewed,0
crops/372__t30.png,Impacted,tufts,tufts:372,reviewed,0
crops/175__t04.png,Implant,tufts,tufts:175,reviewed,0
crops/1018__t03.png,Implant,tufts,tufts:1018,reviewed,0
crops/817__t17.png,Endodontics,tufts,tufts:817,reviewed,0
crops/295__t07.png,Healthy,tufts,tufts:295,reviewed,0
crops/297__t16.png,Healthy,tufts,tufts:297,reviewed,0
crops/725__t15.png,Restored,tufts,tufts:725,reviewed,0
crops/104__t07.png,Healthy,tufts,tufts:104,reviewed,0
crops/491__t27.png,Healthy,tufts,tufts:491,reviewed,0
crops/747__t13.png,Healthy,tufts,tufts:747,reviewed,0
crops/22__t02.png,Impacted,tufts,tufts:22,reviewed,0
crops/516__t01.png,Restored,tufts,tufts:516,reviewed,0
crops/311__t13.png,Implant,tufts,tufts:311,reviewed,1
crops/244__t02.png,Restored,tufts,tufts:244,reviewed,0
crops/894__t00.png,Impacted,tufts,tufts:894,reviewed,0
crops/345__t02.png,Implant,tufts,tufts:345,reviewed,0
crops/903__t04.png,Implant,tufts,tufts:903,reviewed,0
crops/964__t21.png,Restored,tufts,tufts:964,reviewed,1
crops/408__t04.png,Implant,tufts,tufts:408,reviewed,0
crops/60__t17.png,Endodontics,tufts,tufts:60,reviewed,1
crops/675__t11.png,Healthy,tufts,tufts:675,reviewed,0
crops/851__t08.png,Healthy,tufts,tufts:851,reviewed,0
crops/1004__t20.png,Healthy,tufts,tufts:1004,reviewed,0
crops/673__t03.png,Impacted,tufts,tufts:673,reviewed,0
crops/946__t14.png,Healthy,tufts,tufts:946,reviewed,0
crops/290__t00.png,Implant,tufts,tufts:290,reviewed,0
crops/561__t01.png,Implant,tufts,tufts:561,reviewed,0
crops/800__t15.png,Restored,tufts,tufts:800,reviewed,0
crops/878__t00.png,Impacted,tufts,tufts:878,reviewed,0
crops/767__t21.png,Healthy,tufts,tufts:767,reviewed,0
crops/999__t09.png,Restored,tufts,tufts:999,reviewed,0
crops/429__t02.png,Healthy,tufts,tufts:429,reviewed,0
crops/462__t00.png,Restored,tufts,tufts:462,reviewed,0
crops/683__t30.png,Impacted,tufts,tufts:683,reviewed,0
crops/812__t31.png,Impacted,tufts,tufts:812,reviewed,0
crops/715__t29.png,Impacted,tufts,tufts:715,reviewed,0
crops/230__t01.png,Endodontics,tufts,tufts:230,reviewed,0
crops/777__t31.png,Impacted,tufts,tufts:777,reviewed,0
crops/808__t24.png,Implant,tufts,tufts:808,reviewed,0
crops/242__t00.png,Impacted,tufts,tufts:242,reviewed,0
crops/812__t00.png,Impacted,tufts,tufts:812,reviewed,0
crops/1030__t05.png,Healthy,tufts,tufts:1030,reviewed,0
crops/255__t21.png,Restored,tufts,tufts:255,reviewed,0
crops/540__t03.png,Implant,tufts,tufts:540,reviewed,0
crops/35__t20.png,Healthy,tufts,tufts:35,reviewed,0
crops/821__t02.png,Healthy,tufts,tufts:821,reviewed,0
crops/141__t31.png,Impacted,tufts,tufts:141,reviewed,0
crops/267__t00.png,Impacted,tufts,tufts:267,reviewed,0
crops/544__t02.png,Healthy,tufts,tufts:544,reviewed,0
crops/1010__t00.png,Endodontics,tufts,tufts:1010,reviewed,1
crops/904__t06.png,Restored,tufts,tufts:904,reviewed,0
crops/103__t29.png,Impacted,tufts,tufts:103,reviewed,0
crops/147__t31.png,Healthy,tufts,tufts:147,reviewed,0
crops/509__t20.png,Impacted,tufts,tufts:509,reviewed,0
crops/938__t19.png,Healthy,tufts,tufts:938,reviewed,0
crops/1011__t01.png,Healthy,tufts,tufts:1011,reviewed,0
crops/465__t03.png,Implant,tufts,tufts:465,reviewed,1
crops/202__t22.png,Healthy,tufts,tufts:202,reviewed,0
crops/435__t31.png,Impacted,tufts,tufts:435,reviewed,0
crops/681__t00.png,Endodontics,tufts,tufts:681,reviewed,0
crops/618__t05.png,Restored,tufts,tufts:618,reviewed,0
crops/153__t00.png,Impacted,tufts,tufts:153,reviewed,0
crops/747__t19.png,Restored,tufts,tufts:747,reviewed,0
crops/564__t12.png,Implant,tufts,tufts:564,reviewed,0
crops/418__t25.png,Impacted,tufts,tufts:418,reviewed,0
crops/478__t20.png,Implant,tufts,tufts:478,reviewed,0
crops/192__t01.png,Healthy,tufts,tufts:192,reviewed,0
crops/481__t31.png,Impacted,tufts,tufts:481,reviewed,0
crops/22__t01.png,Implant,tufts,tufts:22,reviewed,0
crops/465__t19.png,Implant,tufts,tufts:465,reviewed,1
crops/442__t00.png,Impacted,tufts,tufts:442,reviewed,0
crops/603__t24.png,Healthy,tufts,tufts:603,reviewed,0
crops/849__t14.png,Healthy,tufts,tufts:849,reviewed,0
crops/123__t19.png,Healthy,tufts,tufts:123,reviewed,0
crops/134__t16.png,Restored,tufts,tufts:134,reviewed,0
crops/807__t17.png,Endodontics,tufts,tufts:807,reviewed,0
crops/963__t00.png,Impacted,tufts,tufts:963,reviewed,0
crops/847__t25.png,Restored,tufts,tufts:847,reviewed,0
crops/75__t06.png,Healthy,tufts,tufts:75,reviewed,0
crops/642__t20.png,Healthy,tufts,tufts:642,reviewed,0
crops/311__t05.png,Implant,tufts,tufts:311,reviewed,1
crops/246__t15.png,Healthy,tufts,tufts:246,reviewed,0
crops/229__t26.png,Restored,tufts,tufts:229,reviewed,0
crops/774__t02.png,Healthy,tufts,tufts:774,reviewed,0
crops/573__t21.png,Healthy,tufts,tufts:573,reviewed,0
crops/13__t19.png,Restored,tufts,tufts:13,reviewed,0
crops/555__t00.png,Impacted,tufts,tufts:555,reviewed,0
crops/918__t05.png,Implant,tufts,tufts:918,reviewed,1
crops/575__t05.png,Endodontics,tufts,tufts:575,reviewed,0
crops/886__t31.png,Impacted,tufts,tufts:886,reviewed,0
crops/570__t20.png,Healthy,tufts,tufts:570,reviewed,0
crops/218__t07.png,Healthy,tufts,tufts:218,reviewed,0
crops/253__t15.png,Healthy,tufts,tufts:253,reviewed,0
crops/583__t08.png,Healthy,tufts,tufts:583,reviewed,0
crops/625__t00.png,Restored,tufts,tufts:625,reviewed,0
crops/407__t15.png,Healthy,tufts,tufts:407,reviewed,0
crops/975__t19.png,Endodontics,tufts,tufts:975,reviewed,0
crops/21__t25.png,Restored,tufts,tufts:21,reviewed,0
crops/447__t15.png,Restored,tufts,tufts:447,reviewed,0
crops/877__t24.png,Implant,tufts,tufts:877,reviewed,1
crops/42__t20.png,Restored,tufts,tufts:42,reviewed,0
crops/273__t18.png,Restored,tufts,tufts:273,reviewed,0
crops/316__t00.png,Impacted,tufts,tufts:316,reviewed,0
crops/465__t20.png,Implant,tufts,tufts:465,reviewed,1
crops/608__t22.png,Restored,tufts,tufts:608,reviewed,0
crops/516__t00.png,Impacted,tufts,tufts:516,reviewed,0
crops/30__t00.png,Healthy,tufts,tufts:30,reviewed,0
crops/46__t29.png,Healthy,tufts,tufts:46,reviewed,0
crops/889__t28.png,Impacted,tufts,tufts:889,reviewed,0
crops/633__t06.png,Healthy,tufts,tufts:633,reviewed,0
crops/354__t26.png,Restored,tufts,tufts:354,reviewed,0
crops/506__t29.png,Impacted,tufts,tufts:506,reviewed,0
crops/179__t31.png,Impacted,tufts,tufts:179,reviewed,0
crops/602__t27.png,Restored,tufts,tufts:602,reviewed,0
crops/672__t02.png,Implant,tufts,tufts:672,reviewed,0
crops/1042__t06.png,Restored,tufts,tufts:1042,reviewed,0
crops/756__t06.png,Healthy,tufts,tufts:756,reviewed,0
crops/930__t01.png,Impacted,tufts,tufts:930,reviewed,0
crops/355__t14.png,Endodontics,tufts,tufts:355,reviewed,0
crops/441__t06.png,Implant,tufts,tufts:441,reviewed,0
crops/775__t22.png,Implant,tufts,tufts:775,reviewed,0
crops/590__t26.png,Restored,tufts,tufts:590,reviewed,0
crops/551__t24.png,Impacted,tufts,tufts:551,reviewed,0
crops/599__t31.png,Impacted,tufts,tufts:599,reviewed,0
crops/626__t02.png,Endodontics,tufts,tufts:626,reviewed,0
crops/102__t19.png,Healthy,tufts,tufts:102,reviewed,0
crops/498__t08.png,Healthy,tufts,tufts:498,reviewed,0
crops/565__t16.png,Restored,tufts,tufts:565,reviewed,0
crops/338__t21.png,Healthy,tufts,tufts:338,reviewed,0
crops/513__t01.png,Healthy,tufts,tufts:513,reviewed,0
crops/743__t20.png,Healthy,tufts,tufts:743,reviewed,0
crops/426__t30.png,Healthy,tufts,tufts:426,reviewed,0
crops/798__t27.png,Healthy,tufts,tufts:798,reviewed,0
crops/604__t18.png,Restored,tufts,tufts:604,reviewed,0
crops/673__t32.png,Impacted,tufts,tufts:673,reviewed,0
crops/448__t30.png,Impacted,tufts,tufts:448,reviewed,1
crops/309__t22.png,Implant,tufts,tufts:309,reviewed,0
crops/221__t11.png,Restored,tufts,tufts:221,reviewed,0
crops/851__t09.png,Healthy,tufts,tufts:851,reviewed,0
crops/111__t03.png,Impacted,tufts,tufts:111,reviewed,0
crops/777__t10.png,Healthy,tufts,tufts:777,reviewed,0
crops/903__t02.png,Implant,tufts,tufts:903,reviewed,0
crops/768__t06.png,Restored,tufts,tufts:768,reviewed,0
crops/593__t24.png,Restored,tufts,tufts:593,reviewed,0
crops/255__t03.png,Restored,tufts,tufts:255,reviewed,0
crops/900__t23.png,Healthy,tufts,tufts:900,reviewed,1
crops/678__t01.png,Implant,tufts,tufts:678,reviewed,0
crops/473__t21.png,Restored,tufts,tufts:473,reviewed,0
crops/306__t10.png,Healthy,tufts,tufts:306,reviewed,0
crops/13__t02.png,Restored,tufts,tufts:13,reviewed,0
crops/537__t04.png,Implant,tufts,tufts:537,reviewed,0
crops/760__t03.png,Restored,tufts,tufts:760,reviewed,0
crops/149__t10.png,Restored,tufts,tufts:149,reviewed,0
crops/124__t04.png,Endodontics,tufts,tufts:124,reviewed,0
crops/345__t04.png,Implant,tufts,tufts:345,reviewed,0
crops/37__t03.png,Endodontics,tufts,tufts:37,reviewed,0
crops/217__t28.png,Impacted,tufts,tufts:217,reviewed,0
crops/980__t01.png,Healthy,tufts,tufts:980,reviewed,0
crops/814__t28.png,Healthy,tufts,tufts:814,reviewed,0
crops/550__t21.png,Restored,tufts,tufts:550,reviewed,0
crops/345__t06.png,Implant,tufts,tufts:345,reviewed,0
crops/50__t30.png,Impacted,tufts,tufts:50,reviewed,0
crops/226__t25.png,Restored,tufts,tufts:226,reviewed,0
crops/382__t03.png,Restored,tufts,tufts:382,reviewed,0
crops/296__t00.png,Restored,tufts,tufts:296,reviewed,0
crops/627__t07.png,Healthy,tufts,tufts:627,reviewed,0
crops/754__t01.png,Healthy,tufts,tufts:754,reviewed,0
crops/253__t17.png,Healthy,tufts,tufts:253,reviewed,0
crops/811__t18.png,Healthy,tufts,tufts:811,reviewed,0
crops/777__t00.png,Impacted,tufts,tufts:777,reviewed,0
crops/196__t00.png,Impacted,tufts,tufts:196,reviewed,0
crops/84__t04.png,Healthy,tufts,tufts:84,reviewed,0
crops/869__t00.png,Impacted,tufts,tufts:869,reviewed,0
crops/311__t10.png,Implant,tufts,tufts:311,reviewed,1
crops/171__t29.png,Impacted,tufts,tufts:171,reviewed,1
crops/372__t01.png,Impacted,tufts,tufts:372,reviewed,0
crops/155__t13.png,Implant,tufts,tufts:155,reviewed,0
crops/960__t28.png,Impacted,tufts,tufts:960,reviewed,1
crops/121__t26.png,Restored,tufts,tufts:121,reviewed,0
crops/167__t25.png,Restored,tufts,tufts:167,reviewed,0
crops/411__t00.png,Implant,tufts,tufts:411,reviewed,0
crops/840__t02.png,Restored,tufts,tufts:840,reviewed,0
crops/683__t29.png,Impacted,tufts,tufts:683,reviewed,0
crops/514__t01.png,Restored,tufts,tufts:514,reviewed,1
crops/753__t00.png,Restored,tufts,tufts:753,reviewed,0
crops/927__t04.png,Restored,tufts,tufts:927,reviewed,0
crops/307__t20.png,Endodontics,tufts,tufts:307,reviewed,0
crops/309__t03.png,Implant,tufts,tufts:309,reviewed,0
crops/889__t12.png,Endodontics,tufts,tufts:889,reviewed,0
crops/567__t18.png,Restored,tufts,tufts:567,reviewed,0
crops/765__t31.png,Impacted,tufts,tufts:765,reviewed,0
crops/722__t01.png,Healthy,tufts,tufts:722,reviewed,0
crops/306__t31.png,Impacted,tufts,tufts:306,reviewed,0
crops/916__t18.png,Healthy,tufts,tufts:916,reviewed,0
crops/486__t30.png,Impacted,tufts,tufts:486,reviewed,0
crops/400__t02.png,Restored,tufts,tufts:400,reviewed,0
crops/445__t02.png,Restored,tufts,tufts:445,reviewed,0
crops/673__t29.png,Impacted,tufts,tufts:673,reviewed,0
crops/209__t18.png,Endodontics,tufts,tufts:209,reviewed,0
crops/1008__t00.png,Impacted,tufts,tufts:1008,reviewed,0
crops/811__t01.png,Impacted,tufts,tufts:811,reviewed,0
crops/510__t18.png,Restored,tufts,tufts:510,reviewed,0
crops/620__t09.png,Endodontics,tufts,tufts:620,reviewed,0
crops/882__t19.png,Restored,tufts,tufts:882,reviewed,0
crops/312__t01.png,Impacted,tufts,tufts:312,reviewed,0
crops/286__t00.png,Healthy,tufts,tufts:286,reviewed,0
crops/70__t26.png,Healthy,tufts,tufts:70,reviewed,0
crops/412__t00.png,Impacted,tufts,tufts:412,reviewed,0
crops/714__t09.png,Healthy,tufts,tufts:714,reviewed,0
crops/356__t06.png,Implant,tufts,tufts:356,reviewed,1
crops/678__t03.png,Implant,tufts,tufts:678,reviewed,0
crops/524__t29.png,Impacted,tufts,tufts:524,reviewed,0
crops/693__t05.png,Healthy,tufts,tufts:693,reviewed,0
crops/720__t01.png,Healthy,tufts,tufts:720,reviewed,0
crops/111__t00.png,Impacted,tufts,tufts:111,reviewed,0
crops/325__t04.png,Restored,tufts,tufts:325,reviewed,0
crops/611__t03.png,Restored,tufts,tufts:611,reviewed,0
crops/720__t00.png,Impacted,tufts,tufts:720,reviewed,0
crops/380__t05.png,Endodontics,tufts,tufts:380,reviewed,0
crops/13__t01.png,Endodontics,tufts,tufts:13,reviewed,0
crops/861__t00.png,Impacted,tufts,tufts:861,reviewed,0
crops/819__t09.png,Healthy,tufts,tufts:819,reviewed,0
crops/179__t30.png,Impacted,tufts,tufts:179,reviewed,0
crops/918__t00.png,Impacted,tufts,tufts:918,reviewed,1
crops/740__t11.png,Implant,tufts,tufts:740,reviewed,0
crops/385__t03.png,Healthy,tufts,tufts:385,reviewed,0
crops/372__t00.png,Impacted,tufts,tufts:372,reviewed,0
crops/938__t11.png,Healthy,tufts,tufts:938,reviewed,0
crops/30__t11.png,Restored,tufts,tufts:30,reviewed,0
crops/345__t05.png,Implant,tufts,tufts:345,reviewed,0
crops/248__t01.png,Healthy,tufts,tufts:248,reviewed,0
crops/267__t04.png,Healthy,tufts,tufts:267,reviewed,0
crops/647__t00.png,Impacted,tufts,tufts:647,reviewed,0
crops/869__t09.png,Implant,tufts,tufts:869,reviewed,0
crops/234__t00.png,Restored,tufts,tufts:234,reviewed,0
crops/84__t03.png,Endodontics,tufts,tufts:84,reviewed,0
crops/21__t21.png,Implant,tufts,tufts:21,reviewed,0
crops/175__t01.png,Restored,tufts,tufts:175,reviewed,0
crops/555__t31.png,Impacted,tufts,tufts:555,reviewed,0
crops/39__t00.png,Impacted,tufts,tufts:39,reviewed,0
crops/257__t02.png,Restored,tufts,tufts:257,reviewed,0
crops/126__t00.png,Healthy,tufts,tufts:126,reviewed,0
crops/764__t06.png,Restored,tufts,tufts:764,reviewed,0
crops/505__t21.png,Implant,tufts,tufts:505,reviewed,0
crops/165__t29.png,Impacted,tufts,tufts:165,reviewed,0
crops/217__t00.png,Impacted,tufts,tufts:217,reviewed,0
crops/230__t09.png,Implant,tufts,tufts:230,reviewed,0
crops/693__t11.png,Endodontics,tufts,tufts:693,reviewed,0
crops/467__t00.png,Restored,tufts,tufts:467,reviewed,0
crops/779__t00.png,Healthy,tufts,tufts:779,reviewed,0
crops/851__t02.png,Healthy,tufts,tufts:851,reviewed,0
crops/99__t22.png,Restored,tufts,tufts:99,reviewed,0
crops/468__t18.png,Restored,tufts,tufts:468,reviewed,0
crops/718__t29.png,Impacted,tufts,tufts:718,reviewed,0
crops/477__t12.png,Healthy,tufts,tufts:477,reviewed,0
crops/110__t14.png,Restored,tufts,tufts:110,reviewed,0
crops/613__t29.png,Impacted,tufts,tufts:613,reviewed,0
crops/1024__t30.png,Impacted,tufts,tufts:1024,reviewed,0
crops/115__t07.png,Healthy,tufts,tufts:115,reviewed,0
crops/116__t20.png,Implant,tufts,tufts:116,reviewed,0
crops/665__t00.png,Impacted,tufts,tufts:665,reviewed,0
crops/822__t06.png,Restored,tufts,tufts:822,reviewed,0
crops/966__t16.png,Healthy,tufts,tufts:966,reviewed,0
crops/963__t25.png,Healthy,tufts,tufts:963,reviewed,0
crops/655__t29.png,Healthy,tufts,tufts:655,reviewed,0
crops/412__t31.png,Impacted,tufts,tufts:412,reviewed,0
crops/133__t26.png,Healthy,tufts,tufts:133,reviewed,0
crops/965__t23.png,Restored,tufts,tufts:965,reviewed,0
crops/1004__t26.png,Restored,tufts,tufts:1004,reviewed,0
crops/675__t00.png,Impacted,tufts,tufts:675,reviewed,0
crops/393__t00.png,Impacted,tufts,tufts:393,reviewed,0
crops/633__t26.png,Healthy,tufts,tufts:633,reviewed,0
crops/138__t22.png,Restored,tufts,tufts:138,reviewed,0
crops/732__t01.png,Impacted,tufts,tufts:732,reviewed,0
crops/505__t25.png,Implant,tufts,tufts:505,reviewed,0
crops/683__t01.png,Impacted,tufts,tufts:683,reviewed,0
crops/343__t00.png,Implant,tufts,tufts:343,reviewed,0
crops/129__t07.png,Healthy,tufts,tufts:129,reviewed,0
crops/523__t26.png,Healthy,tufts,tufts:523,reviewed,0
crops/725__t16.png,Healthy,tufts,tufts:725,reviewed,0
crops/229__t03.png,Restored,tufts,tufts:229,reviewed,0
crops/634__t17.png,Endodontics,tufts,tufts:634,reviewed,0
crops/889__t01.png,Healthy,tufts,tufts:889,reviewed,0
crops/508__t20.png,Healthy,tufts,tufts:508,reviewed,0
crops/720__t27.png,Healthy,tufts,tufts:720,reviewed,0
crops/356__t07.png,Implant,tufts,tufts:356,reviewed,1
crops/263__t30.png,Impacted,tufts,tufts:263,reviewed,0
crops/842__t03.png,Implant,tufts,tufts:842,reviewed,0
crops/51__t31.png,Impacted,tufts,tufts:51,reviewed,0
crops/775__t03.png,Implant,tufts,tufts:775,reviewed,0
crops/956__t00.png,Impacted,tufts,tufts:956,reviewed,0
crops/869__t05.png,Restored,tufts,tufts:869,reviewed,0
crops/861__t26.png,Healthy,tufts,tufts:861,reviewed,0
crops/914__t20.png,Restored,tufts,tufts:914,reviewed,0
crops/462__t01.png,Healthy,tufts,tufts:462,reviewed,0
crops/870__t00.png,Impacted,tufts,tufts:870,reviewed,0
crops/101__t23.png,Restored,tufts,tufts:101,reviewed,0
crops/455__t29.png,Restored,tufts,tufts:455,reviewed,1
crops/521__t05.png,Restored,tufts,tufts:521,reviewed,0
crops/408__t13.png,Implant,tufts,tufts:408,reviewed,0
crops/521__t24.png,Healthy,tufts,tufts:521,reviewed,0
crops/354__t13.png,Implant,tufts,tufts:354,reviewed,0
crops/314__t30.png,Impacted,tufts,tufts:314,reviewed,0
crops/537__t03.png,Implant,tufts,tufts:537,reviewed,0
crops/589__t05.png,Healthy,tufts,tufts:589,reviewed,0
crops/251__t05.png,Restored,tufts,tufts:251,reviewed,0
crops/570__t25.png,Endodontics,tufts,tufts:570,reviewed,0
crops/116__t01.png,Implant,tufts,tufts:116,reviewed,0
crops/842__t04.png,Implant,tufts,tufts:842,reviewed,0
crops/352__t00.png,Implant,tufts,tufts:352,reviewed,0
crops/830__t24.png,Restored,tufts,tufts:830,reviewed,1
crops/141__t00.png,Impacted,tufts,tufts:141,reviewed,0
crops/1043__t00.png,Impacted,tufts,tufts:1043,reviewed,0
crops/473__t08.png,Restored,tufts,tufts:473,reviewed,0
crops/534__t07.png,Healthy,tufts,tufts:534,reviewed,0
crops/925__t00.png,Endodontics,tufts,tufts:925,reviewed,0
crops/842__t00.png,Implant,tufts,tufts:842,reviewed,0
crops/553__t02.png,Restored,tufts,tufts:553,reviewed,0
crops/751__t30.png,Impacted,tufts,tufts:751,reviewed,0
crops/891__t01.png,Restored,tufts,tufts:891,reviewed,0
crops/952__t17.png,Endodontics,tufts,tufts:952,reviewed,0
crops/371__t18.png,Healthy,tufts,tufts:371,reviewed,0
crops/309__t05.png,Endodontics,tufts,tufts:309,reviewed,0
crops/99__t24.png,Restored,tufts,tufts:99,reviewed,0
crops/122__t29.png,Restored,tufts,tufts:122,reviewed,0
crops/825__t25.png,Healthy,tufts,tufts:825,reviewed,0
crops/303__t05.png,Endodontics,tufts,tufts:303,reviewed,0
crops/284__t05.png,Restored,tufts,tufts:284,reviewed,0
crops/581__t05.png,Endodontics,tufts,tufts:581,reviewed,0
crops/96__t00.png,Impacted,tufts,tufts:96,reviewed,0
crops/243__t02.png,Implant,tufts,tufts:243,reviewed,0
crops/198__t00.png,Implant,tufts,tufts:198,reviewed,1
crops/507__t22.png,Endodontics,tufts,tufts:507,reviewed,0
crops/902__t27.png,Healthy,tufts,tufts:902,reviewed,0
crops/1047__t04.png,Restored,tufts,tufts:1047,reviewed,0
crops/962__t00.png,Implant,tufts,tufts:962,reviewed,0
crops/678__t22.png,Restored,tufts,tufts:678,reviewed,0
crops/747__t12.png,Healthy,tufts,tufts:747,reviewed,0
crops/89__t02.png,Restored,tufts,tufts:89,reviewed,1
crops/163__t11.png,Healthy,tufts,tufts:163,reviewed,0
crops/1017__t13.png,Healthy,tufts,tufts:1017,reviewed,0
crops/53__t20.png,Impacted,tufts,tufts:53,reviewed,0
crops/230__t10.png,Implant,tufts,tufts:230,reviewed,0
crops/440__t29.png,Healthy,tufts,tufts:440,reviewed,1
crops/285__t00.png,Impacted,tufts,tufts:285,reviewed,0
crops/820__t09.png,Healthy,tufts,tufts:820,reviewed,0
crops/80__t26.png,Endodontics,tufts,tufts:80,reviewed,0
crops/648__t03.png,Endodontics,tufts,tufts:648,reviewed,0
crops/642__t22.png,Healthy,tufts,tufts:642,reviewed,0
crops/539__t02.png,Healthy,tufts,tufts:539,reviewed,0
crops/103__t00.png,Impacted,tufts,tufts:103,reviewed,0
crops/564__t05.png,Implant,tufts,tufts:564,reviewed,0
crops/94__t18.png,Restored,tufts,tufts:94,reviewed,0
crops/152__t30.png,Impacted,tufts,tufts:152,reviewed,0
crops/251__t07.png,Restored,tufts,tufts:251,reviewed,0
crops/723__t30.png,Impacted,tufts,tufts:723,reviewed,0
crops/338__t04.png,Implant,tufts,tufts:338,reviewed,0
crops/145__t01.png,Healthy,tufts,tufts:145,reviewed,0
crops/251__t04.png,Restored,tufts,tufts:251,reviewed,0
crops/705__t22.png,Healthy,tufts,tufts:705,reviewed,0
crops/42__t09.png,Healthy,tufts,tufts:42,reviewed,0
crops/93__t25.png,Implant,tufts,tufts:93,reviewed,0
crops/755__t24.png,Healthy,tufts,tufts:755,reviewed,0
crops/539__t01.png,Healthy,tufts,tufts:539,reviewed,0
crops/443__t00.png,Impacted,tufts,tufts:443,reviewed,0
crops/746__t20.png,Implant,tufts,tufts:746,reviewed,1
crops/299__t01.png,Healthy,tufts,tufts:299,reviewed,0
crops/795__t01.png,Restored,tufts,tufts:795,reviewed,0
crops/119__t20.png,Restored,tufts,tufts:119,reviewed,0
crops/943__t24.png,Restored,tufts,tufts:943,reviewed,0
crops/45__t04.png,Endodontics,tufts,tufts:45,reviewed,0
crops/365__t02.png,Endodontics,tufts,tufts:365,reviewed,0
crops/872__t01.png,Healthy,tufts,tufts:872,reviewed,0
crops/738__t02.png,Healthy,tufts,tufts:738,reviewed,0
crops/443__t28.png,Healthy,tufts,tufts:443,reviewed,0
crops/1009__t21.png,Restored,tufts,tufts:1009,reviewed,0
crops/109__t18.png,Healthy,tufts,tufts:109,reviewed,0
crops/440__t31.png,Impacted,tufts,tufts:440,reviewed,1
crops/101__t22.png,Healthy,tufts,tufts:101,reviewed,0
crops/563__t22.png,Endodontics,tufts,tufts:563,reviewed,0
crops/251__t03.png,Restored,tufts,tufts:251,reviewed,0
crops/638__t27.png,Restored,tufts,tufts:638,reviewed,0
crops/792__t00.png,Impacted,tufts,tufts:792,reviewed,0
crops/465__t01.png,Implant,tufts,tufts:465,reviewed,1
crops/571__t01.png,Restored,tufts,tufts:571,reviewed,0
crops/197__t01.png,Implant,tufts,tufts:197,reviewed,0
crops/985__t31.png,Impacted,tufts,tufts:985,reviewed,0
crops/17__t03.png,Restored,tufts,tufts:17,reviewed,0
crops/309__t24.png,Implant,tufts,tufts:309,reviewed,0
crops/579__t00.png,Healthy,tufts,tufts:579,reviewed,0
crops/129__t01.png,Endodontics,tufts,tufts:129,reviewed,0
crops/657__t24.png,Endodontics,tufts,tufts:657,reviewed,0
crops/826__t01.png,Healthy,tufts,tufts:826,reviewed,0
crops/356__t02.png,Implant,tufts,tufts:356,reviewed,1
crops/120__t08.png,Restored,tufts,tufts:120,reviewed,0
crops/506__t03.png,Healthy,tufts,tufts:506,reviewed,0
crops/624__t16.png,Healthy,tufts,tufts:624,reviewed,0
crops/505__t02.png,Implant,tufts,tufts:505,reviewed,0
crops/439__t16.png,Restored,tufts,tufts:439,reviewed,0
crops/72__t00.png,Restored,tufts,tufts:72,reviewed,1
crops/494__t01.png,Impacted,tufts,tufts:494,reviewed,0
crops/900__t10.png,Healthy,tufts,tufts:900,reviewed,1
crops/410__t00.png,Impacted,tufts,tufts:410,reviewed,0
crops/343__t01.png,Implant,tufts,tufts:343,reviewed,0
crops/645__t03.png,Endodontics,tufts,tufts:645,reviewed,0
crops/489__t00.png,Impacted,tufts,tufts:489,reviewed,0
crops/99__t00.png,Restored,tufts,tufts:99,reviewed,0
crops/303__t26.png,Restored,tufts,tufts:303,reviewed,0
crops/894__t04.png,Implant,tufts,tufts:894,reviewed,0
crops/554__t14.png,Restored,tufts,tufts:554,reviewed,0
crops/1046__t18.png,Healthy,tufts,tufts:1046,reviewed,0
crops/124__t19.png,Implant,tufts,tufts:124,reviewed,0
crops/606__t29.png,Impacted,tufts,tufts:606,reviewed,0
crops/124__t21.png,Implant,tufts,tufts:124,reviewed,0
crops/367__t29.png,Impacted,tufts,tufts:367,reviewed,0
crops/835__t31.png,Impacted,tufts,tufts:835,reviewed,0
crops/838__t25.png,Impacted,tufts,tufts:838,reviewed,0
crops/752__t03.png,Restored,tufts,tufts:752,reviewed,1
crops/808__t20.png,Implant,tufts,tufts:808,reviewed,0
crops/438__t11.png,Implant,tufts,tufts:438,reviewed,0
crops/29__t30.png,Impacted,tufts,tufts:29,reviewed,0
crops/534__t22.png,Restored,tufts,tufts:534,reviewed,0
crops/196__t29.png,Impacted,tufts,tufts:196,reviewed,0
crops/286__t02.png,Restored,tufts,tufts:286,reviewed,0
crops/170__t21.png,Implant,tufts,tufts:170,reviewed,0
crops/725__t14.png,Healthy,tufts,tufts:725,reviewed,0
crops/355__t06.png,Restored,tufts,tufts:355,reviewed,0
crops/640__t16.png,Restored,tufts,tufts:640,reviewed,0
crops/649__t28.png,Impacted,tufts,tufts:649,reviewed,0
crops/622__t09.png,Restored,tufts,tufts:622,reviewed,0
crops/576__t11.png,Implant,tufts,tufts:576,reviewed,0
crops/34__t16.png,Healthy,tufts,tufts:34,reviewed,0
crops/561__t05.png,Implant,tufts,tufts:561,reviewed,0
crops/555__t30.png,Impacted,tufts,tufts:555,reviewed,0
crops/685__t01.png,Implant,tufts,tufts:685,reviewed,0
crops/915__t01.png,Impacted,tufts,tufts:915,reviewed,0
crops/372__t28.png,Impacted,tufts,tufts:372,reviewed,0
crops/408__t02.png,Implant,tufts,tufts:408,reviewed,0
crops/546__t12.png,Healthy,tufts,tufts:546,reviewed,0
crops/829__t03.png,Restored,tufts,tufts:829,reviewed,0
crops/647__t29.png,Impacted,tufts,tufts:647,reviewed,0
crops/disease__train_354__t02.png,Impacted,dentex,dentex:disease__train_354,reviewed,0
crops/disease__train_694__t20.png,Healthy,dentex,dentex:disease__train_694,reviewed,1
crops/disease__train_564__t00.png,Impacted,dentex,dentex:disease__train_564,reviewed,0
crops/disease__train_584__t29.png,Impacted,dentex,dentex:disease__train_584,reviewed,0
crops/enum__train_151__t07.png,Restored,dentex,dentex:enum__train_151,reviewed,0
crops/enum__train_583__t30.png,Healthy,dentex,dentex:enum__train_583,reviewed,0
crops/disease__train_618__t29.png,Impacted,dentex,dentex:disease__train_618,reviewed,0
crops/enum__train_189__t16.png,Endodontics,dentex,dentex:enum__train_189,reviewed,0
crops/disease__train_109__t14.png,Healthy,dentex,dentex:disease__train_109,reviewed,0
crops/disease__train_460__t23.png,Restored,dentex,dentex:disease__train_460,reviewed,0
crops/enum__train_223__t02.png,Restored,dentex,dentex:enum__train_223,reviewed,0
crops/enum__train_261__t07.png,Endodontics,dentex,dentex:enum__train_261,reviewed,0
crops/disease__train_398__t02.png,Implant,dentex,dentex:disease__train_398,reviewed,0
crops/disease__train_691__t25.png,Impacted,dentex,dentex:disease__train_691,reviewed,0
crops/disease__train_79__t32.png,Impacted,dentex,dentex:disease__train_79,reviewed,0
crops/disease__train_113__t07.png,Healthy,dentex,dentex:disease__train_113,reviewed,0
crops/enum__train_434__t20.png,Healthy,dentex,dentex:enum__train_434,reviewed,0
crops/enum__train_347__t02.png,Impacted,dentex,dentex:enum__train_347,reviewed,0
crops/enum__train_42__t01.png,Implant,dentex,dentex:enum__train_42,reviewed,0
crops/disease__train_11__t10.png,Healthy,dentex,dentex:disease__train_11,reviewed,0
crops/disease__train_267__t01.png,Impacted,dentex,dentex:disease__train_267,reviewed,0
crops/disease__train_24__t13.png,Implant,dentex,dentex:disease__train_24,reviewed,0
crops/disease__train_224__t22.png,Healthy,dentex,dentex:disease__train_224,reviewed,0
crops/disease__train_132__t02.png,Impacted,dentex,dentex:disease__train_132,reviewed,0
crops/disease__train_412__t13.png,Healthy,dentex,dentex:disease__train_412,reviewed,0
crops/disease__train_25__t21.png,Impacted,dentex,dentex:disease__train_25,reviewed,0
crops/disease__train_526__t21.png,Healthy,dentex,dentex:disease__train_526,reviewed,0
crops/enum__train_205__t19.png,Endodontics,dentex,dentex:enum__train_205,reviewed,0
crops/disease__train_282__t00.png,Impacted,dentex,dentex:disease__train_282,reviewed,0
crops/disease__train_664__t26.png,Implant,dentex,dentex:disease__train_664,reviewed,0
crops/disease__train_626__t05.png,Restored,dentex,dentex:disease__train_626,reviewed,0
crops/enum__train_484__t29.png,Impacted,dentex,dentex:enum__train_484,reviewed,0
crops/disease__train_161__t31.png,Impacted,dentex,dentex:disease__train_161,reviewed,0
crops/disease__train_669__t04.png,Restored,dentex,dentex:disease__train_669,reviewed,0
crops/disease__train_124__t00.png,Impacted,dentex,dentex:disease__train_124,reviewed,0
crops/enum__train_215__t25.png,Restored,dentex,dentex:enum__train_215,reviewed,0
crops/disease__train_353__t00.png,Impacted,dentex,dentex:disease__train_353,reviewed,0
crops/enum__train_393__t30.png,Impacted,dentex,dentex:enum__train_393,reviewed,0
crops/disease__train_506__t25.png,Healthy,dentex,dentex:disease__train_506,reviewed,0
crops/disease__train_367__t02.png,Restored,dentex,dentex:disease__train_367,reviewed,0
crops/disease__train_357__t17.png,Healthy,dentex,dentex:disease__train_357,reviewed,0
crops/disease__train_240__t29.png,Impacted,dentex,dentex:disease__train_240,reviewed,0
crops/disease__train_345__t00.png,Impacted,dentex,dentex:disease__train_345,reviewed,0
crops/enum__train_347__t31.png,Impacted,dentex,dentex:enum__train_347,reviewed,0
crops/disease__train_36__t27.png,Impacted,dentex,dentex:disease__train_36,reviewed,0
crops/enum__train_409__t22.png,Impacted,dentex,dentex:enum__train_409,reviewed,0
crops/disease__train_260__t25.png,Endodontics,dentex,dentex:disease__train_260,reviewed,0
crops/disease__train_289__t18.png,Healthy,dentex,dentex:disease__train_289,reviewed,0
crops/disease__train_382__t18.png,Restored,dentex,dentex:disease__train_382,reviewed,0
crops/enum__train_444__t09.png,Restored,dentex,dentex:enum__train_444,reviewed,0
crops/disease__train_698__t23.png,Healthy,dentex,dentex:disease__train_698,reviewed,0
crops/disease__train_384__t03.png,Healthy,dentex,dentex:disease__train_384,reviewed,0
crops/disease__train_596__t04.png,Healthy,dentex,dentex:disease__train_596,reviewed,0
crops/disease__train_177__t23.png,Endodontics,dentex,dentex:disease__train_177,reviewed,0
crops/enum__train_427__t31.png,Impacted,dentex,dentex:enum__train_427,reviewed,0
crops/disease__train_187__t29.png,Impacted,dentex,dentex:disease__train_187,reviewed,0
crops/enum__train_484__t00.png,Impacted,dentex,dentex:enum__train_484,reviewed,0
crops/enum__train_263__t17.png,Healthy,dentex,dentex:enum__train_263,reviewed,0
crops/enum__train_350__t23.png,Healthy,dentex,dentex:enum__train_350,reviewed,0
crops/disease__train_565__t12.png,Endodontics,dentex,dentex:disease__train_565,reviewed,0
crops/enum__train_232__t30.png,Impacted,dentex,dentex:enum__train_232,reviewed,1
crops/disease__train_268__t30.png,Impacted,dentex,dentex:disease__train_268,reviewed,0
crops/disease__train_229__t05.png,Endodontics,dentex,dentex:disease__train_229,reviewed,0
crops/enum__train_553__t30.png,Restored,dentex,dentex:enum__train_553,reviewed,0
crops/disease__train_428__t27.png,Restored,dentex,dentex:disease__train_428,reviewed,0
crops/disease__train_523__t23.png,Healthy,dentex,dentex:disease__train_523,reviewed,0
crops/disease__train_384__t06.png,Healthy,dentex,dentex:disease__train_384,reviewed,0
crops/enum__train_544__t25.png,Impacted,dentex,dentex:enum__train_544,reviewed,0
crops/disease__train_395__t09.png,Implant,dentex,dentex:disease__train_395,reviewed,1
crops/enum__train_492__t01.png,Implant,dentex,dentex:enum__train_492,reviewed,0
crops/disease__train_577__t21.png,Implant,dentex,dentex:disease__train_577,reviewed,1
crops/enum__train_265__t24.png,Healthy,dentex,dentex:enum__train_265,reviewed,0
crops/enum__train_242__t03.png,Implant,dentex,dentex:enum__train_242,reviewed,1
crops/disease__train_527__t03.png,Restored,dentex,dentex:disease__train_527,reviewed,0
crops/disease__train_18__t32.png,Impacted,dentex,dentex:disease__train_18,reviewed,0
crops/disease__train_90__t30.png,Impacted,dentex,dentex:disease__train_90,reviewed,0
crops/enum__train_12__t08.png,Healthy,dentex,dentex:enum__train_12,reviewed,0
crops/disease__train_112__t19.png,Healthy,dentex,dentex:disease__train_112,reviewed,0
crops/enum__train_350__t13.png,Healthy,dentex,dentex:enum__train_350,reviewed,0
crops/disease__train_661__t21.png,Healthy,dentex,dentex:disease__train_661,reviewed,0
crops/disease__train_269__t14.png,Healthy,dentex,dentex:disease__train_269,reviewed,0
crops/disease__train_276__t20.png,Healthy,dentex,dentex:disease__train_276,reviewed,1
crops/enum__train_242__t01.png,Implant,dentex,dentex:enum__train_242,reviewed,1
crops/enum__train_134__t20.png,Restored,dentex,dentex:enum__train_134,reviewed,0
crops/disease__train_261__t05.png,Endodontics,dentex,dentex:disease__train_261,reviewed,0
crops/enum__train_365__t04.png,Implant,dentex,dentex:enum__train_365,reviewed,0
crops/enum__train_272__t00.png,Impacted,dentex,dentex:enum__train_272,reviewed,0
crops/enum__train_605__t00.png,Impacted,dentex,dentex:enum__train_605,reviewed,0
crops/enum__train_456__t03.png,Endodontics,dentex,dentex:enum__train_456,reviewed,0
crops/disease__train_575__t20.png,Healthy,dentex,dentex:disease__train_575,reviewed,1
crops/disease__train_39__t20.png,Healthy,dentex,dentex:disease__train_39,reviewed,0
crops/disease__train_589__t00.png,Impacted,dentex,dentex:disease__train_589,reviewed,0
crops/enum__train_131__t00.png,Impacted,dentex,dentex:enum__train_131,reviewed,0
crops/enum__train_132__t03.png,Restored,dentex,dentex:enum__train_132,reviewed,0
crops/disease__train_30__t00.png,Impacted,dentex,dentex:disease__train_30,reviewed,0
crops/disease__train_652__t23.png,Healthy,dentex,dentex:disease__train_652,reviewed,0
crops/disease__train_492__t12.png,Healthy,dentex,dentex:disease__train_492,reviewed,0
crops/disease__train_546__t00.png,Impacted,dentex,dentex:disease__train_546,reviewed,0
crops/disease__train_568__t00.png,Restored,dentex,dentex:disease__train_568,reviewed,0
crops/disease__train_170__t28.png,Impacted,dentex,dentex:disease__train_170,reviewed,0
crops/enum__train_393__t02.png,Healthy,dentex,dentex:enum__train_393,reviewed,0
crops/disease__train_668__t24.png,Endodontics,dentex,dentex:disease__train_668,reviewed,0
crops/disease__train_399__t02.png,Impacted,dentex,dentex:disease__train_399,reviewed,1
crops/enum__train_344__t00.png,Impacted,dentex,dentex:enum__train_344,reviewed,0
crops/disease__train_282__t28.png,Impacted,dentex,dentex:disease__train_282,reviewed,0
crops/disease__train_459__t00.png,Impacted,dentex,dentex:disease__train_459,reviewed,0
crops/disease__train_69__t18.png,Impacted,dentex,dentex:disease__train_69,reviewed,0
crops/enum__train_242__t15.png,Implant,dentex,dentex:enum__train_242,reviewed,1
crops/enum__train_391__t31.png,Impacted,dentex,dentex:enum__train_391,reviewed,0
crops/enum__train_155__t02.png,Restored,dentex,dentex:enum__train_155,reviewed,0
crops/disease__train_674__t00.png,Impacted,dentex,dentex:disease__train_674,reviewed,0
crops/enum__train_173__t25.png,Impacted,dentex,dentex:enum__train_173,reviewed,1
crops/disease__train_354__t00.png,Impacted,dentex,dentex:disease__train_354,reviewed,0
crops/disease__train_1__t14.png,Restored,dentex,dentex:disease__train_1,reviewed,0
crops/disease__train_398__t24.png,Implant,dentex,dentex:disease__train_398,reviewed,0
crops/enum__train_422__t00.png,Impacted,dentex,dentex:enum__train_422,reviewed,0
crops/enum__train_618__t20.png,Healthy,dentex,dentex:enum__train_618,reviewed,0
crops/disease__train_63__t00.png,Impacted,dentex,dentex:disease__train_63,reviewed,0
crops/disease__train_536__t00.png,Impacted,dentex,dentex:disease__train_536,reviewed,0
crops/disease__train_472__t00.png,Impacted,dentex,dentex:disease__train_472,reviewed,0
crops/disease__train_174__t01.png,Restored,dentex,dentex:disease__train_174,reviewed,0
crops/disease__train_247__t26.png,Impacted,dentex,dentex:disease__train_247,reviewed,0
crops/disease__train_479__t22.png,Impacted,dentex,dentex:disease__train_479,reviewed,1
crops/disease__train_198__t01.png,Impacted,dentex,dentex:disease__train_198,reviewed,0
crops/enum__train_285__t27.png,Healthy,dentex,dentex:enum__train_285,reviewed,0
crops/disease__train_148__t15.png,Healthy,dentex,dentex:disease__train_148,reviewed,0
crops/disease__train_330__t20.png,Healthy,dentex,dentex:disease__train_330,reviewed,0
crops/disease__train_566__t30.png,Impacted,dentex,dentex:disease__train_566,reviewed,0
crops/disease__train_508__t09.png,Restored,dentex,dentex:disease__train_508,reviewed,0
crops/disease__train_695__t11.png,Restored,dentex,dentex:disease__train_695,reviewed,0
crops/enum__train_553__t02.png,Impacted,dentex,dentex:enum__train_553,reviewed,0
crops/enum__train_186__t00.png,Impacted,dentex,dentex:enum__train_186,reviewed,0
crops/disease__train_31__t08.png,Healthy,dentex,dentex:disease__train_31,reviewed,0
crops/enum__train_422__t30.png,Impacted,dentex,dentex:enum__train_422,reviewed,0
crops/enum__train_51__t09.png,Healthy,dentex,dentex:enum__train_51,reviewed,0
crops/disease__train_621__t03.png,Endodontics,dentex,dentex:disease__train_621,reviewed,1
crops/disease__train_456__t28.png,Healthy,dentex,dentex:disease__train_456,reviewed,0
crops/disease__train_468__t23.png,Healthy,dentex,dentex:disease__train_468,reviewed,0
crops/disease__train_397__t03.png,Healthy,dentex,dentex:disease__train_397,reviewed,0
crops/disease__train_565__t27.png,Impacted,dentex,dentex:disease__train_565,reviewed,0
crops/disease__train_105__t00.png,Impacted,dentex,dentex:disease__train_105,reviewed,0
crops/disease__train_484__t23.png,Impacted,dentex,dentex:disease__train_484,reviewed,0
crops/disease__train_618__t28.png,Impacted,dentex,dentex:disease__train_618,reviewed,0
crops/enum__train_344__t03.png,Restored,dentex,dentex:enum__train_344,reviewed,0
crops/disease__train_636__t03.png,Healthy,dentex,dentex:disease__train_636,reviewed,0
crops/disease__train_530__t00.png,Impacted,dentex,dentex:disease__train_530,reviewed,0
crops/enum__train_125__t01.png,Impacted,dentex,dentex:enum__train_125,reviewed,0
crops/disease__train_693__t00.png,Impacted,dentex,dentex:disease__train_693,reviewed,0
crops/enum__train_304__t29.png,Impacted,dentex,dentex:enum__train_304,reviewed,0
crops/disease__train_538__t28.png,Impacted,dentex,dentex:disease__train_538,reviewed,0
crops/enum__train_503__t20.png,Restored,dentex,dentex:enum__train_503,reviewed,0
crops/enum__train_386__t08.png,Restored,dentex,dentex:enum__train_386,reviewed,0
crops/enum__train_24__t31.png,Impacted,dentex,dentex:enum__train_24,reviewed,0
crops/enum__train_525__t31.png,Impacted,dentex,dentex:enum__train_525,reviewed,0
crops/disease__train_565__t01.png,Impacted,dentex,dentex:disease__train_565,reviewed,0
crops/enum__train_601__t00.png,Impacted,dentex,dentex:enum__train_601,reviewed,0
crops/disease__train_362__t31.png,Impacted,dentex,dentex:disease__train_362,reviewed,0
crops/disease__train_204__t28.png,Impacted,dentex,dentex:disease__train_204,reviewed,0
crops/enum__train_290__t22.png,Impacted,dentex,dentex:enum__train_290,reviewed,0
crops/disease__train_399__t00.png,Impacted,dentex,dentex:disease__train_399,reviewed,1
crops/disease__train_236__t02.png,Impacted,dentex,dentex:disease__train_236,reviewed,0
crops/enum__train_539__t03.png,Endodontics,dentex,dentex:enum__train_539,reviewed,0
crops/disease__train_395__t20.png,Impacted,dentex,dentex:disease__train_395,reviewed,1
crops/disease__train_47__t00.png,Impacted,dentex,dentex:disease__train_47,reviewed,0
crops/disease__train_538__t10.png,Healthy,dentex,dentex:disease__train_538,reviewed,0
crops/enum__train_12__t02.png,Restored,dentex,dentex:enum__train_12,reviewed,0
crops/enum__train_150__t02.png,Endodontics,dentex,dentex:enum__train_150,reviewed,0
crops/disease__train_657__t00.png,Restored,dentex,dentex:disease__train_657,reviewed,0
crops/disease__train_44__t20.png,Restored,dentex,dentex:disease__train_44,reviewed,1
crops/disease__train_504__t01.png,Endodontics,dentex,dentex:disease__train_504,reviewed,0
crops/disease__train_514__t00.png,Impacted,dentex,dentex:disease__train_514,reviewed,0
crops/enum__train_553__t29.png,Endodontics,dentex,dentex:enum__train_553,reviewed,0
crops/disease__train_687__t23.png,Endodontics,dentex,dentex:disease__train_687,reviewed,0
crops/enum__train_230__t03.png,Endodontics,dentex,dentex:enum__train_230,reviewed,0
crops/disease__train_497__t27.png,Restored,dentex,dentex:disease__train_497,reviewed,0
crops/disease__train_136__t00.png,Impacted,dentex,dentex:disease__train_136,reviewed,0
crops/disease__train_1__t11.png,Restored,dentex,dentex:disease__train_1,reviewed,0
crops/enum__train_206__t07.png,Healthy,dentex,dentex:enum__train_206,reviewed,0
crops/disease__train_142__t27.png,Restored,dentex,dentex:disease__train_142,reviewed,0
crops/enum__train_547__t25.png,Implant,dentex,dentex:enum__train_547,reviewed,0
crops/disease__train_532__t17.png,Healthy,dentex,dentex:disease__train_532,reviewed,0
crops/disease__train_132__t12.png,Healthy,dentex,dentex:disease__train_132,reviewed,0
crops/disease__train_411__t28.png,Healthy,dentex,dentex:disease__train_411,reviewed,0
crops/disease__train_315__t05.png,Endodontics,dentex,dentex:disease__train_315,reviewed,0
crops/enum__train_285__t11.png,Endodontics,dentex,dentex:enum__train_285,reviewed,0
crops/enum__train_459__t22.png,Implant,dentex,dentex:enum__train_459,reviewed,0
crops/disease__train_436__t06.png,Healthy,dentex,dentex:disease__train_436,reviewed,0
crops/disease__train_64__t31.png,Impacted,dentex,dentex:disease__train_64,reviewed,0
crops/disease__train_655__t00.png,Impacted,dentex,dentex:disease__train_655,reviewed,0
crops/enum__train_266__t03.png,Restored,dentex,dentex:enum__train_266,reviewed,0
crops/disease__train_355__t23.png,Healthy,dentex,dentex:disease__train_355,reviewed,0
crops/disease__train_115__t22.png,Implant,dentex,dentex:disease__train_115,reviewed,0
crops/enum__train_341__t04.png,Healthy,dentex,dentex:enum__train_341,reviewed,0
crops/disease__train_629__t00.png,Impacted,dentex,dentex:disease__train_629,reviewed,0
crops/disease__train_420__t21.png,Restored,dentex,dentex:disease__train_420,reviewed,0
crops/disease__train_632__t00.png,Impacted,dentex,dentex:disease__train_632,reviewed,0
crops/disease__train_562__t02.png,Healthy,dentex,dentex:disease__train_562,reviewed,0
crops/disease__train_319__t22.png,Restored,dentex,dentex:disease__train_319,reviewed,0
crops/disease__train_495__t00.png,Impacted,dentex,dentex:disease__train_495,reviewed,0
crops/disease__train_702__t05.png,Healthy,dentex,dentex:disease__train_702,reviewed,0
crops/disease__train_422__t00.png,Impacted,dentex,dentex:disease__train_422,reviewed,0
crops/disease__train_618__t01.png,Impacted,dentex,dentex:disease__train_618,reviewed,0
crops/enum__train_404__t23.png,Restored,dentex,dentex:enum__train_404,reviewed,0
crops/disease__train_506__t00.png,Impacted,dentex,dentex:disease__train_506,reviewed,0
crops/disease__train_486__t06.png,Restored,dentex,dentex:disease__train_486,reviewed,0
crops/disease__train_412__t16.png,Healthy,dentex,dentex:disease__train_412,reviewed,0
crops/enum__train_319__t30.png,Healthy,dentex,dentex:enum__train_319,reviewed,0
crops/enum__train_473__t08.png,Healthy,dentex,dentex:enum__train_473,reviewed,0
crops/disease__train_472__t26.png,Impacted,dentex,dentex:disease__train_472,reviewed,0
crops/disease__train_633__t23.png,Impacted,dentex,dentex:disease__train_633,reviewed,0
crops/disease__train_623__t13.png,Endodontics,dentex,dentex:disease__train_623,reviewed,0
crops/disease__train_216__t28.png,Endodontics,dentex,dentex:disease__train_216,reviewed,0
crops/enum__train_64__t08.png,Healthy,dentex,dentex:enum__train_64,reviewed,0
crops/enum__train_16__t28.png,Healthy,dentex,dentex:enum__train_16,reviewed,0
crops/enum__train_263__t23.png,Healthy,dentex,dentex:enum__train_263,reviewed,0
crops/disease__train_579__t11.png,Healthy,dentex,dentex:disease__train_579,reviewed,0
crops/disease__train_580__t00.png,Impacted,dentex,dentex:disease__train_580,reviewed,0
crops/disease__train_464__t20.png,Healthy,dentex,dentex:disease__train_464,reviewed,0
crops/disease__train_284__t27.png,Impacted,dentex,dentex:disease__train_284,reviewed,1
crops/enum__train_242__t12.png,Implant,dentex,dentex:enum__train_242,reviewed,1
crops/disease__train_620__t28.png,Impacted,dentex,dentex:disease__train_620,reviewed,0
crops/enum__train_292__t30.png,Impacted,dentex,dentex:enum__train_292,reviewed,0
crops/disease__train_69__t17.png,Impacted,dentex,dentex:disease__train_69,reviewed,0
crops/disease__train_97__t00.png,Restored,dentex,dentex:disease__train_97,reviewed,0
crops/disease__train_34__t12.png,Restored,dentex,dentex:disease__train_34,reviewed,0
crops/disease__train_467__t16.png,Healthy,dentex,dentex:disease__train_467,reviewed,0
crops/disease__train_319__t21.png,Restored,dentex,dentex:disease__train_319,reviewed,0
crops/enum__train_525__t02.png,Impacted,dentex,dentex:enum__train_525,reviewed,0
crops/enum__train_169__t27.png,Impacted,dentex,dentex:enum__train_169,reviewed,0
crops/disease__train_438__t00.png,Impacted,dentex,dentex:disease__train_438,reviewed,0
crops/disease__train_97__t15.png,Healthy,dentex,dentex:disease__train_97,reviewed,0
crops/disease__train_436__t10.png,Healthy,dentex,dentex:disease__train_436,reviewed,0
crops/disease__train_657__t24.png,Restored,dentex,dentex:disease__train_657,reviewed,0
crops/disease__train_637__t12.png,Healthy,dentex,dentex:disease__train_637,reviewed,0
crops/enum__train_232__t00.png,Impacted,dentex,dentex:enum__train_232,reviewed,1
crops/disease__train_257__t01.png,Impacted,dentex,dentex:disease__train_257,reviewed,0
crops/enum__train_498__t08.png,Healthy,dentex,dentex:enum__train_498,reviewed,0
crops/disease__train_522__t09.png,Healthy,dentex,dentex:disease__train_522,reviewed,0
crops/disease__train_2__t00.png,Healthy,dentex,dentex:disease__train_2,reviewed,0
crops/disease__train_521__t17.png,Healthy,dentex,dentex:disease__train_521,reviewed,1
crops/enum__train_153__t03.png,Impacted,dentex,dentex:enum__train_153,reviewed,0
crops/disease__train_240__t02.png,Impacted,dentex,dentex:disease__train_240,reviewed,0
crops/disease__train_141__t25.png,Impacted,dentex,dentex:disease__train_141,reviewed,0
crops/disease__train_215__t29.png,Impacted,dentex,dentex:disease__train_215,reviewed,0
crops/disease__train_641__t26.png,Impacted,dentex,dentex:disease__train_641,reviewed,0
crops/disease__train_685__t02.png,Healthy,dentex,dentex:disease__train_685,reviewed,0
crops/disease__train_43__t00.png,Impacted,dentex,dentex:disease__train_43,reviewed,0
crops/disease__train_207__t26.png,Endodontics,dentex,dentex:disease__train_207,reviewed,0
crops/disease__train_45__t27.png,Healthy,dentex,dentex:disease__train_45,reviewed,0
crops/disease__train_7__t29.png,Impacted,dentex,dentex:disease__train_7,reviewed,0
crops/disease__train_467__t23.png,Healthy,dentex,dentex:disease__train_467,reviewed,0
crops/disease__train_689__t22.png,Impacted,dentex,dentex:disease__train_689,reviewed,0
crops/enum__train_616__t07.png,Endodontics,dentex,dentex:enum__train_616,reviewed,0
crops/disease__train_192__t17.png,Healthy,dentex,dentex:disease__train_192,reviewed,0
crops/disease__train_655__t29.png,Impacted,dentex,dentex:disease__train_655,reviewed,0
crops/disease__train_700__t20.png,Restored,dentex,dentex:disease__train_700,reviewed,0
crops/disease__train_105__t17.png,Endodontics,dentex,dentex:disease__train_105,reviewed,0
crops/enum__train_100__t22.png,Restored,dentex,dentex:enum__train_100,reviewed,0
crops/disease__train_79__t01.png,Impacted,dentex,dentex:disease__train_79,reviewed,0
crops/disease__train_487__t00.png,Impacted,dentex,dentex:disease__train_487,reviewed,0
crops/disease__train_632__t31.png,Impacted,dentex,dentex:disease__train_632,reviewed,0
crops/disease__train_652__t09.png,Healthy,dentex,dentex:disease__train_652,reviewed,0
crops/disease__train_353__t16.png,Healthy,dentex,dentex:disease__train_353,reviewed,0
crops/disease__train_236__t31.png,Impacted,dentex,dentex:disease__train_236,reviewed,0
crops/enum__train_108__t17.png,Restored,dentex,dentex:enum__train_108,reviewed,0
crops/disease__train_699__t03.png,Endodontics,dentex,dentex:disease__train_699,reviewed,0
crops/enum__train_225__t35.png,Impacted,dentex,dentex:enum__train_225,reviewed,0
crops/disease__train_372__t11.png,Healthy,dentex,dentex:disease__train_372,reviewed,0
crops/disease__train_473__t01.png,Healthy,dentex,dentex:disease__train_473,reviewed,0
crops/enum__train_528__t00.png,Impacted,dentex,dentex:enum__train_528,reviewed,0
crops/disease__train_373__t07.png,Healthy,dentex,dentex:disease__train_373,reviewed,0
crops/disease__train_395__t01.png,Restored,dentex,dentex:disease__train_395,reviewed,1
crops/disease__train_469__t10.png,Healthy,dentex,dentex:disease__train_469,reviewed,0
crops/disease__train_521__t06.png,Endodontics,dentex,dentex:disease__train_521,reviewed,1
crops/enum__train_357__t25.png,Healthy,dentex,dentex:enum__train_357,reviewed,0
crops/disease__train_603__t00.png,Impacted,dentex,dentex:disease__train_603,reviewed,0
crops/disease__train_593__t16.png,Endodontics,dentex,dentex:disease__train_593,reviewed,0
crops/disease__train_426__t08.png,Healthy,dentex,dentex:disease__train_426,reviewed,0
crops/disease__train_118__t21.png,Healthy,dentex,dentex:disease__train_118,reviewed,0
crops/disease__train_6__t14.png,Restored,dentex,dentex:disease__train_6,reviewed,1
crops/disease__train_425__t00.png,Impacted,dentex,dentex:disease__train_425,reviewed,0
crops/enum__train_156__t10.png,Healthy,dentex,dentex:enum__train_156,reviewed,0
crops/enum__train_69__t05.png,Endodontics,dentex,dentex:enum__train_69,reviewed,0
crops/enum__train_23__t00.png,Restored,dentex,dentex:enum__train_23,reviewed,0
crops/disease__train_209__t31.png,Healthy,dentex,dentex:disease__train_209,reviewed,0
crops/disease__train_539__t01.png,Impacted,dentex,dentex:disease__train_539,reviewed,0
crops/enum__train_622__t30.png,Impacted,dentex,dentex:enum__train_622,reviewed,0
crops/disease__train_13__t27.png,Impacted,dentex,dentex:disease__train_13,reviewed,0
crops/disease__train_284__t00.png,Impacted,dentex,dentex:disease__train_284,reviewed,1
crops/disease__train_380__t03.png,Endodontics,dentex,dentex:disease__train_380,reviewed,0
crops/disease__train_356__t20.png,Endodontics,dentex,dentex:disease__train_356,reviewed,0
crops/disease__train_668__t15.png,Healthy,dentex,dentex:disease__train_668,reviewed,0
crops/disease__train_620__t00.png,Impacted,dentex,dentex:disease__train_620,reviewed,0
crops/disease__train_545__t30.png,Impacted,dentex,dentex:disease__train_545,reviewed,0
crops/enum__train_357__t15.png,Healthy,dentex,dentex:enum__train_357,reviewed,0
crops/disease__train_88__t20.png,Endodontics,dentex,dentex:disease__train_88,reviewed,0
crops/disease__train_598__t05.png,Healthy,dentex,dentex:disease__train_598,reviewed,0
crops/enum__train_224__t31.png,Healthy,dentex,dentex:enum__train_224,reviewed,0
crops/disease__train_654__t11.png,Healthy,dentex,dentex:disease__train_654,reviewed,0
crops/disease__train_625__t01.png,Impacted,dentex,dentex:disease__train_625,reviewed,0
crops/enum__train_371__t24.png,Restored,dentex,dentex:enum__train_371,reviewed,0
crops/disease__train_527__t13.png,Restored,dentex,dentex:disease__train_527,reviewed,0
crops/disease__train_548__t26.png,Healthy,dentex,dentex:disease__train_548,reviewed,0
crops/enum__train_242__t16.png,Implant,dentex,dentex:enum__train_242,reviewed,1
crops/enum__train_395__t00.png,Impacted,dentex,dentex:enum__train_395,reviewed,0
crops/disease__train_590__t23.png,Healthy,dentex,dentex:disease__train_590,reviewed,0
crops/disease__train_632__t28.png,Restored,dentex,dentex:disease__train_632,reviewed,0
crops/disease__train_566__t00.png,Impacted,dentex,dentex:disease__train_566,reviewed,0
crops/disease__train_56__t00.png,Restored,dentex,dentex:disease__train_56,reviewed,0
crops/disease__train_399__t12.png,Healthy,dentex,dentex:disease__train_399,reviewed,1
crops/enum__train_473__t27.png,Impacted,dentex,dentex:enum__train_473,reviewed,0
crops/enum__train_350__t29.png,Impacted,dentex,dentex:enum__train_350,reviewed,0
crops/enum__train_526__t00.png,Impacted,dentex,dentex:enum__train_526,reviewed,0
crops/disease__train_550__t03.png,Endodontics,dentex,dentex:disease__train_550,reviewed,0
crops/enum__train_446__t04.png,Healthy,dentex,dentex:enum__train_446,reviewed,0
crops/enum__train_123__t19.png,Endodontics,dentex,dentex:enum__train_123,reviewed,0
crops/enum__train_393__t00.png,Impacted,dentex,dentex:enum__train_393,reviewed,0
crops/disease__train_539__t30.png,Impacted,dentex,dentex:disease__train_539,reviewed,0
crops/enum__train_200__t12.png,Healthy,dentex,dentex:enum__train_200,reviewed,0
crops/disease__train_63__t27.png,Healthy,dentex,dentex:disease__train_63,reviewed,0
crops/disease__train_30__t29.png,Impacted,dentex,dentex:disease__train_30,reviewed,0
crops/disease__train_267__t00.png,Impacted,dentex,dentex:disease__train_267,reviewed,0
crops/enum__train_399__t25.png,Impacted,dentex,dentex:enum__train_399,reviewed,0
crops/disease__train_423__t00.png,Impacted,dentex,dentex:disease__train_423,reviewed,0
crops/enum__train_81__t28.png,Healthy,dentex,dentex:enum__train_81,reviewed,0
crops/enum__train_353__t01.png,Impacted,dentex,dentex:enum__train_353,reviewed,0
crops/enum__train_292__t00.png,Impacted,dentex,dentex:enum__train_292,reviewed,0
crops/enum__train_301__t28.png,Healthy,dentex,dentex:enum__train_301,reviewed,0
crops/enum__train_508__t04.png,Implant,dentex,dentex:enum__train_508,reviewed,0
crops/disease__train_539__t10.png,Healthy,dentex,dentex:disease__train_539,reviewed,0
crops/enum__train_593__t25.png,Restored,dentex,dentex:enum__train_593,reviewed,0
crops/disease__train_18__t28.png,Endodontics,dentex,dentex:disease__train_18,reviewed,0
crops/enum__train_176__t21.png,Endodontics,dentex,dentex:enum__train_176,reviewed,0
crops/enum__train_285__t28.png,Impacted,dentex,dentex:enum__train_285,reviewed,0
crops/disease__train_637__t30.png,Healthy,dentex,dentex:disease__train_637,reviewed,0
crops/enum__train_389__t02.png,Endodontics,dentex,dentex:enum__train_389,reviewed,0
crops/disease__train_452__t12.png,Healthy,dentex,dentex:disease__train_452,reviewed,1
crops/disease__train_402__t20.png,Healthy,dentex,dentex:disease__train_402,reviewed,0
crops/enum__train_286__t15.png,Endodontics,dentex,dentex:enum__train_286,reviewed,0
crops/enum__train_582__t23.png,Healthy,dentex,dentex:enum__train_582,reviewed,0
crops/enum__train_503__t14.png,Healthy,dentex,dentex:enum__train_503,reviewed,0
crops/disease__train_621__t20.png,Restored,dentex,dentex:disease__train_621,reviewed,1
crops/disease__train_13__t01.png,Impacted,dentex,dentex:disease__train_13,reviewed,0
crops/disease__train_556__t09.png,Healthy,dentex,dentex:disease__train_556,reviewed,0
crops/disease__train_97__t14.png,Healthy,dentex,dentex:disease__train_97,reviewed,0
crops/disease__train_356__t00.png,Impacted,dentex,dentex:disease__train_356,reviewed,0
crops/disease__train_452__t11.png,Restored,dentex,dentex:disease__train_452,reviewed,1
crops/disease__train_281__t26.png,Endodontics,dentex,dentex:disease__train_281,reviewed,0
crops/disease__train_302__t17.png,Healthy,dentex,dentex:disease__train_302,reviewed,0
crops/enum__train_20__t30.png,Impacted,dentex,dentex:enum__train_20,reviewed,0
crops/disease__train_418__t00.png,Impacted,dentex,dentex:disease__train_418,reviewed,0
crops/disease__train_519__t20.png,Healthy,dentex,dentex:disease__train_519,reviewed,0
crops/enum__train_472__t15.png,Restored,dentex,dentex:enum__train_472,reviewed,0
crops/disease__train_1__t08.png,Restored,dentex,dentex:disease__train_1,reviewed,0
crops/enum__train_576__t02.png,Restored,dentex,dentex:enum__train_576,reviewed,0
crops/enum__train_290__t01.png,Healthy,dentex,dentex:enum__train_290,reviewed,0
crops/disease__train_252__t27.png,Impacted,dentex,dentex:disease__train_252,reviewed,0
crops/enum__train_626__t17.png,Endodontics,dentex,dentex:enum__train_626,reviewed,0
crops/enum__train_632__t01.png,Healthy,dentex,dentex:enum__train_632,reviewed,0
crops/enum__train_153__t32.png,Impacted,dentex,dentex:enum__train_153,reviewed,0
crops/disease__train_216__t00.png,Impacted,dentex,dentex:disease__train_216,reviewed,0
crops/disease__train_467__t04.png,Restored,dentex,dentex:disease__train_467,reviewed,0
crops/disease__train_164__t00.png,Restored,dentex,dentex:disease__train_164,reviewed,0
crops/disease__train_282__t27.png,Impacted,dentex,dentex:disease__train_282,reviewed,0
crops/disease__train_335__t01.png,Impacted,dentex,dentex:disease__train_335,reviewed,0
crops/disease__train_269__t11.png,Healthy,dentex,dentex:disease__train_269,reviewed,0
crops/disease__train_30__t05.png,Endodontics,dentex,dentex:disease__train_30,reviewed,0
crops/disease__train_24__t10.png,Implant,dentex,dentex:disease__train_24,reviewed,0
crops/enum__train_26__t10.png,Restored,dentex,dentex:enum__train_26,reviewed,0
crops/disease__train_7__t00.png,Impacted,dentex,dentex:disease__train_7,reviewed,0
crops/enum__train_185__t28.png,Impacted,dentex,dentex:enum__train_185,reviewed,0
crops/enum__train_208__t01.png,Healthy,dentex,dentex:enum__train_208,reviewed,0
crops/disease__train_395__t06.png,Implant,dentex,dentex:disease__train_395,reviewed,1
crops/disease__train_465__t23.png,Implant,dentex,dentex:disease__train_465,reviewed,1
crops/disease__train_380__t13.png,Healthy,dentex,dentex:disease__train_380,reviewed,0
crops/enum__train_188__t03.png,Healthy,dentex,dentex:enum__train_188,reviewed,0
crops/disease__train_617__t09.png,Healthy,dentex,dentex:disease__train_617,reviewed,0
crops/disease__train_280__t24.png,Healthy,dentex,dentex:disease__train_280,reviewed,0
crops/enum__train_292__t01.png,Impacted,dentex,dentex:enum__train_292,reviewed,0
crops/disease__train_381__t04.png,Endodontics,dentex,dentex:disease__train_381,reviewed,0
crops/disease__train_431__t27.png,Endodontics,dentex,dentex:disease__train_431,reviewed,0
crops/disease__train_487__t01.png,Impacted,dentex,dentex:disease__train_487,reviewed,0
crops/enum__train_605__t27.png,Healthy,dentex,dentex:enum__train_605,reviewed,0
crops/disease__train_128__t01.png,Impacted,dentex,dentex:disease__train_128,reviewed,0
crops/disease__train_563__t28.png,Impacted,dentex,dentex:disease__train_563,reviewed,0
crops/disease__train_557__t04.png,Endodontics,dentex,dentex:disease__train_557,reviewed,0
crops/enum__train_76__t03.png,Impacted,dentex,dentex:enum__train_76,reviewed,0
crops/disease__train_505__t01.png,Impacted,dentex,dentex:disease__train_505,reviewed,0
crops/disease__train_318__t03.png,Restored,dentex,dentex:disease__train_318,reviewed,0
crops/disease__train_495__t29.png,Impacted,dentex,dentex:disease__train_495,reviewed,0
crops/disease__train_462__t20.png,Restored,dentex,dentex:disease__train_462,reviewed,0
crops/enum__train_134__t18.png,Restored,dentex,dentex:enum__train_134,reviewed,0
crops/disease__train_487__t02.png,Healthy,dentex,dentex:disease__train_487,reviewed,0
crops/disease__train_461__t15.png,Endodontics,dentex,dentex:disease__train_461,reviewed,0
crops/enum__train_292__t27.png,Restored,dentex,dentex:enum__train_292,reviewed,0
crops/disease__train_674__t02.png,Restored,dentex,dentex:disease__train_674,reviewed,0
crops/enum__train_253__t06.png,Endodontics,dentex,dentex:enum__train_253,reviewed,0
crops/disease__train_694__t00.png,Impacted,dentex,dentex:disease__train_694,reviewed,1
crops/disease__train_257__t29.png,Impacted,dentex,dentex:disease__train_257,reviewed,0
crops/disease__train_550__t11.png,Endodontics,dentex,dentex:disease__train_550,reviewed,0
crops/disease__train_30__t03.png,Impacted,dentex,dentex:disease__train_30,reviewed,0
crops/disease__train_416__t00.png,Healthy,dentex,dentex:disease__train_416,reviewed,0
crops/disease__train_188__t09.png,Restored,dentex,dentex:disease__train_188,reviewed,0
crops/enum__train_339__t02.png,Healthy,dentex,dentex:enum__train_339,reviewed,0
crops/disease__train_451__t00.png,Restored,dentex,dentex:disease__train_451,reviewed,0
crops/disease__train_355__t22.png,Endodontics,dentex,dentex:disease__train_355,reviewed,0
crops/enum__train_399__t23.png,Restored,dentex,dentex:enum__train_399,reviewed,0
crops/disease__train_400__t23.png,Healthy,dentex,dentex:disease__train_400,reviewed,0
crops/disease__train_181__t12.png,Restored,dentex,dentex:disease__train_181,reviewed,0
crops/disease__train_499__t30.png,Impacted,dentex,dentex:disease__train_499,reviewed,1
crops/enum__train_366__t00.png,Impacted,dentex,dentex:enum__train_366,reviewed,0
crops/disease__train_396__t23.png,Healthy,dentex,dentex:disease__train_396,reviewed,0
crops/disease__train_452__t15.png,Healthy,dentex,dentex:disease__train_452,reviewed,1
crops/disease__train_219__t09.png,Healthy,dentex,dentex:disease__train_219,reviewed,0
crops/disease__train_488__t06.png,Implant,dentex,dentex:disease__train_488,reviewed,1
crops/enum__train_11__t31.png,Impacted,dentex,dentex:enum__train_11,reviewed,0
crops/enum__train_544__t00.png,Impacted,dentex,dentex:enum__train_544,reviewed,0
crops/disease__train_561__t19.png,Implant,dentex,dentex:disease__train_561,reviewed,0
crops/disease__train_468__t14.png,Healthy,dentex,dentex:disease__train_468,reviewed,0
crops/enum__train_626__t18.png,Restored,dentex,dentex:enum__train_626,reviewed,0
crops/disease__train_629__t31.png,Impacted,dentex,dentex:disease__train_629,reviewed,0
crops/enum__train_597__t27.png,Healthy,dentex,dentex:enum__train_597,reviewed,0
crops/enum__train_632__t28.png,Restored,dentex,dentex:enum__train_632,reviewed,0
crops/disease__train_132__t00.png,Impacted,dentex,dentex:disease__train_132,reviewed,0
crops/disease__train_694__t29.png,Impacted,dentex,dentex:disease__train_694,reviewed,1
crops/disease__train_372__t02.png,Impacted,dentex,dentex:disease__train_372,reviewed,0
crops/enum__train_201__t02.png,Impacted,dentex,dentex:enum__train_201,reviewed,0
crops/disease__train_461__t12.png,Endodontics,dentex,dentex:disease__train_461,reviewed,0
crops/disease__train_333__t11.png,Healthy,dentex,dentex:disease__train_333,reviewed,0
crops/disease__train_597__t07.png,Restored,dentex,dentex:disease__train_597,reviewed,0
crops/disease__train_515__t17.png,Endodontics,dentex,dentex:disease__train_515,reviewed,0
crops/disease__train_464__t07.png,Restored,dentex,dentex:disease__train_464,reviewed,0
crops/disease__train_224__t00.png,Impacted,dentex,dentex:disease__train_224,reviewed,0
crops/disease__train_318__t09.png,Restored,dentex,dentex:disease__train_318,reviewed,0
crops/enum__train_24__t00.png,Impacted,dentex,dentex:enum__train_24,reviewed,0
crops/enum__train_368__t13.png,Healthy,dentex,dentex:enum__train_368,reviewed,0
crops/disease__train_188__t01.png,Healthy,dentex,dentex:disease__train_188,reviewed,0
crops/disease__train_281__t01.png,Impacted,dentex,dentex:disease__train_281,reviewed,0
crops/disease__train_567__t03.png,Restored,dentex,dentex:disease__train_567,reviewed,0
crops/disease__train_16__t11.png,Healthy,dentex,dentex:disease__train_16,reviewed,1
crops/disease__train_626__t01.png,Healthy,dentex,dentex:disease__train_626,reviewed,0
crops/enum__train_604__t15.png,Endodontics,dentex,dentex:enum__train_604,reviewed,0
crops/disease__train_153__t27.png,Impacted,dentex,dentex:disease__train_153,reviewed,0
crops/enum__train_446__t00.png,Impacted,dentex,dentex:enum__train_446,reviewed,0
crops/disease__train_195__t30.png,Impacted,dentex,dentex:disease__train_195,reviewed,0
crops/enum__train_589__t03.png,Endodontics,dentex,dentex:enum__train_589,reviewed,0
crops/enum__train_227__t12.png,Healthy,dentex,dentex:enum__train_227,reviewed,1
crops/disease__train_507__t00.png,Impacted,dentex,dentex:disease__train_507,reviewed,0
crops/disease__train_122__t14.png,Endodontics,dentex,dentex:disease__train_122,reviewed,0
crops/disease__train_227__t13.png,Healthy,dentex,dentex:disease__train_227,reviewed,0
crops/disease__train_88__t21.png,Restored,dentex,dentex:disease__train_88,reviewed,0
crops/enum__train_272__t26.png,Impacted,dentex,dentex:enum__train_272,reviewed,0
crops/disease__train_537__t14.png,Healthy,dentex,dentex:disease__train_537,reviewed,0
crops/disease__train_534__t00.png,Healthy,dentex,dentex:disease__train_534,reviewed,0
crops/enum__train_242__t02.png,Implant,dentex,dentex:enum__train_242,reviewed,1
crops/enum__train_106__t12.png,Endodontics,dentex,dentex:enum__train_106,reviewed,0
crops/disease__train_226__t20.png,Endodontics,dentex,dentex:disease__train_226,reviewed,0
crops/disease__train_503__t29.png,Impacted,dentex,dentex:disease__train_503,reviewed,0
crops/disease__train_319__t05.png,Restored,dentex,dentex:disease__train_319,reviewed,0
crops/enum__train_106__t15.png,Endodontics,dentex,dentex:enum__train_106,reviewed,0
crops/disease__train_584__t28.png,Healthy,dentex,dentex:disease__train_584,reviewed,0
crops/disease__train_217__t26.png,Impacted,dentex,dentex:disease__train_217,reviewed,0
crops/enum__train_126__t23.png,Restored,dentex,dentex:enum__train_126,reviewed,0
crops/enum__train_76__t31.png,Impacted,dentex,dentex:enum__train_76,reviewed,0
crops/disease__train_692__t01.png,Healthy,dentex,dentex:disease__train_692,reviewed,0
crops/enum__train_219__t01.png,Restored,dentex,dentex:enum__train_219,reviewed,0
crops/disease__train_329__t07.png,Healthy,dentex,dentex:disease__train_329,reviewed,0
crops/disease__train_140__t28.png,Healthy,dentex,dentex:disease__train_140,reviewed,0
crops/enum__train_22__t23.png,Implant,dentex,dentex:enum__train_22,reviewed,0
crops/enum__train_173__t22.png,Healthy,dentex,dentex:enum__train_173,reviewed,1
crops/disease__train_352__t16.png,Healthy,dentex,dentex:disease__train_352,reviewed,0
crops/disease__train_297__t02.png,Endodontics,dentex,dentex:disease__train_297,reviewed,0
crops/disease__train_295__t09.png,Endodontics,dentex,dentex:disease__train_295,reviewed,0
crops/disease__train_145__t06.png,Restored,dentex,dentex:disease__train_145,reviewed,0
crops/disease__train_167__t09.png,Restored,dentex,dentex:disease__train_167,reviewed,0
crops/enum__train_22__t03.png,Implant,dentex,dentex:enum__train_22,reviewed,0
crops/disease__train_402__t00.png,Healthy,dentex,dentex:disease__train_402,reviewed,0
crops/disease__train_572__t07.png,Restored,dentex,dentex:disease__train_572,reviewed,0
crops/disease__train_561__t03.png,Healthy,dentex,dentex:disease__train_561,reviewed,0
crops/disease__train_272__t13.png,Healthy,dentex,dentex:disease__train_272,reviewed,0
crops/enum__train_15__t20.png,Endodontics,dentex,dentex:enum__train_15,reviewed,0
crops/disease__train_576__t05.png,Restored,dentex,dentex:disease__train_576,reviewed,0
crops/disease__train_437__t00.png,Impacted,dentex,dentex:disease__train_437,reviewed,0
crops/enum__train_11__t00.png,Impacted,dentex,dentex:enum__train_11,reviewed,0
crops/disease__train_179__t00.png,Impacted,dentex,dentex:disease__train_179,reviewed,0
crops/enum__train_26__t08.png,Healthy,dentex,dentex:enum__train_26,reviewed,0
crops/disease__train_272__t05.png,Healthy,dentex,dentex:disease__train_272,reviewed,0
crops/disease__train_132__t30.png,Impacted,dentex,dentex:disease__train_132,reviewed,0
crops/disease__train_617__t17.png,Restored,dentex,dentex:disease__train_617,reviewed,0
crops/disease__train_249__t16.png,Restored,dentex,dentex:disease__train_249,reviewed,0
crops/disease__train_387__t00.png,Impacted,dentex,dentex:disease__train_387,reviewed,0
crops/disease__train_530__t28.png,Impacted,dentex,dentex:disease__train_530,reviewed,0
crops/disease__train_604__t15.png,Healthy,dentex,dentex:disease__train_604,reviewed,0
crops/disease__train_495__t30.png,Impacted,dentex,dentex:disease__train_495,reviewed,0
crops/disease__train_0__t27.png,Healthy,dentex,dentex:disease__train_0,reviewed,0
crops/disease__train_628__t00.png,Healthy,dentex,dentex:disease__train_628,reviewed,0
crops/disease__train_562__t13.png,Healthy,dentex,dentex:disease__train_562,reviewed,0
crops/enum__train_34__t27.png,Implant,dentex,dentex:enum__train_34,reviewed,0
crops/disease__train_541__t00.png,Impacted,dentex,dentex:disease__train_541,reviewed,0
crops/enum__train_292__t29.png,Impacted,dentex,dentex:enum__train_292,reviewed,0
crops/enum__train_201__t26.png,Impacted,dentex,dentex:enum__train_201,reviewed,0
crops/enum__train_117__t04.png,Endodontics,dentex,dentex:enum__train_117,reviewed,0
crops/enum__train_275__t01.png,Impacted,dentex,dentex:enum__train_275,reviewed,0
crops/disease__train_26__t04.png,Healthy,dentex,dentex:disease__train_26,reviewed,0
crops/enum__train_232__t18.png,Healthy,dentex,dentex:enum__train_232,reviewed,1
crops/enum__train_393__t28.png,Restored,dentex,dentex:enum__train_393,reviewed,0
crops/enum__train_254__t05.png,Healthy,dentex,dentex:enum__train_254,reviewed,0
crops/disease__train_528__t00.png,Impacted,dentex,dentex:disease__train_528,reviewed,0
crops/enum__train_148__t00.png,Impacted,dentex,dentex:enum__train_148,reviewed,0
crops/enum__train_76__t00.png,Impacted,dentex,dentex:enum__train_76,reviewed,0
crops/disease__train_8__t21.png,Implant,dentex,dentex:disease__train_8,reviewed,0
crops/enum__train_235__t27.png,Endodontics,dentex,dentex:enum__train_235,reviewed,0
crops/enum__train_386__t18.png,Healthy,dentex,dentex:enum__train_386,reviewed,0
crops/disease__train_637__t14.png,Healthy,dentex,dentex:disease__train_637,reviewed,0
crops/enum__train_186__t11.png,Healthy,dentex,dentex:enum__train_186,reviewed,0
crops/disease__train_664__t25.png,Restored,dentex,dentex:disease__train_664,reviewed,0
crops/enum__train_247__t01.png,Restored,dentex,dentex:enum__train_247,reviewed,0
crops/disease__train_26__t24.png,Restored,dentex,dentex:disease__train_26,reviewed,0
crops/disease__train_348__t02.png,Impacted,dentex,dentex:disease__train_348,reviewed,0
crops/enum__train_285__t16.png,Endodontics,dentex,dentex:enum__train_285,reviewed,0
crops/disease__train_133__t18.png,Healthy,dentex,dentex:disease__train_133,reviewed,0
crops/enum__train_264__t27.png,Impacted,dentex,dentex:enum__train_264,reviewed,0
crops/disease__train_195__t00.png,Impacted,dentex,dentex:disease__train_195,reviewed,0
crops/enum__train_365__t26.png,Implant,dentex,dentex:enum__train_365,reviewed,0
crops/enum__train_504__t02.png,Restored,dentex,dentex:enum__train_504,reviewed,0
crops/disease__train_143__t25.png,Implant,dentex,dentex:disease__train_143,reviewed,1
crops/disease__train_507__t25.png,Impacted,dentex,dentex:disease__train_507,reviewed,0
crops/disease__train_193__t03.png,Healthy,dentex,dentex:disease__train_193,reviewed,0
crops/disease__train_384__t11.png,Healthy,dentex,dentex:disease__train_384,reviewed,0
crops/disease__train_148__t25.png,Endodontics,dentex,dentex:disease__train_148,reviewed,0
crops/enum__train_137__t04.png,Healthy,dentex,dentex:enum__train_137,reviewed,0
crops/enum__train_242__t14.png,Implant,dentex,dentex:enum__train_242,reviewed,1
crops/enum__train_505__t02.png,Impacted,dentex,dentex:enum__train_505,reviewed,0
crops/enum__train_250__t14.png,Healthy,dentex,dentex:enum__train_250,reviewed,0
crops/disease__train_240__t00.png,Impacted,dentex,dentex:disease__train_240,reviewed,0
crops/disease__train_176__t29.png,Healthy,dentex,dentex:disease__train_176,reviewed,0
crops/enum__train_122__t24.png,Healthy,dentex,dentex:enum__train_122,reviewed,0
crops/disease__train_415__t00.png,Impacted,dentex,dentex:disease__train_415,reviewed,0
crops/disease__train_292__t29.png,Impacted,dentex,dentex:disease__train_292,reviewed,0
crops/disease__train_197__t13.png,Healthy,dentex,dentex:disease__train_197,reviewed,0
crops/disease__train_611__t21.png,Implant,dentex,dentex:disease__train_611,reviewed,0
crops/disease__train_598__t28.png,Impacted,dentex,dentex:disease__train_598,reviewed,0
crops/enum__train_548__t32.png,Impacted,dentex,dentex:enum__train_548,reviewed,0
crops/disease__train_452__t00.png,Healthy,dentex,dentex:disease__train_452,reviewed,1
crops/disease__train_357__t13.png,Restored,dentex,dentex:disease__train_357,reviewed,0
crops/disease__train_118__t11.png,Healthy,dentex,dentex:disease__train_118,reviewed,0
crops/enum__train_528__t31.png,Impacted,dentex,dentex:enum__train_528,reviewed,0
crops/disease__train_124__t27.png,Endodontics,dentex,dentex:disease__train_124,reviewed,0
crops/enum__train_125__t30.png,Impacted,dentex,dentex:enum__train_125,reviewed,0
crops/disease__train_73__t02.png,Endodontics,dentex,dentex:disease__train_73,reviewed,0
crops/disease__train_134__t03.png,Healthy,dentex,dentex:disease__train_134,reviewed,0
crops/disease__train_212__t00.png,Impacted,dentex,dentex:disease__train_212,reviewed,0
crops/enum__train_257__t00.png,Impacted,dentex,dentex:enum__train_257,reviewed,0
crops/disease__train_30__t31.png,Impacted,dentex,dentex:disease__train_30,reviewed,0
crops/disease__train_635__t22.png,Endodontics,dentex,dentex:disease__train_635,reviewed,0
crops/disease__train_275__t05.png,Endodontics,dentex,dentex:disease__train_275,reviewed,1
crops/enum__train_164__t11.png,Healthy,dentex,dentex:enum__train_164,reviewed,0
crops/disease__train_146__t27.png,Healthy,dentex,dentex:disease__train_146,reviewed,0
crops/disease__train_653__t24.png,Endodontics,dentex,dentex:disease__train_653,reviewed,0
crops/disease__train_545__t20.png,Healthy,dentex,dentex:disease__train_545,reviewed,0
crops/enum__train_60__t06.png,Endodontics,dentex,dentex:enum__train_60,reviewed,0
crops/disease__train_74__t08.png,Healthy,dentex,dentex:disease__train_74,reviewed,0
crops/disease__train_304__t08.png,Endodontics,dentex,dentex:disease__train_304,reviewed,0
crops/disease__train_220__t00.png,Impacted,dentex,dentex:disease__train_220,reviewed,0
crops/disease__train_467__t12.png,Implant,dentex,dentex:disease__train_467,reviewed,0
crops/disease__train_566__t26.png,Healthy,dentex,dentex:disease__train_566,reviewed,0
crops/disease__train_214__t06.png,Endodontics,dentex,dentex:disease__train_214,reviewed,0
crops/disease__train_446__t15.png,Healthy,dentex,dentex:disease__train_446,reviewed,0
crops/enum__train_235__t24.png,Endodontics,dentex,dentex:enum__train_235,reviewed,0
crops/disease__train_187__t02.png,Healthy,dentex,dentex:disease__train_187,reviewed,0
crops/disease__train_651__t07.png,Healthy,dentex,dentex:disease__train_651,reviewed,0
crops/disease__train_198__t30.png,Impacted,dentex,dentex:disease__train_198,reviewed,0
crops/disease__train_524__t12.png,Healthy,dentex,dentex:disease__train_524,reviewed,0
crops/disease__train_634__t06.png,Healthy,dentex,dentex:disease__train_634,reviewed,0
crops/enum__train_614__t00.png,Impacted,dentex,dentex:enum__train_614,reviewed,0
crops/disease__train_133__t21.png,Endodontics,dentex,dentex:disease__train_133,reviewed,0
crops/disease__train_683__t00.png,Impacted,dentex,dentex:disease__train_683,reviewed,0
crops/enum__train_249__t00.png,Impacted,dentex,dentex:enum__train_249,reviewed,0
crops/disease__train_400__t02.png,Restored,dentex,dentex:disease__train_400,reviewed,0
crops/disease__train_204__t26.png,Healthy,dentex,dentex:disease__train_204,reviewed,0
crops/enum__train_492__t18.png,Implant,dentex,dentex:enum__train_492,reviewed,0
crops/disease__train_653__t26.png,Restored,dentex,dentex:disease__train_653,reviewed,0
crops/disease__train_74__t21.png,Healthy,dentex,dentex:disease__train_74,reviewed,0
crops/disease__train_271__t18.png,Restored,dentex,dentex:disease__train_271,reviewed,0
crops/disease__train_147__t07.png,Restored,dentex,dentex:disease__train_147,reviewed,0
crops/enum__train_614__t12.png,Restored,dentex,dentex:enum__train_614,reviewed,0
crops/enum__train_508__t07.png,Implant,dentex,dentex:enum__train_508,reviewed,0
crops/disease__train_309__t29.png,Impacted,dentex,dentex:disease__train_309,reviewed,0
crops/enum__train_362__t00.png,Healthy,dentex,dentex:enum__train_362,reviewed,0
crops/disease__train_169__t06.png,Endodontics,dentex,dentex:disease__train_169,reviewed,0
crops/disease__train_656__t26.png,Restored,dentex,dentex:disease__train_656,reviewed,0
crops/disease__train_381__t05.png,Endodontics,dentex,dentex:disease__train_381,reviewed,0
crops/disease__train_495__t19.png,Healthy,dentex,dentex:disease__train_495,reviewed,0
crops/disease__train_545__t00.png,Impacted,dentex,dentex:disease__train_545,reviewed,0
crops/enum__train_12__t05.png,Endodontics,dentex,dentex:enum__train_12,reviewed,0
crops/enum__train_459__t19.png,Implant,dentex,dentex:enum__train_459,reviewed,0
crops/enum__train_304__t00.png,Impacted,dentex,dentex:enum__train_304,reviewed,0
crops/disease__train_686__t26.png,Healthy,dentex,dentex:disease__train_686,reviewed,1
crops/enum__train_436__t15.png,Implant,dentex,dentex:enum__train_436,reviewed,0
crops/disease__train_125__t13.png,Restored,dentex,dentex:disease__train_125,reviewed,0
crops/disease__train_329__t00.png,Healthy,dentex,dentex:disease__train_329,reviewed,0
crops/disease__train_628__t02.png,Healthy,dentex,dentex:disease__train_628,reviewed,0
crops/disease__train_320__t02.png,Healthy,dentex,dentex:disease__train_320,reviewed,0
crops/disease__train_673__t00.png,Impacted,dentex,dentex:disease__train_673,reviewed,0
crops/enum__train_399__t00.png,Impacted,dentex,dentex:enum__train_399,reviewed,0
crops/disease__train_556__t00.png,Impacted,dentex,dentex:disease__train_556,reviewed,0
crops/enum__train_596__t00.png,Impacted,dentex,dentex:enum__train_596,reviewed,0
crops/enum__train_44__t26.png,Healthy,dentex,dentex:enum__train_44,reviewed,0
crops/disease__train_289__t01.png,Restored,dentex,dentex:disease__train_289,reviewed,0
crops/enum__train_414__t01.png,Restored,dentex,dentex:enum__train_414,reviewed,0
crops/enum__train_608__t10.png,Healthy,dentex,dentex:enum__train_608,reviewed,0
crops/disease__train_515__t06.png,Endodontics,dentex,dentex:disease__train_515,reviewed,0
crops/disease__train_509__t01.png,Impacted,dentex,dentex:disease__train_509,reviewed,0
crops/disease__train_364__t04.png,Restored,dentex,dentex:disease__train_364,reviewed,0
crops/disease__train_693__t01.png,Impacted,dentex,dentex:disease__train_693,reviewed,0
crops/disease__train_124__t32.png,Impacted,dentex,dentex:disease__train_124,reviewed,0
crops/enum__train_525__t00.png,Impacted,dentex,dentex:enum__train_525,reviewed,0
crops/enum__train_69__t04.png,Restored,dentex,dentex:enum__train_69,reviewed,0
crops/disease__train_284__t28.png,Impacted,dentex,dentex:disease__train_284,reviewed,1
crops/disease__train_241__t15.png,Healthy,dentex,dentex:disease__train_241,reviewed,0
crops/disease__train_107__t15.png,Healthy,dentex,dentex:disease__train_107,reviewed,0
crops/disease__train_359__t00.png,Impacted,dentex,dentex:disease__train_359,reviewed,0
crops/disease__train_395__t07.png,Endodontics,dentex,dentex:disease__train_395,reviewed,1
crops/disease__train_359__t03.png,Endodontics,dentex,dentex:disease__train_359,reviewed,0
crops/enum__train_99__t01.png,Healthy,dentex,dentex:enum__train_99,reviewed,1
crops/enum__train_280__t00.png,Impacted,dentex,dentex:enum__train_280,reviewed,0
crops/disease__train_453__t24.png,Healthy,dentex,dentex:disease__train_453,reviewed,0
crops/enum__train_604__t07.png,Healthy,dentex,dentex:enum__train_604,reviewed,0
crops/disease__train_611__t00.png,Implant,dentex,dentex:disease__train_611,reviewed,0
crops/disease__train_540__t00.png,Impacted,dentex,dentex:disease__train_540,reviewed,0
crops/disease__train_97__t11.png,Implant,dentex,dentex:disease__train_97,reviewed,0
crops/enum__train_176__t00.png,Impacted,dentex,dentex:enum__train_176,reviewed,0
crops/enum__train_295__t01.png,Impacted,dentex,dentex:enum__train_295,reviewed,0
crops/disease__train_442__t00.png,Restored,dentex,dentex:disease__train_442,reviewed,0
crops/disease__train_605__t23.png,Healthy,dentex,dentex:disease__train_605,reviewed,0
crops/disease__train_542__t09.png,Healthy,dentex,dentex:disease__train_542,reviewed,0
crops/enum__train_242__t13.png,Implant,dentex,dentex:enum__train_242,reviewed,1
crops/disease__train_613__t00.png,Restored,dentex,dentex:disease__train_613,reviewed,0
crops/enum__train_370__t19.png,Healthy,dentex,dentex:enum__train_370,reviewed,0
crops/disease__train_584__t01.png,Impacted,dentex,dentex:disease__train_584,reviewed,0
crops/disease__train_567__t16.png,Healthy,dentex,dentex:disease__train_567,reviewed,0
crops/disease__train_490__t24.png,Restored,dentex,dentex:disease__train_490,reviewed,1
crops/disease__train_565__t00.png,Impacted,dentex,dentex:disease__train_565,reviewed,0
crops/disease__train_107__t01.png,Healthy,dentex,dentex:disease__train_107,reviewed,0
crops/disease__train_3__t15.png,Healthy,dentex,dentex:disease__train_3,reviewed,0
crops/disease__train_451__t06.png,Restored,dentex,dentex:disease__train_451,reviewed,0
crops/enum__train_416__t00.png,Impacted,dentex,dentex:enum__train_416,reviewed,0
crops/enum__train_353__t19.png,Healthy,dentex,dentex:enum__train_353,reviewed,0
crops/disease__train_367__t25.png,Restored,dentex,dentex:disease__train_367,reviewed,0
crops/disease__train_568__t06.png,Restored,dentex,dentex:disease__train_568,reviewed,0
crops/disease__train_385__t02.png,Endodontics,dentex,dentex:disease__train_385,reviewed,1
crops/enum__train_147__t00.png,Impacted,dentex,dentex:enum__train_147,reviewed,0
crops/enum__train_108__t22.png,Endodontics,dentex,dentex:enum__train_108,reviewed,0
crops/disease__train_184__t14.png,Healthy,dentex,dentex:disease__train_184,reviewed,0
crops/disease__train_46__t28.png,Impacted,dentex,dentex:disease__train_46,reviewed,0
crops/disease__train_224__t24.png,Impacted,dentex,dentex:disease__train_224,reviewed,0
crops/enum__train_110__t28.png,Healthy,dentex,dentex:enum__train_110,reviewed,0
crops/enum__train_574__t00.png,Healthy,dentex,dentex:enum__train_574,reviewed,0
crops/disease__train_96__t13.png,Healthy,dentex,dentex:disease__train_96,reviewed,0
crops/disease__train_128__t28.png,Impacted,dentex,dentex:disease__train_128,reviewed,0
crops/disease__train_321__t20.png,Healthy,dentex,dentex:disease__train_321,reviewed,0
crops/disease__train_667__t00.png,Impacted,dentex,dentex:disease__train_667,reviewed,0
crops/disease__train_293__t07.png,Healthy,dentex,dentex:disease__train_293,reviewed,0
crops/enum__train_470__t29.png,Impacted,dentex,dentex:enum__train_470,reviewed,0
crops/disease__train_320__t23.png,Restored,dentex,dentex:disease__train_320,reviewed,0
crops/disease__train_120__t21.png,Restored,dentex,dentex:disease__train_120,reviewed,0
crops/disease__train_100__t09.png,Healthy,dentex,dentex:disease__train_100,reviewed,0
crops/disease__train_255__t27.png,Impacted,dentex,dentex:disease__train_255,reviewed,0
crops/disease__train_67__t02.png,Endodontics,dentex,dentex:disease__train_67,reviewed,0
crops/enum__train_232__t02.png,Healthy,dentex,dentex:enum__train_232,reviewed,1
crops/disease__train_664__t04.png,Implant,dentex,dentex:disease__train_664,reviewed,0
crops/disease__train_620__t27.png,Impacted,dentex,dentex:disease__train_620,reviewed,0
crops/enum__train_122__t26.png,Impacted,dentex,dentex:enum__train_122,reviewed,0
crops/enum__train_526__t13.png,Healthy,dentex,dentex:enum__train_526,reviewed,0
crops/enum__train_44__t00.png,Impacted,dentex,dentex:enum__train_44,reviewed,0
crops/disease__train_138__t13.png,Endodontics,dentex,dentex:disease__train_138,reviewed,0
crops/disease__train_270__t02.png,Impacted,dentex,dentex:disease__train_270,reviewed,0
crops/disease__train_499__t00.png,Impacted,dentex,dentex:disease__train_499,reviewed,1
crops/enum__train_576__t24.png,Restored,dentex,dentex:enum__train_576,reviewed,0
crops/disease__train_359__t29.png,Impacted,dentex,dentex:disease__train_359,reviewed,0
crops/enum__train_504__t18.png,Endodontics,dentex,dentex:enum__train_504,reviewed,0
crops/enum__train_12__t16.png,Healthy,dentex,dentex:enum__train_12,reviewed,0
crops/enum__train_523__t14.png,Restored,dentex,dentex:enum__train_523,reviewed,0
crops/enum__train_150__t26.png,Restored,dentex,dentex:enum__train_150,reviewed,0
crops/enum__train_427__t00.png,Impacted,dentex,dentex:enum__train_427,reviewed,0
crops/disease__train_104__t05.png,Healthy,dentex,dentex:disease__train_104,reviewed,0
crops/disease__train_625__t30.png,Impacted,dentex,dentex:disease__train_625,reviewed,0
crops/disease__train_362__t00.png,Impacted,dentex,dentex:disease__train_362,reviewed,0
crops/disease__train_36__t25.png,Healthy,dentex,dentex:disease__train_36,reviewed,0
crops/disease__train_174__t00.png,Restored,dentex,dentex:disease__train_174,reviewed,0
crops/enum__train_344__t27.png,Impacted,dentex,dentex:enum__train_344,reviewed,0
crops/disease__train_691__t00.png,Healthy,dentex,dentex:disease__train_691,reviewed,0
crops/enum__train_184__t06.png,Restored,dentex,dentex:enum__train_184,reviewed,0
crops/disease__train_115__t23.png,Implant,dentex,dentex:disease__train_115,reviewed,0
crops/enum__train_42__t17.png,Implant,dentex,dentex:enum__train_42,reviewed,0
crops/enum__train_249__t14.png,Healthy,dentex,dentex:enum__train_249,reviewed,0
crops/enum__train_418__t07.png,Healthy,dentex,dentex:enum__train_418,reviewed,0
crops/disease__train_125__t00.png,Impacted,dentex,dentex:disease__train_125,reviewed,0
crops/disease__train_267__t27.png,Impacted,dentex,dentex:disease__train_267,reviewed,0
crops/disease__train_490__t00.png,Healthy,dentex,dentex:disease__train_490,reviewed,1
crops/enum__train_382__t00.png,Endodontics,dentex,dentex:enum__train_382,reviewed,0
crops/disease__train_473__t23.png,Restored,dentex,dentex:disease__train_473,reviewed,0
crops/enum__train_312__t09.png,Restored,dentex,dentex:enum__train_312,reviewed,0
crops/disease__train_616__t20.png,Endodontics,dentex,dentex:disease__train_616,reviewed,0
crops/disease__train_283__t21.png,Healthy,dentex,dentex:disease__train_283,reviewed,0
crops/enum__train_601__t31.png,Impacted,dentex,dentex:enum__train_601,reviewed,0
crops/disease__train_343__t29.png,Healthy,dentex,dentex:disease__train_343,reviewed,0
crops/disease__train_645__t24.png,Endodontics,dentex,dentex:disease__train_645,reviewed,0
crops/disease__train_18__t30.png,Healthy,dentex,dentex:disease__train_18,reviewed,0
crops/disease__train_542__t22.png,Healthy,dentex,dentex:disease__train_542,reviewed,0
crops/enum__train_515__t26.png,Healthy,dentex,dentex:enum__train_515,reviewed,0
crops/enum__train_265__t01.png,Healthy,dentex,dentex:enum__train_265,reviewed,0
crops/disease__train_178__t02.png,Restored,dentex,dentex:disease__train_178,reviewed,0
crops/enum__train_607__t23.png,Healthy,dentex,dentex:enum__train_607,reviewed,0
crops/disease__train_627__t00.png,Impacted,dentex,dentex:disease__train_627,reviewed,0
crops/disease__train_360__t23.png,Healthy,dentex,dentex:disease__train_360,reviewed,0
crops/enum__train_180__t26.png,Restored,dentex,dentex:enum__train_180,reviewed,0
crops/disease__train_34__t19.png,Restored,dentex,dentex:disease__train_34,reviewed,0
crops/disease__train_447__t13.png,Healthy,dentex,dentex:disease__train_447,reviewed,0
crops/disease__train_24__t02.png,Implant,dentex,dentex:disease__train_24,reviewed,0
crops/enum__train_398__t06.png,Implant,dentex,dentex:enum__train_398,reviewed,0
crops/disease__train_184__t04.png,Healthy,dentex,dentex:disease__train_184,reviewed,0
crops/disease__train_265__t06.png,Implant,dentex,dentex:disease__train_265,reviewed,0
crops/enum__train_632__t00.png,Impacted,dentex,dentex:enum__train_632,reviewed,0
crops/enum__train_223__t17.png,Restored,dentex,dentex:enum__train_223,reviewed,0
crops/disease__train_16__t16.png,Healthy,dentex,dentex:disease__train_16,reviewed,1
crops/disease__train_90__t00.png,Impacted,dentex,dentex:disease__train_90,reviewed,0
crops/disease__train_104__t28.png,Impacted,dentex,dentex:disease__train_104,reviewed,0
crops/disease__train_386__t28.png,Healthy,dentex,dentex:disease__train_386,reviewed,0
crops/disease__train_130__t10.png,Healthy,dentex,dentex:disease__train_130,reviewed,0
crops/disease__train_161__t23.png,Healthy,dentex,dentex:disease__train_161,reviewed,0
crops/enum__train_31__t06.png,Healthy,dentex,dentex:enum__train_31,reviewed,0
crops/disease__train_450__t12.png,Endodontics,dentex,dentex:disease__train_450,reviewed,0
crops/enum__train_280__t27.png,Impacted,dentex,dentex:enum__train_280,reviewed,0
crops/disease__train_240__t30.png,Impacted,dentex,dentex:disease__train_240,reviewed,0
crops/disease__train_611__t17.png,Implant,dentex,dentex:disease__train_611,reviewed,0
crops/enum__train_368__t19.png,Endodontics,dentex,dentex:enum__train_368,reviewed,0
crops/enum__train_340__t00.png,Impacted,dentex,dentex:enum__train_340,reviewed,0
crops/disease__train_292__t31.png,Impacted,dentex,dentex:disease__train_292,reviewed,0
crops/enum__train_353__t00.png,Impacted,dentex,dentex:enum__train_353,reviewed,0
crops/disease__train_383__t05.png,Restored,dentex,dentex:disease__train_383,reviewed,0
crops/disease__train_294__t20.png,Restored,dentex,dentex:disease__train_294,reviewed,0
crops/disease__train_292__t18.png,Healthy,dentex,dentex:disease__train_292,reviewed,0
crops/disease__train_35__t11.png,Healthy,dentex,dentex:disease__train_35,reviewed,0
crops/disease__train_249__t24.png,Restored,dentex,dentex:disease__train_249,reviewed,0
crops/enum__train_10__t07.png,Healthy,dentex,dentex:enum__train_10,reviewed,0
crops/disease__train_303__t29.png,Healthy,dentex,dentex:disease__train_303,reviewed,0
crops/disease__train_263__t14.png,Healthy,dentex,dentex:disease__train_263,reviewed,0
crops/disease__train_160__t30.png,Impacted,dentex,dentex:disease__train_160,reviewed,0
crops/enum__train_421__t03.png,Restored,dentex,dentex:enum__train_421,reviewed,0
crops/disease__train_544__t24.png,Healthy,dentex,dentex:disease__train_544,reviewed,0
crops/enum__train_125__t00.png,Impacted,dentex,dentex:enum__train_125,reviewed,0
crops/disease__train_686__t28.png,Impacted,dentex,dentex:disease__train_686,reviewed,1
crops/disease__train_223__t02.png,Restored,dentex,dentex:disease__train_223,reviewed,0
crops/enum__train_235__t02.png,Healthy,dentex,dentex:enum__train_235,reviewed,0
crops/disease__train_554__t29.png,Impacted,dentex,dentex:disease__train_554,reviewed,0
crops/enum__train_108__t15.png,Endodontics,dentex,dentex:enum__train_108,reviewed,0
crops/disease__train_701__t03.png,Restored,dentex,dentex:disease__train_701,reviewed,0
crops/disease__train_448__t00.png,Healthy,dentex,dentex:disease__train_448,reviewed,0
crops/disease__train_664__t06.png,Restored,dentex,dentex:disease__train_664,reviewed,0
crops/disease__train_488__t04.png,Implant,dentex,dentex:disease__train_488,reviewed,1
crops/disease__train_674__t21.png,Healthy,dentex,dentex:disease__train_674,reviewed,0
crops/enum__train_112__t00.png,Impacted,dentex,dentex:enum__train_112,reviewed,0
crops/disease__train_272__t04.png,Healthy,dentex,dentex:disease__train_272,reviewed,0
crops/disease__train_480__t24.png,Healthy,dentex,dentex:disease__train_480,reviewed,0
crops/disease__train_404__t00.png,Healthy,dentex,dentex:disease__train_404,reviewed,0
crops/enum__train_112__t30.png,Impacted,dentex,dentex:enum__train_112,reviewed,0
crops/disease__train_507__t26.png,Impacted,dentex,dentex:disease__train_507,reviewed,0
crops/disease__train_664__t27.png,Implant,dentex,dentex:disease__train_664,reviewed,0
crops/disease__train_55__t20.png,Restored,dentex,dentex:disease__train_55,reviewed,0
crops/enum__train_4__t04.png,Healthy,dentex,dentex:enum__train_4,reviewed,0
crops/enum__train_394__t25.png,Impacted,dentex,dentex:enum__train_394,reviewed,0
crops/disease__train_408__t27.png,Healthy,dentex,dentex:disease__train_408,reviewed,0
crops/disease__train_404__t30.png,Healthy,dentex,dentex:disease__train_404,reviewed,0
crops/enum__train_548__t31.png,Impacted,dentex,dentex:enum__train_548,reviewed,0
crops/disease__train_234__t02.png,Healthy,dentex,dentex:disease__train_234,reviewed,0
crops/disease__train_123__t27.png,Healthy,dentex,dentex:disease__train_123,reviewed,0
crops/disease__train_270__t24.png,Endodontics,dentex,dentex:disease__train_270,reviewed,0
crops/disease__train_247__t25.png,Impacted,dentex,dentex:disease__train_247,reviewed,0
crops/disease__train_577__t23.png,Implant,dentex,dentex:disease__train_577,reviewed,1
crops/enum__train_556__t02.png,Healthy,dentex,dentex:enum__train_556,reviewed,0
crops/disease__train_623__t20.png,Implant,dentex,dentex:disease__train_623,reviewed,0
crops/disease__train_580__t01.png,Impacted,dentex,dentex:disease__train_580,reviewed,0
crops/enum__train_340__t30.png,Impacted,dentex,dentex:enum__train_340,reviewed,0
crops/disease__train_452__t18.png,Restored,dentex,dentex:disease__train_452,reviewed,1
crops/enum__train_1__t02.png,Restored,dentex,dentex:enum__train_1,reviewed,0
crops/disease__train_406__t22.png,Impacted,dentex,dentex:disease__train_406,reviewed,1
crops/disease__train_369__t19.png,Healthy,dentex,dentex:disease__train_369,reviewed,0
crops/disease__train_109__t03.png,Restored,dentex,dentex:disease__train_109,reviewed,0
crops/disease__train_621__t23.png,Impacted,dentex,dentex:disease__train_621,reviewed,1
crops/disease__train_684__t00.png,Healthy,dentex,dentex:disease__train_684,reviewed,0
crops/enum__train_219__t00.png,Impacted,dentex,dentex:enum__train_219,reviewed,0
crops/disease__train_266__t02.png,Healthy,dentex,dentex:disease__train_266,reviewed,0
crops/enum__train_526__t17.png,Restored,dentex,dentex:enum__train_526,reviewed,0
crops/enum__train_459__t24.png,Implant,dentex,dentex:enum__train_459,reviewed,0
crops/disease__train_592__t20.png,Implant,dentex,dentex:disease__train_592,reviewed,0
crops/disease__train_236__t30.png,Impacted,dentex,dentex:disease__train_236,reviewed,0
crops/enum__train_554__t29.png,Impacted,dentex,dentex:enum__train_554,reviewed,0
crops/disease__train_399__t30.png,Impacted,dentex,dentex:disease__train_399,reviewed,1
crops/disease__train_36__t01.png,Impacted,dentex,dentex:disease__train_36,reviewed,0
crops/enum__train_75__t11.png,Healthy,dentex,dentex:enum__train_75,reviewed,0
crops/enum__train_316__t26.png,Healthy,dentex,dentex:enum__train_316,reviewed,0
crops/enum__train_66__t02.png,Implant,dentex,dentex:enum__train_66,reviewed,0
crops/disease__train_56__t01.png,Restored,dentex,dentex:disease__train_56,reviewed,0
crops/disease__train_187__t30.png,Impacted,dentex,dentex:disease__train_187,reviewed,0
crops/disease__train_29__t24.png,Endodontics,dentex,dentex:disease__train_29,reviewed,0
crops/enum__train_139__t26.png,Endodontics,dentex,dentex:enum__train_139,reviewed,0
crops/disease__train_335__t02.png,Healthy,dentex,dentex:disease__train_335,reviewed,0
crops/enum__train_264__t03.png,Endodontics,dentex,dentex:enum__train_264,reviewed,0
crops/disease__train_39__t13.png,Healthy,dentex,dentex:disease__train_39,reviewed,0
crops/enum__train_549__t00.png,Healthy,dentex,dentex:enum__train_549,reviewed,0
crops/enum__train_347__t00.png,Impacted,dentex,dentex:enum__train_347,reviewed,0
crops/enum__train_246__t24.png,Healthy,dentex,dentex:enum__train_246,reviewed,0
crops/disease__train_34__t00.png,Healthy,dentex,dentex:disease__train_34,reviewed,0
crops/disease__train_174__t11.png,Restored,dentex,dentex:disease__train_174,reviewed,0
crops/enum__train_242__t05.png,Implant,dentex,dentex:enum__train_242,reviewed,1
crops/disease__train_252__t00.png,Impacted,dentex,dentex:disease__train_252,reviewed,0
crops/disease__train_423__t01.png,Impacted,dentex,dentex:disease__train_423,reviewed,0
crops/enum__train_319__t06.png,Healthy,dentex,dentex:enum__train_319,reviewed,0
crops/disease__train_394__t11.png,Healthy,dentex,dentex:disease__train_394,reviewed,0
crops/disease__train_699__t04.png,Implant,dentex,dentex:disease__train_699,reviewed,0
crops/enum__train_120__t01.png,Impacted,dentex,dentex:enum__train_120,reviewed,0
crops/disease__train_339__t00.png,Impacted,dentex,dentex:disease__train_339,reviewed,1
crops/enum__train_286__t18.png,Restored,dentex,dentex:enum__train_286,reviewed,0
crops/disease__train_110__t32.png,Impacted,dentex,dentex:disease__train_110,reviewed,0
crops/enum__train_340__t01.png,Healthy,dentex,dentex:enum__train_340,reviewed,0
crops/disease__train_443__t15.png,Restored,dentex,dentex:disease__train_443,reviewed,0
crops/disease__train_321__t09.png,Healthy,dentex,dentex:disease__train_321,reviewed,0
crops/disease__train_18__t01.png,Impacted,dentex,dentex:disease__train_18,reviewed,0
crops/enum__train_492__t15.png,Implant,dentex,dentex:enum__train_492,reviewed,0
crops/disease__train_537__t25.png,Healthy,dentex,dentex:disease__train_537,reviewed,0
crops/disease__train_537__t21.png,Healthy,dentex,dentex:disease__train_537,reviewed,0
crops/enum__train_45__t05.png,Endodontics,dentex,dentex:enum__train_45,reviewed,0
crops/disease__train_121__t01.png,Healthy,dentex,dentex:disease__train_121,reviewed,0
crops/disease__train_324__t03.png,Endodontics,dentex,dentex:disease__train_324,reviewed,0
crops/disease__train_536__t27.png,Healthy,dentex,dentex:disease__train_536,reviewed,0
crops/disease__train_6__t08.png,Endodontics,dentex,dentex:disease__train_6,reviewed,1
crops/disease__train_688__t29.png,Restored,dentex,dentex:disease__train_688,reviewed,0
crops/disease__train_8__t03.png,Healthy,dentex,dentex:disease__train_8,reviewed,0
crops/enum__train_400__t03.png,Restored,dentex,dentex:enum__train_400,reviewed,0
crops/enum__train_342__t01.png,Impacted,dentex,dentex:enum__train_342,reviewed,0
crops/disease__train_219__t05.png,Restored,dentex,dentex:disease__train_219,reviewed,0
crops/disease__train_380__t15.png,Healthy,dentex,dentex:disease__train_380,reviewed,0
crops/disease__train_241__t20.png,Healthy,dentex,dentex:disease__train_241,reviewed,0
crops/disease__train_160__t07.png,Healthy,dentex,dentex:disease__train_160,reviewed,0
crops/enum__train_389__t19.png,Healthy,dentex,dentex:enum__train_389,reviewed,0
crops/disease__train_350__t18.png,Restored,dentex,dentex:disease__train_350,reviewed,0
crops/disease__train_500__t17.png,Endodontics,dentex,dentex:disease__train_500,reviewed,0
crops/disease__train_358__t07.png,Endodontics,dentex,dentex:disease__train_358,reviewed,0
crops/disease__train_55__t01.png,Restored,dentex,dentex:disease__train_55,reviewed,0
crops/disease__train_551__t30.png,Healthy,dentex,dentex:disease__train_551,reviewed,0
crops/disease__train_394__t02.png,Restored,dentex,dentex:disease__train_394,reviewed,0
crops/enum__train_176__t01.png,Impacted,dentex,dentex:enum__train_176,reviewed,0
crops/disease__train_664__t05.png,Implant,dentex,dentex:disease__train_664,reviewed,0
crops/disease__train_267__t02.png,Impacted,dentex,dentex:disease__train_267,reviewed,0
crops/enum__train_391__t01.png,Impacted,dentex,dentex:enum__train_391,reviewed,0
crops/enum__train_507__t05.png,Healthy,dentex,dentex:enum__train_507,reviewed,1
crops/disease__train_252__t28.png,Impacted,dentex,dentex:disease__train_252,reviewed,0
crops/disease__train_575__t10.png,Healthy,dentex,dentex:disease__train_575,reviewed,1
crops/enum__train_271__t05.png,Endodontics,dentex,dentex:enum__train_271,reviewed,0
crops/disease__train_471__t29.png,Impacted,dentex,dentex:disease__train_471,reviewed,0
crops/disease__train_536__t31.png,Impacted,dentex,dentex:disease__train_536,reviewed,0
crops/disease__train_688__t00.png,Restored,dentex,dentex:disease__train_688,reviewed,0
crops/disease__train_681__t23.png,Healthy,dentex,dentex:disease__train_681,reviewed,0
crops/disease__train_201__t00.png,Impacted,dentex,dentex:disease__train_201,reviewed,0
crops/disease__train_649__t25.png,Restored,dentex,dentex:disease__train_649,reviewed,0
crops/disease__train_408__t07.png,Healthy,dentex,dentex:disease__train_408,reviewed,0
crops/disease__train_20__t14.png,Healthy,dentex,dentex:disease__train_20,reviewed,0
crops/disease__train_551__t01.png,Impacted,dentex,dentex:disease__train_551,reviewed,0
crops/enum__train_508__t05.png,Implant,dentex,dentex:enum__train_508,reviewed,0
crops/enum__train_630__t21.png,Implant,dentex,dentex:enum__train_630,reviewed,0
crops/disease__train_168__t18.png,Endodontics,dentex,dentex:disease__train_168,reviewed,0
crops/disease__train_307__t02.png,Restored,dentex,dentex:disease__train_307,reviewed,0
crops/disease__train_110__t00.png,Impacted,dentex,dentex:disease__train_110,reviewed,0
crops/enum__train_59__t30.png,Impacted,dentex,dentex:enum__train_59,reviewed,0
crops/disease__train_180__t17.png,Healthy,dentex,dentex:disease__train_180,reviewed,0
crops/disease__train_670__t30.png,Impacted,dentex,dentex:disease__train_670,reviewed,0
crops/disease__train_471__t21.png,Healthy,dentex,dentex:disease__train_471,reviewed,0
crops/disease__train_399__t17.png,Healthy,dentex,dentex:disease__train_399,reviewed,1
crops/enum__train_20__t00.png,Impacted,dentex,dentex:enum__train_20,reviewed,0
crops/disease__train_34__t17.png,Restored,dentex,dentex:disease__train_34,reviewed,0
crops/enum__train_12__t23.png,Restored,dentex,dentex:enum__train_12,reviewed,0
crops/disease__train_593__t04.png,Endodontics,dentex,dentex:disease__train_593,reviewed,0
crops/disease__train_411__t01.png,Healthy,dentex,dentex:disease__train_411,reviewed,0
crops/enum__train_436__t17.png,Implant,dentex,dentex:enum__train_436,reviewed,0
crops/enum__train_395__t21.png,Restored,dentex,dentex:enum__train_395,reviewed,0
crops/disease__train_681__t00.png,Healthy,dentex,dentex:disease__train_681,reviewed,0
crops/disease__train_272__t00.png,Healthy,dentex,dentex:disease__train_272,reviewed,0
crops/enum__train_37__t05.png,Endodontics,dentex,dentex:enum__train_37,reviewed,0
crops/disease__train_509__t00.png,Impacted,dentex,dentex:disease__train_509,reviewed,0
crops/enum__train_599__t19.png,Healthy,dentex,dentex:enum__train_599,reviewed,0
crops/disease__train_14__t00.png,Healthy,dentex,dentex:disease__train_14,reviewed,0
crops/disease__train_8__t04.png,Healthy,dentex,dentex:disease__train_8,reviewed,0
crops/enum__train_242__t00.png,Implant,dentex,dentex:enum__train_242,reviewed,1
crops/enum__train_147__t29.png,Impacted,dentex,dentex:enum__train_147,reviewed,0
crops/disease__train_671__t14.png,Healthy,dentex,dentex:disease__train_671,reviewed,0
crops/enum__train_487__t21.png,Endodontics,dentex,dentex:enum__train_487,reviewed,0
crops/enum__train_96__t22.png,Healthy,dentex,dentex:enum__train_96,reviewed,0
crops/disease__train_634__t03.png,Endodontics,dentex,dentex:disease__train_634,reviewed,0
crops/disease__train_17__t17.png,Restored,dentex,dentex:disease__train_17,reviewed,0
crops/enum__train_473__t02.png,Healthy,dentex,dentex:enum__train_473,reviewed,0
crops/disease__train_537__t15.png,Healthy,dentex,dentex:disease__train_537,reviewed,0
crops/disease__train_251__t25.png,Restored,dentex,dentex:disease__train_251,reviewed,0
crops/enum__train_370__t12.png,Healthy,dentex,dentex:enum__train_370,reviewed,0
crops/enum__train_551__t13.png,Endodontics,dentex,dentex:enum__train_551,reviewed,0
crops/disease__train_671__t08.png,Endodontics,dentex,dentex:disease__train_671,reviewed,0
crops/enum__train_576__t07.png,Restored,dentex,dentex:enum__train_576,reviewed,0
crops/disease__train_0__t07.png,Restored,dentex,dentex:disease__train_0,reviewed,0
crops/disease__train_435__t02.png,Restored,dentex,dentex:disease__train_435,reviewed,1
crops/enum__train_370__t20.png,Healthy,dentex,dentex:enum__train_370,reviewed,0
crops/enum__train_485__t00.png,Healthy,dentex,dentex:enum__train_485,reviewed,0
crops/disease__train_8__t15.png,Healthy,dentex,dentex:disease__train_8,reviewed,0
crops/enum__train_472__t12.png,Restored,dentex,dentex:enum__train_472,reviewed,0
crops/disease__train_561__t15.png,Healthy,dentex,dentex:disease__train_561,reviewed,0
crops/disease__train_398__t00.png,Implant,dentex,dentex:disease__train_398,reviewed,0
crops/disease__train_691__t01.png,Impacted,dentex,dentex:disease__train_691,reviewed,0
crops/disease__train_413__t24.png,Healthy,dentex,dentex:disease__train_413,reviewed,0
crops/enum__train_290__t00.png,Healthy,dentex,dentex:enum__train_290,reviewed,0
crops/disease__train_390__t21.png,Restored,dentex,dentex:disease__train_390,reviewed,0
crops/disease__train_167__t06.png,Restored,dentex,dentex:disease__train_167,reviewed,0
crops/enum__train_242__t07.png,Implant,dentex,dentex:enum__train_242,reviewed,1
crops/enum__train_604__t18.png,Restored,dentex,dentex:enum__train_604,reviewed,0
crops/disease__train_407__t02.png,Restored,dentex,dentex:disease__train_407,reviewed,0
crops/disease__train_53__t00.png,Impacted,dentex,dentex:disease__train_53,reviewed,0
crops/disease__train_449__t27.png,Restored,dentex,dentex:disease__train_449,reviewed,0
crops/disease__train_531__t06.png,Endodontics,dentex,dentex:disease__train_531,reviewed,0
crops/disease__train_502__t08.png,Endodontics,dentex,dentex:disease__train_502,reviewed,0
crops/disease__train_125__t05.png,Healthy,dentex,dentex:disease__train_125,reviewed,0
crops/disease__train_198__t00.png,Impacted,dentex,dentex:disease__train_198,reviewed,0
crops/disease__train_528__t02.png,Healthy,dentex,dentex:disease__train_528,reviewed,0
crops/disease__train_596__t20.png,Healthy,dentex,dentex:disease__train_596,reviewed,0
crops/disease__train_74__t07.png,Healthy,dentex,dentex:disease__train_74,reviewed,0
crops/enum__train_219__t12.png,Healthy,dentex,dentex:enum__train_219,reviewed,0
crops/enum__train_512__t00.png,Healthy,dentex,dentex:enum__train_512,reviewed,0
crops/disease__train_300__t00.png,Impacted,dentex,dentex:disease__train_300,reviewed,0
crops/disease__train_538__t00.png,Impacted,dentex,dentex:disease__train_538,reviewed,0
crops/disease__train_539__t15.png,Healthy,dentex,dentex:disease__train_539,reviewed,0
crops/enum__train_60__t00.png,Impacted,dentex,dentex:enum__train_60,reviewed,0
crops/disease__train_500__t29.png,Impacted,dentex,dentex:disease__train_500,reviewed,0
crops/disease__train_335__t31.png,Impacted,dentex,dentex:disease__train_335,reviewed,0
crops/enum__train_350__t00.png,Impacted,dentex,dentex:enum__train_350,reviewed,0
crops/disease__train_49__t01.png,Impacted,dentex,dentex:disease__train_49,reviewed,0
crops/enum__train_629__t01.png,Impacted,dentex,dentex:enum__train_629,reviewed,0
crops/disease__train_497__t26.png,Restored,dentex,dentex:disease__train_497,reviewed,0
crops/disease__train_295__t29.png,Impacted,dentex,dentex:disease__train_295,reviewed,0
crops/disease__train_335__t00.png,Impacted,dentex,dentex:disease__train_335,reviewed,0
crops/disease__train_511__t17.png,Healthy,dentex,dentex:disease__train_511,reviewed,0
crops/disease__train_252__t01.png,Impacted,dentex,dentex:disease__train_252,reviewed,0
crops/enum__train_559__t00.png,Impacted,dentex,dentex:enum__train_559,reviewed,0
crops/disease__train_605__t21.png,Healthy,dentex,dentex:disease__train_605,reviewed,0
crops/disease__train_436__t17.png,Restored,dentex,dentex:disease__train_436,reviewed,0
crops/enum__train_120__t00.png,Impacted,dentex,dentex:enum__train_120,reviewed,0
crops/disease__train_643__t05.png,Endodontics,dentex,dentex:disease__train_643,reviewed,0
crops/enum__train_551__t03.png,Restored,dentex,dentex:enum__train_551,reviewed,0
crops/disease__train_232__t17.png,Restored,dentex,dentex:disease__train_232,reviewed,0
crops/disease__train_214__t04.png,Endodontics,dentex,dentex:disease__train_214,reviewed,0
crops/enum__train_66__t06.png,Implant,dentex,dentex:enum__train_66,reviewed,0
crops/disease__train_497__t13.png,Healthy,dentex,dentex:disease__train_497,reviewed,0
crops/disease__train_635__t02.png,Healthy,dentex,dentex:disease__train_635,reviewed,0
crops/disease__train_138__t26.png,Restored,dentex,dentex:disease__train_138,reviewed,0
crops/enum__train_295__t32.png,Impacted,dentex,dentex:enum__train_295,reviewed,0
crops/disease__train_125__t22.png,Restored,dentex,dentex:disease__train_125,reviewed,0
crops/disease__train_236__t15.png,Healthy,dentex,dentex:disease__train_236,reviewed,0
crops/enum__train_105__t16.png,Healthy,dentex,dentex:enum__train_105,reviewed,0
crops/enum__train_446__t29.png,Impacted,dentex,dentex:enum__train_446,reviewed,0
crops/disease__train_192__t01.png,Restored,dentex,dentex:disease__train_192,reviewed,0
crops/disease__train_577__t04.png,Implant,dentex,dentex:disease__train_577,reviewed,1
crops/disease__train_245__t18.png,Restored,dentex,dentex:disease__train_245,reviewed,0
crops/disease__train_539__t00.png,Impacted,dentex,dentex:disease__train_539,reviewed,0
crops/disease__train_343__t28.png,Impacted,dentex,dentex:disease__train_343,reviewed,0
crops/disease__train_510__t15.png,Endodontics,dentex,dentex:disease__train_510,reviewed,0
crops/enum__train_605__t02.png,Healthy,dentex,dentex:enum__train_605,reviewed,0
crops/disease__train_542__t14.png,Healthy,dentex,dentex:disease__train_542,reviewed,0
crops/disease__train_27__t00.png,Impacted,dentex,dentex:disease__train_27,reviewed,0
crops/disease__train_197__t25.png,Healthy,dentex,dentex:disease__train_197,reviewed,0
crops/disease__train_1__t01.png,Restored,dentex,dentex:disease__train_1,reviewed,0
crops/disease__train_173__t20.png,Healthy,dentex,dentex:disease__train_173,reviewed,0
crops/disease__train_574__t18.png,Endodontics,dentex,dentex:disease__train_574,reviewed,0
crops/disease__train_347__t06.png,Endodontics,dentex,dentex:disease__train_347,reviewed,0
crops/enum__train_153__t27.png,Restored,dentex,dentex:enum__train_153,reviewed,0
crops/disease__train_190__t06.png,Healthy,dentex,dentex:disease__train_190,reviewed,0
crops/disease__train_120__t01.png,Restored,dentex,dentex:disease__train_120,reviewed,0
crops/disease__train_283__t10.png,Healthy,dentex,dentex:disease__train_283,reviewed,0
crops/disease__train_660__t27.png,Impacted,dentex,dentex:disease__train_660,reviewed,0
crops/disease__train_93__t00.png,Impacted,dentex,dentex:disease__train_93,reviewed,0
crops/disease__train_389__t04.png,Endodontics,dentex,dentex:disease__train_389,reviewed,0
crops/disease__train_666__t01.png,Restored,dentex,dentex:disease__train_666,reviewed,0
crops/disease__train_496__t15.png,Restored,dentex,dentex:disease__train_496,reviewed,0
crops/disease__train_172__t25.png,Healthy,dentex,dentex:disease__train_172,reviewed,0
crops/disease__train_372__t00.png,Impacted,dentex,dentex:disease__train_372,reviewed,0
crops/disease__train_588__t23.png,Endodontics,dentex,dentex:disease__train_588,reviewed,0
crops/enum__train_343__t06.png,Healthy,dentex,dentex:enum__train_343,reviewed,0
crops/disease__train_345__t29.png,Impacted,dentex,dentex:disease__train_345,reviewed,0
crops/disease__train_482__t28.png,Impacted,dentex,dentex:disease__train_482,reviewed,0
crops/enum__train_608__t00.png,Healthy,dentex,dentex:enum__train_608,reviewed,0
crops/disease__train_97__t04.png,Healthy,dentex,dentex:disease__train_97,reviewed,0
crops/enum__train_29__t07.png,Restored,dentex,dentex:enum__train_29,reviewed,0
crops/disease__train_356__t26.png,Impacted,dentex,dentex:disease__train_356,reviewed,0
crops/disease__train_17__t18.png,Impacted,dentex,dentex:disease__train_17,reviewed,0
crops/disease__train_181__t15.png,Healthy,dentex,dentex:disease__train_181,reviewed,0
crops/enum__train_26__t01.png,Restored,dentex,dentex:enum__train_26,reviewed,0
crops/disease__train_580__t31.png,Impacted,dentex,dentex:disease__train_580,reviewed,0
crops/enum__train_594__t24.png,Healthy,dentex,dentex:enum__train_594,reviewed,0
crops/enum__train_400__t02.png,Endodontics,dentex,dentex:enum__train_400,reviewed,0
crops/enum__train_148__t32.png,Impacted,dentex,dentex:enum__train_148,reviewed,0
crops/disease__train_400__t20.png,Restored,dentex,dentex:disease__train_400,reviewed,0
crops/disease__train_184__t10.png,Healthy,dentex,dentex:disease__train_184,reviewed,0
crops/disease__train_589__t22.png,Impacted,dentex,dentex:disease__train_589,reviewed,0
crops/enum__train_343__t17.png,Healthy,dentex,dentex:enum__train_343,reviewed,0
crops/disease__train_243__t21.png,Healthy,dentex,dentex:disease__train_243,reviewed,0
crops/enum__train_106__t16.png,Healthy,dentex,dentex:enum__train_106,reviewed,0
crops/disease__train_43__t27.png,Healthy,dentex,dentex:disease__train_43,reviewed,0
crops/disease__train_511__t00.png,Impacted,dentex,dentex:disease__train_511,reviewed,0
crops/enum__train_163__t02.png,Endodontics,dentex,dentex:enum__train_163,reviewed,1
crops/disease__train_37__t03.png,Endodontics,dentex,dentex:disease__train_37,reviewed,0
crops/disease__train_437__t30.png,Impacted,dentex,dentex:disease__train_437,reviewed,0
crops/enum__train_122__t00.png,Impacted,dentex,dentex:enum__train_122,reviewed,0
crops/disease__train_118__t06.png,Healthy,dentex,dentex:disease__train_118,reviewed,0
crops/disease__train_560__t00.png,Impacted,dentex,dentex:disease__train_560,reviewed,0
crops/enum__train_26__t14.png,Restored,dentex,dentex:enum__train_26,reviewed,0
crops/disease__train_292__t02.png,Impacted,dentex,dentex:disease__train_292,reviewed,0
crops/enum__train_176__t25.png,Impacted,dentex,dentex:enum__train_176,reviewed,0
crops/disease__train_392__t19.png,Healthy,dentex,dentex:disease__train_392,reviewed,0
crops/enum__train_17__t20.png,Healthy,dentex,dentex:enum__train_17,reviewed,0
crops/disease__train_663__t05.png,Restored,dentex,dentex:disease__train_663,reviewed,0
crops/disease__train_324__t10.png,Restored,dentex,dentex:disease__train_324,reviewed,0
crops/disease__train_546__t31.png,Impacted,dentex,dentex:disease__train_546,reviewed,0
crops/enum__train_532__t23.png,Endodontics,dentex,dentex:enum__train_532,reviewed,0
crops/enum__train_58__t00.png,Impacted,dentex,dentex:enum__train_58,reviewed,0
crops/disease__train_16__t21.png,Restored,dentex,dentex:disease__train_16,reviewed,1
crops/disease__train_273__t29.png,Healthy,dentex,dentex:disease__train_273,reviewed,0
crops/disease__train_664__t02.png,Implant,dentex,dentex:disease__train_664,reviewed,0
crops/disease__train_187__t01.png,Impacted,dentex,dentex:disease__train_187,reviewed,0
crops/disease__train_97__t08.png,Healthy,dentex,dentex:disease__train_97,reviewed,0
crops/enum__train_112__t29.png,Impacted,dentex,dentex:enum__train_112,reviewed,0
crops/disease__train_412__t00.png,Impacted,dentex,dentex:disease__train_412,reviewed,0
crops/enum__train_173__t00.png,Impacted,dentex,dentex:enum__train_173,reviewed,1
crops/disease__train_236__t00.png,Impacted,dentex,dentex:disease__train_236,reviewed,0
crops/enum__train_339__t28.png,Restored,dentex,dentex:enum__train_339,reviewed,0
crops/disease__train_308__t02.png,Healthy,dentex,dentex:disease__train_308,reviewed,0
crops/disease__train_655__t30.png,Impacted,dentex,dentex:disease__train_655,reviewed,0
crops/disease__train_95__t21.png,Endodontics,dentex,dentex:disease__train_95,reviewed,0
crops/disease__train_129__t18.png,Healthy,dentex,dentex:disease__train_129,reviewed,0
crops/disease__train_74__t15.png,Healthy,dentex,dentex:disease__train_74,reviewed,0
crops/disease__train_698__t02.png,Healthy,dentex,dentex:disease__train_698,reviewed,0
crops/disease__train_522__t06.png,Restored,dentex,dentex:disease__train_522,reviewed,0
crops/enum__train_630__t20.png,Implant,dentex,dentex:enum__train_630,reviewed,0
crops/disease__train_222__t28.png,Healthy,dentex,dentex:disease__train_222,reviewed,0
crops/disease__train_387__t25.png,Impacted,dentex,dentex:disease__train_387,reviewed,0
crops/enum__train_51__t30.png,Impacted,dentex,dentex:enum__train_51,reviewed,0
crops/disease__train_611__t19.png,Implant,dentex,dentex:disease__train_611,reviewed,0
crops/disease__train_208__t26.png,Restored,dentex,dentex:disease__train_208,reviewed,0
crops/disease__train_348__t06.png,Healthy,dentex,dentex:disease__train_348,reviewed,0
crops/disease__train_425__t02.png,Restored,dentex,dentex:disease__train_425,reviewed,0
crops/disease__train_90__t31.png,Impacted,dentex,dentex:disease__train_90,reviewed,0
crops/disease__train_188__t00.png,Restored,dentex,dentex:disease__train_188,reviewed,0
crops/disease__train_109__t12.png,Healthy,dentex,dentex:disease__train_109,reviewed,0
crops/disease__train_408__t01.png,Healthy,dentex,dentex:disease__train_408,reviewed,0
crops/enum__train_59__t02.png,Impacted,dentex,dentex:enum__train_59,reviewed,0
crops/disease__train_438__t31.png,Impacted,dentex,dentex:disease__train_438,reviewed,0
crops/disease__train_487__t31.png,Impacted,dentex,dentex:disease__train_487,reviewed,0
crops/disease__train_6__t12.png,Restored,dentex,dentex:disease__train_6,reviewed,1
crops/disease__train_231__t09.png,Healthy,dentex,dentex:disease__train_231,reviewed,0
crops/disease__train_382__t16.png,Restored,dentex,dentex:disease__train_382,reviewed,0
crops/disease__train_209__t17.png,Healthy,dentex,dentex:disease__train_209,reviewed,0
crops/enum__train_491__t00.png,Impacted,dentex,dentex:enum__train_491,reviewed,0
crops/enum__train_22__t25.png,Implant,dentex,dentex:enum__train_22,reviewed,0
crops/enum__train_191__t00.png,Endodontics,dentex,dentex:enum__train_191,reviewed,0
crops/enum__train_574__t05.png,Restored,dentex,dentex:enum__train_574,reviewed,0
crops/disease__train_100__t21.png,Healthy,dentex,dentex:disease__train_100,reviewed,0
crops/enum__train_147__t01.png,Impacted,dentex,dentex:enum__train_147,reviewed,0
crops/enum__train_372__t12.png,Restored,dentex,dentex:enum__train_372,reviewed,0
crops/disease__train_535__t25.png,Healthy,dentex,dentex:disease__train_535,reviewed,0
crops/disease__train_213__t01.png,Healthy,dentex,dentex:disease__train_213,reviewed,0
crops/enum__train_497__t01.png,Endodontics,dentex,dentex:enum__train_497,reviewed,0
crops/disease__train_632__t26.png,Restored,dentex,dentex:disease__train_632,reviewed,0
crops/disease__train_577__t05.png,Endodontics,dentex,dentex:disease__train_577,reviewed,1
crops/disease__train_581__t01.png,Impacted,dentex,dentex:disease__train_581,reviewed,0
crops/disease__train_168__t17.png,Endodontics,dentex,dentex:disease__train_168,reviewed,0
crops/enum__train_601__t26.png,Restored,dentex,dentex:enum__train_601,reviewed,0
crops/enum__train_117__t26.png,Healthy,dentex,dentex:enum__train_117,reviewed,0
crops/enum__train_589__t16.png,Healthy,dentex,dentex:enum__train_589,reviewed,0
crops/enum__train_487__t24.png,Endodontics,dentex,dentex:enum__train_487,reviewed,0
crops/disease__train_140__t06.png,Healthy,dentex,dentex:disease__train_140,reviewed,0
crops/disease__train_168__t13.png,Endodontics,dentex,dentex:disease__train_168,reviewed,0
crops/disease__train_508__t03.png,Restored,dentex,dentex:disease__train_508,reviewed,0
crops/enum__train_69__t19.png,Healthy,dentex,dentex:enum__train_69,reviewed,0
crops/disease__train_6__t17.png,Restored,dentex,dentex:disease__train_6,reviewed,1
crops/disease__train_511__t24.png,Restored,dentex,dentex:disease__train_511,reviewed,0
crops/disease__train_191__t20.png,Restored,dentex,dentex:disease__train_191,reviewed,0
crops/disease__train_27__t31.png,Impacted,dentex,dentex:disease__train_27,reviewed,0
crops/disease__train_561__t07.png,Healthy,dentex,dentex:disease__train_561,reviewed,0
crops/disease__train_279__t01.png,Impacted,dentex,dentex:disease__train_279,reviewed,0
crops/disease__train_317__t05.png,Healthy,dentex,dentex:disease__train_317,reviewed,0
crops/disease__train_623__t04.png,Restored,dentex,dentex:disease__train_623,reviewed,0
crops/disease__train_697__t18.png,Healthy,dentex,dentex:disease__train_697,reviewed,0
crops/disease__train_515__t15.png,Restored,dentex,dentex:disease__train_515,reviewed,0
crops/disease__train_500__t10.png,Healthy,dentex,dentex:disease__train_500,reviewed,0
crops/disease__train_190__t20.png,Healthy,dentex,dentex:disease__train_190,reviewed,0
crops/enum__train_58__t28.png,Impacted,dentex,dentex:enum__train_58,reviewed,0
crops/disease__train_438__t02.png,Impacted,dentex,dentex:disease__train_438,reviewed,0
crops/enum__train_293__t04.png,Endodontics,dentex,dentex:enum__train_293,reviewed,0
crops/disease__train_161__t00.png,Impacted,dentex,dentex:disease__train_161,reviewed,0
crops/enum__train_182__t10.png,Endodontics,dentex,dentex:enum__train_182,reviewed,0
crops/disease__train_538__t29.png,Impacted,dentex,dentex:disease__train_538,reviewed,0
crops/disease__train_454__t28.png,Restored,dentex,dentex:disease__train_454,reviewed,0
crops/enum__train_264__t00.png,Impacted,dentex,dentex:enum__train_264,reviewed,0
crops/disease__train_212__t23.png,Restored,dentex,dentex:disease__train_212,reviewed,0
crops/disease__train_308__t29.png,Impacted,dentex,dentex:disease__train_308,reviewed,0
crops/disease__train_648__t18.png,Healthy,dentex,dentex:disease__train_648,reviewed,0
crops/disease__train_96__t10.png,Healthy,dentex,dentex:disease__train_96,reviewed,0
crops/disease__train_34__t14.png,Restored,dentex,dentex:disease__train_34,reviewed,0
crops/disease__train_56__t12.png,Healthy,dentex,dentex:disease__train_56,reviewed,0
crops/enum__train_42__t12.png,Implant,dentex,dentex:enum__train_42,reviewed,0
crops/disease__train_128__t00.png,Impacted,dentex,dentex:disease__train_128,reviewed,0
crops/disease__train_465__t03.png,Implant,dentex,dentex:disease__train_465,reviewed,1
crops/enum__train_232__t25.png,Endodontics,dentex,dentex:enum__train_232,reviewed,1
crops/disease__train_388__t01.png,Healthy,dentex,dentex:disease__train_388,reviewed,0
crops/disease__train_554__t25.png,Restored,dentex,dentex:disease__train_554,reviewed,0
crops/disease__train_419__t03.png,Endodontics,dentex,dentex:disease__train_419,reviewed,0
crops/disease__train_508__t05.png,Restored,dentex,dentex:disease__train_508,reviewed,0
crops/enum__train_353__t31.png,Impacted,dentex,dentex:enum__train_353,reviewed,0
crops/enum__train_453__t06.png,Healthy,dentex,dentex:enum__train_453,reviewed,0
crops/enum__train_114__t20.png,Endodontics,dentex,dentex:enum__train_114,reviewed,0
crops/enum__train_174__t01.png,Healthy,dentex,dentex:enum__train_174,reviewed,0
crops/disease__train_204__t02.png,Healthy,dentex,dentex:disease__train_204,reviewed,0
crops/disease__train_225__t08.png,Healthy,dentex,dentex:disease__train_225,reviewed,0
crops/enum__train_105__t08.png,Restored,dentex,dentex:enum__train_105,reviewed,0
crops/enum__train_370__t11.png,Healthy,dentex,dentex:enum__train_370,reviewed,0
crops/disease__train_3__t28.png,Impacted,dentex,dentex:disease__train_3,reviewed,0
crops/disease__train_605__t06.png,Restored,dentex,dentex:disease__train_605,reviewed,0
crops/enum__train_566__t11.png,Restored,dentex,dentex:enum__train_566,reviewed,0
crops/enum__train_605__t30.png,Impacted,dentex,dentex:enum__train_605,reviewed,0
crops/disease__train_392__t21.png,Healthy,dentex,dentex:disease__train_392,reviewed,0
crops/disease__train_74__t20.png,Healthy,dentex,dentex:disease__train_74,reviewed,0
crops/enum__train_166__t01.png,Restored,dentex,dentex:enum__train_166,reviewed,0
crops/enum__train_141__t04.png,Implant,dentex,dentex:enum__train_141,reviewed,0
crops/enum__train_225__t01.png,Impacted,dentex,dentex:enum__train_225,reviewed,0
crops/enum__train_332__t23.png,Healthy,dentex,dentex:enum__train_332,reviewed,1
crops/disease__train_176__t26.png,Restored,dentex,dentex:disease__train_176,reviewed,0
crops/disease__train_16__t13.png,Healthy,dentex,dentex:disease__train_16,reviewed,1
crops/enum__train_23__t22.png,Restored,dentex,dentex:enum__train_23,reviewed,0
crops/disease__train_438__t29.png,Healthy,dentex,dentex:disease__train_438,reviewed,0
crops/disease__train_693__t30.png,Impacted,dentex,dentex:disease__train_693,reviewed,0
crops/disease__train_603__t12.png,Restored,dentex,dentex:disease__train_603,reviewed,0
crops/disease__train_522__t21.png,Endodontics,dentex,dentex:disease__train_522,reviewed,0
crops/disease__train_99__t00.png,Impacted,dentex,dentex:disease__train_99,reviewed,0
crops/enum__train_420__t14.png,Healthy,dentex,dentex:enum__train_420,reviewed,0
crops/disease__train_543__t04.png,Restored,dentex,dentex:disease__train_543,reviewed,0
crops/enum__train_166__t21.png,Healthy,dentex,dentex:enum__train_166,reviewed,0
crops/disease__train_482__t13.png,Healthy,dentex,dentex:disease__train_482,reviewed,0
crops/enum__train_121__t02.png,Healthy,dentex,dentex:enum__train_121,reviewed,0
crops/enum__train_409__t21.png,Healthy,dentex,dentex:enum__train_409,reviewed,0
crops/enum__train_15__t06.png,Restored,dentex,dentex:enum__train_15,reviewed,0
crops/disease__train_314__t00.png,Impacted,dentex,dentex:disease__train_314,reviewed,0
crops/enum__train_367__t14.png,Healthy,dentex,dentex:enum__train_367,reviewed,0
crops/enum__train_564__t28.png,Impacted,dentex,dentex:enum__train_564,reviewed,0
crops/enum__train_1__t00.png,Impacted,dentex,dentex:enum__train_1,reviewed,0
crops/enum__train_332__t19.png,Restored,dentex,dentex:enum__train_332,reviewed,1
crops/disease__train_64__t00.png,Impacted,dentex,dentex:disease__train_64,reviewed,0
crops/disease__train_476__t06.png,Endodontics,dentex,dentex:disease__train_476,reviewed,0
crops/disease__train_55__t17.png,Restored,dentex,dentex:disease__train_55,reviewed,0
crops/disease__train_663__t16.png,Healthy,dentex,dentex:disease__train_663,reviewed,0
crops/disease__train_164__t12.png,Endodontics,dentex,dentex:disease__train_164,reviewed,0
crops/disease__train_81__t10.png,Healthy,dentex,dentex:disease__train_81,reviewed,0
crops/disease__train_664__t29.png,Implant,dentex,dentex:disease__train_664,reviewed,0
crops/enum__train_59__t00.png,Impacted,dentex,dentex:enum__train_59,reviewed,0
crops/disease__train_77__t14.png,Healthy,dentex,dentex:disease__train_77,reviewed,0
crops/disease__train_107__t13.png,Healthy,dentex,dentex:disease__train_107,reviewed,0
crops/enum__train_264__t02.png,Healthy,dentex,dentex:enum__train_264,reviewed,0
crops/disease__train_312__t23.png,Healthy,dentex,dentex:disease__train_312,reviewed,0
crops/disease__train_345__t01.png,Impacted,dentex,dentex:disease__train_345,reviewed,0
crops/enum__train_572__t00.png,Impacted,dentex,dentex:enum__train_572,reviewed,0
crops/disease__train_509__t28.png,Impacted,dentex,dentex:disease__train_509,reviewed,0
crops/disease__train_6__t01.png,Restored,dentex,dentex:disease__train_6,reviewed,1
crops/enum__train_519__t13.png,Healthy,dentex,dentex:enum__train_519,reviewed,0
crops/disease__train_693__t31.png,Impacted,dentex,dentex:disease__train_693,reviewed,0
crops/disease__train_582__t00.png,Impacted,dentex,dentex:disease__train_582,reviewed,0
crops/disease__train_444__t24.png,Endodontics,dentex,dentex:disease__train_444,reviewed,0
crops/disease__train_551__t25.png,Restored,dentex,dentex:disease__train_551,reviewed,0
crops/enum__train_399__t27.png,Impacted,dentex,dentex:enum__train_399,reviewed,0
crops/disease__train_457__t25.png,Healthy,dentex,dentex:disease__train_457,reviewed,0
crops/disease__train_8__t11.png,Healthy,dentex,dentex:disease__train_8,reviewed,0
crops/enum__train_436__t18.png,Implant,dentex,dentex:enum__train_436,reviewed,0
crops/disease__train_575__t24.png,Healthy,dentex,dentex:disease__train_575,reviewed,1
crops/disease__train_269__t17.png,Healthy,dentex,dentex:disease__train_269,reviewed,0
crops/enum__train_619__t27.png,Endodontics,dentex,dentex:enum__train_619,reviewed,0
crops/disease__train_612__t03.png,Restored,dentex,dentex:disease__train_612,reviewed,0
crops/enum__train_370__t29.png,Healthy,dentex,dentex:enum__train_370,reviewed,0
crops/disease__train_699__t02.png,Endodontics,dentex,dentex:disease__train_699,reviewed,0
crops/disease__train_123__t04.png,Healthy,dentex,dentex:disease__train_123,reviewed,0
crops/disease__train_391__t03.png,Healthy,dentex,dentex:disease__train_391,reviewed,0
crops/disease__train_467__t20.png,Healthy,dentex,dentex:disease__train_467,reviewed,0
crops/enum__train_304__t28.png,Impacted,dentex,dentex:enum__train_304,reviewed,0
crops/disease__train_356__t01.png,Impacted,dentex,dentex:disease__train_356,reviewed,0
crops/disease__train_292__t00.png,Impacted,dentex,dentex:disease__train_292,reviewed,0
crops/disease__train_461__t26.png,Impacted,dentex,dentex:disease__train_461,reviewed,0
crops/disease__train_618__t00.png,Impacted,dentex,dentex:disease__train_618,reviewed,0
crops/disease__train_339__t29.png,Impacted,dentex,dentex:disease__train_339,reviewed,1
crops/disease__train_649__t22.png,Healthy,dentex,dentex:disease__train_649,reviewed,0
crops/disease__train_274__t04.png,Restored,dentex,dentex:disease__train_274,reviewed,0
crops/disease__train_539__t02.png,Healthy,dentex,dentex:disease__train_539,reviewed,0
crops/disease__train_267__t28.png,Impacted,dentex,dentex:disease__train_267,reviewed,0
