filepath,class,source,patient_id,width,height
Impacted/lyria__P0491__b0.png,Impacted,lyria,P0491,183,212
Endodontics/lyria__P0051__b0.png,Endodontics,lyria,P0051,104,248
Endodontics/lyria__P0051__b1.png,Endodontics,lyria,P0051,121,242
Endodontics/lyria__P0051__b2.png,Endodontics,lyria,P0051,90,319
Endodontics/lyria__P0051__b3.png,Endodontics,lyria,P0051,77,288
Endodontics/lyria__P0051__b4.png,Endodontics,lyria,P0051,73,281
Endodontics/lyria__P0051__b5.png,Endodontics,lyria,P0051,86,287
Endodontics/lyria__P0051__b6.png,Endodontics,lyria,P0051,150,264
Endodontics/lyria__P0051__b7.png,Endodontics,lyria,P0051,217,297
Endodontics/lyria__P0051__b8.png,Endodontics,lyria,P0051,207,303
Impacted/lyria__P0496__b0.png,Impacted,lyria,P0496,298,301
Impacted/lyria__P0496__b1.png,Impacted,lyria,P0496,274,317
Impacted/lyria__P0497__b0.png,Impacted,lyria,P0497,316,264
Impacted/lyria__P0497__b1.png,Impacted,lyria,P0497,299,294
Impacted/lyria__P0497__b2.png,Impacted,lyria,P0497,309,319
Impacted/lyria__P0497__b3.png,Impacted,lyria,P0497,282,295
Impacted/lyria__P0498__b0.png,Impacted,lyria,P0498,287,339
Impacted/lyria__P0498__b1.png,Impacted,lyria,P0498,319,356
Impacted/lyria__P0498__b2.png,Impacted,lyria,P0498,255,305
Impacted/lyria__P0498__b3.png,Impacted,lyria,P0498,250,281
Impacted/lyria__P0499__b0.png,Impacted,lyria,P0499,283,257
Impacted/lyria__P0502__b0.png,Impacted,lyria,P0502,153,296
Impacted/lyria__P0502__b1.png,Impacted,lyria,P0502,307,309
Impacted/lyria__P0503__b0.png,Impacted,lyria,P0503,206,167
Impacted/lyria__P0503__b1.png,Impacted,lyria,P0503,213,171
Impacted/lyria__P0504__b0.png,Impacted,lyria,P0504,156,278
Impacted/lyria__P0504__b1.png,Impacted,lyria,P0504,171,224
Impacted/lyria__P0505__b0.png,Impacted,lyria,P0505,258,311
Impacted/lyria__P0505__b1.png,Impacted,lyria,P0505,314,345
Impacted/lyria__P0505__b2.png,Impacted,lyria,P0505,262,293
Impacted/lyria__P0505__b3.png,Impacted,lyria,P0505,269,292
Impacted/lyria__P0507__b0.png,Impacted,lyria,P0507,202,179
Impacted/lyria__P0507__b1.png,Impacted,lyria,P0507,275,249
Impacted/lyria__P0508__b0.png,Impacted,lyria,P0508,162,266
Impacted/lyria__P0508__b1.png,Impacted,lyria,P0508,142,252
Impacted/lyria__P0509__b0.png,Impacted,lyria,P0509,302,314
Impacted/lyria__P0509__b1.png,Impacted,lyria,P0509,291,335
Impacted/lyria__P0511__b0.png,Impacted,lyria,P0511,302,227
Impacted/lyria__P0511__b1.png,Impacted,lyria,P0511,127,236
Impacted/lyria__P0512__b0.png,Impacted,lyria,P0512,242,249
Impacted/lyria__P0512__b1.png,Impacted,lyria,P0512,261,283
Endodontics/lyria__P0053__b0.png,Endodontics,lyria,P0053,274,342
Impacted/lyria__P0053__b0.png,Impacted,lyria,P0053,244,237
Endodontics/lyria__P0054__b0.png,Endodontics,lyria,P0054,197,307
Endodontics/lyria__P0054__b1.png,Endodontics,lyria,P0054,102,334
Endodontics/lyria__P0054__b2.png,Endodontics,lyria,P0054,109,250
Endodontics/lyria__P0054__b3.png,Endodontics,lyria,P0054,148,273
Endodontics/lyria__P0054__b4.png,Endodontics,lyria,P0054,316,286
Endodontics/lyria__P0054__b5.png,Endodontics,lyria,P0054,104,286
Endodontics/lyria__P0054__b6.png,Endodontics,lyria,P0054,316,271
Endodontics/lyria__P0518__b0.png,Endodontics,lyria,P0518,222,317
Endodontics/lyria__P0518__b1.png,Endodontics,lyria,P0518,119,319
Implant/lyria__P0520__b0.png,Implant,lyria,P0520,157,349
Endodontics/lyria__P0521__b0.png,Endodontics,lyria,P0521,169,282
Endodontics/lyria__P0521__b1.png,Endodontics,lyria,P0521,134,257
Endodontics/lyria__P0522__b0.png,Endodontics,lyria,P0522,217,302
Endodontics/lyria__P0522__b1.png,Endodontics,lyria,P0522,82,317
Endodontics/lyria__P0522__b2.png,Endodontics,lyria,P0522,89,285
Endodontics/lyria__P0522__b3.png,Endodontics,lyria,P0522,81,321
Endodontics/lyria__P0522__b4.png,Endodontics,lyria,P0522,84,321
Endodontics/lyria__P0522__b5.png,Endodontics,lyria,P0522,87,323
Endodontics/lyria__P0522__b6.png,Endodontics,lyria,P0522,71,317
Endodontics/lyria__P0522__b7.png,Endodontics,lyria,P0522,87,348
Endodontics/lyria__P0522__b8.png,Endodontics,lyria,P0522,134,190
Endodontics/lyria__P0522__b9.png,Endodontics,lyria,P0522,81,286
Endodontics/lyria__P0523__b0.png,Endodontics,lyria,P0523,102,294
Endodontics/lyria__P0523__b1.png,Endodontics,lyria,P0523,77,303
Endodontics/lyria__P0523__b2.png,Endodontics,lyria,P0523,68,276
Endodontics/lyria__P0523__b3.png,Endodontics,lyria,P0523,91,307
Endodontics/lyria__P0523__b4.png,Endodontics,lyria,P0523,96,294
Endodontics/lyria__P0523__b5.png,Endodontics,lyria,P0523,92,276
Endodontics/lyria__P0523__b6.png,Endodontics,lyria,P0523,102,294
Endodontics/lyria__P0524__b0.png,Endodontics,lyria,P0524,106,264
Impacted/lyria__P0525__b0.png,Impacted,lyria,P0525,225,169
Impacted/lyria__P0525__b1.png,Impacted,lyria,P0525,143,263
Impacted/lyria__P0525__b2.png,Impacted,lyria,P0525,131,235
Impacted/lyria__P0525__b3.png,Impacted,lyria,P0525,220,255
Endodontics/lyria__P0527__b0.png,Endodontics,lyria,P0527,79,312
Endodontics/lyria__P0527__b1.png,Endodontics,lyria,P0527,75,309
Endodontics/lyria__P0527__b2.png,Endodontics,lyria,P0527,90,327
Impacted/lyria__P0527__b0.png,Impacted,lyria,P0527,166,272
Impacted/lyria__P0055__b0.png,Impacted,lyria,P0055,311,297
Impacted/lyria__P0055__b1.png,Impacted,lyria,P0055,286,285
Endodontics/lyria__P0530__b0.png,Endodontics,lyria,P0530,129,277
Endodontics/lyria__P0530__b1.png,Endodontics,lyria,P0530,77,310
Endodontics/lyria__P0530__b2.png,Endodontics,lyria,P0530,161,307
Endodontics/lyria__P0530__b3.png,Endodontics,lyria,P0530,222,291
Endodontics/lyria__P0530__b4.png,Endodontics,lyria,P0530,180,265
Endodontics/lyria__P0530__b5.png,Endodontics,lyria,P0530,100,288
Endodontics/lyria__P0530__b6.png,Endodontics,lyria,P0530,94,283
Endodontics/lyria__P0530__b7.png,Endodontics,lyria,P0530,75,238
Implant/lyria__P0530__b0.png,Implant,lyria,P0530,161,331
Implant/lyria__P0530__b1.png,Implant,lyria,P0530,163,322
Endodontics/lyria__P0531__b0.png,Endodontics,lyria,P0531,63,307
Endodontics/lyria__P0531__b1.png,Endodontics,lyria,P0531,77,309
Endodontics/lyria__P0531__b2.png,Endodontics,lyria,P0531,79,321
Implant/lyria__P0531__b0.png,Implant,lyria,P0531,69,319
Endodontics/lyria__P0531__b3.png,Endodontics,lyria,P0531,110,301
Impacted/lyria__P0056__b0.png,Impacted,lyria,P0056,186,282
Endodontics/lyria__P0533__b0.png,Endodontics,lyria,P0533,74,304
Endodontics/lyria__P0533__b1.png,Endodontics,lyria,P0533,96,303
Endodontics/lyria__P0533__b2.png,Endodontics,lyria,P0533,141,338
Endodontics/lyria__P0533__b3.png,Endodontics,lyria,P0533,85,275
Endodontics/lyria__P0536__b0.png,Endodontics,lyria,P0536,71,396
Endodontics/lyria__P0536__b1.png,Endodontics,lyria,P0536,105,307
Endodontics/lyria__P0537__b0.png,Endodontics,lyria,P0537,329,326
Endodontics/lyria__P0538__b0.png,Endodontics,lyria,P0538,152,333
Endodontics/lyria__P0538__b1.png,Endodontics,lyria,P0538,159,312
Endodontics/lyria__P0539__b0.png,Endodontics,lyria,P0539,259,300
Endodontics/lyria__P0540__b0.png,Endodontics,lyria,P0540,254,337
Endodontics/lyria__P0540__b1.png,Endodontics,lyria,P0540,354,371
Endodontics/lyria__P0540__b2.png,Endodontics,lyria,P0540,160,304
Impacted/lyria__P0542__b0.png,Impacted,lyria,P0542,236,290
Impacted/lyria__P0542__b1.png,Impacted,lyria,P0542,225,329
Endodontics/lyria__P0543__b0.png,Endodontics,lyria,P0543,139,310
Endodontics/lyria__P0543__b1.png,Endodontics,lyria,P0543,164,288
Endodontics/lyria__P0543__b2.png,Endodontics,lyria,P0543,139,260
Endodontics/lyria__P0543__b3.png,Endodontics,lyria,P0543,130,129
Endodontics/lyria__P0544__b0.png,Endodontics,lyria,P0544,168,257
Implant/lyria__P0057__b0.png,Implant,lyria,P0057,121,306
Endodontics/lyria__P0545__b0.png,Endodontics,lyria,P0545,102,319
Endodontics/lyria__P0545__b1.png,Endodontics,lyria,P0545,150,299
Endodontics/lyria__P0545__b2.png,Endodontics,lyria,P0545,100,363
Endodontics/lyria__P0545__b3.png,Endodontics,lyria,P0545,313,356
Endodontics/lyria__P0546__b0.png,Endodontics,lyria,P0546,192,307
Endodontics/lyria__P0546__b1.png,Endodontics,lyria,P0546,112,349
Endodontics/lyria__P0546__b2.png,Endodontics,lyria,P0546,100,300
Endodontics/lyria__P0546__b3.png,Endodontics,lyria,P0546,216,313
Endodontics/lyria__P0546__b4.png,Endodontics,lyria,P0546,320,332
Endodontics/lyria__P0546__b5.png,Endodontics,lyria,P0546,270,305
Endodontics/lyria__P0547__b0.png,Endodontics,lyria,P0547,167,290
Endodontics/lyria__P0547__b1.png,Endodontics,lyria,P0547,163,321
Endodontics/lyria__P0547__b2.png,Endodontics,lyria,P0547,102,309
Endodontics/lyria__P0547__b3.png,Endodontics,lyria,P0547,113,301
Endodontics/lyria__P0548__b0.png,Endodontics,lyria,P0548,84,311
Endodontics/lyria__P0549__b0.png,Endodontics,lyria,P0549,134,302
Endodontics/lyria__P0550__b0.png,Endodontics,lyria,P0550,241,329
Endodontics/lyria__P0550__b1.png,Endodontics,lyria,P0550,109,273
Endodontics/lyria__P0550__b2.png,Endodontics,lyria,P0550,86,262
Endodontics/lyria__P0550__b3.png,Endodontics,lyria,P0550,109,275
Endodontics/lyria__P0550__b4.png,Endodontics,lyria,P0550,273,321
Endodontics/lyria__P0551__b0.png,Endodontics,lyria,P0551,104,290
Endodontics/lyria__P0551__b1.png,Endodontics,lyria,P0551,227,317
Endodontics/lyria__P0551__b2.png,Endodontics,lyria,P0551,106,290
Endodontics/lyria__P0551__b3.png,Endodontics,lyria,P0551,125,273
Endodontics/lyria__P0552__b0.png,Endodontics,lyria,P0552,102,250
Endodontics/lyria__P0553__b0.png,Endodontics,lyria,P0553,85,265
Endodontics/lyria__P0553__b1.png,Endodontics,lyria,P0553,104,262
Endodontics/lyria__P0554__b0.png,Endodontics,lyria,P0554,71,296
Endodontics/lyria__P0555__b0.png,Endodontics,lyria,P0555,107,280
Endodontics/lyria__P0555__b1.png,Endodontics,lyria,P0555,199,295
Endodontics/lyria__P0555__b2.png,Endodontics,lyria,P0555,117,275
Endodontics/lyria__P0556__b0.png,Endodontics,lyria,P0556,88,332
Endodontics/lyria__P0556__b1.png,Endodontics,lyria,P0556,226,338
Endodontics/lyria__P0557__b0.png,Endodontics,lyria,P0557,111,337
Endodontics/lyria__P0557__b1.png,Endodontics,lyria,P0557,75,277
Impacted/lyria__P0557__b0.png,Impacted,lyria,P0557,265,242
Endodontics/lyria__P0558__b0.png,Endodontics,lyria,P0558,209,377
Endodontics/lyria__P0558__b1.png,Endodontics,lyria,P0558,77,333
Endodontics/lyria__P0558__b2.png,Endodontics,lyria,P0558,94,290
Endodontics/lyria__P0559__b0.png,Endodontics,lyria,P0559,236,335
Endodontics/lyria__P0560__b0.png,Endodontics,lyria,P0560,83,286
Endodontics/lyria__P0560__b1.png,Endodontics,lyria,P0560,84,271
Endodontics/lyria__P0560__b2.png,Endodontics,lyria,P0560,159,250
Endodontics/lyria__P0560__b3.png,Endodontics,lyria,P0560,96,258
Endodontics/lyria__P0560__b4.png,Endodontics,lyria,P0560,104,262
Endodontics/lyria__P0560__b5.png,Endodontics,lyria,P0560,163,280
Endodontics/lyria__P0560__b6.png,Endodontics,lyria,P0560,230,336
Endodontics/lyria__P0561__b0.png,Endodontics,lyria,P0561,250,320
Endodontics/lyria__P0562__b0.png,Endodontics,lyria,P0562,281,387
Endodontics/lyria__P0562__b1.png,Endodontics,lyria,P0562,154,321
Endodontics/lyria__P0563__b0.png,Endodontics,lyria,P0563,136,340
Endodontics/lyria__P0564__b0.png,Endodontics,lyria,P0564,176,254
Endodontics/lyria__P0564__b1.png,Endodontics,lyria,P0564,94,292
Endodontics/lyria__P0565__b0.png,Endodontics,lyria,P0565,106,283
Endodontics/lyria__P0565__b1.png,Endodontics,lyria,P0565,75,277
Endodontics/lyria__P0565__b2.png,Endodontics,lyria,P0565,77,277
Endodontics/lyria__P0566__b0.png,Endodontics,lyria,P0566,59,258
Endodontics/lyria__P0566__b1.png,Endodontics,lyria,P0566,293,362
Endodontics/lyria__P0566__b2.png,Endodontics,lyria,P0566,261,344
Implant/lyria__P0566__b0.png,Implant,lyria,P0566,104,292
Endodontics/lyria__P0566__b3.png,Endodontics,lyria,P0566,100,388
Endodontics/lyria__P0566__b4.png,Endodontics,lyria,P0566,89,362
Endodontics/lyria__P0566__b5.png,Endodontics,lyria,P0566,111,300
Endodontics/lyria__P0566__b6.png,Endodontics,lyria,P0566,315,385
Endodontics/lyria__P0567__b0.png,Endodontics,lyria,P0567,111,381
Endodontics/lyria__P0567__b1.png,Endodontics,lyria,P0567,92,252
Endodontics/lyria__P0567__b2.png,Endodontics,lyria,P0567,135,299
Endodontics/lyria__P0568__b0.png,Endodontics,lyria,P0568,173,307
Endodontics/lyria__P0568__b1.png,Endodontics,lyria,P0568,110,242
Endodontics/lyria__P0569__b0.png,Endodontics,lyria,P0569,81,332
Endodontics/lyria__P0569__b1.png,Endodontics,lyria,P0569,86,332
Endodontics/lyria__P0570__b0.png,Endodontics,lyria,P0570,94,263
Endodontics/lyria__P0570__b1.png,Endodontics,lyria,P0570,69,250
Endodontics/lyria__P0570__b2.png,Endodontics,lyria,P0570,121,275
Endodontics/lyria__P0570__b3.png,Endodontics,lyria,P0570,75,277
Endodontics/lyria__P0570__b4.png,Endodontics,lyria,P0570,149,244
Endodontics/lyria__P0571__b0.png,Endodontics,lyria,P0571,67,277
Endodontics/lyria__P0572__b0.png,Endodontics,lyria,P0572,93,254
Endodontics/lyria__P0573__b0.png,Endodontics,lyria,P0573,84,248
Endodontics/lyria__P0573__b1.png,Endodontics,lyria,P0573,91,289
Endodontics/lyria__P0574__b0.png,Endodontics,lyria,P0574,83,321
Endodontics/lyria__P0574__b1.png,Endodontics,lyria,P0574,199,307
Endodontics/lyria__P0574__b2.png,Endodontics,lyria,P0574,134,270
Endodontics/lyria__P0574__b3.png,Endodontics,lyria,P0574,107,306
Endodontics/lyria__P0574__b4.png,Endodontics,lyria,P0574,106,324
Endodontics/lyria__P0574__b5.png,Endodontics,lyria,P0574,272,296
Impacted/lyria__P0577__b0.png,Impacted,lyria,P0577,225,185
Endodontics/lyria__P0577__b0.png,Endodontics,lyria,P0577,158,286
Impacted/lyria__P0577__b1.png,Impacted,lyria,P0577,163,228
Endodontics/lyria__P0577__b1.png,Endodontics,lyria,P0577,233,344
Endodontics/lyria__P0578__b0.png,Endodontics,lyria,P0578,94,419
Endodontics/lyria__P0578__b1.png,Endodontics,lyria,P0578,95,363
Endodontics/lyria__P0578__b2.png,Endodontics,lyria,P0578,91,357
Impacted/lyria__P0579__b0.png,Impacted,lyria,P0579,169,228
Impacted/lyria__P0579__b1.png,Impacted,lyria,P0579,248,267
Impacted/lyria__P0579__b2.png,Impacted,lyria,P0579,174,248
Impacted/lyria__P0579__b3.png,Impacted,lyria,P0579,278,311
Endodontics/lyria__P0580__b0.png,Endodontics,lyria,P0580,100,255
Endodontics/lyria__P0580__b1.png,Endodontics,lyria,P0580,182,287
Endodontics/lyria__P0580__b2.png,Endodontics,lyria,P0580,239,298
Impacted/lyria__P0060__b0.png,Impacted,lyria,P0060,216,247
Impacted/lyria__P0060__b1.png,Impacted,lyria,P0060,174,238
Impacted/lyria__P0060__b2.png,Impacted,lyria,P0060,221,215
Impacted/lyria__P0060__b3.png,Impacted,lyria,P0060,354,312
Impacted/lyria__P0060__b4.png,Impacted,lyria,P0060,229,161
Endodontics/lyria__P0582__b0.png,Endodontics,lyria,P0582,98,302
Endodontics/lyria__P0582__b1.png,Endodontics,lyria,P0582,109,339
Endodontics/lyria__P0582__b2.png,Endodontics,lyria,P0582,93,283
Impacted/lyria__P0585__b0.png,Impacted,lyria,P0585,186,218
Impacted/lyria__P0585__b1.png,Impacted,lyria,P0585,186,242
Impacted/lyria__P0585__b2.png,Impacted,lyria,P0585,189,272
Endodontics/lyria__P0001__b0.png,Endodontics,lyria,P0001,67,165
Endodontics/lyria__P0061__b0.png,Endodontics,lyria,P0061,150,304
Endodontics/lyria__P0061__b1.png,Endodontics,lyria,P0061,129,317
Endodontics/lyria__P0061__b2.png,Endodontics,lyria,P0061,307,324
Endodontics/lyria__P0588__b0.png,Endodontics,lyria,P0588,93,363
Endodontics/lyria__P0588__b1.png,Endodontics,lyria,P0588,193,327
Endodontics/lyria__P0588__b2.png,Endodontics,lyria,P0588,373,375
Endodontics/lyria__P0591__b0.png,Endodontics,lyria,P0591,203,283
Endodontics/lyria__P0591__b1.png,Endodontics,lyria,P0591,221,282
Endodontics/lyria__P0591__b2.png,Endodontics,lyria,P0591,264,289
Endodontics/lyria__P0591__b3.png,Endodontics,lyria,P0591,279,285
Endodontics/lyria__P0591__b4.png,Endodontics,lyria,P0591,108,227
Endodontics/lyria__P0591__b5.png,Endodontics,lyria,P0591,78,263
Endodontics/lyria__P0591__b6.png,Endodontics,lyria,P0591,73,263
Endodontics/lyria__P0591__b7.png,Endodontics,lyria,P0591,75,267
Endodontics/lyria__P0591__b8.png,Endodontics,lyria,P0591,219,313
Endodontics/lyria__P0591__b9.png,Endodontics,lyria,P0591,299,284
Endodontics/lyria__P0592__b0.png,Endodontics,lyria,P0592,87,309
Endodontics/lyria__P0592__b1.png,Endodontics,lyria,P0592,86,296
Endodontics/lyria__P0592__b2.png,Endodontics,lyria,P0592,86,309
Endodontics/lyria__P0595__b0.png,Endodontics,lyria,P0595,104,319
Impacted/lyria__P0596__b0.png,Impacted,lyria,P0596,318,234
Endodontics/lyria__P0596__b0.png,Endodontics,lyria,P0596,225,339
Endodontics/lyria__P0596__b1.png,Endodontics,lyria,P0596,110,338
Endodontics/lyria__P0596__b2.png,Endodontics,lyria,P0596,271,370
Endodontics/lyria__P0596__b3.png,Endodontics,lyria,P0596,345,412
Impacted/lyria__P0596__b1.png,Impacted,lyria,P0596,343,328
Impacted/lyria__P0597__b0.png,Impacted,lyria,P0597,247,167
Impacted/lyria__P0597__b1.png,Impacted,lyria,P0597,259,208
Impacted/lyria__P0597__b2.png,Impacted,lyria,P0597,171,185
Endodontics/lyria__P0599__b0.png,Endodontics,lyria,P0599,117,264
Endodontics/lyria__P0603__b0.png,Endodontics,lyria,P0603,81,284
Endodontics/lyria__P0603__b1.png,Endodontics,lyria,P0603,100,324
Impacted/lyria__P0604__b0.png,Impacted,lyria,P0604,120,221
Endodontics/lyria__P0604__b0.png,Endodontics,lyria,P0604,96,301
Impacted/lyria__P0604__b1.png,Impacted,lyria,P0604,151,255
Endodontics/lyria__P0605__b0.png,Endodontics,lyria,P0605,104,315
Endodontics/lyria__P0605__b1.png,Endodontics,lyria,P0605,86,319
Endodontics/lyria__P0605__b2.png,Endodontics,lyria,P0605,73,333
Endodontics/lyria__P0605__b3.png,Endodontics,lyria,P0605,96,336
Endodontics/lyria__P0605__b4.png,Endodontics,lyria,P0605,98,321
Endodontics/lyria__P0605__b5.png,Endodontics,lyria,P0605,96,332
Endodontics/lyria__P0606__b0.png,Endodontics,lyria,P0606,141,295
Endodontics/lyria__P0606__b1.png,Endodontics,lyria,P0606,281,367
Endodontics/lyria__P0610__b0.png,Endodontics,lyria,P0610,101,321
Endodontics/lyria__P0610__b1.png,Endodontics,lyria,P0610,81,331
Impacted/lyria__P0610__b0.png,Impacted,lyria,P0610,210,283
Endodontics/lyria__P0610__b2.png,Endodontics,lyria,P0610,196,286
Endodontics/lyria__P0610__b3.png,Endodontics,lyria,P0610,290,368
Endodontics/lyria__P0611__b0.png,Endodontics,lyria,P0611,79,300
Endodontics/lyria__P0615__b0.png,Endodontics,lyria,P0615,92,296
Endodontics/lyria__P0615__b1.png,Endodontics,lyria,P0615,100,304
Endodontics/lyria__P0620__b0.png,Endodontics,lyria,P0620,264,330
Endodontics/lyria__P0622__b0.png,Endodontics,lyria,P0622,79,332
Endodontics/lyria__P0622__b1.png,Endodontics,lyria,P0622,78,336
Endodontics/lyria__P0622__b2.png,Endodontics,lyria,P0622,184,321
Endodontics/lyria__P0626__b0.png,Endodontics,lyria,P0626,172,298
Endodontics/lyria__P0626__b1.png,Endodontics,lyria,P0626,345,363
Endodontics/lyria__P0627__b0.png,Endodontics,lyria,P0627,73,279
Endodontics/lyria__P0627__b1.png,Endodontics,lyria,P0627,235,355
Endodontics/lyria__P0628__b0.png,Endodontics,lyria,P0628,190,336
Endodontics/lyria__P0628__b1.png,Endodontics,lyria,P0628,300,354
Endodontics/lyria__P0630__b0.png,Endodontics,lyria,P0630,79,360
Endodontics/lyria__P0631__b0.png,Endodontics,lyria,P0631,233,309
Endodontics/lyria__P0633__b0.png,Endodontics,lyria,P0633,89,342
Endodontics/lyria__P0633__b1.png,Endodontics,lyria,P0633,205,386
Implant/lyria__P0063__b0.png,Implant,lyria,P0063,144,259
Endodontics/lyria__P0063__b0.png,Endodontics,lyria,P0063,113,289
Implant/lyria__P0063__b1.png,Implant,lyria,P0063,128,336
Endodontics/lyria__P0063__b1.png,Endodontics,lyria,P0063,219,225
Endodontics/lyria__P0063__b2.png,Endodontics,lyria,P0063,139,317
Implant/lyria__P0063__b2.png,Implant,lyria,P0063,217,291
Endodontics/lyria__P0637__b0.png,Endodontics,lyria,P0637,115,330
Impacted/lyria__P0638__b0.png,Impacted,lyria,P0638,200,275
Impacted/lyria__P0638__b1.png,Impacted,lyria,P0638,275,329
Endodontics/lyria__P0639__b0.png,Endodontics,lyria,P0639,176,294
Endodontics/lyria__P0639__b1.png,Endodontics,lyria,P0639,240,288
Endodontics/lyria__P0639__b2.png,Endodontics,lyria,P0639,299,375
Endodontics/lyria__P0640__b0.png,Endodontics,lyria,P0640,105,357
Endodontics/lyria__P0640__b1.png,Endodontics,lyria,P0640,102,402
Endodontics/lyria__P0640__b2.png,Endodontics,lyria,P0640,94,390
Endodontics/lyria__P0640__b3.png,Endodontics,lyria,P0640,113,350
Impacted/lyria__P0002__b0.png,Impacted,lyria,P0002,263,227
Impacted/lyria__P0002__b1.png,Impacted,lyria,P0002,291,246
Impacted/lyria__P0002__b2.png,Impacted,lyria,P0002,249,263
Impacted/lyria__P0002__b3.png,Impacted,lyria,P0002,278,276
Endodontics/lyria__P0065__b0.png,Endodontics,lyria,P0065,268,356
Endodontics/lyria__P0065__b1.png,Endodontics,lyria,P0065,251,318
Endodontics/lyria__P0644__b0.png,Endodontics,lyria,P0644,124,277
Endodontics/lyria__P0644__b1.png,Endodontics,lyria,P0644,91,275
Endodontics/lyria__P0644__b2.png,Endodontics,lyria,P0644,86,315
Endodontics/lyria__P0644__b3.png,Endodontics,lyria,P0644,92,265
Endodontics/lyria__P0644__b4.png,Endodontics,lyria,P0644,98,269
Endodontics/lyria__P0644__b5.png,Endodontics,lyria,P0644,77,296
Endodontics/lyria__P0644__b6.png,Endodontics,lyria,P0644,86,303
Endodontics/lyria__P0645__b0.png,Endodontics,lyria,P0645,82,208
Endodontics/lyria__P0645__b1.png,Endodontics,lyria,P0645,82,236
Endodontics/lyria__P0645__b2.png,Endodontics,lyria,P0645,86,260
Endodontics/lyria__P0645__b3.png,Endodontics,lyria,P0645,83,262
Endodontics/lyria__P0645__b4.png,Endodontics,lyria,P0645,73,261
Endodontics/lyria__P0645__b5.png,Endodontics,lyria,P0645,77,190
Endodontics/lyria__P0645__b6.png,Endodontics,lyria,P0645,231,274
Endodontics/lyria__P0647__b0.png,Endodontics,lyria,P0647,156,294
Endodontics/lyria__P0647__b1.png,Endodontics,lyria,P0647,179,308
Endodontics/lyria__P0647__b2.png,Endodontics,lyria,P0647,171,300
Endodontics/lyria__P0649__b0.png,Endodontics,lyria,P0649,228,301
Endodontics/lyria__P0649__b1.png,Endodontics,lyria,P0649,149,281
Endodontics/lyria__P0651__b0.png,Endodontics,lyria,P0651,109,323
Endodontics/lyria__P0652__b0.png,Endodontics,lyria,P0652,98,315
Endodontics/lyria__P0652__b1.png,Endodontics,lyria,P0652,132,317
Endodontics/lyria__P0652__b2.png,Endodontics,lyria,P0652,183,314
Endodontics/lyria__P0652__b3.png,Endodontics,lyria,P0652,140,290
Endodontics/lyria__P0652__b4.png,Endodontics,lyria,P0652,90,250
Endodontics/lyria__P0652__b5.png,Endodontics,lyria,P0652,112,288
Endodontics/lyria__P0652__b6.png,Endodontics,lyria,P0652,118,299
Endodontics/lyria__P0652__b7.png,Endodontics,lyria,P0652,151,325
Endodontics/lyria__P0066__b0.png,Endodontics,lyria,P0066,146,269
Endodontics/lyria__P0655__b0.png,Endodontics,lyria,P0655,102,336
Endodontics/lyria__P0655__b1.png,Endodontics,lyria,P0655,100,322
Implant/lyria__P0655__b0.png,Implant,lyria,P0655,84,242
Implant/lyria__P0655__b1.png,Implant,lyria,P0655,94,236
Implant/lyria__P0655__b2.png,Implant,lyria,P0655,92,252
Implant/lyria__P0655__b3.png,Implant,lyria,P0655,93,244
Endodontics/lyria__P0656__b0.png,Endodontics,lyria,P0656,238,321
Impacted/lyria__P0656__b0.png,Impacted,lyria,P0656,249,303
Impacted/lyria__P0660__b0.png,Impacted,lyria,P0660,209,227
Impacted/lyria__P0662__b0.png,Impacted,lyria,P0662,197,234
Impacted/lyria__P0662__b1.png,Impacted,lyria,P0662,335,336
Impacted/lyria__P0662__b2.png,Impacted,lyria,P0662,166,261
Impacted/lyria__P0663__b0.png,Impacted,lyria,P0663,283,336
Endodontics/lyria__P0664__b0.png,Endodontics,lyria,P0664,127,333
Endodontics/lyria__P0665__b0.png,Endodontics,lyria,P0665,140,309
Endodontics/lyria__P0665__b1.png,Endodontics,lyria,P0665,189,301
Endodontics/lyria__P0665__b2.png,Endodontics,lyria,P0665,243,311
Endodontics/lyria__P0665__b3.png,Endodontics,lyria,P0665,337,360
Impacted/lyria__P0067__b0.png,Impacted,lyria,P0067,250,252
Endodontics/lyria__P0067__b0.png,Endodontics,lyria,P0067,71,253
Endodontics/lyria__P0666__b0.png,Endodontics,lyria,P0666,98,338
Endodontics/lyria__P0668__b0.png,Endodontics,lyria,P0668,301,362
Endodontics/lyria__P0668__b1.png,Endodontics,lyria,P0668,205,292
Endodontics/lyria__P0668__b2.png,Endodontics,lyria,P0668,189,281
Implant/lyria__P0668__b0.png,Implant,lyria,P0668,113,305
Endodontics/lyria__P0668__b3.png,Endodontics,lyria,P0668,177,299
Endodontics/lyria__P0668__b4.png,Endodontics,lyria,P0668,181,251
Endodontics/lyria__P0668__b5.png,Endodontics,lyria,P0668,213,269
Impacted/lyria__P0668__b0.png,Impacted,lyria,P0668,161,240
Endodontics/lyria__P0668__b6.png,Endodontics,lyria,P0668,129,184
Endodontics/lyria__P0669__b0.png,Endodontics,lyria,P0669,146,323
Impacted/lyria__P0669__b0.png,Impacted,lyria,P0669,274,285
Endodontics/lyria__P0669__b1.png,Endodontics,lyria,P0669,148,325
Impacted/lyria__P0669__b1.png,Impacted,lyria,P0669,288,231
Impacted/lyria__P0669__b2.png,Impacted,lyria,P0669,353,346
Endodontics/lyria__P0675__b0.png,Endodontics,lyria,P0675,129,267
Endodontics/lyria__P0675__b1.png,Endodontics,lyria,P0675,106,257
Endodontics/lyria__P0675__b2.png,Endodontics,lyria,P0675,125,256
Endodontics/lyria__P0675__b3.png,Endodontics,lyria,P0675,156,291
Endodontics/lyria__P0675__b4.png,Endodontics,lyria,P0675,202,328
Impacted/lyria__P0676__b0.png,Impacted,lyria,P0676,210,205
Impacted/lyria__P0676__b1.png,Impacted,lyria,P0676,186,299
Impacted/lyria__P0677__b0.png,Impacted,lyria,P0677,257,193
Impacted/lyria__P0677__b1.png,Impacted,lyria,P0677,325,329
Endodontics/lyria__P0678__b0.png,Endodontics,lyria,P0678,90,321
Endodontics/lyria__P0678__b1.png,Endodontics,lyria,P0678,318,342
Endodontics/lyria__P0069__b0.png,Endodontics,lyria,P0069,94,277
Endodontics/lyria__P0069__b1.png,Endodontics,lyria,P0069,377,346
Endodontics/lyria__P0680__b0.png,Endodontics,lyria,P0680,92,282
Impacted/lyria__P0681__b0.png,Impacted,lyria,P0681,327,308
Endodontics/lyria__P0683__b0.png,Endodontics,lyria,P0683,165,263
Endodontics/lyria__P0070__b0.png,Endodontics,lyria,P0070,88,267
Endodontics/lyria__P0685__b0.png,Endodontics,lyria,P0685,83,261
Endodontics/lyria__P0685__b1.png,Endodontics,lyria,P0685,96,265
Endodontics/lyria__P0686__b0.png,Endodontics,lyria,P0686,90,269
Endodontics/lyria__P0687__b0.png,Endodontics,lyria,P0687,79,150
Endodontics/lyria__P0687__b1.png,Endodontics,lyria,P0687,36,156
Implant/lyria__P0071__b0.png,Implant,lyria,P0071,107,193
Implant/lyria__P0071__b1.png,Implant,lyria,P0071,105,204
Implant/lyria__P0071__b2.png,Implant,lyria,P0071,81,211
Implant/lyria__P0071__b3.png,Implant,lyria,P0071,71,188
Implant/lyria__P0071__b4.png,Implant,lyria,P0071,75,181
Implant/lyria__P0071__b5.png,Implant,lyria,P0071,92,202
Implant/lyria__P0071__b6.png,Implant,lyria,P0071,85,206
Endodontics/lyria__P0071__b0.png,Endodontics,lyria,P0071,73,300
Endodontics/lyria__P0071__b1.png,Endodontics,lyria,P0071,110,350
Endodontics/lyria__P0689__b0.png,Endodontics,lyria,P0689,119,287
Endodontics/lyria__P0689__b1.png,Endodontics,lyria,P0689,89,244
Endodontics/lyria__P0689__b2.png,Endodontics,lyria,P0689,124,276
Endodontics/lyria__P0689__b3.png,Endodontics,lyria,P0689,83,254
Endodontics/lyria__P0689__b4.png,Endodontics,lyria,P0689,121,229
Endodontics/lyria__P0689__b5.png,Endodontics,lyria,P0689,96,217
Endodontics/lyria__P0689__b6.png,Endodontics,lyria,P0689,159,290
Endodontics/lyria__P0689__b7.png,Endodontics,lyria,P0689,330,316
Endodontics/lyria__P0689__b8.png,Endodontics,lyria,P0689,284,310
Endodontics/lyria__P0692__b0.png,Endodontics,lyria,P0692,127,323
Impacted/lyria__P0692__b0.png,Impacted,lyria,P0692,266,166
Impacted/lyria__P0692__b1.png,Impacted,lyria,P0692,234,173
Endodontics/lyria__P0692__b1.png,Endodontics,lyria,P0692,272,327
Impacted/lyria__P0072__b0.png,Impacted,lyria,P0072,247,200
Endodontics/lyria__P0072__b0.png,Endodontics,lyria,P0072,90,265
Endodontics/lyria__P0072__b1.png,Endodontics,lyria,P0072,86,329
Endodontics/lyria__P0072__b2.png,Endodontics,lyria,P0072,86,261
Endodontics/lyria__P0072__b3.png,Endodontics,lyria,P0072,136,257
Impacted/lyria__P0072__b1.png,Impacted,lyria,P0072,191,169
Endodontics/lyria__P0695__b0.png,Endodontics,lyria,P0695,260,345
Endodontics/lyria__P0695__b1.png,Endodontics,lyria,P0695,297,377
Endodontics/lyria__P0695__b2.png,Endodontics,lyria,P0695,131,273
Endodontics/lyria__P0695__b3.png,Endodontics,lyria,P0695,94,316
Endodontics/lyria__P0696__b0.png,Endodontics,lyria,P0696,84,200
Endodontics/lyria__P0698__b0.png,Endodontics,lyria,P0698,127,238
Endodontics/lyria__P0698__b1.png,Endodontics,lyria,P0698,164,258
Impacted/lyria__P0073__b0.png,Impacted,lyria,P0073,348,256
Impacted/lyria__P0073__b1.png,Impacted,lyria,P0073,377,330
Endodontics/lyria__P0699__b0.png,Endodontics,lyria,P0699,88,288
Endodontics/lyria__P0700__b0.png,Endodontics,lyria,P0700,71,282
Impacted/lyria__P0700__b0.png,Impacted,lyria,P0700,308,295
Impacted/lyria__P0701__b0.png,Impacted,lyria,P0701,278,329
Impacted/lyria__P0701__b1.png,Impacted,lyria,P0701,169,246
Endodontics/lyria__P0701__b0.png,Endodontics,lyria,P0701,137,305
Impacted/lyria__P0701__b2.png,Impacted,lyria,P0701,186,294
Endodontics/lyria__P0701__b1.png,Endodontics,lyria,P0701,248,349
Endodontics/lyria__P0701__b2.png,Endodontics,lyria,P0701,308,370
Impacted/lyria__P0701__b3.png,Impacted,lyria,P0701,225,332
Endodontics/lyria__P0702__b0.png,Endodontics,lyria,P0702,71,196
Endodontics/lyria__P0702__b1.png,Endodontics,lyria,P0702,61,193
Endodontics/lyria__P0702__b2.png,Endodontics,lyria,P0702,63,325
Endodontics/lyria__P0702__b3.png,Endodontics,lyria,P0702,248,316
Endodontics/lyria__P0703__b0.png,Endodontics,lyria,P0703,110,292
Endodontics/lyria__P0704__b0.png,Endodontics,lyria,P0704,246,337
Impacted/lyria__P0704__b0.png,Impacted,lyria,P0704,238,196
Endodontics/lyria__P0705__b0.png,Endodontics,lyria,P0705,94,263
Endodontics/lyria__P0705__b1.png,Endodontics,lyria,P0705,158,271
Endodontics/lyria__P0705__b2.png,Endodontics,lyria,P0705,126,280
Endodontics/lyria__P0705__b3.png,Endodontics,lyria,P0705,239,275
Endodontics/lyria__P0706__b0.png,Endodontics,lyria,P0706,90,312
Endodontics/lyria__P0706__b1.png,Endodontics,lyria,P0706,105,346
Endodontics/lyria__P0706__b2.png,Endodontics,lyria,P0706,102,312
Endodontics/lyria__P0706__b3.png,Endodontics,lyria,P0706,171,282
Endodontics/lyria__P0706__b4.png,Endodontics,lyria,P0706,244,318
Endodontics/lyria__P0708__b0.png,Endodontics,lyria,P0708,152,282
Impacted/lyria__P0711__b0.png,Impacted,lyria,P0711,290,211
Endodontics/lyria__P0711__b0.png,Endodontics,lyria,P0711,248,329
Endodontics/lyria__P0074__b0.png,Endodontics,lyria,P0074,146,225
Endodontics/lyria__P0074__b1.png,Endodontics,lyria,P0074,118,308
Endodontics/lyria__P0074__b2.png,Endodontics,lyria,P0074,110,350
Endodontics/lyria__P0074__b3.png,Endodontics,lyria,P0074,161,381
Endodontics/lyria__P0074__b4.png,Endodontics,lyria,P0074,135,319
Endodontics/lyria__P0712__b0.png,Endodontics,lyria,P0712,90,306
Endodontics/lyria__P0712__b1.png,Endodontics,lyria,P0712,150,308
Endodontics/lyria__P0713__b0.png,Endodontics,lyria,P0713,174,290
Endodontics/lyria__P0714__b0.png,Endodontics,lyria,P0714,80,321
Endodontics/lyria__P0075__b0.png,Endodontics,lyria,P0075,98,323
Endodontics/lyria__P0075__b1.png,Endodontics,lyria,P0075,106,333
Endodontics/lyria__P0075__b2.png,Endodontics,lyria,P0075,188,287
Endodontics/lyria__P0716__b0.png,Endodontics,lyria,P0716,162,281
Endodontics/lyria__P0716__b1.png,Endodontics,lyria,P0716,73,298
Endodontics/lyria__P0716__b2.png,Endodontics,lyria,P0716,93,307
Impacted/lyria__P0717__b0.png,Impacted,lyria,P0717,307,302
Endodontics/lyria__P0718__b0.png,Endodontics,lyria,P0718,161,262
Endodontics/lyria__P0718__b1.png,Endodontics,lyria,P0718,98,271
Endodontics/lyria__P0719__b0.png,Endodontics,lyria,P0719,119,282
Endodontics/lyria__P0719__b1.png,Endodontics,lyria,P0719,100,232
Impacted/lyria__P0719__b0.png,Impacted,lyria,P0719,264,306
Endodontics/lyria__P0720__b0.png,Endodontics,lyria,P0720,86,271
Endodontics/lyria__P0720__b1.png,Endodontics,lyria,P0720,86,309
Endodontics/lyria__P0720__b2.png,Endodontics,lyria,P0720,266,323
Endodontics/lyria__P0720__b3.png,Endodontics,lyria,P0720,284,334
Impacted/lyria__P0722__b0.png,Impacted,lyria,P0722,152,265
Impacted/lyria__P0722__b1.png,Impacted,lyria,P0722,180,247
Impacted/lyria__P0722__b2.png,Impacted,lyria,P0722,271,209
Endodontics/lyria__P0724__b0.png,Endodontics,lyria,P0724,130,283
Endodontics/lyria__P0724__b1.png,Endodontics,lyria,P0724,107,300
Endodontics/lyria__P0724__b2.png,Endodontics,lyria,P0724,201,298
Endodontics/lyria__P0724__b3.png,Endodontics,lyria,P0724,255,318
Endodontics/lyria__P0728__b0.png,Endodontics,lyria,P0728,152,263
Impacted/lyria__P0730__b0.png,Impacted,lyria,P0730,140,259
Endodontics/lyria__P0730__b0.png,Endodontics,lyria,P0730,96,425
Endodontics/lyria__P0730__b1.png,Endodontics,lyria,P0730,100,306
Endodontics/lyria__P0731__b0.png,Endodontics,lyria,P0731,118,162
Impacted/lyria__P0731__b0.png,Impacted,lyria,P0731,131,111
Endodontics/lyria__P0732__b0.png,Endodontics,lyria,P0732,109,333
Endodontics/lyria__P0732__b1.png,Endodontics,lyria,P0732,227,308
Endodontics/lyria__P0732__b2.png,Endodontics,lyria,P0732,90,329
Endodontics/lyria__P0732__b3.png,Endodontics,lyria,P0732,197,315
Impacted/lyria__P0732__b0.png,Impacted,lyria,P0732,287,317
Endodontics/lyria__P0732__b4.png,Endodontics,lyria,P0732,306,357
Endodontics/lyria__P0734__b0.png,Endodontics,lyria,P0734,67,255
Endodontics/lyria__P0734__b1.png,Endodontics,lyria,P0734,86,275
Endodontics/lyria__P0734__b2.png,Endodontics,lyria,P0734,125,300
Endodontics/lyria__P0734__b3.png,Endodontics,lyria,P0734,166,291
Endodontics/lyria__P0735__b0.png,Endodontics,lyria,P0735,154,281
Endodontics/lyria__P0735__b1.png,Endodontics,lyria,P0735,253,350
Endodontics/lyria__P0736__b0.png,Endodontics,lyria,P0736,92,292
Endodontics/lyria__P0736__b1.png,Endodontics,lyria,P0736,98,269
Endodontics/lyria__P0738__b0.png,Endodontics,lyria,P0738,115,265
Endodontics/lyria__P0738__b1.png,Endodontics,lyria,P0738,114,280
Implant/lyria__P0738__b0.png,Implant,lyria,P0738,75,315
Endodontics/lyria__P0738__b2.png,Endodontics,lyria,P0738,109,256
Endodontics/lyria__P0738__b3.png,Endodontics,lyria,P0738,123,263
Endodontics/lyria__P0738__b4.png,Endodontics,lyria,P0738,180,302
Endodontics/lyria__P0738__b5.png,Endodontics,lyria,P0738,186,307
Endodontics/lyria__P0738__b6.png,Endodontics,lyria,P0738,258,312
Endodontics/lyria__P0738__b7.png,Endodontics,lyria,P0738,293,315
Endodontics/lyria__P0740__b0.png,Endodontics,lyria,P0740,66,255
Endodontics/lyria__P0740__b1.png,Endodontics,lyria,P0740,60,225
Endodontics/lyria__P0741__b0.png,Endodontics,lyria,P0741,142,271
Endodontics/lyria__P0741__b1.png,Endodontics,lyria,P0741,272,354
Endodontics/lyria__P0743__b0.png,Endodontics,lyria,P0743,138,311
Endodontics/lyria__P0743__b1.png,Endodontics,lyria,P0743,69,292
Endodontics/lyria__P0743__b2.png,Endodontics,lyria,P0743,73,338
Endodontics/lyria__P0743__b3.png,Endodontics,lyria,P0743,71,298
Endodontics/lyria__P0743__b4.png,Endodontics,lyria,P0743,69,284
Endodontics/lyria__P0743__b5.png,Endodontics,lyria,P0743,94,309
Endodontics/lyria__P0743__b6.png,Endodontics,lyria,P0743,75,321
Endodontics/lyria__P0743__b7.png,Endodontics,lyria,P0743,81,250
Endodontics/lyria__P0743__b8.png,Endodontics,lyria,P0743,184,288
Endodontics/lyria__P0743__b9.png,Endodontics,lyria,P0743,246,291
Endodontics/lyria__P0743__b10.png,Endodontics,lyria,P0743,180,320
Endodontics/lyria__P0744__b0.png,Endodontics,lyria,P0744,373,413
Endodontics/lyria__P0748__b0.png,Endodontics,lyria,P0748,281,347
Endodontics/lyria__P0749__b0.png,Endodontics,lyria,P0749,154,319
Impacted/lyria__P0750__b0.png,Impacted,lyria,P0750,176,246
Implant/lyria__P0750__b0.png,Implant,lyria,P0750,108,279
Endodontics/lyria__P0750__b0.png,Endodontics,lyria,P0750,287,376
Implant/lyria__P0750__b1.png,Implant,lyria,P0750,245,322
Endodontics/lyria__P0751__b0.png,Endodontics,lyria,P0751,80,281
Endodontics/lyria__P0751__b1.png,Endodontics,lyria,P0751,276,286
Endodontics/lyria__P0078__b0.png,Endodontics,lyria,P0078,115,269
Implant/lyria__P0078__b0.png,Implant,lyria,P0078,112,328
Endodontics/lyria__P0078__b1.png,Endodontics,lyria,P0078,128,265
Endodontics/lyria__P0078__b2.png,Endodontics,lyria,P0078,148,238
Endodontics/lyria__P0078__b3.png,Endodontics,lyria,P0078,183,250
Impacted/lyria__P0078__b0.png,Impacted,lyria,P0078,169,251
Endodontics/lyria__P0078__b4.png,Endodontics,lyria,P0078,152,306
Endodontics/lyria__P0078__b5.png,Endodontics,lyria,P0078,275,360
Endodontics/lyria__P0752__b0.png,Endodontics,lyria,P0752,238,329
Implant/lyria__P0752__b0.png,Implant,lyria,P0752,140,312
Implant/lyria__P0752__b1.png,Implant,lyria,P0752,125,289
Endodontics/lyria__P0752__b1.png,Endodontics,lyria,P0752,81,323
Endodontics/lyria__P0752__b2.png,Endodontics,lyria,P0752,94,321
Endodontics/lyria__P0752__b3.png,Endodontics,lyria,P0752,91,327
Endodontics/lyria__P0752__b4.png,Endodontics,lyria,P0752,141,302
Endodontics/lyria__P0752__b5.png,Endodontics,lyria,P0752,233,350
Endodontics/lyria__P0752__b6.png,Endodontics,lyria,P0752,318,340
Endodontics/lyria__P0753__b0.png,Endodontics,lyria,P0753,142,342
Endodontics/lyria__P0753__b1.png,Endodontics,lyria,P0753,328,352
Impacted/lyria__P0758__b0.png,Impacted,lyria,P0758,98,209
Endodontics/lyria__P0759__b0.png,Endodontics,lyria,P0759,96,284
Endodontics/lyria__P0759__b1.png,Endodontics,lyria,P0759,73,299
Endodontics/lyria__P0759__b2.png,Endodontics,lyria,P0759,89,261
Implant/lyria__P0759__b0.png,Implant,lyria,P0759,96,307
Implant/lyria__P0759__b1.png,Implant,lyria,P0759,92,325
Implant/lyria__P0759__b2.png,Implant,lyria,P0759,84,260
Implant/lyria__P0759__b3.png,Implant,lyria,P0759,81,253
Implant/lyria__P0759__b4.png,Implant,lyria,P0759,102,273
Implant/lyria__P0759__b5.png,Implant,lyria,P0759,158,276
Endodontics/lyria__P0759__b3.png,Endodontics,lyria,P0759,325,319
Endodontics/lyria__P0759__b4.png,Endodontics,lyria,P0759,84,258
Endodontics/lyria__P0759__b5.png,Endodontics,lyria,P0759,68,236
Endodontics/lyria__P0759__b6.png,Endodontics,lyria,P0759,102,263
Endodontics/lyria__P0759__b7.png,Endodontics,lyria,P0759,275,317
Endodontics/lyria__P0759__b8.png,Endodontics,lyria,P0759,294,318
Endodontics/lyria__P0761__b0.png,Endodontics,lyria,P0761,98,339
Endodontics/lyria__P0761__b1.png,Endodontics,lyria,P0761,86,279
Impacted/lyria__P0761__b0.png,Impacted,lyria,P0761,302,188
Endodontics/lyria__P0762__b0.png,Endodontics,lyria,P0762,60,219
Endodontics/lyria__P0762__b1.png,Endodontics,lyria,P0762,62,213
Endodontics/lyria__P0762__b2.png,Endodontics,lyria,P0762,60,192
Endodontics/lyria__P0762__b3.png,Endodontics,lyria,P0762,60,200
Endodontics/lyria__P0762__b4.png,Endodontics,lyria,P0762,120,263
Endodontics/lyria__P0763__b0.png,Endodontics,lyria,P0763,96,300
Endodontics/lyria__P0763__b1.png,Endodontics,lyria,P0763,238,323
Endodontics/lyria__P0763__b2.png,Endodontics,lyria,P0763,268,335
Impacted/lyria__P0764__b0.png,Impacted,lyria,P0764,146,260
Impacted/lyria__P0764__b1.png,Impacted,lyria,P0764,266,272
Impacted/lyria__P0764__b2.png,Impacted,lyria,P0764,236,185
Impacted/lyria__P0765__b0.png,Impacted,lyria,P0765,151,219
Impacted/lyria__P0765__b1.png,Impacted,lyria,P0765,284,188
Endodontics/lyria__P0766__b0.png,Endodontics,lyria,P0766,77,315
Endodontics/lyria__P0766__b1.png,Endodontics,lyria,P0766,188,304
Endodontics/lyria__P0766__b2.png,Endodontics,lyria,P0766,197,295
Endodontics/lyria__P0766__b3.png,Endodontics,lyria,P0766,256,327
Impacted/lyria__P0079__b0.png,Impacted,lyria,P0079,277,273
Impacted/lyria__P0079__b1.png,Impacted,lyria,P0079,299,308
Impacted/lyria__P0079__b2.png,Impacted,lyria,P0079,181,250
Impacted/lyria__P0079__b3.png,Impacted,lyria,P0079,275,290
Implant/lyria__P0768__b0.png,Implant,lyria,P0768,69,251
Implant/lyria__P0768__b1.png,Implant,lyria,P0768,71,225
Endodontics/lyria__P0769__b0.png,Endodontics,lyria,P0769,111,296
Endodontics/lyria__P0769__b1.png,Endodontics,lyria,P0769,95,286
Endodontics/lyria__P0769__b2.png,Endodontics,lyria,P0769,83,342
Endodontics/lyria__P0769__b3.png,Endodontics,lyria,P0769,85,311
Endodontics/lyria__P0770__b0.png,Endodontics,lyria,P0770,137,261
Endodontics/lyria__P0770__b1.png,Endodontics,lyria,P0770,137,248
Endodontics/lyria__P0770__b2.png,Endodontics,lyria,P0770,96,304
Endodontics/lyria__P0770__b3.png,Endodontics,lyria,P0770,95,280
Endodontics/lyria__P0770__b4.png,Endodontics,lyria,P0770,94,296
Endodontics/lyria__P0770__b5.png,Endodontics,lyria,P0770,79,296
Endodontics/lyria__P0770__b6.png,Endodontics,lyria,P0770,264,328
Endodontics/lyria__P0770__b7.png,Endodontics,lyria,P0770,328,357
Endodontics/lyria__P0770__b8.png,Endodontics,lyria,P0770,89,329
Endodontics/lyria__P0770__b9.png,Endodontics,lyria,P0770,177,326
Endodontics/lyria__P0770__b10.png,Endodontics,lyria,P0770,288,335
Endodontics/lyria__P0771__b0.png,Endodontics,lyria,P0771,138,319
Endodontics/lyria__P0771__b1.png,Endodontics,lyria,P0771,90,310
Endodontics/lyria__P0771__b2.png,Endodontics,lyria,P0771,90,433
Endodontics/lyria__P0771__b3.png,Endodontics,lyria,P0771,90,319
Endodontics/lyria__P0771__b4.png,Endodontics,lyria,P0771,84,353
Endodontics/lyria__P0771__b5.png,Endodontics,lyria,P0771,86,419
Endodontics/lyria__P0771__b6.png,Endodontics,lyria,P0771,168,378
Endodontics/lyria__P0772__b0.png,Endodontics,lyria,P0772,79,234
Endodontics/lyria__P0772__b1.png,Endodontics,lyria,P0772,96,251
Endodontics/lyria__P0772__b2.png,Endodontics,lyria,P0772,294,318
Endodontics/lyria__P0773__b0.png,Endodontics,lyria,P0773,111,302
Endodontics/lyria__P0773__b1.png,Endodontics,lyria,P0773,101,223
Endodontics/lyria__P0773__b2.png,Endodontics,lyria,P0773,94,266
Endodontics/lyria__P0773__b3.png,Endodontics,lyria,P0773,100,273
Endodontics/lyria__P0773__b4.png,Endodontics,lyria,P0773,85,281
Endodontics/lyria__P0773__b5.png,Endodontics,lyria,P0773,102,258
Endodontics/lyria__P0773__b6.png,Endodontics,lyria,P0773,152,238
Impacted/lyria__P0774__b0.png,Impacted,lyria,P0774,278,284
Impacted/lyria__P0080__b0.png,Impacted,lyria,P0080,119,357
Endodontics/lyria__P0776__b0.png,Endodontics,lyria,P0776,79,305
Endodontics/lyria__P0776__b1.png,Endodontics,lyria,P0776,98,296
Endodontics/lyria__P0776__b2.png,Endodontics,lyria,P0776,237,315
Endodontics/lyria__P0776__b3.png,Endodontics,lyria,P0776,156,286
Endodontics/lyria__P0777__b0.png,Endodontics,lyria,P0777,150,301
Endodontics/lyria__P0777__b1.png,Endodontics,lyria,P0777,117,265
Endodontics/lyria__P0778__b0.png,Endodontics,lyria,P0778,79,288
Endodontics/lyria__P0778__b1.png,Endodontics,lyria,P0778,95,325
Endodontics/lyria__P0778__b2.png,Endodontics,lyria,P0778,81,305
Endodontics/lyria__P0778__b3.png,Endodontics,lyria,P0778,88,306
Endodontics/lyria__P0778__b4.png,Endodontics,lyria,P0778,90,321
Endodontics/lyria__P0780__b0.png,Endodontics,lyria,P0780,66,223
Endodontics/lyria__P0780__b1.png,Endodontics,lyria,P0780,130,276
Endodontics/lyria__P0780__b2.png,Endodontics,lyria,P0780,75,233
Endodontics/lyria__P0781__b0.png,Endodontics,lyria,P0781,106,276
Endodontics/lyria__P0781__b1.png,Endodontics,lyria,P0781,89,279
Endodontics/lyria__P0782__b0.png,Endodontics,lyria,P0782,98,311
Endodontics/lyria__P0782__b1.png,Endodontics,lyria,P0782,67,321
Endodontics/lyria__P0783__b0.png,Endodontics,lyria,P0783,115,255
Endodontics/lyria__P0783__b1.png,Endodontics,lyria,P0783,137,275
Endodontics/lyria__P0783__b2.png,Endodontics,lyria,P0783,106,280
Endodontics/lyria__P0783__b3.png,Endodontics,lyria,P0783,308,335
Endodontics/lyria__P0784__b0.png,Endodontics,lyria,P0784,54,294
Endodontics/lyria__P0784__b1.png,Endodontics,lyria,P0784,71,285
Endodontics/lyria__P0784__b2.png,Endodontics,lyria,P0784,154,286
Endodontics/lyria__P0784__b3.png,Endodontics,lyria,P0784,320,358
Endodontics/lyria__P0785__b0.png,Endodontics,lyria,P0785,194,305
Endodontics/lyria__P0786__b0.png,Endodontics,lyria,P0786,121,296
Endodontics/lyria__P0786__b1.png,Endodontics,lyria,P0786,130,284
Endodontics/lyria__P0788__b0.png,Endodontics,lyria,P0788,107,300
Endodontics/lyria__P0788__b1.png,Endodontics,lyria,P0788,107,290
Endodontics/lyria__P0788__b2.png,Endodontics,lyria,P0788,117,265
Endodontics/lyria__P0788__b3.png,Endodontics,lyria,P0788,112,269
Endodontics/lyria__P0788__b4.png,Endodontics,lyria,P0788,153,277
Endodontics/lyria__P0788__b5.png,Endodontics,lyria,P0788,100,325
Endodontics/lyria__P0788__b6.png,Endodontics,lyria,P0788,248,313
Endodontics/lyria__P0790__b0.png,Endodontics,lyria,P0790,250,338
Endodontics/lyria__P0792__b0.png,Endodontics,lyria,P0792,242,297
Endodontics/lyria__P0793__b0.png,Endodontics,lyria,P0793,146,309
Endodontics/lyria__P0793__b1.png,Endodontics,lyria,P0793,134,283
Endodontics/lyria__P0794__b0.png,Endodontics,lyria,P0794,78,271
Impacted/lyria__P0795__b0.png,Impacted,lyria,P0795,183,278
Impacted/lyria__P0795__b1.png,Impacted,lyria,P0795,171,250
Endodontics/lyria__P0797__b0.png,Endodontics,lyria,P0797,92,312
Endodontics/lyria__P0797__b1.png,Endodontics,lyria,P0797,107,290
Endodontics/lyria__P0798__b0.png,Endodontics,lyria,P0798,71,319
Endodontics/lyria__P0798__b1.png,Endodontics,lyria,P0798,73,319
Endodontics/lyria__P0798__b2.png,Endodontics,lyria,P0798,301,314
Endodontics/lyria__P0799__b0.png,Endodontics,lyria,P0799,157,254
Endodontics/lyria__P0799__b1.png,Endodontics,lyria,P0799,77,278
Endodontics/lyria__P0799__b2.png,Endodontics,lyria,P0799,96,280
Endodontics/lyria__P0799__b3.png,Endodontics,lyria,P0799,77,303
Endodontics/lyria__P0799__b4.png,Endodontics,lyria,P0799,100,271
Endodontics/lyria__P0799__b5.png,Endodontics,lyria,P0799,78,242
Endodontics/lyria__P0799__b6.png,Endodontics,lyria,P0799,140,257
Endodontics/lyria__P0799__b7.png,Endodontics,lyria,P0799,165,305
Endodontics/lyria__P0799__b8.png,Endodontics,lyria,P0799,312,309
Endodontics/lyria__P0800__b0.png,Endodontics,lyria,P0800,142,331
Endodontics/lyria__P0800__b1.png,Endodontics,lyria,P0800,304,369
Endodontics/lyria__P0800__b2.png,Endodontics,lyria,P0800,340,385
Endodontics/lyria__P0800__b3.png,Endodontics,lyria,P0800,284,380
Endodontics/lyria__P0802__b0.png,Endodontics,lyria,P0802,146,284
Endodontics/lyria__P0803__b0.png,Endodontics,lyria,P0803,163,363
Endodontics/lyria__P0803__b1.png,Endodontics,lyria,P0803,165,379
Endodontics/lyria__P0803__b2.png,Endodontics,lyria,P0803,79,334
Endodontics/lyria__P0803__b3.png,Endodontics,lyria,P0803,83,246
Endodontics/lyria__P0803__b4.png,Endodontics,lyria,P0803,69,256
Endodontics/lyria__P0804__b0.png,Endodontics,lyria,P0804,79,259
Endodontics/lyria__P0804__b1.png,Endodontics,lyria,P0804,52,277
Endodontics/lyria__P0804__b2.png,Endodontics,lyria,P0804,81,261
Endodontics/lyria__P0804__b3.png,Endodontics,lyria,P0804,85,280
Endodontics/lyria__P0804__b4.png,Endodontics,lyria,P0804,107,236
Endodontics/lyria__P0804__b5.png,Endodontics,lyria,P0804,98,275
Endodontics/lyria__P0804__b6.png,Endodontics,lyria,P0804,69,287
Endodontics/lyria__P0804__b7.png,Endodontics,lyria,P0804,142,297
Implant/lyria__P0804__b0.png,Implant,lyria,P0804,174,310
Endodontics/lyria__P0804__b8.png,Endodontics,lyria,P0804,219,335
Endodontics/lyria__P0804__b9.png,Endodontics,lyria,P0804,241,277
Endodontics/lyria__P0804__b10.png,Endodontics,lyria,P0804,318,339
Endodontics/lyria__P0805__b0.png,Endodontics,lyria,P0805,81,250
Endodontics/lyria__P0805__b1.png,Endodontics,lyria,P0805,77,274
Endodontics/lyria__P0805__b2.png,Endodontics,lyria,P0805,116,323
Endodontics/lyria__P0805__b3.png,Endodontics,lyria,P0805,211,279
Endodontics/lyria__P0084__b0.png,Endodontics,lyria,P0084,103,302
Endodontics/lyria__P0084__b1.png,Endodontics,lyria,P0084,262,340
Endodontics/lyria__P0806__b0.png,Endodontics,lyria,P0806,91,297
Impacted/lyria__P0806__b0.png,Impacted,lyria,P0806,248,181
Endodontics/lyria__P0806__b1.png,Endodontics,lyria,P0806,304,358
Endodontics/lyria__P0807__b0.png,Endodontics,lyria,P0807,146,261
Endodontics/lyria__P0808__b0.png,Endodontics,lyria,P0808,106,306
Endodontics/lyria__P0808__b1.png,Endodontics,lyria,P0808,109,294
Endodontics/lyria__P0085__b0.png,Endodontics,lyria,P0085,121,265
Endodontics/lyria__P0086__b0.png,Endodontics,lyria,P0086,267,363
Impacted/lyria__P0086__b0.png,Impacted,lyria,P0086,256,292
Endodontics/lyria__P0086__b1.png,Endodontics,lyria,P0086,307,346
Impacted/lyria__P0087__b0.png,Impacted,lyria,P0087,215,298
Impacted/lyria__P0087__b1.png,Impacted,lyria,P0087,186,269
Impacted/lyria__P0087__b2.png,Impacted,lyria,P0087,303,329
Impacted/lyria__P0087__b3.png,Impacted,lyria,P0087,200,314
Impacted/lyria__P0090__b0.png,Impacted,lyria,P0090,250,301
Impacted/lyria__P0090__b1.png,Impacted,lyria,P0090,298,321
Impacted/lyria__P0090__b2.png,Impacted,lyria,P0090,284,305
Endodontics/lyria__P0003__b0.png,Endodontics,lyria,P0003,107,231
Implant/lyria__P0003__b0.png,Implant,lyria,P0003,100,323
Endodontics/lyria__P0003__b1.png,Endodontics,lyria,P0003,125,260
Endodontics/lyria__P0003__b2.png,Endodontics,lyria,P0003,133,229
Endodontics/lyria__P0003__b3.png,Endodontics,lyria,P0003,161,264
Impacted/lyria__P0003__b0.png,Impacted,lyria,P0003,156,261
Endodontics/lyria__P0003__b4.png,Endodontics,lyria,P0003,113,292
Endodontics/lyria__P0003__b5.png,Endodontics,lyria,P0003,248,319
Endodontics/lyria__P0094__b0.png,Endodontics,lyria,P0094,100,269
Endodontics/lyria__P0094__b1.png,Endodontics,lyria,P0094,106,281
Endodontics/lyria__P0094__b2.png,Endodontics,lyria,P0094,272,364
Impacted/lyria__P0095__b0.png,Impacted,lyria,P0095,186,267
Impacted/lyria__P0095__b1.png,Impacted,lyria,P0095,194,302
Endodontics/lyria__P0004__b0.png,Endodontics,lyria,P0004,110,335
Endodontics/lyria__P0004__b1.png,Endodontics,lyria,P0004,94,276
Endodontics/lyria__P0004__b2.png,Endodontics,lyria,P0004,225,334
Endodontics/lyria__P0004__b3.png,Endodontics,lyria,P0004,125,255
Endodontics/lyria__P0004__b4.png,Endodontics,lyria,P0004,88,252
Implant/lyria__P0096__b0.png,Implant,lyria,P0096,94,244
Endodontics/lyria__P0096__b0.png,Endodontics,lyria,P0096,106,287
Implant/lyria__P0096__b1.png,Implant,lyria,P0096,108,221
Implant/lyria__P0096__b2.png,Implant,lyria,P0096,142,246
Implant/lyria__P0096__b3.png,Implant,lyria,P0096,129,273
Implant/lyria__P0096__b4.png,Implant,lyria,P0096,209,300
Implant/lyria__P0096__b5.png,Implant,lyria,P0096,263,280
Impacted/lyria__P0097__b0.png,Impacted,lyria,P0097,295,298
Impacted/lyria__P0098__b0.png,Impacted,lyria,P0098,168,190
Endodontics/lyria__P0098__b0.png,Endodontics,lyria,P0098,92,323
Endodontics/lyria__P0098__b1.png,Endodontics,lyria,P0098,104,317
Endodontics/lyria__P0098__b2.png,Endodontics,lyria,P0098,88,296
Endodontics/lyria__P0098__b3.png,Endodontics,lyria,P0098,151,269
Impacted/lyria__P0098__b1.png,Impacted,lyria,P0098,314,297
Endodontics/lyria__P0099__b0.png,Endodontics,lyria,P0099,126,337
Endodontics/lyria__P0099__b1.png,Endodontics,lyria,P0099,90,302
Endodontics/lyria__P0099__b2.png,Endodontics,lyria,P0099,75,267
Endodontics/lyria__P0099__b3.png,Endodontics,lyria,P0099,83,273
Impacted/lyria__P0100__b0.png,Impacted,lyria,P0100,177,267
Impacted/lyria__P0100__b1.png,Impacted,lyria,P0100,185,280
Impacted/lyria__P0100__b2.png,Impacted,lyria,P0100,266,262
Endodontics/lyria__P0100__b0.png,Endodontics,lyria,P0100,314,389
Impacted/lyria__P0100__b3.png,Impacted,lyria,P0100,315,295
Endodontics/lyria__P0005__b0.png,Endodontics,lyria,P0005,82,265
Endodontics/lyria__P0101__b0.png,Endodontics,lyria,P0101,121,287
Endodontics/lyria__P0101__b1.png,Endodontics,lyria,P0101,98,274
Endodontics/lyria__P0101__b2.png,Endodontics,lyria,P0101,109,296
Endodontics/lyria__P0101__b3.png,Endodontics,lyria,P0101,79,279
Endodontics/lyria__P0102__b0.png,Endodontics,lyria,P0102,102,281
Endodontics/lyria__P0105__b0.png,Endodontics,lyria,P0105,121,301
Endodontics/lyria__P0105__b1.png,Endodontics,lyria,P0105,116,284
Endodontics/lyria__P0006__b0.png,Endodontics,lyria,P0006,159,284
Endodontics/lyria__P0006__b1.png,Endodontics,lyria,P0006,88,348
Endodontics/lyria__P0006__b2.png,Endodontics,lyria,P0006,63,245
Endodontics/lyria__P0006__b3.png,Endodontics,lyria,P0006,89,272
Impacted/lyria__P0106__b0.png,Impacted,lyria,P0106,242,286
Impacted/lyria__P0106__b1.png,Impacted,lyria,P0106,265,273
Impacted/lyria__P0106__b2.png,Impacted,lyria,P0106,187,253
Endodontics/lyria__P0107__b0.png,Endodontics,lyria,P0107,84,303
Endodontics/lyria__P0107__b1.png,Endodontics,lyria,P0107,194,292
Endodontics/lyria__P0108__b0.png,Endodontics,lyria,P0108,150,282
Endodontics/lyria__P0108__b1.png,Endodontics,lyria,P0108,86,330
Implant/lyria__P0108__b0.png,Implant,lyria,P0108,100,353
Endodontics/lyria__P0108__b2.png,Endodontics,lyria,P0108,167,289
Endodontics/lyria__P0108__b3.png,Endodontics,lyria,P0108,327,347
Implant/lyria__P0108__b1.png,Implant,lyria,P0108,277,336
Implant/lyria__P0108__b2.png,Implant,lyria,P0108,265,391
Impacted/lyria__P0109__b0.png,Impacted,lyria,P0109,229,190
Impacted/lyria__P0109__b1.png,Impacted,lyria,P0109,229,205
Impacted/lyria__P0110__b0.png,Impacted,lyria,P0110,194,166
Endodontics/lyria__P0007__b0.png,Endodontics,lyria,P0007,59,256
Endodontics/lyria__P0112__b0.png,Endodontics,lyria,P0112,108,344
Endodontics/lyria__P0112__b1.png,Endodontics,lyria,P0112,138,436
Impacted/lyria__P0114__b0.png,Impacted,lyria,P0114,246,252
Impacted/lyria__P0114__b1.png,Impacted,lyria,P0114,180,250
Impacted/lyria__P0008__b0.png,Impacted,lyria,P0008,156,271
Endodontics/lyria__P0008__b0.png,Endodontics,lyria,P0008,75,275
Impacted/lyria__P0008__b1.png,Impacted,lyria,P0008,271,300
Endodontics/lyria__P0008__b1.png,Endodontics,lyria,P0008,251,344
Impacted/lyria__P0008__b2.png,Impacted,lyria,P0008,194,250
Endodontics/lyria__P0119__b0.png,Endodontics,lyria,P0119,91,273
Endodontics/lyria__P0119__b1.png,Endodontics,lyria,P0119,332,378
Endodontics/lyria__P0121__b0.png,Endodontics,lyria,P0121,48,185
Endodontics/lyria__P0121__b1.png,Endodontics,lyria,P0121,58,174
Endodontics/lyria__P0121__b2.png,Endodontics,lyria,P0121,75,169
Endodontics/lyria__P0121__b3.png,Endodontics,lyria,P0121,86,156
Endodontics/lyria__P0121__b4.png,Endodontics,lyria,P0121,133,181
Implant/lyria__P0122__b0.png,Implant,lyria,P0122,45,131
Implant/lyria__P0122__b1.png,Implant,lyria,P0122,44,120
Endodontics/lyria__P0123__b0.png,Endodontics,lyria,P0123,45,166
Endodontics/lyria__P0125__b0.png,Endodontics,lyria,P0125,179,305
Endodontics/lyria__P0130__b0.png,Endodontics,lyria,P0130,121,281
Endodontics/lyria__P0130__b1.png,Endodontics,lyria,P0130,157,304
Endodontics/lyria__P0131__b0.png,Endodontics,lyria,P0131,183,343
Endodontics/lyria__P0131__b1.png,Endodontics,lyria,P0131,309,363
Endodontics/lyria__P0131__b2.png,Endodontics,lyria,P0131,171,327
Endodontics/lyria__P0131__b3.png,Endodontics,lyria,P0131,94,347
Endodontics/lyria__P0131__b4.png,Endodontics,lyria,P0131,124,311
Endodontics/lyria__P0131__b5.png,Endodontics,lyria,P0131,107,317
Endodontics/lyria__P0010__b0.png,Endodontics,lyria,P0010,52,259
Endodontics/lyria__P0010__b1.png,Endodontics,lyria,P0010,70,225
Endodontics/lyria__P0010__b2.png,Endodontics,lyria,P0010,51,232
Endodontics/lyria__P0135__b0.png,Endodontics,lyria,P0135,117,343
Impacted/lyria__P0136__b0.png,Impacted,lyria,P0136,281,309
Impacted/lyria__P0136__b1.png,Impacted,lyria,P0136,250,297
Impacted/lyria__P0136__b2.png,Impacted,lyria,P0136,294,314
Endodontics/lyria__P0139__b0.png,Endodontics,lyria,P0139,274,327
Implant/lyria__P0139__b0.png,Implant,lyria,P0139,239,326
Implant/lyria__P0139__b1.png,Implant,lyria,P0139,206,300
Endodontics/lyria__P0139__b1.png,Endodontics,lyria,P0139,113,275
Endodontics/lyria__P0139__b2.png,Endodontics,lyria,P0139,142,308
Endodontics/lyria__P0139__b3.png,Endodontics,lyria,P0139,189,335
Endodontics/lyria__P0139__b4.png,Endodontics,lyria,P0139,347,375
Endodontics/lyria__P0139__b5.png,Endodontics,lyria,P0139,323,332
Endodontics/lyria__P0139__b6.png,Endodontics,lyria,P0139,336,326
Endodontics/lyria__P0139__b7.png,Endodontics,lyria,P0139,171,314
Implant/lyria__P0139__b2.png,Implant,lyria,P0139,179,352
Implant/lyria__P0139__b3.png,Implant,lyria,P0139,159,357
Implant/lyria__P0139__b4.png,Implant,lyria,P0139,196,395
Implant/lyria__P0139__b5.png,Implant,lyria,P0139,186,358
Implant/lyria__P0139__b6.png,Implant,lyria,P0139,166,319
Endodontics/lyria__P0139__b8.png,Endodontics,lyria,P0139,97,344
Endodontics/lyria__P0140__b0.png,Endodontics,lyria,P0140,136,298
Endodontics/lyria__P0140__b1.png,Endodontics,lyria,P0140,155,335
Endodontics/lyria__P0140__b2.png,Endodontics,lyria,P0140,116,331
Endodontics/lyria__P0141__b0.png,Endodontics,lyria,P0141,119,294
Endodontics/lyria__P0141__b1.png,Endodontics,lyria,P0141,98,290
Endodontics/lyria__P0141__b2.png,Endodontics,lyria,P0141,108,307
Impacted/lyria__P0144__b0.png,Impacted,lyria,P0144,305,242
Endodontics/lyria__P0145__b0.png,Endodontics,lyria,P0145,108,243
Endodontics/lyria__P0145__b1.png,Endodontics,lyria,P0145,83,246
Endodontics/lyria__P0145__b2.png,Endodontics,lyria,P0145,125,319
Endodontics/lyria__P0145__b3.png,Endodontics,lyria,P0145,121,296
Implant/lyria__P0145__b0.png,Implant,lyria,P0145,108,240
Implant/lyria__P0145__b1.png,Implant,lyria,P0145,83,262
Implant/lyria__P0145__b2.png,Implant,lyria,P0145,90,259
Endodontics/lyria__P0146__b0.png,Endodontics,lyria,P0146,198,287
Endodontics/lyria__P0146__b1.png,Endodontics,lyria,P0146,102,232
Endodontics/lyria__P0146__b2.png,Endodontics,lyria,P0146,168,307
Endodontics/lyria__P0146__b3.png,Endodontics,lyria,P0146,286,366
Impacted/lyria__P0147__b0.png,Impacted,lyria,P0147,164,228
Endodontics/lyria__P0011__b0.png,Endodontics,lyria,P0011,89,326
Endodontics/lyria__P0011__b1.png,Endodontics,lyria,P0011,171,350
Endodontics/lyria__P0148__b0.png,Endodontics,lyria,P0148,165,234
Endodontics/lyria__P0148__b1.png,Endodontics,lyria,P0148,119,317
Endodontics/lyria__P0149__b0.png,Endodontics,lyria,P0149,158,288
Endodontics/lyria__P0149__b1.png,Endodontics,lyria,P0149,113,321
Endodontics/lyria__P0149__b2.png,Endodontics,lyria,P0149,180,319
Impacted/lyria__P0150__b0.png,Impacted,lyria,P0150,205,188
Impacted/lyria__P0150__b1.png,Impacted,lyria,P0150,317,209
Impacted/lyria__P0150__b2.png,Impacted,lyria,P0150,205,233
Impacted/lyria__P0150__b3.png,Impacted,lyria,P0150,183,279
Endodontics/lyria__P0012__b0.png,Endodontics,lyria,P0012,66,263
Endodontics/lyria__P0012__b1.png,Endodontics,lyria,P0012,85,250
Endodontics/lyria__P0012__b2.png,Endodontics,lyria,P0012,81,256
Endodontics/lyria__P0151__b0.png,Endodontics,lyria,P0151,125,271
Endodontics/lyria__P0154__b0.png,Endodontics,lyria,P0154,106,313
Endodontics/lyria__P0154__b1.png,Endodontics,lyria,P0154,101,299
Endodontics/lyria__P0154__b2.png,Endodontics,lyria,P0154,92,318
Endodontics/lyria__P0154__b3.png,Endodontics,lyria,P0154,84,344
Endodontics/lyria__P0154__b4.png,Endodontics,lyria,P0154,117,317
Endodontics/lyria__P0154__b5.png,Endodontics,lyria,P0154,90,331
Endodontics/lyria__P0154__b6.png,Endodontics,lyria,P0154,180,309
Endodontics/lyria__P0156__b0.png,Endodontics,lyria,P0156,102,364
Endodontics/lyria__P0156__b1.png,Endodontics,lyria,P0156,115,348
Endodontics/lyria__P0158__b0.png,Endodontics,lyria,P0158,253,331
Impacted/lyria__P0158__b0.png,Impacted,lyria,P0158,185,280
Endodontics/lyria__P0158__b1.png,Endodontics,lyria,P0158,317,390
Endodontics/lyria__P0158__b2.png,Endodontics,lyria,P0158,228,413
Impacted/lyria__P0158__b1.png,Impacted,lyria,P0158,329,348
Endodontics/lyria__P0160__b0.png,Endodontics,lyria,P0160,161,326
Endodontics/lyria__P0160__b1.png,Endodontics,lyria,P0160,120,307
Endodontics/lyria__P0160__b2.png,Endodontics,lyria,P0160,108,363
Endodontics/lyria__P0160__b3.png,Endodontics,lyria,P0160,121,369
Endodontics/lyria__P0161__b0.png,Endodontics,lyria,P0161,174,257
Endodontics/lyria__P0161__b1.png,Endodontics,lyria,P0161,129,267
Endodontics/lyria__P0161__b2.png,Endodontics,lyria,P0161,113,319
Endodontics/lyria__P0161__b3.png,Endodontics,lyria,P0161,312,360
Endodontics/lyria__P0161__b4.png,Endodontics,lyria,P0161,228,355
Impacted/lyria__P0162__b0.png,Impacted,lyria,P0162,329,329
Endodontics/lyria__P0164__b0.png,Endodontics,lyria,P0164,146,298
Endodontics/lyria__P0164__b1.png,Endodontics,lyria,P0164,113,319
Endodontics/lyria__P0164__b2.png,Endodontics,lyria,P0164,113,386
Endodontics/lyria__P0164__b3.png,Endodontics,lyria,P0164,121,376
Endodontics/lyria__P0164__b4.png,Endodontics,lyria,P0164,167,323
Endodontics/lyria__P0164__b5.png,Endodontics,lyria,P0164,319,323
Endodontics/lyria__P0164__b6.png,Endodontics,lyria,P0164,344,364
Endodontics/lyria__P0166__b0.png,Endodontics,lyria,P0166,280,359
Endodontics/lyria__P0166__b1.png,Endodontics,lyria,P0166,115,321
Endodontics/lyria__P0167__b0.png,Endodontics,lyria,P0167,277,365
Endodontics/lyria__P0168__b0.png,Endodontics,lyria,P0168,183,329
Endodontics/lyria__P0168__b1.png,Endodontics,lyria,P0168,313,350
Endodontics/lyria__P0168__b2.png,Endodontics,lyria,P0168,112,292
Endodontics/lyria__P0168__b3.png,Endodontics,lyria,P0168,106,293
Endodontics/lyria__P0168__b4.png,Endodontics,lyria,P0168,116,298
Endodontics/lyria__P0168__b5.png,Endodontics,lyria,P0168,158,343
Endodontics/lyria__P0169__b0.png,Endodontics,lyria,P0169,98,289
Implant/lyria__P0170__b0.png,Implant,lyria,P0170,143,281
Implant/lyria__P0170__b1.png,Implant,lyria,P0170,130,282
Implant/lyria__P0170__b2.png,Implant,lyria,P0170,185,309
Implant/lyria__P0170__b3.png,Implant,lyria,P0170,116,286
Endodontics/lyria__P0170__b0.png,Endodontics,lyria,P0170,89,269
Endodontics/lyria__P0170__b1.png,Endodontics,lyria,P0170,90,289
Endodontics/lyria__P0170__b2.png,Endodontics,lyria,P0170,84,273
Impacted/lyria__P0171__b0.png,Impacted,lyria,P0171,156,235
Impacted/lyria__P0171__b1.png,Impacted,lyria,P0171,173,279
Impacted/lyria__P0171__b2.png,Impacted,lyria,P0171,246,202
Impacted/lyria__P0171__b3.png,Impacted,lyria,P0171,181,231
Impacted/lyria__P0172__b0.png,Impacted,lyria,P0172,263,173
Endodontics/lyria__P0174__b0.png,Endodontics,lyria,P0174,117,280
Endodontics/lyria__P0174__b1.png,Endodontics,lyria,P0174,111,317
Endodontics/lyria__P0175__b0.png,Endodontics,lyria,P0175,185,302
Endodontics/lyria__P0176__b0.png,Endodontics,lyria,P0176,169,363
Endodontics/lyria__P0176__b1.png,Endodontics,lyria,P0176,198,356
Endodontics/lyria__P0176__b2.png,Endodontics,lyria,P0176,113,352
Endodontics/lyria__P0176__b3.png,Endodontics,lyria,P0176,117,362
Endodontics/lyria__P0176__b4.png,Endodontics,lyria,P0176,191,389
Endodontics/lyria__P0176__b5.png,Endodontics,lyria,P0176,110,315
Endodontics/lyria__P0176__b6.png,Endodontics,lyria,P0176,236,324
Endodontics/lyria__P0178__b0.png,Endodontics,lyria,P0178,98,350
Endodontics/lyria__P0178__b1.png,Endodontics,lyria,P0178,348,373
Impacted/lyria__P0016__b0.png,Impacted,lyria,P0016,239,268
Impacted/lyria__P0016__b1.png,Impacted,lyria,P0016,197,236
Impacted/lyria__P0181__b0.png,Impacted,lyria,P0181,148,221
Impacted/lyria__P0181__b1.png,Impacted,lyria,P0181,150,223
Impacted/lyria__P0181__b2.png,Impacted,lyria,P0181,301,306
Impacted/lyria__P0183__b0.png,Impacted,lyria,P0183,263,211
Endodontics/lyria__P0183__b0.png,Endodontics,lyria,P0183,117,288
Impacted/lyria__P0183__b1.png,Impacted,lyria,P0183,312,306
Endodontics/lyria__P0184__b0.png,Endodontics,lyria,P0184,261,350
Endodontics/lyria__P0184__b1.png,Endodontics,lyria,P0184,182,331
Endodontics/lyria__P0184__b2.png,Endodontics,lyria,P0184,153,321
Endodontics/lyria__P0185__b0.png,Endodontics,lyria,P0185,269,374
Endodontics/lyria__P0185__b1.png,Endodontics,lyria,P0185,287,418
Endodontics/lyria__P0186__b0.png,Endodontics,lyria,P0186,184,261
Endodontics/lyria__P0186__b1.png,Endodontics,lyria,P0186,190,313
Endodontics/lyria__P0186__b2.png,Endodontics,lyria,P0186,111,312
Endodontics/lyria__P0186__b3.png,Endodontics,lyria,P0186,131,319
Impacted/lyria__P0186__b0.png,Impacted,lyria,P0186,352,362
Impacted/lyria__P0186__b1.png,Impacted,lyria,P0186,312,335
Impacted/lyria__P0187__b0.png,Impacted,lyria,P0187,238,204
Impacted/lyria__P0187__b1.png,Impacted,lyria,P0187,253,232
Impacted/lyria__P0187__b2.png,Impacted,lyria,P0187,313,320
Impacted/lyria__P0187__b3.png,Impacted,lyria,P0187,302,331
Impacted/lyria__P0188__b0.png,Impacted,lyria,P0188,219,309
Endodontics/lyria__P0188__b0.png,Endodontics,lyria,P0188,216,334
Endodontics/lyria__P0189__b0.png,Endodontics,lyria,P0189,100,300
Endodontics/lyria__P0189__b1.png,Endodontics,lyria,P0189,98,298
Endodontics/lyria__P0189__b2.png,Endodontics,lyria,P0189,164,300
Endodontics/lyria__P0189__b3.png,Endodontics,lyria,P0189,236,320
Impacted/lyria__P0190__b0.png,Impacted,lyria,P0190,319,283
Impacted/lyria__P0191__b0.png,Impacted,lyria,P0191,231,233
Impacted/lyria__P0191__b1.png,Impacted,lyria,P0191,257,252
Impacted/lyria__P0191__b2.png,Impacted,lyria,P0191,272,316
Impacted/lyria__P0191__b3.png,Impacted,lyria,P0191,287,288
Impacted/lyria__P0192__b0.png,Impacted,lyria,P0192,361,345
Endodontics/lyria__P0193__b0.png,Endodontics,lyria,P0193,154,288
Endodontics/lyria__P0193__b1.png,Endodontics,lyria,P0193,106,298
Endodontics/lyria__P0193__b2.png,Endodontics,lyria,P0193,89,306
Endodontics/lyria__P0193__b3.png,Endodontics,lyria,P0193,96,313
Endodontics/lyria__P0193__b4.png,Endodontics,lyria,P0193,83,300
Endodontics/lyria__P0193__b5.png,Endodontics,lyria,P0193,108,376
Endodontics/lyria__P0193__b6.png,Endodontics,lyria,P0193,114,307
Endodontics/lyria__P0193__b7.png,Endodontics,lyria,P0193,267,368
Endodontics/lyria__P0193__b8.png,Endodontics,lyria,P0193,156,353
Endodontics/lyria__P0193__b9.png,Endodontics,lyria,P0193,268,358
Endodontics/lyria__P0194__b0.png,Endodontics,lyria,P0194,115,280
Endodontics/lyria__P0194__b1.png,Endodontics,lyria,P0194,106,288
Endodontics/lyria__P0194__b2.png,Endodontics,lyria,P0194,177,325
Endodontics/lyria__P0195__b0.png,Endodontics,lyria,P0195,98,348
Endodontics/lyria__P0196__b0.png,Endodontics,lyria,P0196,107,315
Endodontics/lyria__P0196__b1.png,Endodontics,lyria,P0196,136,363
Endodontics/lyria__P0196__b2.png,Endodontics,lyria,P0196,334,386
Endodontics/lyria__P0019__b0.png,Endodontics,lyria,P0019,67,237
Endodontics/lyria__P0019__b1.png,Endodontics,lyria,P0019,67,172
Endodontics/lyria__P0198__b0.png,Endodontics,lyria,P0198,75,301
Endodontics/lyria__P0198__b1.png,Endodontics,lyria,P0198,92,325
Endodontics/lyria__P0198__b2.png,Endodontics,lyria,P0198,88,298
Endodontics/lyria__P0201__b0.png,Endodontics,lyria,P0201,90,283
Endodontics/lyria__P0202__b0.png,Endodontics,lyria,P0202,123,278
Endodontics/lyria__P0202__b1.png,Endodontics,lyria,P0202,176,323
Implant/lyria__P0202__b0.png,Implant,lyria,P0202,121,317
Endodontics/lyria__P0205__b0.png,Endodontics,lyria,P0205,84,276
Endodontics/lyria__P0205__b1.png,Endodontics,lyria,P0205,195,330
Endodontics/lyria__P0205__b2.png,Endodontics,lyria,P0205,81,257
Endodontics/lyria__P0206__b0.png,Endodontics,lyria,P0206,111,298
Endodontics/lyria__P0206__b1.png,Endodontics,lyria,P0206,103,294
Endodontics/lyria__P0207__b0.png,Endodontics,lyria,P0207,110,327
Endodontics/lyria__P0207__b1.png,Endodontics,lyria,P0207,111,338
Endodontics/lyria__P0208__b0.png,Endodontics,lyria,P0208,125,281
Endodontics/lyria__P0208__b1.png,Endodontics,lyria,P0208,121,281
Endodontics/lyria__P0208__b2.png,Endodontics,lyria,P0208,102,313
Endodontics/lyria__P0208__b3.png,Endodontics,lyria,P0208,317,313
Endodontics/lyria__P0209__b0.png,Endodontics,lyria,P0209,88,326
Endodontics/lyria__P0209__b1.png,Endodontics,lyria,P0209,87,323
Endodontics/lyria__P0209__b2.png,Endodontics,lyria,P0209,166,321
Endodontics/lyria__P0209__b3.png,Endodontics,lyria,P0209,315,375
Endodontics/lyria__P0211__b0.png,Endodontics,lyria,P0211,144,298
Endodontics/lyria__P0212__b0.png,Endodontics,lyria,P0212,106,280
Endodontics/lyria__P0212__b1.png,Endodontics,lyria,P0212,83,284
Endodontics/lyria__P0212__b2.png,Endodontics,lyria,P0212,108,354
Endodontics/lyria__P0212__b3.png,Endodontics,lyria,P0212,204,331
Endodontics/lyria__P0213__b0.png,Endodontics,lyria,P0213,96,286
Endodontics/lyria__P0213__b1.png,Endodontics,lyria,P0213,90,274
Endodontics/lyria__P0213__b2.png,Endodontics,lyria,P0213,100,284
Endodontics/lyria__P0213__b3.png,Endodontics,lyria,P0213,94,288
Endodontics/lyria__P0213__b4.png,Endodontics,lyria,P0213,137,267
Endodontics/lyria__P0213__b5.png,Endodontics,lyria,P0213,318,353
Endodontics/lyria__P0213__b6.png,Endodontics,lyria,P0213,286,305
Endodontics/lyria__P0213__b7.png,Endodontics,lyria,P0213,100,254
Endodontics/lyria__P0213__b8.png,Endodontics,lyria,P0213,84,304
Endodontics/lyria__P0213__b9.png,Endodontics,lyria,P0213,168,329
Implant/lyria__P0213__b0.png,Implant,lyria,P0213,209,312
Endodontics/lyria__P0213__b10.png,Endodontics,lyria,P0213,287,321
Endodontics/lyria__P0214__b0.png,Endodontics,lyria,P0214,95,292
Impacted/lyria__P0214__b0.png,Impacted,lyria,P0214,316,322
Endodontics/lyria__P0214__b1.png,Endodontics,lyria,P0214,282,344
Endodontics/lyria__P0215__b0.png,Endodontics,lyria,P0215,146,279
Impacted/lyria__P0020__b0.png,Impacted,lyria,P0020,246,244
Impacted/lyria__P0020__b1.png,Impacted,lyria,P0020,256,244
Impacted/lyria__P0020__b2.png,Impacted,lyria,P0020,242,210
Impacted/lyria__P0020__b3.png,Impacted,lyria,P0020,224,150
Endodontics/lyria__P0216__b0.png,Endodontics,lyria,P0216,109,333
Endodontics/lyria__P0216__b1.png,Endodontics,lyria,P0216,121,317
Endodontics/lyria__P0218__b0.png,Endodontics,lyria,P0218,96,254
Endodontics/lyria__P0218__b1.png,Endodontics,lyria,P0218,247,333
Endodontics/lyria__P0218__b2.png,Endodontics,lyria,P0218,363,323
Endodontics/lyria__P0220__b0.png,Endodontics,lyria,P0220,105,340
Endodontics/lyria__P0220__b1.png,Endodontics,lyria,P0220,131,334
Endodontics/lyria__P0221__b0.png,Endodontics,lyria,P0221,111,351
Endodontics/lyria__P0221__b1.png,Endodontics,lyria,P0221,104,355
Impacted/lyria__P0221__b0.png,Impacted,lyria,P0221,263,201
Endodontics/lyria__P0222__b0.png,Endodontics,lyria,P0222,289,353
Endodontics/lyria__P0223__b0.png,Endodontics,lyria,P0223,161,327
Endodontics/lyria__P0224__b0.png,Endodontics,lyria,P0224,79,281
Endodontics/lyria__P0224__b1.png,Endodontics,lyria,P0224,77,265
Endodontics/lyria__P0021__b0.png,Endodontics,lyria,P0021,92,279
Endodontics/lyria__P0021__b1.png,Endodontics,lyria,P0021,132,355
Endodontics/lyria__P0021__b2.png,Endodontics,lyria,P0021,114,271
Endodontics/lyria__P0021__b3.png,Endodontics,lyria,P0021,333,354
Endodontics/lyria__P0227__b0.png,Endodontics,lyria,P0227,149,257
Endodontics/lyria__P0227__b1.png,Endodontics,lyria,P0227,102,261
Endodontics/lyria__P0227__b2.png,Endodontics,lyria,P0227,87,294
Endodontics/lyria__P0227__b3.png,Endodontics,lyria,P0227,88,302
Endodontics/lyria__P0227__b4.png,Endodontics,lyria,P0227,75,283
Endodontics/lyria__P0227__b5.png,Endodontics,lyria,P0227,109,273
Endodontics/lyria__P0227__b6.png,Endodontics,lyria,P0227,127,297
Endodontics/lyria__P0229__b0.png,Endodontics,lyria,P0229,106,304
Impacted/lyria__P0229__b0.png,Impacted,lyria,P0229,355,378
Endodontics/lyria__P0229__b1.png,Endodontics,lyria,P0229,279,370
Impacted/lyria__P0229__b1.png,Impacted,lyria,P0229,328,349
Endodontics/lyria__P0230__b0.png,Endodontics,lyria,P0230,94,394
Endodontics/lyria__P0230__b1.png,Endodontics,lyria,P0230,108,302
Endodontics/lyria__P0022__b0.png,Endodontics,lyria,P0022,73,181
Endodontics/lyria__P0232__b0.png,Endodontics,lyria,P0232,117,300
Endodontics/lyria__P0234__b0.png,Endodontics,lyria,P0234,100,290
Endodontics/lyria__P0234__b1.png,Endodontics,lyria,P0234,326,320
Endodontics/lyria__P0235__b0.png,Endodontics,lyria,P0235,86,259
Impacted/lyria__P0238__b0.png,Impacted,lyria,P0238,246,229
Impacted/lyria__P0238__b1.png,Impacted,lyria,P0238,271,230
Endodontics/lyria__P0239__b0.png,Endodontics,lyria,P0239,156,315
Endodontics/lyria__P0239__b1.png,Endodontics,lyria,P0239,110,304
Endodontics/lyria__P0240__b0.png,Endodontics,lyria,P0240,100,338
Endodontics/lyria__P0241__b0.png,Endodontics,lyria,P0241,106,251
Endodontics/lyria__P0241__b1.png,Endodontics,lyria,P0241,127,290
Endodontics/lyria__P0241__b2.png,Endodontics,lyria,P0241,108,294
Endodontics/lyria__P0241__b3.png,Endodontics,lyria,P0241,109,317
Endodontics/lyria__P0243__b0.png,Endodontics,lyria,P0243,111,294
Endodontics/lyria__P0244__b0.png,Endodontics,lyria,P0244,92,265
Endodontics/lyria__P0244__b1.png,Endodontics,lyria,P0244,84,254
Endodontics/lyria__P0244__b2.png,Endodontics,lyria,P0244,78,262
Endodontics/lyria__P0244__b3.png,Endodontics,lyria,P0244,85,329
Endodontics/lyria__P0244__b4.png,Endodontics,lyria,P0244,302,338
Endodontics/lyria__P0244__b5.png,Endodontics,lyria,P0244,111,277
Endodontics/lyria__P0244__b6.png,Endodontics,lyria,P0244,100,294
Endodontics/lyria__P0244__b7.png,Endodontics,lyria,P0244,89,321
Endodontics/lyria__P0244__b8.png,Endodontics,lyria,P0244,116,283
Endodontics/lyria__P0244__b9.png,Endodontics,lyria,P0244,227,305
Endodontics/lyria__P0245__b0.png,Endodontics,lyria,P0245,141,317
Endodontics/lyria__P0245__b1.png,Endodontics,lyria,P0245,100,315
Endodontics/lyria__P0245__b2.png,Endodontics,lyria,P0245,102,336
Endodontics/lyria__P0245__b3.png,Endodontics,lyria,P0245,113,369
Endodontics/lyria__P0245__b4.png,Endodontics,lyria,P0245,307,396
Endodontics/lyria__P0245__b5.png,Endodontics,lyria,P0245,113,354
Endodontics/lyria__P0246__b0.png,Endodontics,lyria,P0246,109,379
Endodontics/lyria__P0246__b1.png,Endodontics,lyria,P0246,73,315
Endodontics/lyria__P0247__b0.png,Endodontics,lyria,P0247,116,331
Endodontics/lyria__P0247__b1.png,Endodontics,lyria,P0247,88,296
Endodontics/lyria__P0247__b2.png,Endodontics,lyria,P0247,80,299
Endodontics/lyria__P0247__b3.png,Endodontics,lyria,P0247,89,298
Endodontics/lyria__P0247__b4.png,Endodontics,lyria,P0247,140,333
Endodontics/lyria__P0247__b5.png,Endodontics,lyria,P0247,150,299
Endodontics/lyria__P0247__b6.png,Endodontics,lyria,P0247,226,339
Endodontics/lyria__P0247__b7.png,Endodontics,lyria,P0247,106,319
Endodontics/lyria__P0247__b8.png,Endodontics,lyria,P0247,112,292
Endodontics/lyria__P0247__b9.png,Endodontics,lyria,P0247,313,339
Endodontics/lyria__P0249__b0.png,Endodontics,lyria,P0249,87,238
Endodontics/lyria__P0249__b1.png,Endodontics,lyria,P0249,107,284
Endodontics/lyria__P0249__b2.png,Endodontics,lyria,P0249,106,287
Endodontics/lyria__P0249__b3.png,Endodontics,lyria,P0249,119,307
Endodontics/lyria__P0024__b0.png,Endodontics,lyria,P0024,165,308
Endodontics/lyria__P0024__b1.png,Endodontics,lyria,P0024,96,344
Endodontics/lyria__P0251__b0.png,Endodontics,lyria,P0251,100,321
Endodontics/lyria__P0251__b1.png,Endodontics,lyria,P0251,103,338
Endodontics/lyria__P0251__b2.png,Endodontics,lyria,P0251,91,304
Endodontics/lyria__P0025__b0.png,Endodontics,lyria,P0025,127,288
Endodontics/lyria__P0025__b1.png,Endodontics,lyria,P0025,62,292
Endodontics/lyria__P0025__b2.png,Endodontics,lyria,P0025,161,301
Endodontics/lyria__P0254__b0.png,Endodontics,lyria,P0254,318,380
Impacted/lyria__P0255__b0.png,Impacted,lyria,P0255,266,332
Impacted/lyria__P0255__b1.png,Impacted,lyria,P0255,270,318
Impacted/lyria__P0255__b2.png,Impacted,lyria,P0255,273,280
Endodontics/lyria__P0256__b0.png,Endodontics,lyria,P0256,110,292
Endodontics/lyria__P0256__b1.png,Endodontics,lyria,P0256,92,307
Endodontics/lyria__P0259__b0.png,Endodontics,lyria,P0259,69,244
Endodontics/lyria__P0260__b0.png,Endodontics,lyria,P0260,77,296
Endodontics/lyria__P0260__b1.png,Endodontics,lyria,P0260,73,294
Impacted/lyria__P0260__b0.png,Impacted,lyria,P0260,104,283
Endodontics/lyria__P0260__b2.png,Endodontics,lyria,P0260,91,281
Impacted/lyria__P0262__b0.png,Impacted,lyria,P0262,267,186
Impacted/lyria__P0262__b1.png,Impacted,lyria,P0262,279,210
Impacted/lyria__P0262__b2.png,Impacted,lyria,P0262,278,321
Impacted/lyria__P0262__b3.png,Impacted,lyria,P0262,173,301
Endodontics/lyria__P0262__b0.png,Endodontics,lyria,P0262,188,308
Endodontics/lyria__P0263__b0.png,Endodontics,lyria,P0263,179,264
Implant/lyria__P0263__b0.png,Implant,lyria,P0263,118,297
Endodontics/lyria__P0263__b1.png,Endodontics,lyria,P0263,88,302
Endodontics/lyria__P0263__b2.png,Endodontics,lyria,P0263,85,296
Endodontics/lyria__P0263__b3.png,Endodontics,lyria,P0263,86,300
Endodontics/lyria__P0263__b4.png,Endodontics,lyria,P0263,94,317
Endodontics/lyria__P0263__b5.png,Endodontics,lyria,P0263,110,332
Endodontics/lyria__P0263__b6.png,Endodontics,lyria,P0263,168,284
Endodontics/lyria__P0263__b7.png,Endodontics,lyria,P0263,84,260
Endodontics/lyria__P0263__b8.png,Endodontics,lyria,P0263,92,296
Endodontics/lyria__P0263__b9.png,Endodontics,lyria,P0263,123,288
Endodontics/lyria__P0263__b10.png,Endodontics,lyria,P0263,339,324
Endodontics/lyria__P0263__b11.png,Endodontics,lyria,P0263,102,290
Endodontics/lyria__P0263__b12.png,Endodontics,lyria,P0263,351,362
Impacted/lyria__P0027__b0.png,Impacted,lyria,P0027,271,276
Impacted/lyria__P0027__b1.png,Impacted,lyria,P0027,197,217
Endodontics/lyria__P0027__b0.png,Endodontics,lyria,P0027,239,328
Impacted/lyria__P0265__b0.png,Impacted,lyria,P0265,179,258
Endodontics/lyria__P0266__b0.png,Endodontics,lyria,P0266,282,335
Impacted/lyria__P0028__b0.png,Impacted,lyria,P0028,298,296
Impacted/lyria__P0028__b1.png,Impacted,lyria,P0028,174,282
Endodontics/lyria__P0267__b0.png,Endodontics,lyria,P0267,119,307
Endodontics/lyria__P0267__b1.png,Endodontics,lyria,P0267,73,275
Endodontics/lyria__P0267__b2.png,Endodontics,lyria,P0267,85,250
Impacted/lyria__P0267__b0.png,Impacted,lyria,P0267,183,286
Endodontics/lyria__P0267__b3.png,Endodontics,lyria,P0267,92,241
Endodontics/lyria__P0268__b0.png,Endodontics,lyria,P0268,96,342
Endodontics/lyria__P0268__b1.png,Endodontics,lyria,P0268,138,285
Endodontics/lyria__P0269__b0.png,Endodontics,lyria,P0269,179,333
Impacted/lyria__P0270__b0.png,Impacted,lyria,P0270,312,206
Endodontics/lyria__P0270__b0.png,Endodontics,lyria,P0270,266,369
Endodontics/lyria__P0270__b1.png,Endodontics,lyria,P0270,203,329
Impacted/lyria__P0270__b1.png,Impacted,lyria,P0270,334,304
Endodontics/lyria__P0271__b0.png,Endodontics,lyria,P0271,92,290
Endodontics/lyria__P0271__b1.png,Endodontics,lyria,P0271,152,311
Endodontics/lyria__P0272__b0.png,Endodontics,lyria,P0272,341,355
Endodontics/lyria__P0272__b1.png,Endodontics,lyria,P0272,114,281
Endodontics/lyria__P0273__b0.png,Endodontics,lyria,P0273,115,348
Endodontics/lyria__P0273__b1.png,Endodontics,lyria,P0273,204,352
Endodontics/lyria__P0273__b2.png,Endodontics,lyria,P0273,169,302
Endodontics/lyria__P0273__b3.png,Endodontics,lyria,P0273,303,368
Endodontics/lyria__P0274__b0.png,Endodontics,lyria,P0274,111,338
Endodontics/lyria__P0274__b1.png,Endodontics,lyria,P0274,107,378
Endodontics/lyria__P0276__b0.png,Endodontics,lyria,P0276,139,331
Endodontics/lyria__P0276__b1.png,Endodontics,lyria,P0276,107,331
Endodontics/lyria__P0277__b0.png,Endodontics,lyria,P0277,144,253
Endodontics/lyria__P0277__b1.png,Endodontics,lyria,P0277,85,274
Endodontics/lyria__P0277__b2.png,Endodontics,lyria,P0277,200,346
Endodontics/lyria__P0277__b3.png,Endodontics,lyria,P0277,194,285
Endodontics/lyria__P0277__b4.png,Endodontics,lyria,P0277,157,267
Endodontics/lyria__P0278__b0.png,Endodontics,lyria,P0278,92,313
Endodontics/lyria__P0279__b0.png,Endodontics,lyria,P0279,290,361
Impacted/lyria__P0280__b0.png,Impacted,lyria,P0280,177,286
Endodontics/lyria__P0280__b0.png,Endodontics,lyria,P0280,100,329
Endodontics/lyria__P0280__b1.png,Endodontics,lyria,P0280,121,325
Endodontics/lyria__P0280__b2.png,Endodontics,lyria,P0280,136,321
Endodontics/lyria__P0281__b0.png,Endodontics,lyria,P0281,180,313
Endodontics/lyria__P0281__b1.png,Endodontics,lyria,P0281,125,333
Endodontics/lyria__P0281__b2.png,Endodontics,lyria,P0281,98,309
Endodontics/lyria__P0284__b0.png,Endodontics,lyria,P0284,111,282
Endodontics/lyria__P0284__b1.png,Endodontics,lyria,P0284,111,321
Endodontics/lyria__P0029__b0.png,Endodontics,lyria,P0029,79,239
Endodontics/lyria__P0029__b1.png,Endodontics,lyria,P0029,81,250
Endodontics/lyria__P0029__b2.png,Endodontics,lyria,P0029,134,269
Endodontics/lyria__P0286__b0.png,Endodontics,lyria,P0286,100,360
Endodontics/lyria__P0286__b1.png,Endodontics,lyria,P0286,96,328
Endodontics/lyria__P0286__b2.png,Endodontics,lyria,P0286,100,348
Endodontics/lyria__P0286__b3.png,Endodontics,lyria,P0286,119,319
Endodontics/lyria__P0286__b4.png,Endodontics,lyria,P0286,85,327
Impacted/lyria__P0286__b0.png,Impacted,lyria,P0286,292,303
Endodontics/lyria__P0286__b5.png,Endodontics,lyria,P0286,119,282
Endodontics/lyria__P0286__b6.png,Endodontics,lyria,P0286,83,287
Endodontics/lyria__P0286__b7.png,Endodontics,lyria,P0286,328,354
Endodontics/lyria__P0287__b0.png,Endodontics,lyria,P0287,167,353
Endodontics/lyria__P0287__b1.png,Endodontics,lyria,P0287,104,344
Endodontics/lyria__P0287__b2.png,Endodontics,lyria,P0287,148,285
Impacted/lyria__P0287__b0.png,Impacted,lyria,P0287,335,349
Impacted/lyria__P0287__b1.png,Impacted,lyria,P0287,277,229
Impacted/lyria__P0288__b0.png,Impacted,lyria,P0288,238,255
Endodontics/lyria__P0288__b0.png,Endodontics,lyria,P0288,167,329
Endodontics/lyria__P0289__b0.png,Endodontics,lyria,P0289,188,326
Endodontics/lyria__P0289__b1.png,Endodontics,lyria,P0289,310,369
Endodontics/lyria__P0289__b2.png,Endodontics,lyria,P0289,268,352
Endodontics/lyria__P0289__b3.png,Endodontics,lyria,P0289,100,336
Endodontics/lyria__P0289__b4.png,Endodontics,lyria,P0289,110,355
Endodontics/lyria__P0289__b5.png,Endodontics,lyria,P0289,100,294
Endodontics/lyria__P0289__b6.png,Endodontics,lyria,P0289,100,296
Endodontics/lyria__P0290__b0.png,Endodontics,lyria,P0290,98,363
Endodontics/lyria__P0290__b1.png,Endodontics,lyria,P0290,121,315
Endodontics/lyria__P0291__b0.png,Endodontics,lyria,P0291,280,337
Endodontics/lyria__P0292__b0.png,Endodontics,lyria,P0292,113,346
Endodontics/lyria__P0292__b1.png,Endodontics,lyria,P0292,255,316
Endodontics/lyria__P0292__b2.png,Endodontics,lyria,P0292,300,339
Endodontics/lyria__P0293__b0.png,Endodontics,lyria,P0293,286,370
Endodontics/lyria__P0295__b0.png,Endodontics,lyria,P0295,123,348
Endodontics/lyria__P0295__b1.png,Endodontics,lyria,P0295,119,283
Endodontics/lyria__P0295__b2.png,Endodontics,lyria,P0295,115,238
Endodontics/lyria__P0295__b3.png,Endodontics,lyria,P0295,115,280
Endodontics/lyria__P0296__b0.png,Endodontics,lyria,P0296,124,371
Endodontics/lyria__P0296__b1.png,Endodontics,lyria,P0296,113,357
Endodontics/lyria__P0296__b2.png,Endodontics,lyria,P0296,104,338
Endodontics/lyria__P0296__b3.png,Endodontics,lyria,P0296,185,306
Endodontics/lyria__P0296__b4.png,Endodontics,lyria,P0296,307,360
Impacted/lyria__P0297__b0.png,Impacted,lyria,P0297,178,263
Endodontics/lyria__P0297__b0.png,Endodontics,lyria,P0297,294,355
Endodontics/lyria__P0297__b1.png,Endodontics,lyria,P0297,352,336
Impacted/lyria__P0301__b0.png,Impacted,lyria,P0301,173,292
Endodontics/lyria__P0303__b0.png,Endodontics,lyria,P0303,96,269
Endodontics/lyria__P0304__b0.png,Endodontics,lyria,P0304,106,271
Endodontics/lyria__P0304__b1.png,Endodontics,lyria,P0304,108,284
Endodontics/lyria__P0304__b2.png,Endodontics,lyria,P0304,142,303
Implant/lyria__P0304__b0.png,Implant,lyria,P0304,113,325
Endodontics/lyria__P0304__b3.png,Endodontics,lyria,P0304,113,315
Endodontics/lyria__P0304__b4.png,Endodontics,lyria,P0304,152,276
Endodontics/lyria__P0305__b0.png,Endodontics,lyria,P0305,81,194
Endodontics/lyria__P0305__b1.png,Endodontics,lyria,P0305,96,284
Endodontics/lyria__P0305__b2.png,Endodontics,lyria,P0305,92,332
Endodontics/lyria__P0305__b3.png,Endodontics,lyria,P0305,82,338
Endodontics/lyria__P0305__b4.png,Endodontics,lyria,P0305,109,317
Endodontics/lyria__P0305__b5.png,Endodontics,lyria,P0305,117,300
Endodontics/lyria__P0305__b6.png,Endodontics,lyria,P0305,167,300
Endodontics/lyria__P0305__b7.png,Endodontics,lyria,P0305,188,308
Endodontics/lyria__P0305__b8.png,Endodontics,lyria,P0305,291,362
Impacted/lyria__P0306__b0.png,Impacted,lyria,P0306,300,246
Impacted/lyria__P0306__b1.png,Impacted,lyria,P0306,198,336
Impacted/lyria__P0306__b2.png,Impacted,lyria,P0306,310,306
Endodontics/lyria__P0307__b0.png,Endodontics,lyria,P0307,121,306
Endodontics/lyria__P0307__b1.png,Endodontics,lyria,P0307,115,300
Endodontics/lyria__P0307__b2.png,Endodontics,lyria,P0307,366,392
Endodontics/lyria__P0307__b3.png,Endodontics,lyria,P0307,176,349
Endodontics/lyria__P0309__b0.png,Endodontics,lyria,P0309,105,292
Endodontics/lyria__P0309__b1.png,Endodontics,lyria,P0309,264,354
Endodontics/lyria__P0031__b0.png,Endodontics,lyria,P0031,100,274
Endodontics/lyria__P0031__b1.png,Endodontics,lyria,P0031,78,309
Endodontics/lyria__P0310__b0.png,Endodontics,lyria,P0310,108,305
Endodontics/lyria__P0310__b1.png,Endodontics,lyria,P0310,77,323
Endodontics/lyria__P0310__b2.png,Endodontics,lyria,P0310,75,302
Endodontics/lyria__P0310__b3.png,Endodontics,lyria,P0310,88,317
Endodontics/lyria__P0310__b4.png,Endodontics,lyria,P0310,92,333
Endodontics/lyria__P0310__b5.png,Endodontics,lyria,P0310,78,313
Endodontics/lyria__P0310__b6.png,Endodontics,lyria,P0310,117,290
Endodontics/lyria__P0310__b7.png,Endodontics,lyria,P0310,390,365
Impacted/lyria__P0311__b0.png,Impacted,lyria,P0311,155,271
Impacted/lyria__P0311__b1.png,Impacted,lyria,P0311,264,315
Impacted/lyria__P0311__b2.png,Impacted,lyria,P0311,185,336
Endodontics/lyria__P0312__b0.png,Endodontics,lyria,P0312,108,325
Endodontics/lyria__P0313__b0.png,Endodontics,lyria,P0313,107,284
Endodontics/lyria__P0313__b1.png,Endodontics,lyria,P0313,132,330
Endodontics/lyria__P0313__b2.png,Endodontics,lyria,P0313,100,298
Endodontics/lyria__P0313__b3.png,Endodontics,lyria,P0313,131,326
Endodontics/lyria__P0315__b0.png,Endodontics,lyria,P0315,71,358
Endodontics/lyria__P0315__b1.png,Endodontics,lyria,P0315,79,344
Endodontics/lyria__P0315__b2.png,Endodontics,lyria,P0315,83,335
Endodontics/lyria__P0315__b3.png,Endodontics,lyria,P0315,111,350
Endodontics/lyria__P0315__b4.png,Endodontics,lyria,P0315,79,315
Endodontics/lyria__P0315__b5.png,Endodontics,lyria,P0315,309,416
Impacted/lyria__P0317__b0.png,Impacted,lyria,P0317,307,319
Endodontics/lyria__P0317__b0.png,Endodontics,lyria,P0317,342,392
Impacted/lyria__P0317__b1.png,Impacted,lyria,P0317,339,357
Impacted/lyria__P0318__b0.png,Impacted,lyria,P0318,256,204
Impacted/lyria__P0032__b0.png,Impacted,lyria,P0032,221,238
Impacted/lyria__P0032__b1.png,Impacted,lyria,P0032,222,227
Endodontics/lyria__P0032__b0.png,Endodontics,lyria,P0032,243,317
Impacted/lyria__P0320__b0.png,Impacted,lyria,P0320,319,241
Endodontics/lyria__P0323__b0.png,Endodontics,lyria,P0323,322,400
Implant/lyria__P0325__b0.png,Implant,lyria,P0325,110,234
Implant/lyria__P0325__b1.png,Implant,lyria,P0325,155,253
Implant/lyria__P0325__b2.png,Implant,lyria,P0325,104,214
Implant/lyria__P0325__b3.png,Implant,lyria,P0325,123,221
Implant/lyria__P0325__b4.png,Implant,lyria,P0325,117,237
Endodontics/lyria__P0325__b0.png,Endodontics,lyria,P0325,118,273
Endodontics/lyria__P0326__b0.png,Endodontics,lyria,P0326,203,284
Impacted/lyria__P0326__b0.png,Impacted,lyria,P0326,324,274
Endodontics/lyria__P0328__b0.png,Endodontics,lyria,P0328,107,301
Endodontics/lyria__P0329__b0.png,Endodontics,lyria,P0329,138,271
Endodontics/lyria__P0329__b1.png,Endodontics,lyria,P0329,152,333
Endodontics/lyria__P0331__b0.png,Endodontics,lyria,P0331,163,296
Endodontics/lyria__P0331__b1.png,Endodontics,lyria,P0331,290,369
Impacted/lyria__P0331__b0.png,Impacted,lyria,P0331,308,274
Endodontics/lyria__P0332__b0.png,Endodontics,lyria,P0332,113,348
Endodontics/lyria__P0332__b1.png,Endodontics,lyria,P0332,103,321
Endodontics/lyria__P0334__b0.png,Endodontics,lyria,P0334,151,286
Impacted/lyria__P0334__b0.png,Impacted,lyria,P0334,311,312
Endodontics/lyria__P0034__b0.png,Endodontics,lyria,P0034,113,219
Endodontics/lyria__P0034__b1.png,Endodontics,lyria,P0034,207,264
Endodontics/lyria__P0034__b2.png,Endodontics,lyria,P0034,90,234
Endodontics/lyria__P0034__b3.png,Endodontics,lyria,P0034,286,252
Endodontics/lyria__P0034__b4.png,Endodontics,lyria,P0034,167,278
Impacted/lyria__P0338__b0.png,Impacted,lyria,P0338,300,246
Impacted/lyria__P0341__b0.png,Impacted,lyria,P0341,192,298
Endodontics/lyria__P0342__b0.png,Endodontics,lyria,P0342,100,304
Endodontics/lyria__P0342__b1.png,Endodontics,lyria,P0342,113,282
Endodontics/lyria__P0342__b2.png,Endodontics,lyria,P0342,284,294
Endodontics/lyria__P0343__b0.png,Endodontics,lyria,P0343,147,344
Endodontics/lyria__P0343__b1.png,Endodontics,lyria,P0343,106,398
Endodontics/lyria__P0343__b2.png,Endodontics,lyria,P0343,104,427
Endodontics/lyria__P0343__b3.png,Endodontics,lyria,P0343,92,345
Endodontics/lyria__P0343__b4.png,Endodontics,lyria,P0343,113,336
Endodontics/lyria__P0346__b0.png,Endodontics,lyria,P0346,94,296
Endodontics/lyria__P0348__b0.png,Endodontics,lyria,P0348,129,343
Impacted/lyria__P0348__b0.png,Impacted,lyria,P0348,299,283
Endodontics/lyria__P0350__b0.png,Endodontics,lyria,P0350,196,256
Implant/lyria__P0350__b0.png,Implant,lyria,P0350,160,295
Endodontics/lyria__P0350__b1.png,Endodontics,lyria,P0350,100,286
Endodontics/lyria__P0350__b2.png,Endodontics,lyria,P0350,100,317
Endodontics/lyria__P0350__b3.png,Endodontics,lyria,P0350,75,294
Endodontics/lyria__P0350__b4.png,Endodontics,lyria,P0350,92,292
Implant/lyria__P0350__b1.png,Implant,lyria,P0350,103,294
Endodontics/lyria__P0350__b5.png,Endodontics,lyria,P0350,171,288
Implant/lyria__P0350__b2.png,Implant,lyria,P0350,184,283
Endodontics/lyria__P0350__b6.png,Endodontics,lyria,P0350,181,278
Endodontics/lyria__P0350__b7.png,Endodontics,lyria,P0350,94,292
Endodontics/lyria__P0350__b8.png,Endodontics,lyria,P0350,94,294
Endodontics/lyria__P0350__b9.png,Endodontics,lyria,P0350,289,361
Implant/lyria__P0350__b3.png,Implant,lyria,P0350,267,320
Impacted/lyria__P0353__b0.png,Impacted,lyria,P0353,200,323
Impacted/lyria__P0354__b0.png,Impacted,lyria,P0354,178,253
Endodontics/lyria__P0354__b0.png,Endodontics,lyria,P0354,121,325
Endodontics/lyria__P0357__b0.png,Endodontics,lyria,P0357,102,307
Endodontics/lyria__P0358__b0.png,Endodontics,lyria,P0358,92,280
Endodontics/lyria__P0358__b1.png,Endodontics,lyria,P0358,92,294
Endodontics/lyria__P0358__b2.png,Endodontics,lyria,P0358,152,267
Implant/lyria__P0358__b0.png,Implant,lyria,P0358,178,286
Endodontics/lyria__P0358__b3.png,Endodontics,lyria,P0358,271,341
Endodontics/lyria__P0036__b0.png,Endodontics,lyria,P0036,152,259
Endodontics/lyria__P0036__b1.png,Endodontics,lyria,P0036,83,225
Impacted/lyria__P0036__b0.png,Impacted,lyria,P0036,239,198
Endodontics/lyria__P0036__b2.png,Endodontics,lyria,P0036,188,281
Endodontics/lyria__P0036__b3.png,Endodontics,lyria,P0036,223,312
Impacted/lyria__P0036__b1.png,Impacted,lyria,P0036,190,230
Endodontics/lyria__P0361__b0.png,Endodontics,lyria,P0361,92,315
Endodontics/lyria__P0361__b1.png,Endodontics,lyria,P0361,81,263
Endodontics/lyria__P0361__b2.png,Endodontics,lyria,P0361,110,275
Endodontics/lyria__P0362__b0.png,Endodontics,lyria,P0362,121,309
Endodontics/lyria__P0362__b1.png,Endodontics,lyria,P0362,272,359
Endodontics/lyria__P0362__b2.png,Endodontics,lyria,P0362,293,366
Endodontics/lyria__P0037__b0.png,Endodontics,lyria,P0037,63,223
Endodontics/lyria__P0363__b0.png,Endodontics,lyria,P0363,107,347
Endodontics/lyria__P0363__b1.png,Endodontics,lyria,P0363,98,309
Endodontics/lyria__P0363__b2.png,Endodontics,lyria,P0363,327,403
Endodontics/lyria__P0363__b3.png,Endodontics,lyria,P0363,242,368
Impacted/lyria__P0365__b0.png,Impacted,lyria,P0365,201,271
Endodontics/lyria__P0366__b0.png,Endodontics,lyria,P0366,102,377
Endodontics/lyria__P0366__b1.png,Endodontics,lyria,P0366,177,323
Endodontics/lyria__P0368__b0.png,Endodontics,lyria,P0368,94,355
Impacted/lyria__P0369__b0.png,Impacted,lyria,P0369,190,255
Impacted/lyria__P0369__b1.png,Impacted,lyria,P0369,246,315
Impacted/lyria__P0369__b2.png,Impacted,lyria,P0369,288,266
Endodontics/lyria__P0370__b0.png,Endodontics,lyria,P0370,200,344
Endodontics/lyria__P0370__b1.png,Endodontics,lyria,P0370,88,344
Endodontics/lyria__P0370__b2.png,Endodontics,lyria,P0370,194,320
Endodontics/lyria__P0370__b3.png,Endodontics,lyria,P0370,278,337
Impacted/lyria__P0371__b0.png,Impacted,lyria,P0371,165,263
Impacted/lyria__P0371__b1.png,Impacted,lyria,P0371,261,165
Impacted/lyria__P0038__b0.png,Impacted,lyria,P0038,260,282
Impacted/lyria__P0038__b1.png,Impacted,lyria,P0038,281,305
Implant/lyria__P0373__b0.png,Implant,lyria,P0373,71,264
Implant/lyria__P0373__b1.png,Implant,lyria,P0373,67,265
Endodontics/lyria__P0374__b0.png,Endodontics,lyria,P0374,100,319
Endodontics/lyria__P0374__b1.png,Endodontics,lyria,P0374,115,306
Endodontics/lyria__P0375__b0.png,Endodontics,lyria,P0375,87,263
Endodontics/lyria__P0375__b1.png,Endodontics,lyria,P0375,94,319
Endodontics/lyria__P0375__b2.png,Endodontics,lyria,P0375,98,282
Endodontics/lyria__P0375__b3.png,Endodontics,lyria,P0375,75,256
Endodontics/lyria__P0375__b4.png,Endodontics,lyria,P0375,96,242
Endodontics/lyria__P0375__b5.png,Endodontics,lyria,P0375,148,238
Endodontics/lyria__P0375__b6.png,Endodontics,lyria,P0375,155,340
Endodontics/lyria__P0376__b0.png,Endodontics,lyria,P0376,102,302
Endodontics/lyria__P0376__b1.png,Endodontics,lyria,P0376,123,267
Endodontics/lyria__P0376__b2.png,Endodontics,lyria,P0376,321,338
Impacted/lyria__P0377__b0.png,Impacted,lyria,P0377,287,312
Endodontics/lyria__P0379__b0.png,Endodontics,lyria,P0379,136,288
Endodontics/lyria__P0379__b1.png,Endodontics,lyria,P0379,154,309
Endodontics/lyria__P0380__b0.png,Endodontics,lyria,P0380,94,337
Endodontics/lyria__P0380__b1.png,Endodontics,lyria,P0380,186,332
Endodontics/lyria__P0380__b2.png,Endodontics,lyria,P0380,150,338
Endodontics/lyria__P0380__b3.png,Endodontics,lyria,P0380,256,326
Endodontics/lyria__P0381__b0.png,Endodontics,lyria,P0381,104,308
Endodontics/lyria__P0381__b1.png,Endodontics,lyria,P0381,139,366
Endodontics/lyria__P0381__b2.png,Endodontics,lyria,P0381,88,281
Endodontics/lyria__P0381__b3.png,Endodontics,lyria,P0381,94,338
Endodontics/lyria__P0381__b4.png,Endodontics,lyria,P0381,109,331
Endodontics/lyria__P0382__b0.png,Endodontics,lyria,P0382,111,273
Impacted/lyria__P0383__b0.png,Impacted,lyria,P0383,167,250
Impacted/lyria__P0383__b1.png,Impacted,lyria,P0383,183,303
Endodontics/lyria__P0384__b0.png,Endodontics,lyria,P0384,275,368
Endodontics/lyria__P0384__b1.png,Endodontics,lyria,P0384,185,328
Endodontics/lyria__P0385__b0.png,Endodontics,lyria,P0385,186,319
Endodontics/lyria__P0386__b0.png,Endodontics,lyria,P0386,255,353
Endodontics/lyria__P0386__b1.png,Endodontics,lyria,P0386,119,316
Impacted/lyria__P0040__b0.png,Impacted,lyria,P0040,116,219
Impacted/lyria__P0040__b1.png,Impacted,lyria,P0040,126,202
Impacted/lyria__P0040__b2.png,Impacted,lyria,P0040,248,251
Endodontics/lyria__P0389__b0.png,Endodontics,lyria,P0389,271,358
Impacted/lyria__P0392__b0.png,Impacted,lyria,P0392,324,262
Implant/lyria__P0393__b0.png,Implant,lyria,P0393,94,309
Endodontics/lyria__P0393__b0.png,Endodontics,lyria,P0393,98,271
Endodontics/lyria__P0393__b1.png,Endodontics,lyria,P0393,87,325
Endodontics/lyria__P0393__b2.png,Endodontics,lyria,P0393,81,347
Endodontics/lyria__P0393__b3.png,Endodontics,lyria,P0393,76,338
Endodontics/lyria__P0393__b4.png,Endodontics,lyria,P0393,113,307
Endodontics/lyria__P0393__b5.png,Endodontics,lyria,P0393,338,332
Endodontics/lyria__P0393__b6.png,Endodontics,lyria,P0393,318,355
Implant/lyria__P0393__b1.png,Implant,lyria,P0393,254,378
Implant/lyria__P0393__b2.png,Implant,lyria,P0393,285,362
Endodontics/lyria__P0041__b0.png,Endodontics,lyria,P0041,82,253
Endodontics/lyria__P0395__b0.png,Endodontics,lyria,P0395,102,240
Endodontics/lyria__P0398__b0.png,Endodontics,lyria,P0398,228,349
Endodontics/lyria__P0398__b1.png,Endodontics,lyria,P0398,125,325
Endodontics/lyria__P0400__b0.png,Endodontics,lyria,P0400,163,339
Endodontics/lyria__P0400__b1.png,Endodontics,lyria,P0400,102,320
Endodontics/lyria__P0400__b2.png,Endodontics,lyria,P0400,113,369
Endodontics/lyria__P0400__b3.png,Endodontics,lyria,P0400,144,324
Endodontics/lyria__P0400__b4.png,Endodontics,lyria,P0400,295,397
Endodontics/lyria__P0400__b5.png,Endodontics,lyria,P0400,273,344
Endodontics/lyria__P0401__b0.png,Endodontics,lyria,P0401,110,332
Endodontics/lyria__P0402__b0.png,Endodontics,lyria,P0402,123,320
Endodontics/lyria__P0402__b1.png,Endodontics,lyria,P0402,149,339
Endodontics/lyria__P0403__b0.png,Endodontics,lyria,P0403,85,279
Endodontics/lyria__P0405__b0.png,Endodontics,lyria,P0405,172,363
Endodontics/lyria__P0406__b0.png,Endodontics,lyria,P0406,187,431
Endodontics/lyria__P0407__b0.png,Endodontics,lyria,P0407,94,302
Endodontics/lyria__P0407__b1.png,Endodontics,lyria,P0407,166,327
Endodontics/lyria__P0407__b2.png,Endodontics,lyria,P0407,399,351
Endodontics/lyria__P0408__b0.png,Endodontics,lyria,P0408,100,321
Endodontics/lyria__P0408__b1.png,Endodontics,lyria,P0408,197,326
Endodontics/lyria__P0412__b0.png,Endodontics,lyria,P0412,182,263
Endodontics/lyria__P0412__b1.png,Endodontics,lyria,P0412,147,259
Endodontics/lyria__P0412__b2.png,Endodontics,lyria,P0412,122,238
Endodontics/lyria__P0412__b3.png,Endodontics,lyria,P0412,96,242
Endodontics/lyria__P0412__b4.png,Endodontics,lyria,P0412,98,242
Endodontics/lyria__P0412__b5.png,Endodontics,lyria,P0412,138,204
Endodontics/lyria__P0412__b6.png,Endodontics,lyria,P0412,86,309
Endodontics/lyria__P0412__b7.png,Endodontics,lyria,P0412,96,215
Endodontics/lyria__P0413__b0.png,Endodontics,lyria,P0413,143,286
Endodontics/lyria__P0413__b1.png,Endodontics,lyria,P0413,132,298
Endodontics/lyria__P0414__b0.png,Endodontics,lyria,P0414,91,333
Endodontics/lyria__P0415__b0.png,Endodontics,lyria,P0415,152,330
Endodontics/lyria__P0415__b1.png,Endodontics,lyria,P0415,147,366
Endodontics/lyria__P0415__b2.png,Endodontics,lyria,P0415,222,346
Impacted/lyria__P0416__b0.png,Impacted,lyria,P0416,261,225
Endodontics/lyria__P0416__b0.png,Endodontics,lyria,P0416,92,298
Endodontics/lyria__P0416__b1.png,Endodontics,lyria,P0416,279,369
Endodontics/lyria__P0417__b0.png,Endodontics,lyria,P0417,150,285
Endodontics/lyria__P0417__b1.png,Endodontics,lyria,P0417,285,356
Endodontics/lyria__P0419__b0.png,Endodontics,lyria,P0419,140,336
Endodontics/lyria__P0419__b1.png,Endodontics,lyria,P0419,92,367
Endodontics/lyria__P0419__b2.png,Endodontics,lyria,P0419,94,306
Endodontics/lyria__P0419__b3.png,Endodontics,lyria,P0419,75,310
Endodontics/lyria__P0419__b4.png,Endodontics,lyria,P0419,105,317
Impacted/lyria__P0420__b0.png,Impacted,lyria,P0420,280,217
Impacted/lyria__P0420__b1.png,Impacted,lyria,P0420,317,282
Endodontics/lyria__P0421__b0.png,Endodontics,lyria,P0421,102,342
Endodontics/lyria__P0422__b0.png,Endodontics,lyria,P0422,144,332
Endodontics/lyria__P0422__b1.png,Endodontics,lyria,P0422,98,342
Endodontics/lyria__P0422__b2.png,Endodontics,lyria,P0422,98,353
Endodontics/lyria__P0422__b3.png,Endodontics,lyria,P0422,108,340
Endodontics/lyria__P0422__b4.png,Endodontics,lyria,P0422,102,373
Implant/lyria__P0422__b0.png,Implant,lyria,P0422,192,292
Implant/lyria__P0422__b1.png,Implant,lyria,P0422,163,270
Endodontics/lyria__P0422__b5.png,Endodontics,lyria,P0422,187,333
Endodontics/lyria__P0422__b6.png,Endodontics,lyria,P0422,179,331
Implant/lyria__P0422__b2.png,Implant,lyria,P0422,246,347
Endodontics/lyria__P0423__b0.png,Endodontics,lyria,P0423,90,280
Endodontics/lyria__P0423__b1.png,Endodontics,lyria,P0423,94,277
Endodontics/lyria__P0423__b2.png,Endodontics,lyria,P0423,154,302
Endodontics/lyria__P0425__b0.png,Endodontics,lyria,P0425,139,305
Endodontics/lyria__P0427__b0.png,Endodontics,lyria,P0427,104,293
Endodontics/lyria__P0045__b0.png,Endodontics,lyria,P0045,111,216
Endodontics/lyria__P0045__b1.png,Endodontics,lyria,P0045,94,267
Endodontics/lyria__P0045__b2.png,Endodontics,lyria,P0045,132,288
Impacted/lyria__P0434__b0.png,Impacted,lyria,P0434,190,271
Endodontics/lyria__P0435__b0.png,Endodontics,lyria,P0435,94,325
Endodontics/lyria__P0435__b1.png,Endodontics,lyria,P0435,73,340
Endodontics/lyria__P0435__b2.png,Endodontics,lyria,P0435,98,280
Implant/lyria__P0435__b0.png,Implant,lyria,P0435,88,317
Implant/lyria__P0435__b1.png,Implant,lyria,P0435,125,350
Endodontics/lyria__P0435__b3.png,Endodontics,lyria,P0435,306,304
Implant/lyria__P0435__b2.png,Implant,lyria,P0435,261,329
Implant/lyria__P0435__b3.png,Implant,lyria,P0435,115,290
Implant/lyria__P0435__b4.png,Implant,lyria,P0435,96,273
Implant/lyria__P0435__b5.png,Implant,lyria,P0435,96,271
Endodontics/lyria__P0435__b4.png,Endodontics,lyria,P0435,82,275
Endodontics/lyria__P0435__b5.png,Endodontics,lyria,P0435,89,250
Endodontics/lyria__P0435__b6.png,Endodontics,lyria,P0435,101,274
Endodontics/lyria__P0435__b7.png,Endodontics,lyria,P0435,298,349
Endodontics/lyria__P0435__b8.png,Endodontics,lyria,P0435,325,355
Endodontics/lyria__P0436__b0.png,Endodontics,lyria,P0436,121,302
Endodontics/lyria__P0437__b0.png,Endodontics,lyria,P0437,96,355
Endodontics/lyria__P0437__b1.png,Endodontics,lyria,P0437,88,315
Endodontics/lyria__P0438__b0.png,Endodontics,lyria,P0438,97,307
Endodontics/lyria__P0438__b1.png,Endodontics,lyria,P0438,288,379
Endodontics/lyria__P0438__b2.png,Endodontics,lyria,P0438,291,350
Endodontics/lyria__P0439__b0.png,Endodontics,lyria,P0439,86,224
Endodontics/lyria__P0439__b1.png,Endodontics,lyria,P0439,73,219
Endodontics/lyria__P0439__b2.png,Endodontics,lyria,P0439,73,175
Endodontics/lyria__P0439__b3.png,Endodontics,lyria,P0439,79,244
Endodontics/lyria__P0439__b4.png,Endodontics,lyria,P0439,142,295
Endodontics/lyria__P0440__b0.png,Endodontics,lyria,P0440,109,310
Endodontics/lyria__P0440__b1.png,Endodontics,lyria,P0440,106,322
Endodontics/lyria__P0440__b2.png,Endodontics,lyria,P0440,174,388
Endodontics/lyria__P0440__b3.png,Endodontics,lyria,P0440,92,327
Endodontics/lyria__P0441__b0.png,Endodontics,lyria,P0441,144,300
Endodontics/lyria__P0441__b1.png,Endodontics,lyria,P0441,146,291
Endodontics/lyria__P0441__b2.png,Endodontics,lyria,P0441,147,341
Endodontics/lyria__P0441__b3.png,Endodontics,lyria,P0441,140,336
Endodontics/lyria__P0441__b4.png,Endodontics,lyria,P0441,94,326
Endodontics/lyria__P0441__b5.png,Endodontics,lyria,P0441,86,336
Endodontics/lyria__P0441__b6.png,Endodontics,lyria,P0441,296,333
Endodontics/lyria__P0441__b7.png,Endodontics,lyria,P0441,209,340
Endodontics/lyria__P0441__b8.png,Endodontics,lyria,P0441,151,354
Endodontics/lyria__P0441__b9.png,Endodontics,lyria,P0441,281,342
Endodontics/lyria__P0442__b0.png,Endodontics,lyria,P0442,148,322
Endodontics/lyria__P0442__b1.png,Endodontics,lyria,P0442,96,315
Endodontics/lyria__P0442__b2.png,Endodontics,lyria,P0442,96,434
Endodontics/lyria__P0442__b3.png,Endodontics,lyria,P0442,93,344
Endodontics/lyria__P0442__b4.png,Endodontics,lyria,P0442,94,346
Endodontics/lyria__P0442__b5.png,Endodontics,lyria,P0442,101,434
Endodontics/lyria__P0442__b6.png,Endodontics,lyria,P0442,162,363
Impacted/lyria__P0444__b0.png,Impacted,lyria,P0444,326,273
Impacted/lyria__P0444__b1.png,Impacted,lyria,P0444,318,318
Endodontics/lyria__P0445__b0.png,Endodontics,lyria,P0445,104,273
Endodontics/lyria__P0445__b1.png,Endodontics,lyria,P0445,111,293
Endodontics/lyria__P0445__b2.png,Endodontics,lyria,P0445,88,279
Endodontics/lyria__P0445__b3.png,Endodontics,lyria,P0445,83,296
Endodontics/lyria__P0450__b0.png,Endodontics,lyria,P0450,317,352
Impacted/lyria__P0452__b0.png,Impacted,lyria,P0452,273,255
Impacted/lyria__P0453__b0.png,Impacted,lyria,P0453,320,292
Impacted/lyria__P0453__b1.png,Impacted,lyria,P0453,208,294
Endodontics/lyria__P0046__b0.png,Endodontics,lyria,P0046,353,339
Impacted/lyria__P0457__b0.png,Impacted,lyria,P0457,181,182
Impacted/lyria__P0457__b1.png,Impacted,lyria,P0457,278,325
Impacted/lyria__P0457__b2.png,Impacted,lyria,P0457,271,277
Impacted/lyria__P0459__b0.png,Impacted,lyria,P0459,283,299
Impacted/lyria__P0459__b1.png,Impacted,lyria,P0459,192,223
Impacted/lyria__P0459__b2.png,Impacted,lyria,P0459,287,194
Endodontics/lyria__P0459__b0.png,Endodontics,lyria,P0459,256,359
Impacted/lyria__P0459__b3.png,Impacted,lyria,P0459,238,238
Impacted/lyria__P0460__b0.png,Impacted,lyria,P0460,265,184
Impacted/lyria__P0465__b0.png,Impacted,lyria,P0465,251,183
Impacted/lyria__P0465__b1.png,Impacted,lyria,P0465,213,179
Impacted/lyria__P0466__b0.png,Impacted,lyria,P0466,164,271
Impacted/lyria__P0467__b0.png,Impacted,lyria,P0467,289,310
Impacted/lyria__P0467__b1.png,Impacted,lyria,P0467,161,244
Impacted/lyria__P0467__b2.png,Impacted,lyria,P0467,176,255
Impacted/lyria__P0467__b3.png,Impacted,lyria,P0467,270,311
Impacted/lyria__P0468__b0.png,Impacted,lyria,P0468,163,254
Impacted/lyria__P0468__b1.png,Impacted,lyria,P0468,295,328
Impacted/lyria__P0468__b2.png,Impacted,lyria,P0468,278,290
Impacted/lyria__P0468__b3.png,Impacted,lyria,P0468,294,307
Impacted/lyria__P0470__b0.png,Impacted,lyria,P0470,265,194
Impacted/lyria__P0470__b1.png,Impacted,lyria,P0470,295,332
Impacted/lyria__P0472__b0.png,Impacted,lyria,P0472,287,306
Impacted/lyria__P0472__b1.png,Impacted,lyria,P0472,295,328
Endodontics/lyria__P0049__b0.png,Endodontics,lyria,P0049,129,267
Endodontics/lyria__P0049__b1.png,Endodontics,lyria,P0049,102,277
Endodontics/lyria__P0049__b2.png,Endodontics,lyria,P0049,96,313
Endodontics/lyria__P0049__b3.png,Endodontics,lyria,P0049,163,250
Endodontics/lyria__P0049__b4.png,Endodontics,lyria,P0049,277,300
Endodontics/lyria__P0049__b5.png,Endodontics,lyria,P0049,101,365
Endodontics/lyria__P0049__b6.png,Endodontics,lyria,P0049,297,303
Impacted/lyria__P0474__b0.png,Impacted,lyria,P0474,229,272
Impacted/lyria__P0474__b1.png,Impacted,lyria,P0474,142,215
Impacted/lyria__P0474__b2.png,Impacted,lyria,P0474,266,227
Impacted/lyria__P0475__b0.png,Impacted,lyria,P0475,259,285
Endodontics/lyria__P0050__b0.png,Endodontics,lyria,P0050,158,257
Implant/lyria__P0050__b0.png,Implant,lyria,P0050,132,295
Implant/lyria__P0050__b1.png,Implant,lyria,P0050,100,317
Endodontics/lyria__P0050__b1.png,Endodontics,lyria,P0050,105,303
Endodontics/lyria__P0050__b2.png,Endodontics,lyria,P0050,138,284
Endodontics/lyria__P0050__b3.png,Endodontics,lyria,P0050,279,339
Implant/lyria__P0050__b2.png,Implant,lyria,P0050,235,351
Endodontics/lyria__P0050__b4.png,Endodontics,lyria,P0050,169,334
Endodontics/lyria__P0050__b5.png,Endodontics,lyria,P0050,267,386
Endodontics/lyria__P0050__b6.png,Endodontics,lyria,P0050,234,348
Impacted/lyria__P0477__b0.png,Impacted,lyria,P0477,284,299
Impacted/lyria__P0477__b1.png,Impacted,lyria,P0477,254,284
Impacted/lyria__P0478__b0.png,Impacted,lyria,P0478,133,238
Impacted/lyria__P0478__b1.png,Impacted,lyria,P0478,140,223
Impacted/lyria__P0479__b0.png,Impacted,lyria,P0479,206,185
Impacted/lyria__P0482__b0.png,Impacted,lyria,P0482,164,233
Impacted/lyria__P0484__b0.png,Impacted,lyria,P0484,296,337
Impacted/lyria__P0484__b1.png,Impacted,lyria,P0484,213,270
Impacted/lyria__P0484__b2.png,Impacted,lyria,P0484,276,347
Impacted/lyria__P0485__b0.png,Impacted,lyria,P0485,235,283
Impacted/lyria__P0485__b1.png,Impacted,lyria,P0485,265,293
Impacted/lyria__P0485__b2.png,Impacted,lyria,P0485,297,336
Impacted/lyria__P0487__b0.png,Impacted,lyria,P0487,327,309
Impacted/lyria__P0487__b1.png,Impacted,lyria,P0487,220,328
Impacted/lyria__P0487__b2.png,Impacted,lyria,P0487,257,302
Impacted/lyria__P0487__b3.png,Impacted,lyria,P0487,270,328
Healthy/lyria__P0583__b0.png,Healthy,lyria,P0583,92,337
Healthy/lyria__P0196__b0.png,Healthy,lyria,P0196,79,222
Healthy/lyria__P0556__b2.png,Healthy,lyria,P0556,73,264
Healthy/lyria__P0744__b1.png,Healthy,lyria,P0744,81,355
Healthy/lyria__P0221__b7.png,Healthy,lyria,P0221,77,278
Healthy/lyria__P0709__b9.png,Healthy,lyria,P0709,133,235
Healthy/lyria__P0536__b1.png,Healthy,lyria,P0536,59,277
Healthy/lyria__P0185__b19.png,Healthy,lyria,P0185,343,347
Healthy/lyria__P0299__b0.png,Healthy,lyria,P0299,150,279
Healthy/lyria__P0283__b5.png,Healthy,lyria,P0283,87,303
Healthy/lyria__P0332__b3.png,Healthy,lyria,P0332,50,239
Healthy/lyria__P0632__b0.png,Healthy,lyria,P0632,81,305
Healthy/lyria__P0767__b0.png,Healthy,lyria,P0767,94,363
Healthy/lyria__P0259__b0.png,Healthy,lyria,P0259,92,345
Healthy/lyria__P0787__b11.png,Healthy,lyria,P0787,258,312
Healthy/lyria__P0477__b21.png,Healthy,lyria,P0477,68,269
Healthy/lyria__P0676__b10.png,Healthy,lyria,P0676,163,303
Healthy/lyria__P0199__b21.png,Healthy,lyria,P0199,138,367
Healthy/lyria__P0386__b9.png,Healthy,lyria,P0386,158,332
Healthy/lyria__P0628__b16.png,Healthy,lyria,P0628,146,264
Healthy/lyria__P0540__b2.png,Healthy,lyria,P0540,98,382
Healthy/lyria__P0271__b0.png,Healthy,lyria,P0271,82,334
Healthy/lyria__P0541__b10.png,Healthy,lyria,P0541,208,331
Healthy/lyria__P0137__b6.png,Healthy,lyria,P0137,163,311
Healthy/lyria__P0201__b5.png,Healthy,lyria,P0201,118,325
Healthy/lyria__P0780__b4.png,Healthy,lyria,P0780,63,255
Healthy/lyria__P0449__b2.png,Healthy,lyria,P0449,105,323
Healthy/lyria__P0518__b5.png,Healthy,lyria,P0518,191,354
Healthy/lyria__P0238__b4.png,Healthy,lyria,P0238,76,257
Healthy/lyria__P0043__b2.png,Healthy,lyria,P0043,91,306
Healthy/lyria__P0796__b15.png,Healthy,lyria,P0796,77,261
Healthy/lyria__P0323__b4.png,Healthy,lyria,P0323,109,405
Healthy/lyria__P0691__b0.png,Healthy,lyria,P0691,91,323
Healthy/lyria__P0792__b6.png,Healthy,lyria,P0792,75,235
Healthy/lyria__P0122__b12.png,Healthy,lyria,P0122,81,161
Healthy/lyria__P0076__b7.png,Healthy,lyria,P0076,305,301
Healthy/lyria__P0776__b1.png,Healthy,lyria,P0776,65,284
Healthy/lyria__P0279__b8.png,Healthy,lyria,P0279,139,298
Healthy/lyria__P0345__b16.png,Healthy,lyria,P0345,191,337
Healthy/lyria__P0702__b9.png,Healthy,lyria,P0702,108,301
Healthy/lyria__P0376__b6.png,Healthy,lyria,P0376,93,350
Healthy/lyria__P0422__b3.png,Healthy,lyria,P0422,69,265
Healthy/lyria__P0774__b3.png,Healthy,lyria,P0774,96,352
Healthy/lyria__P0472__b15.png,Healthy,lyria,P0472,138,328
Healthy/lyria__P0520__b2.png,Healthy,lyria,P0520,142,344
Healthy/lyria__P0470__b12.png,Healthy,lyria,P0470,252,312
Healthy/lyria__P0575__b10.png,Healthy,lyria,P0575,83,271
Healthy/lyria__P0538__b8.png,Healthy,lyria,P0538,72,273
Healthy/lyria__P0102__b1.png,Healthy,lyria,P0102,98,319
Healthy/lyria__P0572__b6.png,Healthy,lyria,P0572,71,255
Healthy/lyria__P0773__b2.png,Healthy,lyria,P0773,71,338
Healthy/lyria__P0046__b2.png,Healthy,lyria,P0046,94,325
Healthy/lyria__P0243__b2.png,Healthy,lyria,P0243,85,296
Healthy/lyria__P0693__b3.png,Healthy,lyria,P0693,83,298
Healthy/lyria__P0680__b7.png,Healthy,lyria,P0680,105,342
Healthy/lyria__P0366__b1.png,Healthy,lyria,P0366,88,263
Healthy/lyria__P0490__b15.png,Healthy,lyria,P0490,136,248
Healthy/lyria__P0047__b1.png,Healthy,lyria,P0047,85,273
Healthy/lyria__P0705__b6.png,Healthy,lyria,P0705,100,340
Healthy/lyria__P0578__b8.png,Healthy,lyria,P0578,306,311
Healthy/lyria__P0553__b2.png,Healthy,lyria,P0553,167,258
Healthy/lyria__P0771__b1.png,Healthy,lyria,P0771,64,251
Healthy/lyria__P0766__b6.png,Healthy,lyria,P0766,123,326
Healthy/lyria__P0515__b15.png,Healthy,lyria,P0515,94,311
Healthy/lyria__P0269__b1.png,Healthy,lyria,P0269,92,311
Healthy/lyria__P0658__b20.png,Healthy,lyria,P0658,90,257
Healthy/lyria__P0321__b3.png,Healthy,lyria,P0321,84,285
Healthy/lyria__P0402__b5.png,Healthy,lyria,P0402,109,324
Healthy/lyria__P0570__b5.png,Healthy,lyria,P0570,73,269
Healthy/lyria__P0576__b20.png,Healthy,lyria,P0576,107,348
Healthy/lyria__P0646__b2.png,Healthy,lyria,P0646,98,287
Healthy/lyria__P0296__b13.png,Healthy,lyria,P0296,138,401
Healthy/lyria__P0618__b0.png,Healthy,lyria,P0618,103,323
Healthy/lyria__P0205__b1.png,Healthy,lyria,P0205,65,269
Healthy/lyria__P0030__b4.png,Healthy,lyria,P0030,84,311
Healthy/lyria__P0763__b2.png,Healthy,lyria,P0763,84,305
Healthy/lyria__P0654__b1.png,Healthy,lyria,P0654,113,310
Healthy/lyria__P0764__b1.png,Healthy,lyria,P0764,92,367
Healthy/lyria__P0097__b0.png,Healthy,lyria,P0097,272,298
Healthy/lyria__P0165__b1.png,Healthy,lyria,P0165,158,354
Healthy/lyria__P0564__b5.png,Healthy,lyria,P0564,83,300
Healthy/lyria__P0777__b5.png,Healthy,lyria,P0777,73,281
Healthy/lyria__P0226__b0.png,Healthy,lyria,P0226,99,286
Healthy/lyria__P0435__b1.png,Healthy,lyria,P0435,71,316
Healthy/lyria__P0476__b9.png,Healthy,lyria,P0476,86,262
Healthy/lyria__P0453__b4.png,Healthy,lyria,P0453,87,267
Healthy/lyria__P0236__b0.png,Healthy,lyria,P0236,170,365
Healthy/lyria__P0621__b5.png,Healthy,lyria,P0621,108,337
Healthy/lyria__P0148__b3.png,Healthy,lyria,P0148,81,255
Healthy/lyria__P0411__b15.png,Healthy,lyria,P0411,75,265
Healthy/lyria__P0710__b0.png,Healthy,lyria,P0710,73,296
Healthy/lyria__P0704__b13.png,Healthy,lyria,P0704,117,299
Healthy/lyria__P0032__b2.png,Healthy,lyria,P0032,62,263
Healthy/lyria__P0633__b3.png,Healthy,lyria,P0633,58,319
Healthy/lyria__P0256__b1.png,Healthy,lyria,P0256,77,310
Healthy/lyria__P0757__b12.png,Healthy,lyria,P0757,82,232
Healthy/lyria__P0038__b19.png,Healthy,lyria,P0038,58,279
Healthy/lyria__P0603__b0.png,Healthy,lyria,P0603,168,345
Healthy/lyria__P0210__b0.png,Healthy,lyria,P0210,259,336
Healthy/lyria__P0268__b4.png,Healthy,lyria,P0268,87,308
Healthy/lyria__P0341__b15.png,Healthy,lyria,P0341,91,319
Healthy/lyria__P0021__b8.png,Healthy,lyria,P0021,79,310
Healthy/lyria__P0132__b14.png,Healthy,lyria,P0132,305,333
Healthy/lyria__P0640__b9.png,Healthy,lyria,P0640,64,307
Healthy/lyria__P0172__b21.png,Healthy,lyria,P0172,320,364
Healthy/lyria__P0149__b4.png,Healthy,lyria,P0149,92,338
Healthy/lyria__P0379__b2.png,Healthy,lyria,P0379,130,336
Healthy/lyria__P0625__b0.png,Healthy,lyria,P0625,96,267
Healthy/lyria__P0077__b3.png,Healthy,lyria,P0077,83,308
Healthy/lyria__P0622__b0.png,Healthy,lyria,P0622,93,309
Healthy/lyria__P0089__b1.png,Healthy,lyria,P0089,102,315
Healthy/lyria__P0749__b6.png,Healthy,lyria,P0749,120,285
Healthy/lyria__P0111__b7.png,Healthy,lyria,P0111,104,308
Healthy/lyria__P0382__b0.png,Healthy,lyria,P0382,324,342
Healthy/lyria__P0732__b10.png,Healthy,lyria,P0732,352,352
Healthy/lyria__P0635__b13.png,Healthy,lyria,P0635,184,315
Healthy/lyria__P0013__b4.png,Healthy,lyria,P0013,128,274
Healthy/lyria__P0237__b0.png,Healthy,lyria,P0237,110,315
Healthy/lyria__P0355__b10.png,Healthy,lyria,P0355,195,317
Healthy/lyria__P0455__b7.png,Healthy,lyria,P0455,82,317
Healthy/lyria__P0109__b0.png,Healthy,lyria,P0109,156,263
Healthy/lyria__P0242__b0.png,Healthy,lyria,P0242,59,311
Healthy/lyria__P0745__b4.png,Healthy,lyria,P0745,85,350
Healthy/lyria__P0480__b16.png,Healthy,lyria,P0480,75,254
Healthy/lyria__P0747__b2.png,Healthy,lyria,P0747,52,281
Healthy/lyria__P0116__b9.png,Healthy,lyria,P0116,112,298
Healthy/lyria__P0530__b1.png,Healthy,lyria,P0530,68,330
Healthy/lyria__P0050__b2.png,Healthy,lyria,P0050,71,300
Healthy/lyria__P0437__b11.png,Healthy,lyria,P0437,327,268
Healthy/lyria__P0152__b2.png,Healthy,lyria,P0152,102,332
Healthy/lyria__P0442__b0.png,Healthy,lyria,P0442,88,278
Healthy/lyria__P0392__b5.png,Healthy,lyria,P0392,81,323
Healthy/lyria__P0619__b19.png,Healthy,lyria,P0619,121,289
Healthy/lyria__P0200__b7.png,Healthy,lyria,P0200,241,365
Healthy/lyria__P0594__b0.png,Healthy,lyria,P0594,223,377
Healthy/lyria__P0389__b2.png,Healthy,lyria,P0389,86,342
Healthy/lyria__P0012__b1.png,Healthy,lyria,P0012,153,310
Healthy/lyria__P0445__b2.png,Healthy,lyria,P0445,94,294
Healthy/lyria__P0684__b12.png,Healthy,lyria,P0684,50,317
Healthy/lyria__P0204__b3.png,Healthy,lyria,P0204,87,315
Healthy/lyria__P0384__b0.png,Healthy,lyria,P0384,283,338
Healthy/lyria__P0313__b0.png,Healthy,lyria,P0313,73,275
Healthy/lyria__P0459__b8.png,Healthy,lyria,P0459,119,425
Healthy/lyria__P0588__b0.png,Healthy,lyria,P0588,54,259
Healthy/lyria__P0589__b6.png,Healthy,lyria,P0589,162,319
Healthy/lyria__P0415__b2.png,Healthy,lyria,P0415,88,371
Healthy/lyria__P0514__b17.png,Healthy,lyria,P0514,83,255
Healthy/lyria__P0561__b8.png,Healthy,lyria,P0561,77,313
Healthy/lyria__P0611__b9.png,Healthy,lyria,P0611,73,260
Healthy/lyria__P0061__b1.png,Healthy,lyria,P0061,133,390
Healthy/lyria__P0616__b2.png,Healthy,lyria,P0616,135,311
Healthy/lyria__P0610__b7.png,Healthy,lyria,P0610,144,286
Healthy/lyria__P0336__b13.png,Healthy,lyria,P0336,168,295
Healthy/lyria__P0440__b1.png,Healthy,lyria,P0440,98,346
Healthy/lyria__P0130__b6.png,Healthy,lyria,P0130,98,357
Healthy/lyria__P0627__b0.png,Healthy,lyria,P0627,65,327
Healthy/lyria__P0432__b2.png,Healthy,lyria,P0432,102,333
Healthy/lyria__P0095__b14.png,Healthy,lyria,P0095,270,353
Healthy/lyria__P0494__b13.png,Healthy,lyria,P0494,102,315
Healthy/lyria__P0452__b3.png,Healthy,lyria,P0452,110,346
Healthy/lyria__P0606__b11.png,Healthy,lyria,P0606,112,340
Healthy/lyria__P0729__b1.png,Healthy,lyria,P0729,54,263
Healthy/lyria__P0215__b7.png,Healthy,lyria,P0215,79,270
Healthy/lyria__P0444__b26.png,Healthy,lyria,P0444,180,330
Healthy/lyria__P0216__b0.png,Healthy,lyria,P0216,175,282
Healthy/lyria__P0138__b5.png,Healthy,lyria,P0138,94,336
Healthy/lyria__P0596__b2.png,Healthy,lyria,P0596,273,278
Healthy/lyria__P0207__b8.png,Healthy,lyria,P0207,148,290
Healthy/lyria__P0447__b23.png,Healthy,lyria,P0447,115,338
Healthy/lyria__P0298__b1.png,Healthy,lyria,P0298,106,251
Healthy/lyria__P0060__b21.png,Healthy,lyria,P0060,98,367
Healthy/lyria__P0783__b2.png,Healthy,lyria,P0783,94,296
Healthy/lyria__P0056__b20.png,Healthy,lyria,P0056,104,329
Healthy/lyria__P0309__b8.png,Healthy,lyria,P0309,98,321
Healthy/lyria__P0660__b12.png,Healthy,lyria,P0660,123,324
Healthy/lyria__P0659__b13.png,Healthy,lyria,P0659,77,244
Healthy/lyria__P0003__b1.png,Healthy,lyria,P0003,158,315
Healthy/lyria__P0581__b11.png,Healthy,lyria,P0581,73,313
Healthy/lyria__P0711__b8.png,Healthy,lyria,P0711,176,335
Healthy/lyria__P0405__b5.png,Healthy,lyria,P0405,107,340
Healthy/lyria__P0639__b10.png,Healthy,lyria,P0639,77,209
Healthy/lyria__P0772__b10.png,Healthy,lyria,P0772,96,344
Healthy/lyria__P0177__b3.png,Healthy,lyria,P0177,123,398
Healthy/lyria__P0356__b11.png,Healthy,lyria,P0356,343,378
Healthy/lyria__P0569__b8.png,Healthy,lyria,P0569,113,296
Healthy/lyria__P0431__b1.png,Healthy,lyria,P0431,87,294
Healthy/lyria__P0139__b2.png,Healthy,lyria,P0139,80,240
Healthy/lyria__P0688__b2.png,Healthy,lyria,P0688,65,281
Healthy/lyria__P0731__b18.png,Healthy,lyria,P0731,47,151
Healthy/lyria__P0338__b11.png,Healthy,lyria,P0338,81,261
Healthy/lyria__P0126__b0.png,Healthy,lyria,P0126,92,324
Healthy/lyria__P0513__b2.png,Healthy,lyria,P0513,85,339
Healthy/lyria__P0434__b2.png,Healthy,lyria,P0434,98,331
Healthy/lyria__P0007__b3.png,Healthy,lyria,P0007,51,264
Healthy/lyria__P0533__b3.png,Healthy,lyria,P0533,87,252
Healthy/lyria__P0571__b4.png,Healthy,lyria,P0571,79,271
Healthy/lyria__P0644__b0.png,Healthy,lyria,P0644,104,303
Healthy/lyria__P0463__b26.png,Healthy,lyria,P0463,100,334
Healthy/lyria__P0304__b1.png,Healthy,lyria,P0304,241,328
Healthy/lyria__P0512__b10.png,Healthy,lyria,P0512,91,340
Healthy/lyria__P0319__b8.png,Healthy,lyria,P0319,67,229
Healthy/lyria__P0388__b16.png,Healthy,lyria,P0388,71,275
Healthy/lyria__P0128__b12.png,Healthy,lyria,P0128,170,286
Healthy/lyria__P0638__b9.png,Healthy,lyria,P0638,298,347
Healthy/lyria__P0753__b4.png,Healthy,lyria,P0753,77,265
Healthy/lyria__P0051__b0.png,Healthy,lyria,P0051,90,357
Healthy/lyria__P0493__b15.png,Healthy,lyria,P0493,139,238
Healthy/lyria__P0722__b0.png,Healthy,lyria,P0722,94,267
Healthy/lyria__P0342__b3.png,Healthy,lyria,P0342,101,328
Healthy/lyria__P0306__b0.png,Healthy,lyria,P0306,221,287
Healthy/lyria__P0511__b1.png,Healthy,lyria,P0511,71,348
Healthy/lyria__P0294__b0.png,Healthy,lyria,P0294,140,305
Healthy/lyria__P0597__b3.png,Healthy,lyria,P0597,136,289
Healthy/lyria__P0339__b20.png,Healthy,lyria,P0339,84,290
Healthy/lyria__P0730__b6.png,Healthy,lyria,P0730,84,342
Healthy/lyria__P0636__b8.png,Healthy,lyria,P0636,109,306
Healthy/lyria__P0806__b3.png,Healthy,lyria,P0806,73,272
Healthy/lyria__P0016__b6.png,Healthy,lyria,P0016,63,228
Healthy/lyria__P0573__b2.png,Healthy,lyria,P0573,73,267
Healthy/lyria__P0143__b0.png,Healthy,lyria,P0143,130,329
Healthy/lyria__P0524__b2.png,Healthy,lyria,P0524,277,363
Healthy/lyria__P0656__b22.png,Healthy,lyria,P0656,267,253
Healthy/lyria__P0009__b2.png,Healthy,lyria,P0009,87,329
Healthy/lyria__P0180__b7.png,Healthy,lyria,P0180,85,346
Healthy/lyria__P0274__b5.png,Healthy,lyria,P0274,73,281
Healthy/lyria__P0743__b0.png,Healthy,lyria,P0743,62,223
Healthy/lyria__P0694__b3.png,Healthy,lyria,P0694,258,316
Healthy/lyria__P0607__b2.png,Healthy,lyria,P0607,93,300
Healthy/lyria__P0157__b3.png,Healthy,lyria,P0157,75,294
Healthy/lyria__P0801__b0.png,Healthy,lyria,P0801,154,298
Healthy/lyria__P0605__b2.png,Healthy,lyria,P0605,77,261
Healthy/lyria__P0194__b5.png,Healthy,lyria,P0194,151,334
Healthy/lyria__P0808__b1.png,Healthy,lyria,P0808,121,311
Healthy/lyria__P0441__b1.png,Healthy,lyria,P0441,65,269
Healthy/lyria__P0408__b0.png,Healthy,lyria,P0408,115,306
Healthy/lyria__P0664__b6.png,Healthy,lyria,P0664,324,323
Healthy/lyria__P0330__b9.png,Healthy,lyria,P0330,102,392
Healthy/lyria__P0545__b4.png,Healthy,lyria,P0545,64,284
Healthy/lyria__P0363__b1.png,Healthy,lyria,P0363,121,451
Healthy/lyria__P0074__b3.png,Healthy,lyria,P0074,121,322
Healthy/lyria__P0195__b10.png,Healthy,lyria,P0195,99,325
Healthy/lyria__P0020__b11.png,Healthy,lyria,P0020,87,274
Healthy/lyria__P0248__b3.png,Healthy,lyria,P0248,218,293
Healthy/lyria__P0123__b0.png,Healthy,lyria,P0123,94,172
Healthy/lyria__P0233__b3.png,Healthy,lyria,P0233,81,271
Healthy/lyria__P0291__b3.png,Healthy,lyria,P0291,82,253
Healthy/lyria__P0585__b11.png,Healthy,lyria,P0585,265,340
Healthy/lyria__P0104__b5.png,Healthy,lyria,P0104,117,325
Healthy/lyria__P0110__b7.png,Healthy,lyria,P0110,102,348
Healthy/lyria__P0685__b3.png,Healthy,lyria,P0685,100,346
Healthy/lyria__P0040__b4.png,Healthy,lyria,P0040,83,262
Healthy/lyria__P0551__b5.png,Healthy,lyria,P0551,94,296
Healthy/lyria__P0087__b9.png,Healthy,lyria,P0087,119,393
Healthy/lyria__P0340__b1.png,Healthy,lyria,P0340,83,342
Healthy/lyria__P0369__b14.png,Healthy,lyria,P0369,184,364
Healthy/lyria__P0385__b2.png,Healthy,lyria,P0385,100,367
Healthy/lyria__P0612__b7.png,Healthy,lyria,P0612,109,310
Healthy/lyria__P0035__b4.png,Healthy,lyria,P0035,58,227
Healthy/lyria__P0222__b5.png,Healthy,lyria,P0222,150,273
Healthy/lyria__P0257__b1.png,Healthy,lyria,P0257,58,308
Healthy/lyria__P0497__b27.png,Healthy,lyria,P0497,238,339
Healthy/lyria__P0367__b12.png,Healthy,lyria,P0367,192,343
Healthy/lyria__P0674__b1.png,Healthy,lyria,P0674,92,285
Healthy/lyria__P0127__b11.png,Healthy,lyria,P0127,105,323
Healthy/lyria__P0687__b12.png,Healthy,lyria,P0687,45,147
Healthy/lyria__P0099__b1.png,Healthy,lyria,P0099,104,342
Healthy/lyria__P0192__b9.png,Healthy,lyria,P0192,187,339
Healthy/lyria__P0119__b7.png,Healthy,lyria,P0119,109,348
Healthy/lyria__P0026__b7.png,Healthy,lyria,P0026,118,298
Healthy/lyria__P0181__b8.png,Healthy,lyria,P0181,115,257
Healthy/lyria__P0290__b6.png,Healthy,lyria,P0290,107,325
Healthy/lyria__P0504__b25.png,Healthy,lyria,P0504,119,286
Healthy/lyria__P0727__b3.png,Healthy,lyria,P0727,85,352
Healthy/lyria__P0742__b8.png,Healthy,lyria,P0742,111,271
Healthy/lyria__P0436__b2.png,Healthy,lyria,P0436,75,267
Healthy/lyria__P0728__b0.png,Healthy,lyria,P0728,112,335
Healthy/lyria__P0173__b5.png,Healthy,lyria,P0173,158,335
Healthy/lyria__P0708__b11.png,Healthy,lyria,P0708,189,329
Healthy/lyria__P0151__b1.png,Healthy,lyria,P0151,237,440
Healthy/lyria__P0277__b2.png,Healthy,lyria,P0277,111,323
Healthy/lyria__P0264__b9.png,Healthy,lyria,P0264,95,336
Healthy/lyria__P0098__b8.png,Healthy,lyria,P0098,97,271
Healthy/lyria__P0495__b6.png,Healthy,lyria,P0495,94,327
Healthy/lyria__P0010__b2.png,Healthy,lyria,P0010,272,285
Healthy/lyria__P0786__b2.png,Healthy,lyria,P0786,99,286
Healthy/lyria__P0147__b14.png,Healthy,lyria,P0147,251,298
Healthy/lyria__P0595__b0.png,Healthy,lyria,P0595,87,292
Healthy/lyria__P0762__b1.png,Healthy,lyria,P0762,113,272
Healthy/lyria__P0383__b19.png,Healthy,lyria,P0383,81,349
Healthy/lyria__P0734__b2.png,Healthy,lyria,P0734,52,234
Healthy/lyria__P0025__b0.png,Healthy,lyria,P0025,169,280
Healthy/lyria__P0108__b1.png,Healthy,lyria,P0108,118,328
Healthy/lyria__P0712__b1.png,Healthy,lyria,P0712,69,248
Healthy/lyria__P0211__b6.png,Healthy,lyria,P0211,96,325
Healthy/lyria__P0371__b0.png,Healthy,lyria,P0371,75,294
Healthy/lyria__P0114__b13.png,Healthy,lyria,P0114,84,357
Healthy/lyria__P0258__b1.png,Healthy,lyria,P0258,360,255
Healthy/lyria__P0081__b11.png,Healthy,lyria,P0081,61,244
Healthy/lyria__P0738__b2.png,Healthy,lyria,P0738,73,330
Healthy/lyria__P0155__b3.png,Healthy,lyria,P0155,121,365
Healthy/lyria__P0642__b1.png,Healthy,lyria,P0642,125,361
Healthy/lyria__P0357__b5.png,Healthy,lyria,P0357,83,253
Healthy/lyria__P0364__b9.png,Healthy,lyria,P0364,75,219
Healthy/lyria__P0460__b23.png,Healthy,lyria,P0460,130,336
Healthy/lyria__P0191__b18.png,Healthy,lyria,P0191,117,407
Healthy/lyria__P0368__b13.png,Healthy,lyria,P0368,73,257
Healthy/lyria__P0084__b0.png,Healthy,lyria,P0084,102,352
Healthy/lyria__P0373__b4.png,Healthy,lyria,P0373,77,269
Healthy/lyria__P0725__b9.png,Healthy,lyria,P0725,111,300
Healthy/lyria__P0310__b1.png,Healthy,lyria,P0310,77,273
Healthy/lyria__P0302__b10.png,Healthy,lyria,P0302,114,300
Healthy/lyria__P0203__b13.png,Healthy,lyria,P0203,98,284
Healthy/lyria__P0008__b7.png,Healthy,lyria,P0008,63,213
Healthy/lyria__P0682__b10.png,Healthy,lyria,P0682,69,264
Healthy/lyria__P0474__b5.png,Healthy,lyria,P0474,98,294
Healthy/lyria__P0354__b6.png,Healthy,lyria,P0354,90,279
Healthy/lyria__P0439__b3.png,Healthy,lyria,P0439,129,279
Healthy/lyria__P0080__b23.png,Healthy,lyria,P0080,271,364
Healthy/lyria__P0795__b6.png,Healthy,lyria,P0795,98,283
Healthy/lyria__P0164__b0.png,Healthy,lyria,P0164,87,336
Healthy/lyria__P0750__b10.png,Healthy,lyria,P0750,65,261
Healthy/lyria__P0663__b0.png,Healthy,lyria,P0663,109,330
Healthy/lyria__P0457__b21.png,Healthy,lyria,P0457,292,319
Healthy/lyria__P0175__b8.png,Healthy,lyria,P0175,111,311
Healthy/lyria__P0478__b24.png,Healthy,lyria,P0478,246,305
Healthy/lyria__P0537__b17.png,Healthy,lyria,P0537,92,361
Healthy/lyria__P0558__b6.png,Healthy,lyria,P0558,222,315
Healthy/lyria__P0254__b11.png,Healthy,lyria,P0254,87,361
Healthy/lyria__P0590__b11.png,Healthy,lyria,P0590,239,312
Healthy/lyria__P0462__b10.png,Healthy,lyria,P0462,109,320
Healthy/lyria__P0798__b2.png,Healthy,lyria,P0798,96,357
Healthy/lyria__P0219__b6.png,Healthy,lyria,P0219,126,299
Healthy/lyria__P0206__b3.png,Healthy,lyria,P0206,136,298
Healthy/lyria__P0398__b1.png,Healthy,lyria,P0398,96,263
Healthy/lyria__P0120__b14.png,Healthy,lyria,P0120,42,143
Healthy/lyria__P0231__b5.png,Healthy,lyria,P0231,110,378
Healthy/lyria__P0039__b9.png,Healthy,lyria,P0039,94,305
Healthy/lyria__P0316__b10.png,Healthy,lyria,P0316,89,292
Healthy/lyria__P0739__b11.png,Healthy,lyria,P0739,114,278
Healthy/lyria__P0240__b7.png,Healthy,lyria,P0240,101,386
Healthy/lyria__P0267__b3.png,Healthy,lyria,P0267,82,319
Healthy/lyria__P0446__b10.png,Healthy,lyria,P0446,109,329
Healthy/lyria__P0661__b4.png,Healthy,lyria,P0661,101,279
Healthy/lyria__P0580__b1.png,Healthy,lyria,P0580,86,213
Healthy/lyria__P0387__b1.png,Healthy,lyria,P0387,291,326
Healthy/lyria__P0142__b7.png,Healthy,lyria,P0142,187,326
Healthy/lyria__P0004__b3.png,Healthy,lyria,P0004,113,321
Healthy/lyria__P0249__b1.png,Healthy,lyria,P0249,75,299
Healthy/lyria__P0592__b6.png,Healthy,lyria,P0592,200,322
Healthy/lyria__P0160__b4.png,Healthy,lyria,P0160,71,305
Healthy/lyria__P0528__b12.png,Healthy,lyria,P0528,82,250
Healthy/lyria__P0690__b0.png,Healthy,lyria,P0690,94,296
Healthy/lyria__P0424__b2.png,Healthy,lyria,P0424,172,327
Healthy/lyria__P0090__b8.png,Healthy,lyria,P0090,106,315
Healthy/lyria__P0769__b0.png,Healthy,lyria,P0769,71,274
Healthy/lyria__P0721__b2.png,Healthy,lyria,P0721,86,363
Healthy/lyria__P0701__b11.png,Healthy,lyria,P0701,105,309
Healthy/lyria__P0481__b10.png,Healthy,lyria,P0481,75,296
Healthy/lyria__P0261__b0.png,Healthy,lyria,P0261,119,321
Healthy/lyria__P0755__b3.png,Healthy,lyria,P0755,101,265
Healthy/lyria__P0677__b4.png,Healthy,lyria,P0677,71,252
Healthy/lyria__P0129__b2.png,Healthy,lyria,P0129,111,306
Healthy/lyria__P0182__b11.png,Healthy,lyria,P0182,94,317
Healthy/lyria__P0673__b18.png,Healthy,lyria,P0673,195,319
Healthy/lyria__P0516__b19.png,Healthy,lyria,P0516,131,307
Healthy/lyria__P0593__b10.png,Healthy,lyria,P0593,127,328
Healthy/lyria__P0482__b10.png,Healthy,lyria,P0482,102,292
Healthy/lyria__P0055__b11.png,Healthy,lyria,P0055,129,321
Healthy/lyria__P0401__b1.png,Healthy,lyria,P0401,100,342
Healthy/lyria__P0529__b10.png,Healthy,lyria,P0529,104,321
Healthy/lyria__P0015__b0.png,Healthy,lyria,P0015,102,296
Healthy/lyria__P0037__b1.png,Healthy,lyria,P0037,90,286
Healthy/lyria__P0760__b3.png,Healthy,lyria,P0760,87,305
Healthy/lyria__P0082__b1.png,Healthy,lyria,P0082,83,290
Healthy/lyria__P0024__b2.png,Healthy,lyria,P0024,191,366
Healthy/lyria__P0197__b5.png,Healthy,lyria,P0197,82,267
Healthy/lyria__P0093__b7.png,Healthy,lyria,P0093,177,284
Healthy/lyria__P0115__b17.png,Healthy,lyria,P0115,93,353
Healthy/lyria__P0650__b4.png,Healthy,lyria,P0650,85,268
Healthy/lyria__P0134__b2.png,Healthy,lyria,P0134,173,302
Healthy/lyria__P0506__b1.png,Healthy,lyria,P0506,64,297
Healthy/lyria__P0241__b7.png,Healthy,lyria,P0241,75,256
Healthy/lyria__P0724__b0.png,Healthy,lyria,P0724,102,301
Healthy/lyria__P0328__b1.png,Healthy,lyria,P0328,104,332
Healthy/lyria__P0483__b11.png,Healthy,lyria,P0483,217,333
Healthy/lyria__P0272__b4.png,Healthy,lyria,P0272,162,349
Healthy/lyria__P0362__b2.png,Healthy,lyria,P0362,84,298
Healthy/lyria__P0066__b0.png,Healthy,lyria,P0066,90,324
Healthy/lyria__P0390__b18.png,Healthy,lyria,P0390,92,238
Healthy/lyria__P0714__b2.png,Healthy,lyria,P0714,70,225
Healthy/lyria__P0717__b16.png,Healthy,lyria,P0717,112,290
Healthy/lyria__P0414__b0.png,Healthy,lyria,P0414,198,401
Healthy/lyria__P0232__b0.png,Healthy,lyria,P0232,87,326
Healthy/lyria__P0539__b4.png,Healthy,lyria,P0539,100,307
Healthy/lyria__P0686__b7.png,Healthy,lyria,P0686,87,305
Healthy/lyria__P0041__b0.png,Healthy,lyria,P0041,96,261
Healthy/lyria__P0647__b1.png,Healthy,lyria,P0647,73,231
Healthy/lyria__P0681__b16.png,Healthy,lyria,P0681,160,294
Healthy/lyria__P0225__b4.png,Healthy,lyria,P0225,73,291
Healthy/lyria__P0521__b3.png,Healthy,lyria,P0521,59,254
Healthy/lyria__P0112__b5.png,Healthy,lyria,P0112,111,363
Healthy/lyria__P0737__b0.png,Healthy,lyria,P0737,77,246
Healthy/lyria__P0171__b1.png,Healthy,lyria,P0171,114,336
Healthy/lyria__P0295__b4.png,Healthy,lyria,P0295,69,240
Healthy/lyria__P0510__b5.png,Healthy,lyria,P0510,59,233
Healthy/lyria__P0348__b0.png,Healthy,lyria,P0348,113,342
Healthy/lyria__P0113__b26.png,Healthy,lyria,P0113,290,342
Healthy/lyria__P0433__b11.png,Healthy,lyria,P0433,81,269
Healthy/lyria__P0454__b18.png,Healthy,lyria,P0454,121,367
Healthy/lyria__P0048__b0.png,Healthy,lyria,P0048,141,294
Healthy/lyria__P0550__b1.png,Healthy,lyria,P0550,80,282
Healthy/lyria__P0751__b3.png,Healthy,lyria,P0751,88,271
Healthy/lyria__P0678__b5.png,Healthy,lyria,P0678,116,260
Healthy/lyria__P0326__b5.png,Healthy,lyria,P0326,104,342
Healthy/lyria__P0629__b6.png,Healthy,lyria,P0629,81,327
Healthy/lyria__P0464__b5.png,Healthy,lyria,P0464,104,344
Healthy/lyria__P0058__b0.png,Healthy,lyria,P0058,90,319
Healthy/lyria__P0566__b1.png,Healthy,lyria,P0566,71,296
Healthy/lyria__P0486__b17.png,Healthy,lyria,P0486,90,305
Healthy/lyria__P0305__b4.png,Healthy,lyria,P0305,189,376
Healthy/lyria__P0505__b7.png,Healthy,lyria,P0505,75,294
Healthy/lyria__P0280__b9.png,Healthy,lyria,P0280,105,361
Healthy/lyria__P0135__b1.png,Healthy,lyria,P0135,115,388
Healthy/lyria__P0314__b4.png,Healthy,lyria,P0314,96,246
Healthy/lyria__P0265__b3.png,Healthy,lyria,P0265,115,359
Healthy/lyria__P0239__b2.png,Healthy,lyria,P0239,120,392
Healthy/lyria__P0404__b0.png,Healthy,lyria,P0404,181,343
Healthy/lyria__P0140__b1.png,Healthy,lyria,P0140,96,416
Healthy/lyria__P0651__b4.png,Healthy,lyria,P0651,175,348
Healthy/lyria__P0649__b8.png,Healthy,lyria,P0649,75,278
Healthy/lyria__P0287__b3.png,Healthy,lyria,P0287,91,307
Healthy/lyria__P0560__b4.png,Healthy,lyria,P0560,140,306
Healthy/lyria__P0397__b24.png,Healthy,lyria,P0397,157,314
Healthy/lyria__P0492__b14.png,Healthy,lyria,P0492,91,328
Healthy/lyria__P0360__b16.png,Healthy,lyria,P0360,106,298
Healthy/lyria__P0770__b0.png,Healthy,lyria,P0770,71,294
Healthy/lyria__P0300__b25.png,Healthy,lyria,P0300,301,333
Healthy/lyria__P0587__b18.png,Healthy,lyria,P0587,208,360
Healthy/lyria__P0396__b23.png,Healthy,lyria,P0396,86,263
Healthy/lyria__P0746__b9.png,Healthy,lyria,P0746,97,294
Healthy/lyria__P0667__b0.png,Healthy,lyria,P0667,75,293
Healthy/lyria__P0695__b3.png,Healthy,lyria,P0695,87,288
Healthy/lyria__P0427__b1.png,Healthy,lyria,P0427,110,323
Healthy/lyria__P0706__b0.png,Healthy,lyria,P0706,75,267
Healthy/lyria__P0799__b7.png,Healthy,lyria,P0799,94,300
Healthy/lyria__P0105__b14.png,Healthy,lyria,P0105,122,301
Healthy/lyria__P0723__b0.png,Healthy,lyria,P0723,73,247
Healthy/lyria__P0805__b5.png,Healthy,lyria,P0805,82,326
Healthy/lyria__P0230__b0.png,Healthy,lyria,P0230,172,364
Healthy/lyria__P0005__b4.png,Healthy,lyria,P0005,143,306
Healthy/lyria__P0121__b2.png,Healthy,lyria,P0121,95,167
Healthy/lyria__P0166__b8.png,Healthy,lyria,P0166,109,337
Healthy/lyria__P0018__b0.png,Healthy,lyria,P0018,140,299
Healthy/lyria__P0167__b0.png,Healthy,lyria,P0167,160,330
Healthy/lyria__P0761__b5.png,Healthy,lyria,P0761,60,284
Healthy/lyria__P0665__b6.png,Healthy,lyria,P0665,145,254
Healthy/lyria__P0260__b2.png,Healthy,lyria,P0260,90,361
Healthy/lyria__P0756__b7.png,Healthy,lyria,P0756,105,252
Healthy/lyria__P0614__b15.png,Healthy,lyria,P0614,168,334
Healthy/lyria__P0091__b7.png,Healthy,lyria,P0091,81,273
Healthy/lyria__P0586__b15.png,Healthy,lyria,P0586,94,300
Healthy/lyria__P0507__b1.png,Healthy,lyria,P0507,83,263
Healthy/lyria__P0052__b10.png,Healthy,lyria,P0052,104,267
Healthy/lyria__P0496__b20.png,Healthy,lyria,P0496,184,326
Healthy/lyria__P0034__b4.png,Healthy,lyria,P0034,60,225
Healthy/lyria__P0475__b10.png,Healthy,lyria,P0475,238,295
Healthy/lyria__P0562__b9.png,Healthy,lyria,P0562,105,334
Healthy/lyria__P0327__b19.png,Healthy,lyria,P0327,83,281
Healthy/lyria__P0542__b10.png,Healthy,lyria,P0542,100,286
Healthy/lyria__P0655__b0.png,Healthy,lyria,P0655,119,415
Healthy/lyria__P0800__b0.png,Healthy,lyria,P0800,109,411
Healthy/lyria__P0255__b7.png,Healthy,lyria,P0255,117,353
Healthy/lyria__P0153__b1.png,Healthy,lyria,P0153,107,304
Healthy/lyria__P0318__b8.png,Healthy,lyria,P0318,94,305
Healthy/lyria__P0804__b2.png,Healthy,lyria,P0804,48,276
Healthy/lyria__P0552__b2.png,Healthy,lyria,P0552,75,250
Healthy/lyria__P0613__b15.png,Healthy,lyria,P0613,109,298
Healthy/lyria__P0174__b1.png,Healthy,lyria,P0174,178,329
Healthy/lyria__P0312__b10.png,Healthy,lyria,P0312,88,256
Healthy/lyria__P0141__b0.png,Healthy,lyria,P0141,167,311
Healthy/lyria__P0146__b2.png,Healthy,lyria,P0146,98,319
Healthy/lyria__P0703__b0.png,Healthy,lyria,P0703,100,278
Healthy/lyria__P0019__b1.png,Healthy,lyria,P0019,71,282
Healthy/lyria__P0062__b9.png,Healthy,lyria,P0062,148,361
Healthy/lyria__P0498__b10.png,Healthy,lyria,P0498,165,365
Healthy/lyria__P0485__b4.png,Healthy,lyria,P0485,98,398
Healthy/lyria__P0791__b23.png,Healthy,lyria,P0791,100,282
Healthy/lyria__P0069__b0.png,Healthy,lyria,P0069,55,228
Healthy/lyria__P0202__b3.png,Healthy,lyria,P0202,204,371
Healthy/lyria__P0170__b0.png,Healthy,lyria,P0170,102,319
Healthy/lyria__P0075__b3.png,Healthy,lyria,P0075,85,286
Healthy/lyria__P0252__b6.png,Healthy,lyria,P0252,155,342
Healthy/lyria__P0350__b5.png,Healthy,lyria,P0350,71,261
Healthy/lyria__P0094__b0.png,Healthy,lyria,P0094,121,334
Healthy/lyria__P0049__b0.png,Healthy,lyria,P0049,91,315
Healthy/lyria__P0063__b4.png,Healthy,lyria,P0063,62,238
Healthy/lyria__P0179__b7.png,Healthy,lyria,P0179,84,289
Healthy/lyria__P0466__b10.png,Healthy,lyria,P0466,106,374
Healthy/lyria__P0377__b17.png,Healthy,lyria,P0377,198,316
Healthy/lyria__P0782__b15.png,Healthy,lyria,P0782,217,306
Healthy/lyria__P0057__b11.png,Healthy,lyria,P0057,85,273
Healthy/lyria__P0473__b3.png,Healthy,lyria,P0473,86,351
Healthy/lyria__P0534__b0.png,Healthy,lyria,P0534,75,286
Healthy/lyria__P0785__b18.png,Healthy,lyria,P0785,266,326
Healthy/lyria__P0741__b8.png,Healthy,lyria,P0741,106,288
Healthy/lyria__P0088__b7.png,Healthy,lyria,P0088,312,370
Healthy/lyria__P0156__b5.png,Healthy,lyria,P0156,87,260
Healthy/lyria__P0425__b10.png,Healthy,lyria,P0425,103,275
Healthy/lyria__P0276__b2.png,Healthy,lyria,P0276,121,288
Healthy/lyria__P0124__b8.png,Healthy,lyria,P0124,104,330
Healthy/lyria__P0282__b6.png,Healthy,lyria,P0282,102,319
Healthy/lyria__P0448__b23.png,Healthy,lyria,P0448,104,371
Healthy/lyria__P0692__b5.png,Healthy,lyria,P0692,94,288
Healthy/lyria__P0491__b19.png,Healthy,lyria,P0491,69,253
Healthy/lyria__P0458__b5.png,Healthy,lyria,P0458,113,378
Healthy/lyria__P0161__b3.png,Healthy,lyria,P0161,69,292
Healthy/lyria__P0028__b4.png,Healthy,lyria,P0028,101,336
Healthy/lyria__P0502__b1.png,Healthy,lyria,P0502,85,296
Healthy/lyria__P0399__b2.png,Healthy,lyria,P0399,119,320
Healthy/lyria__P0568__b0.png,Healthy,lyria,P0568,182,304
Healthy/lyria__P0669__b4.png,Healthy,lyria,P0669,107,332
Healthy/lyria__P0159__b10.png,Healthy,lyria,P0159,178,396
Healthy/lyria__P0535__b0.png,Healthy,lyria,P0535,115,336
Healthy/lyria__P0322__b10.png,Healthy,lyria,P0322,89,334
Healthy/lyria__P0790__b17.png,Healthy,lyria,P0790,133,310
Healthy/lyria__P0438__b5.png,Healthy,lyria,P0438,75,251
Healthy/lyria__P0023__b4.png,Healthy,lyria,P0023,56,255
Healthy/lyria__P0394__b15.png,Healthy,lyria,P0394,87,323
Healthy/lyria__P0488__b13.png,Healthy,lyria,P0488,245,332
Healthy/lyria__P0374__b11.png,Healthy,lyria,P0374,117,325
Healthy/lyria__P0189__b13.png,Healthy,lyria,P0189,84,280
Healthy/lyria__P0002__b12.png,Healthy,lyria,P0002,280,340
Healthy/lyria__P0484__b15.png,Healthy,lyria,P0484,89,313
Healthy/lyria__P0549__b16.png,Healthy,lyria,P0549,111,340
Healthy/lyria__P0187__b17.png,Healthy,lyria,P0187,96,312
Healthy/lyria__P0648__b4.png,Healthy,lyria,P0648,79,223
Healthy/lyria__P0532__b22.png,Healthy,lyria,P0532,170,305
Healthy/lyria__P0162__b9.png,Healthy,lyria,P0162,117,355
Healthy/lyria__P0011__b3.png,Healthy,lyria,P0011,126,336
Healthy/lyria__P0054__b0.png,Healthy,lyria,P0054,106,340
Healthy/lyria__P0278__b16.png,Healthy,lyria,P0278,247,374
Healthy/lyria__P0125__b2.png,Healthy,lyria,P0125,165,311
Healthy/lyria__P0045__b9.png,Healthy,lyria,P0045,62,242
Healthy/lyria__P0700__b12.png,Healthy,lyria,P0700,73,253
Healthy/lyria__P0286__b2.png,Healthy,lyria,P0286,112,296
Healthy/lyria__P0641__b2.png,Healthy,lyria,P0641,88,317
Healthy/lyria__P0085__b10.png,Healthy,lyria,P0085,251,313
Healthy/lyria__P0068__b4.png,Healthy,lyria,P0068,108,294
Healthy/lyria__P0469__b19.png,Healthy,lyria,P0469,85,290
Healthy/lyria__P0393__b0.png,Healthy,lyria,P0393,94,336
Healthy/lyria__P0158__b1.png,Healthy,lyria,P0158,106,347
Healthy/lyria__P0297__b2.png,Healthy,lyria,P0297,83,265
Healthy/lyria__P0467__b19.png,Healthy,lyria,P0467,98,286
Healthy/lyria__P0617__b3.png,Healthy,lyria,P0617,82,277
Healthy/lyria__P0349__b12.png,Healthy,lyria,P0349,137,300
Healthy/lyria__P0413__b1.png,Healthy,lyria,P0413,142,354
Healthy/lyria__P0101__b0.png,Healthy,lyria,P0101,119,365
Healthy/lyria__P0223__b7.png,Healthy,lyria,P0223,112,325
Healthy/lyria__P0716__b3.png,Healthy,lyria,P0716,92,292
Healthy/lyria__P0620__b3.png,Healthy,lyria,P0620,89,290
Healthy/lyria__P0758__b12.png,Healthy,lyria,P0758,88,334
Healthy/lyria__P0335__b6.png,Healthy,lyria,P0335,118,292
Healthy/lyria__P0359__b8.png,Healthy,lyria,P0359,88,303
Healthy/lyria__P0372__b0.png,Healthy,lyria,P0372,123,351
Healthy/lyria__P0563__b2.png,Healthy,lyria,P0563,73,256
Healthy/lyria__P0198__b0.png,Healthy,lyria,P0198,140,299
Healthy/lyria__P0499__b15.png,Healthy,lyria,P0499,88,314
Healthy/lyria__P0637__b3.png,Healthy,lyria,P0637,94,294
Healthy/lyria__P0307__b2.png,Healthy,lyria,P0307,86,275
Healthy/lyria__P0133__b1.png,Healthy,lyria,P0133,130,325
Healthy/lyria__P0456__b18.png,Healthy,lyria,P0456,203,350
Healthy/lyria__P0789__b16.png,Healthy,lyria,P0789,69,258
Healthy/lyria__P0426__b4.png,Healthy,lyria,P0426,91,319
Healthy/lyria__P0154__b2.png,Healthy,lyria,P0154,71,267
Healthy/lyria__P0213__b3.png,Healthy,lyria,P0213,78,307
Healthy/lyria__P0500__b27.png,Healthy,lyria,P0500,252,340
Healthy/lyria__P0657__b8.png,Healthy,lyria,P0657,111,369
Healthy/lyria__P0183__b4.png,Healthy,lyria,P0183,171,300
Healthy/lyria__P0602__b1.png,Healthy,lyria,P0602,60,267
Healthy/lyria__P0471__b7.png,Healthy,lyria,P0471,73,315
Healthy/lyria__P0270__b19.png,Healthy,lyria,P0270,121,348
Healthy/lyria__P0092__b7.png,Healthy,lyria,P0092,65,288
Healthy/lyria__P0065__b6.png,Healthy,lyria,P0065,84,289
Healthy/lyria__P0064__b6.png,Healthy,lyria,P0064,148,306
Healthy/lyria__P0544__b1.png,Healthy,lyria,P0544,100,253
Healthy/lyria__P0416__b7.png,Healthy,lyria,P0416,146,320
Healthy/lyria__P0652__b0.png,Healthy,lyria,P0652,61,282
Healthy/lyria__P0311__b4.png,Healthy,lyria,P0311,94,311
Healthy/lyria__P0212__b4.png,Healthy,lyria,P0212,125,332
Healthy/lyria__P0107__b3.png,Healthy,lyria,P0107,73,261
Healthy/lyria__P0333__b19.png,Healthy,lyria,P0333,149,335
Healthy/lyria__P0679__b7.png,Healthy,lyria,P0679,93,219
Healthy/lyria__P0347__b4.png,Healthy,lyria,P0347,98,311
Healthy/lyria__P0334__b6.png,Healthy,lyria,P0334,117,311
Healthy/lyria__P0526__b8.png,Healthy,lyria,P0526,83,322
Healthy/lyria__P0208__b3.png,Healthy,lyria,P0208,115,302
Healthy/lyria__P0245__b11.png,Healthy,lyria,P0245,327,383
Healthy/lyria__P0409__b1.png,Healthy,lyria,P0409,115,373
Healthy/lyria__P0662__b1.png,Healthy,lyria,P0662,108,340
Healthy/lyria__P0178__b9.png,Healthy,lyria,P0178,90,344
Healthy/lyria__P0100__b2.png,Healthy,lyria,P0100,118,318
Healthy/lyria__P0423__b2.png,Healthy,lyria,P0423,137,250
Healthy/lyria__P0557__b6.png,Healthy,lyria,P0557,119,286
Healthy/lyria__P0073__b2.png,Healthy,lyria,P0073,125,357
Healthy/lyria__P0555__b11.png,Healthy,lyria,P0555,98,344
Healthy/lyria__P0042__b11.png,Healthy,lyria,P0042,179,317
Healthy/lyria__P0361__b1.png,Healthy,lyria,P0361,152,318
Healthy/lyria__P0168__b0.png,Healthy,lyria,P0168,112,334
Healthy/lyria__P0285__b2.png,Healthy,lyria,P0285,67,309
Healthy/lyria__P0509__b14.png,Healthy,lyria,P0509,82,280
Healthy/lyria__P0546__b2.png,Healthy,lyria,P0546,90,294
Healthy/lyria__P0689__b6.png,Healthy,lyria,P0689,185,314
Healthy/lyria__P0220__b11.png,Healthy,lyria,P0220,75,288
Healthy/lyria__P0608__b0.png,Healthy,lyria,P0608,104,300
Healthy/lyria__P0666__b5.png,Healthy,lyria,P0666,142,330
Healthy/lyria__P0675__b2.png,Healthy,lyria,P0675,73,292
Healthy/lyria__P0508__b15.png,Healthy,lyria,P0508,96,265
Healthy/lyria__P0523__b4.png,Healthy,lyria,P0523,94,269
Healthy/lyria__P0375__b0.png,Healthy,lyria,P0375,80,317
Healthy/lyria__P0117__b22.png,Healthy,lyria,P0117,79,309
Healthy/lyria__P0410__b1.png,Healthy,lyria,P0410,94,336
Healthy/lyria__P0391__b18.png,Healthy,lyria,P0391,152,361
Healthy/lyria__P0604__b13.png,Healthy,lyria,P0604,144,271
Healthy/lyria__P0407__b6.png,Healthy,lyria,P0407,77,300
Healthy/lyria__P0346__b7.png,Healthy,lyria,P0346,77,290
Healthy/lyria__P0403__b8.png,Healthy,lyria,P0403,152,303
Healthy/lyria__P0420__b3.png,Healthy,lyria,P0420,143,333
Healthy/lyria__P0053__b9.png,Healthy,lyria,P0053,106,390
Healthy/lyria__P0465__b14.png,Healthy,lyria,P0465,100,348
Healthy/lyria__P0468__b10.png,Healthy,lyria,P0468,102,356
Healthy/lyria__P0275__b5.png,Healthy,lyria,P0275,150,302
Healthy/lyria__P0315__b6.png,Healthy,lyria,P0315,123,415
Healthy/lyria__P0531__b0.png,Healthy,lyria,P0531,104,315
Healthy/lyria__P0697__b3.png,Healthy,lyria,P0697,77,260
Healthy/lyria__P0630__b9.png,Healthy,lyria,P0630,134,311
Healthy/lyria__P0461__b20.png,Healthy,lyria,P0461,94,321
Healthy/lyria__P0450__b4.png,Healthy,lyria,P0450,100,413
Healthy/lyria__P0169__b10.png,Healthy,lyria,P0169,81,271
Healthy/lyria__P0418__b4.png,Healthy,lyria,P0418,144,298
Healthy/lyria__P0653__b7.png,Healthy,lyria,P0653,146,254
Healthy/lyria__P0118__b5.png,Healthy,lyria,P0118,104,305
Healthy/lyria__P0698__b1.png,Healthy,lyria,P0698,109,254
Healthy/lyria__P0601__b8.png,Healthy,lyria,P0601,141,312
Healthy/lyria__P0748__b4.png,Healthy,lyria,P0748,88,425
Healthy/lyria__P0503__b29.png,Healthy,lyria,P0503,278,277
Healthy/lyria__P0719__b9.png,Healthy,lyria,P0719,69,255
Healthy/lyria__P0671__b4.png,Healthy,lyria,P0671,76,317
Healthy/lyria__P0086__b8.png,Healthy,lyria,P0086,282,337
Healthy/lyria__P0370__b0.png,Healthy,lyria,P0370,170,359
Healthy/lyria__P0044__b0.png,Healthy,lyria,P0044,98,287
Healthy/lyria__P0229__b3.png,Healthy,lyria,P0229,82,244
Healthy/lyria__P0599__b1.png,Healthy,lyria,P0599,85,244
Healthy/lyria__P0400__b4.png,Healthy,lyria,P0400,92,298
Healthy/lyria__P0802__b2.png,Healthy,lyria,P0802,67,269
Healthy/lyria__P0567__b11.png,Healthy,lyria,P0567,200,357
Healthy/lyria__P0006__b3.png,Healthy,lyria,P0006,56,229
Healthy/lyria__P0234__b0.png,Healthy,lyria,P0234,111,285
Healthy/lyria__P0193__b2.png,Healthy,lyria,P0193,73,256
Healthy/lyria__P0078__b0.png,Healthy,lyria,P0078,94,296
Healthy/lyria__P0320__b24.png,Healthy,lyria,P0320,208,352
Healthy/lyria__P0163__b14.png,Healthy,lyria,P0163,320,359
Healthy/lyria__P0331__b2.png,Healthy,lyria,P0331,123,331
Healthy/lyria__P0072__b4.png,Healthy,lyria,P0072,102,300
Healthy/lyria__P0713__b1.png,Healthy,lyria,P0713,88,317
Healthy/lyria__P0027__b0.png,Healthy,lyria,P0027,102,338
Healthy/lyria__P0752__b1.png,Healthy,lyria,P0752,217,296
Healthy/lyria__P0266__b0.png,Healthy,lyria,P0266,84,292
Healthy/lyria__P0136__b3.png,Healthy,lyria,P0136,98,325
Healthy/lyria__P0417__b19.png,Healthy,lyria,P0417,177,361
Healthy/lyria__P0428__b3.png,Healthy,lyria,P0428,103,319
Healthy/lyria__P0525__b1.png,Healthy,lyria,P0525,150,289
Healthy/lyria__P0634__b6.png,Healthy,lyria,P0634,59,221
Healthy/lyria__P0615__b2.png,Healthy,lyria,P0615,85,261
Healthy/lyria__P0574__b1.png,Healthy,lyria,P0574,67,323
Healthy/lyria__P0554__b6.png,Healthy,lyria,P0554,60,247
Healthy/lyria__P0217__b4.png,Healthy,lyria,P0217,100,342
Healthy/lyria__P0451__b21.png,Healthy,lyria,P0451,184,368
Healthy/lyria__P0395__b10.png,Healthy,lyria,P0395,94,360
Healthy/lyria__P0353__b6.png,Healthy,lyria,P0353,81,294
Healthy/lyria__P0517__b13.png,Healthy,lyria,P0517,266,352
Healthy/lyria__P0668__b0.png,Healthy,lyria,P0668,94,260
Healthy/lyria__P0670__b0.png,Healthy,lyria,P0670,107,323
Healthy/lyria__P0067__b2.png,Healthy,lyria,P0067,75,288
Healthy/lyria__P0079__b16.png,Healthy,lyria,P0079,67,285
Healthy/lyria__P0718__b3.png,Healthy,lyria,P0718,73,230
Healthy/lyria__P0317__b11.png,Healthy,lyria,P0317,323,355
Healthy/lyria__P0794__b5.png,Healthy,lyria,P0794,329,337
Healthy/lyria__P0487__b14.png,Healthy,lyria,P0487,302,352
Healthy/lyria__P0337__b14.png,Healthy,lyria,P0337,89,288
Healthy/lyria__P0429__b23.png,Healthy,lyria,P0429,190,342
Healthy/lyria__P0186__b5.png,Healthy,lyria,P0186,106,338
Healthy/lyria__P0765__b5.png,Healthy,lyria,P0765,142,314
Healthy/lyria__P0033__b5.png,Healthy,lyria,P0033,129,308
Healthy/lyria__P0419__b0.png,Healthy,lyria,P0419,83,323
Healthy/lyria__P0344__b0.png,Healthy,lyria,P0344,241,306
Healthy/lyria__P0683__b7.png,Healthy,lyria,P0683,73,254
Healthy/lyria__P0281__b5.png,Healthy,lyria,P0281,119,377
Healthy/lyria__P0809__b13.png,Healthy,lyria,P0809,180,303
Healthy/lyria__P0288__b16.png,Healthy,lyria,P0288,249,318
Healthy/lyria__P0609__b7.png,Healthy,lyria,P0609,98,315
Healthy/lyria__P0768__b1.png,Healthy,lyria,P0768,72,307
Healthy/lyria__P0292__b3.png,Healthy,lyria,P0292,88,308
Healthy/lyria__P0779__b3.png,Healthy,lyria,P0779,69,294
Healthy/lyria__P0591__b2.png,Healthy,lyria,P0591,77,236
Healthy/lyria__P0022__b0.png,Healthy,lyria,P0022,86,249
Healthy/lyria__P0251__b2.png,Healthy,lyria,P0251,96,282
Healthy/lyria__P0083__b14.png,Healthy,lyria,P0083,81,249
Healthy/lyria__P0565__b19.png,Healthy,lyria,P0565,294,317
Healthy/lyria__P0059__b4.png,Healthy,lyria,P0059,113,273
Healthy/lyria__P0190__b0.png,Healthy,lyria,P0190,292,396
Healthy/lyria__P0284__b1.png,Healthy,lyria,P0284,91,342
Healthy/lyria__P0626__b0.png,Healthy,lyria,P0626,71,319
Healthy/lyria__P0715__b12.png,Healthy,lyria,P0715,59,238
Healthy/lyria__P0699__b2.png,Healthy,lyria,P0699,88,304
Healthy/lyria__P0031__b2.png,Healthy,lyria,P0031,92,319
Healthy/lyria__P0672__b12.png,Healthy,lyria,P0672,159,267
Healthy/lyria__P0548__b10.png,Healthy,lyria,P0548,69,264
Healthy/lyria__P0803__b1.png,Healthy,lyria,P0803,48,277
Healthy/lyria__P0720__b9.png,Healthy,lyria,P0720,74,234
Healthy/lyria__P0810__b11.png,Healthy,lyria,P0810,185,329
Healthy/lyria__P0235__b0.png,Healthy,lyria,P0235,94,371
Healthy/lyria__P0352__b10.png,Healthy,lyria,P0352,83,296
Healthy/lyria__P0489__b11.png,Healthy,lyria,P0489,69,299
Healthy/lyria__P0365__b2.png,Healthy,lyria,P0365,265,380
Healthy/lyria__P0406__b4.png,Healthy,lyria,P0406,78,285
Healthy/lyria__P0145__b0.png,Healthy,lyria,P0145,110,290
Healthy/lyria__P0577__b6.png,Healthy,lyria,P0577,96,309
Healthy/lyria__P0501__b4.png,Healthy,lyria,P0501,117,364
Healthy/lyria__P0289__b0.png,Healthy,lyria,P0289,173,346
Healthy/lyria__P0547__b10.png,Healthy,lyria,P0547,90,340
Healthy/lyria__P0736__b3.png,Healthy,lyria,P0736,80,263
Healthy/lyria__P0262__b8.png,Healthy,lyria,P0262,90,342
Healthy/lyria__P0184__b1.png,Healthy,lyria,P0184,133,341
Healthy/lyria__P0479__b2.png,Healthy,lyria,P0479,117,313
Healthy/lyria__P0293__b21.png,Healthy,lyria,P0293,106,313
Healthy/lyria__P0070__b0.png,Healthy,lyria,P0070,78,267
Healthy/lyria__P0380__b0.png,Healthy,lyria,P0380,119,312
Healthy/lyria__P0351__b10.png,Healthy,lyria,P0351,93,249
Healthy/lyria__P0793__b10.png,Healthy,lyria,P0793,130,276
Healthy/lyria__P0176__b0.png,Healthy,lyria,P0176,165,300
Healthy/lyria__P0103__b8.png,Healthy,lyria,P0103,90,306
Healthy/lyria__P0584__b0.png,Healthy,lyria,P0584,107,335
Healthy/lyria__P0301__b8.png,Healthy,lyria,P0301,116,319
Healthy/lyria__P0214__b1.png,Healthy,lyria,P0214,107,338
Healthy/lyria__P0807__b7.png,Healthy,lyria,P0807,65,258
Healthy/lyria__P0421__b1.png,Healthy,lyria,P0421,151,289
Healthy/lyria__P0559__b11.png,Healthy,lyria,P0559,100,284
Healthy/lyria__P0582__b1.png,Healthy,lyria,P0582,56,261
Healthy/lyria__P0788__b0.png,Healthy,lyria,P0788,125,337
Healthy/lyria__P0631__b3.png,Healthy,lyria,P0631,152,267
Healthy/lyria__P0343__b2.png,Healthy,lyria,P0343,88,275
Healthy/lyria__P0443__b11.png,Healthy,lyria,P0443,84,342
Healthy/lyria__P0273__b12.png,Healthy,lyria,P0273,71,273
Healthy/lyria__P0726__b6.png,Healthy,lyria,P0726,83,261
Healthy/lyria__P0036__b0.png,Healthy,lyria,P0036,82,269
Healthy/lyria__P0579__b14.png,Healthy,lyria,P0579,159,288
Healthy/lyria__P0624__b9.png,Healthy,lyria,P0624,114,311
Healthy/lyria__P0759__b0.png,Healthy,lyria,P0759,66,286
Healthy/lyria__P0623__b1.png,Healthy,lyria,P0623,59,300
Healthy/lyria__P0246__b1.png,Healthy,lyria,P0246,117,368
Healthy/lyria__P0696__b9.png,Healthy,lyria,P0696,129,303
Healthy/lyria__P0324__b25.png,Healthy,lyria,P0324,317,401
Healthy/lyria__P0106__b0.png,Healthy,lyria,P0106,169,313
Healthy/lyria__P0218__b5.png,Healthy,lyria,P0218,86,244
Healthy/lyria__P0781__b10.png,Healthy,lyria,P0781,281,316
Healthy/lyria__P0150__b1.png,Healthy,lyria,P0150,94,309
Healthy/lyria__P0227__b4.png,Healthy,lyria,P0227,77,256
Healthy/lyria__P0253__b21.png,Healthy,lyria,P0253,77,294
Healthy/lyria__P0735__b6.png,Healthy,lyria,P0735,97,293
Healthy/lyria__P0527__b2.png,Healthy,lyria,P0527,141,265
Healthy/lyria__P0014__b1.png,Healthy,lyria,P0014,96,351
Healthy/lyria__P0131__b1.png,Healthy,lyria,P0131,166,365
Healthy/lyria__P0583__b1.png,Healthy,lyria,P0583,77,261
Healthy/lyria__P0556__b1.png,Healthy,lyria,P0556,73,367
Healthy/lyria__P0744__b7.png,Healthy,lyria,P0744,54,244
Healthy/lyria__P0221__b6.png,Healthy,lyria,P0221,65,255
Healthy/lyria__P0709__b3.png,Healthy,lyria,P0709,83,309
Healthy/lyria__P0536__b2.png,Healthy,lyria,P0536,185,349
Healthy/lyria__P0185__b2.png,Healthy,lyria,P0185,111,319
Healthy/lyria__P0299__b11.png,Healthy,lyria,P0299,92,317
Healthy/lyria__P0283__b1.png,Healthy,lyria,P0283,109,302
Healthy/lyria__P0332__b2.png,Healthy,lyria,P0332,52,244
Healthy/lyria__P0632__b7.png,Healthy,lyria,P0632,82,296
Healthy/lyria__P0259__b2.png,Healthy,lyria,P0259,69,273
Healthy/lyria__P0787__b9.png,Healthy,lyria,P0787,222,343
Healthy/lyria__P0477__b8.png,Healthy,lyria,P0477,74,318
Healthy/lyria__P0676__b21.png,Healthy,lyria,P0676,159,282
Healthy/lyria__P0199__b20.png,Healthy,lyria,P0199,108,336
Healthy/lyria__P0386__b4.png,Healthy,lyria,P0386,86,221
Healthy/lyria__P0628__b5.png,Healthy,lyria,P0628,81,315
Healthy/lyria__P0540__b5.png,Healthy,lyria,P0540,79,267
Healthy/lyria__P0271__b1.png,Healthy,lyria,P0271,86,336
Healthy/lyria__P0541__b16.png,Healthy,lyria,P0541,79,294
Healthy/lyria__P0137__b7.png,Healthy,lyria,P0137,73,248
Healthy/lyria__P0201__b7.png,Healthy,lyria,P0201,198,401
Healthy/lyria__P0780__b2.png,Healthy,lyria,P0780,63,241
Healthy/lyria__P0449__b23.png,Healthy,lyria,P0449,107,342
Healthy/lyria__P0518__b4.png,Healthy,lyria,P0518,102,344
Healthy/lyria__P0238__b0.png,Healthy,lyria,P0238,164,300
Healthy/lyria__P0043__b0.png,Healthy,lyria,P0043,125,257
Healthy/lyria__P0796__b20.png,Healthy,lyria,P0796,91,265
Healthy/lyria__P0323__b11.png,Healthy,lyria,P0323,131,340
Healthy/lyria__P0691__b3.png,Healthy,lyria,P0691,110,313
Healthy/lyria__P0792__b7.png,Healthy,lyria,P0792,87,256
Healthy/lyria__P0122__b9.png,Healthy,lyria,P0122,59,171
Healthy/lyria__P0076__b12.png,Healthy,lyria,P0076,83,241
Healthy/lyria__P0776__b2.png,Healthy,lyria,P0776,85,310
Healthy/lyria__P0279__b11.png,Healthy,lyria,P0279,87,234
Healthy/lyria__P0345__b12.png,Healthy,lyria,P0345,106,300
Healthy/lyria__P0702__b3.png,Healthy,lyria,P0702,117,235
Healthy/lyria__P0376__b3.png,Healthy,lyria,P0376,109,363
Healthy/lyria__P0422__b1.png,Healthy,lyria,P0422,81,240
Healthy/lyria__P0774__b4.png,Healthy,lyria,P0774,244,267
Healthy/lyria__P0472__b10.png,Healthy,lyria,P0472,65,305
Healthy/lyria__P0520__b4.png,Healthy,lyria,P0520,98,301
Healthy/lyria__P0470__b11.png,Healthy,lyria,P0470,229,323
Healthy/lyria__P0575__b12.png,Healthy,lyria,P0575,71,189
Healthy/lyria__P0538__b3.png,Healthy,lyria,P0538,284,318
Healthy/lyria__P0102__b3.png,Healthy,lyria,P0102,75,252
Healthy/lyria__P0572__b2.png,Healthy,lyria,P0572,92,294
Healthy/lyria__P0773__b3.png,Healthy,lyria,P0773,51,315
Healthy/lyria__P0046__b3.png,Healthy,lyria,P0046,98,342
Healthy/lyria__P0243__b1.png,Healthy,lyria,P0243,90,277
Healthy/lyria__P0693__b10.png,Healthy,lyria,P0693,102,250
Healthy/lyria__P0680__b3.png,Healthy,lyria,P0680,98,311
Healthy/lyria__P0366__b4.png,Healthy,lyria,P0366,104,273
Healthy/lyria__P0490__b0.png,Healthy,lyria,P0490,233,296
Healthy/lyria__P0047__b0.png,Healthy,lyria,P0047,154,337
Healthy/lyria__P0705__b4.png,Healthy,lyria,P0705,96,296
Healthy/lyria__P0578__b1.png,Healthy,lyria,P0578,236,283
Healthy/lyria__P0553__b9.png,Healthy,lyria,P0553,205,307
Healthy/lyria__P0771__b5.png,Healthy,lyria,P0771,207,333
Healthy/lyria__P0766__b0.png,Healthy,lyria,P0766,83,354
Healthy/lyria__P0515__b7.png,Healthy,lyria,P0515,203,330
Healthy/lyria__P0269__b0.png,Healthy,lyria,P0269,78,273
Healthy/lyria__P0658__b4.png,Healthy,lyria,P0658,113,342
Healthy/lyria__P0321__b5.png,Healthy,lyria,P0321,75,257
Healthy/lyria__P0402__b13.png,Healthy,lyria,P0402,117,315
Healthy/lyria__P0570__b0.png,Healthy,lyria,P0570,81,314
Healthy/lyria__P0576__b5.png,Healthy,lyria,P0576,91,381
Healthy/lyria__P0646__b4.png,Healthy,lyria,P0646,82,275
Healthy/lyria__P0296__b0.png,Healthy,lyria,P0296,121,423
Healthy/lyria__P0618__b1.png,Healthy,lyria,P0618,98,311
Healthy/lyria__P0205__b4.png,Healthy,lyria,P0205,75,286
Healthy/lyria__P0030__b3.png,Healthy,lyria,P0030,60,254
Healthy/lyria__P0763__b5.png,Healthy,lyria,P0763,71,234
Healthy/lyria__P0654__b0.png,Healthy,lyria,P0654,222,322
Healthy/lyria__P0764__b7.png,Healthy,lyria,P0764,65,269
Healthy/lyria__P0097__b27.png,Healthy,lyria,P0097,228,329
Healthy/lyria__P0165__b0.png,Healthy,lyria,P0165,92,340
Healthy/lyria__P0564__b6.png,Healthy,lyria,P0564,270,288
Healthy/lyria__P0777__b6.png,Healthy,lyria,P0777,75,291
Healthy/lyria__P0226__b1.png,Healthy,lyria,P0226,112,354
Healthy/lyria__P0435__b0.png,Healthy,lyria,P0435,78,338
Healthy/lyria__P0476__b21.png,Healthy,lyria,P0476,138,272
Healthy/lyria__P0453__b20.png,Healthy,lyria,P0453,121,332
Healthy/lyria__P0236__b4.png,Healthy,lyria,P0236,79,290
Healthy/lyria__P0621__b17.png,Healthy,lyria,P0621,108,301
Healthy/lyria__P0148__b5.png,Healthy,lyria,P0148,181,333
Healthy/lyria__P0411__b10.png,Healthy,lyria,P0411,109,321
Healthy/lyria__P0710__b1.png,Healthy,lyria,P0710,73,304
Healthy/lyria__P0704__b9.png,Healthy,lyria,P0704,213,313
Healthy/lyria__P0032__b3.png,Healthy,lyria,P0032,47,235
Healthy/lyria__P0633__b2.png,Healthy,lyria,P0633,79,292
Healthy/lyria__P0256__b4.png,Healthy,lyria,P0256,98,336
Healthy/lyria__P0757__b0.png,Healthy,lyria,P0757,96,265
Healthy/lyria__P0038__b9.png,Healthy,lyria,P0038,84,338
Healthy/lyria__P0210__b2.png,Healthy,lyria,P0210,354,327
Healthy/lyria__P0268__b1.png,Healthy,lyria,P0268,176,320
Healthy/lyria__P0341__b16.png,Healthy,lyria,P0341,94,306
Healthy/lyria__P0021__b3.png,Healthy,lyria,P0021,94,325
Healthy/lyria__P0132__b0.png,Healthy,lyria,P0132,220,307
Healthy/lyria__P0640__b3.png,Healthy,lyria,P0640,99,357
Healthy/lyria__P0172__b11.png,Healthy,lyria,P0172,182,297
Healthy/lyria__P0149__b7.png,Healthy,lyria,P0149,117,386
Healthy/lyria__P0379__b6.png,Healthy,lyria,P0379,142,302
Healthy/lyria__P0625__b5.png,Healthy,lyria,P0625,119,296
Healthy/lyria__P0077__b2.png,Healthy,lyria,P0077,85,315
Healthy/lyria__P0622__b2.png,Healthy,lyria,P0622,67,283
Healthy/lyria__P0089__b9.png,Healthy,lyria,P0089,73,259
Healthy/lyria__P0749__b5.png,Healthy,lyria,P0749,71,301
Healthy/lyria__P0111__b11.png,Healthy,lyria,P0111,96,284
Healthy/lyria__P0382__b9.png,Healthy,lyria,P0382,264,322
Healthy/lyria__P0732__b0.png,Healthy,lyria,P0732,106,450
Healthy/lyria__P0635__b7.png,Healthy,lyria,P0635,67,300
Healthy/lyria__P0013__b0.png,Healthy,lyria,P0013,84,271
Healthy/lyria__P0237__b1.png,Healthy,lyria,P0237,123,318
Healthy/lyria__P0355__b13.png,Healthy,lyria,P0355,234,315
Healthy/lyria__P0455__b3.png,Healthy,lyria,P0455,113,309
Healthy/lyria__P0109__b4.png,Healthy,lyria,P0109,113,373
Healthy/lyria__P0242__b1.png,Healthy,lyria,P0242,69,303
Healthy/lyria__P0745__b10.png,Healthy,lyria,P0745,100,311
Healthy/lyria__P0480__b21.png,Healthy,lyria,P0480,243,359
Healthy/lyria__P0747__b5.png,Healthy,lyria,P0747,140,347
Healthy/lyria__P0116__b25.png,Healthy,lyria,P0116,323,333
Healthy/lyria__P0530__b2.png,Healthy,lyria,P0530,62,308
Healthy/lyria__P0050__b4.png,Healthy,lyria,P0050,80,361
Healthy/lyria__P0437__b5.png,Healthy,lyria,P0437,118,313
Healthy/lyria__P0152__b0.png,Healthy,lyria,P0152,154,440
Healthy/lyria__P0442__b3.png,Healthy,lyria,P0442,86,278
Healthy/lyria__P0392__b29.png,Healthy,lyria,P0392,338,356
Healthy/lyria__P0619__b3.png,Healthy,lyria,P0619,83,282
Healthy/lyria__P0200__b5.png,Healthy,lyria,P0200,108,402
Healthy/lyria__P0594__b1.png,Healthy,lyria,P0594,175,364
Healthy/lyria__P0389__b11.png,Healthy,lyria,P0389,256,353
Healthy/lyria__P0012__b0.png,Healthy,lyria,P0012,159,324
Healthy/lyria__P0445__b0.png,Healthy,lyria,P0445,195,338
Healthy/lyria__P0684__b9.png,Healthy,lyria,P0684,88,355
Healthy/lyria__P0204__b13.png,Healthy,lyria,P0204,94,367
Healthy/lyria__P0384__b9.png,Healthy,lyria,P0384,165,346
Healthy/lyria__P0313__b2.png,Healthy,lyria,P0313,79,319
Healthy/lyria__P0459__b2.png,Healthy,lyria,P0459,117,296
Healthy/lyria__P0588__b2.png,Healthy,lyria,P0588,59,281
Healthy/lyria__P0589__b2.png,Healthy,lyria,P0589,178,317
Healthy/lyria__P0415__b1.png,Healthy,lyria,P0415,96,329
Healthy/lyria__P0514__b11.png,Healthy,lyria,P0514,141,275
Healthy/lyria__P0561__b0.png,Healthy,lyria,P0561,61,292
Healthy/lyria__P0611__b15.png,Healthy,lyria,P0611,199,326
Healthy/lyria__P0061__b5.png,Healthy,lyria,P0061,308,356
Healthy/lyria__P0616__b1.png,Healthy,lyria,P0616,120,338
Healthy/lyria__P0610__b13.png,Healthy,lyria,P0610,105,296
Healthy/lyria__P0336__b20.png,Healthy,lyria,P0336,108,298
Healthy/lyria__P0440__b4.png,Healthy,lyria,P0440,92,311
Healthy/lyria__P0130__b12.png,Healthy,lyria,P0130,147,326
Healthy/lyria__P0627__b1.png,Healthy,lyria,P0627,77,296
Healthy/lyria__P0432__b8.png,Healthy,lyria,P0432,102,286
Healthy/lyria__P0095__b6.png,Healthy,lyria,P0095,119,294
Healthy/lyria__P0494__b6.png,Healthy,lyria,P0494,83,285
Healthy/lyria__P0452__b11.png,Healthy,lyria,P0452,96,321
Healthy/lyria__P0606__b5.png,Healthy,lyria,P0606,146,273
Healthy/lyria__P0729__b11.png,Healthy,lyria,P0729,162,353
Healthy/lyria__P0215__b3.png,Healthy,lyria,P0215,107,384
Healthy/lyria__P0444__b5.png,Healthy,lyria,P0444,98,367
Healthy/lyria__P0216__b8.png,Healthy,lyria,P0216,79,257
Healthy/lyria__P0138__b0.png,Healthy,lyria,P0138,120,392
Healthy/lyria__P0596__b0.png,Healthy,lyria,P0596,94,379
Healthy/lyria__P0207__b5.png,Healthy,lyria,P0207,113,388
Healthy/lyria__P0447__b8.png,Healthy,lyria,P0447,96,329
Healthy/lyria__P0298__b3.png,Healthy,lyria,P0298,94,260
Healthy/lyria__P0060__b19.png,Healthy,lyria,P0060,75,249
Healthy/lyria__P0783__b3.png,Healthy,lyria,P0783,82,316
Healthy/lyria__P0056__b15.png,Healthy,lyria,P0056,147,346
Healthy/lyria__P0309__b6.png,Healthy,lyria,P0309,73,250
Healthy/lyria__P0660__b1.png,Healthy,lyria,P0660,100,373
Healthy/lyria__P0659__b8.png,Healthy,lyria,P0659,288,329
Healthy/lyria__P0003__b0.png,Healthy,lyria,P0003,112,293
Healthy/lyria__P0581__b1.png,Healthy,lyria,P0581,82,325
Healthy/lyria__P0711__b6.png,Healthy,lyria,P0711,98,320
Healthy/lyria__P0405__b2.png,Healthy,lyria,P0405,122,259
Healthy/lyria__P0639__b17.png,Healthy,lyria,P0639,336,343
Healthy/lyria__P0772__b1.png,Healthy,lyria,P0772,132,299
Healthy/lyria__P0177__b4.png,Healthy,lyria,P0177,101,378
Healthy/lyria__P0356__b2.png,Healthy,lyria,P0356,117,299
Healthy/lyria__P0569__b2.png,Healthy,lyria,P0569,96,361
Healthy/lyria__P0431__b2.png,Healthy,lyria,P0431,95,268
Healthy/lyria__P0139__b1.png,Healthy,lyria,P0139,102,244
Healthy/lyria__P0688__b9.png,Healthy,lyria,P0688,142,283
Healthy/lyria__P0731__b10.png,Healthy,lyria,P0731,51,168
Healthy/lyria__P0338__b7.png,Healthy,lyria,P0338,175,276
Healthy/lyria__P0126__b1.png,Healthy,lyria,P0126,73,309
Healthy/lyria__P0513__b21.png,Healthy,lyria,P0513,298,386
Healthy/lyria__P0434__b12.png,Healthy,lyria,P0434,160,352
Healthy/lyria__P0007__b0.png,Healthy,lyria,P0007,57,251
Healthy/lyria__P0533__b7.png,Healthy,lyria,P0533,178,343
Healthy/lyria__P0571__b9.png,Healthy,lyria,P0571,117,281
Healthy/lyria__P0644__b5.png,Healthy,lyria,P0644,98,315
Healthy/lyria__P0463__b10.png,Healthy,lyria,P0463,100,331
Healthy/lyria__P0304__b0.png,Healthy,lyria,P0304,79,280
Healthy/lyria__P0512__b13.png,Healthy,lyria,P0512,289,381
Healthy/lyria__P0319__b4.png,Healthy,lyria,P0319,79,248
Healthy/lyria__P0388__b7.png,Healthy,lyria,P0388,86,301
Healthy/lyria__P0128__b7.png,Healthy,lyria,P0128,104,367
Healthy/lyria__P0638__b20.png,Healthy,lyria,P0638,246,342
Healthy/lyria__P0753__b6.png,Healthy,lyria,P0753,126,285
Healthy/lyria__P0493__b29.png,Healthy,lyria,P0493,220,274
Healthy/lyria__P0722__b8.png,Healthy,lyria,P0722,275,284
Healthy/lyria__P0342__b1.png,Healthy,lyria,P0342,100,386
Healthy/lyria__P0306__b3.png,Healthy,lyria,P0306,147,348
Healthy/lyria__P0511__b7.png,Healthy,lyria,P0511,137,279
Healthy/lyria__P0294__b6.png,Healthy,lyria,P0294,98,300
Healthy/lyria__P0597__b9.png,Healthy,lyria,P0597,171,300
Healthy/lyria__P0339__b5.png,Healthy,lyria,P0339,78,324
Healthy/lyria__P0730__b15.png,Healthy,lyria,P0730,106,313
Healthy/lyria__P0636__b12.png,Healthy,lyria,P0636,81,295
Healthy/lyria__P0806__b4.png,Healthy,lyria,P0806,73,280
Healthy/lyria__P0016__b7.png,Healthy,lyria,P0016,75,272
Healthy/lyria__P0573__b1.png,Healthy,lyria,P0573,127,240
Healthy/lyria__P0143__b1.png,Healthy,lyria,P0143,104,328
Healthy/lyria__P0524__b0.png,Healthy,lyria,P0524,179,302
Healthy/lyria__P0656__b11.png,Healthy,lyria,P0656,67,256
Healthy/lyria__P0009__b5.png,Healthy,lyria,P0009,125,315
Healthy/lyria__P0180__b12.png,Healthy,lyria,P0180,109,343
Healthy/lyria__P0274__b3.png,Healthy,lyria,P0274,71,299
Healthy/lyria__P0743__b1.png,Healthy,lyria,P0743,64,254
Healthy/lyria__P0694__b9.png,Healthy,lyria,P0694,78,309
Healthy/lyria__P0607__b21.png,Healthy,lyria,P0607,262,305
Healthy/lyria__P0157__b2.png,Healthy,lyria,P0157,89,296
Healthy/lyria__P0801__b1.png,Healthy,lyria,P0801,347,285
Healthy/lyria__P0605__b1.png,Healthy,lyria,P0605,77,284
Healthy/lyria__P0194__b10.png,Healthy,lyria,P0194,122,306
Healthy/lyria__P0808__b6.png,Healthy,lyria,P0808,71,286
Healthy/lyria__P0441__b3.png,Healthy,lyria,P0441,81,294
Healthy/lyria__P0408__b3.png,Healthy,lyria,P0408,127,323
Healthy/lyria__P0664__b1.png,Healthy,lyria,P0664,133,286
Healthy/lyria__P0330__b2.png,Healthy,lyria,P0330,127,303
Healthy/lyria__P0545__b0.png,Healthy,lyria,P0545,85,344
Healthy/lyria__P0363__b8.png,Healthy,lyria,P0363,131,384
Healthy/lyria__P0074__b1.png,Healthy,lyria,P0074,97,319
Healthy/lyria__P0195__b9.png,Healthy,lyria,P0195,105,331
Healthy/lyria__P0020__b6.png,Healthy,lyria,P0020,81,308
Healthy/lyria__P0248__b0.png,Healthy,lyria,P0248,98,284
Healthy/lyria__P0233__b2.png,Healthy,lyria,P0233,85,281
Healthy/lyria__P0291__b6.png,Healthy,lyria,P0291,109,334
Healthy/lyria__P0585__b17.png,Healthy,lyria,P0585,139,335
Healthy/lyria__P0104__b2.png,Healthy,lyria,P0104,98,306
Healthy/lyria__P0110__b1.png,Healthy,lyria,P0110,165,312
Healthy/lyria__P0685__b5.png,Healthy,lyria,P0685,62,246
Healthy/lyria__P0040__b12.png,Healthy,lyria,P0040,153,293
Healthy/lyria__P0551__b0.png,Healthy,lyria,P0551,85,307
Healthy/lyria__P0087__b15.png,Healthy,lyria,P0087,283,392
Healthy/lyria__P0340__b0.png,Healthy,lyria,P0340,299,354
Healthy/lyria__P0369__b10.png,Healthy,lyria,P0369,80,311
Healthy/lyria__P0385__b17.png,Healthy,lyria,P0385,154,303
Healthy/lyria__P0612__b5.png,Healthy,lyria,P0612,98,282
Healthy/lyria__P0035__b3.png,Healthy,lyria,P0035,57,238
Healthy/lyria__P0222__b1.png,Healthy,lyria,P0222,286,365
Healthy/lyria__P0257__b0.png,Healthy,lyria,P0257,101,342
Healthy/lyria__P0497__b7.png,Healthy,lyria,P0497,87,313
Healthy/lyria__P0367__b0.png,Healthy,lyria,P0367,154,298
Healthy/lyria__P0674__b5.png,Healthy,lyria,P0674,112,373
Healthy/lyria__P0127__b17.png,Healthy,lyria,P0127,277,364
Healthy/lyria__P0687__b4.png,Healthy,lyria,P0687,41,154
Healthy/lyria__P0099__b6.png,Healthy,lyria,P0099,83,280
Healthy/lyria__P0192__b16.png,Healthy,lyria,P0192,154,353
Healthy/lyria__P0119__b5.png,Healthy,lyria,P0119,76,255
Healthy/lyria__P0026__b6.png,Healthy,lyria,P0026,69,271
Healthy/lyria__P0181__b6.png,Healthy,lyria,P0181,97,332
Healthy/lyria__P0290__b2.png,Healthy,lyria,P0290,112,369
Healthy/lyria__P0504__b12.png,Healthy,lyria,P0504,243,344
Healthy/lyria__P0727__b4.png,Healthy,lyria,P0727,96,373
Healthy/lyria__P0742__b27.png,Healthy,lyria,P0742,287,358
Healthy/lyria__P0436__b3.png,Healthy,lyria,P0436,101,321
Healthy/lyria__P0728__b1.png,Healthy,lyria,P0728,105,342
Healthy/lyria__P0173__b0.png,Healthy,lyria,P0173,265,367
Healthy/lyria__P0708__b0.png,Healthy,lyria,P0708,77,298
Healthy/lyria__P0151__b7.png,Healthy,lyria,P0151,179,373
Healthy/lyria__P0277__b5.png,Healthy,lyria,P0277,82,238
Healthy/lyria__P0264__b14.png,Healthy,lyria,P0264,173,281
Healthy/lyria__P0098__b2.png,Healthy,lyria,P0098,265,317
Healthy/lyria__P0495__b10.png,Healthy,lyria,P0495,108,350
Healthy/lyria__P0010__b6.png,Healthy,lyria,P0010,77,244
Healthy/lyria__P0786__b8.png,Healthy,lyria,P0786,99,334
Healthy/lyria__P0147__b10.png,Healthy,lyria,P0147,115,328
Healthy/lyria__P0595__b5.png,Healthy,lyria,P0595,73,332
Healthy/lyria__P0762__b4.png,Healthy,lyria,P0762,121,256
Healthy/lyria__P0383__b11.png,Healthy,lyria,P0383,111,294
Healthy/lyria__P0734__b6.png,Healthy,lyria,P0734,135,299
Healthy/lyria__P0108__b2.png,Healthy,lyria,P0108,106,262
Healthy/lyria__P0712__b2.png,Healthy,lyria,P0712,80,263
Healthy/lyria__P0211__b1.png,Healthy,lyria,P0211,80,292
Healthy/lyria__P0114__b15.png,Healthy,lyria,P0114,83,283
Healthy/lyria__P0258__b0.png,Healthy,lyria,P0258,148,292
Healthy/lyria__P0081__b12.png,Healthy,lyria,P0081,76,250
Healthy/lyria__P0738__b11.png,Healthy,lyria,P0738,124,285
Healthy/lyria__P0155__b14.png,Healthy,lyria,P0155,130,363
Healthy/lyria__P0642__b3.png,Healthy,lyria,P0642,158,345
Healthy/lyria__P0357__b0.png,Healthy,lyria,P0357,148,256
Healthy/lyria__P0364__b11.png,Healthy,lyria,P0364,152,289
Healthy/lyria__P0460__b8.png,Healthy,lyria,P0460,100,327
Healthy/lyria__P0191__b3.png,Healthy,lyria,P0191,192,346
Healthy/lyria__P0368__b9.png,Healthy,lyria,P0368,146,291
Healthy/lyria__P0084__b2.png,Healthy,lyria,P0084,208,246
Healthy/lyria__P0373__b2.png,Healthy,lyria,P0373,79,358
Healthy/lyria__P0725__b1.png,Healthy,lyria,P0725,90,319
Healthy/lyria__P0310__b0.png,Healthy,lyria,P0310,79,261
Healthy/lyria__P0302__b2.png,Healthy,lyria,P0302,115,269
Healthy/lyria__P0203__b8.png,Healthy,lyria,P0203,86,298
Healthy/lyria__P0008__b6.png,Healthy,lyria,P0008,53,218
Healthy/lyria__P0682__b11.png,Healthy,lyria,P0682,91,290
Healthy/lyria__P0474__b3.png,Healthy,lyria,P0474,88,359
Healthy/lyria__P0354__b0.png,Healthy,lyria,P0354,135,281
Healthy/lyria__P0439__b0.png,Healthy,lyria,P0439,165,340
Healthy/lyria__P0080__b12.png,Healthy,lyria,P0080,195,353
Healthy/lyria__P0795__b27.png,Healthy,lyria,P0795,312,325
Healthy/lyria__P0164__b1.png,Healthy,lyria,P0164,79,292
Healthy/lyria__P0750__b11.png,Healthy,lyria,P0750,56,256
Healthy/lyria__P0663__b2.png,Healthy,lyria,P0663,123,284
Healthy/lyria__P0457__b3.png,Healthy,lyria,P0457,69,286
Healthy/lyria__P0175__b17.png,Healthy,lyria,P0175,239,336
Healthy/lyria__P0478__b11.png,Healthy,lyria,P0478,137,299
Healthy/lyria__P0537__b11.png,Healthy,lyria,P0537,73,315
Healthy/lyria__P0558__b5.png,Healthy,lyria,P0558,73,336
Healthy/lyria__P0254__b1.png,Healthy,lyria,P0254,236,348
Healthy/lyria__P0590__b18.png,Healthy,lyria,P0590,262,359
Healthy/lyria__P0462__b19.png,Healthy,lyria,P0462,89,290
Healthy/lyria__P0798__b0.png,Healthy,lyria,P0798,79,294
Healthy/lyria__P0219__b2.png,Healthy,lyria,P0219,73,300
Healthy/lyria__P0206__b6.png,Healthy,lyria,P0206,77,296
Healthy/lyria__P0398__b5.png,Healthy,lyria,P0398,162,318
Healthy/lyria__P0120__b17.png,Healthy,lyria,P0120,110,178
Healthy/lyria__P0231__b6.png,Healthy,lyria,P0231,89,353
Healthy/lyria__P0039__b5.png,Healthy,lyria,P0039,101,331
Healthy/lyria__P0316__b0.png,Healthy,lyria,P0316,192,309
Healthy/lyria__P0739__b6.png,Healthy,lyria,P0739,59,246
Healthy/lyria__P0240__b3.png,Healthy,lyria,P0240,117,356
Healthy/lyria__P0267__b1.png,Healthy,lyria,P0267,75,240
Healthy/lyria__P0446__b11.png,Healthy,lyria,P0446,112,307
Healthy/lyria__P0661__b0.png,Healthy,lyria,P0661,92,301
Healthy/lyria__P0580__b0.png,Healthy,lyria,P0580,153,298
Healthy/lyria__P0387__b9.png,Healthy,lyria,P0387,125,379
Healthy/lyria__P0142__b4.png,Healthy,lyria,P0142,226,371
Healthy/lyria__P0004__b1.png,Healthy,lyria,P0004,59,244
Healthy/lyria__P0249__b2.png,Healthy,lyria,P0249,71,298
Healthy/lyria__P0592__b5.png,Healthy,lyria,P0592,94,350
Healthy/lyria__P0160__b0.png,Healthy,lyria,P0160,123,396
Healthy/lyria__P0528__b16.png,Healthy,lyria,P0528,94,317
Healthy/lyria__P0690__b2.png,Healthy,lyria,P0690,77,251
Healthy/lyria__P0424__b7.png,Healthy,lyria,P0424,149,308
Healthy/lyria__P0090__b27.png,Healthy,lyria,P0090,253,324
Healthy/lyria__P0769__b2.png,Healthy,lyria,P0769,85,302
Healthy/lyria__P0721__b18.png,Healthy,lyria,P0721,88,257
Healthy/lyria__P0701__b4.png,Healthy,lyria,P0701,113,313
Healthy/lyria__P0481__b20.png,Healthy,lyria,P0481,273,344
Healthy/lyria__P0261__b2.png,Healthy,lyria,P0261,82,289
Healthy/lyria__P0755__b0.png,Healthy,lyria,P0755,85,278
Healthy/lyria__P0677__b5.png,Healthy,lyria,P0677,100,303
Healthy/lyria__P0129__b7.png,Healthy,lyria,P0129,121,425
Healthy/lyria__P0182__b14.png,Healthy,lyria,P0182,311,344
Healthy/lyria__P0673__b12.png,Healthy,lyria,P0673,73,244
Healthy/lyria__P0516__b17.png,Healthy,lyria,P0516,104,301
Healthy/lyria__P0593__b7.png,Healthy,lyria,P0593,69,254
Healthy/lyria__P0482__b8.png,Healthy,lyria,P0482,79,287
Healthy/lyria__P0055__b19.png,Healthy,lyria,P0055,79,269
Healthy/lyria__P0401__b6.png,Healthy,lyria,P0401,73,306
Healthy/lyria__P0529__b1.png,Healthy,lyria,P0529,96,321
Healthy/lyria__P0037__b4.png,Healthy,lyria,P0037,154,265
Healthy/lyria__P0760__b2.png,Healthy,lyria,P0760,69,263
Healthy/lyria__P0082__b0.png,Healthy,lyria,P0082,100,283
Healthy/lyria__P0024__b0.png,Healthy,lyria,P0024,139,284
Healthy/lyria__P0197__b13.png,Healthy,lyria,P0197,109,323
Healthy/lyria__P0093__b3.png,Healthy,lyria,P0093,188,352
Healthy/lyria__P0115__b4.png,Healthy,lyria,P0115,94,369
Healthy/lyria__P0650__b7.png,Healthy,lyria,P0650,127,205
Healthy/lyria__P0134__b9.png,Healthy,lyria,P0134,102,331
Healthy/lyria__P0506__b10.png,Healthy,lyria,P0506,102,336
Healthy/lyria__P0241__b0.png,Healthy,lyria,P0241,100,317
Healthy/lyria__P0724__b7.png,Healthy,lyria,P0724,146,267
Healthy/lyria__P0328__b2.png,Healthy,lyria,P0328,113,373
Healthy/lyria__P0483__b4.png,Healthy,lyria,P0483,96,318
Healthy/lyria__P0272__b8.png,Healthy,lyria,P0272,103,292
Healthy/lyria__P0362__b1.png,Healthy,lyria,P0362,100,340
Healthy/lyria__P0066__b2.png,Healthy,lyria,P0066,73,325
Healthy/lyria__P0390__b22.png,Healthy,lyria,P0390,98,319
Healthy/lyria__P0714__b4.png,Healthy,lyria,P0714,151,286
Healthy/lyria__P0717__b2.png,Healthy,lyria,P0717,107,298
Healthy/lyria__P0414__b1.png,Healthy,lyria,P0414,174,367
Healthy/lyria__P0232__b3.png,Healthy,lyria,P0232,75,277
Healthy/lyria__P0539__b3.png,Healthy,lyria,P0539,73,300
Healthy/lyria__P0686__b6.png,Healthy,lyria,P0686,88,277
Healthy/lyria__P0041__b1.png,Healthy,lyria,P0041,81,329
Healthy/lyria__P0647__b5.png,Healthy,lyria,P0647,132,283
Healthy/lyria__P0681__b11.png,Healthy,lyria,P0681,58,214
Healthy/lyria__P0225__b3.png,Healthy,lyria,P0225,83,302
Healthy/lyria__P0521__b7.png,Healthy,lyria,P0521,157,268
Healthy/lyria__P0112__b2.png,Healthy,lyria,P0112,133,337
Healthy/lyria__P0171__b2.png,Healthy,lyria,P0171,112,320
Healthy/lyria__P0295__b3.png,Healthy,lyria,P0295,67,219
Healthy/lyria__P0510__b0.png,Healthy,lyria,P0510,67,240
Healthy/lyria__P0348__b2.png,Healthy,lyria,P0348,84,301
Healthy/lyria__P0113__b15.png,Healthy,lyria,P0113,102,320
Healthy/lyria__P0433__b9.png,Healthy,lyria,P0433,106,279
Healthy/lyria__P0454__b11.png,Healthy,lyria,P0454,119,384
Healthy/lyria__P0550__b0.png,Healthy,lyria,P0550,88,275
Healthy/lyria__P0751__b9.png,Healthy,lyria,P0751,81,260
Healthy/lyria__P0678__b0.png,Healthy,lyria,P0678,86,290
Healthy/lyria__P0326__b17.png,Healthy,lyria,P0326,87,321
Healthy/lyria__P0629__b4.png,Healthy,lyria,P0629,54,294
Healthy/lyria__P0464__b7.png,Healthy,lyria,P0464,90,334
Healthy/lyria__P0058__b3.png,Healthy,lyria,P0058,71,274
Healthy/lyria__P0566__b2.png,Healthy,lyria,P0566,87,344
Healthy/lyria__P0486__b15.png,Healthy,lyria,P0486,83,331
Healthy/lyria__P0305__b0.png,Healthy,lyria,P0305,102,342
Healthy/lyria__P0505__b3.png,Healthy,lyria,P0505,84,298
Healthy/lyria__P0280__b1.png,Healthy,lyria,P0280,102,301
Healthy/lyria__P0135__b2.png,Healthy,lyria,P0135,105,320
Healthy/lyria__P0314__b5.png,Healthy,lyria,P0314,134,349
Healthy/lyria__P0265__b22.png,Healthy,lyria,P0265,270,378
Healthy/lyria__P0239__b6.png,Healthy,lyria,P0239,75,307
Healthy/lyria__P0404__b8.png,Healthy,lyria,P0404,197,315
Healthy/lyria__P0140__b0.png,Healthy,lyria,P0140,146,273
Healthy/lyria__P0651__b7.png,Healthy,lyria,P0651,62,245
Healthy/lyria__P0649__b15.png,Healthy,lyria,P0649,191,305
Healthy/lyria__P0287__b5.png,Healthy,lyria,P0287,84,311
Healthy/lyria__P0560__b1.png,Healthy,lyria,P0560,85,282
Healthy/lyria__P0397__b23.png,Healthy,lyria,P0397,143,340
Healthy/lyria__P0492__b7.png,Healthy,lyria,P0492,87,302
Healthy/lyria__P0360__b1.png,Healthy,lyria,P0360,121,302
Healthy/lyria__P0770__b3.png,Healthy,lyria,P0770,73,271
Healthy/lyria__P0300__b23.png,Healthy,lyria,P0300,304,385
Healthy/lyria__P0587__b12.png,Healthy,lyria,P0587,104,355
Healthy/lyria__P0396__b15.png,Healthy,lyria,P0396,269,291
Healthy/lyria__P0746__b1.png,Healthy,lyria,P0746,97,255
Healthy/lyria__P0695__b4.png,Healthy,lyria,P0695,80,322
Healthy/lyria__P0427__b2.png,Healthy,lyria,P0427,94,333
Healthy/lyria__P0706__b1.png,Healthy,lyria,P0706,80,283
Healthy/lyria__P0799__b6.png,Healthy,lyria,P0799,73,242
Healthy/lyria__P0105__b5.png,Healthy,lyria,P0105,113,381
Healthy/lyria__P0805__b6.png,Healthy,lyria,P0805,146,293
Healthy/lyria__P0230__b3.png,Healthy,lyria,P0230,73,284
Healthy/lyria__P0005__b1.png,Healthy,lyria,P0005,69,228
Healthy/lyria__P0121__b7.png,Healthy,lyria,P0121,94,201
Healthy/lyria__P0166__b4.png,Healthy,lyria,P0166,153,321
Healthy/lyria__P0167__b8.png,Healthy,lyria,P0167,94,361
Healthy/lyria__P0761__b1.png,Healthy,lyria,P0761,94,340
Healthy/lyria__P0665__b12.png,Healthy,lyria,P0665,214,312
Healthy/lyria__P0260__b9.png,Healthy,lyria,P0260,85,234
Healthy/lyria__P0756__b3.png,Healthy,lyria,P0756,77,346
Healthy/lyria__P0614__b7.png,Healthy,lyria,P0614,98,333
Healthy/lyria__P0091__b4.png,Healthy,lyria,P0091,227,348
Healthy/lyria__P0586__b16.png,Healthy,lyria,P0586,171,350
Healthy/lyria__P0507__b10.png,Healthy,lyria,P0507,103,324
Healthy/lyria__P0052__b5.png,Healthy,lyria,P0052,81,232
Healthy/lyria__P0496__b26.png,Healthy,lyria,P0496,91,303
Healthy/lyria__P0034__b5.png,Healthy,lyria,P0034,72,276
Healthy/lyria__P0475__b9.png,Healthy,lyria,P0475,102,312
Healthy/lyria__P0562__b10.png,Healthy,lyria,P0562,213,420
Healthy/lyria__P0327__b11.png,Healthy,lyria,P0327,110,292
Healthy/lyria__P0542__b20.png,Healthy,lyria,P0542,281,362
Healthy/lyria__P0800__b6.png,Healthy,lyria,P0800,71,307
Healthy/lyria__P0255__b16.png,Healthy,lyria,P0255,109,348
Healthy/lyria__P0153__b19.png,Healthy,lyria,P0153,110,374
Healthy/lyria__P0318__b12.png,Healthy,lyria,P0318,200,299
Healthy/lyria__P0804__b1.png,Healthy,lyria,P0804,75,286
Healthy/lyria__P0552__b1.png,Healthy,lyria,P0552,56,240
Healthy/lyria__P0613__b5.png,Healthy,lyria,P0613,87,298
Healthy/lyria__P0174__b0.png,Healthy,lyria,P0174,136,355
Healthy/lyria__P0312__b2.png,Healthy,lyria,P0312,91,320
Healthy/lyria__P0141__b1.png,Healthy,lyria,P0141,119,310
Healthy/lyria__P0146__b9.png,Healthy,lyria,P0146,66,252
Healthy/lyria__P0703__b1.png,Healthy,lyria,P0703,107,269
Healthy/lyria__P0019__b4.png,Healthy,lyria,P0019,56,271
Healthy/lyria__P0062__b14.png,Healthy,lyria,P0062,107,317
Healthy/lyria__P0498__b23.png,Healthy,lyria,P0498,112,315
Healthy/lyria__P0485__b11.png,Healthy,lyria,P0485,98,350
Healthy/lyria__P0791__b24.png,Healthy,lyria,P0791,141,301
Healthy/lyria__P0202__b0.png,Healthy,lyria,P0202,107,284
Healthy/lyria__P0170__b1.png,Healthy,lyria,P0170,77,313
Healthy/lyria__P0075__b4.png,Healthy,lyria,P0075,95,321
Healthy/lyria__P0252__b5.png,Healthy,lyria,P0252,153,365
Healthy/lyria__P0350__b3.png,Healthy,lyria,P0350,69,253
Healthy/lyria__P0094__b1.png,Healthy,lyria,P0094,137,246
Healthy/lyria__P0049__b2.png,Healthy,lyria,P0049,81,283
Healthy/lyria__P0063__b7.png,Healthy,lyria,P0063,111,339
Healthy/lyria__P0179__b3.png,Healthy,lyria,P0179,146,368
Healthy/lyria__P0466__b26.png,Healthy,lyria,P0466,150,338
Healthy/lyria__P0377__b12.png,Healthy,lyria,P0377,87,285
Healthy/lyria__P0782__b6.png,Healthy,lyria,P0782,104,324
Healthy/lyria__P0057__b3.png,Healthy,lyria,P0057,86,335
Healthy/lyria__P0473__b15.png,Healthy,lyria,P0473,160,289
Healthy/lyria__P0534__b22.png,Healthy,lyria,P0534,243,325
Healthy/lyria__P0785__b6.png,Healthy,lyria,P0785,188,274
Healthy/lyria__P0741__b3.png,Healthy,lyria,P0741,81,315
Healthy/lyria__P0088__b1.png,Healthy,lyria,P0088,148,290
Healthy/lyria__P0156__b10.png,Healthy,lyria,P0156,106,296
Healthy/lyria__P0425__b22.png,Healthy,lyria,P0425,222,341
Healthy/lyria__P0276__b0.png,Healthy,lyria,P0276,88,242
Healthy/lyria__P0124__b10.png,Healthy,lyria,P0124,107,285
Healthy/lyria__P0282__b8.png,Healthy,lyria,P0282,75,287
Healthy/lyria__P0448__b8.png,Healthy,lyria,P0448,86,334
Healthy/lyria__P0692__b1.png,Healthy,lyria,P0692,110,321
Healthy/lyria__P0491__b1.png,Healthy,lyria,P0491,85,280
Healthy/lyria__P0458__b22.png,Healthy,lyria,P0458,82,278
Healthy/lyria__P0161__b0.png,Healthy,lyria,P0161,69,300
Healthy/lyria__P0028__b21.png,Healthy,lyria,P0028,110,326
Healthy/lyria__P0502__b20.png,Healthy,lyria,P0502,263,323
Healthy/lyria__P0399__b0.png,Healthy,lyria,P0399,117,328
Healthy/lyria__P0568__b2.png,Healthy,lyria,P0568,94,290
Healthy/lyria__P0669__b21.png,Healthy,lyria,P0669,337,344
Healthy/lyria__P0159__b8.png,Healthy,lyria,P0159,84,298
Healthy/lyria__P0322__b0.png,Healthy,lyria,P0322,142,284
Healthy/lyria__P0790__b12.png,Healthy,lyria,P0790,135,317
Healthy/lyria__P0438__b3.png,Healthy,lyria,P0438,77,283
Healthy/lyria__P0023__b3.png,Healthy,lyria,P0023,50,250
Healthy/lyria__P0394__b21.png,Healthy,lyria,P0394,125,386
Healthy/lyria__P0488__b18.png,Healthy,lyria,P0488,97,367
Healthy/lyria__P0374__b12.png,Healthy,lyria,P0374,368,371
Healthy/lyria__P0189__b2.png,Healthy,lyria,P0189,104,321
Healthy/lyria__P0002__b0.png,Healthy,lyria,P0002,173,248
Healthy/lyria__P0484__b25.png,Healthy,lyria,P0484,170,315
Healthy/lyria__P0549__b24.png,Healthy,lyria,P0549,233,338
Healthy/lyria__P0187__b2.png,Healthy,lyria,P0187,209,373
Healthy/lyria__P0648__b7.png,Healthy,lyria,P0648,181,298
Healthy/lyria__P0532__b1.png,Healthy,lyria,P0532,93,289
Healthy/lyria__P0162__b7.png,Healthy,lyria,P0162,82,292
Healthy/lyria__P0011__b0.png,Healthy,lyria,P0011,120,373
Healthy/lyria__P0054__b1.png,Healthy,lyria,P0054,89,267
Healthy/lyria__P0278__b6.png,Healthy,lyria,P0278,177,282
Healthy/lyria__P0125__b1.png,Healthy,lyria,P0125,260,408
Healthy/lyria__P0045__b2.png,Healthy,lyria,P0045,121,344
Healthy/lyria__P0700__b0.png,Healthy,lyria,P0700,92,298
Implant/dentex__1.png,Implant,dentex,dentex_1,150,319
Implant/dentex__10.png,Implant,dentex,dentex_10,88,153
Implant/dentex__100.png,Implant,dentex,dentex_100,84,150
Implant/dentex__101.png,Implant,dentex,dentex_101,58,150
Implant/dentex__102.png,Implant,dentex,dentex_102,76,158
Implant/dentex__103.png,Implant,dentex,dentex_103,54,162
Implant/dentex__104.png,Implant,dentex,dentex_104,66,167
Implant/dentex__105.png,Implant,dentex,dentex_105,85,151
Implant/dentex__106.png,Implant,dentex,dentex_106,101,153
Implant/dentex__107.png,Implant,dentex,dentex_107,82,145
Implant/dentex__108.png,Implant,dentex,dentex_108,92,145
Implant/dentex__109.png,Implant,dentex,dentex_109,69,145
Implant/dentex__11.png,Implant,dentex,dentex_11,109,133
Implant/dentex__110.png,Implant,dentex,dentex_110,76,155
Implant/dentex__111.png,Implant,dentex,dentex_111,76,173
Implant/dentex__112.png,Implant,dentex,dentex_112,62,157
Implant/dentex__113.png,Implant,dentex,dentex_113,81,164
Implant/dentex__114.png,Implant,dentex,dentex_114,80,163
Implant/dentex__115.png,Implant,dentex,dentex_115,128,181
Implant/dentex__116.png,Implant,dentex,dentex_116,81,134
Implant/dentex__117.png,Implant,dentex,dentex_117,85,144
Implant/dentex__118.png,Implant,dentex,dentex_118,87,153
Implant/dentex__119.png,Implant,dentex,dentex_119,87,153
Implant/dentex__12.png,Implant,dentex,dentex_12,113,142
Implant/dentex__120.png,Implant,dentex,dentex_120,87,158
Implant/dentex__121.png,Implant,dentex,dentex_121,87,158
Implant/dentex__124.png,Implant,dentex,dentex_124,95,198
Implant/dentex__125.png,Implant,dentex,dentex_125,79,172
Implant/dentex__126.png,Implant,dentex,dentex_126,57,185
Implant/dentex__127.png,Implant,dentex,dentex_127,65,192
Implant/dentex__128.png,Implant,dentex,dentex_128,92,164
Implant/dentex__129.png,Implant,dentex,dentex_129,66,201
Implant/dentex__13.png,Implant,dentex,dentex_13,95,170
Implant/dentex__130.png,Implant,dentex,dentex_130,68,191
Implant/dentex__133.png,Implant,dentex,dentex_133,88,178
Implant/dentex__134.png,Implant,dentex,dentex_134,71,192
Implant/dentex__135.png,Implant,dentex,dentex_135,71,206
Implant/dentex__136.png,Implant,dentex,dentex_136,74,198
Implant/dentex__137.png,Implant,dentex,dentex_137,74,198
Implant/dentex__138.png,Implant,dentex,dentex_138,60,195
Implant/dentex__139.png,Implant,dentex,dentex_139,76,202
Implant/dentex__14.png,Implant,dentex,dentex_14,79,141
Implant/dentex__140.png,Implant,dentex,dentex_140,80,217
Implant/dentex__141.png,Implant,dentex,dentex_141,72,172
Implant/dentex__142.png,Implant,dentex,dentex_142,64,164
Implant/dentex__143.png,Implant,dentex,dentex_143,64,191
Implant/dentex__144.png,Implant,dentex,dentex_144,58,181
Implant/dentex__145.png,Implant,dentex,dentex_145,83,181
Implant/dentex__146.png,Implant,dentex,dentex_146,84,192
Implant/dentex__147.png,Implant,dentex,dentex_147,80,193
Implant/dentex__148.png,Implant,dentex,dentex_148,75,177
Implant/dentex__149.png,Implant,dentex,dentex_149,86,170
Implant/dentex__150.png,Implant,dentex,dentex_150,83,150
Implant/dentex__151.png,Implant,dentex,dentex_151,71,162
Implant/dentex__152.png,Implant,dentex,dentex_152,78,172
Implant/dentex__153.png,Implant,dentex,dentex_153,75,184
Implant/dentex__154.png,Implant,dentex,dentex_154,66,186
Implant/dentex__155.png,Implant,dentex,dentex_155,64,181
Implant/dentex__156.png,Implant,dentex,dentex_156,79,201
Implant/dentex__157.png,Implant,dentex,dentex_157,68,207
Implant/dentex__158.png,Implant,dentex,dentex_158,69,191
Implant/dentex__159.png,Implant,dentex,dentex_159,79,196
Implant/dentex__160.png,Implant,dentex,dentex_160,69,159
Implant/dentex__161.png,Implant,dentex,dentex_161,101,159
Implant/dentex__162.png,Implant,dentex,dentex_162,62,191
Implant/dentex__163.png,Implant,dentex,dentex_163,48,191
Implant/dentex__164.png,Implant,dentex,dentex_164,60,194
Implant/dentex__165.png,Implant,dentex,dentex_165,64,178
Implant/dentex__166.png,Implant,dentex,dentex_166,62,174
Implant/dentex__167.png,Implant,dentex,dentex_167,52,161
Implant/dentex__168.png,Implant,dentex,dentex_168,52,161
Implant/dentex__169.png,Implant,dentex,dentex_169,52,161
Implant/dentex__170.png,Implant,dentex,dentex_170,52,161
Implant/dentex__18.png,Implant,dentex,dentex_18,71,173
Implant/dentex__19.png,Implant,dentex,dentex_19,95,128
Implant/dentex__2.png,Implant,dentex,dentex_2,148,282
Implant/dentex__22.png,Implant,dentex,dentex_22,196,234
Implant/dentex__23.png,Implant,dentex,dentex_23,208,255
Implant/dentex__24.png,Implant,dentex,dentex_24,121,294
Implant/dentex__25.png,Implant,dentex,dentex_25,138,267
Implant/dentex__26.png,Implant,dentex,dentex_26,142,248
Implant/dentex__27.png,Implant,dentex,dentex_27,93,238
Implant/dentex__29.png,Implant,dentex,dentex_29,184,312
Implant/dentex__3.png,Implant,dentex,dentex_3,181,314
Implant/dentex__33.png,Implant,dentex,dentex_33,95,156
Implant/dentex__34.png,Implant,dentex,dentex_34,90,162
Implant/dentex__35.png,Implant,dentex,dentex_35,72,188
Implant/dentex__36.png,Implant,dentex,dentex_36,78,176
Implant/dentex__37.png,Implant,dentex,dentex_37,78,184
Implant/dentex__38.png,Implant,dentex,dentex_38,79,165
Implant/dentex__39.png,Implant,dentex,dentex_39,104,189
Implant/dentex__40.png,Implant,dentex,dentex_40,70,214
Implant/dentex__42.png,Implant,dentex,dentex_42,85,187
Implant/dentex__43.png,Implant,dentex,dentex_43,87,201
Implant/dentex__45.png,Implant,dentex,dentex_45,88,158
Implant/dentex__46.png,Implant,dentex,dentex_46,73,154
Implant/dentex__47.png,Implant,dentex,dentex_47,151,311
Implant/dentex__49.png,Implant,dentex,dentex_49,70,156
Implant/dentex__5.png,Implant,dentex,dentex_5,169,248
Implant/dentex__50.png,Implant,dentex,dentex_50,70,156
Implant/dentex__51.png,Implant,dentex,dentex_51,96,177
Implant/dentex__52.png,Implant,dentex,dentex_52,63,140
Implant/dentex__53.png,Implant,dentex,dentex_53,65,182
Implant/dentex__54.png,Implant,dentex,dentex_54,93,137
Implant/dentex__55.png,Implant,dentex,dentex_55,62,212
Implant/dentex__56.png,Implant,dentex,dentex_56,56,213
Implant/dentex__57.png,Implant,dentex,dentex_57,87,141
Implant/dentex__58.png,Implant,dentex,dentex_58,82,157
Implant/dentex__59.png,Implant,dentex,dentex_59,80,139
Implant/dentex__6.png,Implant,dentex,dentex_6,180,253
Implant/dentex__60.png,Implant,dentex,dentex_60,80,147
Implant/dentex__61.png,Implant,dentex,dentex_61,77,157
Implant/dentex__63.png,Implant,dentex,dentex_63,88,173
Implant/dentex__64.png,Implant,dentex,dentex_64,72,181
Implant/dentex__66.png,Implant,dentex,dentex_66,75,178
Implant/dentex__67.png,Implant,dentex,dentex_67,69,178
Implant/dentex__69.png,Implant,dentex,dentex_69,166,228
Implant/dentex__7.png,Implant,dentex,dentex_7,104,241
Implant/dentex__70.png,Implant,dentex,dentex_70,138,214
Implant/dentex__71.png,Implant,dentex,dentex_71,97,194
Implant/dentex__72.png,Implant,dentex,dentex_72,97,194
Implant/dentex__73.png,Implant,dentex,dentex_73,80,170
Implant/dentex__74.png,Implant,dentex,dentex_74,91,181
Implant/dentex__75.png,Implant,dentex,dentex_75,90,166
Implant/dentex__76.png,Implant,dentex,dentex_76,77,152
Implant/dentex__77.png,Implant,dentex,dentex_77,95,186
Implant/dentex__78.png,Implant,dentex,dentex_78,76,191
Implant/dentex__79.png,Implant,dentex,dentex_79,81,217
Implant/dentex__8.png,Implant,dentex,dentex_8,91,256
Implant/dentex__80.png,Implant,dentex,dentex_80,86,162
Implant/dentex__81.png,Implant,dentex,dentex_81,83,166
Implant/dentex__82.png,Implant,dentex,dentex_82,78,220
Implant/dentex__83.png,Implant,dentex,dentex_83,79,215
Implant/dentex__84.png,Implant,dentex,dentex_84,80,173
Implant/dentex__85.png,Implant,dentex,dentex_85,74,151
Implant/dentex__86.png,Implant,dentex,dentex_86,92,156
Implant/dentex__87.png,Implant,dentex,dentex_87,79,152
Implant/dentex__9.png,Implant,dentex,dentex_9,93,250
Implant/dentex__96.png,Implant,dentex,dentex_96,87,142
Implant/dentex__97.png,Implant,dentex,dentex_97,57,145
Implant/dentex__98.png,Implant,dentex,dentex_98,64,191
Implant/dentex__99.png,Implant,dentex,dentex_99,87,172
