patient_id,class,idx,seed,pred,correct,box_iou,mask_area_frac,mass_inside,iou_top20,pointing
P0488,Healthy,13,0,Impacted,0,0.576,0.4085,0.4935,0.2147,1
P0488,Healthy,13,1,Healthy,1,0.576,0.4085,0.5397,0.2211,1
P0488,Healthy,13,2,Healthy,1,0.576,0.4085,0.4248,0.1258,0
P0488,Healthy,18,0,Healthy,1,0.836,0.7268,0.8746,0.2703,1
P0488,Healthy,18,1,Healthy,1,0.836,0.7268,0.8754,0.2711,1
P0488,Healthy,18,2,Healthy,1,0.836,0.7268,0.897,0.2752,1
P0490,Healthy,0,0,Healthy,1,0.559,0.3683,0.4093,0.1601,1
P0490,Healthy,0,1,Healthy,1,0.559,0.3683,0.2417,0.0591,0
P0490,Healthy,0,2,Healthy,1,0.559,0.3683,0.3501,0.1428,0
P0490,Healthy,15,0,Healthy,1,0.715,0.6967,0.9309,0.2841,1
P0490,Healthy,15,1,Healthy,1,0.715,0.6967,0.8888,0.2553,1
P0490,Healthy,15,2,Healthy,1,0.715,0.6967,0.8806,0.2467,1
P0491,Healthy,1,0,Healthy,1,0.802,0.8534,0.9318,0.2038,1
P0491,Healthy,1,1,Healthy,1,0.802,0.8534,0.976,0.2344,1
P0491,Healthy,1,2,Healthy,1,0.802,0.8534,0.9145,0.2344,1
P0491,Healthy,19,0,Healthy,1,0.795,0.8193,0.9709,0.2441,1
P0491,Healthy,19,1,Healthy,1,0.795,0.8193,0.9196,0.2428,1
P0491,Healthy,19,2,Healthy,1,0.795,0.8193,0.9741,0.2441,1
P0492,Healthy,7,0,Healthy,1,0.795,0.7733,0.8944,0.2533,1
P0492,Healthy,7,1,Healthy,1,0.795,0.7733,0.9246,0.2586,1
P0492,Healthy,7,2,Healthy,1,0.795,0.7733,0.958,0.2586,1
P0492,Healthy,14,0,Healthy,1,0.738,0.6138,0.7856,0.3126,1
P0492,Healthy,14,1,Healthy,1,0.738,0.6138,0.7325,0.2313,1
P0492,Healthy,14,2,Healthy,1,0.738,0.6138,0.8257,0.3096,1
P0494,Healthy,6,0,Healthy,1,0.748,0.7345,0.8126,0.215,1
P0494,Healthy,6,1,Healthy,1,0.748,0.7345,0.9581,0.2723,1
P0494,Healthy,6,2,Healthy,1,0.748,0.7345,0.9849,0.2723,1
P0494,Healthy,13,0,Healthy,1,0.906,0.6444,0.7588,0.3053,1
P0494,Healthy,13,1,Healthy,1,0.906,0.6444,0.8485,0.3101,1
P0494,Healthy,13,2,Healthy,1,0.906,0.6444,0.8623,0.3095,1
P0495,Healthy,6,0,Healthy,1,0.84,0.7649,0.9037,0.2615,1
P0495,Healthy,6,1,Healthy,1,0.84,0.7649,0.8718,0.2615,1
P0495,Healthy,6,2,Healthy,1,0.84,0.7649,0.7683,0.202,1
P0495,Healthy,10,0,Healthy,1,0.694,0.6156,0.7026,0.2696,1
P0495,Healthy,10,1,Healthy,1,0.694,0.6156,0.8453,0.3233,1
P0495,Healthy,10,2,Healthy,1,0.694,0.6156,0.7395,0.2828,1
P0051,Endodontics,0,0,Endodontics,1,0.683,0.7555,0.9115,0.2469,1
P0051,Endodontics,0,1,Endodontics,1,0.683,0.7555,0.9275,0.2647,1
P0051,Endodontics,0,2,Endodontics,1,0.683,0.7555,0.8786,0.2647,1
P0051,Endodontics,1,0,Endodontics,1,0.737,0.6557,0.8296,0.2918,1
P0051,Endodontics,1,1,Endodontics,1,0.737,0.6557,0.8298,0.2835,1
P0051,Endodontics,1,2,Endodontics,1,0.737,0.6557,0.7822,0.2629,1
P0051,Endodontics,2,0,Endodontics,1,0.788,0.7057,0.8829,0.2834,1
P0051,Endodontics,2,1,Endodontics,1,0.788,0.7057,0.8635,0.2592,1
P0051,Endodontics,2,2,Endodontics,1,0.788,0.7057,0.8254,0.2819,1
P0051,Endodontics,3,0,Endodontics,1,0.91,0.8656,0.9807,0.2311,1
P0051,Endodontics,3,1,Endodontics,1,0.91,0.8656,0.8891,0.2311,1
P0051,Endodontics,3,2,Endodontics,1,0.91,0.8656,0.9689,0.2311,1
P0051,Endodontics,4,0,Endodontics,1,0.852,0.8508,0.9828,0.2351,1
P0051,Endodontics,4,1,Endodontics,1,0.852,0.8508,0.959,0.2351,1
P0051,Endodontics,4,2,Endodontics,1,0.852,0.8508,0.9389,0.2352,1
P0051,Endodontics,5,0,Endodontics,1,0.778,0.802,0.9253,0.2494,1
P0051,Endodontics,5,1,Endodontics,1,0.778,0.802,0.8725,0.2494,1
P0051,Endodontics,5,2,Endodontics,1,0.778,0.802,0.9374,0.2494,1
P0051,Endodontics,6,0,Endodontics,1,0.794,0.6959,0.8981,0.2874,1
P0051,Endodontics,6,1,Endodontics,1,0.794,0.6959,0.8127,0.2138,1
P0051,Endodontics,6,2,Endodontics,1,0.794,0.6959,0.9037,0.2874,1
P0051,Endodontics,7,0,Endodontics,1,0.672,0.3301,0.6146,0.4754,1
P0051,Endodontics,7,1,Endodontics,1,0.672,0.3301,0.4859,0.3472,1
P0051,Endodontics,7,2,Endodontics,1,0.672,0.3301,0.4226,0.3378,1
P0051,Healthy,0,0,Healthy,1,0.727,0.7563,0.9493,0.2637,1
P0051,Healthy,0,1,Healthy,1,0.727,0.7563,0.8242,0.2228,1
P0051,Healthy,0,2,Healthy,1,0.727,0.7563,0.9049,0.2644,1
P0051,Endodontics,8,0,Endodontics,1,0.537,0.3225,0.4956,0.274,1
P0051,Endodontics,8,1,Endodontics,1,0.537,0.3225,0.5993,0.5014,1
P0051,Endodontics,8,2,Endodontics,1,0.537,0.3225,0.4135,0.3928,1
P0496,Healthy,20,0,Healthy,1,0.704,0.3355,0.4778,0.36,1
P0496,Healthy,20,1,Healthy,1,0.704,0.3355,0.5566,0.2861,1
P0496,Healthy,20,2,Healthy,1,0.704,0.3355,0.4419,0.2047,1
P0496,Healthy,26,0,Healthy,1,0.642,0.5529,0.8341,0.3287,1
P0496,Healthy,26,1,Healthy,1,0.642,0.5529,0.7473,0.3193,1
P0496,Healthy,26,2,Healthy,1,0.642,0.5529,0.8217,0.3431,1
P0497,Healthy,7,0,Healthy,1,0.642,0.6049,0.7984,0.2761,1
P0497,Healthy,7,1,Healthy,1,0.642,0.6049,0.7497,0.2883,1
P0497,Healthy,7,2,Healthy,1,0.642,0.6049,0.7666,0.2875,1
P0497,Impacted,0,0,Impacted,1,0.554,0.3554,0.5268,0.4613,1
P0497,Impacted,0,1,Impacted,1,0.554,0.3554,0.5938,0.5192,1
P0497,Impacted,0,2,Impacted,1,0.554,0.3554,0.1525,0.03,0
P0497,Impacted,1,0,Impacted,1,0.503,0.3314,0.5217,0.4813,1
P0497,Impacted,1,1,Impacted,1,0.503,0.3314,0.5276,0.4808,1
P0497,Impacted,1,2,Impacted,1,0.503,0.3314,0.533,0.3032,1
P0497,Healthy,27,0,Healthy,1,0.625,0.2995,0.4197,0.3555,1
P0497,Healthy,27,1,Healthy,1,0.625,0.2995,0.2559,0.0178,0
P0497,Healthy,27,2,Healthy,1,0.625,0.2995,0.4864,0.3744,1
P0497,Impacted,3,0,Impacted,1,0.539,0.3196,0.3978,0.1669,0
P0497,Impacted,3,1,Impacted,1,0.539,0.3196,0.4825,0.3151,1
P0497,Impacted,3,2,Impacted,1,0.539,0.3196,0.3097,0.1061,0
P0501,Healthy,4,0,Healthy,1,0.855,0.6765,0.8378,0.2689,1
P0501,Healthy,4,1,Healthy,1,0.855,0.6765,0.9024,0.2806,1
P0501,Healthy,4,2,Healthy,1,0.855,0.6765,0.8544,0.2956,1
P0505,Healthy,3,0,Healthy,1,0.792,0.6515,0.7309,0.2801,1
P0505,Healthy,3,1,Healthy,1,0.792,0.6515,0.9426,0.307,1
P0505,Healthy,3,2,Healthy,1,0.792,0.6515,0.924,0.2867,1
P0505,Healthy,7,0,Healthy,1,0.626,0.645,0.8638,0.307,1
P0505,Healthy,7,1,Healthy,1,0.626,0.645,0.8293,0.2978,1
P0505,Healthy,7,2,Healthy,1,0.626,0.645,0.8153,0.3101,1
P0506,Healthy,1,0,Healthy,1,0.728,0.678,0.8887,0.295,1
P0506,Healthy,1,1,Healthy,1,0.728,0.678,0.8618,0.295,1
P0506,Healthy,1,2,Healthy,1,0.728,0.678,0.8489,0.2942,1
P0506,Healthy,10,0,Healthy,1,0.875,0.5992,0.7081,0.2369,0
P0506,Healthy,10,1,Healthy,1,0.875,0.5992,0.8272,0.3095,1
P0506,Healthy,10,2,Healthy,1,0.875,0.5992,0.7884,0.3327,1
P0052,Healthy,5,0,Healthy,1,0.72,0.6699,0.8569,0.2986,1
P0052,Healthy,5,1,Healthy,1,0.72,0.6699,0.7555,0.2907,1
P0052,Healthy,5,2,Healthy,1,0.72,0.6699,0.7656,0.2183,0
P0052,Healthy,10,0,Healthy,1,0.88,0.7215,0.8399,0.2482,1
P0052,Healthy,10,1,Endodontics,0,0.88,0.7215,0.9182,0.2707,1
P0052,Healthy,10,2,Healthy,1,0.88,0.7215,0.8673,0.2324,1
P0509,Healthy,14,0,Healthy,1,0.814,0.7863,0.9659,0.2544,1
P0509,Healthy,14,1,Healthy,1,0.814,0.7863,0.8955,0.2504,1
P0509,Healthy,14,2,Healthy,1,0.814,0.7863,0.9074,0.2543,1
P0510,Healthy,0,0,Healthy,1,0.82,0.7365,0.9388,0.2715,1
P0510,Healthy,0,1,Healthy,1,0.82,0.7365,0.7975,0.2683,1
P0510,Healthy,0,2,Healthy,1,0.82,0.7365,0.8674,0.2483,1
P0510,Healthy,5,0,Healthy,1,0.838,0.736,0.892,0.272,1
P0510,Healthy,5,1,Healthy,1,0.838,0.736,0.7475,0.1779,0
P0510,Healthy,5,2,Healthy,1,0.838,0.736,0.7709,0.2597,1
P0511,Healthy,1,0,Healthy,1,0.679,0.7691,0.8894,0.2571,1
P0511,Healthy,1,1,Healthy,1,0.679,0.7691,0.8494,0.2415,1
P0511,Healthy,1,2,Healthy,1,0.679,0.7691,0.9554,0.2601,1
P0511,Healthy,7,0,Healthy,1,0.846,0.4236,0.6809,0.4347,1
P0511,Healthy,7,1,Healthy,1,0.846,0.4236,0.7801,0.3647,1
P0511,Healthy,7,2,Healthy,1,0.846,0.4236,0.7298,0.4317,1
P0511,Impacted,1,0,Impacted,1,0.752,0.6228,0.8137,0.2902,1
P0511,Impacted,1,1,Impacted,1,0.752,0.6228,0.5515,0.1529,0
P0511,Impacted,1,2,Impacted,1,0.752,0.6228,0.8027,0.3141,1
P0512,Healthy,10,0,Healthy,1,0.797,0.6451,0.8602,0.3042,1
P0512,Healthy,10,1,Healthy,1,0.797,0.6451,0.8776,0.31,1
P0512,Healthy,10,2,Healthy,1,0.797,0.6451,0.8575,0.31,1
P0512,Healthy,13,0,Impacted,0,0.639,0.3318,0.4777,0.3667,1
P0512,Healthy,13,1,Healthy,1,0.639,0.3318,0.6462,0.3613,1
P0512,Healthy,13,2,Healthy,1,0.639,0.3318,0.4957,0.2369,1
P0053,Healthy,9,0,Healthy,1,0.722,0.5019,0.6845,0.3751,1
P0053,Healthy,9,1,Endodontics,0,0.722,0.5019,0.5563,0.2001,1
P0053,Healthy,9,2,Healthy,1,0.722,0.5019,0.5941,0.1838,0
P0053,Endodontics,0,0,Endodontics,1,0.615,0.3617,0.6327,0.3843,1
P0053,Endodontics,0,1,Endodontics,1,0.615,0.3617,0.5167,0.2908,0
P0053,Endodontics,0,2,Healthy,0,0.615,0.3617,0.3805,0.1374,0
P0053,Impacted,0,0,Impacted,1,0.638,0.5488,0.6713,0.3007,0
P0053,Impacted,0,1,Impacted,1,0.638,0.5488,0.6126,0.1648,0
P0053,Impacted,0,2,Impacted,1,0.638,0.5488,0.6201,0.2051,0
P0513,Healthy,2,0,Healthy,1,0.839,0.7479,0.8566,0.2674,1
P0513,Healthy,2,1,Healthy,1,0.839,0.7479,0.888,0.2553,1
P0513,Healthy,2,2,Healthy,1,0.839,0.7479,0.8994,0.2674,1
P0513,Healthy,21,0,Healthy,1,0.559,0.3051,0.6332,0.4476,1
P0513,Healthy,21,1,Healthy,1,0.559,0.3051,0.6325,0.3916,1
P0513,Healthy,21,2,Healthy,1,0.559,0.3051,0.447,0.2168,1
P0514,Healthy,11,0,Healthy,1,0.869,0.462,0.6349,0.4009,1
P0514,Healthy,11,1,Healthy,1,0.869,0.462,0.6253,0.2648,0
P0514,Healthy,11,2,Healthy,1,0.869,0.462,0.5234,0.1695,0
P0514,Healthy,17,0,Healthy,1,0.811,0.667,0.7907,0.2999,1
P0514,Healthy,17,1,Healthy,1,0.811,0.667,0.9136,0.2999,1
P0514,Healthy,17,2,Healthy,1,0.811,0.667,0.8645,0.2999,1
P0515,Healthy,7,0,Healthy,1,0.66,0.339,0.4953,0.4008,1
P0515,Healthy,7,1,Healthy,1,0.66,0.339,0.3767,0.1455,0
P0515,Healthy,7,2,Healthy,1,0.66,0.339,0.3997,0.1308,0
P0515,Healthy,15,0,Healthy,1,0.846,0.7518,0.8676,0.2377,1
P0515,Healthy,15,1,Healthy,1,0.846,0.7518,0.9193,0.266,1
P0515,Healthy,15,2,Healthy,1,0.846,0.7518,0.8502,0.266,1
P0516,Healthy,17,0,Healthy,1,0.644,0.5786,0.7629,0.2809,1
P0516,Healthy,17,1,Healthy,1,0.644,0.5786,0.8035,0.3396,1
P0516,Healthy,17,2,Healthy,1,0.644,0.5786,0.8206,0.3255,1
P0516,Healthy,19,0,Healthy,1,0.862,0.5167,0.7147,0.347,1
P0516,Healthy,19,1,Healthy,1,0.862,0.5167,0.6248,0.2012,1
P0516,Healthy,19,2,Healthy,1,0.862,0.5167,0.4963,0.1689,1
P0054,Endodontics,0,0,Endodontics,1,0.657,0.4502,0.6365,0.3581,1
P0054,Endodontics,0,1,Endodontics,1,0.657,0.4502,0.6655,0.3651,1
P0054,Endodontics,0,2,Endodontics,1,0.657,0.4502,0.6075,0.309,1
P0054,Endodontics,1,0,Endodontics,1,0.753,0.6954,0.8845,0.2876,1
P0054,Endodontics,1,1,Endodontics,1,0.753,0.6954,0.8406,0.2876,1
P0054,Endodontics,1,2,Endodontics,1,0.753,0.6954,0.7506,0.2567,1
P0054,Endodontics,2,0,Endodontics,1,0.682,0.6138,0.8393,0.3259,1
P0054,Endodontics,2,1,Endodontics,1,0.682,0.6138,0.8776,0.3259,1
P0054,Endodontics,2,2,Endodontics,1,0.682,0.6138,0.837,0.3259,1
P0054,Endodontics,3,0,Endodontics,1,0.919,0.7936,0.9255,0.252,1
P0054,Endodontics,3,1,Endodontics,1,0.919,0.7936,0.8823,0.252,1
P0054,Endodontics,3,2,Endodontics,1,0.919,0.7936,0.6934,0.1284,0
P0054,Endodontics,4,0,Endodontics,1,0.703,0.4102,0.6996,0.3176,1
P0054,Endodontics,4,1,Endodontics,1,0.703,0.4102,0.6931,0.3972,1
P0054,Endodontics,4,2,Endodontics,1,0.703,0.4102,0.5718,0.4579,1
P0054,Healthy,0,0,Healthy,1,0.757,0.6998,0.8761,0.2858,1
P0054,Healthy,0,1,Healthy,1,0.757,0.6998,0.8475,0.2368,1
P0054,Healthy,0,2,Healthy,1,0.757,0.6998,0.8944,0.2687,1
P0054,Healthy,1,0,Healthy,1,0.883,0.664,0.7903,0.2456,1
P0054,Healthy,1,1,Healthy,1,0.883,0.664,0.9032,0.3004,1
P0054,Healthy,1,2,Healthy,1,0.883,0.664,0.8566,0.3012,1
P0054,Endodontics,5,0,Endodontics,1,0.797,0.5726,0.9401,0.3493,1
P0054,Endodontics,5,1,Endodontics,1,0.797,0.5726,0.7336,0.3493,1
P0054,Endodontics,5,2,Endodontics,1,0.797,0.5726,0.7473,0.3334,1
P0054,Endodontics,6,0,Impacted,0,0.532,0.3333,0.3355,0.1043,0
P0054,Endodontics,6,1,Endodontics,1,0.532,0.3333,0.5125,0.25,0
P0054,Endodontics,6,2,Endodontics,1,0.532,0.3333,0.3057,0.1262,0
P0518,Healthy,4,0,Healthy,1,0.871,0.6058,0.717,0.2829,1
P0518,Healthy,4,1,Healthy,1,0.871,0.6058,0.6338,0.1834,1
P0518,Healthy,4,2,Healthy,1,0.871,0.6058,0.7948,0.3158,1
P0518,Healthy,5,0,Healthy,1,0.502,0.2868,0.3551,0.1657,0
P0518,Healthy,5,1,Healthy,1,0.502,0.2868,0.3025,0.1156,0
P0518,Healthy,5,2,Healthy,1,0.502,0.2868,0.3934,0.1896,1
P0518,Endodontics,0,0,Endodontics,1,0.729,0.3935,0.7257,0.4586,1
P0518,Endodontics,0,1,Endodontics,1,0.729,0.3935,0.5453,0.2638,1
P0518,Endodontics,0,2,Endodontics,1,0.729,0.3935,0.5416,0.3802,1
P0518,Endodontics,1,0,Healthy,0,0.69,0.6523,0.6187,0.2348,1
P0518,Endodontics,1,1,Endodontics,1,0.69,0.6523,0.9018,0.3051,1
P0518,Endodontics,1,2,Endodontics,1,0.69,0.6523,0.8921,0.2905,1
P0521,Healthy,3,0,Healthy,1,0.723,0.6839,0.8768,0.2925,1
P0521,Healthy,3,1,Healthy,1,0.723,0.6839,0.8297,0.2737,1
P0521,Healthy,3,2,Healthy,1,0.723,0.6839,0.758,0.2788,1
P0521,Endodontics,0,0,Endodontics,1,0.678,0.4137,0.6546,0.463,1
P0521,Endodontics,0,1,Endodontics,1,0.678,0.4137,0.3775,0.1138,0
P0521,Endodontics,0,2,Endodontics,1,0.678,0.4137,0.4761,0.3239,1
P0521,Healthy,7,0,Healthy,1,0.644,0.3454,0.4892,0.3006,1
P0521,Healthy,7,1,Healthy,1,0.644,0.3454,0.4923,0.2269,0
P0521,Healthy,7,2,Healthy,1,0.644,0.3454,0.4637,0.2419,1
P0521,Endodontics,1,0,Endodontics,1,0.637,0.503,0.6972,0.2793,1
P0521,Endodontics,1,1,Endodontics,1,0.637,0.503,0.6858,0.3976,1
P0521,Endodontics,1,2,Endodontics,1,0.637,0.503,0.806,0.3739,1
P0522,Endodontics,0,0,Endodontics,1,0.643,0.4758,0.6658,0.3545,1
P0522,Endodontics,0,1,Endodontics,1,0.643,0.4758,0.6891,0.4168,1
P0522,Endodontics,0,2,Endodontics,1,0.643,0.4758,0.6503,0.4097,1
P0522,Endodontics,1,0,Endodontics,1,0.825,0.8396,0.9113,0.2382,1
P0522,Endodontics,1,1,Endodontics,1,0.825,0.8396,0.9118,0.2382,1
P0522,Endodontics,1,2,Endodontics,1,0.825,0.8396,0.9138,0.2382,1
P0522,Endodontics,2,0,Endodontics,1,0.773,0.758,0.9464,0.2639,1
P0522,Endodontics,2,1,Endodontics,1,0.773,0.758,0.7273,0.1639,0
P0522,Endodontics,2,2,Endodontics,1,0.773,0.758,0.7098,0.1378,0
P0522,Endodontics,3,0,Endodontics,1,0.788,0.8599,0.9742,0.2326,1
P0522,Endodontics,3,1,Endodontics,1,0.788,0.8599,0.9852,0.2326,1
P0522,Endodontics,3,2,Endodontics,1,0.788,0.8599,0.9339,0.2326,1
P0522,Endodontics,4,0,Endodontics,1,0.731,0.7687,0.9304,0.2602,1
P0522,Endodontics,4,1,Endodontics,1,0.731,0.7687,0.9057,0.2602,1
P0522,Endodontics,4,2,Endodontics,1,0.731,0.7687,0.9033,0.2602,1
P0522,Endodontics,5,0,Endodontics,1,0.603,0.807,0.9355,0.2478,1
P0522,Endodontics,5,1,Endodontics,1,0.603,0.807,0.9564,0.2478,1
P0522,Endodontics,5,2,Endodontics,1,0.603,0.807,0.9173,0.2478,1
P0522,Endodontics,6,0,Endodontics,1,0.707,0.9272,0.933,0.2157,1
P0522,Endodontics,6,1,Endodontics,1,0.707,0.9272,0.898,0.2026,1
P0522,Endodontics,6,2,Endodontics,1,0.707,0.9272,0.9152,0.2144,1
P0522,Endodontics,7,0,Endodontics,1,0.59,0.6759,0.918,0.2959,1
P0522,Endodontics,7,1,Endodontics,1,0.59,0.6759,0.847,0.2959,1
P0522,Endodontics,7,2,Endodontics,1,0.59,0.6759,0.8034,0.2889,1
P0522,Endodontics,9,0,Endodontics,1,0.822,0.7641,0.9549,0.2618,1
P0522,Endodontics,9,1,Endodontics,1,0.822,0.7641,0.7931,0.1574,1
P0522,Endodontics,9,2,Endodontics,1,0.822,0.7641,0.9261,0.2618,1
P0523,Healthy,4,0,Healthy,1,0.824,0.7323,0.8648,0.2731,1
P0523,Healthy,4,1,Healthy,1,0.824,0.7323,0.8781,0.222,1
P0523,Healthy,4,2,Healthy,1,0.824,0.7323,0.9623,0.2731,1
P0523,Endodontics,0,0,Endodontics,1,0.669,0.692,0.7682,0.2341,1
P0523,Endodontics,0,1,Endodontics,1,0.669,0.692,0.7169,0.2086,1
P0523,Endodontics,0,2,Endodontics,1,0.669,0.692,0.7587,0.1957,0
P0523,Endodontics,1,0,Endodontics,1,0.734,0.8607,0.9763,0.2324,1
P0523,Endodontics,1,1,Endodontics,1,0.734,0.8607,0.9641,0.2324,1
P0523,Endodontics,1,2,Endodontics,1,0.734,0.8607,0.9465,0.2324,1
P0523,Endodontics,2,0,Endodontics,1,0.686,0.7688,0.9568,0.2601,1
P0523,Endodontics,2,1,Endodontics,1,0.686,0.7688,0.9015,0.2601,1
P0523,Endodontics,2,2,Endodontics,1,0.686,0.7688,0.9629,0.2601,1
P0523,Endodontics,3,0,Endodontics,1,0.857,0.7957,0.9287,0.2514,1
P0523,Endodontics,3,1,Endodontics,1,0.857,0.7957,0.8864,0.2514,1
P0523,Endodontics,3,2,Endodontics,1,0.857,0.7957,0.8566,0.1867,1
P0523,Endodontics,4,0,Endodontics,1,0.749,0.6915,0.9353,0.2895,1
P0523,Endodontics,4,1,Endodontics,1,0.749,0.6915,0.9622,0.2892,1
P0523,Endodontics,4,2,Endodontics,1,0.749,0.6915,0.8913,0.2888,1
P0523,Endodontics,5,0,Endodontics,1,0.872,0.804,0.9528,0.2488,1
P0523,Endodontics,5,1,Endodontics,1,0.872,0.804,0.895,0.2488,1
P0523,Endodontics,5,2,Endodontics,1,0.872,0.804,0.8982,0.2488,1
P0523,Endodontics,6,0,Endodontics,1,0.931,0.7282,0.9448,0.2747,1
P0523,Endodontics,6,1,Endodontics,1,0.931,0.7282,0.8852,0.2747,1
P0523,Endodontics,6,2,Endodontics,1,0.931,0.7282,0.9576,0.2747,1
P0524,Healthy,0,0,Healthy,1,0.636,0.4278,0.6387,0.3225,1
P0524,Healthy,0,1,Healthy,1,0.636,0.4278,0.4611,0.1722,0
P0524,Healthy,0,2,Healthy,1,0.636,0.4278,0.6586,0.289,1
P0524,Endodontics,0,0,Endodontics,1,0.786,0.554,0.9308,0.361,1
P0524,Endodontics,0,1,Endodontics,1,0.786,0.554,0.7929,0.3435,1
P0524,Endodontics,0,2,Endodontics,1,0.786,0.554,0.904,0.361,1
P0524,Healthy,2,0,Healthy,1,0.804,0.3944,0.6317,0.4289,1
P0524,Healthy,2,1,Healthy,1,0.804,0.3944,0.6151,0.2923,1
P0524,Healthy,2,2,Healthy,1,0.804,0.3944,0.5269,0.2555,1
P0525,Healthy,1,0,Healthy,1,0.57,0.3838,0.649,0.4114,1
P0525,Healthy,1,1,Healthy,1,0.57,0.3838,0.638,0.4364,1
P0525,Healthy,1,2,Healthy,1,0.57,0.3838,0.687,0.3563,1
P0525,Impacted,0,0,Impacted,1,0.742,0.5315,0.7229,0.3275,1
P0525,Impacted,0,1,Impacted,1,0.742,0.5315,0.7299,0.3628,1
P0525,Impacted,0,2,Impacted,1,0.742,0.5315,0.488,0.1552,1
P0525,Impacted,1,0,Impacted,1,0.832,0.6769,0.9129,0.2718,1
P0525,Impacted,1,1,Impacted,1,0.832,0.6769,0.8561,0.2747,1
P0525,Impacted,1,2,Healthy,0,0.832,0.6769,0.8564,0.2436,1
P0525,Impacted,2,0,Impacted,1,0.798,0.6994,0.7651,0.2021,1
P0525,Impacted,2,1,Impacted,1,0.798,0.6994,0.8909,0.286,1
P0525,Impacted,2,2,Impacted,1,0.798,0.6994,0.9243,0.286,1
P0526,Healthy,8,0,Healthy,1,0.839,0.771,0.839,0.2315,1
P0526,Healthy,8,1,Healthy,1,0.839,0.771,0.9623,0.2471,1
P0526,Healthy,8,2,Healthy,1,0.839,0.771,0.8767,0.214,1
P0528,Healthy,12,0,Healthy,1,0.807,0.6895,0.8815,0.2891,1
P0528,Healthy,12,1,Healthy,1,0.807,0.6895,0.9403,0.2901,1
P0528,Healthy,12,2,Healthy,1,0.807,0.6895,0.9074,0.29,1
P0528,Healthy,16,0,Healthy,1,0.847,0.5771,0.6656,0.1721,0
P0528,Healthy,16,1,Healthy,1,0.847,0.5771,0.7384,0.3062,1
P0528,Healthy,16,2,Healthy,1,0.847,0.5771,0.727,0.2987,1
P0529,Healthy,1,0,Healthy,1,0.859,0.7409,0.8582,0.2699,1
P0529,Healthy,1,1,Healthy,1,0.859,0.7409,0.8563,0.2698,1
P0529,Healthy,1,2,Healthy,1,0.859,0.7409,0.7824,0.2699,1
P0529,Healthy,10,0,Healthy,1,0.762,0.5918,0.7834,0.3362,1
P0529,Healthy,10,1,Healthy,1,0.762,0.5918,0.7261,0.1967,1
P0529,Healthy,10,2,Healthy,1,0.762,0.5918,0.8149,0.3366,1
P0532,Healthy,1,0,Healthy,1,0.847,0.8185,0.9015,0.2444,1
P0532,Healthy,1,1,Healthy,1,0.847,0.8185,0.8943,0.2444,1
P0532,Healthy,1,2,Healthy,1,0.847,0.8185,0.9549,0.2444,1
P0532,Healthy,22,0,Healthy,1,0.557,0.4489,0.6566,0.407,1
P0532,Healthy,22,1,Healthy,1,0.557,0.4489,0.6879,0.2627,1
P0532,Healthy,22,2,Healthy,1,0.557,0.4489,0.4649,0.1362,1
P0534,Healthy,0,0,Healthy,1,0.696,0.7995,0.9009,0.2502,1
P0534,Healthy,0,1,Healthy,1,0.696,0.7995,0.9529,0.2502,1
P0534,Healthy,0,2,Healthy,1,0.696,0.7995,0.9556,0.2502,1
P0534,Healthy,22,0,Impacted,0,0.547,0.3534,0.6032,0.4479,1
P0534,Healthy,22,1,Healthy,1,0.547,0.3534,0.309,0.1333,0
P0534,Healthy,22,2,Healthy,1,0.547,0.3534,0.2377,0.064,0
P0536,Endodontics,0,0,Endodontics,1,0.677,0.7328,0.9887,0.2729,1
P0536,Endodontics,0,1,Endodontics,1,0.677,0.7328,0.7098,0.1738,1
P0536,Endodontics,0,2,Endodontics,1,0.677,0.7328,0.6734,0.1417,1
P0536,Endodontics,1,0,Implant,0,0.725,0.7292,0.9138,0.2743,1
P0536,Endodontics,1,1,Implant,0,0.725,0.7292,0.9407,0.2743,1
P0536,Endodontics,1,2,Endodontics,1,0.725,0.7292,0.9135,0.2743,1
P0536,Healthy,1,0,Healthy,1,0.81,0.8159,0.907,0.2452,1
P0536,Healthy,1,1,Healthy,1,0.81,0.8159,0.9634,0.2451,1
P0536,Healthy,1,2,Healthy,1,0.81,0.8159,0.8133,0.1818,0
P0536,Healthy,2,0,Healthy,1,0.635,0.3763,0.593,0.4398,1
P0536,Healthy,2,1,Healthy,1,0.635,0.3763,0.0149,0.0172,0
P0536,Healthy,2,2,Healthy,1,0.635,0.3763,0.455,0.1666,0
P0537,Healthy,11,0,Healthy,1,0.866,0.8526,0.9567,0.2346,1
P0537,Healthy,11,1,Healthy,1,0.866,0.8526,0.9206,0.2346,1
P0537,Healthy,11,2,Healthy,1,0.866,0.8526,0.9519,0.2346,1
P0537,Healthy,17,0,Healthy,1,0.836,0.7738,0.9322,0.2585,1
P0537,Healthy,17,1,Healthy,1,0.836,0.7738,0.8334,0.2056,1
P0537,Healthy,17,2,Healthy,1,0.836,0.7738,0.828,0.2476,1
P0537,Endodontics,0,0,Endodontics,1,0.594,0.3029,0.6021,0.543,0
P0537,Endodontics,0,1,Endodontics,1,0.594,0.3029,0.6628,0.4843,1
P0537,Endodontics,0,2,Implant,0,0.594,0.3029,0.3239,0.1559,0
P0538,Healthy,3,0,Healthy,1,0.518,0.2906,0.2927,0.0803,0
P0538,Healthy,3,1,Healthy,1,0.518,0.2906,0.2186,0.0979,0
P0538,Healthy,3,2,Impacted,0,0.518,0.2906,0.3891,0.2603,0
P0538,Endodontics,0,0,Endodontics,1,0.81,0.6328,0.8899,0.3097,1
P0538,Endodontics,0,1,Endodontics,1,0.81,0.6328,0.7098,0.3071,1
P0538,Endodontics,0,2,Endodontics,1,0.81,0.6328,0.8443,0.3161,1
P0538,Healthy,8,0,Healthy,1,0.686,0.6869,0.9597,0.2912,1
P0538,Healthy,8,1,Healthy,1,0.686,0.6869,0.8076,0.2755,1
P0538,Healthy,8,2,Healthy,1,0.686,0.6869,0.9082,0.2912,1
P0538,Endodontics,1,0,Endodontics,1,0.668,0.4131,0.7154,0.3464,1
P0538,Endodontics,1,1,Endodontics,1,0.668,0.4131,0.6673,0.3786,1
P0538,Endodontics,1,2,Healthy,0,0.668,0.4131,0.0938,0.0094,0
P0539,Healthy,3,0,Healthy,1,0.687,0.7029,0.9452,0.2845,1
P0539,Healthy,3,1,Healthy,1,0.687,0.7029,0.8661,0.2845,1
P0539,Healthy,3,2,Healthy,1,0.687,0.7029,0.9555,0.2845,1
P0539,Healthy,4,0,Healthy,1,0.719,0.6271,0.8775,0.3176,1
P0539,Healthy,4,1,Healthy,1,0.719,0.6271,0.7988,0.2706,1
P0539,Healthy,4,2,Healthy,1,0.719,0.6271,0.9256,0.3189,1
P0541,Healthy,10,0,Healthy,1,0.665,0.4999,0.5425,0.1648,0
P0541,Healthy,10,1,Healthy,1,0.665,0.4999,0.6137,0.2093,1
P0541,Healthy,10,2,Healthy,1,0.665,0.4999,0.5138,0.1377,0
P0541,Healthy,16,0,Healthy,1,0.709,0.576,0.8465,0.3472,1
P0541,Healthy,16,1,Healthy,1,0.709,0.576,0.747,0.3118,1
P0541,Healthy,16,2,Healthy,1,0.709,0.576,0.7372,0.2395,1
P0543,Endodontics,0,0,Endodontics,1,0.792,0.75,0.8836,0.2632,1
P0543,Endodontics,0,1,Endodontics,1,0.792,0.75,0.9016,0.2667,1
P0543,Endodontics,0,2,Endodontics,1,0.792,0.75,0.9282,0.2667,1
P0543,Endodontics,1,0,Endodontics,1,0.721,0.3866,0.2657,0.095,0
P0543,Endodontics,1,1,Endodontics,1,0.721,0.3866,0.4763,0.2676,1
P0543,Endodontics,1,2,Endodontics,1,0.721,0.3866,0.2099,0.0525,0
P0543,Endodontics,2,0,Endodontics,1,0.688,0.4946,0.8354,0.3854,1
P0543,Endodontics,2,1,Endodontics,1,0.688,0.4946,0.7506,0.4041,1
P0543,Endodontics,2,2,Endodontics,1,0.688,0.4946,0.6021,0.2925,1
P0544,Healthy,1,0,Healthy,1,0.755,0.6813,0.8906,0.2856,1
P0544,Healthy,1,1,Healthy,1,0.755,0.6813,0.8735,0.2611,1
P0544,Healthy,1,2,Healthy,1,0.755,0.6813,0.8617,0.2554,1
P0544,Endodontics,0,0,Healthy,0,0.612,0.4049,0.4938,0.2806,1
P0544,Endodontics,0,1,Impacted,0,0.612,0.4049,0.6349,0.3068,1
P0544,Endodontics,0,2,Healthy,0,0.612,0.4049,0.2382,0.1679,0
P0545,Healthy,0,0,Healthy,1,0.748,0.597,0.8235,0.3263,1
P0545,Healthy,0,1,Healthy,1,0.748,0.597,0.7536,0.2247,1
P0545,Healthy,0,2,Healthy,1,0.748,0.597,0.7776,0.3,1
P0545,Healthy,4,0,Healthy,1,0.724,0.7927,0.9606,0.2523,1
P0545,Healthy,4,1,Healthy,1,0.724,0.7927,0.895,0.2523,1
P0545,Healthy,4,2,Healthy,1,0.724,0.7927,0.905,0.2523,1
P0545,Endodontics,0,0,Endodontics,1,0.733,0.6511,0.8958,0.2996,1
P0545,Endodontics,0,1,Endodontics,1,0.733,0.6511,0.8837,0.3072,1
P0545,Endodontics,0,2,Endodontics,1,0.733,0.6511,0.9137,0.3072,1
P0545,Endodontics,1,0,Endodontics,1,0.774,0.6781,0.863,0.292,1
P0545,Endodontics,1,1,Endodontics,1,0.774,0.6781,0.8891,0.2761,1
P0545,Endodontics,1,2,Endodontics,1,0.774,0.6781,0.8424,0.2532,1
P0545,Endodontics,2,0,Endodontics,1,0.706,0.6565,0.8996,0.3047,1
P0545,Endodontics,2,1,Endodontics,1,0.706,0.6565,0.8368,0.3047,1
P0545,Endodontics,2,2,Endodontics,1,0.706,0.6565,0.8172,0.304,1
P0546,Endodontics,0,0,Endodontics,1,0.671,0.5261,0.8274,0.3801,1
P0546,Endodontics,0,1,Endodontics,1,0.671,0.5261,0.7728,0.3496,1
P0546,Endodontics,0,2,Endodontics,1,0.671,0.5261,0.7292,0.3799,1
P0546,Endodontics,1,0,Endodontics,1,0.786,0.6302,0.9053,0.3174,1
P0546,Endodontics,1,1,Endodontics,1,0.786,0.6302,0.8849,0.3174,1
P0546,Endodontics,1,2,Endodontics,1,0.786,0.6302,0.9346,0.3174,1
P0546,Endodontics,2,0,Endodontics,1,0.761,0.6849,0.9143,0.292,1
P0546,Endodontics,2,1,Endodontics,1,0.761,0.6849,0.8468,0.292,1
P0546,Endodontics,2,2,Endodontics,1,0.761,0.6849,0.839,0.2722,1
P0546,Healthy,2,0,Healthy,1,0.796,0.7274,0.9502,0.2747,1
P0546,Healthy,2,1,Healthy,1,0.796,0.7274,0.8831,0.2373,1
P0546,Healthy,2,2,Healthy,1,0.796,0.7274,0.9253,0.275,1
P0546,Endodontics,3,0,Endodontics,1,0.653,0.3408,0.6906,0.5546,1
P0546,Endodontics,3,1,Endodontics,1,0.653,0.3408,0.5165,0.3597,1
P0546,Endodontics,3,2,Endodontics,1,0.653,0.3408,0.5516,0.573,1
P0546,Endodontics,5,0,Endodontics,1,0.611,0.3851,0.4886,0.2914,0
P0546,Endodontics,5,1,Endodontics,1,0.611,0.3851,0.4691,0.2473,0
P0546,Endodontics,5,2,Endodontics,1,0.611,0.3851,0.4311,0.1403,0
P0547,Endodontics,0,0,Endodontics,1,0.806,0.6755,0.7865,0.2668,1
P0547,Endodontics,0,1,Endodontics,1,0.806,0.6755,0.6543,0.1588,1
P0547,Endodontics,0,2,Endodontics,1,0.806,0.6755,0.8398,0.2961,1
P0547,Endodontics,1,0,Endodontics,1,0.721,0.467,0.6931,0.374,1
P0547,Endodontics,1,1,Endodontics,1,0.721,0.467,0.741,0.4283,1
P0547,Endodontics,1,2,Endodontics,1,0.721,0.467,0.6492,0.4032,1
P0547,Healthy,10,0,Healthy,1,0.728,0.6205,0.7952,0.3216,1
P0547,Healthy,10,1,Healthy,1,0.728,0.6205,0.68,0.2047,0
P0547,Healthy,10,2,Healthy,1,0.728,0.6205,0.6448,0.2185,1
P0547,Endodontics,2,0,Endodontics,1,0.807,0.717,0.9057,0.2789,1
P0547,Endodontics,2,1,Endodontics,1,0.807,0.717,0.8728,0.2789,1
P0547,Endodontics,2,2,Endodontics,1,0.807,0.717,0.8723,0.2789,1
P0547,Endodontics,3,0,Endodontics,1,0.811,0.6994,0.8918,0.286,1
P0547,Endodontics,3,1,Endodontics,1,0.811,0.6994,0.9126,0.286,1
P0547,Endodontics,3,2,Endodontics,1,0.811,0.6994,0.8892,0.286,1
P0548,Endodontics,0,0,Endodontics,1,0.94,0.7198,0.9663,0.2779,1
P0548,Endodontics,0,1,Endodontics,1,0.94,0.7198,0.8543,0.2723,1
P0548,Endodontics,0,2,Endodontics,1,0.94,0.7198,0.9712,0.2779,1
P0548,Healthy,10,0,Healthy,1,0.66,0.6228,0.8295,0.3212,1
P0548,Healthy,10,1,Healthy,1,0.66,0.6228,0.7611,0.2383,1
P0548,Healthy,10,2,Healthy,1,0.66,0.6228,0.7267,0.2375,1
P0549,Healthy,16,0,Healthy,1,0.749,0.6634,0.6889,0.2778,1
P0549,Healthy,16,1,Healthy,1,0.749,0.6634,0.5665,0.0694,0
P0549,Healthy,16,2,Healthy,1,0.749,0.6634,0.6901,0.2561,1
P0549,Endodontics,0,0,Implant,0,0.806,0.71,0.9968,0.2817,1
P0549,Endodontics,0,1,Endodontics,1,0.806,0.71,0.7584,0.2298,1
P0549,Endodontics,0,2,Endodontics,1,0.806,0.71,0.8708,0.2817,1
P0549,Healthy,24,0,Healthy,1,0.621,0.344,0.5397,0.4729,1
P0549,Healthy,24,1,Impacted,0,0.621,0.344,0.5067,0.3082,1
P0549,Healthy,24,2,Healthy,1,0.621,0.344,0.5699,0.4054,1
P0551,Healthy,0,0,Healthy,1,0.848,0.9043,0.9315,0.2207,1
P0551,Healthy,0,1,Healthy,1,0.848,0.9043,0.9707,0.2212,1
P0551,Healthy,0,2,Healthy,1,0.848,0.9043,0.9122,0.2158,1
P0551,Healthy,5,0,Healthy,1,0.858,0.6145,0.7292,0.3124,1
P0551,Healthy,5,1,Healthy,1,0.858,0.6145,0.6678,0.2094,1
P0551,Healthy,5,2,Healthy,1,0.858,0.6145,0.8425,0.3088,1
P0551,Endodontics,0,0,Endodontics,1,0.803,0.7285,0.9414,0.2745,1
P0551,Endodontics,0,1,Endodontics,1,0.803,0.7285,0.9616,0.2745,1
P0551,Endodontics,0,2,Endodontics,1,0.803,0.7285,0.9467,0.2745,1
P0551,Endodontics,1,0,Endodontics,1,0.698,0.4671,0.715,0.3225,1
P0551,Endodontics,1,1,Endodontics,1,0.698,0.4671,0.754,0.3184,1
P0551,Endodontics,1,2,Endodontics,1,0.698,0.4671,0.3989,0.1466,0
P0551,Endodontics,2,0,Endodontics,1,0.631,0.8024,0.9459,0.2493,1
P0551,Endodontics,2,1,Endodontics,1,0.631,0.8024,0.9326,0.2493,1
P0551,Endodontics,2,2,Endodontics,1,0.631,0.8024,0.9469,0.2493,1
P0551,Endodontics,3,0,Endodontics,1,0.843,0.7084,0.9326,0.2802,1
P0551,Endodontics,3,1,Endodontics,1,0.843,0.7084,0.8736,0.2823,1
P0551,Endodontics,3,2,Endodontics,1,0.843,0.7084,0.9412,0.282,1
P0552,Endodontics,0,0,Endodontics,1,0.646,0.5521,0.7321,0.2532,1
P0552,Endodontics,0,1,Endodontics,1,0.646,0.5521,0.5412,0.1611,1
P0552,Endodontics,0,2,Endodontics,1,0.646,0.5521,0.5353,0.0973,0
P0552,Healthy,1,0,Healthy,1,0.786,0.8404,0.9955,0.238,1
P0552,Healthy,1,1,Healthy,1,0.786,0.8404,0.9427,0.238,1
P0552,Healthy,1,2,Healthy,1,0.786,0.8404,0.9238,0.238,1
P0552,Healthy,2,0,Healthy,1,0.929,0.8269,0.9652,0.2419,1
P0552,Healthy,2,1,Healthy,1,0.929,0.8269,0.9432,0.2364,1
P0552,Healthy,2,2,Healthy,1,0.929,0.8269,0.8457,0.2143,1
P0553,Endodontics,0,0,Endodontics,1,0.724,0.7861,0.9402,0.2544,1
P0553,Endodontics,0,1,Endodontics,1,0.724,0.7861,0.8986,0.2544,1
P0553,Endodontics,0,2,Endodontics,1,0.724,0.7861,0.8603,0.2429,1
P0553,Healthy,2,0,Healthy,1,0.581,0.4733,0.6127,0.2434,0
P0553,Healthy,2,1,Healthy,1,0.581,0.4733,0.252,0.081,0
P0553,Healthy,2,2,Healthy,1,0.581,0.4733,0.6511,0.2812,1
P0553,Endodontics,1,0,Endodontics,1,0.823,0.7715,0.9562,0.2592,1
P0553,Endodontics,1,1,Endodontics,1,0.823,0.7715,0.8719,0.2592,1
P0553,Endodontics,1,2,Endodontics,1,0.823,0.7715,0.9193,0.2592,1
P0553,Healthy,9,0,Healthy,1,0.78,0.343,0.4815,0.3914,1
P0553,Healthy,9,1,Healthy,1,0.78,0.343,0.5894,0.3864,1
P0553,Healthy,9,2,Healthy,1,0.78,0.343,0.5633,0.4008,1
P0555,Endodontics,0,0,Endodontics,1,0.841,0.74,0.9621,0.2703,1
P0555,Endodontics,0,1,Endodontics,1,0.841,0.74,0.9502,0.2703,1
P0555,Endodontics,0,2,Endodontics,1,0.841,0.74,0.9014,0.2703,1
P0555,Healthy,11,0,Healthy,1,0.697,0.7746,0.8749,0.2582,1
P0555,Healthy,11,1,Healthy,1,0.697,0.7746,0.915,0.2582,1
P0555,Healthy,11,2,Healthy,1,0.697,0.7746,0.8055,0.2045,1
P0555,Endodontics,2,0,Endodontics,1,0.739,0.7858,0.9531,0.2545,1
P0555,Endodontics,2,1,Endodontics,1,0.739,0.7858,0.9065,0.2545,1
P0555,Endodontics,2,2,Endodontics,1,0.739,0.7858,0.8564,0.2517,1
P0556,Healthy,1,0,Healthy,1,0.77,0.8336,0.958,0.2399,1
P0556,Healthy,1,1,Healthy,1,0.77,0.8336,0.9571,0.2399,1
P0556,Healthy,1,2,Healthy,1,0.77,0.8336,0.9848,0.2399,1
P0556,Endodontics,0,0,Endodontics,1,0.865,0.625,0.9153,0.32,1
P0556,Endodontics,0,1,Endodontics,1,0.865,0.625,0.9276,0.3159,1
P0556,Endodontics,0,2,Endodontics,1,0.865,0.625,0.8299,0.32,1
P0556,Healthy,2,0,Healthy,1,0.892,0.8601,0.9901,0.2325,1
P0556,Healthy,2,1,Healthy,1,0.892,0.8601,0.9753,0.2325,1
P0556,Healthy,2,2,Healthy,1,0.892,0.8601,0.9958,0.2325,1
P0556,Endodontics,1,0,Endodontics,1,0.622,0.2949,0.3961,0.1752,0
P0556,Endodontics,1,1,Endodontics,1,0.622,0.2949,0.4999,0.4104,1
P0556,Endodontics,1,2,Endodontics,1,0.622,0.2949,0.3804,0.3501,1
P0557,Endodontics,0,0,Endodontics,1,0.654,0.5372,0.8261,0.3451,1
P0557,Endodontics,0,1,Endodontics,1,0.654,0.5372,0.686,0.3273,1
P0557,Endodontics,0,2,Endodontics,1,0.654,0.5372,0.6718,0.2962,1
P0557,Endodontics,1,0,Endodontics,1,0.812,0.815,0.9232,0.2454,1
P0557,Endodontics,1,1,Endodontics,1,0.812,0.815,0.9528,0.2399,1
P0557,Endodontics,1,2,Endodontics,1,0.812,0.815,0.8965,0.2404,1
P0557,Healthy,6,0,Healthy,1,0.865,0.4635,0.5635,0.2692,1
P0557,Healthy,6,1,Healthy,1,0.865,0.4635,0.4916,0.1731,0
P0557,Healthy,6,2,Healthy,1,0.865,0.4635,0.7385,0.3839,1
P0558,Healthy,5,0,Healthy,1,0.715,0.8047,0.969,0.2485,1
P0558,Healthy,5,1,Healthy,1,0.715,0.8047,0.8991,0.2481,1
P0558,Healthy,5,2,Healthy,1,0.715,0.8047,0.9774,0.2486,1
P0558,Healthy,6,0,Impacted,0,0.599,0.3806,0.5118,0.3275,1
P0558,Healthy,6,1,Impacted,0,0.599,0.3806,0.5421,0.3692,1
P0558,Healthy,6,2,Impacted,0,0.599,0.3806,0.6852,0.4024,1
P0558,Endodontics,0,0,Endodontics,1,0.702,0.489,0.7046,0.3142,1
P0558,Endodontics,0,1,Endodontics,1,0.702,0.489,0.6317,0.3586,1
P0558,Endodontics,0,2,Endodontics,1,0.702,0.489,0.6774,0.3333,1
P0558,Endodontics,1,0,Healthy,0,0.717,0.7536,0.7551,0.2108,1
P0558,Endodontics,1,1,Healthy,0,0.717,0.7536,0.7175,0.7536,1
P0558,Endodontics,1,2,Healthy,0,0.717,0.7536,0.8965,0.2644,1
P0558,Endodontics,2,0,Endodontics,1,0.731,0.746,0.8758,0.2624,1
P0558,Endodontics,2,1,Endodontics,1,0.731,0.746,0.8588,0.2681,1
P0558,Endodontics,2,2,Endodontics,1,0.731,0.746,0.9075,0.2681,1
P0559,Endodontics,0,0,Endodontics,1,0.635,0.3867,0.578,0.376,0
P0559,Endodontics,0,1,Endodontics,1,0.635,0.3867,0.5944,0.3652,1
P0559,Endodontics,0,2,Endodontics,1,0.635,0.3867,0.4431,0.3076,1
P0559,Healthy,11,0,Healthy,1,0.813,0.6919,0.8629,0.2891,1
P0559,Healthy,11,1,Healthy,1,0.813,0.6919,0.9738,0.2841,1
P0559,Healthy,11,2,Healthy,1,0.813,0.6919,0.8603,0.2891,1
P0058,Healthy,0,0,Healthy,1,0.828,0.7624,0.8994,0.2624,1
P0058,Healthy,0,1,Healthy,1,0.828,0.7624,0.8576,0.2051,1
P0058,Healthy,0,2,Healthy,1,0.828,0.7624,0.9591,0.2624,1
P0058,Healthy,3,0,Healthy,1,0.657,0.6825,0.8957,0.2931,1
P0058,Healthy,3,1,Healthy,1,0.657,0.6825,0.8663,0.2931,1
P0058,Healthy,3,2,Healthy,1,0.657,0.6825,0.8219,0.2766,1
P0562,Endodontics,0,0,Endodontics,1,0.788,0.355,0.5233,0.4162,1
P0562,Endodontics,0,1,Endodontics,1,0.788,0.355,0.5981,0.4352,1
P0562,Endodontics,0,2,Endodontics,1,0.788,0.355,0.5369,0.3956,1
P0562,Healthy,9,0,Healthy,1,0.771,0.6917,0.7185,0.2024,1
P0562,Healthy,9,1,Healthy,1,0.771,0.6917,0.7326,0.1963,1
P0562,Healthy,9,2,Healthy,1,0.771,0.6917,0.8095,0.2808,1
P0562,Healthy,10,0,Healthy,1,0.654,0.4214,0.6609,0.4526,1
P0562,Healthy,10,1,Healthy,1,0.654,0.4214,0.4658,0.1463,0
P0562,Healthy,10,2,Healthy,1,0.654,0.4214,0.5767,0.3306,1
P0562,Endodontics,1,0,Endodontics,1,0.727,0.5704,0.8664,0.3506,1
P0562,Endodontics,1,1,Endodontics,1,0.727,0.5704,0.83,0.3506,1
P0562,Endodontics,1,2,Endodontics,1,0.727,0.5704,0.765,0.3506,1
P0563,Healthy,2,0,Healthy,1,0.87,0.7519,0.845,0.2485,1
P0563,Healthy,2,1,Healthy,1,0.87,0.7519,0.7919,0.2458,1
P0563,Healthy,2,2,Healthy,1,0.87,0.7519,0.9557,0.266,1
P0563,Endodontics,0,0,Endodontics,1,0.827,0.6794,0.8767,0.2696,1
P0563,Endodontics,0,1,Endodontics,1,0.827,0.6794,0.7287,0.2118,1
P0563,Endodontics,0,2,Endodontics,1,0.827,0.6794,0.6799,0.1947,1
P0564,Healthy,5,0,Healthy,1,0.758,0.6593,0.8479,0.3034,1
P0564,Healthy,5,1,Healthy,1,0.758,0.6593,0.8843,0.3034,1
P0564,Healthy,5,2,Healthy,1,0.758,0.6593,0.7637,0.2922,1
P0564,Endodontics,1,0,Endodontics,1,0.78,0.5473,0.8018,0.3318,1
P0564,Endodontics,1,1,Endodontics,1,0.78,0.5473,0.7543,0.2884,0
P0564,Endodontics,1,2,Endodontics,1,0.78,0.5473,0.8077,0.3655,1
P0565,Endodontics,0,0,Endodontics,1,0.873,0.6639,0.9037,0.3013,1
P0565,Endodontics,0,1,Endodontics,1,0.873,0.6639,0.9044,0.3013,1
P0565,Endodontics,0,2,Endodontics,1,0.873,0.6639,0.9193,0.3013,1
P0565,Endodontics,1,0,Endodontics,1,0.789,0.7729,0.8961,0.2587,1
P0565,Endodontics,1,1,Endodontics,1,0.789,0.7729,0.9694,0.2588,1
P0565,Endodontics,1,2,Endodontics,1,0.789,0.7729,0.9038,0.2588,1
P0565,Endodontics,2,0,Endodontics,1,0.788,0.8842,0.9594,0.2262,1
P0565,Endodontics,2,1,Endodontics,1,0.788,0.8842,0.9529,0.2262,1
P0565,Endodontics,2,2,Endodontics,1,0.788,0.8842,0.9172,0.2253,1
P0565,Healthy,19,0,Impacted,0,0.551,0.2817,0.5026,0.5043,1
P0565,Healthy,19,1,Impacted,0,0.551,0.2817,0.5213,0.444,1
P0565,Healthy,19,2,Healthy,1,0.551,0.2817,0.5051,0.3865,1
P0568,Endodontics,0,0,Endodontics,1,0.652,0.3831,0.6807,0.4143,1
P0568,Endodontics,0,1,Endodontics,1,0.652,0.3831,0.4562,0.2102,1
P0568,Endodontics,0,2,Endodontics,1,0.652,0.3831,0.4545,0.2979,0
P0568,Healthy,0,0,Healthy,1,0.601,0.3715,0.5384,0.4077,1
P0568,Healthy,0,1,Healthy,1,0.601,0.3715,0.1541,0.0609,0
P0568,Healthy,0,2,Healthy,1,0.601,0.3715,0.6027,0.4577,1
P0568,Healthy,2,0,Healthy,1,0.889,0.7154,0.9338,0.2796,1
P0568,Healthy,2,1,Healthy,1,0.889,0.7154,0.9691,0.2696,1
P0568,Healthy,2,2,Healthy,1,0.889,0.7154,0.9613,0.2786,1
P0568,Endodontics,1,0,Endodontics,1,0.665,0.6251,0.7856,0.315,1
P0568,Endodontics,1,1,Endodontics,1,0.665,0.6251,0.8561,0.32,1
P0568,Endodontics,1,2,Endodontics,1,0.665,0.6251,0.7486,0.2763,1
P0569,Endodontics,0,0,Endodontics,1,0.889,0.8166,0.9156,0.2449,1
P0569,Endodontics,0,1,Endodontics,1,0.889,0.8166,0.9713,0.2449,1
P0569,Endodontics,0,2,Endodontics,1,0.889,0.8166,0.9793,0.2449,1
P0569,Healthy,2,0,Healthy,1,0.852,0.7175,0.8796,0.2755,1
P0569,Healthy,2,1,Healthy,1,0.852,0.7175,0.8683,0.2547,1
P0569,Healthy,2,2,Healthy,1,0.852,0.7175,0.9539,0.2788,1
P0569,Endodontics,1,0,Endodontics,1,0.808,0.7236,0.9792,0.2764,1
P0569,Endodontics,1,1,Endodontics,1,0.808,0.7236,0.9521,0.2764,1
P0569,Endodontics,1,2,Endodontics,1,0.808,0.7236,0.8878,0.2764,1
P0569,Healthy,8,0,Healthy,1,0.594,0.4722,0.6713,0.3696,1
P0569,Healthy,8,1,Healthy,1,0.594,0.4722,0.5779,0.3326,1
P0569,Healthy,8,2,Healthy,1,0.594,0.4722,0.7368,0.334,1
P0570,Endodontics,0,0,Endodontics,1,0.796,0.6432,0.9295,0.3037,1
P0570,Endodontics,0,1,Endodontics,1,0.796,0.6432,0.8555,0.311,1
P0570,Endodontics,0,2,Endodontics,1,0.796,0.6432,0.8317,0.311,1
P0570,Endodontics,1,0,Endodontics,1,0.86,0.7931,0.7524,0.1651,1
P0570,Endodontics,1,1,Endodontics,1,0.86,0.7931,0.7388,0.1548,1
P0570,Endodontics,1,2,Endodontics,1,0.86,0.7931,0.7425,0.1566,1
P0570,Healthy,0,0,Healthy,1,0.821,0.8073,0.8442,0.2358,1
P0570,Healthy,0,1,Healthy,1,0.821,0.8073,0.9234,0.2429,1
P0570,Healthy,0,2,Healthy,1,0.821,0.8073,0.9492,0.2415,1
P0570,Endodontics,2,0,Endodontics,1,0.77,0.7463,0.8697,0.2495,1
P0570,Endodontics,2,1,Endodontics,1,0.77,0.7463,0.8603,0.268,1
P0570,Endodontics,2,2,Endodontics,1,0.77,0.7463,0.8463,0.2521,1
P0570,Endodontics,3,0,Endodontics,1,0.796,0.706,0.9321,0.2833,1
P0570,Endodontics,3,1,Endodontics,1,0.796,0.706,0.7693,0.2643,1
P0570,Endodontics,3,2,Endodontics,1,0.796,0.706,0.8622,0.2833,1
P0570,Healthy,5,0,Healthy,1,0.781,0.6725,0.8233,0.2839,1
P0570,Healthy,5,1,Healthy,1,0.781,0.6725,0.6535,0.1897,1
P0570,Healthy,5,2,Healthy,1,0.781,0.6725,0.8072,0.2561,1
P0570,Endodontics,4,0,Endodontics,1,0.626,0.3321,0.5376,0.3516,1
P0570,Endodontics,4,1,Endodontics,1,0.626,0.3321,0.554,0.488,1
P0570,Endodontics,4,2,Endodontics,1,0.626,0.3321,0.4816,0.4405,1
P0571,Healthy,4,0,Healthy,1,0.761,0.7449,0.8017,0.2256,1
P0571,Healthy,4,1,Healthy,1,0.761,0.7449,0.8293,0.2514,1
P0571,Healthy,4,2,Healthy,1,0.761,0.7449,0.8795,0.2685,1
P0571,Endodontics,0,0,Endodontics,1,0.607,0.6583,0.8899,0.297,1
P0571,Endodontics,0,1,Endodontics,1,0.607,0.6583,0.8736,0.3009,1
P0571,Endodontics,0,2,Endodontics,1,0.607,0.6583,0.7582,0.2804,1
P0571,Healthy,9,0,Healthy,1,0.932,0.6435,0.8354,0.3108,1
P0571,Healthy,9,1,Healthy,1,0.932,0.6435,0.9253,0.2927,1
P0571,Healthy,9,2,Healthy,1,0.932,0.6435,0.9228,0.3108,1
P0572,Endodontics,0,0,Endodontics,1,0.723,0.6943,0.8249,0.2881,1
P0572,Endodontics,0,1,Endodontics,1,0.723,0.6943,0.8396,0.2881,1
P0572,Endodontics,0,2,Endodontics,1,0.723,0.6943,0.9016,0.2881,1
P0572,Healthy,2,0,Healthy,1,0.846,0.7723,0.947,0.259,1
P0572,Healthy,2,1,Healthy,1,0.846,0.7723,0.9356,0.259,1
P0572,Healthy,2,2,Healthy,1,0.846,0.7723,0.9921,0.259,1
P0572,Healthy,6,0,Healthy,1,0.645,0.6711,0.8892,0.298,1
P0572,Healthy,6,1,Healthy,1,0.645,0.6711,0.8385,0.2867,1
P0572,Healthy,6,2,Healthy,1,0.645,0.6711,0.863,0.298,1
P0573,Healthy,1,0,Healthy,1,0.648,0.4987,0.6919,0.4011,1
P0573,Healthy,1,1,Healthy,1,0.648,0.4987,0.5659,0.1792,1
P0573,Healthy,1,2,Healthy,1,0.648,0.4987,0.7244,0.3029,1
P0573,Healthy,2,0,Healthy,1,0.686,0.5736,0.8434,0.3394,1
P0573,Healthy,2,1,Healthy,1,0.686,0.5736,0.793,0.3257,1
P0573,Healthy,2,2,Healthy,1,0.686,0.5736,0.8315,0.3168,1
P0573,Endodontics,0,0,Endodontics,1,0.677,0.6813,0.9423,0.2936,1
P0573,Endodontics,0,1,Endodontics,1,0.677,0.6813,0.8742,0.2936,1
P0573,Endodontics,0,2,Endodontics,1,0.677,0.6813,0.9058,0.2936,1
P0573,Endodontics,1,0,Endodontics,1,0.784,0.825,0.9785,0.2424,1
P0573,Endodontics,1,1,Endodontics,1,0.784,0.825,0.9929,0.2424,1
P0573,Endodontics,1,2,Endodontics,1,0.784,0.825,0.9354,0.2424,1
P0575,Healthy,10,0,Healthy,1,0.844,0.7928,0.8893,0.2523,1
P0575,Healthy,10,1,Healthy,1,0.844,0.7928,0.8708,0.237,1
P0575,Healthy,10,2,Healthy,1,0.844,0.7928,0.954,0.2523,1
P0575,Healthy,12,0,Healthy,1,0.819,0.7828,0.8832,0.2555,1
P0575,Healthy,12,1,Healthy,1,0.819,0.7828,0.8688,0.2553,1
P0575,Healthy,12,2,Healthy,1,0.819,0.7828,0.9104,0.2498,1
P0059,Healthy,4,0,Healthy,1,0.769,0.4972,0.6969,0.3614,1
P0059,Healthy,4,1,Healthy,1,0.769,0.4972,0.7523,0.2932,1
P0059,Healthy,4,2,Healthy,1,0.769,0.4972,0.6788,0.2347,1
P0576,Healthy,5,0,Healthy,1,0.851,0.753,0.7593,0.1996,0
P0576,Healthy,5,1,Healthy,1,0.851,0.753,0.8851,0.2351,1
P0576,Healthy,5,2,Healthy,1,0.851,0.753,0.8823,0.2656,1
P0576,Healthy,20,0,Healthy,1,0.693,0.6385,0.822,0.2913,1
P0576,Healthy,20,1,Healthy,1,0.693,0.6385,0.7137,0.2536,1
P0576,Healthy,20,2,Healthy,1,0.693,0.6385,0.8386,0.3133,1
P0578,Endodontics,0,0,Endodontics,1,0.838,0.7459,0.942,0.2682,1
P0578,Endodontics,0,1,Endodontics,1,0.838,0.7459,0.9391,0.2682,1
P0578,Endodontics,0,2,Endodontics,1,0.838,0.7459,0.9729,0.2682,1
P0578,Endodontics,1,0,Endodontics,1,0.61,0.7243,0.8586,0.2761,1
P0578,Endodontics,1,1,Endodontics,1,0.61,0.7243,0.8715,0.2761,1
P0578,Endodontics,1,2,Endodontics,1,0.61,0.7243,0.8304,0.2727,1
P0578,Healthy,1,0,Impacted,0,0.533,0.3479,0.5939,0.4243,1
P0578,Healthy,1,1,Impacted,0,0.533,0.3479,0.627,0.5624,1
P0578,Healthy,1,2,Impacted,0,0.533,0.3479,0.4335,0.2534,0
P0579,Impacted,0,0,Impacted,1,0.821,0.6905,0.7354,0.2071,1
P0579,Impacted,0,1,Impacted,1,0.821,0.6905,0.6206,0.0949,0
P0579,Impacted,0,2,Impacted,1,0.821,0.6905,0.4802,0.0475,0
P0579,Impacted,1,0,Impacted,1,0.562,0.42,0.5524,0.2859,0
P0579,Impacted,1,1,Impacted,1,0.562,0.42,0.5238,0.2983,1
P0579,Impacted,1,2,Impacted,1,0.562,0.42,0.4753,0.1303,0
P0579,Impacted,2,0,Impacted,1,0.879,0.6933,0.7584,0.2723,1
P0579,Impacted,2,1,Impacted,1,0.879,0.6933,0.6332,0.1349,1
P0579,Impacted,2,2,Impacted,1,0.879,0.6933,0.7942,0.2522,1
P0579,Healthy,14,0,Healthy,1,0.738,0.4356,0.5668,0.333,1
P0579,Healthy,14,1,Healthy,1,0.738,0.4356,0.8037,0.4079,1
P0579,Healthy,14,2,Healthy,1,0.738,0.4356,0.6555,0.3325,1
P0579,Impacted,3,0,Impacted,1,0.501,0.3852,0.5747,0.4963,1
P0579,Impacted,3,1,Impacted,1,0.501,0.3852,0.4386,0.1712,1
P0579,Impacted,3,2,Impacted,1,0.501,0.3852,0.4377,0.1877,0
P0580,Healthy,0,0,Healthy,1,0.557,0.5262,0.7453,0.3786,1
P0580,Healthy,0,1,Healthy,1,0.557,0.5262,0.8083,0.3597,1
P0580,Healthy,0,2,Healthy,1,0.557,0.5262,0.7539,0.3103,1
P0580,Healthy,1,0,Healthy,1,0.827,0.6418,0.7811,0.2844,1
P0580,Healthy,1,1,Healthy,1,0.827,0.6418,0.6344,0.1906,1
P0580,Healthy,1,2,Healthy,1,0.827,0.6418,0.7967,0.3116,1
P0581,Healthy,1,0,Healthy,1,0.83,0.7525,0.8859,0.2658,1
P0581,Healthy,1,1,Healthy,1,0.83,0.7525,0.8332,0.2522,1
P0581,Healthy,1,2,Healthy,1,0.83,0.7525,0.867,0.2658,1
P0581,Healthy,11,0,Healthy,1,0.719,0.8033,0.8431,0.2385,1
P0581,Healthy,11,1,Healthy,1,0.719,0.8033,0.9002,0.2482,1
P0581,Healthy,11,2,Healthy,1,0.719,0.8033,0.8621,0.249,1
P0060,Impacted,0,0,Impacted,1,0.57,0.3941,0.4892,0.1954,0
P0060,Impacted,0,1,Impacted,1,0.57,0.3941,0.5476,0.2785,0
P0060,Impacted,0,2,Impacted,1,0.57,0.3941,0.5842,0.3146,1
P0060,Impacted,1,0,Healthy,0,0.753,0.6052,0.7728,0.3305,1
P0060,Impacted,1,1,Impacted,1,0.753,0.6052,0.763,0.2856,1
P0060,Impacted,1,2,Impacted,1,0.753,0.6052,0.565,0.1664,1
P0060,Impacted,2,0,Impacted,1,0.79,0.5809,0.6906,0.2245,1
P0060,Impacted,2,1,Impacted,1,0.79,0.5809,0.6176,0.1901,1
P0060,Impacted,2,2,Impacted,1,0.79,0.5809,0.6033,0.1698,1
P0060,Healthy,19,0,Healthy,1,0.801,0.7628,0.958,0.2622,1
P0060,Healthy,19,1,Healthy,1,0.801,0.7628,0.8742,0.2405,1
P0060,Healthy,19,2,Healthy,1,0.801,0.7628,0.9502,0.2622,1
P0060,Healthy,21,0,Healthy,1,0.751,0.6371,0.8784,0.3139,1
P0060,Healthy,21,1,Healthy,1,0.751,0.6371,0.4962,0.0856,0
P0060,Healthy,21,2,Healthy,1,0.751,0.6371,0.7984,0.2881,1
P0060,Impacted,4,0,Impacted,1,0.833,0.7118,0.8579,0.2624,1
P0060,Impacted,4,1,Impacted,1,0.833,0.7118,0.6648,0.1182,0
P0060,Impacted,4,2,Impacted,1,0.833,0.7118,0.6314,0.1065,0
P0582,Healthy,1,0,Healthy,1,0.744,0.7438,0.9562,0.2689,1
P0582,Healthy,1,1,Healthy,1,0.744,0.7438,0.931,0.269,1
P0582,Healthy,1,2,Healthy,1,0.744,0.7438,0.8261,0.2664,1
P0582,Endodontics,0,0,Endodontics,1,0.87,0.771,0.9299,0.2594,1
P0582,Endodontics,0,1,Endodontics,1,0.87,0.771,0.8682,0.2594,1
P0582,Endodontics,0,2,Endodontics,1,0.87,0.771,0.8827,0.2594,1
P0582,Endodontics,1,0,Endodontics,1,0.732,0.5992,0.8611,0.3338,1
P0582,Endodontics,1,1,Endodontics,1,0.732,0.5992,0.7207,0.3338,1
P0582,Endodontics,1,2,Endodontics,1,0.732,0.5992,0.8666,0.3338,1
P0582,Endodontics,2,0,Endodontics,1,0.804,0.6858,0.9019,0.2917,1
P0582,Endodontics,2,1,Endodontics,1,0.804,0.6858,0.7946,0.2779,1
P0582,Endodontics,2,2,Endodontics,1,0.804,0.6858,0.8175,0.253,1
P0583,Healthy,0,0,Healthy,1,0.848,0.7197,0.8024,0.2762,1
P0583,Healthy,0,1,Healthy,1,0.848,0.7197,0.87,0.2776,1
P0583,Healthy,0,2,Healthy,1,0.848,0.7197,0.7136,0.1936,0
P0583,Healthy,1,0,Healthy,1,0.874,0.6678,0.9027,0.2921,1
P0583,Healthy,1,1,Healthy,1,0.874,0.6678,0.682,0.2017,1
P0583,Healthy,1,2,Healthy,1,0.874,0.6678,0.7776,0.2917,1
P0585,Impacted,0,0,Impacted,1,0.849,0.6113,0.7832,0.315,1
P0585,Impacted,0,1,Impacted,1,0.849,0.6113,0.7553,0.3059,1
P0585,Impacted,0,2,Impacted,1,0.849,0.6113,0.4627,0.1214,0
P0585,Healthy,11,0,Healthy,1,0.687,0.394,0.6161,0.2926,1
P0585,Healthy,11,1,Impacted,0,0.687,0.394,0.5676,0.3293,1
P0585,Healthy,11,2,Healthy,1,0.687,0.394,0.3377,0.0936,0
P0585,Impacted,1,0,Impacted,1,0.898,0.6697,0.7643,0.2382,1
P0585,Impacted,1,1,Impacted,1,0.898,0.6697,0.8021,0.2975,1
P0585,Impacted,1,2,Impacted,1,0.898,0.6697,0.6844,0.2167,1
P0585,Healthy,17,0,Healthy,1,0.849,0.5457,0.6523,0.3523,1
P0585,Healthy,17,1,Healthy,1,0.849,0.5457,0.6884,0.2724,1
P0585,Healthy,17,2,Healthy,1,0.849,0.5457,0.7313,0.2957,1
P0585,Impacted,2,0,Impacted,1,0.781,0.6502,0.8463,0.2891,1
P0585,Impacted,2,1,Impacted,1,0.781,0.6502,0.9243,0.3076,1
P0585,Impacted,2,2,Impacted,1,0.781,0.6502,0.934,0.3076,1
P0586,Healthy,15,0,Healthy,1,0.649,0.6563,0.8645,0.2877,1
P0586,Healthy,15,1,Healthy,1,0.649,0.6563,0.8168,0.2479,1
P0586,Healthy,15,2,Healthy,1,0.649,0.6563,0.9661,0.3048,1
P0586,Healthy,16,0,Healthy,1,0.683,0.3577,0.4289,0.2701,1
P0586,Healthy,16,1,Healthy,1,0.683,0.3577,0.3498,0.1741,0
P0586,Healthy,16,2,Healthy,1,0.683,0.3577,0.7201,0.5275,1
P0587,Healthy,12,0,Healthy,1,0.769,0.7387,0.8254,0.2464,1
P0587,Healthy,12,1,Healthy,1,0.769,0.7387,0.8825,0.2647,1
P0587,Healthy,12,2,Healthy,1,0.769,0.7387,0.9562,0.2707,1
P0587,Healthy,18,0,Healthy,1,0.511,0.3238,0.4749,0.3845,1
P0587,Healthy,18,1,Healthy,1,0.511,0.3238,0.4233,0.1856,0
P0587,Healthy,18,2,Healthy,1,0.511,0.3238,0.4784,0.3472,1
P0061,Endodontics,0,0,Endodontics,1,0.846,0.6457,0.8615,0.3098,1
P0061,Endodontics,0,1,Endodontics,1,0.846,0.6457,0.8585,0.3098,1
P0061,Endodontics,0,2,Endodontics,1,0.846,0.6457,0.7882,0.3098,1
P0061,Endodontics,1,0,Endodontics,1,0.768,0.599,0.8909,0.3295,1
P0061,Endodontics,1,1,Endodontics,1,0.768,0.599,0.8572,0.3339,1
P0061,Endodontics,1,2,Endodontics,1,0.768,0.599,0.8327,0.3339,1
P0061,Healthy,1,0,Healthy,1,0.786,0.5311,0.7262,0.3702,1
P0061,Healthy,1,1,Endodontics,0,0.786,0.5311,0.3654,0.0419,0
P0061,Healthy,1,2,Healthy,1,0.786,0.5311,0.8578,0.3354,1
P0061,Endodontics,2,0,Endodontics,1,0.527,0.3035,0.636,0.5661,1
P0061,Endodontics,2,1,Endodontics,1,0.527,0.3035,0.5036,0.3509,1
P0061,Endodontics,2,2,Endodontics,1,0.527,0.3035,0.5279,0.4922,1
P0061,Healthy,5,0,Healthy,1,0.673,0.3264,0.5606,0.5663,1
P0061,Healthy,5,1,Healthy,1,0.673,0.3264,0.6604,0.3918,1
P0061,Healthy,5,2,Healthy,1,0.673,0.3264,0.6409,0.4256,1
P0588,Healthy,0,0,Healthy,1,0.664,0.7989,0.9198,0.2503,1
P0588,Healthy,0,1,Healthy,1,0.664,0.7989,0.984,0.2503,1
P0588,Healthy,0,2,Healthy,1,0.664,0.7989,0.971,0.2503,1
P0588,Healthy,2,0,Healthy,1,0.737,0.6945,0.8877,0.288,1
P0588,Healthy,2,1,Healthy,1,0.737,0.6945,0.8842,0.2844,1
P0588,Healthy,2,2,Healthy,1,0.737,0.6945,0.3609,0.0515,0
P0588,Endodontics,0,0,Endodontics,1,0.825,0.7079,0.9016,0.2825,1
P0588,Endodontics,0,1,Endodontics,1,0.825,0.7079,0.8637,0.2825,1
P0588,Endodontics,0,2,Endodontics,1,0.825,0.7079,0.8284,0.2707,1
P0588,Endodontics,1,0,Endodontics,1,0.665,0.3391,0.6622,0.5283,1
P0588,Endodontics,1,1,Endodontics,1,0.665,0.3391,0.5565,0.3468,1
P0588,Endodontics,1,2,Endodontics,1,0.665,0.3391,0.5474,0.4401,1
P0589,Healthy,6,0,Healthy,1,0.523,0.3969,0.7446,0.4561,1
P0589,Healthy,6,1,Healthy,1,0.523,0.3969,0.3176,0.1361,0
P0589,Healthy,6,2,Healthy,1,0.523,0.3969,0.6998,0.3871,1
P0590,Healthy,18,0,Impacted,0,0.641,0.3466,0.4948,0.4686,1
P0590,Healthy,18,1,Healthy,1,0.641,0.3466,0.624,0.3132,0
P0590,Healthy,18,2,Healthy,1,0.641,0.3466,0.6279,0.4259,1
P0591,Healthy,2,0,Healthy,1,0.587,0.6372,0.8381,0.3139,1
P0591,Healthy,2,1,Healthy,1,0.587,0.6372,0.7854,0.285,1
P0591,Healthy,2,2,Healthy,1,0.587,0.6372,0.789,0.3139,1
P0591,Endodontics,0,0,Endodontics,1,0.584,0.3028,0.5793,0.464,1
P0591,Endodontics,0,1,Endodontics,1,0.584,0.3028,0.5567,0.5315,1
P0591,Endodontics,0,2,Endodontics,1,0.584,0.3028,0.5113,0.4313,1
P0591,Endodontics,1,0,Endodontics,1,0.591,0.3176,0.368,0.2955,1
P0591,Endodontics,1,1,Endodontics,1,0.591,0.3176,0.362,0.1003,0
P0591,Endodontics,1,2,Endodontics,1,0.591,0.3176,0.1452,0.0266,0
P0591,Endodontics,2,0,Endodontics,1,0.517,0.3124,0.563,0.5083,1
P0591,Endodontics,2,1,Endodontics,1,0.517,0.3124,0.5615,0.3491,1
P0591,Endodontics,2,2,Endodontics,1,0.517,0.3124,0.4633,0.3882,1
P0591,Endodontics,4,0,Healthy,0,0.603,0.6109,0.8326,0.3263,1
P0591,Endodontics,4,1,Endodontics,1,0.603,0.6109,0.729,0.2453,1
P0591,Endodontics,4,2,Healthy,0,0.603,0.6109,0.6128,0.1667,1
P0591,Endodontics,5,0,Endodontics,1,0.709,0.7791,0.9126,0.2567,1
P0591,Endodontics,5,1,Endodontics,1,0.709,0.7791,0.9281,0.2567,1
P0591,Endodontics,5,2,Endodontics,1,0.709,0.7791,0.9042,0.2567,1
P0591,Endodontics,6,0,Endodontics,1,0.816,0.863,0.9777,0.2318,1
P0591,Endodontics,6,1,Endodontics,1,0.816,0.863,0.9824,0.2318,1
P0591,Endodontics,6,2,Endodontics,1,0.816,0.863,0.9291,0.2318,1
P0591,Endodontics,7,0,Endodontics,1,0.899,0.7752,0.9919,0.2581,1
P0591,Endodontics,7,1,Endodontics,1,0.899,0.7752,0.8919,0.258,1
P0591,Endodontics,7,2,Endodontics,1,0.899,0.7752,0.9641,0.258,1
P0592,Healthy,5,0,Healthy,1,0.821,0.6029,0.7555,0.2944,1
P0592,Healthy,5,1,Healthy,1,0.821,0.6029,0.7668,0.2826,1
P0592,Healthy,5,2,Healthy,1,0.821,0.6029,0.7276,0.2525,1
P0592,Healthy,6,0,Healthy,1,0.66,0.3875,0.702,0.4585,1
P0592,Healthy,6,1,Healthy,1,0.66,0.3875,0.3415,0.114,1
P0592,Healthy,6,2,Healthy,1,0.66,0.3875,0.6466,0.4208,1
P0592,Endodontics,0,0,Endodontics,1,0.792,0.7553,0.95,0.2648,1
P0592,Endodontics,0,1,Endodontics,1,0.792,0.7553,0.8215,0.2314,1
P0592,Endodontics,0,2,Endodontics,1,0.792,0.7553,0.8384,0.2588,1
P0592,Endodontics,1,0,Endodontics,1,0.8,0.8551,0.9574,0.2339,1
P0592,Endodontics,1,1,Endodontics,1,0.8,0.8551,0.9536,0.2339,1
P0592,Endodontics,1,2,Endodontics,1,0.8,0.8551,0.9494,0.2339,1
P0592,Endodontics,2,0,Endodontics,1,0.834,0.7483,0.9317,0.2673,1
P0592,Endodontics,2,1,Endodontics,1,0.834,0.7483,0.8787,0.2673,1
P0592,Endodontics,2,2,Endodontics,1,0.834,0.7483,0.9773,0.2673,1
P0593,Healthy,7,0,Healthy,1,0.726,0.7621,0.9281,0.2625,1
P0593,Healthy,7,1,Healthy,1,0.726,0.7621,0.8897,0.2625,1
P0593,Healthy,7,2,Healthy,1,0.726,0.7621,0.8667,0.2625,1
P0593,Healthy,10,0,Healthy,1,0.73,0.4455,0.6274,0.3985,1
P0593,Healthy,10,1,Healthy,1,0.73,0.4455,0.6,0.2898,1
P0593,Healthy,10,2,Healthy,1,0.73,0.4455,0.6423,0.3247,0
P0594,Healthy,0,0,Healthy,1,0.573,0.3333,0.3936,0.1494,1
P0594,Healthy,0,1,Impacted,0,0.573,0.3333,0.2556,0.0832,0
P0594,Healthy,0,2,Healthy,1,0.573,0.3333,0.4604,0.2126,1
P0594,Healthy,1,0,Healthy,1,0.756,0.4431,0.6225,0.3671,1
P0594,Healthy,1,1,Healthy,1,0.756,0.4431,0.6701,0.2736,1
P0594,Healthy,1,2,Healthy,1,0.756,0.4431,0.5205,0.1801,1
P0596,Healthy,0,0,Healthy,1,0.846,0.7366,0.7906,0.2006,0
P0596,Healthy,0,1,Healthy,1,0.846,0.7366,0.9625,0.2715,1
P0596,Healthy,0,2,Healthy,1,0.846,0.7366,0.8553,0.2675,1
P0596,Healthy,2,0,Impacted,0,0.528,0.3303,0.5476,0.4356,1
P0596,Healthy,2,1,Impacted,0,0.528,0.3303,0.5403,0.3641,1
P0596,Healthy,2,2,Impacted,0,0.528,0.3303,0.5218,0.475,1
P0596,Impacted,0,0,Impacted,1,0.517,0.4242,0.5808,0.3645,0
P0596,Impacted,0,1,Impacted,1,0.517,0.4242,0.7614,0.4702,1
P0596,Impacted,0,2,Impacted,1,0.517,0.4242,0.643,0.4485,1
P0596,Endodontics,0,0,Endodontics,1,0.574,0.3376,0.6196,0.4341,1
P0596,Endodontics,0,1,Endodontics,1,0.574,0.3376,0.5293,0.4321,1
P0596,Endodontics,0,2,Endodontics,1,0.574,0.3376,0.4952,0.424,1
P0596,Endodontics,1,0,Endodontics,1,0.744,0.6723,0.8442,0.2975,1
P0596,Endodontics,1,1,Endodontics,1,0.744,0.6723,0.8667,0.2803,1
P0596,Endodontics,1,2,Endodontics,1,0.744,0.6723,0.8346,0.2901,1
P0596,Endodontics,3,0,Endodontics,1,0.525,0.2656,0.4776,0.5172,1
P0596,Endodontics,3,1,Endodontics,1,0.525,0.2656,0.4376,0.4069,1
P0596,Endodontics,3,2,Endodontics,1,0.525,0.2656,0.3576,0.1787,0
P0597,Healthy,3,0,Healthy,1,0.783,0.451,0.688,0.3677,1
P0597,Healthy,3,1,Healthy,1,0.783,0.451,0.5783,0.2531,1
P0597,Healthy,3,2,Healthy,1,0.783,0.451,0.6989,0.36,1
P0597,Impacted,0,0,Impacted,1,0.822,0.6538,0.838,0.265,1
P0597,Impacted,0,1,Impacted,1,0.822,0.6538,0.8485,0.2755,1
P0597,Impacted,0,2,Impacted,1,0.822,0.6538,0.7608,0.3059,1
P0597,Healthy,9,0,Healthy,1,0.732,0.3745,0.5398,0.3921,1
P0597,Healthy,9,1,Healthy,1,0.732,0.3745,0.7132,0.3286,1
P0597,Healthy,9,2,Healthy,1,0.732,0.3745,0.5536,0.2408,0
P0597,Impacted,1,0,Impacted,1,0.615,0.5144,0.5881,0.1759,0
P0597,Impacted,1,1,Impacted,1,0.615,0.5144,0.6257,0.2938,1
P0597,Impacted,1,2,Impacted,1,0.615,0.5144,0.5601,0.1477,0
P0597,Impacted,2,0,Impacted,1,0.777,0.7135,0.7518,0.2624,1
P0597,Impacted,2,1,Impacted,1,0.777,0.7135,0.7717,0.1988,1
P0597,Impacted,2,2,Impacted,1,0.777,0.7135,0.8081,0.2676,1
P0599,Endodontics,0,0,Endodontics,1,0.778,0.6135,0.9324,0.326,1
P0599,Endodontics,0,1,Endodontics,1,0.778,0.6135,0.9217,0.326,1
P0599,Endodontics,0,2,Endodontics,1,0.778,0.6135,0.8424,0.326,1
P0599,Healthy,1,0,Healthy,1,0.763,0.6666,0.8149,0.2727,1
P0599,Healthy,1,1,Healthy,1,0.763,0.6666,0.7931,0.2795,1
P0599,Healthy,1,2,Healthy,1,0.763,0.6666,0.893,0.3001,1
P0601,Healthy,8,0,Healthy,1,0.816,0.4606,0.7364,0.4011,1
P0601,Healthy,8,1,Healthy,1,0.816,0.4606,0.6497,0.2702,1
P0601,Healthy,8,2,Healthy,1,0.816,0.4606,0.5684,0.2154,1
P0603,Endodontics,0,0,Endodontics,1,0.816,0.761,0.9153,0.2628,1
P0603,Endodontics,0,1,Endodontics,1,0.816,0.761,0.9402,0.2628,1
P0603,Endodontics,0,2,Endodontics,1,0.816,0.761,0.9411,0.2628,1
P0603,Endodontics,1,0,Endodontics,1,0.798,0.6637,0.8395,0.2978,1
P0603,Endodontics,1,1,Endodontics,1,0.798,0.6637,0.6868,0.2203,1
P0603,Endodontics,1,2,Endodontics,1,0.798,0.6637,0.8073,0.2759,1
P0603,Healthy,0,0,Healthy,1,0.724,0.3524,0.5121,0.3684,1
P0603,Healthy,0,1,Endodontics,0,0.724,0.3524,0.3089,0.0458,0
P0603,Healthy,0,2,Healthy,1,0.724,0.3524,0.5795,0.3639,0
P0606,Healthy,5,0,Healthy,1,0.809,0.6425,0.8479,0.3113,1
P0606,Healthy,5,1,Impacted,0,0.809,0.6425,0.7316,0.2316,1
P0606,Healthy,5,2,Impacted,0,0.809,0.6425,0.5071,0.075,0
P0606,Endodontics,0,0,Endodontics,1,0.773,0.7057,0.8581,0.2834,1
P0606,Endodontics,0,1,Endodontics,1,0.773,0.7057,0.8367,0.2731,1
P0606,Endodontics,0,2,Endodontics,1,0.773,0.7057,0.9089,0.2834,1
P0606,Healthy,11,0,Healthy,1,0.568,0.5695,0.6529,0.2513,1
P0606,Healthy,11,1,Healthy,1,0.568,0.5695,0.8826,0.3298,1
P0606,Healthy,11,2,Healthy,1,0.568,0.5695,0.7808,0.3044,1
P0606,Endodontics,1,0,Endodontics,1,0.688,0.3563,0.7154,0.5213,1
P0606,Endodontics,1,1,Endodontics,1,0.688,0.3563,0.6299,0.4915,1
P0606,Endodontics,1,2,Endodontics,1,0.688,0.3563,0.5932,0.3965,1
P0607,Healthy,2,0,Healthy,1,0.766,0.6499,0.7942,0.3068,1
P0607,Healthy,2,1,Healthy,1,0.766,0.6499,0.7841,0.3077,1
P0607,Healthy,2,2,Healthy,1,0.766,0.6499,0.8828,0.3077,1
P0608,Healthy,0,0,Healthy,1,0.717,0.5697,0.7608,0.3372,1
P0608,Healthy,0,1,Healthy,1,0.717,0.5697,0.4173,0.1341,0
P0608,Healthy,0,2,Healthy,1,0.717,0.5697,0.788,0.3249,1
P0609,Healthy,7,0,Healthy,1,0.844,0.7438,0.922,0.2689,1
P0609,Healthy,7,1,Healthy,1,0.844,0.7438,0.9761,0.2689,1
P0609,Healthy,7,2,Healthy,1,0.844,0.7438,0.8246,0.2536,1
P0610,Endodontics,0,0,Endodontics,1,0.825,0.6223,0.9531,0.3214,1
P0610,Endodontics,0,1,Endodontics,1,0.825,0.6223,0.9162,0.3214,1
P0610,Endodontics,0,2,Endodontics,1,0.825,0.6223,0.591,0.2168,1
P0610,Endodontics,1,0,Endodontics,1,0.832,0.8026,0.9501,0.2492,1
P0610,Endodontics,1,1,Endodontics,1,0.832,0.8026,0.9065,0.2492,1
P0610,Endodontics,1,2,Endodontics,1,0.832,0.8026,0.866,0.2488,1
P0610,Impacted,0,0,Impacted,1,0.534,0.4312,0.7329,0.4152,1
P0610,Impacted,0,1,Impacted,1,0.534,0.4312,0.7313,0.4375,1
P0610,Impacted,0,2,Impacted,1,0.534,0.4312,0.7771,0.3872,1
P0610,Endodontics,2,0,Endodontics,1,0.585,0.3419,0.6268,0.4555,1
P0610,Endodontics,2,1,Endodontics,1,0.585,0.3419,0.5741,0.5148,1
P0610,Endodontics,2,2,Endodontics,1,0.585,0.3419,0.5852,0.4884,1
P0610,Healthy,13,0,Healthy,1,0.852,0.6726,0.8424,0.2974,1
P0610,Healthy,13,1,Healthy,1,0.852,0.6726,0.7959,0.2066,0
P0610,Healthy,13,2,Healthy,1,0.852,0.6726,0.9325,0.2953,1
P0611,Endodontics,0,0,Endodontics,1,0.647,0.7067,0.862,0.283,1
P0611,Endodontics,0,1,Endodontics,1,0.647,0.7067,0.8297,0.2805,1
P0611,Endodontics,0,2,Endodontics,1,0.647,0.7067,0.9077,0.283,1
P0611,Healthy,9,0,Healthy,1,0.688,0.7204,0.8985,0.2776,1
P0611,Healthy,9,1,Healthy,1,0.688,0.7204,0.8824,0.2776,1
P0611,Healthy,9,2,Healthy,1,0.688,0.7204,0.9676,0.2776,1
P0611,Healthy,15,0,Healthy,1,0.686,0.4721,0.6452,0.2366,1
P0611,Healthy,15,1,Healthy,1,0.686,0.4721,0.5552,0.2144,1
P0611,Healthy,15,2,Healthy,1,0.686,0.4721,0.6695,0.2625,1
P0612,Healthy,5,0,Healthy,1,0.764,0.5835,0.6719,0.2481,1
P0612,Healthy,5,1,Healthy,1,0.764,0.5835,0.6664,0.2765,1
P0612,Healthy,5,2,Healthy,1,0.764,0.5835,0.7952,0.3372,1
P0612,Healthy,7,0,Healthy,1,0.832,0.6568,0.7902,0.2655,1
P0612,Healthy,7,1,Healthy,1,0.832,0.6568,0.8377,0.2642,1
P0612,Healthy,7,2,Healthy,1,0.832,0.6568,0.8427,0.2583,1
P0613,Healthy,5,0,Healthy,1,0.774,0.7161,0.8388,0.2286,1
P0613,Healthy,5,1,Healthy,1,0.774,0.7161,0.984,0.2781,1
P0613,Healthy,5,2,Healthy,1,0.774,0.7161,0.9678,0.2793,1
P0613,Healthy,15,0,Healthy,1,0.84,0.6059,0.8069,0.3298,1
P0613,Healthy,15,1,Healthy,1,0.84,0.6059,0.7375,0.2386,1
P0613,Healthy,15,2,Endodontics,0,0.84,0.6059,0.6427,0.1894,1
P0614,Healthy,7,0,Healthy,1,0.683,0.5429,0.7133,0.3627,1
P0614,Healthy,7,1,Healthy,1,0.683,0.5429,0.8196,0.3525,1
P0614,Healthy,7,2,Healthy,1,0.683,0.5429,0.7588,0.2826,0
P0614,Healthy,15,0,Healthy,1,0.572,0.4353,0.6442,0.446,1
P0614,Healthy,15,1,Healthy,1,0.572,0.4353,0.7723,0.3278,1
P0614,Healthy,15,2,Healthy,1,0.572,0.4353,0.6585,0.3161,1
P0615,Endodontics,0,0,Endodontics,1,0.629,0.7503,0.9038,0.2666,1
P0615,Endodontics,0,1,Endodontics,1,0.629,0.7503,0.8984,0.2666,1
P0615,Endodontics,0,2,Endodontics,1,0.629,0.7503,0.8238,0.2578,1
P0615,Endodontics,1,0,Endodontics,1,0.79,0.6965,0.9319,0.2872,1
P0615,Endodontics,1,1,Endodontics,1,0.79,0.6965,0.9604,0.2872,1
P0615,Endodontics,1,2,Endodontics,1,0.79,0.6965,0.8551,0.2872,1
P0615,Healthy,2,0,Healthy,1,0.853,0.7762,0.9286,0.2577,1
P0615,Healthy,2,1,Healthy,1,0.853,0.7762,0.8729,0.2577,1
P0615,Healthy,2,2,Healthy,1,0.853,0.7762,0.8643,0.2551,1
P0616,Healthy,1,0,Healthy,1,0.879,0.6512,0.8072,0.274,1
P0616,Healthy,1,1,Healthy,1,0.879,0.6512,0.8653,0.3071,1
P0616,Healthy,1,2,Healthy,1,0.879,0.6512,0.8963,0.2935,1
P0616,Healthy,2,0,Healthy,1,0.806,0.7246,0.8628,0.276,1
P0616,Healthy,2,1,Healthy,1,0.806,0.7246,0.9001,0.2547,1
P0616,Healthy,2,2,Healthy,1,0.806,0.7246,0.7483,0.1706,1
P0617,Healthy,3,0,Healthy,1,0.854,0.6432,0.8398,0.3031,1
P0617,Healthy,3,1,Healthy,1,0.854,0.6432,0.9305,0.3109,1
P0617,Healthy,3,2,Healthy,1,0.854,0.6432,0.7557,0.3109,1
P0618,Healthy,0,0,Healthy,1,0.763,0.67,0.8899,0.2831,1
P0618,Healthy,0,1,Healthy,1,0.763,0.67,0.9224,0.2976,1
P0618,Healthy,0,2,Healthy,1,0.763,0.67,0.918,0.2985,1
P0618,Healthy,1,0,Healthy,1,0.813,0.6565,0.8885,0.3046,1
P0618,Healthy,1,1,Healthy,1,0.813,0.6565,0.8415,0.3046,1
P0618,Healthy,1,2,Healthy,1,0.813,0.6565,0.8448,0.294,1
P0619,Healthy,3,0,Healthy,1,0.822,0.6716,0.688,0.1844,1
P0619,Healthy,3,1,Healthy,1,0.822,0.6716,0.7569,0.2627,1
P0619,Healthy,3,2,Healthy,1,0.822,0.6716,0.3801,0.0688,0
P0619,Healthy,19,0,Healthy,1,0.821,0.6134,0.7859,0.2879,1
P0619,Healthy,19,1,Healthy,1,0.821,0.6134,0.7679,0.312,1
P0619,Healthy,19,2,Healthy,1,0.821,0.6134,0.7709,0.2453,1
P0620,Endodontics,0,0,Endodontics,1,0.762,0.3778,0.7053,0.4899,1
P0620,Endodontics,0,1,Endodontics,1,0.762,0.3778,0.5004,0.3617,0
P0620,Endodontics,0,2,Endodontics,1,0.762,0.3778,0.5759,0.3925,1
P0620,Healthy,3,0,Healthy,1,0.746,0.6432,0.8328,0.2933,1
P0620,Healthy,3,1,Healthy,1,0.746,0.6432,0.8628,0.2971,1
P0620,Healthy,3,2,Healthy,1,0.746,0.6432,0.7689,0.3008,1
P0621,Healthy,5,0,Healthy,1,0.803,0.6306,0.7723,0.3168,1
P0621,Healthy,5,1,Healthy,1,0.803,0.6306,0.9012,0.3172,1
P0621,Healthy,5,2,Healthy,1,0.803,0.6306,0.7491,0.232,1
P0621,Healthy,17,0,Healthy,1,0.739,0.575,0.832,0.3375,1
P0621,Healthy,17,1,Healthy,1,0.739,0.575,0.7687,0.2806,1
P0621,Healthy,17,2,Healthy,1,0.739,0.575,0.8119,0.2976,1
P0622,Healthy,0,0,Healthy,1,0.879,0.5815,0.7805,0.2868,1
P0622,Healthy,0,1,Healthy,1,0.879,0.5815,0.6353,0.218,1
P0622,Healthy,0,2,Healthy,1,0.879,0.5815,0.7305,0.2754,0
P0622,Healthy,2,0,Healthy,1,0.793,0.7234,0.8924,0.2765,1
P0622,Healthy,2,1,Healthy,1,0.793,0.7234,0.8751,0.2671,1
P0622,Healthy,2,2,Healthy,1,0.793,0.7234,0.9021,0.2765,1
P0622,Endodontics,0,0,Endodontics,1,0.784,0.7462,0.9401,0.268,1
P0622,Endodontics,0,1,Endodontics,1,0.784,0.7462,0.8146,0.2615,1
P0622,Endodontics,0,2,Endodontics,1,0.784,0.7462,0.8139,0.2466,1
P0622,Endodontics,1,0,Endodontics,1,0.836,0.8019,0.9086,0.2494,1
P0622,Endodontics,1,1,Endodontics,1,0.836,0.8019,0.9677,0.2494,1
P0622,Endodontics,1,2,Endodontics,1,0.836,0.8019,0.7318,0.1727,1
P0622,Endodontics,2,0,Endodontics,1,0.526,0.3442,0.6312,0.4943,1
P0622,Endodontics,2,1,Endodontics,1,0.526,0.3442,0.6035,0.5229,1
P0622,Endodontics,2,2,Endodontics,1,0.526,0.3442,0.3962,0.2858,1
P0623,Healthy,1,0,Healthy,1,0.756,0.7473,0.9239,0.2676,1
P0623,Healthy,1,1,Healthy,1,0.756,0.7473,0.8428,0.2491,1
P0623,Healthy,1,2,Healthy,1,0.756,0.7473,0.9242,0.2647,1
P0624,Healthy,9,0,Healthy,1,0.728,0.5585,0.7164,0.3546,1
P0624,Healthy,9,1,Healthy,1,0.728,0.5585,0.6562,0.2534,1
P0624,Healthy,9,2,Healthy,1,0.728,0.5585,0.6886,0.3229,1
P0625,Healthy,0,0,Healthy,1,0.743,0.7516,0.8754,0.2661,1
P0625,Healthy,0,1,Healthy,1,0.743,0.7516,0.9201,0.2661,1
P0625,Healthy,0,2,Healthy,1,0.743,0.7516,0.8956,0.2661,1
P0625,Healthy,5,0,Healthy,1,0.587,0.4384,0.5806,0.3494,1
P0625,Healthy,5,1,Healthy,1,0.587,0.4384,0.5851,0.2942,1
P0625,Healthy,5,2,Healthy,1,0.587,0.4384,0.6411,0.386,1
P0626,Healthy,0,0,Healthy,1,0.784,0.8922,0.9568,0.2242,1
P0626,Healthy,0,1,Healthy,1,0.784,0.8922,0.9723,0.2242,1
P0626,Healthy,0,2,Healthy,1,0.784,0.8922,0.7512,0.147,1
P0627,Healthy,0,0,Healthy,1,0.835,0.7409,0.9315,0.2678,1
P0627,Healthy,0,1,Healthy,1,0.835,0.7409,0.8688,0.27,1
P0627,Healthy,0,2,Healthy,1,0.835,0.7409,0.8754,0.27,1
P0627,Healthy,1,0,Healthy,1,0.806,0.8521,0.9657,0.2347,1
P0627,Healthy,1,1,Healthy,1,0.806,0.8521,0.95,0.2347,1
P0627,Healthy,1,2,Healthy,1,0.806,0.8521,0.8879,0.2216,1
P0627,Endodontics,0,0,Endodontics,1,0.724,0.6785,0.9408,0.2948,1
P0627,Endodontics,0,1,Endodontics,1,0.724,0.6785,0.8938,0.2925,1
P0627,Endodontics,0,2,Endodontics,1,0.724,0.6785,0.8586,0.2948,1
P0628,Healthy,5,0,Healthy,1,0.705,0.6111,0.7479,0.3048,1
P0628,Healthy,5,1,Healthy,1,0.705,0.6111,0.7867,0.3009,1
P0628,Healthy,5,2,Healthy,1,0.705,0.6111,0.6846,0.2763,1
P0628,Healthy,16,0,Healthy,1,0.749,0.4135,0.4818,0.2227,0
P0628,Healthy,16,1,Healthy,1,0.749,0.4135,0.4627,0.1809,1
P0628,Healthy,16,2,Healthy,1,0.749,0.4135,0.5065,0.2277,1
P0628,Endodontics,0,0,Endodontics,1,0.527,0.2797,0.589,0.436,1
P0628,Endodontics,0,1,Endodontics,1,0.527,0.2797,0.6417,0.535,1
P0628,Endodontics,0,2,Endodontics,1,0.527,0.2797,0.5135,0.4851,1
P0628,Endodontics,1,0,Endodontics,1,0.588,0.2949,0.5659,0.3976,1
P0628,Endodontics,1,1,Endodontics,1,0.588,0.2949,0.3829,0.1617,0
P0628,Endodontics,1,2,Endodontics,1,0.588,0.2949,0.3291,0.1341,0
P0629,Healthy,4,0,Healthy,1,0.71,0.7063,0.7449,0.2606,1
P0629,Healthy,4,1,Healthy,1,0.71,0.7063,0.5213,0.0963,0
P0629,Healthy,4,2,Healthy,1,0.71,0.7063,0.6884,0.2345,1
P0629,Healthy,6,0,Healthy,1,0.853,0.7381,0.8686,0.271,1
P0629,Healthy,6,1,Healthy,1,0.853,0.7381,0.9011,0.271,1
P0629,Healthy,6,2,Healthy,1,0.853,0.7381,0.8262,0.2701,1
P0630,Endodontics,0,0,Endodontics,1,0.785,0.7644,0.9361,0.2616,1
P0630,Endodontics,0,1,Endodontics,1,0.785,0.7644,0.8618,0.2616,1
P0630,Endodontics,0,2,Endodontics,1,0.785,0.7644,0.9661,0.2617,1
P0630,Healthy,9,0,Healthy,1,0.654,0.4459,0.5586,0.2585,0
P0630,Healthy,9,1,Healthy,1,0.654,0.4459,0.7252,0.3704,0
P0630,Healthy,9,2,Healthy,1,0.654,0.4459,0.7596,0.4137,1
P0631,Healthy,3,0,Healthy,1,0.761,0.5765,0.8763,0.3469,1
P0631,Healthy,3,1,Impacted,0,0.761,0.5765,0.8906,0.3469,1
P0631,Healthy,3,2,Healthy,1,0.761,0.5765,0.8688,0.3126,1
P0631,Endodontics,0,0,Endodontics,1,0.628,0.3633,0.5675,0.3324,1
P0631,Endodontics,0,1,Endodontics,1,0.628,0.3633,0.5306,0.4422,1
P0631,Endodontics,0,2,Endodontics,1,0.628,0.3633,0.5276,0.3934,1
P0633,Endodontics,0,0,Endodontics,1,0.648,0.6836,0.9109,0.2926,1
P0633,Endodontics,0,1,Endodontics,1,0.648,0.6836,0.762,0.2789,1
P0633,Endodontics,0,2,Endodontics,1,0.648,0.6836,0.9073,0.2926,1
P0633,Healthy,2,0,Healthy,1,0.707,0.6212,0.8383,0.3143,1
P0633,Healthy,2,1,Healthy,1,0.707,0.6212,0.7659,0.2981,1
P0633,Healthy,2,2,Healthy,1,0.707,0.6212,0.7963,0.2916,1
P0633,Healthy,3,0,Healthy,1,0.779,0.6493,0.8405,0.2694,1
P0633,Healthy,3,1,Healthy,1,0.779,0.6493,0.7078,0.2175,0
P0633,Healthy,3,2,Healthy,1,0.779,0.6493,0.7602,0.2133,1
P0633,Endodontics,1,0,Endodontics,1,0.537,0.3167,0.5361,0.2831,1
P0633,Endodontics,1,1,Endodontics,1,0.537,0.3167,0.4304,0.2922,1
P0633,Endodontics,1,2,Endodontics,1,0.537,0.3167,0.468,0.5431,1
P0635,Healthy,7,0,Healthy,1,0.587,0.6051,0.847,0.3305,1
P0635,Healthy,7,1,Healthy,1,0.587,0.6051,0.7166,0.2209,1
P0635,Healthy,7,2,Healthy,1,0.587,0.6051,0.7478,0.28,1
P0635,Healthy,13,0,Healthy,1,0.591,0.3152,0.4819,0.3748,1
P0635,Healthy,13,1,Healthy,1,0.591,0.3152,0.6245,0.315,1
P0635,Healthy,13,2,Healthy,1,0.591,0.3152,0.4485,0.3915,1
P0636,Healthy,8,0,Healthy,1,0.74,0.8761,0.9709,0.2283,1
P0636,Healthy,8,1,Healthy,1,0.74,0.8761,0.9916,0.2283,1
P0636,Healthy,8,2,Healthy,1,0.74,0.8761,0.9696,0.2283,1
P0636,Healthy,12,0,Healthy,1,0.714,0.5618,0.7636,0.309,1
P0636,Healthy,12,1,Healthy,1,0.714,0.5618,0.6401,0.2675,1
P0636,Healthy,12,2,Healthy,1,0.714,0.5618,0.7094,0.3261,1
P0637,Endodontics,0,0,Endodontics,1,0.79,0.5782,0.6796,0.325,1
P0637,Endodontics,0,1,Endodontics,1,0.79,0.5782,0.759,0.2668,1
P0637,Endodontics,0,2,Endodontics,1,0.79,0.5782,0.6803,0.2592,1
P0637,Healthy,3,0,Healthy,1,0.631,0.6182,0.8411,0.3236,1
P0637,Healthy,3,1,Healthy,1,0.631,0.6182,0.8282,0.3144,1
P0637,Healthy,3,2,Healthy,1,0.631,0.6182,0.8438,0.3236,1
P0638,Impacted,0,0,Impacted,1,0.538,0.465,0.7502,0.3904,1
P0638,Impacted,0,1,Impacted,1,0.538,0.465,0.7202,0.3182,1
P0638,Impacted,0,2,Impacted,1,0.538,0.465,0.7891,0.4174,1
P0638,Healthy,9,0,Healthy,1,0.6,0.3318,0.5053,0.3212,1
P0638,Healthy,9,1,Healthy,1,0.6,0.3318,0.336,0.1175,1
P0638,Healthy,9,2,Healthy,1,0.6,0.3318,0.5883,0.4037,1
P0638,Healthy,20,0,Healthy,1,0.561,0.4023,0.5686,0.3914,1
P0638,Healthy,20,1,Healthy,1,0.561,0.4023,0.4651,0.1932,0
P0638,Healthy,20,2,Healthy,1,0.561,0.4023,0.6232,0.3808,1
P0639,Healthy,10,0,Healthy,1,0.76,0.602,0.8799,0.3264,1
P0639,Healthy,10,1,Healthy,1,0.76,0.602,0.6101,0.2078,0
P0639,Healthy,10,2,Healthy,1,0.76,0.602,0.8377,0.2955,1
P0639,Endodontics,0,0,Endodontics,1,0.677,0.3593,0.6858,0.5118,1
P0639,Endodontics,0,1,Endodontics,1,0.677,0.3593,0.6892,0.4532,1
P0639,Endodontics,0,2,Endodontics,1,0.677,0.3593,0.5635,0.4684,1
P0639,Endodontics,2,0,Endodontics,1,0.65,0.361,0.3869,0.1429,0
P0639,Endodontics,2,1,Endodontics,1,0.65,0.361,0.368,0.1094,0
P0639,Endodontics,2,2,Endodontics,1,0.65,0.361,0.5715,0.303,1
P0640,Endodontics,0,0,Endodontics,1,0.684,0.7791,0.9591,0.2567,1
P0640,Endodontics,0,1,Endodontics,1,0.684,0.7791,0.9501,0.2567,1
P0640,Endodontics,0,2,Endodontics,1,0.684,0.7791,0.9502,0.2567,1
P0640,Endodontics,1,0,Endodontics,1,0.745,0.7765,0.982,0.2576,1
P0640,Endodontics,1,1,Endodontics,1,0.745,0.7765,0.9613,0.2576,1
P0640,Endodontics,1,2,Endodontics,1,0.745,0.7765,0.8047,0.2342,1
P0640,Endodontics,2,0,Endodontics,1,0.761,0.7347,0.9199,0.2722,1
P0640,Endodontics,2,1,Endodontics,1,0.761,0.7347,0.9831,0.2722,1
P0640,Endodontics,2,2,Endodontics,1,0.761,0.7347,0.8726,0.2722,1
P0640,Endodontics,3,0,Endodontics,1,0.814,0.7101,0.9186,0.2817,1
P0640,Endodontics,3,1,Endodontics,1,0.814,0.7101,0.8999,0.2817,1
P0640,Endodontics,3,2,Endodontics,1,0.814,0.7101,0.9358,0.2817,1
P0640,Healthy,3,0,Healthy,1,0.772,0.8514,0.9285,0.2349,1
P0640,Healthy,3,1,Healthy,1,0.772,0.8514,0.962,0.2349,1
P0640,Healthy,3,2,Healthy,1,0.772,0.8514,0.9892,0.2349,1
P0640,Healthy,9,0,Healthy,1,0.722,0.7209,0.8248,0.2757,1
P0640,Healthy,9,1,Healthy,1,0.722,0.7209,0.9436,0.2775,1
P0640,Healthy,9,2,Healthy,1,0.722,0.7209,0.8186,0.2775,1
P0064,Healthy,6,0,Healthy,1,0.646,0.5258,0.7913,0.3804,1
P0064,Healthy,6,1,Healthy,1,0.646,0.5258,0.3146,0.1015,0
P0064,Healthy,6,2,Healthy,1,0.646,0.5258,0.7072,0.2549,1
P0641,Healthy,2,0,Healthy,1,0.782,0.7371,0.9289,0.2713,1
P0641,Healthy,2,1,Healthy,1,0.782,0.7371,0.7153,0.1726,0
P0641,Healthy,2,2,Healthy,1,0.782,0.7371,0.9581,0.2672,1
P0642,Healthy,1,0,Healthy,1,0.855,0.7194,0.8351,0.2411,1
P0642,Healthy,1,1,Healthy,1,0.855,0.7194,0.8569,0.2616,1
P0642,Healthy,1,2,Healthy,1,0.855,0.7194,0.8897,0.278,1
P0642,Healthy,3,0,Healthy,1,0.635,0.3743,0.5458,0.3388,1
P0642,Healthy,3,1,Healthy,1,0.635,0.3743,0.5739,0.3507,1
P0642,Healthy,3,2,Healthy,1,0.635,0.3743,0.5915,0.4359,1
P0065,Healthy,6,0,Healthy,1,0.86,0.7345,0.8907,0.2387,1
P0065,Healthy,6,1,Healthy,1,0.86,0.7345,0.9191,0.2698,1
P0065,Healthy,6,2,Healthy,1,0.86,0.7345,0.9363,0.2716,1
P0065,Endodontics,0,0,Endodontics,1,0.589,0.3349,0.7167,0.5335,1
P0065,Endodontics,0,1,Endodontics,1,0.589,0.3349,0.5337,0.3606,1
P0065,Endodontics,0,2,Endodontics,1,0.589,0.3349,0.514,0.4519,1
P0065,Endodontics,1,0,Impacted,0,0.684,0.4068,0.5406,0.342,1
P0065,Endodontics,1,1,Impacted,0,0.684,0.4068,0.572,0.2756,1
P0065,Endodontics,1,2,Impacted,0,0.684,0.4068,0.4844,0.2103,0
P0644,Endodontics,0,0,Endodontics,1,0.646,0.6469,0.9057,0.2962,1
P0644,Endodontics,0,1,Endodontics,1,0.646,0.6469,0.9314,0.3077,1
P0644,Endodontics,0,2,Endodontics,1,0.646,0.6469,0.8599,0.308,1
P0644,Endodontics,1,0,Endodontics,1,0.917,0.7818,0.9496,0.2558,1
P0644,Endodontics,1,1,Endodontics,1,0.917,0.7818,0.9503,0.2558,1
P0644,Endodontics,1,2,Endodontics,1,0.917,0.7818,0.9222,0.2558,1
P0644,Endodontics,2,0,Endodontics,1,0.797,0.7866,0.9466,0.2543,1
P0644,Endodontics,2,1,Endodontics,1,0.797,0.7866,0.9094,0.2543,1
P0644,Endodontics,2,2,Endodontics,1,0.797,0.7866,0.9267,0.2543,1
P0644,Endodontics,3,0,Endodontics,1,0.53,0.6278,0.9369,0.3173,1
P0644,Endodontics,3,1,Endodontics,1,0.53,0.6278,0.886,0.3186,1
P0644,Endodontics,3,2,Endodontics,1,0.53,0.6278,0.8864,0.3186,1
P0644,Endodontics,4,0,Endodontics,1,0.674,0.6594,0.8175,0.3033,1
P0644,Endodontics,4,1,Endodontics,1,0.674,0.6594,0.81,0.3031,1
P0644,Endodontics,4,2,Endodontics,1,0.674,0.6594,0.9412,0.3033,1
P0644,Endodontics,5,0,Endodontics,1,0.884,0.8077,0.9557,0.2476,1
P0644,Endodontics,5,1,Endodontics,1,0.884,0.8077,0.869,0.2476,1
P0644,Endodontics,5,2,Endodontics,1,0.884,0.8077,0.9624,0.2476,1
P0644,Endodontics,6,0,Endodontics,1,0.721,0.7336,0.9216,0.2726,1
P0644,Endodontics,6,1,Endodontics,1,0.721,0.7336,0.9117,0.2664,1
P0644,Endodontics,6,2,Endodontics,1,0.721,0.7336,0.7864,0.2329,1
P0644,Healthy,0,0,Healthy,1,0.767,0.6126,0.779,0.2969,1
P0644,Healthy,0,1,Healthy,1,0.767,0.6126,0.2638,0.6126,0
P0644,Healthy,0,2,Healthy,1,0.767,0.6126,0.9649,0.3265,1
P0644,Healthy,5,0,Healthy,1,0.846,0.7407,0.9397,0.27,1
P0644,Healthy,5,1,Healthy,1,0.846,0.7407,0.8904,0.27,1
P0644,Healthy,5,2,Healthy,1,0.846,0.7407,0.8982,0.2698,1
P0645,Endodontics,1,0,Endodontics,1,0.748,0.8426,0.9589,0.2374,1
P0645,Endodontics,1,1,Endodontics,1,0.748,0.8426,0.948,0.2374,1
P0645,Endodontics,1,2,Endodontics,1,0.748,0.8426,0.9637,0.2374,1
P0645,Endodontics,2,0,Endodontics,1,0.79,0.8498,0.9704,0.2354,1
P0645,Endodontics,2,1,Endodontics,1,0.79,0.8498,0.99,0.2354,1
P0645,Endodontics,2,2,Endodontics,1,0.79,0.8498,0.9608,0.2354,1
P0645,Endodontics,3,0,Endodontics,1,0.837,0.934,0.9836,0.2141,1
P0645,Endodontics,3,1,Endodontics,1,0.837,0.934,0.9553,0.2141,1
P0645,Endodontics,3,2,Endodontics,1,0.837,0.934,0.9492,0.2009,1
P0645,Endodontics,4,0,Endodontics,1,0.845,0.8756,0.9497,0.2284,1
P0645,Endodontics,4,1,Endodontics,1,0.845,0.8756,0.9339,0.2284,1
P0645,Endodontics,4,2,Endodontics,1,0.845,0.8756,0.9392,0.2284,1
P0645,Endodontics,5,0,Endodontics,1,0.621,0.5791,0.7756,0.3435,1
P0645,Endodontics,5,1,Endodontics,1,0.621,0.5791,0.709,0.3206,1
P0645,Endodontics,5,2,Endodontics,1,0.621,0.5791,0.7411,0.3362,1
P0646,Healthy,2,0,Healthy,1,0.779,0.9511,0.9775,0.2105,1
P0646,Healthy,2,1,Healthy,1,0.779,0.9511,0.9654,0.2103,1
P0646,Healthy,2,2,Healthy,1,0.779,0.9511,0.9986,0.2103,1
P0646,Healthy,4,0,Healthy,1,0.696,0.5332,0.8012,0.368,1
P0646,Healthy,4,1,Healthy,1,0.696,0.5332,0.6796,0.3331,1
P0646,Healthy,4,2,Healthy,1,0.696,0.5332,0.7328,0.3167,1
P0649,Healthy,8,0,Healthy,1,0.762,0.6395,0.7724,0.305,1
P0649,Healthy,8,1,Healthy,1,0.762,0.6395,0.8552,0.3103,1
P0649,Healthy,8,2,Healthy,1,0.762,0.6395,0.8106,0.268,1
P0649,Healthy,15,0,Healthy,1,0.659,0.3406,0.4891,0.3257,1
P0649,Healthy,15,1,Healthy,1,0.659,0.3406,0.4577,0.2737,0
P0649,Healthy,15,2,Healthy,1,0.659,0.3406,0.3976,0.1654,0
P0649,Endodontics,0,0,Endodontics,1,0.744,0.46,0.7694,0.4343,1
P0649,Endodontics,0,1,Endodontics,1,0.744,0.46,0.6133,0.3017,1
P0649,Endodontics,0,2,Endodontics,1,0.744,0.46,0.7144,0.4038,1
P0649,Endodontics,1,0,Endodontics,1,0.697,0.4496,0.741,0.4035,1
P0649,Endodontics,1,1,Endodontics,1,0.697,0.4496,0.7141,0.3833,1
P0649,Endodontics,1,2,Endodontics,1,0.697,0.4496,0.7175,0.4432,1
P0650,Healthy,4,0,Healthy,1,0.828,0.676,0.8181,0.2725,1
P0650,Healthy,4,1,Healthy,1,0.828,0.676,0.8922,0.289,1
P0650,Healthy,4,2,Healthy,1,0.828,0.676,0.7957,0.2265,1
P0650,Healthy,7,0,Healthy,1,0.784,0.6451,0.9183,0.2895,1
P0650,Healthy,7,1,Healthy,1,0.784,0.6451,0.9782,0.2961,1
P0650,Healthy,7,2,Healthy,1,0.784,0.6451,0.8035,0.3092,1
P0651,Healthy,7,0,Healthy,1,0.767,0.7084,0.9345,0.2823,1
P0651,Healthy,7,1,Healthy,1,0.767,0.7084,0.9052,0.2823,1
P0651,Healthy,7,2,Healthy,1,0.767,0.7084,0.7866,0.2369,1
P0651,Endodontics,0,0,Endodontics,1,0.808,0.6745,0.9265,0.2965,1
P0651,Endodontics,0,1,Endodontics,1,0.808,0.6745,0.924,0.2965,1
P0651,Endodontics,0,2,Endodontics,1,0.808,0.6745,0.7361,0.2612,1
P0652,Healthy,0,0,Healthy,1,0.638,0.7782,0.9208,0.2402,1
P0652,Healthy,0,1,Healthy,1,0.638,0.7782,0.836,0.2546,1
P0652,Healthy,0,2,Healthy,1,0.638,0.7782,0.93,0.257,1
P0652,Endodontics,0,0,Endodontics,1,0.751,0.7754,0.9044,0.2579,1
P0652,Endodontics,0,1,Endodontics,1,0.751,0.7754,0.7861,0.242,1
P0652,Endodontics,0,2,Endodontics,1,0.751,0.7754,0.8709,0.2579,1
P0652,Endodontics,1,0,Endodontics,1,0.558,0.6046,0.8412,0.2906,1
P0652,Endodontics,1,1,Endodontics,1,0.558,0.6046,0.686,0.1831,0
P0652,Endodontics,1,2,Endodontics,1,0.558,0.6046,0.7337,0.3046,1
P0652,Endodontics,2,0,Healthy,0,0.517,0.2614,0.0768,0.0044,0
P0652,Endodontics,2,1,Endodontics,1,0.517,0.2614,0.3847,0.3483,1
P0652,Endodontics,2,2,Endodontics,1,0.517,0.2614,0.4752,0.581,1
P0652,Endodontics,3,0,Endodontics,1,0.876,0.78,0.8676,0.2319,1
P0652,Endodontics,3,1,Endodontics,1,0.876,0.78,0.8611,0.2341,1
P0652,Endodontics,3,2,Endodontics,1,0.876,0.78,0.8908,0.2564,1
P0652,Endodontics,4,0,Endodontics,1,0.725,0.7747,0.9515,0.2582,1
P0652,Endodontics,4,1,Endodontics,1,0.725,0.7747,0.9437,0.2582,1
P0652,Endodontics,4,2,Endodontics,1,0.725,0.7747,0.932,0.2582,1
P0652,Endodontics,5,0,Endodontics,1,0.854,0.6426,0.8133,0.2306,1
P0652,Endodontics,5,1,Endodontics,1,0.854,0.6426,0.8408,0.3111,1
P0652,Endodontics,5,2,Endodontics,1,0.854,0.6426,0.8396,0.3113,1
P0652,Endodontics,6,0,Endodontics,1,0.654,0.4578,0.7562,0.4369,1
P0652,Endodontics,6,1,Endodontics,1,0.654,0.4578,0.6398,0.3431,1
P0652,Endodontics,6,2,Endodontics,1,0.654,0.4578,0.5412,0.2816,1
P0652,Endodontics,7,0,Endodontics,1,0.714,0.4727,0.6109,0.2838,1
P0652,Endodontics,7,1,Endodontics,1,0.714,0.4727,0.6622,0.3524,1
P0652,Endodontics,7,2,Endodontics,1,0.714,0.4727,0.6283,0.2861,1
P0653,Healthy,7,0,Healthy,1,0.818,0.6872,0.9542,0.2911,1
P0653,Healthy,7,1,Impacted,0,0.818,0.6872,0.929,0.291,1
P0653,Healthy,7,2,Healthy,1,0.818,0.6872,0.0269,0.0099,0
P0066,Healthy,0,0,Healthy,1,0.752,0.71,0.7318,0.203,1
P0066,Healthy,0,1,Healthy,1,0.752,0.71,0.93,0.2803,1
P0066,Healthy,0,2,Healthy,1,0.752,0.71,0.8814,0.2777,1
P0066,Endodontics,0,0,Endodontics,1,0.843,0.6944,0.896,0.288,1
P0066,Endodontics,0,1,Endodontics,1,0.843,0.6944,0.8545,0.288,1
P0066,Endodontics,0,2,Endodontics,1,0.843,0.6944,0.8903,0.288,1
P0066,Healthy,2,0,Healthy,1,0.811,0.8089,0.9306,0.2465,1
P0066,Healthy,2,1,Healthy,1,0.811,0.8089,0.8324,0.2293,1
P0066,Healthy,2,2,Healthy,1,0.811,0.8089,0.9842,0.2473,1
P0654,Healthy,0,0,Healthy,1,0.677,0.3232,0.4892,0.4357,1
P0654,Healthy,0,1,Healthy,1,0.677,0.3232,0.5863,0.4767,1
P0654,Healthy,0,2,Healthy,1,0.677,0.3232,0.5708,0.2425,1
P0654,Healthy,1,0,Healthy,1,0.919,0.7399,0.7789,0.2083,1
P0654,Healthy,1,1,Healthy,1,0.919,0.7399,0.7851,0.2093,1
P0654,Healthy,1,2,Healthy,1,0.919,0.7399,0.8496,0.2591,1
P0657,Healthy,8,0,Healthy,1,0.854,0.6613,0.7651,0.25,1
P0657,Healthy,8,1,Healthy,1,0.854,0.6613,0.7669,0.1915,1
P0657,Healthy,8,2,Healthy,1,0.854,0.6613,0.8716,0.3025,1
P0658,Healthy,4,0,Healthy,1,0.759,0.621,0.8511,0.311,1
P0658,Healthy,4,1,Healthy,1,0.759,0.621,0.7066,0.1818,1
P0658,Healthy,4,2,Endodontics,0,0.759,0.621,0.6169,0.1286,1
P0658,Healthy,20,0,Healthy,1,0.714,0.6606,0.6824,0.2114,1
P0658,Healthy,20,1,Healthy,1,0.714,0.6606,0.7441,0.2226,1
P0658,Healthy,20,2,Healthy,1,0.714,0.6606,0.853,0.3028,1
P0661,Healthy,0,0,Healthy,1,0.869,0.6861,0.8531,0.2913,1
P0661,Healthy,0,1,Healthy,1,0.869,0.6861,0.8617,0.2809,1
P0661,Healthy,0,2,Healthy,1,0.869,0.6861,0.8511,0.2915,1
P0661,Healthy,4,0,Healthy,1,0.775,0.6474,0.8157,0.309,1
P0661,Healthy,4,1,Healthy,1,0.775,0.6474,0.8395,0.301,1
P0661,Healthy,4,2,Healthy,1,0.775,0.6474,0.7664,0.2739,1
P0662,Healthy,1,0,Healthy,1,0.911,0.8129,0.9649,0.246,1
P0662,Healthy,1,1,Healthy,1,0.911,0.8129,0.9503,0.246,1
P0662,Healthy,1,2,Healthy,1,0.911,0.8129,0.8209,0.2316,1
P0662,Impacted,0,0,Impacted,1,0.787,0.6661,0.7985,0.2305,1
P0662,Impacted,0,1,Impacted,1,0.787,0.6661,0.8464,0.2966,1
P0662,Impacted,0,2,Impacted,1,0.787,0.6661,0.8177,0.2473,1
P0662,Impacted,2,0,Impacted,1,0.834,0.7247,0.8611,0.276,1
P0662,Impacted,2,1,Impacted,1,0.834,0.7247,0.8753,0.2756,1
P0662,Impacted,2,2,Impacted,1,0.834,0.7247,0.819,0.2538,1
P0663,Healthy,0,0,Healthy,1,0.87,0.7362,0.8702,0.2717,1
P0663,Healthy,0,1,Healthy,1,0.87,0.7362,0.6827,0.1736,0
P0663,Healthy,0,2,Healthy,1,0.87,0.7362,0.7037,0.1914,1
P0663,Healthy,2,0,Healthy,1,0.747,0.6381,0.7543,0.2964,1
P0663,Healthy,2,1,Healthy,1,0.747,0.6381,0.5153,0.156,1
P0663,Healthy,2,2,Healthy,1,0.747,0.6381,0.7925,0.2882,1
P0663,Impacted,0,0,Impacted,1,0.511,0.3853,0.6417,0.3532,1
P0663,Impacted,0,1,Impacted,1,0.511,0.3853,0.4901,0.2709,1
P0663,Impacted,0,2,Impacted,1,0.511,0.3853,0.6445,0.3704,1
P0664,Healthy,1,0,Healthy,1,0.613,0.4803,0.6521,0.3761,1
P0664,Healthy,1,1,Healthy,1,0.613,0.4803,0.7699,0.3564,1
P0664,Healthy,1,2,Healthy,1,0.613,0.4803,0.7144,0.3268,1
P0664,Endodontics,0,0,Healthy,0,0.775,0.6704,0.577,0.1556,1
P0664,Endodontics,0,1,Endodontics,1,0.775,0.6704,0.8242,0.2901,1
P0664,Endodontics,0,2,Endodontics,1,0.775,0.6704,0.8831,0.2983,1
P0664,Healthy,6,0,Impacted,0,0.518,0.278,0.4447,0.4915,1
P0664,Healthy,6,1,Impacted,0,0.518,0.278,0.3034,0.1051,0
P0664,Healthy,6,2,Healthy,1,0.518,0.278,0.5421,0.4482,1
P0665,Endodontics,0,0,Endodontics,1,0.933,0.6678,0.9028,0.2869,1
P0665,Endodontics,0,1,Endodontics,1,0.933,0.6678,0.8145,0.2949,1
P0665,Endodontics,0,2,Endodontics,1,0.933,0.6678,0.761,0.2727,1
P0665,Endodontics,1,0,Endodontics,1,0.654,0.4915,0.7381,0.2914,1
P0665,Endodontics,1,1,Endodontics,1,0.654,0.4915,0.6827,0.2544,1
P0665,Endodontics,1,2,Endodontics,1,0.654,0.4915,0.7371,0.3824,1
P0665,Endodontics,2,0,Endodontics,1,0.741,0.3856,0.6152,0.3251,1
P0665,Endodontics,2,1,Endodontics,1,0.741,0.3856,0.5325,0.351,1
P0665,Endodontics,2,2,Endodontics,1,0.741,0.3856,0.5718,0.4056,1
P0665,Healthy,12,0,Healthy,1,0.59,0.2969,0.4382,0.362,1
P0665,Healthy,12,1,Healthy,1,0.59,0.2969,0.7926,0.4253,1
P0665,Healthy,12,2,Healthy,1,0.59,0.2969,0.5661,0.4029,1
P0665,Endodontics,3,0,Endodontics,1,0.593,0.2594,0.5911,0.5089,1
P0665,Endodontics,3,1,Endodontics,1,0.593,0.2594,0.3948,0.2613,1
P0665,Endodontics,3,2,Endodontics,1,0.593,0.2594,0.4241,0.536,1
P0067,Endodontics,0,0,Endodontics,1,0.655,0.655,0.9575,0.3054,1
P0067,Endodontics,0,1,Endodontics,1,0.655,0.655,0.7217,0.1994,1
P0067,Endodontics,0,2,Endodontics,1,0.655,0.655,0.4999,0.1044,1
P0067,Healthy,2,0,Healthy,1,0.717,0.6595,0.8325,0.3033,1
P0067,Healthy,2,1,Healthy,1,0.717,0.6595,0.8391,0.3033,1
P0067,Healthy,2,2,Healthy,1,0.717,0.6595,0.8143,0.2798,1
P0666,Endodontics,0,0,Endodontics,1,0.689,0.6672,0.9163,0.2987,1
P0666,Endodontics,0,1,Endodontics,1,0.689,0.6672,0.9055,0.2896,1
P0666,Endodontics,0,2,Endodontics,1,0.689,0.6672,0.8561,0.2978,1
P0666,Healthy,5,0,Healthy,1,0.815,0.5743,0.8783,0.3026,1
P0666,Healthy,5,1,Impacted,0,0.815,0.5743,0.8164,0.3414,1
P0666,Healthy,5,2,Healthy,1,0.815,0.5743,0.3655,0.1183,0
P0667,Healthy,0,0,Healthy,1,0.57,0.6119,0.7947,0.3269,1
P0667,Healthy,0,1,Healthy,1,0.57,0.6119,0.7019,0.2354,1
P0667,Healthy,0,2,Healthy,1,0.57,0.6119,0.7948,0.3247,1
P0672,Healthy,12,0,Healthy,1,0.802,0.4254,0.5925,0.4062,1
P0672,Healthy,12,1,Healthy,1,0.802,0.4254,0.7903,0.3383,1
P0672,Healthy,12,2,Healthy,1,0.802,0.4254,0.4169,0.1478,1
P0068,Healthy,4,0,Healthy,1,0.849,0.5721,0.7473,0.3148,1
P0068,Healthy,4,1,Healthy,1,0.849,0.5721,0.7998,0.3252,1
P0068,Healthy,4,2,Healthy,1,0.849,0.5721,0.8082,0.3139,1
P0673,Healthy,12,0,Healthy,1,0.882,0.7882,0.9754,0.2538,1
P0673,Healthy,12,1,Healthy,1,0.882,0.7882,0.8825,0.2391,1
P0673,Healthy,12,2,Healthy,1,0.882,0.7882,0.972,0.2492,1
P0674,Healthy,1,0,Healthy,1,0.846,0.5892,0.7225,0.2869,1
P0674,Healthy,1,1,Healthy,1,0.846,0.5892,0.8,0.3379,1
P0674,Healthy,1,2,Healthy,1,0.846,0.5892,0.7041,0.268,1
P0674,Healthy,5,0,Healthy,1,0.686,0.6117,0.7217,0.2941,1
P0674,Healthy,5,1,Healthy,1,0.686,0.6117,0.6168,0.1644,1
P0674,Healthy,5,2,Healthy,1,0.686,0.6117,0.8185,0.2896,1
P0676,Healthy,10,0,Healthy,1,0.865,0.716,0.9047,0.2794,1
P0676,Healthy,10,1,Healthy,1,0.865,0.716,0.9737,0.2794,1
P0676,Healthy,10,2,Healthy,1,0.865,0.716,0.9623,0.2732,1
P0676,Healthy,21,0,Impacted,0,0.838,0.6406,0.8015,0.3056,1
P0676,Healthy,21,1,Impacted,0,0.838,0.6406,0.7134,0.2823,1
P0676,Healthy,21,2,Impacted,0,0.838,0.6406,0.589,0.1398,0
P0676,Impacted,0,0,Impacted,1,0.747,0.6046,0.8301,0.297,1
P0676,Impacted,0,1,Impacted,1,0.747,0.6046,0.6332,0.1787,1
P0676,Impacted,0,2,Impacted,1,0.747,0.6046,0.6709,0.1716,0
P0676,Impacted,1,0,Impacted,1,0.738,0.6178,0.7984,0.305,1
P0676,Impacted,1,1,Impacted,1,0.738,0.6178,0.7346,0.3056,1
P0676,Impacted,1,2,Impacted,1,0.738,0.6178,0.6551,0.1606,1
P0677,Healthy,4,0,Healthy,1,0.825,0.7625,0.9784,0.2623,1
P0677,Healthy,4,1,Healthy,1,0.825,0.7625,0.9169,0.2623,1
P0677,Healthy,4,2,Healthy,1,0.825,0.7625,0.9518,0.2623,1
P0677,Healthy,5,0,Healthy,1,0.948,0.8552,0.9079,0.2339,1
P0677,Healthy,5,1,Healthy,1,0.948,0.8552,0.9926,0.2339,1
P0677,Healthy,5,2,Healthy,1,0.948,0.8552,0.9914,0.2339,1
P0677,Impacted,0,0,Impacted,1,0.75,0.6016,0.644,0.1924,1
P0677,Impacted,0,1,Impacted,1,0.75,0.6016,0.4458,0.0941,0
P0677,Impacted,0,2,Impacted,1,0.75,0.6016,0.7348,0.3032,1
P0069,Healthy,0,0,Healthy,1,0.681,0.7285,0.9341,0.2745,1
P0069,Healthy,0,1,Healthy,1,0.681,0.7285,0.8623,0.2745,1
P0069,Healthy,0,2,Healthy,1,0.681,0.7285,0.8867,0.2719,1
P0069,Endodontics,0,0,Endodontics,1,0.515,0.5827,0.7905,0.3432,1
P0069,Endodontics,0,1,Endodontics,1,0.515,0.5827,0.7623,0.3432,1
P0069,Endodontics,0,2,Endodontics,1,0.515,0.5827,0.8048,0.3348,1
P0069,Endodontics,1,0,Endodontics,1,0.514,0.2992,0.6138,0.6504,1
P0069,Endodontics,1,1,Endodontics,1,0.514,0.2992,0.6231,0.523,1
P0069,Endodontics,1,2,Endodontics,1,0.514,0.2992,0.5363,0.5413,1
P0679,Healthy,7,0,Healthy,1,0.826,0.6872,0.9004,0.2911,1
P0679,Healthy,7,1,Healthy,1,0.826,0.6872,0.8343,0.2498,1
P0679,Healthy,7,2,Healthy,1,0.826,0.6872,0.8356,0.2911,1
P0680,Endodontics,0,0,Endodontics,1,0.677,0.756,0.8898,0.2646,1
P0680,Endodontics,0,1,Endodontics,1,0.677,0.756,0.7977,0.2387,1
P0680,Endodontics,0,2,Endodontics,1,0.677,0.756,0.8218,0.2646,1
P0680,Healthy,3,0,Healthy,1,0.855,0.8011,0.8108,0.237,1
P0680,Healthy,3,1,Healthy,1,0.855,0.8011,0.8876,0.2219,1
P0680,Healthy,3,2,Healthy,1,0.855,0.8011,0.9573,0.2494,1
P0680,Healthy,7,0,Healthy,1,0.782,0.7426,0.8261,0.2623,1
P0680,Healthy,7,1,Healthy,1,0.782,0.7426,0.982,0.2693,1
P0680,Healthy,7,2,Healthy,1,0.782,0.7426,0.8154,0.2483,1
P0682,Healthy,10,0,Healthy,1,0.831,0.8664,0.9168,0.2236,1
P0682,Healthy,10,1,Healthy,1,0.831,0.8664,0.8635,0.194,1
P0682,Healthy,10,2,Healthy,1,0.831,0.8664,0.9622,0.2308,1
P0682,Healthy,11,0,Healthy,1,0.902,0.7285,0.8031,0.2694,1
P0682,Healthy,11,1,Healthy,1,0.902,0.7285,0.7232,0.2027,1
P0682,Healthy,11,2,Healthy,1,0.902,0.7285,0.9023,0.2745,1
P0683,Endodontics,0,0,Endodontics,1,0.736,0.5965,0.7946,0.3353,1
P0683,Endodontics,0,1,Endodontics,1,0.736,0.5965,0.8455,0.3172,1
P0683,Endodontics,0,2,Endodontics,1,0.736,0.5965,0.7067,0.2863,1
P0683,Healthy,7,0,Healthy,1,0.869,0.5518,0.7631,0.3412,1
P0683,Healthy,7,1,Healthy,1,0.869,0.5518,0.6837,0.3456,1
P0683,Healthy,7,2,Healthy,1,0.869,0.5518,0.7311,0.3232,1
P0070,Endodontics,0,0,Endodontics,1,0.741,0.5811,0.8539,0.2816,1
P0070,Endodontics,0,1,Healthy,0,0.741,0.5811,0.8593,0.3356,1
P0070,Endodontics,0,2,Endodontics,1,0.741,0.5811,0.8626,0.2946,1
P0070,Healthy,0,0,Healthy,1,0.709,0.6346,0.7272,0.2869,1
P0070,Healthy,0,1,Healthy,1,0.709,0.6346,0.8078,0.2373,1
P0070,Healthy,0,2,Healthy,1,0.709,0.6346,0.7818,0.3107,1
P0684,Healthy,9,0,Healthy,1,0.793,0.789,0.9628,0.2535,1
P0684,Healthy,9,1,Healthy,1,0.793,0.789,0.9847,0.2535,1
P0684,Healthy,9,2,Healthy,1,0.793,0.789,0.9391,0.2488,1
P0684,Healthy,12,0,Healthy,1,0.582,0.7205,0.9479,0.2779,1
P0684,Healthy,12,1,Healthy,1,0.582,0.7205,0.799,0.2477,1
P0684,Healthy,12,2,Healthy,1,0.582,0.7205,0.8686,0.2776,1
P0685,Endodontics,0,0,Healthy,0,0.677,0.6679,0.818,0.2904,1
P0685,Endodontics,0,1,Healthy,0,0.677,0.6679,0.9593,0.2916,1
P0685,Endodontics,0,2,Healthy,0,0.677,0.6679,0.9411,0.2922,1
P0685,Healthy,3,0,Healthy,1,0.794,0.7191,0.8338,0.2433,1
P0685,Healthy,3,1,Endodontics,0,0.794,0.7191,0.7306,0.2207,1
P0685,Healthy,3,2,Healthy,1,0.794,0.7191,0.9133,0.2756,1
P0685,Healthy,5,0,Healthy,1,0.755,0.5865,0.8462,0.3316,1
P0685,Healthy,5,1,Healthy,1,0.755,0.5865,0.6287,0.2073,1
P0685,Healthy,5,2,Healthy,1,0.755,0.5865,0.6426,0.204,0
P0685,Endodontics,1,0,Endodontics,1,0.797,0.6958,0.7208,0.1813,0
P0685,Endodontics,1,1,Endodontics,1,0.797,0.6958,0.8274,0.2749,1
P0685,Endodontics,1,2,Endodontics,1,0.797,0.6958,0.7767,0.1937,1
P0686,Endodontics,0,0,Endodontics,1,0.637,0.7156,0.8107,0.2111,1
P0686,Endodontics,0,1,Endodontics,1,0.637,0.7156,0.8316,0.2306,1
P0686,Endodontics,0,2,Endodontics,1,0.637,0.7156,0.8403,0.2699,1
P0686,Healthy,6,0,Healthy,1,0.86,0.7383,0.8859,0.2704,1
P0686,Healthy,6,1,Healthy,1,0.86,0.7383,0.8515,0.251,1
P0686,Healthy,6,2,Healthy,1,0.86,0.7383,0.9529,0.2709,1
P0686,Healthy,7,0,Healthy,1,0.831,0.701,0.8859,0.2853,1
P0686,Healthy,7,1,Healthy,1,0.831,0.701,0.8846,0.2853,1
P0686,Healthy,7,2,Healthy,1,0.831,0.701,0.9152,0.2853,1
P0687,Healthy,4,0,Healthy,1,0.856,0.8606,0.8523,0.2221,1
P0687,Healthy,4,1,Healthy,1,0.856,0.8606,0.8626,0.2324,1
P0687,Healthy,4,2,Healthy,1,0.856,0.8606,0.9205,0.2173,1
P0687,Endodontics,0,0,Endodontics,1,0.714,0.7108,0.8075,0.2529,1
P0687,Endodontics,0,1,Endodontics,1,0.714,0.7108,0.7363,0.1974,1
P0687,Endodontics,0,2,Endodontics,1,0.714,0.7108,0.809,0.2535,1
P0687,Endodontics,1,0,Healthy,0,0.643,0.8045,0.7343,0.1686,1
P0687,Endodontics,1,1,Implant,0,0.643,0.8045,0.9776,0.2486,1
P0687,Endodontics,1,2,Endodontics,1,0.643,0.8045,0.8955,0.2486,1
P0687,Healthy,12,0,Healthy,1,0.721,0.6501,0.8626,0.3077,1
P0687,Healthy,12,1,Healthy,1,0.721,0.6501,0.8076,0.3077,1
P0687,Healthy,12,2,Healthy,1,0.721,0.6501,0.8692,0.2996,1
P0688,Healthy,2,0,Healthy,1,0.767,0.8241,0.9526,0.2427,1
P0688,Healthy,2,1,Healthy,1,0.767,0.8241,0.9641,0.2427,1
P0688,Healthy,2,2,Healthy,1,0.767,0.8241,0.9732,0.2417,1
P0688,Healthy,9,0,Healthy,1,0.837,0.5793,0.6786,0.3004,1
P0688,Healthy,9,1,Impacted,0,0.837,0.5793,0.7967,0.3412,1
P0688,Healthy,9,2,Impacted,0,0.837,0.5793,0.5912,0.2374,1
P0689,Endodontics,0,0,Endodontics,1,0.719,0.6249,0.7378,0.2504,0
P0689,Endodontics,0,1,Endodontics,1,0.719,0.6249,0.6717,0.2043,1
P0689,Endodontics,0,2,Endodontics,1,0.719,0.6249,0.7565,0.3164,1
P0689,Endodontics,1,0,Endodontics,1,0.682,0.7076,0.9204,0.2827,1
P0689,Endodontics,1,1,Endodontics,1,0.682,0.7076,0.8429,0.2827,1
P0689,Endodontics,1,2,Endodontics,1,0.682,0.7076,0.8647,0.2827,1
P0689,Endodontics,2,0,Endodontics,1,0.812,0.7496,0.9381,0.2668,1
P0689,Endodontics,2,1,Endodontics,1,0.812,0.7496,0.9454,0.2668,1
P0689,Endodontics,2,2,Endodontics,1,0.812,0.7496,0.93,0.267,1
P0689,Endodontics,3,0,Endodontics,1,0.788,0.7528,0.8789,0.2613,1
P0689,Endodontics,3,1,Endodontics,1,0.788,0.7528,0.8678,0.2657,1
P0689,Endodontics,3,2,Endodontics,1,0.788,0.7528,0.8363,0.2377,1
P0689,Endodontics,4,0,Endodontics,1,0.672,0.6754,0.8431,0.2826,1
P0689,Endodontics,4,1,Endodontics,1,0.672,0.6754,0.9133,0.2962,1
P0689,Endodontics,4,2,Endodontics,1,0.672,0.6754,0.8182,0.2869,1
P0689,Endodontics,5,0,Endodontics,1,0.639,0.7374,0.9394,0.2712,1
P0689,Endodontics,5,1,Endodontics,1,0.639,0.7374,0.9467,0.2712,1
P0689,Endodontics,5,2,Endodontics,1,0.639,0.7374,0.8064,0.2712,1
P0689,Endodontics,6,0,Endodontics,1,0.731,0.5347,0.7573,0.3182,1
P0689,Endodontics,6,1,Endodontics,1,0.731,0.5347,0.7301,0.3701,1
P0689,Endodontics,6,2,Endodontics,1,0.731,0.5347,0.6808,0.3122,1
P0689,Endodontics,7,0,Endodontics,1,0.554,0.2932,0.6147,0.4173,1
P0689,Endodontics,7,1,Endodontics,1,0.554,0.2932,0.5826,0.4589,1
P0689,Endodontics,7,2,Endodontics,1,0.554,0.2932,0.488,0.5439,1
P0689,Healthy,6,0,Healthy,1,0.538,0.3023,0.4217,0.3716,1
P0689,Healthy,6,1,Healthy,1,0.538,0.3023,0.4501,0.2722,0
P0689,Healthy,6,2,Healthy,1,0.538,0.3023,0.3568,0.2434,0
P0690,Healthy,0,0,Healthy,1,0.888,0.7235,0.8526,0.2757,1
P0690,Healthy,0,1,Healthy,1,0.888,0.7235,0.9313,0.2691,1
P0690,Healthy,0,2,Healthy,1,0.888,0.7235,0.8632,0.2764,1
P0690,Healthy,2,0,Healthy,1,0.769,0.6023,0.8061,0.3075,1
P0690,Healthy,2,1,Healthy,1,0.769,0.6023,0.8325,0.3231,1
P0690,Healthy,2,2,Healthy,1,0.769,0.6023,0.8341,0.3321,1
P0691,Healthy,0,0,Healthy,1,0.717,0.7439,0.8408,0.2682,1
P0691,Healthy,0,1,Healthy,1,0.717,0.7439,0.9205,0.2689,1
P0691,Healthy,0,2,Healthy,1,0.717,0.7439,0.894,0.2433,1
P0691,Healthy,3,0,Healthy,1,0.888,0.8,0.8915,0.2497,1
P0691,Healthy,3,1,Healthy,1,0.888,0.8,0.9612,0.2486,1
P0691,Healthy,3,2,Healthy,1,0.888,0.8,0.9134,0.2497,1
P0694,Healthy,3,0,Healthy,1,0.748,0.3838,0.535,0.3207,1
P0694,Healthy,3,1,Healthy,1,0.748,0.3838,0.6051,0.3173,1
P0694,Healthy,3,2,Healthy,1,0.748,0.3838,0.5377,0.3694,1
P0694,Healthy,9,0,Healthy,1,0.865,0.7179,0.7609,0.2074,1
P0694,Healthy,9,1,Healthy,1,0.865,0.7179,0.8899,0.2786,1
P0694,Healthy,9,2,Healthy,1,0.865,0.7179,0.9257,0.2786,1
P0695,Healthy,3,0,Healthy,1,0.816,0.696,0.9265,0.2874,1
P0695,Healthy,3,1,Healthy,1,0.816,0.696,0.8355,0.2607,1
P0695,Healthy,3,2,Healthy,1,0.816,0.696,0.8526,0.2767,1
P0695,Healthy,4,0,Healthy,1,0.813,0.8572,0.9339,0.2317,1
P0695,Healthy,4,1,Healthy,1,0.813,0.8572,0.8901,0.2153,1
P0695,Healthy,4,2,Healthy,1,0.813,0.8572,0.9925,0.2333,1
P0695,Endodontics,0,0,Endodontics,1,0.748,0.4332,0.6407,0.4078,1
P0695,Endodontics,0,1,Endodontics,1,0.748,0.4332,0.5999,0.38,1
P0695,Endodontics,0,2,Endodontics,1,0.748,0.4332,0.654,0.3629,1
P0695,Endodontics,1,0,Endodontics,1,0.574,0.363,0.6185,0.4097,1
P0695,Endodontics,1,1,Endodontics,1,0.574,0.363,0.6059,0.4555,1
P0695,Endodontics,1,2,Endodontics,1,0.574,0.363,0.6402,0.517,1
P0695,Endodontics,2,0,Endodontics,1,0.885,0.8463,0.9492,0.2363,1
P0695,Endodontics,2,1,Endodontics,1,0.885,0.8463,0.896,0.2363,1
P0695,Endodontics,2,2,Endodontics,1,0.885,0.8463,0.9443,0.2363,1
P0695,Endodontics,3,0,Endodontics,1,0.591,0.7978,0.9823,0.2507,1
P0695,Endodontics,3,1,Endodontics,1,0.591,0.7978,0.9452,0.2507,1
P0695,Endodontics,3,2,Endodontics,1,0.591,0.7978,0.8903,0.2507,1
P0696,Healthy,9,0,Healthy,1,0.589,0.4248,0.7047,0.3886,1
P0696,Healthy,9,1,Healthy,1,0.589,0.4248,0.1232,0.0659,0
P0696,Healthy,9,2,Healthy,1,0.589,0.4248,0.7172,0.362,1
P0697,Healthy,3,0,Healthy,1,0.807,0.7492,0.9267,0.267,1
P0697,Healthy,3,1,Healthy,1,0.807,0.7492,0.7912,0.2346,1
P0697,Healthy,3,2,Healthy,1,0.807,0.7492,0.8647,0.2669,1
P0698,Healthy,1,0,Healthy,1,0.862,0.5802,0.7238,0.3212,1
P0698,Healthy,1,1,Healthy,1,0.862,0.5802,0.7274,0.2856,1
P0698,Healthy,1,2,Healthy,1,0.862,0.5802,0.8349,0.316,1
P0698,Endodontics,0,0,Endodontics,1,0.566,0.4786,0.7586,0.3829,1
P0698,Endodontics,0,1,Endodontics,1,0.566,0.4786,0.7455,0.4057,1
P0698,Endodontics,0,2,Endodontics,1,0.566,0.4786,0.6634,0.2954,1
P0698,Endodontics,1,0,Endodontics,1,0.6,0.4277,0.6253,0.2603,1
P0698,Endodontics,1,1,Endodontics,1,0.6,0.4277,0.7141,0.4149,1
P0698,Endodontics,1,2,Endodontics,1,0.6,0.4277,0.4576,0.2395,1
P0699,Endodontics,0,0,Endodontics,1,0.902,0.7239,0.9334,0.2763,1
P0699,Endodontics,0,1,Endodontics,1,0.902,0.7239,0.8413,0.2763,1
P0699,Endodontics,0,2,Endodontics,1,0.902,0.7239,0.9369,0.2763,1
P0699,Healthy,2,0,Healthy,1,0.721,0.7505,0.9824,0.2665,1
P0699,Healthy,2,1,Healthy,1,0.721,0.7505,0.8528,0.2237,1
P0699,Healthy,2,2,Healthy,1,0.721,0.7505,0.9576,0.2665,1
P0702,Endodontics,2,0,Endodontics,1,0.635,0.8332,0.9594,0.2401,1
P0702,Endodontics,2,1,Endodontics,1,0.635,0.8332,0.9334,0.2395,1
P0702,Endodontics,2,2,Endodontics,1,0.635,0.8332,0.9043,0.2382,1
P0702,Healthy,3,0,Healthy,1,0.773,0.7874,0.8903,0.2242,1
P0702,Healthy,3,1,Healthy,1,0.773,0.7874,0.7312,0.1905,1
P0702,Healthy,3,2,Healthy,1,0.773,0.7874,0.888,0.2539,1
P0702,Healthy,9,0,Healthy,1,0.656,0.6234,0.7688,0.3181,1
P0702,Healthy,9,1,Healthy,1,0.656,0.6234,0.7299,0.2246,1
P0702,Healthy,9,2,Healthy,1,0.656,0.6234,0.7948,0.3054,1
P0702,Endodontics,3,0,Endodontics,1,0.624,0.4114,0.6805,0.4589,1
P0702,Endodontics,3,1,Endodontics,1,0.624,0.4114,0.6466,0.4777,1
P0702,Endodontics,3,2,Endodontics,1,0.624,0.4114,0.4979,0.2718,1
P0703,Healthy,0,0,Healthy,1,0.771,0.5917,0.7788,0.3379,1
P0703,Healthy,0,1,Healthy,1,0.771,0.5917,0.7106,0.2129,1
P0703,Healthy,0,2,Healthy,1,0.771,0.5917,0.7373,0.2434,1
P0703,Healthy,1,0,Healthy,1,0.526,0.5354,0.7426,0.3711,1
P0703,Healthy,1,1,Healthy,1,0.526,0.5354,0.7661,0.344,1
P0703,Healthy,1,2,Healthy,1,0.526,0.5354,0.7065,0.3462,1
P0703,Endodontics,0,0,Endodontics,1,0.746,0.5292,0.7471,0.3496,1
P0703,Endodontics,0,1,Endodontics,1,0.746,0.5292,0.6621,0.3762,1
P0703,Endodontics,0,2,Endodontics,1,0.746,0.5292,0.6432,0.272,1
P0704,Healthy,9,0,Healthy,1,0.545,0.4104,0.6284,0.4407,1
P0704,Healthy,9,1,Healthy,1,0.545,0.4104,0.5747,0.2995,1
P0704,Healthy,9,2,Healthy,1,0.545,0.4104,0.4086,0.0912,0
P0704,Healthy,13,0,Healthy,1,0.949,0.6289,0.8976,0.318,1
P0704,Healthy,13,1,Healthy,1,0.949,0.6289,0.9075,0.318,1
P0704,Healthy,13,2,Healthy,1,0.949,0.6289,0.8806,0.318,1
P0704,Endodontics,0,0,Endodontics,1,0.739,0.4015,0.6859,0.3915,1
P0704,Endodontics,0,1,Endodontics,1,0.739,0.4015,0.5423,0.257,1
P0704,Endodontics,0,2,Endodontics,1,0.739,0.4015,0.6338,0.3963,1
P0704,Impacted,0,0,Impacted,1,0.82,0.65,0.7871,0.2678,1
P0704,Impacted,0,1,Impacted,1,0.82,0.65,0.7897,0.2911,1
P0704,Impacted,0,2,Impacted,1,0.82,0.65,0.7944,0.3077,1
P0705,Healthy,4,0,Healthy,1,0.814,0.7495,0.8804,0.2669,1
P0705,Healthy,4,1,Healthy,1,0.814,0.7495,0.9909,0.2669,1
P0705,Healthy,4,2,Healthy,1,0.814,0.7495,0.8988,0.2246,1
P0705,Healthy,6,0,Healthy,1,0.773,0.6381,0.851,0.3134,1
P0705,Healthy,6,1,Healthy,1,0.773,0.6381,0.6956,0.2031,0
P0705,Healthy,6,2,Healthy,1,0.773,0.6381,0.7835,0.2868,1
P0705,Endodontics,0,0,Endodontics,1,0.911,0.8088,0.9705,0.2473,1
P0705,Endodontics,0,1,Endodontics,1,0.911,0.8088,0.9639,0.2473,1
P0705,Endodontics,0,2,Endodontics,1,0.911,0.8088,0.8996,0.2473,1
P0705,Endodontics,1,0,Endodontics,1,0.884,0.8592,0.9203,0.2328,1
P0705,Endodontics,1,1,Endodontics,1,0.884,0.8592,0.8761,0.197,1
P0705,Endodontics,1,2,Impacted,0,0.884,0.8592,0.8174,0.1807,1
P0705,Endodontics,2,0,Endodontics,1,0.662,0.6255,0.7876,0.2373,1
P0705,Endodontics,2,1,Endodontics,1,0.662,0.6255,0.8521,0.3198,1
P0705,Endodontics,2,2,Endodontics,1,0.662,0.6255,0.8829,0.3198,1
P0705,Endodontics,3,0,Endodontics,1,0.631,0.3827,0.608,0.3178,1
P0705,Endodontics,3,1,Endodontics,1,0.631,0.3827,0.6242,0.3791,1
P0705,Endodontics,3,2,Healthy,0,0.631,0.3827,0.495,0.319,1
P0706,Endodontics,0,0,Endodontics,1,0.74,0.6492,0.8415,0.3073,1
P0706,Endodontics,0,1,Endodontics,1,0.74,0.6492,0.9036,0.3081,1
P0706,Endodontics,0,2,Endodontics,1,0.74,0.6492,0.7279,0.2727,1
P0706,Healthy,0,0,Healthy,1,0.905,0.73,0.9125,0.274,1
P0706,Healthy,0,1,Healthy,1,0.905,0.73,0.951,0.2607,1
P0706,Healthy,0,2,Healthy,1,0.905,0.73,0.7747,0.1818,0
P0706,Healthy,1,0,Healthy,1,0.854,0.7218,0.9342,0.2771,1
P0706,Healthy,1,1,Healthy,1,0.854,0.7218,0.8902,0.2432,1
P0706,Healthy,1,2,Healthy,1,0.854,0.7218,0.8648,0.2657,1
P0706,Endodontics,1,0,Endodontics,1,0.735,0.6702,0.8784,0.2924,1
P0706,Endodontics,1,1,Endodontics,1,0.735,0.6702,0.7465,0.2252,1
P0706,Endodontics,1,2,Endodontics,1,0.735,0.6702,0.8002,0.2984,1
P0706,Endodontics,2,0,Endodontics,1,0.618,0.6569,0.8368,0.3045,1
P0706,Endodontics,2,1,Endodontics,1,0.618,0.6569,0.8197,0.3045,1
P0706,Endodontics,2,2,Endodontics,1,0.618,0.6569,0.8509,0.3045,1
P0706,Endodontics,3,0,Endodontics,1,0.656,0.5139,0.8004,0.3892,1
P0706,Endodontics,3,1,Endodontics,1,0.656,0.5139,0.7822,0.3892,1
P0706,Endodontics,3,2,Endodontics,1,0.656,0.5139,0.7398,0.3888,1
P0706,Endodontics,4,0,Endodontics,1,0.546,0.3711,0.6865,0.5173,1
P0706,Endodontics,4,1,Endodontics,1,0.546,0.3711,0.5658,0.4632,1
P0706,Endodontics,4,2,Endodontics,1,0.546,0.3711,0.6031,0.4516,1
P0708,Endodontics,0,0,Endodontics,1,0.901,0.7743,0.9082,0.2533,1
P0708,Endodontics,0,1,Endodontics,1,0.901,0.7743,0.8915,0.2504,1
P0708,Endodontics,0,2,Endodontics,1,0.901,0.7743,0.8508,0.2469,1
P0708,Healthy,0,0,Healthy,1,0.831,0.853,0.9588,0.2345,1
P0708,Healthy,0,1,Healthy,1,0.831,0.853,0.9552,0.2345,1
P0708,Healthy,0,2,Healthy,1,0.831,0.853,0.9763,0.2345,1
P0708,Healthy,11,0,Healthy,1,0.546,0.3125,0.453,0.3462,1
P0708,Healthy,11,1,Healthy,1,0.546,0.3125,0.3957,0.1873,0
P0708,Healthy,11,2,Healthy,1,0.546,0.3125,0.3947,0.1659,0
P0709,Healthy,3,0,Healthy,1,0.794,0.7793,0.7068,0.1592,1
P0709,Healthy,3,1,Endodontics,0,0.794,0.7793,0.8488,0.2247,1
P0709,Healthy,3,2,Healthy,1,0.794,0.7793,0.8238,0.2087,1
P0709,Healthy,9,0,Healthy,1,0.821,0.4269,0.5847,0.3966,1
P0709,Healthy,9,1,Healthy,1,0.821,0.4269,0.4473,0.2315,0
P0709,Healthy,9,2,Healthy,1,0.821,0.4269,0.4896,0.1755,0
P0710,Healthy,0,0,Healthy,1,0.793,0.6914,0.8152,0.2777,1
P0710,Healthy,0,1,Healthy,1,0.793,0.6914,0.8733,0.2893,1
P0710,Healthy,0,2,Healthy,1,0.793,0.6914,0.8252,0.2893,1
P0710,Healthy,1,0,Healthy,1,0.666,0.5447,0.7598,0.3361,1
P0710,Healthy,1,1,Healthy,1,0.666,0.5447,0.7504,0.3195,1
P0710,Healthy,1,2,Healthy,1,0.666,0.5447,0.6372,0.1889,1
P0711,Impacted,0,0,Impacted,1,0.681,0.5838,0.697,0.2559,1
P0711,Impacted,0,1,Impacted,1,0.681,0.5838,0.6569,0.2098,1
P0711,Impacted,0,2,Impacted,1,0.681,0.5838,0.73,0.3226,1
P0711,Healthy,6,0,Healthy,1,0.85,0.7204,0.8836,0.2776,1
P0711,Healthy,6,1,Healthy,1,0.85,0.7204,0.6497,0.1366,1
P0711,Healthy,6,2,Healthy,1,0.85,0.7204,0.9758,0.2776,1
P0711,Healthy,8,0,Healthy,1,0.706,0.3439,0.5214,0.3638,0
P0711,Healthy,8,1,Healthy,1,0.706,0.3439,0.5167,0.296,1
P0711,Healthy,8,2,Healthy,1,0.706,0.3439,0.5649,0.3864,1
P0711,Endodontics,0,0,Endodontics,1,0.798,0.402,0.6386,0.3528,1
P0711,Endodontics,0,1,Endodontics,1,0.798,0.402,0.6827,0.4474,1
P0711,Endodontics,0,2,Endodontics,1,0.798,0.402,0.536,0.3805,1
P0074,Endodontics,0,0,Endodontics,1,0.83,0.7518,0.8874,0.2609,1
P0074,Endodontics,0,1,Endodontics,1,0.83,0.7518,0.9226,0.266,1
P0074,Endodontics,0,2,Endodontics,1,0.83,0.7518,0.9125,0.2661,1
P0074,Endodontics,1,0,Endodontics,1,0.859,0.6866,0.8884,0.2913,1
P0074,Endodontics,1,1,Endodontics,1,0.859,0.6866,0.859,0.2875,1
P0074,Endodontics,1,2,Endodontics,1,0.859,0.6866,0.8179,0.2813,1
P0074,Endodontics,2,0,Endodontics,1,0.798,0.7108,0.8848,0.2814,1
P0074,Endodontics,2,1,Endodontics,1,0.798,0.7108,0.8621,0.2814,1
P0074,Endodontics,2,2,Endodontics,1,0.798,0.7108,0.9067,0.2814,1
P0074,Endodontics,3,0,Endodontics,1,0.62,0.4618,0.744,0.4331,1
P0074,Endodontics,3,1,Endodontics,1,0.62,0.4618,0.6284,0.245,1
P0074,Endodontics,3,2,Endodontics,1,0.62,0.4618,0.5143,0.1908,0
P0074,Endodontics,4,0,Endodontics,1,0.725,0.6348,0.8557,0.3151,1
P0074,Endodontics,4,1,Endodontics,1,0.725,0.6348,0.8898,0.3151,1
P0074,Endodontics,4,2,Endodontics,1,0.725,0.6348,0.8503,0.3151,1
P0074,Healthy,1,0,Healthy,1,0.772,0.6839,0.8517,0.2731,1
P0074,Healthy,1,1,Healthy,1,0.772,0.6839,0.9475,0.2912,1
P0074,Healthy,1,2,Healthy,1,0.772,0.6839,0.76,0.2683,1
P0074,Healthy,3,0,Healthy,1,0.72,0.5849,0.8251,0.3171,1
P0074,Healthy,3,1,Healthy,1,0.72,0.5849,0.7994,0.3364,1
P0074,Healthy,3,2,Healthy,1,0.72,0.5849,0.784,0.3102,1
P0712,Endodontics,0,0,Endodontics,1,0.883,0.7592,0.9208,0.2635,1
P0712,Endodontics,0,1,Endodontics,1,0.883,0.7592,0.887,0.2635,1
P0712,Endodontics,0,2,Endodontics,1,0.883,0.7592,0.8743,0.2635,1
P0712,Endodontics,1,0,Endodontics,1,0.854,0.4292,0.6405,0.4073,1
P0712,Endodontics,1,1,Endodontics,1,0.854,0.4292,0.5947,0.389,1
P0712,Endodontics,1,2,Endodontics,1,0.854,0.4292,0.6052,0.3698,1
P0712,Healthy,1,0,Healthy,1,0.719,0.7028,0.9352,0.2846,1
P0712,Healthy,1,1,Healthy,1,0.719,0.7028,0.9188,0.2846,1
P0712,Healthy,1,2,Healthy,1,0.719,0.7028,0.8885,0.2841,1
P0712,Healthy,2,0,Healthy,1,0.713,0.626,0.9382,0.3195,1
P0712,Healthy,2,1,Healthy,1,0.713,0.626,0.8707,0.3193,1
P0712,Healthy,2,2,Healthy,1,0.713,0.626,0.8654,0.3197,1
P0713,Endodontics,0,0,Endodontics,1,0.665,0.473,0.6965,0.3794,1
P0713,Endodontics,0,1,Endodontics,1,0.665,0.473,0.5896,0.2666,0
P0713,Endodontics,0,2,Endodontics,1,0.665,0.473,0.5843,0.2229,0
P0713,Healthy,1,0,Healthy,1,0.88,0.7675,0.8491,0.2394,1
P0713,Healthy,1,1,Healthy,1,0.88,0.7675,0.924,0.2553,1
P0713,Healthy,1,2,Healthy,1,0.88,0.7675,0.9718,0.2606,1
P0714,Endodontics,0,0,Endodontics,1,0.802,0.8653,0.979,0.2311,1
P0714,Endodontics,0,1,Endodontics,1,0.802,0.8653,0.8475,0.1895,0
P0714,Endodontics,0,2,Endodontics,1,0.802,0.8653,0.9001,0.231,1
P0714,Healthy,2,0,Healthy,1,0.781,0.7784,0.8933,0.2569,1
P0714,Healthy,2,1,Healthy,1,0.781,0.7784,0.9456,0.2569,1
P0714,Healthy,2,2,Healthy,1,0.781,0.7784,0.9317,0.2569,1
P0714,Healthy,4,0,Healthy,1,0.759,0.4531,0.7627,0.392,1
P0714,Healthy,4,1,Endodontics,0,0.759,0.4531,0.1796,0.065,0
P0714,Healthy,4,2,Healthy,1,0.759,0.4531,0.8009,0.387,1
P0075,Endodontics,0,0,Endodontics,1,0.673,0.6767,0.9332,0.2956,1
P0075,Endodontics,0,1,Endodontics,1,0.673,0.6767,0.9142,0.2956,1
P0075,Endodontics,0,2,Endodontics,1,0.673,0.6767,0.8037,0.2956,1
P0075,Endodontics,1,0,Endodontics,1,0.738,0.5782,0.8105,0.309,1
P0075,Endodontics,1,1,Endodontics,1,0.738,0.5782,0.7623,0.3459,1
P0075,Endodontics,1,2,Endodontics,1,0.738,0.5782,0.7422,0.3422,1
P0075,Endodontics,2,0,Endodontics,1,0.658,0.3988,0.6589,0.409,1
P0075,Endodontics,2,1,Endodontics,1,0.658,0.3988,0.6577,0.4275,1
P0075,Endodontics,2,2,Endodontics,1,0.658,0.3988,0.6184,0.4671,1
P0075,Healthy,3,0,Healthy,1,0.63,0.7186,0.8871,0.2783,1
P0075,Healthy,3,1,Healthy,1,0.63,0.7186,0.7587,0.1967,1
P0075,Healthy,3,2,Healthy,1,0.63,0.7186,0.8996,0.2783,1
P0075,Healthy,4,0,Healthy,1,0.79,0.6055,0.7586,0.2789,1
P0075,Healthy,4,1,Healthy,1,0.79,0.6055,0.7459,0.2566,1
P0075,Healthy,4,2,Healthy,1,0.79,0.6055,0.8013,0.3303,1
P0715,Healthy,12,0,Healthy,1,0.814,0.745,0.8657,0.2644,1
P0715,Healthy,12,1,Healthy,1,0.814,0.745,0.88,0.268,1
P0715,Healthy,12,2,Healthy,1,0.814,0.745,0.8942,0.2684,1
P0717,Healthy,2,0,Healthy,1,0.779,0.5661,0.6014,0.2097,0
P0717,Healthy,2,1,Healthy,1,0.779,0.5661,0.6385,0.2194,1
P0717,Healthy,2,2,Healthy,1,0.779,0.5661,0.5066,0.1315,0
P0717,Healthy,16,0,Healthy,1,0.793,0.5705,0.6226,0.2456,1
P0717,Healthy,16,1,Healthy,1,0.793,0.5705,0.6648,0.1898,1
P0717,Healthy,16,2,Healthy,1,0.793,0.5705,0.7531,0.2862,1
P0718,Endodontics,0,0,Endodontics,1,0.841,0.7668,0.9161,0.2608,1
P0718,Endodontics,0,1,Endodontics,1,0.841,0.7668,0.9265,0.2608,1
P0718,Endodontics,0,2,Endodontics,1,0.841,0.7668,0.899,0.2608,1
P0718,Endodontics,1,0,Endodontics,1,0.738,0.6618,0.8312,0.2945,1
P0718,Endodontics,1,1,Endodontics,1,0.738,0.6618,0.7693,0.2793,1
P0718,Endodontics,1,2,Endodontics,1,0.738,0.6618,0.7363,0.2482,1
P0718,Healthy,3,0,Healthy,1,0.919,0.8713,0.9187,0.2222,1
P0718,Healthy,3,1,Healthy,1,0.919,0.8713,0.9593,0.2295,1
P0718,Healthy,3,2,Healthy,1,0.919,0.8713,0.9672,0.2296,1
P0719,Endodontics,0,0,Endodontics,1,0.831,0.7257,0.8658,0.2756,1
P0719,Endodontics,0,1,Endodontics,1,0.831,0.7257,0.8533,0.2756,1
P0719,Endodontics,0,2,Endodontics,1,0.831,0.7257,0.8254,0.2562,1
P0719,Endodontics,1,0,Endodontics,1,0.757,0.6843,0.912,0.2923,1
P0719,Endodontics,1,1,Endodontics,1,0.757,0.6843,0.8101,0.2923,1
P0719,Endodontics,1,2,Endodontics,1,0.757,0.6843,0.8513,0.2916,1
P0719,Healthy,9,0,Healthy,1,0.743,0.7855,0.9058,0.2546,1
P0719,Healthy,9,1,Healthy,1,0.743,0.7855,0.9393,0.2546,1
P0719,Healthy,9,2,Healthy,1,0.743,0.7855,0.888,0.221,1
P0720,Endodontics,0,0,Endodontics,1,0.714,0.8783,0.9216,0.2277,1
P0720,Endodontics,0,1,Endodontics,1,0.714,0.8783,0.9677,0.2277,1
P0720,Endodontics,0,2,Endodontics,1,0.714,0.8783,0.9406,0.2277,1
P0720,Endodontics,1,0,Endodontics,1,0.787,0.8147,0.9697,0.2455,1
P0720,Endodontics,1,1,Endodontics,1,0.787,0.8147,0.9078,0.2455,1
P0720,Endodontics,1,2,Endodontics,1,0.787,0.8147,0.924,0.2455,1
P0720,Healthy,9,0,Healthy,1,0.741,0.8041,0.9501,0.2487,1
P0720,Healthy,9,1,Healthy,1,0.741,0.8041,0.8538,0.2105,1
P0720,Healthy,9,2,Healthy,1,0.741,0.8041,0.9224,0.2487,1
P0720,Endodontics,2,0,Endodontics,1,0.665,0.4035,0.5954,0.3607,1
P0720,Endodontics,2,1,Endodontics,1,0.665,0.4035,0.5683,0.3871,1
P0720,Endodontics,2,2,Endodontics,1,0.665,0.4035,0.5405,0.3591,1
P0720,Endodontics,3,0,Endodontics,1,0.593,0.334,0.3546,0.1625,1
P0720,Endodontics,3,1,Endodontics,1,0.593,0.334,0.434,0.2945,1
P0720,Endodontics,3,2,Healthy,0,0.593,0.334,0.2301,0.0434,0
P0721,Healthy,2,0,Healthy,1,0.783,0.7332,0.8579,0.2413,1
P0721,Healthy,2,1,Healthy,1,0.783,0.7332,0.8764,0.2418,1
P0721,Healthy,2,2,Healthy,1,0.783,0.7332,0.7846,0.2317,1
P0721,Healthy,18,0,Healthy,1,0.739,0.6354,0.7411,0.2404,1
P0721,Healthy,18,1,Healthy,1,0.739,0.6354,0.418,0.0535,0
P0721,Healthy,18,2,Healthy,1,0.739,0.6354,0.8964,0.3148,1
P0076,Healthy,12,0,Healthy,1,0.672,0.5536,0.8144,0.3613,1
P0076,Healthy,12,1,Healthy,1,0.672,0.5536,0.6536,0.2395,0
P0076,Healthy,12,2,Healthy,1,0.672,0.5536,0.709,0.283,1
P0722,Healthy,0,0,Healthy,1,0.84,0.8075,0.8421,0.2226,1
P0722,Healthy,0,1,Healthy,1,0.84,0.8075,0.9456,0.2477,1
P0722,Healthy,0,2,Healthy,1,0.84,0.8075,0.9844,0.2477,1
P0722,Healthy,8,0,Impacted,0,0.65,0.3859,0.4479,0.2905,0
P0722,Healthy,8,1,Impacted,0,0.65,0.3859,0.5474,0.3107,1
P0722,Healthy,8,2,Impacted,0,0.65,0.3859,0.1434,0.0081,0
P0722,Impacted,0,0,Impacted,1,0.848,0.5824,0.641,0.1853,1
P0722,Impacted,0,1,Impacted,1,0.848,0.5824,0.8584,0.3154,1
P0722,Impacted,0,2,Endodontics,0,0.848,0.5824,0.2623,0.0319,0
P0722,Impacted,1,0,Impacted,1,0.811,0.6411,0.8099,0.2641,1
P0722,Impacted,1,1,Impacted,1,0.811,0.6411,0.895,0.3046,1
P0722,Impacted,1,2,Impacted,1,0.811,0.6411,0.4035,0.0364,0
P0722,Impacted,2,0,Impacted,1,0.783,0.6746,0.7006,0.1554,1
P0722,Impacted,2,1,Impacted,1,0.783,0.6746,0.7988,0.2759,1
P0722,Impacted,2,2,Impacted,1,0.783,0.6746,0.7305,0.2434,1
P0723,Healthy,0,0,Healthy,1,0.905,0.7804,0.9387,0.2548,1
P0723,Healthy,0,1,Healthy,1,0.905,0.7804,0.9188,0.2419,1
P0723,Healthy,0,2,Healthy,1,0.905,0.7804,0.911,0.2563,1
P0724,Healthy,0,0,Healthy,1,0.85,0.7148,0.8577,0.2713,1
P0724,Healthy,0,1,Endodontics,0,0.85,0.7148,0.7628,0.1893,0
P0724,Healthy,0,2,Healthy,1,0.85,0.7148,0.8441,0.2186,1
P0724,Endodontics,0,0,Endodontics,1,0.788,0.7239,0.9192,0.2763,1
P0724,Endodontics,0,1,Endodontics,1,0.788,0.7239,0.9289,0.2763,1
P0724,Endodontics,0,2,Endodontics,1,0.788,0.7239,0.8871,0.2763,1
P0724,Endodontics,1,0,Endodontics,1,0.792,0.6777,0.8316,0.2837,1
P0724,Endodontics,1,1,Endodontics,1,0.792,0.6777,0.8529,0.2938,1
P0724,Endodontics,1,2,Endodontics,1,0.792,0.6777,0.8599,0.2951,1
P0724,Healthy,7,0,Healthy,1,0.655,0.4686,0.6041,0.382,1
P0724,Healthy,7,1,Healthy,1,0.655,0.4686,0.5421,0.1911,0
P0724,Healthy,7,2,Healthy,1,0.655,0.4686,0.6144,0.2995,1
P0724,Endodontics,2,0,Healthy,0,0.715,0.3398,0.4554,0.2429,1
P0724,Endodontics,2,1,Endodontics,1,0.715,0.3398,0.3881,0.1215,0
P0724,Endodontics,2,2,Healthy,0,0.715,0.3398,0.2782,0.0138,0
P0724,Endodontics,3,0,Endodontics,1,0.666,0.3371,0.4833,0.3233,1
P0724,Endodontics,3,1,Endodontics,1,0.666,0.3371,0.5516,0.4192,1
P0724,Endodontics,3,2,Endodontics,1,0.666,0.3371,0.5925,0.4428,1
P0725,Healthy,1,0,Healthy,1,0.84,0.7082,0.8402,0.2522,1
P0725,Healthy,1,1,Healthy,1,0.84,0.7082,0.8142,0.2728,1
P0725,Healthy,1,2,Healthy,1,0.84,0.7082,0.779,0.2326,1
P0725,Healthy,9,0,Healthy,1,0.893,0.5226,0.7134,0.3475,1
P0725,Healthy,9,1,Healthy,1,0.893,0.5226,0.7519,0.3371,1
P0725,Healthy,9,2,Healthy,1,0.893,0.5226,0.7125,0.333,1
P0727,Healthy,3,0,Healthy,1,0.81,0.7804,0.9167,0.2563,1
P0727,Healthy,3,1,Healthy,1,0.81,0.7804,0.9677,0.2537,1
P0727,Healthy,3,2,Healthy,1,0.81,0.7804,0.9437,0.2563,1
P0727,Healthy,4,0,Healthy,1,0.923,0.7437,0.9003,0.2689,1
P0727,Healthy,4,1,Healthy,1,0.923,0.7437,0.8355,0.2194,1
P0727,Healthy,4,2,Healthy,1,0.923,0.7437,0.9104,0.2689,1
P0728,Healthy,0,0,Healthy,1,0.754,0.7516,0.9161,0.2661,1
P0728,Healthy,0,1,Healthy,1,0.754,0.7516,0.7931,0.1764,0
P0728,Healthy,0,2,Endodontics,0,0.754,0.7516,0.7048,0.1503,1
P0728,Healthy,1,0,Healthy,1,0.876,0.7292,0.9244,0.2743,1
P0728,Healthy,1,1,Healthy,1,0.876,0.7292,0.9167,0.2743,1
P0728,Healthy,1,2,Healthy,1,0.876,0.7292,0.7636,0.2057,1
P0728,Endodontics,0,0,Endodontics,1,0.936,0.8139,0.9117,0.2457,1
P0728,Endodontics,0,1,Endodontics,1,0.936,0.8139,0.9408,0.2457,1
P0728,Endodontics,0,2,Endodontics,1,0.936,0.8139,0.9528,0.2457,1
P0077,Healthy,2,0,Healthy,1,0.661,0.5941,0.7999,0.333,1
P0077,Healthy,2,1,Healthy,1,0.661,0.5941,0.7023,0.2535,1
P0077,Healthy,2,2,Healthy,1,0.661,0.5941,0.7679,0.2723,1
P0077,Healthy,3,0,Healthy,1,0.734,0.6902,0.8886,0.2858,1
P0077,Healthy,3,1,Healthy,1,0.734,0.6902,0.9249,0.27,1
P0077,Healthy,3,2,Healthy,1,0.734,0.6902,0.9382,0.2898,1
P0729,Healthy,1,0,Healthy,1,0.892,0.8012,0.9816,0.2496,1
P0729,Healthy,1,1,Healthy,1,0.892,0.8012,0.9587,0.2496,1
P0729,Healthy,1,2,Healthy,1,0.892,0.8012,0.8619,0.2385,1
P0729,Healthy,11,0,Healthy,1,0.681,0.3711,0.4908,0.2993,1
P0729,Healthy,11,1,Healthy,1,0.681,0.3711,0.5623,0.3433,1
P0729,Healthy,11,2,Healthy,1,0.681,0.3711,0.4614,0.2864,1
P0731,Healthy,10,0,Healthy,1,0.641,0.667,0.8126,0.2999,1
P0731,Healthy,10,1,Healthy,1,0.641,0.667,0.7868,0.2233,1
P0731,Healthy,10,2,Healthy,1,0.641,0.667,0.6941,0.2006,1
P0731,Healthy,18,0,Healthy,1,0.897,0.7784,0.9222,0.2569,1
P0731,Healthy,18,1,Healthy,1,0.897,0.7784,0.8865,0.2569,1
P0731,Healthy,18,2,Healthy,1,0.897,0.7784,0.9249,0.2569,1
P0731,Endodontics,0,0,Endodontics,1,0.667,0.4784,0.7492,0.3871,1
P0731,Endodontics,0,1,Endodontics,1,0.667,0.4784,0.8352,0.4018,1
P0731,Endodontics,0,2,Endodontics,1,0.667,0.4784,0.6254,0.3521,1
P0731,Impacted,0,0,Impacted,1,0.695,0.6012,0.6892,0.2487,1
P0731,Impacted,0,1,Implant,0,0.695,0.6012,0.7437,0.2355,1
P0731,Impacted,0,2,Impacted,1,0.695,0.6012,0.6615,0.2122,1
P0732,Healthy,0,0,Healthy,1,0.855,0.677,0.7476,0.2203,1
P0732,Healthy,0,1,Endodontics,0,0.855,0.677,0.5474,0.1164,1
P0732,Healthy,0,2,Healthy,1,0.855,0.677,0.911,0.2939,1
P0732,Endodontics,0,0,Endodontics,1,0.746,0.8201,0.8673,0.2399,1
P0732,Endodontics,0,1,Endodontics,1,0.746,0.8201,0.8995,0.2439,1
P0732,Endodontics,0,2,Endodontics,1,0.746,0.8201,0.9211,0.2439,1
P0732,Endodontics,2,0,Endodontics,1,0.762,0.8945,0.9291,0.2236,1
P0732,Endodontics,2,1,Endodontics,1,0.762,0.8945,0.9383,0.2215,1
P0732,Endodontics,2,2,Endodontics,1,0.762,0.8945,0.9407,0.2183,1
P0732,Endodontics,3,0,Endodontics,1,0.557,0.3872,0.6035,0.2401,1
P0732,Endodontics,3,1,Endodontics,1,0.557,0.3872,0.652,0.5166,1
P0732,Endodontics,3,2,Endodontics,1,0.557,0.3872,0.5354,0.2954,1
P0732,Impacted,0,0,Impacted,1,0.533,0.3463,0.414,0.2437,1
P0732,Impacted,0,1,Impacted,1,0.533,0.3463,0.4049,0.1971,1
P0732,Impacted,0,2,Impacted,1,0.533,0.3463,0.278,0.1438,0
P0732,Endodontics,4,0,Impacted,0,0.675,0.3531,0.507,0.2899,1
P0732,Endodontics,4,1,Endodontics,1,0.675,0.3531,0.3347,0.1185,0
P0732,Endodontics,4,2,Impacted,0,0.675,0.3531,0.2911,0.1014,0
P0734,Endodontics,0,0,Endodontics,1,0.839,0.7998,0.9722,0.2501,1
P0734,Endodontics,0,1,Endodontics,1,0.839,0.7998,0.9753,0.2501,1
P0734,Endodontics,0,2,Endodontics,1,0.839,0.7998,0.9924,0.2501,1
P0734,Endodontics,1,0,Endodontics,1,0.896,0.7503,0.9429,0.2666,1
P0734,Endodontics,1,1,Endodontics,1,0.896,0.7503,0.9017,0.2667,1
P0734,Endodontics,1,2,Endodontics,1,0.896,0.7503,0.939,0.2666,1
P0734,Healthy,2,0,Healthy,1,0.757,0.6788,0.8666,0.2946,1
P0734,Healthy,2,1,Healthy,1,0.757,0.6788,0.6773,0.186,1
P0734,Healthy,2,2,Healthy,1,0.757,0.6788,0.7404,0.2605,1
P0734,Endodontics,2,0,Endodontics,1,0.706,0.5615,0.8827,0.3562,1
P0734,Endodontics,2,1,Endodontics,1,0.706,0.5615,0.6902,0.2799,1
P0734,Endodontics,2,2,Endodontics,1,0.706,0.5615,0.8763,0.3562,1
P0734,Healthy,6,0,Healthy,1,0.755,0.4118,0.5575,0.416,1
P0734,Healthy,6,1,Healthy,1,0.755,0.4118,0.6172,0.308,1
P0734,Healthy,6,2,Healthy,1,0.755,0.4118,0.5732,0.3208,1
P0734,Endodontics,3,0,Endodontics,1,0.662,0.3797,0.7286,0.5257,1
P0734,Endodontics,3,1,Endodontics,1,0.662,0.3797,0.5566,0.2906,1
P0734,Endodontics,3,2,Endodontics,1,0.662,0.3797,0.6754,0.4529,1
P0735,Endodontics,0,0,Endodontics,1,0.819,0.7991,0.9059,0.2503,1
P0735,Endodontics,0,1,Endodontics,1,0.819,0.7991,0.9063,0.2503,1
P0735,Endodontics,0,2,Endodontics,1,0.819,0.7991,0.8941,0.2494,1
P0735,Healthy,6,0,Healthy,1,0.713,0.5138,0.6537,0.3868,1
P0735,Healthy,6,1,Healthy,1,0.713,0.5138,0.4925,0.1366,0
P0735,Healthy,6,2,Healthy,1,0.713,0.5138,0.7175,0.3657,1
P0735,Endodontics,1,0,Endodontics,1,0.728,0.4642,0.6476,0.3563,1
P0735,Endodontics,1,1,Endodontics,1,0.728,0.4642,0.5534,0.2597,0
P0735,Endodontics,1,2,Endodontics,1,0.728,0.4642,0.6562,0.3585,1
P0736,Endodontics,0,0,Endodontics,1,0.729,0.6378,0.7546,0.2254,1
P0736,Endodontics,0,1,Endodontics,1,0.729,0.6378,0.7584,0.2303,1
P0736,Endodontics,0,2,Endodontics,1,0.729,0.6378,0.615,0.188,1
P0736,Endodontics,1,0,Endodontics,1,0.523,0.5638,0.6575,0.2547,1
P0736,Endodontics,1,1,Endodontics,1,0.523,0.5638,0.727,0.3156,1
P0736,Endodontics,1,2,Endodontics,1,0.523,0.5638,0.741,0.3352,1
P0736,Healthy,3,0,Healthy,1,0.615,0.5232,0.8087,0.3589,1
P0736,Healthy,3,1,Healthy,1,0.615,0.5232,0.8139,0.3823,1
P0736,Healthy,3,2,Healthy,1,0.615,0.5232,0.8168,0.3685,1
P0737,Healthy,0,0,Healthy,1,0.68,0.6588,0.8829,0.3036,1
P0737,Healthy,0,1,Healthy,1,0.68,0.6588,0.9691,0.3036,1
P0737,Healthy,0,2,Healthy,1,0.68,0.6588,0.9325,0.2966,1
P0738,Endodontics,0,0,Endodontics,1,0.917,0.8162,0.9578,0.245,1
P0738,Endodontics,0,1,Endodontics,1,0.917,0.8162,0.9177,0.245,1
P0738,Endodontics,0,2,Endodontics,1,0.917,0.8162,0.8923,0.245,1
P0738,Endodontics,1,0,Endodontics,1,0.877,0.7949,0.9293,0.2516,1
P0738,Endodontics,1,1,Endodontics,1,0.877,0.7949,0.9504,0.2516,1
P0738,Endodontics,1,2,Endodontics,1,0.877,0.7949,0.8911,0.2501,1
P0738,Implant,0,0,Implant,1,0.814,0.785,0.956,0.2548,1
P0738,Implant,0,1,Implant,1,0.814,0.785,0.9571,0.2548,1
P0738,Implant,0,2,Implant,1,0.814,0.785,0.9409,0.2548,1
P0738,Healthy,2,0,Healthy,1,0.647,0.7071,0.8366,0.2747,1
P0738,Healthy,2,1,Healthy,1,0.647,0.7071,0.7467,0.2228,1
P0738,Healthy,2,2,Healthy,1,0.647,0.7071,0.7785,0.2259,1
P0738,Endodontics,2,0,Endodontics,1,0.77,0.7559,0.9464,0.2646,1
P0738,Endodontics,2,1,Endodontics,1,0.77,0.7559,0.8977,0.2432,1
P0738,Endodontics,2,2,Endodontics,1,0.77,0.7559,0.9146,0.2646,1
P0738,Endodontics,3,0,Endodontics,1,0.829,0.6425,0.9133,0.3113,1
P0738,Endodontics,3,1,Endodontics,1,0.829,0.6425,0.8034,0.3113,1
P0738,Endodontics,3,2,Endodontics,1,0.829,0.6425,0.8647,0.3113,1
P0738,Healthy,11,0,Healthy,1,0.602,0.5863,0.7887,0.3395,1
P0738,Healthy,11,1,Healthy,1,0.602,0.5863,0.8679,0.3395,1
P0738,Healthy,11,2,Healthy,1,0.602,0.5863,0.753,0.2857,1
P0738,Endodontics,4,0,Endodontics,1,0.775,0.3916,0.6607,0.4787,1
P0738,Endodontics,4,1,Endodontics,1,0.775,0.3916,0.6105,0.4352,1
P0738,Endodontics,4,2,Endodontics,1,0.775,0.3916,0.5672,0.4451,1
P0738,Endodontics,5,0,Endodontics,1,0.604,0.3171,0.5889,0.4231,1
P0738,Endodontics,5,1,Endodontics,1,0.604,0.3171,0.4432,0.3503,1
P0738,Endodontics,5,2,Endodontics,1,0.604,0.3171,0.4452,0.2759,0
P0738,Endodontics,6,0,Endodontics,1,0.563,0.3617,0.5032,0.3555,0
P0738,Endodontics,6,1,Endodontics,1,0.563,0.3617,0.5292,0.4014,1
P0738,Endodontics,6,2,Endodontics,1,0.563,0.3617,0.4825,0.2578,0
P0738,Endodontics,7,0,Endodontics,1,0.576,0.3082,0.5242,0.4704,1
P0738,Endodontics,7,1,Endodontics,1,0.576,0.3082,0.5029,0.4696,1
P0738,Endodontics,7,2,Endodontics,1,0.576,0.3082,0.5365,0.5299,1
P0740,Endodontics,0,0,Endodontics,1,0.77,0.702,0.9434,0.2849,1
P0740,Endodontics,0,1,Endodontics,1,0.77,0.702,0.8834,0.2849,1
P0740,Endodontics,0,2,Endodontics,1,0.77,0.702,0.8899,0.2849,1
P0740,Endodontics,1,0,Endodontics,1,0.678,0.6509,0.8748,0.3073,1
P0740,Endodontics,1,1,Endodontics,1,0.678,0.6509,0.7983,0.3073,1
P0740,Endodontics,1,2,Endodontics,1,0.678,0.6509,0.7475,0.2748,1
P0741,Healthy,3,0,Healthy,1,0.666,0.8427,0.8384,0.1528,0
P0741,Healthy,3,1,Healthy,1,0.666,0.8427,0.9503,0.2373,1
P0741,Healthy,3,2,Healthy,1,0.666,0.8427,0.9354,0.2373,1
P0741,Healthy,8,0,Healthy,1,0.825,0.5484,0.6544,0.2739,0
P0741,Healthy,8,1,Healthy,1,0.825,0.5484,0.4788,0.155,0
P0741,Healthy,8,2,Healthy,1,0.825,0.5484,0.8298,0.3403,1
P0741,Endodontics,0,0,Healthy,0,0.945,0.7428,0.5098,0.1149,1
P0741,Endodontics,0,1,Impacted,0,0.945,0.7428,0.8254,0.2595,1
P0741,Endodontics,0,2,Impacted,0,0.945,0.7428,0.8672,0.2586,1
P0741,Endodontics,1,0,Endodontics,1,0.528,0.3326,0.4907,0.2687,1
P0741,Endodontics,1,1,Endodontics,1,0.528,0.3326,0.6458,0.5338,1
P0741,Endodontics,1,2,Endodontics,1,0.528,0.3326,0.4531,0.4291,1
P0742,Healthy,8,0,Healthy,1,0.929,0.8,0.894,0.2461,1
P0742,Healthy,8,1,Healthy,1,0.929,0.8,0.9544,0.249,1
P0742,Healthy,8,2,Healthy,1,0.929,0.8,0.9674,0.2492,1
P0742,Healthy,27,0,Healthy,1,0.558,0.3105,0.433,0.3142,1
P0742,Healthy,27,1,Healthy,1,0.558,0.3105,0.5323,0.3118,1
P0742,Healthy,27,2,Healthy,1,0.558,0.3105,0.6255,0.4908,1
P0743,Endodontics,0,0,Endodontics,1,0.734,0.794,0.9467,0.2519,1
P0743,Endodontics,0,1,Endodontics,1,0.734,0.794,0.9579,0.2519,1
P0743,Endodontics,0,2,Endodontics,1,0.734,0.794,0.9475,0.2519,1
P0743,Endodontics,1,0,Endodontics,1,0.663,0.8499,0.8999,0.2345,1
P0743,Endodontics,1,1,Endodontics,1,0.663,0.8499,0.8682,0.2007,1
P0743,Endodontics,1,2,Endodontics,1,0.663,0.8499,0.9054,0.2296,1
P0743,Endodontics,2,0,Endodontics,1,0.791,0.7439,0.8876,0.2674,1
P0743,Endodontics,2,1,Endodontics,1,0.791,0.7439,0.8946,0.2689,1
P0743,Endodontics,2,2,Endodontics,1,0.791,0.7439,0.8785,0.2689,1
P0743,Endodontics,3,0,Endodontics,1,0.805,0.8151,0.9595,0.2454,1
P0743,Endodontics,3,1,Endodontics,1,0.805,0.8151,0.9341,0.2454,1
P0743,Endodontics,3,2,Endodontics,1,0.805,0.8151,0.9689,0.2454,1
P0743,Endodontics,4,0,Endodontics,1,0.809,0.817,0.9613,0.2448,1
P0743,Endodontics,4,1,Endodontics,1,0.809,0.817,0.9461,0.2448,1
P0743,Endodontics,4,2,Endodontics,1,0.809,0.817,0.9025,0.2448,1
P0743,Endodontics,5,0,Endodontics,1,0.81,0.5342,0.6792,0.2424,0
P0743,Endodontics,5,1,Endodontics,1,0.81,0.5342,0.7016,0.2567,1
P0743,Endodontics,5,2,Endodontics,1,0.81,0.5342,0.6999,0.3438,1
P0743,Endodontics,6,0,Endodontics,1,0.78,0.8122,0.9366,0.2463,1
P0743,Endodontics,6,1,Endodontics,1,0.78,0.8122,0.9081,0.2463,1
P0743,Endodontics,6,2,Endodontics,1,0.78,0.8122,0.9255,0.2463,1
P0743,Endodontics,7,0,Endodontics,1,0.753,0.6737,0.8015,0.2925,1
P0743,Endodontics,7,1,Endodontics,1,0.753,0.6737,0.7551,0.2865,1
P0743,Endodontics,7,2,Endodontics,1,0.753,0.6737,0.7504,0.2787,1
P0743,Endodontics,8,0,Endodontics,1,0.594,0.376,0.5645,0.3685,1
P0743,Endodontics,8,1,Endodontics,1,0.594,0.376,0.5299,0.208,1
P0743,Endodontics,8,2,Endodontics,1,0.594,0.376,0.1844,0.003,0
P0743,Endodontics,9,0,Endodontics,1,0.527,0.3585,0.4928,0.2995,1
P0743,Endodontics,9,1,Endodontics,1,0.527,0.3585,0.5403,0.4296,1
P0743,Endodontics,9,2,Endodontics,1,0.527,0.3585,0.5075,0.3891,1
P0743,Healthy,0,0,Healthy,1,0.691,0.6962,0.9236,0.2873,1
P0743,Healthy,0,1,Healthy,1,0.691,0.6962,0.8817,0.2873,1
P0743,Healthy,0,2,Healthy,1,0.691,0.6962,0.8871,0.2873,1
P0743,Healthy,1,0,Healthy,1,0.811,0.7165,0.9127,0.2783,1
P0743,Healthy,1,1,Healthy,1,0.811,0.7165,0.7113,0.1837,1
P0743,Healthy,1,2,Healthy,1,0.811,0.7165,0.825,0.24,1
P0743,Endodontics,10,0,Endodontics,1,0.617,0.3559,0.6378,0.3445,1
P0743,Endodontics,10,1,Endodontics,1,0.617,0.3559,0.6391,0.5043,1
P0743,Endodontics,10,2,Endodontics,1,0.617,0.3559,0.55,0.373,1
P0745,Healthy,4,0,Healthy,1,0.807,0.8015,0.8852,0.2461,1
P0745,Healthy,4,1,Healthy,1,0.807,0.8015,0.7809,0.1792,0
P0745,Healthy,4,2,Healthy,1,0.807,0.8015,0.5143,0.0985,0
P0745,Healthy,10,0,Healthy,1,0.894,0.8122,0.8402,0.2362,1
P0745,Healthy,10,1,Healthy,1,0.894,0.8122,0.9189,0.2373,1
P0745,Healthy,10,2,Healthy,1,0.894,0.8122,0.992,0.2463,1
P0746,Healthy,1,0,Healthy,1,0.886,0.7788,0.954,0.2568,1
P0746,Healthy,1,1,Healthy,1,0.886,0.7788,0.9912,0.2568,1
P0746,Healthy,1,2,Healthy,1,0.886,0.7788,0.8147,0.2486,1
P0746,Healthy,9,0,Healthy,1,0.738,0.653,0.8357,0.3062,1
P0746,Healthy,9,1,Healthy,1,0.738,0.653,0.9523,0.3063,1
P0746,Healthy,9,2,Healthy,1,0.738,0.653,0.7271,0.2831,1
P0748,Healthy,4,0,Healthy,1,0.763,0.6745,0.8493,0.2857,1
P0748,Healthy,4,1,Healthy,1,0.763,0.6745,0.8858,0.2965,1
P0748,Healthy,4,2,Healthy,1,0.763,0.6745,0.7358,0.259,1
P0748,Endodontics,0,0,Endodontics,1,0.791,0.4117,0.6326,0.398,1
P0748,Endodontics,0,1,Endodontics,1,0.791,0.4117,0.6567,0.4322,1
P0748,Endodontics,0,2,Endodontics,1,0.791,0.4117,0.5757,0.3554,1
P0749,Endodontics,0,0,Endodontics,1,0.772,0.7462,0.7703,0.2552,1
P0749,Endodontics,0,1,Endodontics,1,0.772,0.7462,0.8464,0.2593,1
P0749,Endodontics,0,2,Endodontics,1,0.772,0.7462,0.88,0.2681,1
P0749,Healthy,5,0,Healthy,1,0.833,0.7649,0.9233,0.2607,1
P0749,Healthy,5,1,Healthy,1,0.833,0.7649,0.9044,0.2607,1
P0749,Healthy,5,2,Healthy,1,0.833,0.7649,0.9016,0.2493,1
P0749,Healthy,6,0,Healthy,1,0.712,0.4446,0.6057,0.3912,1
P0749,Healthy,6,1,Healthy,1,0.712,0.4446,0.6835,0.31,1
P0749,Healthy,6,2,Healthy,1,0.712,0.4446,0.5142,0.2191,0
P0751,Endodontics,0,0,Endodontics,1,0.883,0.8316,0.9645,0.2405,1
P0751,Endodontics,0,1,Endodontics,1,0.883,0.8316,0.9382,0.2405,1
P0751,Endodontics,0,2,Endodontics,1,0.883,0.8316,0.8989,0.2405,1
P0751,Healthy,3,0,Healthy,1,0.776,0.7448,0.8391,0.2682,1
P0751,Healthy,3,1,Healthy,1,0.776,0.7448,0.9368,0.2628,1
P0751,Healthy,3,2,Healthy,1,0.776,0.7448,0.8602,0.2581,1
P0751,Healthy,9,0,Healthy,1,0.63,0.5266,0.7171,0.3155,1
P0751,Healthy,9,1,Healthy,1,0.63,0.5266,0.8898,0.3798,1
P0751,Healthy,9,2,Healthy,1,0.63,0.5266,0.7685,0.3289,1
P0753,Endodontics,0,0,Endodontics,1,0.849,0.7542,0.7791,0.1975,1
P0753,Endodontics,0,1,Endodontics,1,0.849,0.7542,0.8496,0.2652,1
P0753,Endodontics,0,2,Endodontics,1,0.849,0.7542,0.8178,0.231,1
P0753,Healthy,4,0,Healthy,1,0.791,0.749,0.8789,0.2671,1
P0753,Healthy,4,1,Healthy,1,0.791,0.749,0.8793,0.2668,1
P0753,Healthy,4,2,Healthy,1,0.791,0.749,0.8367,0.2579,1
P0753,Healthy,6,0,Healthy,1,0.578,0.5397,0.7894,0.3545,1
P0753,Healthy,6,1,Healthy,1,0.578,0.5397,0.3387,0.098,0
P0753,Healthy,6,2,Healthy,1,0.578,0.5397,0.5756,0.2018,1
P0753,Endodontics,1,0,Endodontics,1,0.625,0.2939,0.633,0.3983,1
P0753,Endodontics,1,1,Endodontics,1,0.625,0.2939,0.4289,0.348,1
P0753,Endodontics,1,2,Endodontics,1,0.625,0.2939,0.4706,0.3522,1
P0755,Healthy,0,0,Healthy,1,0.737,0.667,0.8594,0.2873,1
P0755,Healthy,0,1,Healthy,1,0.737,0.667,0.9043,0.291,1
P0755,Healthy,0,2,Healthy,1,0.737,0.667,0.8566,0.2788,1
P0755,Healthy,3,0,Healthy,1,0.797,0.4958,0.708,0.4034,1
P0755,Healthy,3,1,Healthy,1,0.797,0.4958,0.568,0.2937,1
P0755,Healthy,3,2,Healthy,1,0.797,0.4958,0.7834,0.3421,1
P0756,Healthy,3,0,Healthy,1,0.75,0.6865,0.7751,0.2384,1
P0756,Healthy,3,1,Healthy,1,0.75,0.6865,0.8271,0.2454,1
P0756,Healthy,3,2,Healthy,1,0.75,0.6865,0.8852,0.2913,1
P0756,Healthy,7,0,Healthy,1,0.592,0.426,0.7341,0.4462,1
P0756,Healthy,7,1,Healthy,1,0.592,0.426,0.7084,0.3224,1
P0756,Healthy,7,2,Healthy,1,0.592,0.426,0.8143,0.4304,1
P0757,Healthy,0,0,Healthy,1,0.747,0.7603,0.9088,0.2631,1
P0757,Healthy,0,1,Healthy,1,0.747,0.7603,1.0,0.2631,1
P0757,Healthy,0,2,Healthy,1,0.747,0.7603,0.9774,0.2631,1
P0757,Healthy,12,0,Healthy,1,0.714,0.6839,0.9372,0.2912,1
P0757,Healthy,12,1,Healthy,1,0.714,0.6839,0.7459,0.2697,1
P0757,Healthy,12,2,Healthy,1,0.714,0.6839,0.8915,0.2603,1
P0758,Impacted,0,0,Impacted,1,0.805,0.7909,0.8356,0.2379,1
P0758,Impacted,0,1,Impacted,1,0.805,0.7909,0.8817,0.2397,1
P0758,Impacted,0,2,Impacted,1,0.805,0.7909,0.657,0.1117,0
P0758,Healthy,12,0,Healthy,1,0.84,0.735,0.8154,0.2717,1
P0758,Healthy,12,1,Healthy,1,0.84,0.735,0.8849,0.2493,1
P0758,Healthy,12,2,Healthy,1,0.84,0.735,0.8937,0.2422,1
P0760,Healthy,2,0,Healthy,1,0.808,0.6672,0.893,0.294,1
P0760,Healthy,2,1,Healthy,1,0.808,0.6672,0.7748,0.2612,1
P0760,Healthy,2,2,Healthy,1,0.808,0.6672,0.9423,0.2998,1
P0760,Healthy,3,0,Healthy,1,0.755,0.7536,0.8795,0.2654,1
P0760,Healthy,3,1,Healthy,1,0.755,0.7536,0.9997,0.2654,1
P0760,Healthy,3,2,Healthy,1,0.755,0.7536,0.9298,0.2655,1
P0761,Endodontics,0,0,Endodontics,1,0.821,0.7412,0.9364,0.2699,1
P0761,Endodontics,0,1,Endodontics,1,0.821,0.7412,0.9161,0.2699,1
P0761,Endodontics,0,2,Endodontics,1,0.821,0.7412,0.9019,0.2699,1
P0761,Healthy,1,0,Healthy,1,0.592,0.6191,0.8041,0.2967,1
P0761,Healthy,1,1,Endodontics,0,0.592,0.6191,0.7,0.1673,1
P0761,Healthy,1,2,Endodontics,0,0.592,0.6191,0.5432,0.1473,1
P0761,Endodontics,1,0,Endodontics,1,0.914,0.8118,0.9617,0.244,1
P0761,Endodontics,1,1,Endodontics,1,0.914,0.8118,0.8946,0.2212,1
P0761,Endodontics,1,2,Endodontics,1,0.914,0.8118,0.8773,0.2297,1
P0761,Healthy,5,0,Healthy,1,0.796,0.7615,0.9593,0.2627,1
P0761,Healthy,5,1,Healthy,1,0.796,0.7615,0.7867,0.2334,1
P0761,Healthy,5,2,Healthy,1,0.796,0.7615,0.8936,0.2536,1
P0761,Impacted,0,0,Impacted,1,0.779,0.5743,0.7113,0.2647,1
P0761,Impacted,0,1,Impacted,1,0.779,0.5743,0.6399,0.134,0
P0761,Impacted,0,2,Impacted,1,0.779,0.5743,0.7431,0.2801,1
P0762,Endodontics,0,0,Endodontics,1,0.835,0.8543,0.9314,0.2341,1
P0762,Endodontics,0,1,Implant,0,0.835,0.8543,0.9637,0.2341,1
P0762,Endodontics,0,2,Endodontics,1,0.835,0.8543,0.9614,0.2341,1
P0762,Endodontics,1,0,Endodontics,1,0.718,0.7436,0.8363,0.2046,1
P0762,Endodontics,1,1,Endodontics,1,0.718,0.7436,0.9204,0.269,1
P0762,Endodontics,1,2,Endodontics,1,0.718,0.7436,0.786,0.1891,1
P0762,Endodontics,2,0,Endodontics,1,0.643,0.6564,0.7942,0.2947,1
P0762,Endodontics,2,1,Endodontics,1,0.643,0.6564,0.523,0.0769,0
P0762,Endodontics,2,2,Endodontics,1,0.643,0.6564,0.3893,0.0317,0
P0762,Endodontics,3,0,Endodontics,1,0.613,0.589,0.8941,0.3396,1
P0762,Endodontics,3,1,Endodontics,1,0.613,0.589,0.7681,0.3052,1
P0762,Endodontics,3,2,Endodontics,1,0.613,0.589,0.8175,0.3384,1
P0762,Endodontics,4,0,Endodontics,1,0.795,0.7895,0.9637,0.2533,1
P0762,Endodontics,4,1,Endodontics,1,0.795,0.7895,0.9062,0.2533,1
P0762,Endodontics,4,2,Endodontics,1,0.795,0.7895,0.8186,0.2269,1
P0762,Healthy,1,0,Healthy,1,0.638,0.4269,0.5605,0.45,1
P0762,Healthy,1,1,Healthy,1,0.638,0.4269,0.003,0.0326,0
P0762,Healthy,1,2,Healthy,1,0.638,0.4269,0.6023,0.3142,1
P0762,Healthy,4,0,Healthy,1,0.702,0.5002,0.6471,0.3027,1
P0762,Healthy,4,1,Healthy,1,0.702,0.5002,0.5128,0.149,0
P0762,Healthy,4,2,Healthy,1,0.702,0.5002,0.658,0.3083,1
P0763,Endodontics,0,0,Endodontics,1,0.898,0.6818,0.9562,0.2934,1
P0763,Endodontics,0,1,Endodontics,1,0.898,0.6818,0.8101,0.2934,1
P0763,Endodontics,0,2,Endodontics,1,0.898,0.6818,0.9166,0.2934,1
P0763,Healthy,2,0,Healthy,1,0.921,0.8438,0.9628,0.237,1
P0763,Healthy,2,1,Healthy,1,0.921,0.8438,0.9825,0.237,1
P0763,Healthy,2,2,Healthy,1,0.921,0.8438,0.9707,0.2371,1
P0763,Healthy,5,0,Healthy,1,0.825,0.8057,0.9057,0.2448,1
P0763,Healthy,5,1,Healthy,1,0.825,0.8057,0.857,0.2107,1
P0763,Healthy,5,2,Healthy,1,0.825,0.8057,0.9402,0.2451,1
P0763,Endodontics,1,0,Endodontics,1,0.712,0.4168,0.6818,0.3942,0
P0763,Endodontics,1,1,Endodontics,1,0.712,0.4168,0.6424,0.3297,1
P0763,Endodontics,1,2,Endodontics,1,0.712,0.4168,0.5677,0.3112,1
P0763,Endodontics,2,0,Endodontics,1,0.61,0.3191,0.3792,0.1968,0
P0763,Endodontics,2,1,Endodontics,1,0.61,0.3191,0.3827,0.176,0
P0763,Endodontics,2,2,Endodontics,1,0.61,0.3191,0.3711,0.1871,0
P0764,Healthy,1,0,Healthy,1,0.756,0.7893,0.8719,0.2532,1
P0764,Healthy,1,1,Healthy,1,0.756,0.7893,0.9635,0.2534,1
P0764,Healthy,1,2,Healthy,1,0.756,0.7893,0.901,0.2534,1
P0764,Impacted,0,0,Impacted,1,0.785,0.5839,0.6384,0.1952,1
P0764,Impacted,0,1,Impacted,1,0.785,0.5839,0.7989,0.3421,1
P0764,Impacted,0,2,Impacted,1,0.785,0.5839,0.8066,0.337,1
P0764,Healthy,7,0,Healthy,1,0.846,0.7614,0.8911,0.2626,1
P0764,Healthy,7,1,Healthy,1,0.846,0.7614,0.8781,0.2304,1
P0764,Healthy,7,2,Healthy,1,0.846,0.7614,0.943,0.2588,1
P0764,Impacted,2,0,Impacted,1,0.658,0.5386,0.7283,0.294,1
P0764,Impacted,2,1,Impacted,1,0.658,0.5386,0.6068,0.2506,1
P0764,Impacted,2,2,Impacted,1,0.658,0.5386,0.675,0.2786,1
P0765,Impacted,0,0,Impacted,1,0.646,0.6079,0.74,0.3227,1
P0765,Impacted,0,1,Impacted,1,0.646,0.6079,0.8775,0.328,1
P0765,Impacted,0,2,Impacted,1,0.646,0.6079,0.7606,0.2675,1
P0765,Healthy,5,0,Healthy,1,0.68,0.4672,0.6598,0.4223,1
P0765,Healthy,5,1,Healthy,1,0.68,0.4672,0.6888,0.2773,1
P0765,Healthy,5,2,Healthy,1,0.68,0.4672,0.6156,0.3034,1
P0766,Endodontics,0,0,Endodontics,1,0.921,0.8845,0.9896,0.2261,1
P0766,Endodontics,0,1,Endodontics,1,0.921,0.8845,0.988,0.2261,1
P0766,Endodontics,0,2,Endodontics,1,0.921,0.8845,0.8828,0.2261,1
P0766,Healthy,0,0,Healthy,1,0.852,0.6566,0.7757,0.2955,1
P0766,Healthy,0,1,Healthy,1,0.852,0.6566,0.5978,0.1396,0
P0766,Healthy,0,2,Healthy,1,0.852,0.6566,0.7961,0.25,1
P0766,Endodontics,1,0,Endodontics,1,0.722,0.3391,0.6599,0.3965,1
P0766,Endodontics,1,1,Endodontics,1,0.722,0.3391,0.4847,0.2999,1
P0766,Endodontics,1,2,Endodontics,1,0.722,0.3391,0.495,0.4132,1
P0766,Healthy,6,0,Healthy,1,0.782,0.52,0.6765,0.2656,1
P0766,Healthy,6,1,Endodontics,0,0.782,0.52,0.5068,0.2103,1
P0766,Healthy,6,2,Endodontics,0,0.782,0.52,0.5311,0.215,1
P0766,Endodontics,2,0,Endodontics,1,0.58,0.3956,0.6272,0.4177,1
P0766,Endodontics,2,1,Endodontics,1,0.58,0.3956,0.5831,0.4113,1
P0766,Endodontics,2,2,Endodontics,1,0.58,0.3956,0.6323,0.3364,1
P0766,Endodontics,3,0,Endodontics,1,0.558,0.2478,0.4933,0.3547,0
P0766,Endodontics,3,1,Endodontics,1,0.558,0.2478,0.4911,0.5696,1
P0766,Endodontics,3,2,Endodontics,1,0.558,0.2478,0.536,0.4908,1
P0079,Impacted,2,0,Impacted,1,0.754,0.6168,0.8161,0.3242,1
P0079,Impacted,2,1,Impacted,1,0.754,0.6168,0.8042,0.3242,1
P0079,Impacted,2,2,Impacted,1,0.754,0.6168,0.7018,0.2417,1
P0079,Healthy,16,0,Healthy,1,0.808,0.7083,0.9003,0.2824,1
P0079,Healthy,16,1,Healthy,1,0.808,0.7083,0.9156,0.2681,1
P0079,Healthy,16,2,Healthy,1,0.808,0.7083,0.8827,0.2824,1
P0768,Implant,0,0,Implant,1,0.51,0.6292,0.9076,0.3179,1
P0768,Implant,0,1,Implant,1,0.51,0.6292,0.8547,0.3147,1
P0768,Implant,0,2,Implant,1,0.51,0.6292,0.8531,0.3179,1
P0768,Healthy,1,0,Healthy,1,0.803,0.8763,0.9653,0.2283,1
P0768,Healthy,1,1,Healthy,1,0.803,0.8763,0.9657,0.2283,1
P0768,Healthy,1,2,Healthy,1,0.803,0.8763,0.9681,0.2283,1
P0769,Endodontics,0,0,Endodontics,1,0.822,0.7732,0.8436,0.2587,1
P0769,Endodontics,0,1,Endodontics,1,0.822,0.7732,0.9406,0.2587,1
P0769,Endodontics,0,2,Endodontics,1,0.822,0.7732,0.9425,0.2587,1
P0769,Endodontics,1,0,Endodontics,1,0.721,0.7961,0.9451,0.2512,1
P0769,Endodontics,1,1,Endodontics,1,0.721,0.7961,0.9761,0.2512,1
P0769,Endodontics,1,2,Endodontics,1,0.721,0.7961,0.9548,0.2512,1
P0769,Endodontics,2,0,Endodontics,1,0.769,0.7528,0.9057,0.2657,1
P0769,Endodontics,2,1,Endodontics,1,0.769,0.7528,0.9102,0.2657,1
P0769,Endodontics,2,2,Endodontics,1,0.769,0.7528,0.9376,0.2653,1
P0769,Endodontics,3,0,Endodontics,1,0.722,0.7933,0.9104,0.2487,1
P0769,Endodontics,3,1,Endodontics,1,0.722,0.7933,0.9077,0.2521,1
P0769,Endodontics,3,2,Endodontics,1,0.722,0.7933,0.8286,0.2223,1
P0769,Healthy,0,0,Healthy,1,0.84,0.7799,0.9157,0.2564,1
P0769,Healthy,0,1,Healthy,1,0.84,0.7799,0.7648,0.172,1
P0769,Healthy,0,2,Healthy,1,0.84,0.7799,0.9163,0.2564,1
P0769,Healthy,2,0,Healthy,1,0.769,0.6568,0.8816,0.3045,1
P0769,Healthy,2,1,Healthy,1,0.769,0.6568,0.7126,0.2108,1
P0769,Healthy,2,2,Healthy,1,0.769,0.6568,0.8522,0.3031,1
P0770,Endodontics,0,0,Endodontics,1,0.659,0.7338,0.945,0.2726,1
P0770,Endodontics,0,1,Endodontics,1,0.659,0.7338,0.9703,0.2726,1
P0770,Endodontics,0,2,Endodontics,1,0.659,0.7338,0.8841,0.2726,1
P0770,Endodontics,1,0,Endodontics,1,0.832,0.7611,0.7884,0.2006,0
P0770,Endodontics,1,1,Endodontics,1,0.832,0.7611,0.881,0.2347,1
P0770,Endodontics,1,2,Endodontics,1,0.832,0.7611,0.7754,0.2207,1
P0770,Endodontics,2,0,Endodontics,1,0.776,0.7096,0.8516,0.2818,1
P0770,Endodontics,2,1,Endodontics,1,0.776,0.7096,0.8508,0.2546,1
P0770,Endodontics,2,2,Endodontics,1,0.776,0.7096,0.8486,0.2819,1
P0770,Endodontics,3,0,Endodontics,1,0.707,0.6886,0.8624,0.2904,1
P0770,Endodontics,3,1,Endodontics,1,0.707,0.6886,0.8759,0.2904,1
P0770,Endodontics,3,2,Endodontics,1,0.707,0.6886,0.8323,0.2665,1
P0770,Endodontics,4,0,Endodontics,1,0.792,0.7043,0.8893,0.284,1
P0770,Endodontics,4,1,Endodontics,1,0.792,0.7043,0.8109,0.2549,1
P0770,Endodontics,4,2,Endodontics,1,0.792,0.7043,0.7648,0.2191,1
P0770,Endodontics,5,0,Endodontics,1,0.708,0.8523,0.9776,0.2347,1
P0770,Endodontics,5,1,Endodontics,1,0.708,0.8523,0.937,0.2347,1
P0770,Endodontics,5,2,Endodontics,1,0.708,0.8523,0.9416,0.2347,1
P0770,Healthy,0,0,Healthy,1,0.622,0.623,0.8975,0.3186,1
P0770,Healthy,0,1,Healthy,1,0.622,0.623,0.8918,0.3211,1
P0770,Healthy,0,2,Healthy,1,0.622,0.623,0.8574,0.3211,1
P0770,Healthy,3,0,Healthy,1,0.897,0.8476,0.9759,0.236,1
P0770,Healthy,3,1,Healthy,1,0.897,0.8476,0.9651,0.236,1
P0770,Healthy,3,2,Healthy,1,0.897,0.8476,0.9942,0.236,1
P0770,Endodontics,6,0,Endodontics,1,0.764,0.3947,0.6009,0.3468,1
P0770,Endodontics,6,1,Endodontics,1,0.764,0.3947,0.5948,0.3679,1
P0770,Endodontics,6,2,Endodontics,1,0.764,0.3947,0.3958,0.1656,1
P0770,Endodontics,7,0,Endodontics,1,0.542,0.2775,0.5695,0.3502,1
P0770,Endodontics,7,1,Endodontics,1,0.542,0.2775,0.4574,0.2777,1
P0770,Endodontics,7,2,Endodontics,1,0.542,0.2775,0.2708,0.1294,0
P0770,Endodontics,8,0,Endodontics,1,0.764,0.8152,0.9049,0.2413,1
P0770,Endodontics,8,1,Endodontics,1,0.764,0.8152,0.9316,0.2454,1
P0770,Endodontics,8,2,Endodontics,1,0.764,0.8152,0.9485,0.2454,1
P0770,Endodontics,9,0,Endodontics,1,0.583,0.3764,0.6436,0.4432,1
P0770,Endodontics,9,1,Endodontics,1,0.583,0.3764,0.5491,0.4116,1
P0770,Endodontics,9,2,Endodontics,1,0.583,0.3764,0.4671,0.2062,1
P0770,Endodontics,10,0,Endodontics,1,0.644,0.3507,0.503,0.3269,1
P0770,Endodontics,10,1,Endodontics,1,0.644,0.3507,0.4782,0.2808,0
P0770,Endodontics,10,2,Endodontics,1,0.644,0.3507,0.4768,0.355,1
P0771,Healthy,1,0,Healthy,1,0.906,0.8774,0.9736,0.2201,1
P0771,Healthy,1,1,Healthy,1,0.906,0.8774,0.9366,0.228,1
P0771,Healthy,1,2,Healthy,1,0.906,0.8774,0.9914,0.228,1
P0771,Healthy,5,0,Endodontics,0,0.71,0.337,0.1909,0.0698,0
P0771,Healthy,5,1,Endodontics,0,0.71,0.337,0.2862,0.0984,0
P0771,Healthy,5,2,Endodontics,0,0.71,0.337,0.2916,0.1407,1
P0771,Endodontics,0,0,Endodontics,1,0.844,0.6692,0.9353,0.2989,1
P0771,Endodontics,0,1,Endodontics,1,0.844,0.6692,0.8264,0.2989,1
P0771,Endodontics,0,2,Endodontics,1,0.844,0.6692,0.766,0.2927,1
P0771,Endodontics,1,0,Endodontics,1,0.752,0.8238,0.9482,0.2428,1
P0771,Endodontics,1,1,Endodontics,1,0.752,0.8238,0.9267,0.2428,1
P0771,Endodontics,1,2,Endodontics,1,0.752,0.8238,0.9545,0.2428,1
P0771,Endodontics,3,0,Endodontics,1,0.87,0.8211,0.957,0.2436,1
P0771,Endodontics,3,1,Endodontics,1,0.87,0.8211,0.9491,0.2436,1
P0771,Endodontics,3,2,Endodontics,1,0.87,0.8211,0.9463,0.2436,1
P0771,Endodontics,4,0,Endodontics,1,0.846,0.7988,0.9514,0.2504,1
P0771,Endodontics,4,1,Endodontics,1,0.846,0.7988,0.932,0.2504,1
P0771,Endodontics,4,2,Endodontics,1,0.846,0.7988,0.924,0.2504,1
P0771,Endodontics,5,0,Endodontics,1,0.726,0.8984,0.976,0.2226,1
P0771,Endodontics,5,1,Endodontics,1,0.726,0.8984,0.9573,0.2226,1
P0771,Endodontics,5,2,Endodontics,1,0.726,0.8984,0.9293,0.2226,1
P0771,Endodontics,6,0,Endodontics,1,0.589,0.4426,0.6848,0.325,1
P0771,Endodontics,6,1,Endodontics,1,0.589,0.4426,0.6012,0.2741,1
P0771,Endodontics,6,2,Endodontics,1,0.589,0.4426,0.5601,0.2686,0
P0772,Healthy,1,0,Healthy,1,0.884,0.804,0.952,0.2421,1
P0772,Healthy,1,1,Healthy,1,0.884,0.804,0.974,0.2421,1
P0772,Healthy,1,2,Impacted,0,0.884,0.804,0.9451,0.2488,1
P0772,Healthy,10,0,Healthy,1,0.777,0.6755,0.8293,0.2874,1
P0772,Healthy,10,1,Healthy,1,0.777,0.6755,0.7373,0.1899,1
P0772,Healthy,10,2,Healthy,1,0.777,0.6755,0.9061,0.2961,1
P0772,Endodontics,1,0,Endodontics,1,0.862,0.7591,0.8237,0.2491,1
P0772,Endodontics,1,1,Endodontics,1,0.862,0.7591,0.5273,0.088,0
P0772,Endodontics,1,2,Endodontics,1,0.862,0.7591,0.8705,0.2632,1
P0773,Endodontics,0,0,Endodontics,1,0.861,0.6783,0.8801,0.2812,1
P0773,Endodontics,0,1,Endodontics,1,0.861,0.6783,0.7423,0.2423,1
P0773,Endodontics,0,2,Endodontics,1,0.861,0.6783,0.7084,0.1412,0
P0773,Healthy,2,0,Healthy,1,0.644,0.6353,0.8872,0.3138,1
P0773,Healthy,2,1,Healthy,1,0.644,0.6353,0.9437,0.3061,1
P0773,Healthy,2,2,Healthy,1,0.644,0.6353,0.7679,0.3013,1
P0773,Healthy,3,0,Healthy,1,0.791,0.7285,0.8311,0.2511,1
P0773,Healthy,3,1,Healthy,1,0.791,0.7285,0.9291,0.2745,1
P0773,Healthy,3,2,Healthy,1,0.791,0.7285,0.865,0.267,1
P0773,Endodontics,2,0,Endodontics,1,0.587,0.5231,0.7872,0.3499,1
P0773,Endodontics,2,1,Endodontics,1,0.587,0.5231,0.8705,0.3824,1
P0773,Endodontics,2,2,Endodontics,1,0.587,0.5231,0.7898,0.3824,1
P0773,Endodontics,3,0,Endodontics,1,0.855,0.8003,0.94,0.2495,1
P0773,Endodontics,3,1,Endodontics,1,0.855,0.8003,0.7673,0.1562,0
P0773,Endodontics,3,2,Endodontics,1,0.855,0.8003,0.8595,0.2372,1
P0773,Endodontics,4,0,Endodontics,1,0.78,0.8068,0.9406,0.2479,1
P0773,Endodontics,4,1,Endodontics,1,0.78,0.8068,0.9071,0.2457,1
P0773,Endodontics,4,2,Endodontics,1,0.78,0.8068,0.8489,0.1908,1
P0773,Endodontics,6,0,Endodontics,1,0.871,0.7138,0.9039,0.2802,1
P0773,Endodontics,6,1,Endodontics,1,0.871,0.7138,0.9278,0.2798,1
P0773,Endodontics,6,2,Endodontics,1,0.871,0.7138,0.8832,0.2802,1
P0776,Endodontics,0,0,Endodontics,1,0.786,0.8669,0.9712,0.2307,1
P0776,Endodontics,0,1,Endodontics,1,0.786,0.8669,0.9803,0.2307,1
P0776,Endodontics,0,2,Endodontics,1,0.786,0.8669,0.9504,0.2307,1
P0776,Healthy,1,0,Healthy,1,0.751,0.6973,0.9374,0.2865,1
P0776,Healthy,1,1,Healthy,1,0.751,0.6973,0.6775,0.1395,0
P0776,Healthy,1,2,Healthy,1,0.751,0.6973,0.9048,0.2869,1
P0776,Healthy,2,0,Healthy,1,0.924,0.8393,0.9385,0.2221,1
P0776,Healthy,2,1,Healthy,1,0.924,0.8393,0.9,0.2249,1
P0776,Healthy,2,2,Healthy,1,0.924,0.8393,0.986,0.2383,1
P0776,Endodontics,1,0,Endodontics,1,0.737,0.7139,0.9117,0.2802,1
P0776,Endodontics,1,1,Endodontics,1,0.737,0.7139,0.8606,0.2802,1
P0776,Endodontics,1,2,Endodontics,1,0.737,0.7139,0.8113,0.2802,1
P0776,Endodontics,2,0,Endodontics,1,0.506,0.3459,0.6604,0.4597,1
P0776,Endodontics,2,1,Endodontics,1,0.506,0.3459,0.312,0.0635,0
P0776,Endodontics,2,2,Endodontics,1,0.506,0.3459,0.4326,0.2879,0
P0776,Endodontics,3,0,Endodontics,1,0.86,0.5401,0.7284,0.2867,1
P0776,Endodontics,3,1,Endodontics,1,0.86,0.5401,0.6495,0.3313,1
P0776,Endodontics,3,2,Endodontics,1,0.86,0.5401,0.6917,0.2309,0
P0777,Healthy,5,0,Healthy,1,0.727,0.684,0.9281,0.2924,1
P0777,Healthy,5,1,Healthy,1,0.727,0.684,0.7266,0.2315,1
P0777,Healthy,5,2,Healthy,1,0.727,0.684,0.9356,0.2924,1
P0777,Healthy,6,0,Healthy,1,0.773,0.6245,0.8577,0.3124,1
P0777,Healthy,6,1,Healthy,1,0.773,0.6245,0.6767,0.2048,1
P0777,Healthy,6,2,Healthy,1,0.773,0.6245,0.8423,0.3178,1
P0777,Endodontics,0,0,Endodontics,1,0.628,0.4989,0.7145,0.2786,1
P0777,Endodontics,0,1,Implant,0,0.628,0.4989,0.8142,0.3865,1
P0777,Endodontics,0,2,Endodontics,1,0.628,0.4989,0.4504,0.1125,0
P0777,Endodontics,1,0,Endodontics,1,0.928,0.6882,0.9338,0.2906,1
P0777,Endodontics,1,1,Endodontics,1,0.928,0.6882,0.9209,0.2904,1
P0777,Endodontics,1,2,Endodontics,1,0.928,0.6882,0.8693,0.2885,1
P0778,Endodontics,0,0,Endodontics,1,0.766,0.8622,0.9624,0.232,1
P0778,Endodontics,0,1,Endodontics,1,0.766,0.8622,0.9702,0.232,1
P0778,Endodontics,0,2,Endodontics,1,0.766,0.8622,0.9831,0.232,1
P0778,Endodontics,1,0,Endodontics,1,0.888,0.7641,0.8536,0.237,1
P0778,Endodontics,1,1,Endodontics,1,0.888,0.7641,0.8652,0.2424,1
P0778,Endodontics,1,2,Endodontics,1,0.888,0.7641,0.8985,0.2618,1
P0778,Endodontics,2,0,Endodontics,1,0.807,0.7137,0.9302,0.2726,1
P0778,Endodontics,2,1,Endodontics,1,0.807,0.7137,0.9057,0.2802,1
P0778,Endodontics,2,2,Endodontics,1,0.807,0.7137,0.9356,0.2802,1
P0778,Endodontics,3,0,Endodontics,1,0.888,0.9102,0.989,0.2197,1
P0778,Endodontics,3,1,Endodontics,1,0.888,0.9102,0.9526,0.2197,1
P0778,Endodontics,3,2,Endodontics,1,0.888,0.9102,0.9764,0.2197,1
P0778,Endodontics,4,0,Endodontics,1,0.844,0.8599,0.9625,0.2326,1
P0778,Endodontics,4,1,Endodontics,1,0.844,0.8599,0.9015,0.2326,1
P0778,Endodontics,4,2,Endodontics,1,0.844,0.8599,0.9339,0.2326,1
P0779,Healthy,3,0,Healthy,1,0.86,0.9046,0.985,0.2211,1
P0779,Healthy,3,1,Healthy,1,0.86,0.9046,0.999,0.2211,1
P0779,Healthy,3,2,Healthy,1,0.86,0.9046,0.9054,0.215,1
P0781,Endodontics,0,0,Endodontics,1,0.695,0.7133,0.9566,0.2804,1
P0781,Endodontics,0,1,Endodontics,1,0.695,0.7133,0.9656,0.2804,1
P0781,Endodontics,0,2,Endodontics,1,0.695,0.7133,0.9044,0.2804,1
P0782,Endodontics,0,0,Endodontics,1,0.923,0.7647,0.9608,0.2616,1
P0782,Endodontics,0,1,Endodontics,1,0.923,0.7647,0.9328,0.2616,1
P0782,Endodontics,0,2,Endodontics,1,0.923,0.7647,0.9573,0.2616,1
P0782,Endodontics,1,0,Endodontics,1,0.708,0.877,0.9598,0.2281,1
P0782,Endodontics,1,1,Endodontics,1,0.708,0.877,0.9474,0.2255,1
P0782,Endodontics,1,2,Endodontics,1,0.708,0.877,0.8785,0.1775,1
P0782,Healthy,6,0,Healthy,1,0.604,0.6214,0.7224,0.2811,1
P0782,Healthy,6,1,Healthy,1,0.604,0.6214,0.6989,0.2452,1
P0782,Healthy,6,2,Healthy,1,0.604,0.6214,0.8341,0.3219,1
P0782,Healthy,15,0,Healthy,1,0.619,0.4234,0.6102,0.316,1
P0782,Healthy,15,1,Healthy,1,0.619,0.4234,0.3181,0.1104,0
P0782,Healthy,15,2,Healthy,1,0.619,0.4234,0.6048,0.3163,1
P0783,Endodontics,0,0,Endodontics,1,0.814,0.6838,0.8588,0.2833,1
P0783,Endodontics,0,1,Endodontics,1,0.814,0.6838,0.8806,0.2925,1
P0783,Endodontics,0,2,Endodontics,1,0.814,0.6838,0.8595,0.2925,1
P0783,Endodontics,1,0,Endodontics,1,0.774,0.6875,0.8921,0.2909,1
P0783,Endodontics,1,1,Endodontics,1,0.774,0.6875,0.9188,0.2909,1
P0783,Endodontics,1,2,Endodontics,1,0.774,0.6875,0.8519,0.2909,1
P0783,Endodontics,2,0,Endodontics,1,0.836,0.7233,0.9342,0.2765,1
P0783,Endodontics,2,1,Endodontics,1,0.836,0.7233,0.8429,0.2641,1
P0783,Endodontics,2,2,Endodontics,1,0.836,0.7233,0.8625,0.2745,1
P0783,Healthy,2,0,Healthy,1,0.641,0.6252,0.9099,0.3183,1
P0783,Healthy,2,1,Healthy,1,0.641,0.6252,0.9335,0.3146,1
P0783,Healthy,2,2,Healthy,1,0.641,0.6252,0.9324,0.3199,1
P0783,Healthy,3,0,Healthy,1,0.735,0.7308,0.9763,0.2737,1
P0783,Healthy,3,1,Healthy,1,0.735,0.7308,0.951,0.2735,1
P0783,Healthy,3,2,Healthy,1,0.735,0.7308,0.8986,0.2706,1
P0784,Endodontics,0,0,Healthy,0,0.777,0.751,0.6767,0.1577,1
P0784,Endodontics,0,1,Endodontics,1,0.777,0.751,0.9209,0.2536,1
P0784,Endodontics,0,2,Endodontics,1,0.777,0.751,0.8578,0.2433,1
P0784,Endodontics,1,0,Endodontics,1,0.874,0.8107,0.9826,0.2467,1
P0784,Endodontics,1,1,Endodontics,1,0.874,0.8107,0.9564,0.2467,1
P0784,Endodontics,1,2,Endodontics,1,0.874,0.8107,0.96,0.2467,1
P0784,Endodontics,2,0,Endodontics,1,0.787,0.7293,0.9447,0.2743,1
P0784,Endodontics,2,1,Endodontics,1,0.787,0.7293,0.8555,0.2618,1
P0784,Endodontics,2,2,Endodontics,1,0.787,0.7293,0.8699,0.2723,1
P0784,Endodontics,3,0,Endodontics,1,0.501,0.2666,0.6778,0.6255,1
P0784,Endodontics,3,1,Endodontics,1,0.501,0.2666,0.4672,0.5599,1
P0784,Endodontics,3,2,Endodontics,1,0.501,0.2666,0.4069,0.3228,1
P0786,Healthy,2,0,Healthy,1,0.818,0.687,0.8266,0.2806,1
P0786,Healthy,2,1,Healthy,1,0.818,0.687,0.8174,0.2806,1
P0786,Healthy,2,2,Healthy,1,0.818,0.687,0.9093,0.2911,1
P0786,Healthy,8,0,Healthy,1,0.72,0.6548,0.8492,0.3054,1
P0786,Healthy,8,1,Healthy,1,0.72,0.6548,0.6995,0.2237,0
P0786,Healthy,8,2,Healthy,1,0.72,0.6548,0.7671,0.2517,1
P0786,Endodontics,0,0,Endodontics,1,0.841,0.8276,0.9217,0.239,1
P0786,Endodontics,0,1,Endodontics,1,0.841,0.8276,0.9051,0.2417,1
P0786,Endodontics,0,2,Endodontics,1,0.841,0.8276,0.9586,0.2417,1
P0786,Endodontics,1,0,Endodontics,1,0.918,0.7238,0.8855,0.2763,1
P0786,Endodontics,1,1,Endodontics,1,0.918,0.7238,0.8507,0.2763,1
P0786,Endodontics,1,2,Endodontics,1,0.918,0.7238,0.7786,0.2763,1
P0788,Healthy,0,0,Healthy,1,0.784,0.6169,0.8552,0.3011,1
P0788,Healthy,0,1,Healthy,1,0.784,0.6169,0.5199,0.1252,0
P0788,Healthy,0,2,Endodontics,0,0.784,0.6169,0.5295,0.1087,0
P0788,Endodontics,0,0,Endodontics,1,0.859,0.7309,0.9235,0.2737,1
P0788,Endodontics,0,1,Endodontics,1,0.859,0.7309,0.783,0.2523,1
P0788,Endodontics,0,2,Endodontics,1,0.859,0.7309,0.8978,0.2737,1
P0788,Endodontics,1,0,Endodontics,1,0.783,0.7972,0.9677,0.2509,1
P0788,Endodontics,1,1,Endodontics,1,0.783,0.7972,0.9184,0.2509,1
P0788,Endodontics,1,2,Endodontics,1,0.783,0.7972,0.8606,0.2506,1
P0788,Endodontics,2,0,Endodontics,1,0.834,0.857,0.8933,0.2334,1
P0788,Endodontics,2,1,Endodontics,1,0.834,0.857,0.99,0.2334,1
P0788,Endodontics,2,2,Endodontics,1,0.834,0.857,0.6986,0.1144,0
P0788,Endodontics,3,0,Endodontics,1,0.596,0.6,0.8063,0.3333,1
P0788,Endodontics,3,1,Endodontics,1,0.596,0.6,0.8559,0.3333,1
P0788,Endodontics,3,2,Endodontics,1,0.596,0.6,0.6967,0.298,1
P0788,Endodontics,4,0,Endodontics,1,0.862,0.7734,0.8686,0.2586,1
P0788,Endodontics,4,1,Endodontics,1,0.862,0.7734,0.8714,0.2586,1
P0788,Endodontics,4,2,Endodontics,1,0.862,0.7734,0.8548,0.2586,1
P0788,Endodontics,5,0,Endodontics,1,0.708,0.6705,0.8959,0.2983,1
P0788,Endodontics,5,1,Endodontics,1,0.708,0.6705,0.6333,0.1437,0
P0788,Endodontics,5,2,Endodontics,1,0.708,0.6705,0.7136,0.24,1
P0788,Endodontics,6,0,Endodontics,1,0.714,0.483,0.7849,0.4073,1
P0788,Endodontics,6,1,Endodontics,1,0.714,0.483,0.6658,0.3144,1
P0788,Endodontics,6,2,Endodontics,1,0.714,0.483,0.6073,0.2763,1
P0789,Healthy,16,0,Healthy,1,0.694,0.9395,0.9505,0.2129,1
P0789,Healthy,16,1,Healthy,1,0.694,0.9395,0.9999,0.2129,1
P0789,Healthy,16,2,Healthy,1,0.694,0.9395,0.965,0.2129,1
P0791,Healthy,23,0,Healthy,1,0.828,0.7593,0.8637,0.2634,1
P0791,Healthy,23,1,Healthy,1,0.828,0.7593,0.9241,0.2469,1
P0791,Healthy,23,2,Healthy,1,0.828,0.7593,0.8822,0.2634,1
P0791,Healthy,24,0,Healthy,1,0.595,0.4762,0.5979,0.3328,1
P0791,Healthy,24,1,Healthy,1,0.595,0.4762,0.9065,0.4192,1
P0791,Healthy,24,2,Healthy,1,0.595,0.4762,0.6991,0.3611,1
P0792,Healthy,6,0,Healthy,1,0.779,0.682,0.8859,0.2923,1
P0792,Healthy,6,1,Healthy,1,0.779,0.682,0.843,0.2751,1
P0792,Healthy,6,2,Healthy,1,0.779,0.682,0.8939,0.2819,1
P0792,Healthy,7,0,Healthy,1,0.768,0.6961,0.9194,0.2873,1
P0792,Healthy,7,1,Healthy,1,0.768,0.6961,0.5518,0.1428,0
P0792,Healthy,7,2,Healthy,1,0.768,0.6961,0.9328,0.2873,1
P0792,Endodontics,0,0,Endodontics,1,0.565,0.2958,0.6099,0.4622,1
P0792,Endodontics,0,1,Endodontics,1,0.565,0.2958,0.3748,0.2573,0
P0792,Endodontics,0,2,Endodontics,1,0.565,0.2958,0.3932,0.3878,1
P0793,Endodontics,0,0,Endodontics,1,0.901,0.7512,0.8872,0.2434,1
P0793,Endodontics,0,1,Endodontics,1,0.901,0.7512,0.8409,0.2551,1
P0793,Endodontics,0,2,Endodontics,1,0.901,0.7512,0.8829,0.2662,1
P0793,Endodontics,1,0,Endodontics,1,0.855,0.55,0.8694,0.3637,1
P0793,Endodontics,1,1,Endodontics,1,0.855,0.55,0.8207,0.3595,1
P0793,Endodontics,1,2,Endodontics,1,0.855,0.55,0.7191,0.3087,1
P0793,Healthy,10,0,Healthy,1,0.549,0.3439,0.5177,0.3872,1
P0793,Healthy,10,1,Healthy,1,0.549,0.3439,0.5207,0.3439,0
P0793,Healthy,10,2,Healthy,1,0.549,0.3439,0.6147,0.3105,1
P0795,Healthy,6,0,Healthy,1,0.748,0.6132,0.7114,0.1744,0
P0795,Healthy,6,1,Healthy,1,0.748,0.6132,0.8071,0.2897,1
P0795,Healthy,6,2,Healthy,1,0.748,0.6132,0.8696,0.3249,1
P0795,Impacted,0,0,Impacted,1,0.829,0.6393,0.7761,0.3123,1
P0795,Impacted,0,1,Impacted,1,0.829,0.6393,0.8522,0.2996,1
P0795,Impacted,0,2,Impacted,1,0.829,0.6393,0.7207,0.2817,1
P0795,Impacted,1,0,Impacted,1,0.83,0.6297,0.6922,0.2367,1
P0795,Impacted,1,1,Impacted,1,0.83,0.6297,0.835,0.3151,1
P0795,Impacted,1,2,Impacted,1,0.83,0.6297,0.6581,0.1932,1
P0796,Healthy,15,0,Healthy,1,0.777,0.826,0.92,0.2419,1
P0796,Healthy,15,1,Healthy,1,0.777,0.826,0.9322,0.2421,1
P0796,Healthy,15,2,Healthy,1,0.777,0.826,0.8944,0.2294,1
P0796,Healthy,20,0,Healthy,1,0.919,0.6421,0.8124,0.3097,1
P0796,Healthy,20,1,Healthy,1,0.919,0.6421,0.5605,0.1388,0
P0796,Healthy,20,2,Healthy,1,0.919,0.6421,0.8499,0.2711,1
P0083,Healthy,14,0,Healthy,1,0.7,0.6533,0.8069,0.3051,1
P0083,Healthy,14,1,Healthy,1,0.7,0.6533,0.7431,0.2672,1
P0083,Healthy,14,2,Healthy,1,0.7,0.6533,0.8704,0.3025,1
P0797,Endodontics,0,0,Endodontics,1,0.832,0.7657,0.9768,0.2612,1
P0797,Endodontics,0,1,Endodontics,1,0.832,0.7657,0.9446,0.2612,1
P0797,Endodontics,0,2,Endodontics,1,0.832,0.7657,0.9242,0.2612,1
P0797,Endodontics,1,0,Endodontics,1,0.767,0.7645,0.9728,0.2616,1
P0797,Endodontics,1,1,Endodontics,1,0.767,0.7645,0.9006,0.2616,1
P0797,Endodontics,1,2,Endodontics,1,0.767,0.7645,0.9394,0.2616,1
P0798,Endodontics,0,0,Endodontics,1,0.734,0.7689,0.8764,0.2601,1
P0798,Endodontics,0,1,Endodontics,1,0.734,0.7689,0.8271,0.1753,1
P0798,Endodontics,0,2,Endodontics,1,0.734,0.7689,0.8417,0.2232,1
P0798,Endodontics,1,0,Endodontics,1,0.727,0.825,0.9202,0.2323,1
P0798,Endodontics,1,1,Endodontics,1,0.727,0.825,0.881,0.2424,1
P0798,Endodontics,1,2,Endodontics,1,0.727,0.825,0.9369,0.2424,1
P0798,Healthy,0,0,Healthy,1,0.726,0.6366,0.8313,0.2996,1
P0798,Healthy,0,1,Healthy,1,0.726,0.6366,0.8836,0.3136,1
P0798,Healthy,0,2,Healthy,1,0.726,0.6366,0.9193,0.3142,1
P0798,Healthy,2,0,Healthy,1,0.833,0.711,0.8893,0.2813,1
P0798,Healthy,2,1,Healthy,1,0.833,0.711,0.8652,0.2813,1
P0798,Healthy,2,2,Healthy,1,0.833,0.711,0.9161,0.2813,1
P0798,Endodontics,2,0,Endodontics,1,0.557,0.3419,0.6178,0.4556,1
P0798,Endodontics,2,1,Impacted,0,0.557,0.3419,0.3593,0.2574,1
P0798,Endodontics,2,2,Endodontics,1,0.557,0.3419,0.444,0.2405,1
P0799,Endodontics,0,0,Endodontics,1,0.893,0.7867,0.868,0.2537,1
P0799,Endodontics,0,1,Endodontics,1,0.893,0.7867,0.9423,0.2542,1
P0799,Endodontics,0,2,Endodontics,1,0.893,0.7867,0.7983,0.2418,1
P0799,Endodontics,1,0,Endodontics,1,0.646,0.9249,0.98,0.2162,1
P0799,Endodontics,1,1,Endodontics,1,0.646,0.9249,0.9668,0.2162,1
P0799,Endodontics,1,2,Endodontics,1,0.646,0.9249,0.958,0.2161,1
P0799,Endodontics,2,0,Endodontics,1,0.557,0.7476,0.872,0.2675,1
P0799,Endodontics,2,1,Endodontics,1,0.557,0.7476,0.8049,0.2083,1
P0799,Endodontics,2,2,Endodontics,1,0.557,0.7476,0.7925,0.2525,1
P0799,Endodontics,3,0,Endodontics,1,0.643,0.7629,0.9821,0.2622,1
P0799,Endodontics,3,1,Endodontics,1,0.643,0.7629,0.9678,0.2622,1
P0799,Endodontics,3,2,Endodontics,1,0.643,0.7629,0.9154,0.2622,1
P0799,Endodontics,4,0,Endodontics,1,0.62,0.6535,0.9007,0.3052,1
P0799,Endodontics,4,1,Endodontics,1,0.62,0.6535,0.7938,0.3061,1
P0799,Endodontics,4,2,Endodontics,1,0.62,0.6535,0.886,0.3061,1
P0799,Endodontics,5,0,Endodontics,1,0.749,0.7193,0.927,0.2781,1
P0799,Endodontics,5,1,Endodontics,1,0.749,0.7193,0.9135,0.2781,1
P0799,Endodontics,5,2,Endodontics,1,0.749,0.7193,0.8423,0.2781,1
P0799,Endodontics,6,0,Endodontics,1,0.806,0.8058,0.906,0.2415,1
P0799,Endodontics,6,1,Endodontics,1,0.806,0.8058,0.9361,0.2482,1
P0799,Endodontics,6,2,Endodontics,1,0.806,0.8058,0.9098,0.2482,1
P0799,Healthy,6,0,Healthy,1,0.79,0.6582,0.845,0.2908,1
P0799,Healthy,6,1,Healthy,1,0.79,0.6582,0.8961,0.3008,1
P0799,Healthy,6,2,Healthy,1,0.79,0.6582,0.8125,0.262,1
P0799,Healthy,7,0,Healthy,1,0.896,0.8082,0.8973,0.2446,1
P0799,Healthy,7,1,Healthy,1,0.896,0.8082,0.9353,0.2425,1
P0799,Healthy,7,2,Healthy,1,0.896,0.8082,0.8997,0.2308,1
P0799,Endodontics,7,0,Endodontics,1,0.725,0.4653,0.8123,0.4274,1
P0799,Endodontics,7,1,Endodontics,1,0.725,0.4653,0.7266,0.4233,1
P0799,Endodontics,7,2,Endodontics,1,0.725,0.4653,0.7461,0.4127,1
P0799,Endodontics,8,0,Endodontics,1,0.637,0.3217,0.59,0.4872,1
P0799,Endodontics,8,1,Endodontics,1,0.637,0.3217,0.6381,0.5496,1
P0799,Endodontics,8,2,Endodontics,1,0.637,0.3217,0.4109,0.1948,0
P0802,Healthy,2,0,Healthy,1,0.875,0.7258,0.8442,0.2734,1
P0802,Healthy,2,1,Healthy,1,0.875,0.7258,0.8936,0.2688,1
P0802,Healthy,2,2,Healthy,1,0.875,0.7258,0.8486,0.2291,1
P0802,Endodontics,0,0,Endodontics,1,0.791,0.7423,0.8973,0.2695,1
P0802,Endodontics,0,1,Endodontics,1,0.791,0.7423,0.8485,0.2634,1
P0802,Endodontics,0,2,Endodontics,1,0.791,0.7423,0.8357,0.2695,1
P0803,Endodontics,0,0,Endodontics,1,0.746,0.4856,0.6046,0.2836,1
P0803,Endodontics,0,1,Endodontics,1,0.746,0.4856,0.6466,0.3194,1
P0803,Endodontics,0,2,Endodontics,1,0.746,0.4856,0.4794,0.2136,1
P0803,Endodontics,1,0,Endodontics,1,0.653,0.4353,0.6092,0.3075,1
P0803,Endodontics,1,1,Endodontics,1,0.653,0.4353,0.5517,0.292,1
P0803,Endodontics,1,2,Endodontics,1,0.653,0.4353,0.5867,0.327,1
P0803,Endodontics,2,0,Endodontics,1,0.8,0.839,0.9547,0.2384,1
P0803,Endodontics,2,1,Endodontics,1,0.8,0.839,0.9481,0.2384,1
P0803,Endodontics,2,2,Endodontics,1,0.8,0.839,0.9265,0.2352,1
P0803,Endodontics,3,0,Endodontics,1,0.84,0.7595,0.9424,0.2634,1
P0803,Endodontics,3,1,Endodontics,1,0.84,0.7595,0.7203,0.1453,0
P0803,Endodontics,3,2,Endodontics,1,0.84,0.7595,0.7249,0.1805,1
P0803,Endodontics,4,0,Endodontics,1,0.837,0.7347,0.9016,0.2463,1
P0803,Endodontics,4,1,Healthy,0,0.837,0.7347,0.5587,0.126,0
P0803,Endodontics,4,2,Endodontics,1,0.837,0.7347,0.6999,0.1447,1
P0803,Healthy,1,0,Healthy,1,0.619,0.6991,0.9462,0.2861,1
P0803,Healthy,1,1,Healthy,1,0.619,0.6991,0.9462,0.2861,1
P0803,Healthy,1,2,Healthy,1,0.619,0.6991,0.9156,0.2855,1
P0804,Endodontics,0,0,Endodontics,1,0.841,0.7807,0.9162,0.2562,1
P0804,Endodontics,0,1,Endodontics,1,0.841,0.7807,0.8612,0.2562,1
P0804,Endodontics,0,2,Endodontics,1,0.841,0.7807,0.9134,0.2562,1
P0804,Endodontics,1,0,Endodontics,1,0.775,0.8425,0.956,0.2374,1
P0804,Endodontics,1,1,Endodontics,1,0.775,0.8425,0.9254,0.2374,1
P0804,Endodontics,1,2,Endodontics,1,0.775,0.8425,0.8069,0.1674,1
P0804,Endodontics,2,0,Endodontics,1,0.687,0.7502,0.8584,0.2281,1
P0804,Endodontics,2,1,Endodontics,1,0.687,0.7502,0.8145,0.2366,1
P0804,Endodontics,2,2,Endodontics,1,0.687,0.7502,0.9004,0.2606,1
P0804,Endodontics,3,0,Endodontics,1,0.784,0.7348,0.9557,0.2722,1
P0804,Endodontics,3,1,Endodontics,1,0.784,0.7348,0.9201,0.2722,1
P0804,Endodontics,3,2,Endodontics,1,0.784,0.7348,0.8868,0.2722,1
P0804,Endodontics,4,0,Endodontics,1,0.834,0.7299,0.9048,0.274,1
P0804,Endodontics,4,1,Endodontics,1,0.834,0.7299,0.8599,0.2488,1
P0804,Endodontics,4,2,Endodontics,1,0.834,0.7299,0.7903,0.2674,1
P0804,Endodontics,5,0,Endodontics,1,0.552,0.5104,0.8188,0.3918,1
P0804,Endodontics,5,1,Endodontics,1,0.552,0.5104,0.7738,0.3918,1
P0804,Endodontics,5,2,Endodontics,1,0.552,0.5104,0.7255,0.3918,1
P0804,Endodontics,6,0,Endodontics,1,0.76,0.7058,0.9343,0.2834,1
P0804,Endodontics,6,1,Endodontics,1,0.76,0.7058,0.7238,0.1726,1
P0804,Endodontics,6,2,Endodontics,1,0.76,0.7058,0.872,0.2834,1
P0804,Healthy,1,0,Healthy,1,0.668,0.6555,0.9084,0.3051,1
P0804,Healthy,1,1,Healthy,1,0.668,0.6555,0.8683,0.296,1
P0804,Healthy,1,2,Healthy,1,0.668,0.6555,0.8036,0.2914,1
P0804,Healthy,2,0,Healthy,1,0.754,0.6074,0.788,0.3293,1
P0804,Healthy,2,1,Healthy,1,0.754,0.6074,0.8455,0.3293,1
P0804,Healthy,2,2,Healthy,1,0.754,0.6074,0.5621,0.1791,1
P0804,Endodontics,7,0,Endodontics,1,0.57,0.4312,0.8301,0.458,1
P0804,Endodontics,7,1,Endodontics,1,0.57,0.4312,0.8301,0.4555,1
P0804,Endodontics,7,2,Endodontics,1,0.57,0.4312,0.7916,0.4591,1
P0805,Endodontics,0,0,Endodontics,1,0.858,0.7717,0.9371,0.2592,1
P0805,Endodontics,0,1,Endodontics,1,0.858,0.7717,0.9311,0.2592,1
P0805,Endodontics,0,2,Endodontics,1,0.858,0.7717,0.8909,0.2592,1
P0805,Endodontics,1,0,Endodontics,1,0.666,0.5642,0.8031,0.3545,1
P0805,Endodontics,1,1,Endodontics,1,0.666,0.5642,0.8796,0.3545,1
P0805,Endodontics,1,2,Endodontics,1,0.666,0.5642,0.7934,0.3485,1
P0805,Endodontics,2,0,Endodontics,1,0.646,0.5572,0.8864,0.3593,1
P0805,Endodontics,2,1,Endodontics,1,0.646,0.5572,0.8361,0.359,1
P0805,Endodontics,2,2,Endodontics,1,0.646,0.5572,0.8172,0.359,1
P0805,Healthy,5,0,Healthy,1,0.853,0.664,0.8579,0.3012,1
P0805,Healthy,5,1,Healthy,1,0.853,0.664,0.8559,0.2587,1
P0805,Healthy,5,2,Healthy,1,0.853,0.664,0.8311,0.2999,1
P0805,Healthy,6,0,Healthy,1,0.732,0.5094,0.7595,0.3927,1
P0805,Healthy,6,1,Healthy,1,0.732,0.5094,0.6455,0.185,1
P0805,Healthy,6,2,Healthy,1,0.732,0.5094,0.7014,0.36,1
P0805,Endodontics,3,0,Endodontics,1,0.552,0.3251,0.4853,0.2533,0
P0805,Endodontics,3,1,Endodontics,1,0.552,0.3251,0.3514,0.1467,0
P0805,Endodontics,3,2,Endodontics,1,0.552,0.3251,0.4102,0.173,0
P0084,Healthy,0,0,Healthy,1,0.685,0.6493,0.8033,0.308,1
P0084,Healthy,0,1,Healthy,1,0.685,0.6493,0.8717,0.304,1
P0084,Healthy,0,2,Healthy,1,0.685,0.6493,0.8354,0.2809,1
P0084,Endodontics,0,0,Endodontics,1,0.608,0.5819,0.8307,0.3437,1
P0084,Endodontics,0,1,Endodontics,1,0.608,0.5819,0.8108,0.3437,1
P0084,Endodontics,0,2,Endodontics,1,0.608,0.5819,0.7539,0.3437,1
P0084,Healthy,2,0,Healthy,1,0.663,0.5064,0.7831,0.3444,1
P0084,Healthy,2,1,Impacted,0,0.663,0.5064,0.846,0.3908,1
P0084,Healthy,2,2,Impacted,0,0.663,0.5064,0.8311,0.3932,1
P0084,Endodontics,1,0,Endodontics,1,0.613,0.3197,0.6287,0.5041,1
P0084,Endodontics,1,1,Endodontics,1,0.613,0.3197,0.4431,0.3455,1
P0084,Endodontics,1,2,Endodontics,1,0.613,0.3197,0.5144,0.4381,1
P0806,Endodontics,0,0,Endodontics,1,0.862,0.8044,0.8897,0.2487,1
P0806,Endodontics,0,1,Endodontics,1,0.862,0.8044,0.9147,0.2487,1
P0806,Endodontics,0,2,Endodontics,1,0.862,0.8044,0.9259,0.2487,1
P0806,Impacted,0,0,Impacted,1,0.725,0.5007,0.6557,0.2381,1
P0806,Impacted,0,1,Impacted,1,0.725,0.5007,0.5419,0.2043,1
P0806,Impacted,0,2,Impacted,1,0.725,0.5007,0.6392,0.2828,1
P0806,Healthy,3,0,Healthy,1,0.631,0.5833,0.7809,0.3423,1
P0806,Healthy,3,1,Healthy,1,0.631,0.5833,0.7487,0.2356,1
P0806,Healthy,3,2,Healthy,1,0.631,0.5833,0.6302,0.206,1
P0806,Healthy,4,0,Healthy,1,0.703,0.6485,0.8641,0.3046,1
P0806,Healthy,4,1,Healthy,1,0.703,0.6485,0.7739,0.2837,1
P0806,Healthy,4,2,Healthy,1,0.703,0.6485,0.8404,0.2966,1
P0806,Endodontics,1,0,Endodontics,1,0.528,0.266,0.5805,0.5144,1
P0806,Endodontics,1,1,Endodontics,1,0.528,0.266,0.5659,0.4767,1
P0806,Endodontics,1,2,Endodontics,1,0.528,0.266,0.4668,0.4105,0
P0807,Endodontics,0,0,Endodontics,1,0.817,0.7655,0.8919,0.2613,1
P0807,Endodontics,0,1,Endodontics,1,0.817,0.7655,0.9394,0.2613,1
P0807,Endodontics,0,2,Endodontics,1,0.817,0.7655,0.8275,0.2158,1
P0807,Healthy,7,0,Healthy,1,0.754,0.8417,0.9767,0.2376,1
P0807,Healthy,7,1,Healthy,1,0.754,0.8417,0.484,0.0809,0
P0807,Healthy,7,2,Healthy,1,0.754,0.8417,0.9285,0.2371,1
P0808,Endodontics,0,0,Endodontics,1,0.816,0.7179,0.9314,0.2786,1
P0808,Endodontics,0,1,Endodontics,1,0.816,0.7179,0.8867,0.2786,1
P0808,Endodontics,0,2,Endodontics,1,0.816,0.7179,0.9111,0.2786,1
P0808,Endodontics,1,0,Endodontics,1,0.879,0.7016,0.9263,0.2851,1
P0808,Endodontics,1,1,Endodontics,1,0.879,0.7016,0.8566,0.2851,1
P0808,Endodontics,1,2,Endodontics,1,0.879,0.7016,0.9096,0.2851,1
P0808,Healthy,1,0,Healthy,1,0.819,0.6335,0.8387,0.3143,1
P0808,Healthy,1,1,Healthy,1,0.819,0.6335,0.7744,0.2342,1
P0808,Healthy,1,2,Healthy,1,0.819,0.6335,0.8351,0.3002,1
P0808,Healthy,6,0,Healthy,1,0.65,0.6682,0.8794,0.2993,1
P0808,Healthy,6,1,Healthy,1,0.65,0.6682,0.8546,0.2993,1
P0808,Healthy,6,2,Healthy,1,0.65,0.6682,0.8115,0.273,1
P0809,Healthy,13,0,Healthy,1,0.809,0.3777,0.5637,0.4453,1
P0809,Healthy,13,1,Healthy,1,0.809,0.3777,0.6465,0.3118,1
P0809,Healthy,13,2,Healthy,1,0.809,0.3777,0.5814,0.3669,1
P0810,Healthy,11,0,Healthy,1,0.771,0.3936,0.5316,0.2388,0
P0810,Healthy,11,1,Impacted,0,0.771,0.3936,0.2386,0.0734,0
P0810,Healthy,11,2,Healthy,1,0.771,0.3936,0.5938,0.2911,1
P0085,Endodontics,0,0,Endodontics,1,0.752,0.6473,0.859,0.309,1
P0085,Endodontics,0,1,Endodontics,1,0.752,0.6473,0.833,0.2842,1
P0085,Endodontics,0,2,Endodontics,1,0.752,0.6473,0.7961,0.3087,1
P0088,Healthy,1,0,Healthy,1,0.854,0.7236,0.8769,0.2354,1
P0088,Healthy,1,1,Healthy,1,0.854,0.7236,0.6494,0.1663,0
P0088,Healthy,1,2,Healthy,1,0.854,0.7236,0.3763,0.1219,0
P0089,Healthy,1,0,Healthy,1,0.73,0.6426,0.7893,0.3112,1
P0089,Healthy,1,1,Healthy,1,0.73,0.6426,0.7262,0.2081,1
P0089,Healthy,1,2,Healthy,1,0.73,0.6426,0.7944,0.3112,1
P0089,Healthy,9,0,Healthy,1,0.745,0.6734,0.9182,0.2926,1
P0089,Healthy,9,1,Healthy,1,0.745,0.6734,0.7848,0.2637,1
P0089,Healthy,9,2,Healthy,1,0.745,0.6734,0.9279,0.295,1
P0091,Healthy,4,0,Healthy,1,0.653,0.2733,0.4581,0.4673,1
P0091,Healthy,4,1,Healthy,1,0.653,0.2733,0.5758,0.4157,1
P0091,Healthy,4,2,Healthy,1,0.653,0.2733,0.4723,0.3125,1
P0091,Healthy,7,0,Healthy,1,0.722,0.6775,0.8855,0.2952,1
P0091,Healthy,7,1,Healthy,1,0.722,0.6775,0.7471,0.2629,1
P0091,Healthy,7,2,Healthy,1,0.722,0.6775,0.9216,0.2952,1
P0092,Healthy,7,0,Healthy,1,0.859,0.7272,0.8882,0.2751,1
P0092,Healthy,7,1,Healthy,1,0.859,0.7272,0.8589,0.2747,1
P0092,Healthy,7,2,Healthy,1,0.859,0.7272,0.8681,0.2748,1
P0093,Healthy,3,0,Healthy,1,0.511,0.3771,0.5247,0.3612,0
P0093,Healthy,3,1,Healthy,1,0.511,0.3771,0.7807,0.3852,1
P0093,Healthy,3,2,Healthy,1,0.511,0.3771,0.5138,0.2119,0
P0093,Healthy,7,0,Healthy,1,0.862,0.6247,0.7327,0.2951,1
P0093,Healthy,7,1,Healthy,1,0.862,0.6247,0.9042,0.2869,1
P0093,Healthy,7,2,Healthy,1,0.862,0.6247,0.576,0.1217,0
P0094,Endodontics,0,0,Endodontics,1,0.725,0.6276,0.8605,0.3187,1
P0094,Endodontics,0,1,Endodontics,1,0.725,0.6276,0.8688,0.3187,1
P0094,Endodontics,0,2,Endodontics,1,0.725,0.6276,0.7676,0.3022,1
P0094,Endodontics,1,0,Endodontics,1,0.794,0.741,0.9282,0.2699,1
P0094,Endodontics,1,1,Endodontics,1,0.794,0.741,0.8971,0.2699,1
P0094,Endodontics,1,2,Endodontics,1,0.794,0.741,0.6563,0.1565,0
P0094,Healthy,0,0,Healthy,1,0.715,0.4306,0.5667,0.3774,1
P0094,Healthy,0,1,Healthy,1,0.715,0.4306,0.6778,0.3081,1
P0094,Healthy,0,2,Healthy,1,0.715,0.4306,0.4739,0.1549,1
P0094,Endodontics,2,0,Endodontics,1,0.627,0.3076,0.5215,0.3851,1
P0094,Endodontics,2,1,Endodontics,1,0.627,0.3076,0.3998,0.288,1
P0094,Endodontics,2,2,Endodontics,1,0.627,0.3076,0.3825,0.2652,1
P0094,Healthy,1,0,Healthy,1,0.528,0.3543,0.5047,0.3602,1
P0094,Healthy,1,1,Healthy,1,0.528,0.3543,0.577,0.3183,1
P0094,Healthy,1,2,Healthy,1,0.528,0.3543,0.5076,0.2719,0
P0004,Endodontics,0,0,Endodontics,1,0.826,0.5454,0.7317,0.3032,1
P0004,Endodontics,0,1,Endodontics,1,0.826,0.5454,0.6512,0.3134,0
P0004,Endodontics,0,2,Endodontics,1,0.826,0.5454,0.7289,0.2899,1
P0004,Endodontics,1,0,Endodontics,1,0.544,0.5308,0.6801,0.3429,1
P0004,Endodontics,1,1,Endodontics,1,0.544,0.5308,0.6702,0.2727,1
P0004,Endodontics,1,2,Endodontics,1,0.544,0.5308,0.7061,0.242,1
P0004,Endodontics,2,0,Endodontics,1,0.702,0.3998,0.6304,0.4182,1
P0004,Endodontics,2,1,Endodontics,1,0.702,0.3998,0.4647,0.2268,0
P0004,Endodontics,2,2,Endodontics,1,0.702,0.3998,0.4165,0.1339,0
P0004,Endodontics,3,0,Endodontics,1,0.763,0.4335,0.7679,0.4005,1
P0004,Endodontics,3,1,Endodontics,1,0.763,0.4335,0.5103,0.2205,1
P0004,Endodontics,3,2,Endodontics,1,0.763,0.4335,0.421,0.2145,1
P0004,Endodontics,4,0,Endodontics,1,0.814,0.5131,0.8153,0.3898,1
P0004,Endodontics,4,1,Endodontics,1,0.814,0.5131,0.7948,0.3897,1
P0004,Endodontics,4,2,Endodontics,1,0.814,0.5131,0.8167,0.3777,1
P0004,Healthy,1,0,Healthy,1,0.829,0.7226,0.9026,0.2767,1
P0004,Healthy,1,1,Healthy,1,0.829,0.7226,0.8342,0.2676,1
P0004,Healthy,1,2,Healthy,1,0.829,0.7226,0.8715,0.2768,1
P0004,Healthy,3,0,Healthy,1,0.859,0.7345,0.8585,0.2711,1
P0004,Healthy,3,1,Healthy,1,0.859,0.7345,0.0,0.7345,0
P0004,Healthy,3,2,Healthy,1,0.859,0.7345,0.9499,0.2723,1
P0098,Impacted,0,0,Impacted,1,0.739,0.6416,0.6468,0.1812,1
P0098,Impacted,0,1,Impacted,1,0.739,0.6416,0.7115,0.2755,1
P0098,Impacted,0,2,Impacted,1,0.739,0.6416,0.747,0.2302,1
P0098,Endodontics,0,0,Endodontics,1,0.688,0.7682,0.9284,0.2603,1
P0098,Endodontics,0,1,Endodontics,1,0.688,0.7682,0.952,0.2603,1
P0098,Endodontics,0,2,Endodontics,1,0.688,0.7682,0.9026,0.2603,1
P0098,Endodontics,1,0,Endodontics,1,0.751,0.6726,0.8934,0.2974,1
P0098,Endodontics,1,1,Endodontics,1,0.751,0.6726,0.9026,0.2974,1
P0098,Endodontics,1,2,Endodontics,1,0.751,0.6726,0.8105,0.2519,1
P0098,Endodontics,2,0,Endodontics,1,0.775,0.7132,0.9008,0.2529,1
P0098,Endodontics,2,1,Endodontics,1,0.775,0.7132,0.8899,0.2804,1
P0098,Endodontics,2,2,Endodontics,1,0.775,0.7132,0.9154,0.2804,1
P0098,Endodontics,3,0,Endodontics,1,0.844,0.6259,0.8506,0.3195,1
P0098,Endodontics,3,1,Endodontics,1,0.844,0.6259,0.8292,0.307,1
P0098,Endodontics,3,2,Endodontics,1,0.844,0.6259,0.801,0.3099,1
P0098,Healthy,8,0,Healthy,1,0.753,0.6225,0.7938,0.3208,1
P0098,Healthy,8,1,Healthy,1,0.753,0.6225,0.8434,0.3129,1
P0098,Healthy,8,2,Healthy,1,0.753,0.6225,0.8302,0.2852,1
P0099,Endodontics,0,0,Endodontics,1,0.672,0.4459,0.8042,0.4485,1
P0099,Endodontics,0,1,Endodontics,1,0.672,0.4459,0.736,0.4454,1
P0099,Endodontics,0,2,Endodontics,1,0.672,0.4459,0.7969,0.4401,1
P0099,Endodontics,1,0,Endodontics,1,0.736,0.6455,0.8785,0.3099,1
P0099,Endodontics,1,1,Endodontics,1,0.736,0.6455,0.9053,0.3099,1
P0099,Endodontics,1,2,Endodontics,1,0.736,0.6455,0.9103,0.3099,1
P0099,Endodontics,2,0,Endodontics,1,0.717,0.8913,0.938,0.2244,1
P0099,Endodontics,2,1,Endodontics,1,0.717,0.8913,0.9709,0.2244,1
P0099,Endodontics,2,2,Endodontics,1,0.717,0.8913,0.9756,0.2244,1
P0099,Endodontics,3,0,Endodontics,1,0.843,0.8015,0.9592,0.2495,1
P0099,Endodontics,3,1,Endodontics,1,0.843,0.8015,0.8816,0.2495,1
P0099,Endodontics,3,2,Endodontics,1,0.843,0.8015,0.9843,0.2495,1
P0099,Healthy,1,0,Healthy,1,0.768,0.6381,0.8131,0.3134,1
P0099,Healthy,1,1,Healthy,1,0.768,0.6381,0.9489,0.3003,1
P0099,Healthy,1,2,Healthy,1,0.768,0.6381,0.9313,0.3134,1
P0099,Healthy,6,0,Healthy,1,0.654,0.6062,0.7484,0.2739,1
P0099,Healthy,6,1,Healthy,1,0.654,0.6062,0.81,0.33,1
P0099,Healthy,6,2,Healthy,1,0.654,0.6062,0.8097,0.3107,1
P0005,Endodontics,0,0,Endodontics,1,0.871,0.7309,0.8726,0.2723,1
P0005,Endodontics,0,1,Endodontics,1,0.871,0.7309,0.7837,0.2724,1
P0005,Endodontics,0,2,Endodontics,1,0.871,0.7309,0.8887,0.2736,1
P0005,Healthy,1,0,Healthy,1,0.876,0.7706,0.9326,0.2595,1
P0005,Healthy,1,1,Healthy,1,0.876,0.7706,0.9283,0.2595,1
P0005,Healthy,1,2,Healthy,1,0.876,0.7706,0.8809,0.2581,1
P0005,Healthy,4,0,Healthy,1,0.748,0.4002,0.5704,0.3089,1
P0005,Healthy,4,1,Healthy,1,0.748,0.4002,0.7079,0.3615,1
P0005,Healthy,4,2,Healthy,1,0.748,0.4002,0.6295,0.3993,1
P0101,Endodontics,0,0,Endodontics,1,0.651,0.5548,0.8294,0.3605,1
P0101,Endodontics,0,1,Endodontics,1,0.651,0.5548,0.84,0.3605,1
P0101,Endodontics,0,2,Endodontics,1,0.651,0.5548,0.7857,0.3581,1
P0101,Endodontics,1,0,Endodontics,1,0.746,0.8193,0.929,0.2441,1
P0101,Endodontics,1,1,Endodontics,1,0.746,0.8193,0.9582,0.2441,1
P0101,Endodontics,1,2,Endodontics,1,0.746,0.8193,0.9027,0.2441,1
P0101,Endodontics,2,0,Endodontics,1,0.881,0.734,0.8684,0.254,1
P0101,Endodontics,2,1,Endodontics,1,0.881,0.734,0.9164,0.2663,1
P0101,Endodontics,2,2,Endodontics,1,0.881,0.734,0.7246,0.2188,1
P0101,Endodontics,3,0,Endodontics,1,0.753,0.8367,0.9622,0.239,1
P0101,Endodontics,3,1,Endodontics,1,0.753,0.8367,0.9067,0.239,1
P0101,Endodontics,3,2,Endodontics,1,0.753,0.8367,0.8814,0.239,1
P0101,Healthy,0,0,Healthy,1,0.775,0.6158,0.806,0.3049,1
P0101,Healthy,0,1,Healthy,1,0.775,0.6158,0.5176,0.1406,0
P0101,Healthy,0,2,Healthy,1,0.775,0.6158,0.8744,0.3116,1
P0102,Endodontics,0,0,Endodontics,1,0.694,0.707,0.834,0.2829,1
P0102,Endodontics,0,1,Endodontics,1,0.694,0.707,0.9434,0.2829,1
P0102,Endodontics,0,2,Endodontics,1,0.694,0.707,0.8783,0.2829,1
P0102,Healthy,1,0,Healthy,1,0.773,0.5917,0.7911,0.3196,1
P0102,Healthy,1,1,Healthy,1,0.773,0.5917,0.7869,0.2616,1
P0102,Healthy,1,2,Healthy,1,0.773,0.5917,0.7526,0.338,1
P0102,Healthy,3,0,Healthy,1,0.642,0.6588,0.8276,0.2937,1
P0102,Healthy,3,1,Healthy,1,0.642,0.6588,0.849,0.2999,1
P0102,Healthy,3,2,Healthy,1,0.642,0.6588,0.8252,0.2989,1
P0103,Healthy,8,0,Healthy,1,0.889,0.8269,0.8477,0.2419,1
P0103,Healthy,8,1,Healthy,1,0.889,0.8269,0.8997,0.2419,1
P0103,Healthy,8,2,Healthy,1,0.889,0.8269,0.8221,0.2259,1
P0104,Healthy,2,0,Healthy,1,0.794,0.6891,0.7337,0.2085,1
P0104,Healthy,2,1,Healthy,1,0.794,0.6891,0.763,0.2092,1
P0104,Healthy,2,2,Healthy,1,0.794,0.6891,0.9183,0.2902,1
P0104,Healthy,5,0,Healthy,1,0.735,0.5288,0.6765,0.3782,1
P0104,Healthy,5,1,Healthy,1,0.735,0.5288,0.7413,0.3211,1
P0104,Healthy,5,2,Healthy,1,0.735,0.5288,0.7212,0.3042,1
P0105,Endodontics,0,0,Endodontics,1,0.666,0.6417,0.8521,0.3117,1
P0105,Endodontics,0,1,Endodontics,1,0.666,0.6417,0.8607,0.3111,1
P0105,Endodontics,0,2,Endodontics,1,0.666,0.6417,0.8032,0.3117,1
P0105,Endodontics,1,0,Endodontics,1,0.804,0.6859,0.9402,0.2916,1
P0105,Endodontics,1,1,Endodontics,1,0.804,0.6859,0.841,0.2916,1
P0105,Endodontics,1,2,Endodontics,1,0.804,0.6859,0.8221,0.2772,1
P0105,Healthy,5,0,Healthy,1,0.789,0.5162,0.6561,0.3267,1
P0105,Healthy,5,1,Healthy,1,0.789,0.5162,0.6156,0.2884,1
P0105,Healthy,5,2,Healthy,1,0.789,0.5162,0.5089,0.1504,0
P0105,Healthy,14,0,Healthy,1,0.769,0.6504,0.7885,0.2913,1
P0105,Healthy,14,1,Healthy,1,0.769,0.6504,0.7549,0.3005,1
P0105,Healthy,14,2,Healthy,1,0.769,0.6504,0.9084,0.2905,1
P0006,Endodontics,0,0,Endodontics,1,0.594,0.4521,0.7468,0.4417,1
P0006,Endodontics,0,1,Endodontics,1,0.594,0.4521,0.6,0.3728,1
P0006,Endodontics,0,2,Endodontics,1,0.594,0.4521,0.5721,0.2881,1
P0006,Endodontics,1,0,Endodontics,1,0.75,0.6516,0.8753,0.3009,1
P0006,Endodontics,1,1,Endodontics,1,0.75,0.6516,0.8728,0.3047,1
P0006,Endodontics,1,2,Endodontics,1,0.75,0.6516,0.6933,0.2488,1
P0006,Endodontics,2,0,Endodontics,1,0.952,0.9368,0.9644,0.2135,1
P0006,Endodontics,2,1,Endodontics,1,0.952,0.9368,0.9267,0.1989,1
P0006,Endodontics,2,2,Endodontics,1,0.952,0.9368,0.9496,0.212,1
P0006,Endodontics,3,0,Endodontics,1,0.862,0.7477,0.8781,0.2675,1
P0006,Endodontics,3,1,Endodontics,1,0.862,0.7477,0.8562,0.2675,1
P0006,Endodontics,3,2,Endodontics,1,0.862,0.7477,0.9408,0.2675,1
P0006,Healthy,3,0,Healthy,1,0.87,0.8121,0.9424,0.2463,1
P0006,Healthy,3,1,Healthy,1,0.87,0.8121,0.8332,0.2286,1
P0006,Healthy,3,2,Healthy,1,0.87,0.8121,0.9404,0.2463,1
P0106,Healthy,0,0,Healthy,1,0.779,0.5875,0.7434,0.2965,1
P0106,Healthy,0,1,Impacted,0,0.779,0.5875,0.7996,0.3158,1
P0106,Healthy,0,2,Impacted,0,0.779,0.5875,0.6994,0.2837,1
P0106,Impacted,2,0,Impacted,1,0.689,0.4922,0.6839,0.4064,1
P0106,Impacted,2,1,Impacted,1,0.689,0.4922,0.6954,0.3996,1
P0106,Impacted,2,2,Impacted,1,0.689,0.4922,0.6157,0.311,1
P0107,Endodontics,0,0,Endodontics,1,0.825,0.7238,0.964,0.2763,1
P0107,Endodontics,0,1,Endodontics,1,0.825,0.7238,0.8834,0.2763,1
P0107,Endodontics,0,2,Endodontics,1,0.825,0.7238,0.8696,0.2763,1
P0107,Endodontics,1,0,Endodontics,1,0.866,0.5908,0.8693,0.3386,1
P0107,Endodontics,1,1,Endodontics,1,0.866,0.5908,0.6478,0.2165,1
P0107,Endodontics,1,2,Endodontics,1,0.866,0.5908,0.7784,0.3179,1
P0107,Healthy,3,0,Healthy,1,0.612,0.6651,0.8917,0.3007,1
P0107,Healthy,3,1,Healthy,1,0.612,0.6651,0.7973,0.2595,1
P0107,Healthy,3,2,Healthy,1,0.612,0.6651,0.8916,0.3007,1
P0111,Healthy,7,0,Healthy,1,0.828,0.6753,0.7734,0.2464,1
P0111,Healthy,7,1,Healthy,1,0.828,0.6753,0.8597,0.2962,1
P0111,Healthy,7,2,Healthy,1,0.828,0.6753,0.8065,0.2684,1
P0111,Healthy,11,0,Healthy,1,0.848,0.7261,0.8563,0.2755,1
P0111,Healthy,11,1,Healthy,1,0.848,0.7261,0.8969,0.2508,1
P0111,Healthy,11,2,Healthy,1,0.848,0.7261,0.8675,0.2554,1
P0007,Endodontics,0,0,Endodontics,1,0.789,0.9239,0.9872,0.2165,1
P0007,Endodontics,0,1,Endodontics,1,0.789,0.9239,0.968,0.2165,1
P0007,Endodontics,0,2,Endodontics,1,0.789,0.9239,0.7301,0.1401,0
P0007,Healthy,0,0,Healthy,1,0.887,0.746,0.9312,0.2681,1
P0007,Healthy,0,1,Healthy,1,0.887,0.746,0.8872,0.2681,1
P0007,Healthy,0,2,Healthy,1,0.887,0.746,0.9202,0.2565,1
P0007,Healthy,3,0,Healthy,1,0.826,0.7707,0.9444,0.2595,1
P0007,Healthy,3,1,Healthy,1,0.826,0.7707,0.7805,0.2347,1
P0007,Healthy,3,2,Healthy,1,0.826,0.7707,0.8794,0.2595,1
P0112,Endodontics,0,0,Endodontics,1,0.724,0.6996,0.9365,0.2859,1
P0112,Endodontics,0,1,Endodontics,1,0.724,0.6996,0.8649,0.2859,1
P0112,Endodontics,0,2,Endodontics,1,0.724,0.6996,0.8774,0.2859,1
P0112,Endodontics,1,0,Endodontics,1,0.76,0.6204,0.9163,0.3224,1
P0112,Endodontics,1,1,Endodontics,1,0.76,0.6204,0.8353,0.3224,1
P0112,Endodontics,1,2,Endodontics,1,0.76,0.6204,0.794,0.3224,1
P0112,Healthy,2,0,Healthy,1,0.668,0.583,0.7448,0.2365,1
P0112,Healthy,2,1,Healthy,1,0.668,0.583,0.7623,0.2875,1
P0112,Healthy,2,2,Healthy,1,0.668,0.583,0.6525,0.2153,1
P0112,Healthy,5,0,Healthy,1,0.54,0.5029,0.6029,0.2225,1
P0112,Healthy,5,1,Healthy,1,0.54,0.5029,0.7521,0.3734,1
P0112,Healthy,5,2,Healthy,1,0.54,0.5029,0.6794,0.297,0
P0114,Impacted,1,0,Impacted,1,0.796,0.5507,0.7614,0.3422,1
P0114,Impacted,1,1,Impacted,1,0.796,0.5507,0.7473,0.3558,1
P0114,Impacted,1,2,Impacted,1,0.796,0.5507,0.7117,0.3185,1
P0114,Healthy,13,0,Healthy,1,0.833,0.6646,0.7681,0.2668,1
P0114,Healthy,13,1,Healthy,1,0.833,0.6646,0.805,0.296,1
P0114,Healthy,13,2,Healthy,1,0.833,0.6646,0.9565,0.3007,1
P0114,Healthy,15,0,Healthy,1,0.711,0.6692,0.7717,0.2539,1
P0114,Healthy,15,1,Healthy,1,0.711,0.6692,0.8381,0.2704,1
P0114,Healthy,15,2,Healthy,1,0.711,0.6692,0.876,0.2989,1
P0116,Healthy,9,0,Healthy,1,0.698,0.6345,0.8082,0.3142,1
P0116,Healthy,9,1,Healthy,1,0.698,0.6345,0.7221,0.1959,1
P0116,Healthy,9,2,Healthy,1,0.698,0.6345,0.805,0.2935,1
P0117,Healthy,22,0,Healthy,1,0.811,0.6624,0.893,0.3019,1
P0117,Healthy,22,1,Healthy,1,0.811,0.6624,0.9441,0.3019,1
P0117,Healthy,22,2,Healthy,1,0.811,0.6624,0.7415,0.2093,1
P0118,Healthy,5,0,Healthy,1,0.64,0.4824,0.457,0.0821,0
P0118,Healthy,5,1,Healthy,1,0.64,0.4824,0.7383,0.367,1
P0118,Healthy,5,2,Healthy,1,0.64,0.4824,0.723,0.2843,1
P0119,Endodontics,0,0,Endodontics,1,0.746,0.7867,0.9913,0.2543,1
P0119,Endodontics,0,1,Endodontics,1,0.746,0.7867,0.8983,0.2543,1
P0119,Endodontics,0,2,Endodontics,1,0.746,0.7867,0.9281,0.2543,1
P0119,Healthy,5,0,Healthy,1,0.592,0.5638,0.864,0.3501,1
P0119,Healthy,5,1,Healthy,1,0.592,0.5638,0.6155,0.1918,1
P0119,Healthy,5,2,Healthy,1,0.592,0.5638,0.7943,0.3482,1
P0119,Healthy,7,0,Healthy,1,0.654,0.5778,0.7646,0.2762,1
P0119,Healthy,7,1,Healthy,1,0.654,0.5778,0.8369,0.3432,1
P0119,Healthy,7,2,Healthy,1,0.654,0.5778,0.7421,0.3199,1
P0119,Endodontics,1,0,Endodontics,1,0.507,0.2828,0.5359,0.4035,1
P0119,Endodontics,1,1,Endodontics,1,0.507,0.2828,0.5111,0.4649,1
P0119,Endodontics,1,2,Endodontics,1,0.507,0.2828,0.4788,0.5362,1
P0120,Healthy,14,0,Healthy,1,0.661,0.6394,0.7682,0.3021,1
P0120,Healthy,14,1,Healthy,1,0.661,0.6394,0.7197,0.3041,1
P0120,Healthy,14,2,Healthy,1,0.661,0.6394,0.7443,0.2807,1
P0120,Healthy,17,0,Healthy,1,0.557,0.2706,0.4063,0.3446,1
P0120,Healthy,17,1,Healthy,1,0.557,0.2706,0.0,0.2706,0
P0120,Healthy,17,2,Healthy,1,0.557,0.2706,0.3458,0.1962,0
P0121,Endodontics,0,0,Healthy,0,0.659,0.6292,0.6264,0.2171,1
P0121,Endodontics,0,1,Endodontics,1,0.659,0.6292,0.8854,0.3179,1
P0121,Endodontics,0,2,Endodontics,1,0.659,0.6292,0.5652,0.1475,1
P0121,Endodontics,1,0,Endodontics,1,0.763,0.5965,0.8877,0.3191,1
P0121,Endodontics,1,1,Endodontics,1,0.763,0.5965,0.8749,0.3353,1
P0121,Endodontics,1,2,Endodontics,1,0.763,0.5965,0.8623,0.3353,1
P0121,Endodontics,2,0,Endodontics,1,0.86,0.5971,0.8741,0.335,1
P0121,Endodontics,2,1,Endodontics,1,0.86,0.5971,0.8592,0.335,1
P0121,Endodontics,2,2,Endodontics,1,0.86,0.5971,0.7491,0.3267,1
P0121,Healthy,2,0,Healthy,1,0.627,0.3771,0.5779,0.5075,1
P0121,Healthy,2,1,Healthy,1,0.627,0.3771,0.338,0.1745,0
P0121,Healthy,2,2,Healthy,1,0.627,0.3771,0.4761,0.2205,1
P0124,Healthy,8,0,Healthy,1,0.541,0.4422,0.6844,0.4353,1
P0124,Healthy,8,1,Healthy,1,0.541,0.4422,0.6698,0.3482,1
P0124,Healthy,8,2,Healthy,1,0.541,0.4422,0.5313,0.2844,1
P0124,Healthy,10,0,Healthy,1,0.727,0.6299,0.8869,0.3127,1
P0124,Healthy,10,1,Healthy,1,0.727,0.6299,0.8148,0.2344,1
P0124,Healthy,10,2,Healthy,1,0.727,0.6299,0.9359,0.3175,1
P0009,Healthy,2,0,Healthy,1,0.936,0.82,0.9434,0.2426,1
P0009,Healthy,2,1,Healthy,1,0.936,0.82,0.8929,0.237,1
P0009,Healthy,2,2,Healthy,1,0.936,0.82,0.9735,0.2439,1
P0009,Healthy,5,0,Healthy,1,0.902,0.5604,0.7788,0.3175,1
P0009,Healthy,5,1,Healthy,1,0.902,0.5604,0.712,0.255,1
P0009,Healthy,5,2,Healthy,1,0.902,0.5604,0.8241,0.3233,1
P0126,Healthy,0,0,Healthy,1,0.572,0.5252,0.6335,0.2614,0
P0126,Healthy,0,1,Endodontics,0,0.572,0.5252,0.4373,0.1083,1
P0126,Healthy,0,2,Healthy,1,0.572,0.5252,0.4835,0.1785,1
P0126,Healthy,1,0,Healthy,1,0.634,0.658,0.8528,0.2897,1
P0126,Healthy,1,1,Healthy,1,0.634,0.658,0.7936,0.284,1
P0126,Healthy,1,2,Healthy,1,0.634,0.658,0.8613,0.2814,1
P0128,Healthy,7,0,Healthy,1,0.58,0.6199,0.8215,0.3226,1
P0128,Healthy,7,1,Healthy,1,0.58,0.6199,0.8126,0.3189,1
P0128,Healthy,7,2,Healthy,1,0.58,0.6199,0.7507,0.2605,1
P0128,Healthy,12,0,Healthy,1,0.711,0.5648,0.7186,0.3276,1
P0128,Healthy,12,1,Healthy,1,0.711,0.5648,0.5357,0.1663,1
P0128,Healthy,12,2,Healthy,1,0.711,0.5648,0.9691,0.3541,1
P0130,Healthy,6,0,Healthy,1,0.878,0.5204,0.6811,0.3508,1
P0130,Healthy,6,1,Healthy,1,0.878,0.5204,0.656,0.3024,1
P0130,Healthy,6,2,Healthy,1,0.878,0.5204,0.6799,0.2377,1
P0130,Endodontics,0,0,Endodontics,1,0.738,0.6436,0.8485,0.3108,1
P0130,Endodontics,0,1,Endodontics,1,0.738,0.6436,0.8541,0.3108,1
P0130,Endodontics,0,2,Endodontics,1,0.738,0.6436,0.8066,0.2629,1
P0130,Endodontics,1,0,Endodontics,1,0.786,0.6879,0.8087,0.2908,1
P0130,Endodontics,1,1,Endodontics,1,0.786,0.6879,0.9028,0.2908,1
P0130,Endodontics,1,2,Endodontics,1,0.786,0.6879,0.8524,0.2908,1
P0130,Healthy,12,0,Healthy,1,0.619,0.3929,0.549,0.4001,1
P0130,Healthy,12,1,Healthy,1,0.619,0.3929,0.2766,0.0991,0
P0130,Healthy,12,2,Healthy,1,0.619,0.3929,0.5496,0.2401,1
P0131,Endodontics,0,0,Endodontics,1,0.596,0.3365,0.6401,0.4449,1
P0131,Endodontics,0,1,Endodontics,1,0.596,0.3365,0.491,0.4123,1
P0131,Endodontics,0,2,Endodontics,1,0.596,0.3365,0.4716,0.4729,1
P0131,Healthy,1,0,Healthy,1,0.563,0.347,0.5347,0.4785,1
P0131,Healthy,1,1,Healthy,1,0.563,0.347,0.5332,0.2924,1
P0131,Healthy,1,2,Healthy,1,0.563,0.347,0.5463,0.3149,1
P0131,Endodontics,1,0,Endodontics,1,0.637,0.3203,0.6087,0.4673,1
P0131,Endodontics,1,1,Endodontics,1,0.637,0.3203,0.5452,0.478,1
P0131,Endodontics,1,2,Endodontics,1,0.637,0.3203,0.5202,0.4002,1
P0131,Endodontics,2,0,Endodontics,1,0.602,0.5335,0.7759,0.303,1
P0131,Endodontics,2,1,Endodontics,1,0.602,0.5335,0.4954,0.1597,0
P0131,Endodontics,2,2,Endodontics,1,0.602,0.5335,0.6034,0.1767,0
P0131,Endodontics,3,0,Endodontics,1,0.718,0.727,0.956,0.2751,1
P0131,Endodontics,3,1,Endodontics,1,0.718,0.727,0.9211,0.2751,1
P0131,Endodontics,3,2,Endodontics,1,0.718,0.727,0.9142,0.2751,1
P0131,Endodontics,4,0,Endodontics,1,0.875,0.6503,0.7735,0.3038,1
P0131,Endodontics,4,1,Endodontics,1,0.875,0.6503,0.8566,0.3076,1
P0131,Endodontics,4,2,Endodontics,1,0.875,0.6503,0.7478,0.2211,1
P0131,Endodontics,5,0,Endodontics,1,0.713,0.709,0.9144,0.2821,1
P0131,Endodontics,5,1,Endodontics,1,0.713,0.709,0.9074,0.2821,1
P0131,Endodontics,5,2,Endodontics,1,0.713,0.709,0.8962,0.2821,1
P0010,Endodontics,0,0,Endodontics,1,0.786,0.848,0.9632,0.2359,1
P0010,Endodontics,0,1,Endodontics,1,0.786,0.848,0.9709,0.2334,1
P0010,Endodontics,0,2,Endodontics,1,0.786,0.848,0.8989,0.2163,1
P0010,Endodontics,1,0,Endodontics,1,0.887,0.8229,0.9603,0.2431,1
P0010,Endodontics,1,1,Endodontics,1,0.887,0.8229,0.9275,0.2431,1
P0010,Endodontics,1,2,Endodontics,1,0.887,0.8229,0.9087,0.2431,1
P0010,Endodontics,2,0,Endodontics,1,0.857,0.9215,0.9791,0.2171,1
P0010,Endodontics,2,1,Endodontics,1,0.857,0.9215,0.989,0.2171,1
P0010,Endodontics,2,2,Endodontics,1,0.857,0.9215,0.9567,0.2099,1
P0010,Healthy,2,0,Healthy,1,0.726,0.3407,0.5231,0.3813,1
P0010,Healthy,2,1,Healthy,1,0.726,0.3407,0.4706,0.1721,0
P0010,Healthy,2,2,Impacted,0,0.726,0.3407,0.5276,0.3429,1
P0010,Healthy,6,0,Healthy,1,0.822,0.6886,0.7953,0.2899,1
P0010,Healthy,6,1,Healthy,1,0.822,0.6886,0.719,0.1792,0
P0010,Healthy,6,2,Healthy,1,0.822,0.6886,0.9186,0.2904,1
P0133,Healthy,1,0,Healthy,1,0.864,0.6907,0.8989,0.2858,1
P0133,Healthy,1,1,Healthy,1,0.864,0.6907,0.8476,0.2431,1
P0133,Healthy,1,2,Healthy,1,0.864,0.6907,0.6961,0.1905,1
P0134,Healthy,2,0,Healthy,1,0.741,0.5714,0.7129,0.3272,1
P0134,Healthy,2,1,Endodontics,0,0.741,0.5714,0.7124,0.2293,1
P0134,Healthy,2,2,Healthy,1,0.741,0.5714,0.7234,0.2649,1
P0134,Healthy,9,0,Healthy,1,0.711,0.5782,0.7813,0.306,1
P0134,Healthy,9,1,Healthy,1,0.711,0.5782,0.7602,0.2933,0
P0134,Healthy,9,2,Healthy,1,0.711,0.5782,0.7616,0.2646,1
P0135,Healthy,1,0,Healthy,1,0.766,0.5979,0.6811,0.2403,1
P0135,Healthy,1,1,Endodontics,0,0.766,0.5979,0.7162,0.3083,1
P0135,Healthy,1,2,Healthy,1,0.766,0.5979,0.7202,0.3345,1
P0135,Endodontics,0,0,Endodontics,1,0.754,0.6993,0.8819,0.2524,1
P0135,Endodontics,0,1,Endodontics,1,0.754,0.6993,0.9219,0.286,1
P0135,Endodontics,0,2,Endodontics,1,0.754,0.6993,0.6234,0.1934,1
P0135,Healthy,2,0,Healthy,1,0.814,0.6601,0.7737,0.2946,1
P0135,Healthy,2,1,Healthy,1,0.814,0.6601,0.7507,0.201,1
P0135,Healthy,2,2,Healthy,1,0.814,0.6601,0.8796,0.303,1
P0138,Healthy,0,0,Healthy,1,0.513,0.4373,0.6326,0.4413,1
P0138,Healthy,0,1,Healthy,1,0.513,0.4373,0.7331,0.3688,1
P0138,Healthy,0,2,Healthy,1,0.513,0.4373,0.5421,0.2341,1
P0138,Healthy,5,0,Healthy,1,0.716,0.6567,0.8412,0.3046,1
P0138,Healthy,5,1,Healthy,1,0.716,0.6567,0.8881,0.3033,1
P0138,Healthy,5,2,Healthy,1,0.716,0.6567,0.8432,0.3046,1
P0140,Healthy,0,0,Healthy,1,0.851,0.6957,0.815,0.2695,1
P0140,Healthy,0,1,Healthy,1,0.851,0.6957,0.753,0.2127,1
P0140,Healthy,0,2,Healthy,1,0.851,0.6957,0.8627,0.2875,1
P0140,Endodontics,0,0,Endodontics,1,0.76,0.5605,0.8216,0.3315,1
P0140,Endodontics,0,1,Endodontics,1,0.76,0.5605,0.7856,0.3568,1
P0140,Endodontics,0,2,Endodontics,1,0.76,0.5605,0.8546,0.3568,1
P0140,Endodontics,1,0,Endodontics,1,0.536,0.469,0.7236,0.4172,1
P0140,Endodontics,1,1,Endodontics,1,0.536,0.469,0.7495,0.379,1
P0140,Endodontics,1,2,Endodontics,1,0.536,0.469,0.6612,0.3605,1
P0140,Healthy,1,0,Healthy,1,0.773,0.5543,0.6979,0.28,1
P0140,Healthy,1,1,Healthy,1,0.773,0.5543,0.8313,0.2941,1
P0140,Healthy,1,2,Healthy,1,0.773,0.5543,0.7152,0.2709,1
P0140,Endodontics,2,0,Endodontics,1,0.728,0.6354,0.9072,0.3148,1
P0140,Endodontics,2,1,Endodontics,1,0.728,0.6354,0.7798,0.2093,1
P0140,Endodontics,2,2,Endodontics,1,0.728,0.6354,0.858,0.3148,1
P0141,Endodontics,0,0,Endodontics,1,0.82,0.7946,0.8959,0.2517,1
P0141,Endodontics,0,1,Endodontics,1,0.82,0.7946,0.9023,0.2517,1
P0141,Endodontics,0,2,Endodontics,1,0.82,0.7946,0.9278,0.2517,1
P0141,Endodontics,1,0,Endodontics,1,0.849,0.78,0.8997,0.2564,1
P0141,Endodontics,1,1,Endodontics,1,0.849,0.78,0.905,0.2564,1
P0141,Endodontics,1,2,Endodontics,1,0.849,0.78,0.8572,0.2564,1
P0141,Endodontics,2,0,Endodontics,1,0.666,0.5778,0.8564,0.3462,1
P0141,Endodontics,2,1,Endodontics,1,0.666,0.5778,0.7709,0.3158,1
P0141,Endodontics,2,2,Endodontics,1,0.666,0.5778,0.8048,0.3462,1
P0141,Healthy,0,0,Implant,0,0.537,0.3726,0.0855,0.0551,0
P0141,Healthy,0,1,Healthy,1,0.537,0.3726,0.2425,0.0367,0
P0141,Healthy,0,2,Endodontics,0,0.537,0.3726,0.2756,0.0706,0
P0141,Healthy,1,0,Healthy,1,0.806,0.5197,0.7151,0.3725,1
P0141,Healthy,1,1,Healthy,1,0.806,0.5197,0.6019,0.2125,0
P0141,Healthy,1,2,Healthy,1,0.806,0.5197,0.7317,0.2891,1
P0142,Healthy,4,0,Healthy,1,0.578,0.2698,0.3896,0.3517,1
P0142,Healthy,4,1,Healthy,1,0.578,0.2698,0.4473,0.2519,0
P0142,Healthy,4,2,Healthy,1,0.578,0.2698,0.4161,0.4018,0
P0142,Healthy,7,0,Healthy,1,0.575,0.3785,0.6312,0.4784,1
P0142,Healthy,7,1,Healthy,1,0.575,0.3785,0.6873,0.3523,1
P0142,Healthy,7,2,Healthy,1,0.575,0.3785,0.7045,0.4487,1
P0143,Healthy,0,0,Endodontics,0,0.643,0.6805,0.7327,0.2075,1
P0143,Healthy,0,1,Healthy,1,0.643,0.6805,0.8347,0.2587,1
P0143,Healthy,0,2,Impacted,0,0.643,0.6805,0.6238,0.1616,1
P0143,Healthy,1,0,Healthy,1,0.714,0.5872,0.7137,0.3183,1
P0143,Healthy,1,1,Healthy,1,0.714,0.5872,0.8084,0.3044,1
P0143,Healthy,1,2,Healthy,1,0.714,0.5872,0.7694,0.2863,1
P0146,Endodontics,0,0,Endodontics,1,0.527,0.4111,0.7628,0.437,1
P0146,Endodontics,0,1,Endodontics,1,0.527,0.4111,0.6385,0.4779,1
P0146,Endodontics,0,2,Endodontics,1,0.527,0.4111,0.3874,0.1225,1
P0146,Endodontics,1,0,Endodontics,1,0.715,0.6365,0.6106,0.1664,0
P0146,Endodontics,1,1,Endodontics,1,0.715,0.6365,0.6496,0.1797,1
P0146,Endodontics,1,2,Endodontics,1,0.715,0.6365,0.441,0.1259,0
P0146,Healthy,2,0,Healthy,1,0.698,0.7022,0.7646,0.179,0
P0146,Healthy,2,1,Healthy,1,0.698,0.7022,0.8077,0.262,1
P0146,Healthy,2,2,Healthy,1,0.698,0.7022,0.8706,0.2785,1
P0146,Endodontics,3,0,Endodontics,1,0.543,0.2951,0.6058,0.4128,1
P0146,Endodontics,3,1,Endodontics,1,0.543,0.2951,0.348,0.2248,1
P0146,Endodontics,3,2,Endodontics,1,0.543,0.2951,0.4704,0.4619,1
P0146,Healthy,9,0,Healthy,1,0.669,0.5748,0.7483,0.3391,1
P0146,Healthy,9,1,Healthy,1,0.669,0.5748,0.6408,0.2128,1
P0146,Healthy,9,2,Healthy,1,0.669,0.5748,0.8126,0.3357,1
P0148,Endodontics,0,0,Endodontics,1,0.513,0.4379,0.8403,0.4568,1
P0148,Endodontics,0,1,Endodontics,1,0.513,0.4379,0.8654,0.4568,1
P0148,Endodontics,0,2,Endodontics,1,0.513,0.4379,0.7341,0.4423,1
P0148,Endodontics,1,0,Endodontics,1,0.677,0.5692,0.9072,0.3514,1
P0148,Endodontics,1,1,Endodontics,1,0.677,0.5692,0.7796,0.3499,1
P0148,Endodontics,1,2,Endodontics,1,0.677,0.5692,0.873,0.3514,1
P0148,Healthy,3,0,Healthy,1,0.691,0.7127,0.9298,0.2736,1
P0148,Healthy,3,1,Healthy,1,0.691,0.7127,0.932,0.2806,1
P0148,Healthy,3,2,Healthy,1,0.691,0.7127,0.9003,0.2806,1
P0149,Endodontics,0,0,Endodontics,1,0.759,0.5899,0.7486,0.2954,1
P0149,Endodontics,0,1,Endodontics,1,0.759,0.5899,0.8016,0.3165,1
P0149,Endodontics,0,2,Endodontics,1,0.759,0.5899,0.7444,0.3251,1
P0149,Healthy,4,0,Healthy,1,0.612,0.5291,0.7744,0.3242,1
P0149,Healthy,4,1,Healthy,1,0.612,0.5291,0.7166,0.3131,1
P0149,Healthy,4,2,Healthy,1,0.612,0.5291,0.76,0.3402,1
P0149,Endodontics,1,0,Endodontics,1,0.574,0.5789,0.8964,0.3455,1
P0149,Endodontics,1,1,Endodontics,1,0.574,0.5789,0.6609,0.2692,1
P0149,Endodontics,1,2,Endodontics,1,0.574,0.5789,0.781,0.3455,1
P0149,Healthy,7,0,Healthy,1,0.696,0.5501,0.7627,0.3157,1
P0149,Healthy,7,1,Healthy,1,0.696,0.5501,0.8145,0.3063,1
P0149,Healthy,7,2,Healthy,1,0.696,0.5501,0.8935,0.3604,1
P0149,Endodontics,2,0,Endodontics,1,0.682,0.6056,0.8169,0.3296,1
P0149,Endodontics,2,1,Endodontics,1,0.682,0.6056,0.7752,0.321,1
P0149,Endodontics,2,2,Endodontics,1,0.682,0.6056,0.769,0.3265,1
P0012,Healthy,0,0,Healthy,1,0.725,0.4858,0.7548,0.4111,1
P0012,Healthy,0,1,Healthy,1,0.725,0.4858,0.8101,0.3282,1
P0012,Healthy,0,2,Healthy,1,0.725,0.4858,0.6471,0.2467,1
P0012,Endodontics,0,0,Endodontics,1,0.921,0.9077,0.9825,0.2203,1
P0012,Endodontics,0,1,Endodontics,1,0.921,0.9077,0.9487,0.2203,1
P0012,Endodontics,0,2,Healthy,0,0.921,0.9077,0.8832,0.2089,1
P0012,Endodontics,1,0,Endodontics,1,0.849,0.8134,0.9613,0.2459,1
P0012,Endodontics,1,1,Endodontics,1,0.849,0.8134,0.898,0.2459,1
P0012,Endodontics,1,2,Endodontics,1,0.849,0.8134,0.9566,0.2459,1
P0012,Endodontics,2,0,Endodontics,1,0.88,0.832,0.9932,0.2404,1
P0012,Endodontics,2,1,Endodontics,1,0.88,0.832,0.9576,0.2404,1
P0012,Endodontics,2,2,Endodontics,1,0.88,0.832,0.9723,0.2404,1
P0012,Healthy,1,0,Healthy,1,0.801,0.5351,0.8177,0.3738,1
P0012,Healthy,1,1,Healthy,1,0.801,0.5351,0.8425,0.2874,1
P0012,Healthy,1,2,Healthy,1,0.801,0.5351,0.5712,0.2384,1
P0152,Healthy,0,0,Healthy,1,0.707,0.6282,0.8387,0.3184,1
P0152,Healthy,0,1,Healthy,1,0.707,0.6282,0.8632,0.2932,1
P0152,Healthy,0,2,Endodontics,0,0.707,0.6282,0.6868,0.2634,1
P0152,Healthy,2,0,Healthy,1,0.614,0.5908,0.6692,0.287,1
P0152,Healthy,2,1,Healthy,1,0.614,0.5908,0.7928,0.3258,1
P0152,Healthy,2,2,Healthy,1,0.614,0.5908,0.7594,0.3175,1
P0153,Healthy,1,0,Healthy,1,0.541,0.6346,0.6591,0.2181,1
P0153,Healthy,1,1,Healthy,1,0.541,0.6346,0.6268,0.1221,0
P0153,Healthy,1,2,Healthy,1,0.541,0.6346,0.93,0.3142,1
P0153,Healthy,19,0,Healthy,1,0.701,0.5449,0.8137,0.3485,1
P0153,Healthy,19,1,Healthy,1,0.701,0.5449,0.733,0.2681,1
P0153,Healthy,19,2,Healthy,1,0.701,0.5449,0.8045,0.3635,1
P0154,Endodontics,0,0,Endodontics,1,0.57,0.58,0.8376,0.3448,1
P0154,Endodontics,0,1,Endodontics,1,0.57,0.58,0.7041,0.2717,1
P0154,Endodontics,0,2,Endodontics,1,0.57,0.58,0.7812,0.3448,1
P0154,Endodontics,1,0,Endodontics,1,0.736,0.6983,0.9003,0.2864,1
P0154,Endodontics,1,1,Endodontics,1,0.736,0.6983,0.8558,0.2811,1
P0154,Endodontics,1,2,Endodontics,1,0.736,0.6983,0.7909,0.2845,1
P0154,Endodontics,2,0,Endodontics,1,0.774,0.6281,0.9166,0.3184,1
P0154,Endodontics,2,1,Endodontics,1,0.774,0.6281,0.7062,0.2205,1
P0154,Endodontics,2,2,Endodontics,1,0.774,0.6281,0.6661,0.2471,1
P0154,Endodontics,3,0,Endodontics,1,0.796,0.7539,0.9114,0.2653,1
P0154,Endodontics,3,1,Endodontics,1,0.796,0.7539,0.9039,0.2653,1
P0154,Endodontics,3,2,Endodontics,1,0.796,0.7539,0.8504,0.2653,1
P0154,Endodontics,4,0,Endodontics,1,0.669,0.5054,0.6757,0.3542,1
P0154,Endodontics,4,1,Endodontics,1,0.669,0.5054,0.6817,0.391,1
P0154,Endodontics,4,2,Endodontics,1,0.669,0.5054,0.6483,0.3911,1
P0154,Endodontics,5,0,Endodontics,1,0.719,0.5842,0.8439,0.3188,1
P0154,Endodontics,5,1,Endodontics,1,0.719,0.5842,0.7984,0.3424,1
P0154,Endodontics,5,2,Endodontics,1,0.719,0.5842,0.745,0.3415,1
P0154,Healthy,2,0,Healthy,1,0.658,0.6149,0.9337,0.3252,1
P0154,Healthy,2,1,Healthy,1,0.658,0.6149,0.8141,0.3065,1
P0154,Healthy,2,2,Healthy,1,0.658,0.6149,0.763,0.3182,1
P0154,Endodontics,6,0,Endodontics,1,0.657,0.3368,0.6642,0.5399,1
P0154,Endodontics,6,1,Endodontics,1,0.657,0.3368,0.5462,0.4055,1
P0154,Endodontics,6,2,Endodontics,1,0.657,0.3368,0.4345,0.252,1
P0155,Healthy,3,0,Healthy,1,0.69,0.6192,0.6443,0.1439,0
P0155,Healthy,3,1,Healthy,1,0.69,0.6192,0.872,0.2977,1
P0155,Healthy,3,2,Healthy,1,0.69,0.6192,0.7755,0.2994,1
P0155,Healthy,14,0,Healthy,1,0.607,0.4158,0.6467,0.4596,1
P0155,Healthy,14,1,Healthy,1,0.607,0.4158,0.4129,0.1006,0
P0155,Healthy,14,2,Healthy,1,0.607,0.4158,0.524,0.1825,0
P0156,Endodontics,0,0,Endodontics,1,0.865,0.6648,0.8218,0.2961,1
P0156,Endodontics,0,1,Endodontics,1,0.865,0.6648,0.8661,0.3009,1
P0156,Endodontics,0,2,Endodontics,1,0.865,0.6648,0.826,0.286,1
P0156,Endodontics,1,0,Endodontics,1,0.517,0.4656,0.8362,0.4233,1
P0156,Endodontics,1,1,Endodontics,1,0.517,0.4656,0.8139,0.4296,1
P0156,Endodontics,1,2,Endodontics,1,0.517,0.4656,0.8089,0.4296,1
P0156,Healthy,5,0,Healthy,1,0.586,0.5176,0.676,0.3629,1
P0156,Healthy,5,1,Healthy,1,0.586,0.5176,0.5695,0.1863,1
P0156,Healthy,5,2,Healthy,1,0.586,0.5176,0.6132,0.2814,0
P0156,Healthy,10,0,Healthy,1,0.775,0.5606,0.8183,0.3568,1
P0156,Healthy,10,1,Healthy,1,0.775,0.5606,0.5136,0.1683,0
P0156,Healthy,10,2,Healthy,1,0.775,0.5606,0.7871,0.2958,1
P0157,Healthy,2,0,Healthy,1,0.779,0.7328,0.8765,0.2729,1
P0157,Healthy,2,1,Healthy,1,0.779,0.7328,0.7758,0.1977,1
P0157,Healthy,2,2,Healthy,1,0.779,0.7328,0.7447,0.247,1
P0157,Healthy,3,0,Healthy,1,0.694,0.7207,0.8204,0.2619,1
P0157,Healthy,3,1,Healthy,1,0.694,0.7207,0.8815,0.2773,1
P0157,Healthy,3,2,Healthy,1,0.694,0.7207,0.9102,0.2775,1
P0013,Healthy,0,0,Healthy,1,0.777,0.7255,0.8898,0.2757,1
P0013,Healthy,0,1,Healthy,1,0.777,0.7255,0.9575,0.2638,1
P0013,Healthy,0,2,Healthy,1,0.777,0.7255,0.9046,0.2705,1
P0013,Healthy,4,0,Healthy,1,0.725,0.4417,0.6104,0.3698,1
P0013,Healthy,4,1,Healthy,1,0.725,0.4417,0.2897,0.1343,0
P0013,Healthy,4,2,Endodontics,0,0.725,0.4417,0.4156,0.1444,0
P0159,Healthy,8,0,Healthy,1,0.624,0.5157,0.6981,0.3158,1
P0159,Healthy,8,1,Healthy,1,0.624,0.5157,0.8797,0.3406,1
P0159,Healthy,8,2,Healthy,1,0.624,0.5157,0.7595,0.3878,1
P0160,Endodontics,0,0,Endodontics,1,0.759,0.5771,0.821,0.3466,1
P0160,Endodontics,0,1,Endodontics,1,0.759,0.5771,0.7958,0.3466,1
P0160,Endodontics,0,2,Endodontics,1,0.759,0.5771,0.7889,0.3437,1
P0160,Endodontics,1,0,Endodontics,1,0.799,0.6749,0.886,0.2964,1
P0160,Endodontics,1,1,Endodontics,1,0.799,0.6749,0.8395,0.2964,1
P0160,Endodontics,1,2,Endodontics,1,0.799,0.6749,0.7569,0.2384,1
P0160,Healthy,0,0,Healthy,1,0.665,0.556,0.6516,0.3144,1
P0160,Healthy,0,1,Healthy,1,0.665,0.556,0.8795,0.3348,1
P0160,Healthy,0,2,Healthy,1,0.665,0.556,0.6641,0.2649,1
P0160,Endodontics,2,0,Endodontics,1,0.667,0.6952,0.8446,0.2877,1
P0160,Endodontics,2,1,Endodontics,1,0.667,0.6952,0.8997,0.2877,1
P0160,Endodontics,2,2,Endodontics,1,0.667,0.6952,0.7918,0.258,1
P0160,Endodontics,3,0,Endodontics,1,0.65,0.5953,0.8967,0.336,1
P0160,Endodontics,3,1,Endodontics,1,0.65,0.5953,0.869,0.336,1
P0160,Endodontics,3,2,Endodontics,1,0.65,0.5953,0.8943,0.336,1
P0160,Healthy,4,0,Healthy,1,0.728,0.7048,0.8451,0.2574,1
P0160,Healthy,4,1,Healthy,1,0.728,0.7048,0.8589,0.2759,1
P0160,Healthy,4,2,Healthy,1,0.728,0.7048,0.8638,0.2656,1
P0161,Endodontics,0,0,Endodontics,1,0.776,0.5905,0.8095,0.3387,1
P0161,Endodontics,0,1,Healthy,0,0.776,0.5905,0.8953,0.2623,1
P0161,Endodontics,0,2,Endodontics,1,0.776,0.5905,0.8335,0.3387,1
P0161,Endodontics,1,0,Endodontics,1,0.796,0.5601,0.8495,0.3571,1
P0161,Endodontics,1,1,Endodontics,1,0.796,0.5601,0.8758,0.3571,1
P0161,Endodontics,1,2,Endodontics,1,0.796,0.5601,0.7986,0.3571,1
P0161,Endodontics,2,0,Endodontics,1,0.722,0.5942,0.8937,0.3366,1
P0161,Endodontics,2,1,Endodontics,1,0.722,0.5942,0.9053,0.3366,1
P0161,Endodontics,2,2,Endodontics,1,0.722,0.5942,0.7959,0.3361,1
P0161,Endodontics,3,0,Endodontics,1,0.508,0.2934,0.5949,0.4796,1
P0161,Endodontics,3,1,Endodontics,1,0.508,0.2934,0.5103,0.5573,1
P0161,Endodontics,3,2,Endodontics,1,0.508,0.2934,0.4821,0.4185,1
P0161,Healthy,0,0,Healthy,1,0.67,0.6369,0.8799,0.314,1
P0161,Healthy,0,1,Healthy,1,0.67,0.6369,0.9091,0.2943,1
P0161,Healthy,0,2,Healthy,1,0.67,0.6369,0.8603,0.3096,1
P0161,Healthy,3,0,Healthy,1,0.725,0.7322,0.9331,0.2681,1
P0161,Healthy,3,1,Healthy,1,0.725,0.7322,0.8919,0.2722,1
P0161,Healthy,3,2,Healthy,1,0.725,0.7322,0.8553,0.2728,1
P0162,Healthy,7,0,Healthy,1,0.804,0.7223,0.8078,0.2486,1
P0162,Healthy,7,1,Healthy,1,0.804,0.7223,0.8266,0.2562,1
P0162,Healthy,7,2,Healthy,1,0.804,0.7223,0.8253,0.2743,1
P0162,Healthy,9,0,Healthy,1,0.686,0.5517,0.7705,0.3492,1
P0162,Healthy,9,1,Healthy,1,0.686,0.5517,0.6901,0.2608,1
P0162,Healthy,9,2,Healthy,1,0.686,0.5517,0.8963,0.3549,1
P0163,Healthy,14,0,Healthy,1,0.527,0.2519,0.4753,0.4016,1
P0163,Healthy,14,1,Healthy,1,0.527,0.2519,0.4152,0.2736,0
P0163,Healthy,14,2,Healthy,1,0.527,0.2519,0.4469,0.4029,1
P0014,Healthy,1,0,Healthy,1,0.815,0.5929,0.7582,0.3373,1
P0014,Healthy,1,1,Healthy,1,0.815,0.5929,0.5816,0.15,1
P0014,Healthy,1,2,Healthy,1,0.815,0.5929,0.7991,0.3263,1
P0164,Endodontics,0,0,Endodontics,1,0.853,0.7639,0.9512,0.2618,1
P0164,Endodontics,0,1,Endodontics,1,0.853,0.7639,0.9035,0.2573,1
P0164,Endodontics,0,2,Endodontics,1,0.853,0.7639,0.8513,0.2355,1
P0164,Endodontics,1,0,Endodontics,1,0.691,0.6336,0.8921,0.3157,1
P0164,Endodontics,1,1,Endodontics,1,0.691,0.6336,0.9157,0.3157,1
P0164,Endodontics,1,2,Endodontics,1,0.691,0.6336,0.8009,0.3157,1
P0164,Endodontics,2,0,Endodontics,1,0.738,0.5606,0.8146,0.3568,1
P0164,Endodontics,2,1,Endodontics,1,0.738,0.5606,0.8703,0.3538,1
P0164,Endodontics,2,2,Endodontics,1,0.738,0.5606,0.8444,0.3568,1
P0164,Endodontics,3,0,Endodontics,1,0.578,0.5326,0.8768,0.3755,1
P0164,Endodontics,3,1,Endodontics,1,0.578,0.5326,0.7923,0.3755,1
P0164,Endodontics,3,2,Endodontics,1,0.578,0.5326,0.902,0.3755,1
P0164,Endodontics,4,0,Endodontics,1,0.669,0.5566,0.727,0.3561,1
P0164,Endodontics,4,1,Endodontics,1,0.669,0.5566,0.6693,0.2486,1
P0164,Endodontics,4,2,Endodontics,1,0.669,0.5566,0.7048,0.3175,1
P0164,Endodontics,5,0,Endodontics,1,0.591,0.3466,0.5316,0.2527,0
P0164,Endodontics,5,1,Endodontics,1,0.591,0.3466,0.5004,0.3054,1
P0164,Endodontics,5,2,Endodontics,1,0.591,0.3466,0.3452,0.1743,0
P0164,Healthy,0,0,Healthy,1,0.773,0.6484,0.86,0.3041,1
P0164,Healthy,0,1,Healthy,1,0.773,0.6484,0.937,0.2991,1
P0164,Healthy,0,2,Healthy,1,0.773,0.6484,0.8623,0.3083,1
P0164,Healthy,1,0,Healthy,1,0.763,0.5586,0.7418,0.2969,1
P0164,Healthy,1,1,Healthy,1,0.763,0.5586,0.7175,0.3072,1
P0164,Healthy,1,2,Healthy,1,0.763,0.5586,0.6545,0.176,0
P0164,Endodontics,6,0,Endodontics,1,0.547,0.2795,0.589,0.4245,1
P0164,Endodontics,6,1,Endodontics,1,0.547,0.2795,0.5326,0.5145,1
P0164,Endodontics,6,2,Endodontics,1,0.547,0.2795,0.537,0.5852,1
P0165,Healthy,0,0,Healthy,1,0.696,0.4558,0.5873,0.3847,1
P0165,Healthy,0,1,Healthy,1,0.696,0.4558,0.7251,0.3595,1
P0165,Healthy,0,2,Healthy,1,0.696,0.4558,0.6521,0.3477,1
P0165,Healthy,1,0,Healthy,1,0.639,0.3933,0.5864,0.4437,1
P0165,Healthy,1,1,Healthy,1,0.639,0.3933,0.5363,0.2615,1
P0165,Healthy,1,2,Healthy,1,0.639,0.3933,0.4434,0.1477,0
P0166,Endodontics,1,0,Endodontics,1,0.748,0.6276,0.924,0.3187,1
P0166,Endodontics,1,1,Endodontics,1,0.748,0.6276,0.805,0.3042,1
P0166,Endodontics,1,2,Endodontics,1,0.748,0.6276,0.8671,0.3187,1
P0166,Healthy,4,0,Healthy,1,0.765,0.4446,0.5938,0.3733,1
P0166,Healthy,4,1,Healthy,1,0.765,0.4446,0.5876,0.2408,1
P0166,Healthy,4,2,Healthy,1,0.765,0.4446,0.6589,0.3224,1
P0166,Healthy,8,0,Healthy,1,0.768,0.5687,0.7912,0.3517,1
P0166,Healthy,8,1,Healthy,1,0.768,0.5687,0.765,0.3375,1
P0166,Healthy,8,2,Healthy,1,0.768,0.5687,0.7819,0.3232,1
P0168,Healthy,0,0,Healthy,1,0.618,0.5841,0.7364,0.3271,1
P0168,Healthy,0,1,Healthy,1,0.618,0.5841,0.8011,0.3412,1
P0168,Healthy,0,2,Healthy,1,0.618,0.5841,0.8226,0.3254,1
P0168,Endodontics,0,0,Endodontics,1,0.553,0.3178,0.6927,0.5829,1
P0168,Endodontics,0,1,Endodontics,1,0.553,0.3178,0.5391,0.5124,1
P0168,Endodontics,0,2,Endodontics,1,0.553,0.3178,0.6282,0.5414,1
P0168,Endodontics,1,0,Endodontics,1,0.559,0.2905,0.6246,0.576,1
P0168,Endodontics,1,1,Endodontics,1,0.559,0.2905,0.5054,0.5076,1
P0168,Endodontics,1,2,Endodontics,1,0.559,0.2905,0.3853,0.3489,1
P0168,Endodontics,2,0,Endodontics,1,0.568,0.5255,0.8353,0.3806,1
P0168,Endodontics,2,1,Endodontics,1,0.568,0.5255,0.8034,0.3806,1
P0168,Endodontics,2,2,Endodontics,1,0.568,0.5255,0.7491,0.3089,1
P0168,Endodontics,3,0,Endodontics,1,0.71,0.5688,0.8463,0.3516,1
P0168,Endodontics,3,1,Endodontics,1,0.71,0.5688,0.7241,0.3356,1
P0168,Endodontics,3,2,Endodontics,1,0.71,0.5688,0.7135,0.3409,1
P0168,Endodontics,4,0,Endodontics,1,0.661,0.5264,0.9062,0.38,1
P0168,Endodontics,4,1,Endodontics,1,0.661,0.5264,0.8647,0.38,1
P0168,Endodontics,4,2,Endodontics,1,0.661,0.5264,0.8227,0.38,1
P0168,Endodontics,5,0,Endodontics,1,0.735,0.572,0.9064,0.3497,1
P0168,Endodontics,5,1,Endodontics,1,0.735,0.572,0.8347,0.3497,1
P0168,Endodontics,5,2,Endodontics,1,0.735,0.572,0.8302,0.3497,1
P0169,Endodontics,0,0,Endodontics,1,0.788,0.592,0.8696,0.3379,1
P0169,Endodontics,0,1,Endodontics,1,0.788,0.592,0.7889,0.3379,1
P0169,Endodontics,0,2,Endodontics,1,0.788,0.592,0.7835,0.3377,1
P0169,Healthy,10,0,Healthy,1,0.631,0.6092,0.8116,0.3283,1
P0169,Healthy,10,1,Healthy,1,0.631,0.6092,0.8141,0.2907,1
P0169,Healthy,10,2,Healthy,1,0.631,0.6092,0.7931,0.3111,1
P0172,Healthy,11,0,Healthy,1,0.786,0.641,0.7615,0.2596,1
P0172,Healthy,11,1,Healthy,1,0.786,0.641,0.6611,0.1827,1
P0172,Healthy,11,2,Healthy,1,0.786,0.641,0.4972,0.1303,1
P0172,Healthy,21,0,Healthy,1,0.638,0.2894,0.4546,0.4305,1
P0172,Healthy,21,1,Healthy,1,0.638,0.2894,0.3714,0.1813,0
P0172,Healthy,21,2,Healthy,1,0.638,0.2894,0.4755,0.4619,1
P0173,Healthy,0,0,Healthy,1,0.556,0.2663,0.5065,0.4626,1
P0173,Healthy,0,1,Healthy,1,0.556,0.2663,0.754,0.6161,1
P0173,Healthy,0,2,Healthy,1,0.556,0.2663,0.3857,0.3145,0
P0015,Healthy,0,0,Healthy,1,0.959,0.7041,0.9158,0.2818,1
P0015,Healthy,0,1,Healthy,1,0.959,0.7041,0.8518,0.2744,1
P0015,Healthy,0,2,Healthy,1,0.959,0.7041,0.8851,0.2841,1
P0175,Endodontics,0,0,Endodontics,1,0.74,0.6598,0.9074,0.3031,1
P0175,Endodontics,0,1,Endodontics,1,0.74,0.6598,0.9018,0.3031,1
P0175,Endodontics,0,2,Endodontics,1,0.74,0.6598,0.8397,0.3031,1
P0175,Healthy,8,0,Healthy,1,0.774,0.5641,0.7357,0.2961,1
P0175,Healthy,8,1,Healthy,1,0.774,0.5641,0.7048,0.2373,1
P0175,Healthy,8,2,Healthy,1,0.774,0.5641,0.6819,0.2061,0
P0176,Healthy,0,0,Healthy,1,0.729,0.5796,0.6675,0.2158,1
P0176,Healthy,0,1,Impacted,0,0.729,0.5796,0.7699,0.3451,1
P0176,Healthy,0,2,Healthy,1,0.729,0.5796,0.8996,0.3165,1
P0176,Endodontics,0,0,Endodontics,1,0.781,0.6103,0.822,0.3013,1
P0176,Endodontics,0,1,Endodontics,1,0.781,0.6103,0.7547,0.3277,1
P0176,Endodontics,0,2,Endodontics,1,0.781,0.6103,0.798,0.3158,1
P0176,Endodontics,1,0,Endodontics,1,0.781,0.5848,0.7407,0.2888,1
P0176,Endodontics,1,1,Endodontics,1,0.781,0.5848,0.7074,0.2755,1
P0176,Endodontics,1,2,Endodontics,1,0.781,0.5848,0.6479,0.1956,0
P0176,Endodontics,2,0,Endodontics,1,0.817,0.6089,0.7676,0.3073,1
P0176,Endodontics,2,1,Endodontics,1,0.817,0.6089,0.7871,0.3285,1
P0176,Endodontics,2,2,Endodontics,1,0.817,0.6089,0.7753,0.2936,1
P0176,Endodontics,3,0,Endodontics,1,0.549,0.5475,0.7932,0.3653,1
P0176,Endodontics,3,1,Endodontics,1,0.549,0.5475,0.7302,0.3653,1
P0176,Endodontics,3,2,Endodontics,1,0.549,0.5475,0.7699,0.3653,1
P0176,Endodontics,4,0,Endodontics,1,0.517,0.408,0.5574,0.263,1
P0176,Endodontics,4,1,Endodontics,1,0.517,0.408,0.5695,0.2713,1
P0176,Endodontics,4,2,Endodontics,1,0.517,0.408,0.5742,0.2702,1
P0176,Endodontics,5,0,Endodontics,1,0.583,0.5901,0.7224,0.26,1
P0176,Endodontics,5,1,Endodontics,1,0.583,0.5901,0.739,0.2782,1
P0176,Endodontics,5,2,Endodontics,1,0.583,0.5901,0.618,0.1772,0
P0176,Endodontics,6,0,Endodontics,1,0.536,0.3008,0.4915,0.5173,1
P0176,Endodontics,6,1,Endodontics,1,0.536,0.3008,0.4502,0.3122,1
P0176,Endodontics,6,2,Endodontics,1,0.536,0.3008,0.4089,0.4281,1
P0178,Endodontics,0,0,Endodontics,1,0.679,0.6266,0.9375,0.3192,1
P0178,Endodontics,0,1,Endodontics,1,0.679,0.6266,0.9147,0.3192,1
P0178,Endodontics,0,2,Endodontics,1,0.679,0.6266,0.9049,0.3113,1
P0178,Healthy,9,0,Healthy,1,0.936,0.6734,0.8195,0.2969,1
P0178,Healthy,9,1,Healthy,1,0.936,0.6734,0.6892,0.1955,0
P0178,Healthy,9,2,Healthy,1,0.936,0.6734,0.8923,0.295,1
P0178,Endodontics,1,0,Endodontics,1,0.536,0.2633,0.5018,0.4357,1
P0178,Endodontics,1,1,Endodontics,1,0.536,0.2633,0.4948,0.5464,1
P0178,Endodontics,1,2,Endodontics,1,0.536,0.2633,0.5155,0.5212,1
P0179,Healthy,3,0,Healthy,1,0.761,0.4496,0.5888,0.3895,1
P0179,Healthy,3,1,Healthy,1,0.761,0.4496,0.8139,0.4164,1
P0179,Healthy,3,2,Healthy,1,0.761,0.4496,0.7097,0.4392,1
P0179,Healthy,7,0,Healthy,1,0.763,0.611,0.7619,0.3096,1
P0179,Healthy,7,1,Healthy,1,0.763,0.611,0.6855,0.2369,1
P0179,Healthy,7,2,Healthy,1,0.763,0.611,0.8034,0.3049,1
P0180,Healthy,7,0,Healthy,1,0.659,0.6084,0.859,0.2938,1
P0180,Healthy,7,1,Healthy,1,0.659,0.6084,0.8136,0.264,1
P0180,Healthy,7,2,Healthy,1,0.659,0.6084,0.7486,0.3056,1
P0180,Healthy,12,0,Healthy,1,0.769,0.6898,0.7255,0.179,1
P0180,Healthy,12,1,Healthy,1,0.769,0.6898,0.9701,0.2899,1
P0180,Healthy,12,2,Healthy,1,0.769,0.6898,0.8606,0.2772,1
P0181,Impacted,0,0,Impacted,1,0.694,0.5765,0.5259,0.1685,0
P0181,Impacted,0,1,Impacted,1,0.694,0.5765,0.6961,0.3106,1
P0181,Impacted,0,2,Impacted,1,0.694,0.5765,0.6603,0.3209,1
P0181,Healthy,6,0,Healthy,1,0.826,0.6644,0.7713,0.301,1
P0181,Healthy,6,1,Healthy,1,0.826,0.6644,0.7743,0.2476,1
P0181,Healthy,6,2,Healthy,1,0.826,0.6644,0.7425,0.2807,1
P0181,Healthy,8,0,Healthy,1,0.745,0.6365,0.8729,0.3142,1
P0181,Healthy,8,1,Healthy,1,0.745,0.6365,0.856,0.2741,1
P0181,Healthy,8,2,Healthy,1,0.745,0.6365,0.6355,0.1872,1
P0181,Impacted,1,0,Impacted,1,0.551,0.5068,0.6435,0.3863,1
P0181,Impacted,1,1,Impacted,1,0.551,0.5068,0.6088,0.2976,1
P0181,Impacted,1,2,Impacted,1,0.551,0.5068,0.5719,0.2163,1
P0182,Healthy,11,0,Healthy,1,0.797,0.6412,0.8122,0.3098,1
P0182,Healthy,11,1,Healthy,1,0.797,0.6412,0.7268,0.21,1
P0182,Healthy,11,2,Healthy,1,0.797,0.6412,0.7021,0.2364,1
P0184,Endodontics,1,0,Endodontics,1,0.82,0.6338,0.8063,0.3129,1
P0184,Endodontics,1,1,Endodontics,1,0.82,0.6338,0.8365,0.2968,1
P0184,Endodontics,1,2,Endodontics,1,0.82,0.6338,0.5973,0.1994,1
P0184,Endodontics,2,0,Endodontics,1,0.792,0.5849,0.7433,0.342,1
P0184,Endodontics,2,1,Endodontics,1,0.792,0.5849,0.8184,0.342,1
P0184,Endodontics,2,2,Endodontics,1,0.792,0.5849,0.7998,0.2795,1
P0184,Healthy,1,0,Healthy,1,0.652,0.4638,0.6731,0.3687,1
P0184,Healthy,1,1,Healthy,1,0.652,0.4638,0.6718,0.3274,1
P0184,Healthy,1,2,Healthy,1,0.652,0.4638,0.7371,0.3378,1
P0188,Impacted,0,0,Impacted,1,0.754,0.5253,0.6882,0.2711,1
P0188,Impacted,0,1,Impacted,1,0.754,0.5253,0.7197,0.3062,1
P0188,Impacted,0,2,Impacted,1,0.754,0.5253,0.7714,0.3672,1
P0188,Endodontics,0,0,Endodontics,1,0.745,0.3883,0.6838,0.4581,1
P0188,Endodontics,0,1,Endodontics,1,0.745,0.3883,0.5506,0.3824,1
P0188,Endodontics,0,2,Endodontics,1,0.745,0.3883,0.5776,0.4537,1
P0189,Endodontics,0,0,Endodontics,1,0.862,0.6729,0.9211,0.2972,1
P0189,Endodontics,0,1,Endodontics,1,0.862,0.6729,0.8986,0.2786,1
P0189,Endodontics,0,2,Endodontics,1,0.862,0.6729,0.9064,0.2972,1
P0189,Endodontics,1,0,Endodontics,1,0.813,0.7194,0.9368,0.278,1
P0189,Endodontics,1,1,Endodontics,1,0.813,0.7194,0.9606,0.278,1
P0189,Endodontics,1,2,Endodontics,1,0.813,0.7194,0.9425,0.278,1
P0189,Healthy,2,0,Healthy,1,0.761,0.643,0.7626,0.2643,0
P0189,Healthy,2,1,Healthy,1,0.761,0.643,0.8532,0.3014,1
P0189,Healthy,2,2,Healthy,1,0.761,0.643,0.8651,0.306,1
P0189,Endodontics,2,0,Endodontics,1,0.725,0.5565,0.8811,0.3492,1
P0189,Endodontics,2,1,Endodontics,1,0.725,0.5565,0.8735,0.3594,1
P0189,Endodontics,2,2,Endodontics,1,0.725,0.5565,0.8785,0.3545,1
P0189,Endodontics,3,0,Endodontics,1,0.589,0.3559,0.6715,0.3986,1
P0189,Endodontics,3,1,Endodontics,1,0.589,0.3559,0.4695,0.2497,0
P0189,Endodontics,3,2,Endodontics,1,0.589,0.3559,0.5676,0.4672,1
P0189,Healthy,13,0,Healthy,1,0.601,0.5784,0.7904,0.311,1
P0189,Healthy,13,1,Healthy,1,0.601,0.5784,0.7805,0.3249,1
P0189,Healthy,13,2,Healthy,1,0.601,0.5784,0.7402,0.3456,1
P0191,Impacted,0,0,Impacted,1,0.688,0.535,0.7507,0.3738,1
P0191,Impacted,0,1,Impacted,1,0.688,0.535,0.6202,0.1822,1
P0191,Impacted,0,2,Impacted,1,0.688,0.535,0.7207,0.3738,1
P0191,Impacted,1,0,Impacted,1,0.536,0.4472,0.6144,0.3802,1
P0191,Impacted,1,1,Impacted,1,0.536,0.4472,0.5368,0.2272,0
P0191,Impacted,1,2,Impacted,1,0.536,0.4472,0.6352,0.4408,1
P0191,Healthy,18,0,Healthy,1,0.727,0.5262,0.6689,0.2732,1
P0191,Healthy,18,1,Healthy,1,0.727,0.5262,0.6409,0.2463,1
P0191,Healthy,18,2,Healthy,1,0.727,0.5262,0.7216,0.2641,1
P0192,Healthy,9,0,Healthy,1,0.535,0.2797,0.4477,0.4625,1
P0192,Healthy,9,1,Healthy,1,0.535,0.2797,0.4431,0.271,1
P0192,Healthy,9,2,Healthy,1,0.535,0.2797,0.571,0.4649,1
P0193,Endodontics,0,0,Endodontics,1,0.799,0.7528,0.8582,0.2655,1
P0193,Endodontics,0,1,Endodontics,1,0.799,0.7528,0.9007,0.2657,1
P0193,Endodontics,0,2,Endodontics,1,0.799,0.7528,0.7521,0.1604,0
P0193,Endodontics,1,0,Endodontics,1,0.728,0.6258,0.9139,0.3196,1
P0193,Endodontics,1,1,Endodontics,1,0.728,0.6258,0.8871,0.3196,1
P0193,Endodontics,1,2,Endodontics,1,0.728,0.6258,0.9574,0.3196,1
P0193,Endodontics,2,0,Healthy,0,0.722,0.7741,0.8862,0.2548,1
P0193,Endodontics,2,1,Healthy,0,0.722,0.7741,0.836,0.2143,1
P0193,Endodontics,2,2,Healthy,0,0.722,0.7741,0.8841,0.2508,1
P0193,Endodontics,3,0,Endodontics,1,0.733,0.6107,0.903,0.3275,1
P0193,Endodontics,3,1,Endodontics,1,0.733,0.6107,0.8601,0.3275,1
P0193,Endodontics,3,2,Endodontics,1,0.733,0.6107,0.8339,0.3275,1
P0193,Endodontics,4,0,Endodontics,1,0.712,0.6878,0.9037,0.2908,1
P0193,Endodontics,4,1,Endodontics,1,0.712,0.6878,0.8623,0.2908,1
P0193,Endodontics,4,2,Endodontics,1,0.712,0.6878,0.8788,0.2908,1
P0193,Endodontics,5,0,Endodontics,1,0.752,0.5424,0.7968,0.3682,1
P0193,Endodontics,5,1,Endodontics,1,0.752,0.5424,0.7748,0.3686,1
P0193,Endodontics,5,2,Endodontics,1,0.752,0.5424,0.7098,0.3355,1
P0193,Endodontics,6,0,Endodontics,1,0.699,0.6998,0.887,0.2857,1
P0193,Endodontics,6,1,Endodontics,1,0.699,0.6998,0.8546,0.2831,1
P0193,Endodontics,6,2,Endodontics,1,0.699,0.6998,0.8896,0.2858,1
P0193,Healthy,2,0,Healthy,1,0.8,0.8113,0.9129,0.2465,1
P0193,Healthy,2,1,Healthy,1,0.8,0.8113,0.8279,0.2435,1
P0193,Healthy,2,2,Healthy,1,0.8,0.8113,0.9523,0.2465,1
P0193,Endodontics,8,0,Endodontics,1,0.656,0.4055,0.6713,0.3679,1
P0193,Endodontics,8,1,Endodontics,1,0.656,0.4055,0.4616,0.1635,0
P0193,Endodontics,8,2,Endodontics,1,0.656,0.4055,0.5235,0.3746,1
P0193,Endodontics,9,0,Endodontics,1,0.552,0.33,0.5918,0.3991,1
P0193,Endodontics,9,1,Endodontics,1,0.552,0.33,0.504,0.347,1
P0193,Endodontics,9,2,Healthy,0,0.552,0.33,0.3484,0.158,0
P0018,Healthy,0,0,Healthy,1,0.719,0.4702,0.6425,0.3624,1
P0018,Healthy,0,1,Healthy,1,0.719,0.4702,0.7523,0.4019,1
P0018,Healthy,0,2,Healthy,1,0.719,0.4702,0.4951,0.2475,0
P0194,Endodontics,0,0,Endodontics,1,0.669,0.5393,0.8337,0.3709,1
P0194,Endodontics,0,1,Endodontics,1,0.669,0.5393,0.8182,0.3701,1
P0194,Endodontics,0,2,Endodontics,1,0.669,0.5393,0.7249,0.3709,1
P0194,Endodontics,1,0,Endodontics,1,0.651,0.6228,0.9052,0.3211,1
P0194,Endodontics,1,1,Endodontics,1,0.651,0.6228,0.8739,0.3211,1
P0194,Endodontics,1,2,Endodontics,1,0.651,0.6228,0.874,0.3211,1
P0194,Endodontics,2,0,Endodontics,1,0.778,0.6414,0.9016,0.3118,1
P0194,Endodontics,2,1,Endodontics,1,0.778,0.6414,0.9014,0.3116,1
P0194,Endodontics,2,2,Endodontics,1,0.778,0.6414,0.8875,0.3118,1
P0194,Healthy,5,0,Healthy,1,0.585,0.3549,0.535,0.3966,1
P0194,Healthy,5,1,Healthy,1,0.585,0.3549,0.4979,0.3043,1
P0194,Healthy,5,2,Healthy,1,0.585,0.3549,0.4974,0.2844,1
P0195,Healthy,9,0,Healthy,1,0.652,0.6118,0.7437,0.2896,1
P0195,Healthy,9,1,Healthy,1,0.652,0.6118,0.7724,0.3187,1
P0195,Healthy,9,2,Healthy,1,0.652,0.6118,0.7456,0.3104,1
P0195,Healthy,10,0,Healthy,1,0.778,0.6505,0.7653,0.2742,1
P0195,Healthy,10,1,Healthy,1,0.778,0.6505,0.7901,0.307,1
P0195,Healthy,10,2,Healthy,1,0.778,0.6505,0.8004,0.3075,1
P0195,Endodontics,0,0,Endodontics,1,0.743,0.5388,0.7758,0.3506,1
P0195,Endodontics,0,1,Endodontics,1,0.743,0.5388,0.8635,0.3505,1
P0195,Endodontics,0,2,Endodontics,1,0.743,0.5388,0.7889,0.3712,1
P0197,Healthy,5,0,Healthy,1,0.771,0.6038,0.8418,0.3313,1
P0197,Healthy,5,1,Healthy,1,0.771,0.6038,0.7666,0.2235,1
P0197,Healthy,5,2,Healthy,1,0.771,0.6038,0.7177,0.2388,1
P0197,Healthy,13,0,Healthy,1,0.726,0.625,0.7653,0.2768,1
P0197,Healthy,13,1,Healthy,1,0.726,0.625,0.9243,0.3149,1
P0197,Healthy,13,2,Healthy,1,0.726,0.625,0.8475,0.32,1
P0019,Endodontics,0,0,Endodontics,1,0.68,0.8555,0.9809,0.2338,1
P0019,Endodontics,0,1,Endodontics,1,0.68,0.8555,0.8975,0.2338,1
P0019,Endodontics,0,2,Endodontics,1,0.68,0.8555,0.9796,0.2338,1
P0019,Healthy,1,0,Healthy,1,0.873,0.682,0.9127,0.2931,1
P0019,Healthy,1,1,Healthy,1,0.873,0.682,0.8414,0.2933,1
P0019,Healthy,1,2,Healthy,1,0.873,0.682,0.6802,0.1714,0
P0019,Healthy,4,0,Healthy,1,0.749,0.8835,0.9742,0.2265,1
P0019,Healthy,4,1,Healthy,1,0.749,0.8835,0.8744,0.1856,0
P0019,Healthy,4,2,Healthy,1,0.749,0.8835,0.9737,0.2264,1
P0198,Endodontics,0,0,Endodontics,1,0.706,0.7458,0.9316,0.2682,1
P0198,Endodontics,0,1,Endodontics,1,0.706,0.7458,0.8761,0.2635,1
P0198,Endodontics,0,2,Endodontics,1,0.706,0.7458,0.7749,0.199,1
P0198,Endodontics,1,0,Endodontics,1,0.787,0.6844,0.9021,0.2922,1
P0198,Endodontics,1,1,Endodontics,1,0.787,0.6844,0.858,0.2922,1
P0198,Endodontics,1,2,Endodontics,1,0.787,0.6844,0.8218,0.2922,1
P0198,Endodontics,2,0,Endodontics,1,0.822,0.6992,0.9128,0.2861,1
P0198,Endodontics,2,1,Endodontics,1,0.822,0.6992,0.8492,0.286,1
P0198,Endodontics,2,2,Endodontics,1,0.822,0.6992,0.9003,0.2861,1
P0198,Healthy,0,0,Healthy,1,0.85,0.5483,0.8676,0.3647,1
P0198,Healthy,0,1,Healthy,1,0.85,0.5483,0.8388,0.355,1
P0198,Healthy,0,2,Healthy,1,0.85,0.5483,0.7069,0.3186,1
P0200,Healthy,5,0,Healthy,1,0.556,0.5349,0.7099,0.3133,1
P0200,Healthy,5,1,Healthy,1,0.556,0.5349,0.7841,0.3112,1
P0200,Healthy,5,2,Healthy,1,0.556,0.5349,0.5531,0.1975,1
P0201,Endodontics,0,0,Endodontics,1,0.802,0.7697,0.96,0.2599,1
P0201,Endodontics,0,1,Endodontics,1,0.802,0.7697,0.8621,0.2479,1
P0201,Endodontics,0,2,Endodontics,1,0.802,0.7697,0.9434,0.2599,1
P0201,Healthy,5,0,Healthy,1,0.657,0.4941,0.6476,0.3184,0
P0201,Healthy,5,1,Healthy,1,0.657,0.4941,0.581,0.2334,1
P0201,Healthy,5,2,Healthy,1,0.657,0.4941,0.5759,0.2115,0
P0203,Healthy,8,0,Healthy,1,0.732,0.6932,0.8727,0.2751,1
P0203,Healthy,8,1,Healthy,1,0.732,0.6932,0.8644,0.2876,1
P0203,Healthy,8,2,Healthy,1,0.732,0.6932,0.9092,0.2885,1
P0203,Healthy,13,0,Healthy,1,0.751,0.647,0.8832,0.3091,1
P0203,Healthy,13,1,Healthy,1,0.751,0.647,0.8194,0.2317,1
P0203,Healthy,13,2,Healthy,1,0.751,0.647,0.8994,0.2669,1
P0204,Healthy,3,0,Healthy,1,0.645,0.7379,0.8559,0.271,1
P0204,Healthy,3,1,Healthy,1,0.645,0.7379,0.9231,0.2705,1
P0204,Healthy,3,2,Healthy,1,0.645,0.7379,0.9309,0.271,1
P0204,Healthy,13,0,Healthy,1,0.785,0.701,0.9222,0.2853,1
P0204,Healthy,13,1,Healthy,1,0.785,0.701,0.9028,0.2566,1
P0204,Healthy,13,2,Healthy,1,0.785,0.701,0.9245,0.2853,1
P0205,Endodontics,0,0,Endodontics,1,0.581,0.5661,0.8575,0.3533,1
P0205,Endodontics,0,1,Endodontics,1,0.581,0.5661,0.7171,0.3132,1
P0205,Endodontics,0,2,Endodontics,1,0.581,0.5661,0.6864,0.3183,1
P0205,Endodontics,1,0,Endodontics,1,0.53,0.427,0.6785,0.3433,1
P0205,Endodontics,1,1,Endodontics,1,0.53,0.427,0.6705,0.4143,1
P0205,Endodontics,1,2,Endodontics,1,0.53,0.427,0.6163,0.4241,1
P0205,Healthy,1,0,Healthy,1,0.762,0.6499,0.7367,0.2758,1
P0205,Healthy,1,1,Healthy,1,0.762,0.6499,0.7654,0.3002,1
P0205,Healthy,1,2,Healthy,1,0.762,0.6499,0.6318,0.1946,0
P0205,Healthy,4,0,Healthy,1,0.795,0.7705,0.906,0.2596,1
P0205,Healthy,4,1,Healthy,1,0.795,0.7705,0.877,0.2546,1
P0205,Healthy,4,2,Healthy,1,0.795,0.7705,0.8422,0.2391,1
P0205,Endodontics,2,0,Endodontics,1,0.753,0.7129,0.9248,0.2707,1
P0205,Endodontics,2,1,Endodontics,1,0.753,0.7129,0.8331,0.266,1
P0205,Endodontics,2,2,Endodontics,1,0.753,0.7129,0.9324,0.2806,1
P0206,Endodontics,0,0,Endodontics,1,0.702,0.6689,0.9463,0.299,1
P0206,Endodontics,0,1,Endodontics,1,0.702,0.6689,0.8849,0.299,1
P0206,Endodontics,0,2,Endodontics,1,0.702,0.6689,0.8748,0.299,1
P0206,Endodontics,1,0,Endodontics,1,0.559,0.5675,0.8511,0.3488,1
P0206,Endodontics,1,1,Endodontics,1,0.559,0.5675,0.8715,0.3525,1
P0206,Endodontics,1,2,Endodontics,1,0.559,0.5675,0.8385,0.3469,1
P0206,Healthy,3,0,Healthy,1,0.617,0.4258,0.6551,0.3394,1
P0206,Healthy,3,1,Healthy,1,0.617,0.4258,0.9291,0.4278,1
P0206,Healthy,3,2,Healthy,1,0.617,0.4258,0.7965,0.4275,1
P0206,Healthy,6,0,Healthy,1,0.748,0.6404,0.859,0.3123,1
P0206,Healthy,6,1,Healthy,1,0.748,0.6404,0.7831,0.2897,1
P0206,Healthy,6,2,Healthy,1,0.748,0.6404,0.8547,0.2943,1
P0208,Endodontics,0,0,Endodontics,1,0.801,0.7113,0.8749,0.2788,1
P0208,Endodontics,0,1,Endodontics,1,0.801,0.7113,0.8864,0.2812,1
P0208,Endodontics,0,2,Endodontics,1,0.801,0.7113,0.8981,0.2812,1
P0208,Endodontics,1,0,Endodontics,1,0.702,0.5996,0.8232,0.3336,1
P0208,Endodontics,1,1,Endodontics,1,0.702,0.5996,0.8133,0.333,1
P0208,Endodontics,1,2,Endodontics,1,0.702,0.5996,0.8141,0.3336,1
P0208,Endodontics,2,0,Endodontics,1,0.705,0.625,0.8811,0.32,1
P0208,Endodontics,2,1,Endodontics,1,0.705,0.625,0.7919,0.32,1
P0208,Endodontics,2,2,Endodontics,1,0.705,0.625,0.6945,0.2699,1
P0208,Healthy,3,0,Healthy,1,0.658,0.5384,0.8129,0.3713,1
P0208,Healthy,3,1,Healthy,1,0.658,0.5384,0.735,0.2659,1
P0208,Healthy,3,2,Healthy,1,0.658,0.5384,0.8204,0.3377,1
P0209,Endodontics,0,0,Endodontics,1,0.696,0.5805,0.9233,0.3445,1
P0209,Endodontics,0,1,Endodontics,1,0.696,0.5805,0.6966,0.3001,1
P0209,Endodontics,0,2,Endodontics,1,0.696,0.5805,0.706,0.2849,1
P0209,Endodontics,1,0,Endodontics,1,0.641,0.6068,0.9497,0.3296,1
P0209,Endodontics,1,1,Endodontics,1,0.641,0.6068,0.9397,0.3296,1
P0209,Endodontics,1,2,Endodontics,1,0.641,0.6068,0.8866,0.3296,1
P0209,Endodontics,2,0,Endodontics,1,0.797,0.5779,0.8292,0.3461,1
P0209,Endodontics,2,1,Endodontics,1,0.797,0.5779,0.7177,0.2936,1
P0209,Endodontics,2,2,Endodontics,1,0.797,0.5779,0.7163,0.3409,1
P0211,Endodontics,0,0,Endodontics,1,0.763,0.6858,0.8739,0.2917,1
P0211,Endodontics,0,1,Endodontics,1,0.763,0.6858,0.7488,0.1711,0
P0211,Endodontics,0,2,Endodontics,1,0.763,0.6858,0.8255,0.2917,1
P0211,Healthy,1,0,Healthy,1,0.784,0.7487,0.9076,0.2672,1
P0211,Healthy,1,1,Healthy,1,0.784,0.7487,0.8784,0.256,1
P0211,Healthy,1,2,Healthy,1,0.784,0.7487,0.902,0.2672,1
P0211,Healthy,6,0,Healthy,1,0.843,0.6164,0.7801,0.2947,1
P0211,Healthy,6,1,Healthy,1,0.843,0.6164,0.7755,0.2462,1
P0211,Healthy,6,2,Healthy,1,0.843,0.6164,0.8838,0.3245,1
P0212,Endodontics,0,0,Endodontics,1,0.661,0.6114,0.8294,0.3231,1
P0212,Endodontics,0,1,Endodontics,1,0.661,0.6114,0.8076,0.3011,1
P0212,Endodontics,0,2,Endodontics,1,0.661,0.6114,0.7556,0.299,1
P0212,Endodontics,1,0,Endodontics,1,0.601,0.4961,0.8036,0.4032,1
P0212,Endodontics,1,1,Endodontics,1,0.601,0.4961,0.8073,0.4013,1
P0212,Endodontics,1,2,Endodontics,1,0.601,0.4961,0.6554,0.3811,1
P0212,Endodontics,2,0,Endodontics,1,0.664,0.5548,0.8731,0.3605,1
P0212,Endodontics,2,1,Endodontics,1,0.664,0.5548,0.8499,0.3605,1
P0212,Endodontics,2,2,Endodontics,1,0.664,0.5548,0.8205,0.3605,1
P0212,Healthy,4,0,Healthy,1,0.695,0.5271,0.746,0.3795,1
P0212,Healthy,4,1,Healthy,1,0.695,0.5271,0.5935,0.217,1
P0212,Healthy,4,2,Healthy,1,0.695,0.5271,0.6304,0.251,1
P0214,Endodontics,0,0,Endodontics,1,0.84,0.7774,0.8986,0.2573,1
P0214,Endodontics,0,1,Endodontics,1,0.84,0.7774,0.9114,0.2573,1
P0214,Endodontics,0,2,Endodontics,1,0.84,0.7774,0.939,0.2573,1
P0214,Healthy,1,0,Healthy,1,0.798,0.55,0.7121,0.355,1
P0214,Healthy,1,1,Healthy,1,0.798,0.55,0.9709,0.3572,1
P0214,Healthy,1,2,Healthy,1,0.798,0.55,0.752,0.2795,1
P0214,Endodontics,1,0,Endodontics,1,0.592,0.2982,0.6471,0.4445,1
P0214,Endodontics,1,1,Endodontics,1,0.592,0.2982,0.5607,0.4916,1
P0214,Endodontics,1,2,Endodontics,1,0.592,0.2982,0.5044,0.4208,1
P0215,Endodontics,0,0,Endodontics,1,0.765,0.7204,0.8543,0.259,1
P0215,Endodontics,0,1,Endodontics,1,0.765,0.7204,0.8245,0.2738,1
P0215,Endodontics,0,2,Endodontics,1,0.765,0.7204,0.8382,0.2688,1
P0215,Healthy,3,0,Healthy,1,0.683,0.573,0.7376,0.2823,1
P0215,Healthy,3,1,Healthy,1,0.683,0.573,0.8921,0.3429,1
P0215,Healthy,3,2,Healthy,1,0.683,0.573,0.6436,0.2926,1
P0215,Healthy,7,0,Healthy,1,0.792,0.7182,0.8784,0.2785,1
P0215,Healthy,7,1,Healthy,1,0.792,0.7182,0.8613,0.2695,1
P0215,Healthy,7,2,Healthy,1,0.792,0.7182,0.8748,0.2727,1
P0217,Healthy,4,0,Healthy,1,0.737,0.6701,0.8696,0.295,1
P0217,Healthy,4,1,Healthy,1,0.737,0.6701,0.2953,0.0537,0
P0217,Healthy,4,2,Healthy,1,0.737,0.6701,0.8809,0.2557,1
P0219,Healthy,2,0,Healthy,1,0.793,0.6101,0.8222,0.326,1
P0219,Healthy,2,1,Healthy,1,0.793,0.6101,0.8443,0.2775,1
P0219,Healthy,2,2,Healthy,1,0.793,0.6101,0.7887,0.2658,1
P0219,Healthy,6,0,Endodontics,0,0.739,0.4143,0.0719,0.0042,0
P0219,Healthy,6,1,Endodontics,0,0.739,0.4143,0.3148,0.061,0
P0219,Healthy,6,2,Healthy,1,0.739,0.4143,0.589,0.2272,0
P0220,Endodontics,0,0,Endodontics,1,0.768,0.6551,0.8981,0.3053,1
P0220,Endodontics,0,1,Endodontics,1,0.768,0.6551,0.9315,0.2952,1
P0220,Endodontics,0,2,Endodontics,1,0.768,0.6551,0.7986,0.2912,1
P0220,Endodontics,1,0,Endodontics,1,0.857,0.6782,0.9223,0.2949,1
P0220,Endodontics,1,1,Endodontics,1,0.857,0.6782,0.8642,0.2949,1
P0220,Endodontics,1,2,Endodontics,1,0.857,0.6782,0.8116,0.2669,1
P0220,Healthy,11,0,Healthy,1,0.736,0.7417,0.8374,0.2606,1
P0220,Healthy,11,1,Healthy,1,0.736,0.7417,0.8538,0.2576,1
P0220,Healthy,11,2,Healthy,1,0.736,0.7417,0.8942,0.2697,1
P0221,Endodontics,1,0,Endodontics,1,0.704,0.6376,0.9029,0.311,1
P0221,Endodontics,1,1,Endodontics,1,0.704,0.6376,0.8857,0.3128,1
P0221,Endodontics,1,2,Endodontics,1,0.704,0.6376,0.8034,0.3102,1
P0221,Healthy,6,0,Healthy,1,0.838,0.7926,0.9628,0.2523,1
P0221,Healthy,6,1,Healthy,1,0.838,0.7926,0.8862,0.2346,1
P0221,Healthy,6,2,Healthy,1,0.838,0.7926,0.9285,0.2523,1
P0221,Healthy,7,0,Healthy,1,0.674,0.7162,0.8995,0.2786,1
P0221,Healthy,7,1,Healthy,1,0.674,0.7162,0.8516,0.2786,1
P0221,Healthy,7,2,Healthy,1,0.674,0.7162,0.9068,0.2793,1
P0221,Impacted,0,0,Impacted,1,0.69,0.5692,0.6884,0.2462,1
P0221,Impacted,0,1,Impacted,1,0.69,0.5692,0.6913,0.2102,0
P0221,Impacted,0,2,Impacted,1,0.69,0.5692,0.8159,0.3484,1
P0223,Healthy,7,0,Healthy,1,0.86,0.6003,0.7591,0.2873,1
P0223,Healthy,7,1,Healthy,1,0.86,0.6003,0.6472,0.1736,0
P0223,Healthy,7,2,Healthy,1,0.86,0.6003,0.9042,0.3184,1
P0223,Endodontics,0,0,Endodontics,1,0.66,0.5939,0.8812,0.3368,1
P0223,Endodontics,0,1,Endodontics,1,0.66,0.5939,0.8073,0.3368,1
P0223,Endodontics,0,2,Endodontics,1,0.66,0.5939,0.8196,0.336,1
P0224,Endodontics,0,0,Endodontics,1,0.756,0.7551,0.9005,0.2478,1
P0224,Endodontics,0,1,Endodontics,1,0.756,0.7551,0.9206,0.2649,1
P0224,Endodontics,0,2,Endodontics,1,0.756,0.7551,0.94,0.2649,1
P0224,Endodontics,1,0,Implant,0,0.905,0.8173,0.9744,0.2447,1
P0224,Endodontics,1,1,Endodontics,1,0.905,0.8173,0.805,0.1413,1
P0224,Endodontics,1,2,Endodontics,1,0.905,0.8173,0.9042,0.2447,1
P0021,Healthy,3,0,Healthy,1,0.862,0.773,0.9156,0.2587,1
P0021,Healthy,3,1,Healthy,1,0.862,0.773,0.8806,0.2583,1
P0021,Healthy,3,2,Healthy,1,0.862,0.773,0.9533,0.2587,1
P0021,Endodontics,0,0,Endodontics,1,0.857,0.8,0.8887,0.25,1
P0021,Endodontics,0,1,Endodontics,1,0.857,0.8,0.9508,0.25,1
P0021,Endodontics,0,2,Endodontics,1,0.857,0.8,0.878,0.25,1
P0021,Endodontics,1,0,Endodontics,1,0.931,0.8546,0.9178,0.22,1
P0021,Endodontics,1,1,Endodontics,1,0.931,0.8546,0.8919,0.211,1
P0021,Endodontics,1,2,Endodontics,1,0.931,0.8546,0.9117,0.2341,1
P0021,Healthy,8,0,Healthy,1,0.875,0.7959,0.8856,0.2464,1
P0021,Healthy,8,1,Healthy,1,0.875,0.7959,0.9322,0.2513,1
P0021,Healthy,8,2,Healthy,1,0.875,0.7959,0.9121,0.2513,1
P0021,Endodontics,2,0,Endodontics,1,0.807,0.6151,0.8719,0.3249,1
P0021,Endodontics,2,1,Endodontics,1,0.807,0.6151,0.6536,0.2288,1
P0021,Endodontics,2,2,Endodontics,1,0.807,0.6151,0.7721,0.3204,1
P0021,Endodontics,3,0,Endodontics,1,0.725,0.3697,0.5561,0.2953,1
P0021,Endodontics,3,1,Endodontics,1,0.725,0.3697,0.5339,0.3775,1
P0021,Endodontics,3,2,Endodontics,1,0.725,0.3697,0.5825,0.4452,1
P0225,Healthy,3,0,Healthy,1,0.74,0.6176,0.8106,0.3234,1
P0225,Healthy,3,1,Healthy,1,0.74,0.6176,0.8064,0.3229,1
P0225,Healthy,3,2,Healthy,1,0.74,0.6176,0.8239,0.2752,1
P0225,Healthy,4,0,Healthy,1,0.725,0.6615,0.8616,0.2646,1
P0225,Healthy,4,1,Healthy,1,0.725,0.6615,0.8974,0.2947,1
P0225,Healthy,4,2,Healthy,1,0.725,0.6615,0.9317,0.3024,1
P0226,Healthy,0,0,Healthy,1,0.795,0.7017,0.8443,0.2783,1
P0226,Healthy,0,1,Healthy,1,0.795,0.7017,0.727,0.1809,1
P0226,Healthy,0,2,Healthy,1,0.795,0.7017,0.8635,0.2851,1
P0226,Healthy,1,0,Healthy,1,0.574,0.5587,0.7784,0.3014,1
P0226,Healthy,1,1,Healthy,1,0.574,0.5587,0.7911,0.2665,0
P0226,Healthy,1,2,Healthy,1,0.574,0.5587,0.7464,0.3202,1
P0227,Endodontics,0,0,Endodontics,1,0.753,0.6082,0.7796,0.3209,1
P0227,Endodontics,0,1,Endodontics,1,0.753,0.6082,0.8887,0.3289,1
P0227,Endodontics,0,2,Impacted,0,0.753,0.6082,0.2549,0.0785,0
P0227,Endodontics,1,0,Endodontics,1,0.688,0.6368,0.9188,0.3141,1
P0227,Endodontics,1,1,Endodontics,1,0.688,0.6368,0.8151,0.3141,1
P0227,Endodontics,1,2,Endodontics,1,0.688,0.6368,0.8402,0.3141,1
P0227,Endodontics,2,0,Endodontics,1,0.764,0.64,0.8749,0.3125,1
P0227,Endodontics,2,1,Endodontics,1,0.764,0.64,0.7305,0.2971,1
P0227,Endodontics,2,2,Endodontics,1,0.764,0.64,0.9098,0.3125,1
P0227,Endodontics,3,0,Endodontics,1,0.575,0.6779,0.9292,0.2951,1
P0227,Endodontics,3,1,Endodontics,1,0.575,0.6779,0.8791,0.2951,1
P0227,Endodontics,3,2,Endodontics,1,0.575,0.6779,0.965,0.2951,1
P0227,Endodontics,4,0,Endodontics,1,0.689,0.7434,0.9389,0.269,1
P0227,Endodontics,4,1,Endodontics,1,0.689,0.7434,0.9542,0.269,1
P0227,Endodontics,4,2,Endodontics,1,0.689,0.7434,0.9215,0.269,1
P0227,Endodontics,5,0,Endodontics,1,0.623,0.5955,0.7505,0.3359,1
P0227,Endodontics,5,1,Endodontics,1,0.623,0.5955,0.7079,0.2725,1
P0227,Endodontics,5,2,Endodontics,1,0.623,0.5955,0.5218,0.143,0
P0227,Endodontics,6,0,Endodontics,1,0.716,0.5715,0.7672,0.318,1
P0227,Endodontics,6,1,Endodontics,1,0.716,0.5715,0.7488,0.2877,1
P0227,Endodontics,6,2,Endodontics,1,0.716,0.5715,0.719,0.2559,1
P0227,Healthy,4,0,Healthy,1,0.669,0.6241,0.8423,0.3201,1
P0227,Healthy,4,1,Healthy,1,0.669,0.6241,0.8375,0.3138,1
P0227,Healthy,4,2,Healthy,1,0.669,0.6241,0.8541,0.3019,1
P0230,Endodontics,0,0,Endodontics,1,0.822,0.7022,0.9326,0.2848,1
P0230,Endodontics,0,1,Endodontics,1,0.822,0.7022,0.9106,0.2848,1
P0230,Endodontics,0,2,Endodontics,1,0.822,0.7022,0.8775,0.2813,1
P0230,Endodontics,1,0,Endodontics,1,0.706,0.5277,0.6723,0.2751,1
P0230,Endodontics,1,1,Endodontics,1,0.706,0.5277,0.5866,0.1565,0
P0230,Endodontics,1,2,Endodontics,1,0.706,0.5277,0.7347,0.3751,1
P0230,Healthy,0,0,Healthy,1,0.518,0.3954,0.6493,0.5031,1
P0230,Healthy,0,1,Healthy,1,0.518,0.3954,0.4053,0.1471,0
P0230,Healthy,0,2,Healthy,1,0.518,0.3954,0.4643,0.1778,1
P0230,Healthy,3,0,Healthy,1,0.691,0.5773,0.7879,0.3397,1
P0230,Healthy,3,1,Healthy,1,0.691,0.5773,0.5623,0.1021,0
P0230,Healthy,3,2,Healthy,1,0.691,0.5773,0.7255,0.3464,1
P0231,Healthy,5,0,Healthy,1,0.657,0.5789,0.7672,0.3455,1
P0231,Healthy,5,1,Healthy,1,0.657,0.5789,0.7166,0.2389,1
P0231,Healthy,5,2,Healthy,1,0.657,0.5789,0.8356,0.3442,1
P0231,Healthy,6,0,Healthy,1,0.761,0.717,0.8603,0.279,1
P0231,Healthy,6,1,Healthy,1,0.761,0.717,0.8738,0.2584,1
P0231,Healthy,6,2,Healthy,1,0.761,0.717,0.9381,0.2765,1
P0022,Healthy,0,0,Healthy,1,0.839,0.6006,0.7212,0.31,1
P0022,Healthy,0,1,Healthy,1,0.839,0.6006,0.71,0.2528,1
P0022,Healthy,0,2,Healthy,1,0.839,0.6006,0.7358,0.2599,1
P0232,Endodontics,0,0,Endodontics,1,0.852,0.7448,0.9161,0.2685,1
P0232,Endodontics,0,1,Endodontics,1,0.852,0.7448,0.8835,0.2685,1
P0232,Endodontics,0,2,Endodontics,1,0.852,0.7448,0.8545,0.2558,1
P0232,Healthy,0,0,Healthy,1,0.609,0.6381,0.7903,0.3112,1
P0232,Healthy,0,1,Healthy,1,0.609,0.6381,0.7842,0.2834,1
P0232,Healthy,0,2,Healthy,1,0.609,0.6381,0.7984,0.2494,1
P0232,Healthy,3,0,Healthy,1,0.68,0.719,0.8746,0.2767,1
P0232,Healthy,3,1,Healthy,1,0.68,0.719,0.8685,0.2671,1
P0232,Healthy,3,2,Healthy,1,0.68,0.719,0.8761,0.2782,1
P0233,Healthy,2,0,Healthy,1,0.737,0.6379,0.7639,0.2785,1
P0233,Healthy,2,1,Healthy,1,0.737,0.6379,0.4719,0.1407,0
P0233,Healthy,2,2,Healthy,1,0.737,0.6379,0.7993,0.3115,1
P0233,Healthy,3,0,Healthy,1,0.648,0.5738,0.8347,0.3396,1
P0233,Healthy,3,1,Healthy,1,0.648,0.5738,0.8685,0.3324,1
P0233,Healthy,3,2,Healthy,1,0.648,0.5738,0.7694,0.3486,1
P0234,Healthy,0,0,Healthy,1,0.6,0.5972,0.8601,0.3284,1
P0234,Healthy,0,1,Healthy,1,0.6,0.5972,0.6491,0.1822,1
P0234,Healthy,0,2,Healthy,1,0.6,0.5972,0.848,0.3108,1
P0234,Endodontics,0,0,Endodontics,1,0.712,0.5924,0.9225,0.3376,1
P0234,Endodontics,0,1,Endodontics,1,0.712,0.5924,0.8077,0.3375,1
P0234,Endodontics,0,2,Endodontics,1,0.712,0.5924,0.8724,0.3376,1
P0235,Healthy,0,0,Healthy,1,0.659,0.6106,0.7694,0.3245,1
P0235,Healthy,0,1,Healthy,1,0.659,0.6106,0.8706,0.3275,1
P0235,Healthy,0,2,Healthy,1,0.659,0.6106,0.7006,0.2496,1
P0023,Healthy,3,0,Healthy,1,0.733,0.8962,0.9864,0.2232,1
P0023,Healthy,3,1,Healthy,1,0.733,0.8962,0.9564,0.2232,1
P0023,Healthy,3,2,Healthy,1,0.733,0.8962,0.9239,0.2159,1
P0023,Healthy,4,0,Healthy,1,0.85,0.8375,0.9547,0.2388,1
P0023,Healthy,4,1,Healthy,1,0.85,0.8375,0.7355,0.1509,0
P0023,Healthy,4,2,Healthy,1,0.85,0.8375,0.957,0.2388,1
P0236,Healthy,0,0,Healthy,1,0.56,0.3654,0.5036,0.2329,1
P0236,Healthy,0,1,Endodontics,0,0.56,0.3654,0.3176,0.0872,0
P0236,Healthy,0,2,Endodontics,0,0.56,0.3654,0.3906,0.164,0
P0236,Healthy,4,0,Healthy,1,0.794,0.7347,0.9209,0.2722,1
P0236,Healthy,4,1,Healthy,1,0.794,0.7347,0.7327,0.1636,1
P0236,Healthy,4,2,Healthy,1,0.794,0.7347,0.8715,0.2717,1
P0237,Healthy,0,0,Healthy,1,0.764,0.6802,0.8879,0.294,1
P0237,Healthy,0,1,Healthy,1,0.764,0.6802,0.5824,0.153,1
P0237,Healthy,0,2,Healthy,1,0.764,0.6802,0.8769,0.2871,1
P0237,Healthy,1,0,Healthy,1,0.706,0.5445,0.673,0.2501,1
P0237,Healthy,1,1,Endodontics,0,0.706,0.5445,0.6421,0.3274,1
P0237,Healthy,1,2,Healthy,1,0.706,0.5445,0.7011,0.2642,1
P0238,Healthy,0,0,Healthy,1,0.799,0.6604,0.8555,0.3029,1
P0238,Healthy,0,1,Healthy,1,0.799,0.6604,0.9496,0.3029,1
P0238,Healthy,0,2,Healthy,1,0.799,0.6604,0.9322,0.3029,1
P0238,Impacted,0,0,Impacted,1,0.612,0.4447,0.619,0.2896,0
P0238,Impacted,0,1,Impacted,1,0.612,0.4447,0.5987,0.3194,1
P0238,Impacted,0,2,Impacted,1,0.612,0.4447,0.685,0.3535,1
P0238,Healthy,4,0,Healthy,1,0.758,0.6329,0.8383,0.316,1
P0238,Healthy,4,1,Healthy,1,0.758,0.6329,0.8247,0.288,1
P0238,Healthy,4,2,Healthy,1,0.758,0.6329,0.7813,0.2484,1
P0238,Impacted,1,0,Impacted,1,0.647,0.5054,0.6906,0.3885,1
P0238,Impacted,1,1,Impacted,1,0.647,0.5054,0.6226,0.3416,1
P0238,Impacted,1,2,Impacted,1,0.647,0.5054,0.6829,0.2528,0
P0239,Endodontics,0,0,Endodontics,1,0.731,0.6159,0.8269,0.3247,1
P0239,Endodontics,0,1,Endodontics,1,0.731,0.6159,0.8284,0.3247,1
P0239,Endodontics,0,2,Endodontics,1,0.731,0.6159,0.8516,0.3037,1
P0239,Healthy,2,0,Implant,0,0.659,0.511,0.6409,0.3156,1
P0239,Healthy,2,1,Endodontics,0,0.659,0.511,0.6819,0.3057,1
P0239,Healthy,2,2,Healthy,1,0.659,0.511,0.5482,0.1966,1
P0239,Endodontics,1,0,Endodontics,1,0.583,0.4912,0.7596,0.3953,1
P0239,Endodontics,1,1,Endodontics,1,0.583,0.4912,0.7491,0.3479,1
P0239,Endodontics,1,2,Endodontics,1,0.583,0.4912,0.8269,0.4058,1
P0239,Healthy,6,0,Healthy,1,0.657,0.6288,0.8746,0.3144,1
P0239,Healthy,6,1,Healthy,1,0.657,0.6288,0.718,0.2531,1
P0239,Healthy,6,2,Healthy,1,0.657,0.6288,0.7979,0.3177,1
P0240,Healthy,3,0,Healthy,1,0.778,0.5736,0.7389,0.2905,1
P0240,Healthy,3,1,Healthy,1,0.778,0.5736,0.8526,0.2987,1
P0240,Healthy,3,2,Healthy,1,0.778,0.5736,0.8182,0.348,1
P0240,Healthy,7,0,Healthy,1,0.741,0.6537,0.796,0.3058,1
P0240,Healthy,7,1,Healthy,1,0.741,0.6537,0.8645,0.3051,1
P0240,Healthy,7,2,Healthy,1,0.741,0.6537,0.9022,0.3036,1
P0240,Endodontics,0,0,Endodontics,1,0.776,0.7626,0.9139,0.2623,1
P0240,Endodontics,0,1,Endodontics,1,0.776,0.7626,0.924,0.2623,1
P0240,Endodontics,0,2,Endodontics,1,0.776,0.7626,0.8816,0.2622,1
P0241,Endodontics,0,0,Endodontics,1,0.663,0.6924,0.8908,0.2889,1
P0241,Endodontics,0,1,Endodontics,1,0.663,0.6924,0.8814,0.2889,1
P0241,Endodontics,0,2,Endodontics,1,0.663,0.6924,0.8847,0.2889,1
P0241,Endodontics,1,0,Endodontics,1,0.754,0.5108,0.9069,0.3915,1
P0241,Endodontics,1,1,Endodontics,1,0.754,0.5108,0.7717,0.3628,1
P0241,Endodontics,1,2,Endodontics,1,0.754,0.5108,0.8326,0.39,1
P0241,Healthy,0,0,Healthy,1,0.56,0.5584,0.7067,0.3256,1
P0241,Healthy,0,1,Healthy,1,0.56,0.5584,0.717,0.2126,1
P0241,Healthy,0,2,Healthy,1,0.56,0.5584,0.6039,0.2312,1
P0241,Endodontics,2,0,Endodontics,1,0.666,0.613,0.9212,0.3263,1
P0241,Endodontics,2,1,Endodontics,1,0.666,0.613,0.8849,0.3263,1
P0241,Endodontics,2,2,Endodontics,1,0.666,0.613,0.8201,0.2926,1
P0241,Endodontics,3,0,Endodontics,1,0.634,0.5019,0.7599,0.3891,1
P0241,Endodontics,3,1,Endodontics,1,0.634,0.5019,0.5754,0.2667,1
P0241,Endodontics,3,2,Endodontics,1,0.634,0.5019,0.711,0.398,1
P0241,Healthy,7,0,Healthy,1,0.642,0.5997,0.8803,0.3302,1
P0241,Healthy,7,1,Healthy,1,0.642,0.5997,0.8231,0.3282,1
P0241,Healthy,7,2,Healthy,1,0.642,0.5997,0.7993,0.2744,1
P0242,Healthy,0,0,Healthy,1,0.796,0.7405,0.9404,0.2701,1
P0242,Healthy,0,1,Healthy,1,0.796,0.7405,0.8394,0.2699,1
P0242,Healthy,0,2,Healthy,1,0.796,0.7405,0.7875,0.2456,1
P0242,Healthy,1,0,Healthy,1,0.795,0.739,0.9107,0.2568,1
P0242,Healthy,1,1,Healthy,1,0.795,0.739,0.9106,0.2707,1
P0242,Healthy,1,2,Healthy,1,0.795,0.739,0.8172,0.2403,1
P0244,Endodontics,0,0,Endodontics,1,0.903,0.7478,0.9689,0.2675,1
P0244,Endodontics,0,1,Endodontics,1,0.903,0.7478,0.8957,0.2675,1
P0244,Endodontics,0,2,Endodontics,1,0.903,0.7478,0.8997,0.2675,1
P0244,Endodontics,1,0,Endodontics,1,0.856,0.8539,0.9668,0.2342,1
P0244,Endodontics,1,1,Endodontics,1,0.856,0.8539,0.9795,0.2342,1
P0244,Endodontics,1,2,Endodontics,1,0.856,0.8539,0.9307,0.2342,1
P0244,Endodontics,2,0,Endodontics,1,0.861,0.8759,0.9587,0.2283,1
P0244,Endodontics,2,1,Endodontics,1,0.861,0.8759,0.936,0.2283,1
P0244,Endodontics,2,2,Endodontics,1,0.861,0.8759,0.7977,0.1254,0
P0244,Endodontics,3,0,Endodontics,1,0.874,0.7296,0.9491,0.2702,1
P0244,Endodontics,3,1,Endodontics,1,0.874,0.7296,0.9038,0.2742,1
P0244,Endodontics,3,2,Endodontics,1,0.874,0.7296,0.9066,0.2741,1
P0244,Endodontics,5,0,Endodontics,1,0.841,0.7039,0.9103,0.2841,1
P0244,Endodontics,5,1,Endodontics,1,0.841,0.7039,0.7342,0.2349,1
P0244,Endodontics,5,2,Endodontics,1,0.841,0.7039,0.6747,0.1414,1
P0244,Endodontics,6,0,Endodontics,1,0.894,0.6667,0.8626,0.2904,1
P0244,Endodontics,6,1,Endodontics,1,0.894,0.6667,0.8431,0.3,1
P0244,Endodontics,6,2,Endodontics,1,0.894,0.6667,0.7936,0.3,1
P0244,Endodontics,7,0,Endodontics,1,0.615,0.5011,0.7785,0.3991,1
P0244,Endodontics,7,1,Endodontics,1,0.615,0.5011,0.6897,0.3859,1
P0244,Endodontics,7,2,Endodontics,1,0.615,0.5011,0.7329,0.3866,1
P0244,Endodontics,8,0,Endodontics,1,0.607,0.4338,0.7049,0.4609,1
P0244,Endodontics,8,1,Endodontics,1,0.607,0.4338,0.4844,0.2639,1
P0244,Endodontics,8,2,Endodontics,1,0.607,0.4338,0.5856,0.3977,1
P0244,Endodontics,9,0,Endodontics,1,0.626,0.3616,0.6959,0.5032,1
P0244,Endodontics,9,1,Endodontics,1,0.626,0.3616,0.6466,0.4465,1
P0244,Endodontics,9,2,Endodontics,1,0.626,0.3616,0.6187,0.4617,1
P0245,Endodontics,0,0,Endodontics,1,0.735,0.6241,0.8523,0.2919,1
P0245,Endodontics,0,1,Endodontics,1,0.735,0.6241,0.7326,0.3169,1
P0245,Endodontics,0,2,Endodontics,1,0.735,0.6241,0.8253,0.2984,1
P0245,Endodontics,1,0,Endodontics,1,0.792,0.7347,0.8977,0.2627,1
P0245,Endodontics,1,1,Endodontics,1,0.792,0.7347,0.9202,0.2722,1
P0245,Endodontics,1,2,Endodontics,1,0.792,0.7347,0.7883,0.2094,1
P0245,Endodontics,2,0,Endodontics,1,0.764,0.7675,0.9321,0.2606,1
P0245,Endodontics,2,1,Endodontics,1,0.764,0.7675,0.8789,0.2606,1
P0245,Endodontics,2,2,Endodontics,1,0.764,0.7675,0.8547,0.2606,1
P0245,Endodontics,3,0,Endodontics,1,0.857,0.6716,0.8884,0.2978,1
P0245,Endodontics,3,1,Endodontics,1,0.857,0.6716,0.8827,0.2978,1
P0245,Endodontics,3,2,Endodontics,1,0.857,0.6716,0.8878,0.2978,1
P0245,Endodontics,4,0,Endodontics,1,0.517,0.2936,0.5974,0.4706,1
P0245,Endodontics,4,1,Endodontics,1,0.517,0.2936,0.4381,0.4536,1
P0245,Endodontics,4,2,Endodontics,1,0.517,0.2936,0.4958,0.456,1
P0245,Endodontics,5,0,Endodontics,1,0.734,0.6739,0.8777,0.297,1
P0245,Endodontics,5,1,Endodontics,1,0.734,0.6739,0.765,0.2968,1
P0245,Endodontics,5,2,Endodontics,1,0.734,0.6739,0.8553,0.2968,1
P0245,Healthy,11,0,Healthy,1,0.509,0.263,0.4682,0.5867,1
P0245,Healthy,11,1,Healthy,1,0.509,0.263,0.2973,0.1423,0
P0245,Healthy,11,2,Healthy,1,0.509,0.263,0.4483,0.3418,1
P0247,Endodontics,0,0,Endodontics,1,0.712,0.5821,0.8943,0.3383,1
P0247,Endodontics,0,1,Endodontics,1,0.712,0.5821,0.789,0.3436,1
P0247,Endodontics,0,2,Endodontics,1,0.712,0.5821,0.8584,0.3436,1
P0247,Endodontics,1,0,Endodontics,1,0.76,0.7642,0.9294,0.2617,1
P0247,Endodontics,1,1,Endodontics,1,0.76,0.7642,0.8985,0.2617,1
P0247,Endodontics,1,2,Endodontics,1,0.76,0.7642,0.8189,0.1994,1
P0247,Endodontics,2,0,Endodontics,1,0.786,0.7716,0.8942,0.2592,1
P0247,Endodontics,2,1,Endodontics,1,0.786,0.7716,0.9464,0.2592,1
P0247,Endodontics,2,2,Endodontics,1,0.786,0.7716,0.9193,0.2592,1
P0247,Endodontics,3,0,Endodontics,1,0.821,0.6851,0.9435,0.2919,1
P0247,Endodontics,3,1,Endodontics,1,0.821,0.6851,0.9338,0.2919,1
P0247,Endodontics,3,2,Endodontics,1,0.821,0.6851,0.8542,0.2919,1
P0247,Endodontics,6,0,Endodontics,1,0.566,0.3272,0.5389,0.48,1
P0247,Endodontics,6,1,Endodontics,1,0.566,0.3272,0.5357,0.424,1
P0247,Endodontics,6,2,Endodontics,1,0.566,0.3272,0.6112,0.5036,1
P0247,Endodontics,7,0,Endodontics,1,0.663,0.6069,0.8657,0.3295,1
P0247,Endodontics,7,1,Endodontics,1,0.663,0.6069,0.8006,0.3295,1
P0247,Endodontics,7,2,Endodontics,1,0.663,0.6069,0.7784,0.3254,1
P0247,Endodontics,8,0,Endodontics,1,0.782,0.6573,0.8976,0.3043,1
P0247,Endodontics,8,1,Endodontics,1,0.782,0.6573,0.6874,0.2294,1
P0247,Endodontics,8,2,Endodontics,1,0.782,0.6573,0.6392,0.1979,1
P0249,Endodontics,0,0,Endodontics,1,0.783,0.7294,0.898,0.2742,1
P0249,Endodontics,0,1,Endodontics,1,0.783,0.7294,0.9257,0.2742,1
P0249,Endodontics,0,2,Endodontics,1,0.783,0.7294,0.9197,0.2742,1
P0249,Endodontics,1,0,Endodontics,1,0.826,0.6972,0.8916,0.2867,1
P0249,Endodontics,1,1,Endodontics,1,0.826,0.6972,0.8825,0.2869,1
P0249,Endodontics,1,2,Endodontics,1,0.826,0.6972,0.7926,0.2852,1
P0249,Endodontics,2,0,Endodontics,1,0.741,0.6881,0.8648,0.2863,1
P0249,Endodontics,2,1,Endodontics,1,0.741,0.6881,0.8503,0.2907,1
P0249,Endodontics,2,2,Endodontics,1,0.741,0.6881,0.8158,0.2887,1
P0249,Endodontics,3,0,Endodontics,1,0.729,0.6927,0.8966,0.2887,1
P0249,Endodontics,3,1,Endodontics,1,0.729,0.6927,0.889,0.2887,1
P0249,Endodontics,3,2,Endodontics,1,0.729,0.6927,0.8639,0.2887,1
P0249,Healthy,1,0,Healthy,1,0.688,0.6298,0.8591,0.3079,1
P0249,Healthy,1,1,Healthy,1,0.688,0.6298,0.8625,0.3176,1
P0249,Healthy,1,2,Healthy,1,0.688,0.6298,0.8947,0.3176,1
P0249,Healthy,2,0,Healthy,1,0.776,0.6892,0.8852,0.2902,1
P0249,Healthy,2,1,Healthy,1,0.776,0.6892,0.7725,0.2214,1
P0249,Healthy,2,2,Healthy,1,0.776,0.6892,0.891,0.2902,1
P0024,Endodontics,0,0,Endodontics,1,0.802,0.699,0.8703,0.2604,1
P0024,Endodontics,0,1,Endodontics,1,0.802,0.699,0.8313,0.2605,1
P0024,Endodontics,0,2,Endodontics,1,0.802,0.699,0.7738,0.2862,1
P0024,Endodontics,1,0,Endodontics,1,0.757,0.7024,0.8951,0.2847,1
P0024,Endodontics,1,1,Endodontics,1,0.757,0.7024,0.8651,0.2847,1
P0024,Endodontics,1,2,Endodontics,1,0.757,0.7024,0.9486,0.2847,1
P0024,Healthy,0,0,Healthy,1,0.86,0.7264,0.9437,0.2753,1
P0024,Healthy,0,1,Impacted,0,0.86,0.7264,0.9048,0.2706,1
P0024,Healthy,0,2,Healthy,1,0.86,0.7264,0.7286,0.2139,1
P0024,Healthy,2,0,Healthy,1,0.652,0.3503,0.5484,0.4376,1
P0024,Healthy,2,1,Healthy,1,0.652,0.3503,0.5012,0.22,1
P0024,Healthy,2,2,Healthy,1,0.652,0.3503,0.6564,0.3441,1
P0251,Endodontics,0,0,Endodontics,1,0.793,0.6567,0.9141,0.3046,1
P0251,Endodontics,0,1,Endodontics,1,0.793,0.6567,0.8994,0.3046,1
P0251,Endodontics,0,2,Endodontics,1,0.793,0.6567,0.9288,0.3046,1
P0251,Endodontics,1,0,Endodontics,1,0.71,0.6864,0.9193,0.2914,1
P0251,Endodontics,1,1,Endodontics,1,0.71,0.6864,0.7994,0.2914,1
P0251,Endodontics,1,2,Endodontics,1,0.71,0.6864,0.9411,0.2914,1
P0251,Endodontics,2,0,Endodontics,1,0.794,0.7317,0.945,0.2733,1
P0251,Endodontics,2,1,Endodontics,1,0.794,0.7317,0.9084,0.2733,1
P0251,Endodontics,2,2,Endodontics,1,0.794,0.7317,0.856,0.2733,1
P0251,Healthy,2,0,Healthy,1,0.644,0.5289,0.6816,0.373,1
P0251,Healthy,2,1,Healthy,1,0.644,0.5289,0.6912,0.289,1
P0251,Healthy,2,2,Healthy,1,0.644,0.5289,0.6646,0.2283,1
P0252,Healthy,5,0,Healthy,1,0.587,0.4986,0.7327,0.3961,1
P0252,Healthy,5,1,Healthy,1,0.587,0.4986,0.5541,0.1356,1
P0252,Healthy,5,2,Healthy,1,0.587,0.4986,0.6093,0.2655,1
P0252,Healthy,6,0,Healthy,1,0.529,0.3949,0.6223,0.4111,1
P0252,Healthy,6,1,Healthy,1,0.529,0.3949,0.4072,0.132,1
P0252,Healthy,6,2,Healthy,1,0.529,0.3949,0.6881,0.4024,1
P0253,Healthy,21,0,Healthy,1,0.767,0.6101,0.8246,0.3208,1
P0253,Healthy,21,1,Healthy,1,0.767,0.6101,0.7507,0.2979,1
P0253,Healthy,21,2,Healthy,1,0.767,0.6101,0.7953,0.3278,1
P0254,Healthy,11,0,Healthy,1,0.82,0.6536,0.8293,0.3039,1
P0254,Healthy,11,1,Healthy,1,0.82,0.6536,0.713,0.2346,1
P0254,Healthy,11,2,Healthy,1,0.82,0.6536,0.8785,0.2898,1
P0256,Endodontics,0,0,Endodontics,1,0.696,0.6245,0.8158,0.2644,1
P0256,Endodontics,0,1,Endodontics,1,0.696,0.6245,0.8555,0.3151,1
P0256,Endodontics,0,2,Endodontics,1,0.696,0.6245,0.815,0.3196,1
P0256,Endodontics,1,0,Endodontics,1,0.798,0.7515,0.814,0.2611,1
P0256,Endodontics,1,1,Endodontics,1,0.798,0.7515,0.7991,0.2231,1
P0256,Endodontics,1,2,Endodontics,1,0.798,0.7515,0.6207,0.1744,1
P0256,Healthy,1,0,Healthy,1,0.792,0.6732,0.9102,0.2971,1
P0256,Healthy,1,1,Healthy,1,0.792,0.6732,0.7624,0.2627,1
P0256,Healthy,1,2,Healthy,1,0.792,0.6732,0.8316,0.2696,1
P0256,Healthy,4,0,Healthy,1,0.802,0.7256,0.9085,0.2756,1
P0256,Healthy,4,1,Healthy,1,0.802,0.7256,0.9165,0.2727,1
P0256,Healthy,4,2,Healthy,1,0.802,0.7256,0.9336,0.2756,1
P0026,Healthy,6,0,Healthy,1,0.788,0.8328,0.9181,0.2402,1
P0026,Healthy,6,1,Healthy,1,0.788,0.8328,0.984,0.2402,1
P0026,Healthy,6,2,Healthy,1,0.788,0.8328,0.9743,0.2402,1
P0026,Healthy,7,0,Healthy,1,0.788,0.611,0.7561,0.3274,1
P0026,Healthy,7,1,Healthy,1,0.788,0.611,0.7803,0.2748,1
P0026,Healthy,7,2,Healthy,1,0.788,0.611,0.7015,0.2696,1
P0257,Healthy,0,0,Healthy,1,0.696,0.4838,0.6964,0.4114,1
P0257,Healthy,0,1,Healthy,1,0.696,0.4838,0.6221,0.3067,1
P0257,Healthy,0,2,Healthy,1,0.696,0.4838,0.6957,0.386,1
P0257,Healthy,1,0,Healthy,1,0.701,0.7025,0.8952,0.2846,1
P0257,Healthy,1,1,Healthy,1,0.701,0.7025,0.9008,0.2631,1
P0257,Healthy,1,2,Healthy,1,0.701,0.7025,0.891,0.2847,1
P0258,Healthy,0,0,Impacted,0,0.691,0.6282,0.8781,0.3184,1
P0258,Healthy,0,1,Impacted,0,0.691,0.6282,0.9235,0.3184,1
P0258,Healthy,0,2,Impacted,0,0.691,0.6282,0.8703,0.3184,1
P0258,Healthy,1,0,Impacted,0,0.548,0.3556,0.4633,0.2678,0
P0258,Healthy,1,1,Impacted,0,0.548,0.3556,0.4074,0.137,0
P0258,Healthy,1,2,Impacted,0,0.548,0.3556,0.3854,0.1504,0
P0259,Healthy,0,0,Healthy,1,0.71,0.6471,0.8412,0.3091,1
P0259,Healthy,0,1,Healthy,1,0.71,0.6471,0.8492,0.2935,1
P0259,Healthy,0,2,Healthy,1,0.71,0.6471,0.8619,0.3026,1
P0259,Endodontics,0,0,Endodontics,1,0.7,0.6898,0.8191,0.2888,1
P0259,Endodontics,0,1,Endodontics,1,0.7,0.6898,0.6926,0.2256,1
P0259,Endodontics,0,2,Endodontics,1,0.7,0.6898,0.6476,0.1541,0
P0259,Healthy,2,0,Healthy,1,0.752,0.6977,0.92,0.2867,1
P0259,Healthy,2,1,Healthy,1,0.752,0.6977,0.8245,0.273,1
P0259,Healthy,2,2,Healthy,1,0.752,0.6977,0.8057,0.2685,1
P0260,Endodontics,0,0,Endodontics,1,0.812,0.8637,0.9777,0.2316,1
P0260,Endodontics,0,1,Endodontics,1,0.812,0.8637,0.9805,0.2316,1
P0260,Endodontics,0,2,Endodontics,1,0.812,0.8637,0.9684,0.2316,1
P0260,Endodontics,1,0,Endodontics,1,0.698,0.7385,0.9752,0.2708,1
P0260,Endodontics,1,1,Endodontics,1,0.698,0.7385,0.9561,0.2708,1
P0260,Endodontics,1,2,Endodontics,1,0.698,0.7385,0.9048,0.2708,1
P0260,Impacted,0,0,Endodontics,0,0.912,0.5979,0.8138,0.3235,1
P0260,Impacted,0,1,Endodontics,0,0.912,0.5979,0.7185,0.2904,1
P0260,Impacted,0,2,Endodontics,0,0.912,0.5979,0.6756,0.2734,1
P0260,Endodontics,2,0,Endodontics,1,0.815,0.6656,0.9565,0.3005,1
P0260,Endodontics,2,1,Endodontics,1,0.815,0.6656,0.9193,0.3005,1
P0260,Endodontics,2,2,Endodontics,1,0.815,0.6656,0.8943,0.3005,1
P0260,Healthy,2,0,Healthy,1,0.727,0.6546,0.7761,0.2636,1
P0260,Healthy,2,1,Healthy,1,0.727,0.6546,0.6737,0.2003,1
P0260,Healthy,2,2,Healthy,1,0.727,0.6546,0.7457,0.2533,1
P0260,Healthy,9,0,Healthy,1,0.796,0.5557,0.7689,0.3599,1
P0260,Healthy,9,1,Healthy,1,0.796,0.5557,0.8603,0.3328,1
P0260,Healthy,9,2,Healthy,1,0.796,0.5557,0.8784,0.3599,1
P0261,Healthy,0,0,Healthy,1,0.714,0.5919,0.7083,0.2848,1
P0261,Healthy,0,1,Healthy,1,0.714,0.5919,0.7912,0.2753,1
P0261,Healthy,0,2,Healthy,1,0.714,0.5919,0.8363,0.3111,1
P0261,Healthy,2,0,Healthy,1,0.677,0.6398,0.8785,0.3126,1
P0261,Healthy,2,1,Healthy,1,0.677,0.6398,0.9491,0.3126,1
P0261,Healthy,2,2,Healthy,1,0.677,0.6398,0.7239,0.2804,1
P0027,Impacted,0,0,Impacted,1,0.518,0.3805,0.5068,0.3472,0
P0027,Impacted,0,1,Impacted,1,0.518,0.3805,0.5295,0.3759,1
P0027,Impacted,0,2,Impacted,1,0.518,0.3805,0.4447,0.2367,1
P0027,Healthy,0,0,Healthy,1,0.865,0.6296,0.8279,0.3177,1
P0027,Healthy,0,1,Healthy,1,0.865,0.6296,0.4715,0.0756,0
P0027,Healthy,0,2,Endodontics,0,0.865,0.6296,0.5601,0.1236,0
P0027,Impacted,1,0,Impacted,1,0.708,0.6273,0.7359,0.3119,1
P0027,Impacted,1,1,Impacted,1,0.708,0.6273,0.7865,0.2887,1
P0027,Impacted,1,2,Impacted,1,0.708,0.6273,0.7009,0.2741,1
P0027,Endodontics,0,0,Endodontics,1,0.78,0.3984,0.5911,0.3195,1
P0027,Endodontics,0,1,Endodontics,1,0.78,0.3984,0.4915,0.2965,0
P0027,Endodontics,0,2,Endodontics,1,0.78,0.3984,0.5761,0.3779,1
P0264,Healthy,9,0,Healthy,1,0.779,0.7058,0.7994,0.2511,1
P0264,Healthy,9,1,Healthy,1,0.779,0.7058,0.9131,0.2775,1
P0264,Healthy,9,2,Healthy,1,0.779,0.7058,0.8813,0.2834,1
P0264,Healthy,14,0,Healthy,1,0.842,0.5522,0.7085,0.2111,1
P0264,Healthy,14,1,Impacted,0,0.842,0.5522,0.6469,0.2108,1
P0264,Healthy,14,2,Impacted,0,0.842,0.5522,0.6889,0.2654,1
P0265,Healthy,3,0,Healthy,1,0.79,0.5935,0.7508,0.2854,1
P0265,Healthy,3,1,Healthy,1,0.79,0.5935,0.6364,0.1878,0
P0265,Healthy,3,2,Healthy,1,0.79,0.5935,0.7692,0.3204,1
P0265,Impacted,0,0,Impacted,1,0.823,0.5506,0.6719,0.2513,1
P0265,Impacted,0,1,Impacted,1,0.823,0.5506,0.7161,0.3213,1
P0265,Impacted,0,2,Impacted,1,0.823,0.5506,0.7285,0.3622,1
P0265,Healthy,22,0,Healthy,1,0.56,0.3644,0.5327,0.3044,0
P0265,Healthy,22,1,Healthy,1,0.56,0.3644,0.5421,0.2233,1
P0265,Healthy,22,2,Healthy,1,0.56,0.3644,0.6585,0.4108,1
P0266,Healthy,0,0,Healthy,1,0.862,0.7027,0.9335,0.2846,1
P0266,Healthy,0,1,Healthy,1,0.862,0.7027,0.873,0.2846,1
P0266,Healthy,0,2,Healthy,1,0.862,0.7027,0.9279,0.2846,1
P0267,Endodontics,0,0,Endodontics,1,0.743,0.4374,0.7343,0.4562,1
P0267,Endodontics,0,1,Endodontics,1,0.743,0.4374,0.5393,0.207,0
P0267,Endodontics,0,2,Endodontics,1,0.743,0.4374,0.7592,0.4569,1
P0267,Endodontics,1,0,Endodontics,1,0.719,0.701,0.9048,0.2853,1
P0267,Endodontics,1,1,Endodontics,1,0.719,0.701,0.8274,0.282,1
P0267,Endodontics,1,2,Endodontics,1,0.719,0.701,0.8617,0.2853,1
P0267,Endodontics,2,0,Endodontics,1,0.714,0.7339,0.9115,0.2725,1
P0267,Endodontics,2,1,Endodontics,1,0.714,0.7339,0.8909,0.2725,1
P0267,Endodontics,2,2,Endodontics,1,0.714,0.7339,0.9375,0.2725,1
P0267,Impacted,0,0,Impacted,1,0.601,0.5107,0.7247,0.379,1
P0267,Impacted,0,1,Healthy,0,0.601,0.5107,0.8803,0.3299,1
P0267,Impacted,0,2,Impacted,1,0.601,0.5107,0.6427,0.2499,1
P0267,Endodontics,3,0,Endodontics,1,0.619,0.5593,0.8158,0.3241,1
P0267,Endodontics,3,1,Endodontics,1,0.619,0.5593,0.8839,0.3561,1
P0267,Endodontics,3,2,Endodontics,1,0.619,0.5593,0.8304,0.3576,1
P0267,Healthy,1,0,Healthy,1,0.75,0.7473,0.8999,0.2676,1
P0267,Healthy,1,1,Healthy,1,0.75,0.7473,0.9248,0.2676,1
P0267,Healthy,1,2,Healthy,1,0.75,0.7473,0.8902,0.2676,1
P0267,Healthy,3,0,Healthy,1,0.85,0.7844,0.9413,0.2519,1
P0267,Healthy,3,1,Healthy,1,0.85,0.7844,0.9411,0.255,1
P0267,Healthy,3,2,Healthy,1,0.85,0.7844,0.925,0.255,1
P0268,Endodontics,0,0,Endodontics,1,0.77,0.8192,0.9362,0.2441,1
P0268,Endodontics,0,1,Endodontics,1,0.77,0.8192,0.9207,0.2444,1
P0268,Endodontics,0,2,Endodontics,1,0.77,0.8192,0.9033,0.2441,1
P0268,Endodontics,1,0,Endodontics,1,0.768,0.7464,0.7556,0.1827,1
P0268,Endodontics,1,1,Endodontics,1,0.768,0.7464,0.9347,0.268,1
P0268,Endodontics,1,2,Endodontics,1,0.768,0.7464,0.764,0.165,1
P0268,Healthy,1,0,Healthy,1,0.556,0.3191,0.4824,0.4033,1
P0268,Healthy,1,1,Healthy,1,0.556,0.3191,0.6912,0.5203,1
P0268,Healthy,1,2,Healthy,1,0.556,0.3191,0.4413,0.3398,1
P0268,Healthy,4,0,Healthy,1,0.691,0.6689,0.8522,0.2909,1
P0268,Healthy,4,1,Healthy,1,0.691,0.6689,0.7714,0.299,1
P0268,Healthy,4,2,Healthy,1,0.691,0.6689,0.8392,0.299,1
P0271,Healthy,0,0,Healthy,1,0.83,0.683,0.7278,0.2507,1
P0271,Healthy,0,1,Healthy,1,0.83,0.683,0.7392,0.1718,0
P0271,Healthy,0,2,Healthy,1,0.83,0.683,0.8879,0.2896,1
P0271,Healthy,1,0,Healthy,1,0.672,0.6332,0.7781,0.2957,1
P0271,Healthy,1,1,Healthy,1,0.672,0.6332,0.8114,0.2886,1
P0271,Healthy,1,2,Healthy,1,0.672,0.6332,0.8107,0.2991,1
P0271,Endodontics,0,0,Endodontics,1,0.742,0.7288,0.8365,0.2744,1
P0271,Endodontics,0,1,Endodontics,1,0.742,0.7288,0.8658,0.2744,1
P0271,Endodontics,0,2,Endodontics,1,0.742,0.7288,0.9097,0.2744,1
P0271,Endodontics,1,0,Endodontics,1,0.915,0.7105,0.9001,0.2815,1
P0271,Endodontics,1,1,Endodontics,1,0.915,0.7105,0.8082,0.2636,1
P0271,Endodontics,1,2,Endodontics,1,0.915,0.7105,0.8532,0.2753,1
P0272,Healthy,4,0,Healthy,1,0.702,0.3823,0.5492,0.3643,1
P0272,Healthy,4,1,Healthy,1,0.702,0.3823,0.449,0.1572,0
P0272,Healthy,4,2,Healthy,1,0.702,0.3823,0.6295,0.3692,1
P0272,Endodontics,1,0,Endodontics,1,0.767,0.6629,0.8104,0.2882,1
P0272,Endodontics,1,1,Endodontics,1,0.767,0.6629,0.8716,0.3017,1
P0272,Endodontics,1,2,Endodontics,1,0.767,0.6629,0.771,0.2885,1
P0272,Healthy,8,0,Healthy,1,0.654,0.5478,0.7503,0.3089,1
P0272,Healthy,8,1,Healthy,1,0.654,0.5478,0.8138,0.3026,1
P0272,Healthy,8,2,Healthy,1,0.654,0.5478,0.7958,0.3651,1
P0273,Endodontics,0,0,Endodontics,1,0.757,0.6448,0.7361,0.1821,0
P0273,Endodontics,0,1,Endodontics,1,0.757,0.6448,0.7856,0.2726,1
P0273,Endodontics,0,2,Endodontics,1,0.757,0.6448,0.71,0.2181,1
P0273,Endodontics,1,0,Endodontics,1,0.75,0.5805,0.6978,0.2749,1
P0273,Endodontics,1,1,Endodontics,1,0.75,0.5805,0.6971,0.311,1
P0273,Endodontics,1,2,Endodontics,1,0.75,0.5805,0.6573,0.217,1
P0273,Healthy,12,0,Healthy,1,0.668,0.529,0.8203,0.3781,1
P0273,Healthy,12,1,Healthy,1,0.668,0.529,0.7815,0.314,1
P0273,Healthy,12,2,Healthy,1,0.668,0.529,0.6994,0.2543,1
P0273,Endodontics,3,0,Endodontics,1,0.601,0.27,0.5747,0.4121,1
P0273,Endodontics,3,1,Endodontics,1,0.601,0.27,0.5394,0.5544,1
P0273,Endodontics,3,2,Endodontics,1,0.601,0.27,0.4938,0.4478,0
P0274,Endodontics,0,0,Endodontics,1,0.668,0.5756,0.8447,0.3109,1
P0274,Endodontics,0,1,Endodontics,1,0.668,0.5756,0.7525,0.3468,1
P0274,Endodontics,0,2,Endodontics,1,0.668,0.5756,0.8597,0.3475,1
P0274,Endodontics,1,0,Endodontics,1,0.594,0.4648,0.8306,0.4303,1
P0274,Endodontics,1,1,Endodontics,1,0.594,0.4648,0.6528,0.4297,1
P0274,Endodontics,1,2,Endodontics,1,0.594,0.4648,0.6134,0.3627,1
P0274,Healthy,3,0,Healthy,1,0.631,0.6237,0.8219,0.3159,1
P0274,Healthy,3,1,Healthy,1,0.631,0.6237,0.8622,0.3207,1
P0274,Healthy,3,2,Healthy,1,0.631,0.6237,0.8957,0.3207,1
P0274,Healthy,5,0,Healthy,1,0.613,0.5891,0.8427,0.3371,1
P0274,Healthy,5,1,Healthy,1,0.613,0.5891,0.8961,0.3395,1
P0274,Healthy,5,2,Healthy,1,0.613,0.5891,0.6522,0.2097,1
P0275,Healthy,5,0,Healthy,1,0.756,0.5183,0.7935,0.2871,1
P0275,Healthy,5,1,Impacted,0,0.756,0.5183,0.8293,0.3809,1
P0275,Healthy,5,2,Impacted,0,0.756,0.5183,0.4678,0.1379,0
P0276,Healthy,0,0,Healthy,1,0.635,0.5995,0.7943,0.3336,1
P0276,Healthy,0,1,Healthy,1,0.635,0.5995,0.9011,0.3079,1
P0276,Healthy,0,2,Healthy,1,0.635,0.5995,0.7893,0.3127,1
P0276,Healthy,2,0,Healthy,1,0.893,0.548,0.6349,0.2172,0
P0276,Healthy,2,1,Healthy,1,0.893,0.548,0.9234,0.3016,1
P0276,Healthy,2,2,Healthy,1,0.893,0.548,0.855,0.3233,1
P0276,Endodontics,0,0,Endodontics,1,0.789,0.5456,0.6281,0.2514,1
P0276,Endodontics,0,1,Endodontics,1,0.789,0.5456,0.5313,0.1685,0
P0276,Endodontics,0,2,Endodontics,1,0.789,0.5456,0.3666,0.0681,0
P0276,Endodontics,1,0,Endodontics,1,0.66,0.5234,0.8898,0.3821,1
P0276,Endodontics,1,1,Endodontics,1,0.66,0.5234,0.5088,0.1369,0
P0276,Endodontics,1,2,Endodontics,1,0.66,0.5234,0.8795,0.3821,1
P0277,Endodontics,0,0,Endodontics,1,0.826,0.7623,0.9424,0.2624,1
P0277,Endodontics,0,1,Endodontics,1,0.826,0.7623,0.9261,0.2624,1
P0277,Endodontics,0,2,Endodontics,1,0.826,0.7623,0.9126,0.2624,1
P0277,Endodontics,1,0,Endodontics,1,0.763,0.7257,0.9584,0.2756,1
P0277,Endodontics,1,1,Endodontics,1,0.763,0.7257,0.8963,0.2755,1
P0277,Endodontics,1,2,Endodontics,1,0.763,0.7257,0.9042,0.2756,1
P0277,Healthy,2,0,Healthy,1,0.695,0.6174,0.8745,0.324,1
P0277,Healthy,2,1,Healthy,1,0.695,0.6174,0.912,0.324,1
P0277,Healthy,2,2,Healthy,1,0.695,0.6174,0.7868,0.2937,1
P0277,Healthy,5,0,Healthy,1,0.512,0.4834,0.8004,0.4138,1
P0277,Healthy,5,1,Healthy,1,0.512,0.4834,0.3911,0.1044,0
P0277,Healthy,5,2,Healthy,1,0.512,0.4834,0.8224,0.4071,1
P0277,Endodontics,3,0,Endodontics,1,0.66,0.5844,0.8391,0.3423,1
P0277,Endodontics,3,1,Endodontics,1,0.66,0.5844,0.7559,0.2782,1
P0277,Endodontics,3,2,Endodontics,1,0.66,0.5844,0.7234,0.3423,1
P0277,Endodontics,4,0,Healthy,0,0.604,0.4163,0.549,0.2188,1
P0277,Endodontics,4,1,Impacted,0,0.604,0.4163,0.6917,0.2792,1
P0277,Endodontics,4,2,Healthy,0,0.604,0.4163,0.5233,0.2185,1
P0278,Healthy,6,0,Impacted,0,0.71,0.6307,0.7462,0.2193,1
P0278,Healthy,6,1,Impacted,0,0.71,0.6307,0.8749,0.3171,1
P0278,Healthy,6,2,Impacted,0,0.71,0.6307,0.8785,0.297,1
P0278,Endodontics,0,0,Endodontics,1,0.723,0.614,0.8788,0.3257,1
P0278,Endodontics,0,1,Endodontics,1,0.723,0.614,0.8829,0.3257,1
P0278,Endodontics,0,2,Endodontics,1,0.723,0.614,0.8664,0.3257,1
P0278,Healthy,16,0,Healthy,1,0.552,0.264,0.4876,0.4672,1
P0278,Healthy,16,1,Healthy,1,0.552,0.264,0.4801,0.2905,1
P0278,Healthy,16,2,Healthy,1,0.552,0.264,0.4419,0.4412,0
P0279,Healthy,8,0,Healthy,1,0.618,0.4521,0.674,0.3779,1
P0279,Healthy,8,1,Healthy,1,0.618,0.4521,0.3124,0.0404,0
P0279,Healthy,8,2,Healthy,1,0.618,0.4521,0.7265,0.4349,1
P0279,Healthy,11,0,Healthy,1,0.738,0.5726,0.8512,0.3484,1
P0279,Healthy,11,1,Healthy,1,0.738,0.5726,0.8278,0.3479,1
P0279,Healthy,11,2,Healthy,1,0.738,0.5726,0.8536,0.3376,1
P0280,Endodontics,0,0,Endodontics,1,0.856,0.7753,0.9404,0.258,1
P0280,Endodontics,0,1,Endodontics,1,0.856,0.7753,0.9279,0.258,1
P0280,Endodontics,0,2,Endodontics,1,0.856,0.7753,0.9299,0.2574,1
P0280,Endodontics,1,0,Endodontics,1,0.694,0.5668,0.8908,0.3529,1
P0280,Endodontics,1,1,Endodontics,1,0.694,0.5668,0.7767,0.3528,1
P0280,Endodontics,1,2,Endodontics,1,0.694,0.5668,0.8294,0.3503,1
P0280,Healthy,1,0,Healthy,1,0.706,0.6209,0.7512,0.2967,1
P0280,Healthy,1,1,Healthy,1,0.706,0.6209,0.7524,0.2638,1
P0280,Healthy,1,2,Healthy,1,0.706,0.6209,0.8484,0.2866,1
P0280,Healthy,9,0,Healthy,1,0.685,0.5783,0.8427,0.3458,1
P0280,Healthy,9,1,Healthy,1,0.685,0.5783,0.8275,0.3044,1
P0280,Healthy,9,2,Healthy,1,0.685,0.5783,0.7703,0.3458,1
P0280,Endodontics,2,0,Endodontics,1,0.805,0.502,0.8136,0.3444,1
P0280,Endodontics,2,1,Endodontics,1,0.805,0.502,0.591,0.2499,1
P0280,Endodontics,2,2,Endodontics,1,0.805,0.502,0.7518,0.353,1
P0281,Healthy,5,0,Healthy,1,0.816,0.7812,0.9244,0.2531,1
P0281,Healthy,5,1,Healthy,1,0.816,0.7812,0.9499,0.254,1
P0281,Healthy,5,2,Healthy,1,0.816,0.7812,0.8477,0.2006,1
P0281,Endodontics,0,0,Endodontics,1,0.545,0.5327,0.7777,0.3734,1
P0281,Endodontics,0,1,Endodontics,1,0.545,0.5327,0.7042,0.3745,1
P0281,Endodontics,0,2,Endodontics,1,0.545,0.5327,0.6107,0.2691,1
P0281,Endodontics,1,0,Endodontics,1,0.759,0.7267,0.9408,0.2754,1
P0281,Endodontics,1,1,Endodontics,1,0.759,0.7267,0.9233,0.2617,1
P0281,Endodontics,1,2,Healthy,0,0.759,0.7267,0.4018,0.0574,0
P0281,Endodontics,2,0,Endodontics,1,0.699,0.7454,0.9652,0.2683,1
P0281,Endodontics,2,1,Endodontics,1,0.699,0.7454,0.893,0.2683,1
P0281,Endodontics,2,2,Endodontics,1,0.699,0.7454,0.9739,0.2683,1
P0282,Healthy,6,0,Healthy,1,0.72,0.5859,0.7362,0.3316,1
P0282,Healthy,6,1,Healthy,1,0.72,0.5859,0.6932,0.2661,1
P0282,Healthy,6,2,Healthy,1,0.72,0.5859,0.7805,0.3062,1
P0282,Healthy,8,0,Healthy,1,0.618,0.5474,0.8201,0.3654,1
P0282,Healthy,8,1,Healthy,1,0.618,0.5474,0.7468,0.3649,1
P0282,Healthy,8,2,Healthy,1,0.618,0.5474,0.8452,0.3654,1
P0283,Healthy,1,0,Healthy,1,0.82,0.6022,0.6899,0.3048,1
P0283,Healthy,1,1,Healthy,1,0.82,0.6022,0.4605,0.1121,0
P0283,Healthy,1,2,Healthy,1,0.82,0.6022,0.9018,0.3227,1
P0283,Healthy,5,0,Healthy,1,0.634,0.5729,0.8114,0.3272,1
P0283,Healthy,5,1,Healthy,1,0.634,0.5729,0.6543,0.2911,1
P0283,Healthy,5,2,Healthy,1,0.634,0.5729,0.8334,0.349,1
P0029,Endodontics,0,0,Endodontics,1,0.681,0.7934,0.9175,0.252,1
P0029,Endodontics,0,1,Endodontics,1,0.681,0.7934,0.9046,0.2521,1
P0029,Endodontics,0,2,Endodontics,1,0.681,0.7934,0.8854,0.2521,1
P0029,Endodontics,1,0,Endodontics,1,0.809,0.7558,0.7527,0.2419,1
P0029,Endodontics,1,1,Endodontics,1,0.809,0.7558,0.7712,0.2572,1
P0029,Endodontics,1,2,Endodontics,1,0.809,0.7558,0.675,0.1395,1
P0029,Endodontics,2,0,Endodontics,1,0.744,0.5159,0.7234,0.3325,1
P0029,Endodontics,2,1,Endodontics,1,0.744,0.5159,0.6763,0.3678,1
P0029,Endodontics,2,2,Endodontics,1,0.744,0.5159,0.4745,0.1648,1
P0285,Healthy,2,0,Healthy,1,0.697,0.6301,0.8542,0.3169,1
P0285,Healthy,2,1,Healthy,1,0.697,0.6301,0.8437,0.2485,1
P0285,Healthy,2,2,Healthy,1,0.697,0.6301,0.7041,0.2396,1
P0288,Impacted,0,0,Impacted,1,0.613,0.4015,0.5492,0.4128,1
P0288,Impacted,0,1,Impacted,1,0.613,0.4015,0.5845,0.4877,1
P0288,Impacted,0,2,Impacted,1,0.613,0.4015,0.6362,0.3228,1
P0288,Endodontics,0,0,Healthy,0,0.79,0.6556,0.6791,0.223,1
P0288,Endodontics,0,1,Endodontics,1,0.79,0.6556,0.5443,0.1338,1
P0288,Endodontics,0,2,Impacted,0,0.79,0.6556,0.7124,0.2251,1
P0288,Healthy,16,0,Healthy,1,0.608,0.3845,0.7517,0.4341,1
P0288,Healthy,16,1,Healthy,1,0.608,0.3845,0.1319,0.3845,0
P0288,Healthy,16,2,Endodontics,0,0.608,0.3845,0.2517,0.0878,0
P0289,Endodontics,0,0,Endodontics,1,0.716,0.3126,0.4939,0.2636,0
P0289,Endodontics,0,1,Endodontics,1,0.716,0.3126,0.4851,0.3606,1
P0289,Endodontics,0,2,Endodontics,1,0.716,0.3126,0.4875,0.3257,1
P0289,Healthy,0,0,Healthy,1,0.589,0.3538,0.5136,0.3957,1
P0289,Healthy,0,1,Healthy,1,0.589,0.3538,0.4003,0.1378,0
P0289,Healthy,0,2,Healthy,1,0.589,0.3538,0.4204,0.232,0
P0289,Endodontics,2,0,Endodontics,1,0.555,0.3104,0.6097,0.5036,1
P0289,Endodontics,2,1,Endodontics,1,0.555,0.3104,0.5971,0.6179,1
P0289,Endodontics,2,2,Endodontics,1,0.555,0.3104,0.5545,0.5472,1
P0289,Endodontics,3,0,Endodontics,1,0.675,0.6385,0.909,0.3132,1
P0289,Endodontics,3,1,Endodontics,1,0.675,0.6385,0.8408,0.3132,1
P0289,Endodontics,3,2,Endodontics,1,0.675,0.6385,0.8573,0.3132,1
P0289,Endodontics,4,0,Endodontics,1,0.746,0.5523,0.7931,0.3157,1
P0289,Endodontics,4,1,Endodontics,1,0.746,0.5523,0.8111,0.3467,1
P0289,Endodontics,4,2,Endodontics,1,0.746,0.5523,0.7422,0.3392,1
P0289,Endodontics,5,0,Endodontics,1,0.692,0.7013,0.967,0.2852,1
P0289,Endodontics,5,1,Endodontics,1,0.692,0.7013,0.9352,0.2852,1
P0289,Endodontics,5,2,Endodontics,1,0.692,0.7013,0.8571,0.2852,1
P0289,Endodontics,6,0,Endodontics,1,0.745,0.6998,0.8643,0.2811,1
P0289,Endodontics,6,1,Endodontics,1,0.745,0.6998,0.9101,0.2858,1
P0289,Endodontics,6,2,Endodontics,1,0.745,0.6998,0.9239,0.2858,1
P0290,Healthy,2,0,Healthy,1,0.868,0.6804,0.803,0.2939,1
P0290,Healthy,2,1,Healthy,1,0.868,0.6804,0.857,0.2574,1
P0290,Healthy,2,2,Healthy,1,0.868,0.6804,0.8044,0.2909,1
P0290,Endodontics,0,0,Endodontics,1,0.621,0.5686,0.83,0.3511,1
P0290,Endodontics,0,1,Endodontics,1,0.621,0.5686,0.7083,0.2839,1
P0290,Endodontics,0,2,Endodontics,1,0.621,0.5686,0.585,0.1568,0
P0290,Endodontics,1,0,Endodontics,1,0.755,0.548,0.673,0.3351,1
P0290,Endodontics,1,1,Endodontics,1,0.755,0.548,0.6083,0.1916,1
P0290,Endodontics,1,2,Endodontics,1,0.755,0.548,0.5287,0.1494,0
P0290,Healthy,6,0,Healthy,1,0.867,0.5816,0.6953,0.2658,1
P0290,Healthy,6,1,Healthy,1,0.867,0.5816,0.6495,0.2569,1
P0290,Healthy,6,2,Healthy,1,0.867,0.5816,0.6952,0.2206,1
P0293,Endodontics,0,0,Endodontics,1,0.509,0.2881,0.6454,0.5891,1
P0293,Endodontics,0,1,Endodontics,1,0.509,0.2881,0.3449,0.1769,0
P0293,Endodontics,0,2,Endodontics,1,0.509,0.2881,0.3026,0.2343,1
P0293,Healthy,21,0,Healthy,1,0.869,0.6108,0.8105,0.3252,1
P0293,Healthy,21,1,Healthy,1,0.869,0.6108,0.4291,0.1067,0
P0293,Healthy,21,2,Healthy,1,0.869,0.6108,0.8367,0.3273,1
P0294,Healthy,0,0,Healthy,1,0.525,0.465,0.5392,0.2169,1
P0294,Healthy,0,1,Healthy,1,0.525,0.465,0.5448,0.1879,1
P0294,Healthy,0,2,Healthy,1,0.525,0.465,0.5214,0.1735,0
P0294,Healthy,6,0,Healthy,1,0.753,0.6475,0.8717,0.3083,1
P0294,Healthy,6,1,Healthy,1,0.753,0.6475,0.6936,0.2389,1
P0294,Healthy,6,2,Healthy,1,0.753,0.6475,0.8403,0.2906,1
P0295,Endodontics,0,0,Endodontics,1,0.63,0.4994,0.7941,0.3378,1
P0295,Endodontics,0,1,Endodontics,1,0.63,0.4994,0.8543,0.4005,1
P0295,Endodontics,0,2,Endodontics,1,0.63,0.4994,0.7651,0.3298,1
P0295,Endodontics,1,0,Endodontics,1,0.613,0.5106,0.8357,0.3655,1
P0295,Endodontics,1,1,Endodontics,1,0.613,0.5106,0.8483,0.3915,1
P0295,Endodontics,1,2,Endodontics,1,0.613,0.5106,0.8006,0.3893,1
P0295,Endodontics,2,0,Endodontics,1,0.678,0.4726,0.8247,0.3725,1
P0295,Endodontics,2,1,Endodontics,1,0.678,0.4726,0.7503,0.4213,1
P0295,Endodontics,2,2,Endodontics,1,0.678,0.4726,0.6976,0.3551,1
P0295,Healthy,3,0,Healthy,1,0.59,0.6158,0.81,0.2883,1
P0295,Healthy,3,1,Healthy,1,0.59,0.6158,0.8215,0.2686,1
P0295,Healthy,3,2,Healthy,1,0.59,0.6158,0.7731,0.3116,1
P0295,Healthy,4,0,Healthy,1,0.603,0.6202,0.8516,0.3225,1
P0295,Healthy,4,1,Healthy,1,0.603,0.6202,0.7805,0.2573,1
P0295,Healthy,4,2,Healthy,1,0.603,0.6202,0.7022,0.2582,1
P0295,Endodontics,3,0,Endodontics,1,0.766,0.5807,0.8231,0.3444,1
P0295,Endodontics,3,1,Endodontics,1,0.766,0.5807,0.4968,0.1114,0
P0295,Endodontics,3,2,Endodontics,1,0.766,0.5807,0.7828,0.32,1
P0296,Endodontics,0,0,Endodontics,1,0.665,0.596,0.8863,0.3305,1
P0296,Endodontics,0,1,Endodontics,1,0.665,0.596,0.869,0.3356,1
P0296,Endodontics,0,2,Endodontics,1,0.665,0.596,0.9003,0.3356,1
P0296,Endodontics,1,0,Endodontics,1,0.743,0.6197,0.9255,0.3228,1
P0296,Endodontics,1,1,Endodontics,1,0.743,0.6197,0.8855,0.3228,1
P0296,Endodontics,1,2,Endodontics,1,0.743,0.6197,0.9211,0.3228,1
P0296,Endodontics,2,0,Endodontics,1,0.695,0.6967,0.9432,0.2871,1
P0296,Endodontics,2,1,Endodontics,1,0.695,0.6967,0.9371,0.2871,1
P0296,Endodontics,2,2,Endodontics,1,0.695,0.6967,0.9026,0.2871,1
P0296,Healthy,0,0,Healthy,1,0.695,0.4655,0.5967,0.3575,1
P0296,Healthy,0,1,Healthy,1,0.695,0.4655,0.8171,0.3719,1
P0296,Healthy,0,2,Healthy,1,0.695,0.4655,0.5442,0.2339,1
P0296,Endodontics,3,0,Endodontics,1,0.697,0.6,0.8096,0.3026,1
P0296,Endodontics,3,1,Endodontics,1,0.697,0.6,0.821,0.3195,1
P0296,Endodontics,3,2,Endodontics,1,0.697,0.6,0.7588,0.3289,1
P0296,Healthy,13,0,Healthy,1,0.621,0.4744,0.6555,0.3804,1
P0296,Healthy,13,1,Healthy,1,0.621,0.4744,0.5235,0.2075,0
P0296,Healthy,13,2,Healthy,1,0.621,0.4744,0.5636,0.2591,1
P0296,Endodontics,4,0,Endodontics,1,0.588,0.3125,0.5685,0.4962,1
P0296,Endodontics,4,1,Endodontics,1,0.588,0.3125,0.4789,0.4557,1
P0296,Endodontics,4,2,Endodontics,1,0.588,0.3125,0.5578,0.5204,0
P0298,Healthy,1,0,Healthy,1,0.709,0.4891,0.7446,0.4053,1
P0298,Healthy,1,1,Healthy,1,0.709,0.4891,0.4333,0.1193,1
P0298,Healthy,1,2,Healthy,1,0.709,0.4891,0.8135,0.4891,1
P0298,Healthy,3,0,Healthy,1,0.639,0.6161,0.7256,0.2378,0
P0298,Healthy,3,1,Healthy,1,0.639,0.6161,0.9024,0.3241,1
P0298,Healthy,3,2,Healthy,1,0.639,0.6161,0.6488,0.1993,1
P0299,Healthy,0,0,Healthy,1,0.696,0.4972,0.5775,0.2887,1
P0299,Healthy,0,1,Impacted,0,0.696,0.4972,0.7947,0.4004,1
P0299,Healthy,0,2,Healthy,1,0.696,0.4972,0.6556,0.2393,1
P0299,Healthy,11,0,Healthy,1,0.873,0.6609,0.7962,0.3003,1
P0299,Healthy,11,1,Healthy,1,0.873,0.6609,0.8384,0.2717,1
P0299,Healthy,11,2,Healthy,1,0.873,0.6609,0.8197,0.2973,1
P0300,Healthy,23,0,Healthy,1,0.536,0.2605,0.4002,0.4383,1
P0300,Healthy,23,1,Healthy,1,0.536,0.2605,0.4509,0.3253,1
P0300,Healthy,23,2,Healthy,1,0.536,0.2605,0.4317,0.3088,1
P0302,Healthy,2,0,Healthy,1,0.635,0.572,0.7616,0.3047,1
P0302,Healthy,2,1,Healthy,1,0.635,0.572,0.8837,0.2969,1
P0302,Healthy,2,2,Healthy,1,0.635,0.572,0.76,0.2757,1
P0303,Endodontics,0,0,Endodontics,1,0.738,0.6332,0.9285,0.3159,1
P0303,Endodontics,0,1,Endodontics,1,0.738,0.6332,0.9468,0.3159,1
P0303,Endodontics,0,2,Endodontics,1,0.738,0.6332,0.9408,0.3159,1
P0030,Healthy,3,0,Healthy,1,0.885,0.8051,0.9207,0.2484,1
P0030,Healthy,3,1,Healthy,1,0.885,0.8051,0.7017,0.1716,1
P0030,Healthy,3,2,Healthy,1,0.885,0.8051,0.8879,0.2484,1
P0030,Healthy,4,0,Healthy,1,0.919,0.8419,0.9702,0.2376,1
P0030,Healthy,4,1,Healthy,1,0.919,0.8419,0.9332,0.2205,1
P0030,Healthy,4,2,Healthy,1,0.919,0.8419,0.9398,0.2376,1
P0306,Impacted,0,0,Impacted,1,0.724,0.4633,0.6401,0.3302,1
P0306,Impacted,0,1,Impacted,1,0.724,0.4633,0.5937,0.2563,1
P0306,Impacted,0,2,Impacted,1,0.724,0.4633,0.6349,0.2374,1
P0306,Healthy,0,0,Impacted,0,0.886,0.5739,0.7122,0.2711,1
P0306,Healthy,0,1,Impacted,0,0.886,0.5739,0.7807,0.3435,1
P0306,Healthy,0,2,Impacted,0,0.886,0.5739,0.6784,0.2141,0
P0306,Healthy,3,0,Healthy,1,0.679,0.3882,0.4568,0.2611,1
P0306,Healthy,3,1,Healthy,1,0.679,0.3882,0.4325,0.1949,0
P0306,Healthy,3,2,Healthy,1,0.679,0.3882,0.5634,0.3194,1
P0306,Impacted,1,0,Impacted,1,0.71,0.4287,0.6852,0.456,1
P0306,Impacted,1,1,Impacted,1,0.71,0.4287,0.7358,0.448,1
P0306,Impacted,1,2,Impacted,1,0.71,0.4287,0.571,0.2893,1
P0307,Endodontics,0,0,Endodontics,1,0.762,0.577,0.8942,0.3467,1
P0307,Endodontics,0,1,Endodontics,1,0.762,0.577,0.7791,0.3467,1
P0307,Endodontics,0,2,Endodontics,1,0.762,0.577,0.8553,0.3467,1
P0307,Endodontics,1,0,Endodontics,1,0.764,0.6563,0.9044,0.3048,1
P0307,Endodontics,1,1,Endodontics,1,0.764,0.6563,0.8337,0.2978,1
P0307,Endodontics,1,2,Endodontics,1,0.764,0.6563,0.9208,0.3048,1
P0307,Healthy,2,0,Healthy,1,0.614,0.6919,0.9212,0.2891,1
P0307,Healthy,2,1,Healthy,1,0.614,0.6919,0.8052,0.2011,1
P0307,Healthy,2,2,Healthy,1,0.614,0.6919,0.8291,0.2564,1
P0307,Endodontics,3,0,Endodontics,1,0.579,0.3949,0.5719,0.2598,1
P0307,Endodontics,3,1,Endodontics,1,0.579,0.3949,0.5846,0.4461,1
P0307,Endodontics,3,2,Endodontics,1,0.579,0.3949,0.6065,0.4952,1
P0309,Endodontics,0,0,Endodontics,1,0.636,0.55,0.8677,0.3637,1
P0309,Endodontics,0,1,Endodontics,1,0.636,0.55,0.7818,0.3626,1
P0309,Endodontics,0,2,Healthy,0,0.636,0.55,0.2758,0.0464,0
P0309,Healthy,6,0,Healthy,1,0.773,0.5073,0.6834,0.3089,1
P0309,Healthy,6,1,Healthy,1,0.773,0.5073,0.7348,0.3588,1
P0309,Healthy,6,2,Healthy,1,0.773,0.5073,0.7785,0.3482,1
P0309,Healthy,8,0,Healthy,1,0.654,0.6076,0.8348,0.3292,1
P0309,Healthy,8,1,Healthy,1,0.654,0.6076,0.8436,0.3154,1
P0309,Healthy,8,2,Healthy,1,0.654,0.6076,0.825,0.3279,1
P0031,Endodontics,0,0,Endodontics,1,0.895,0.7178,0.908,0.2786,1
P0031,Endodontics,0,1,Endodontics,1,0.895,0.7178,0.791,0.2366,1
P0031,Endodontics,0,2,Endodontics,1,0.895,0.7178,0.9074,0.2786,1
P0031,Endodontics,1,0,Endodontics,1,0.801,0.7953,0.9668,0.2515,1
P0031,Endodontics,1,1,Endodontics,1,0.801,0.7953,0.9245,0.2515,1
P0031,Endodontics,1,2,Endodontics,1,0.801,0.7953,0.811,0.1859,1
P0031,Healthy,2,0,Healthy,1,0.827,0.7008,0.9023,0.2854,1
P0031,Healthy,2,1,Healthy,1,0.827,0.7008,0.8471,0.2158,1
P0031,Healthy,2,2,Healthy,1,0.827,0.7008,0.8625,0.2538,1
P0310,Endodontics,0,0,Endodontics,1,0.764,0.6338,0.8734,0.3156,1
P0310,Endodontics,0,1,Endodontics,1,0.764,0.6338,0.854,0.3156,1
P0310,Endodontics,0,2,Endodontics,1,0.764,0.6338,0.8183,0.3156,1
P0310,Endodontics,1,0,Endodontics,1,0.884,0.837,0.932,0.2144,1
P0310,Endodontics,1,1,Endodontics,1,0.884,0.837,0.8831,0.1941,1
P0310,Endodontics,1,2,Endodontics,1,0.884,0.837,0.9122,0.2132,1
P0310,Endodontics,2,0,Endodontics,1,0.741,0.7078,0.9158,0.2826,1
P0310,Endodontics,2,1,Endodontics,1,0.741,0.7078,0.8461,0.282,1
P0310,Endodontics,2,2,Endodontics,1,0.741,0.7078,0.9047,0.2826,1
P0310,Endodontics,3,0,Endodontics,1,0.734,0.7736,0.976,0.2585,1
P0310,Endodontics,3,1,Endodontics,1,0.734,0.7736,0.899,0.2585,1
P0310,Endodontics,3,2,Endodontics,1,0.734,0.7736,0.943,0.2585,1
P0310,Endodontics,4,0,Endodontics,1,0.857,0.7904,0.9449,0.253,1
P0310,Endodontics,4,1,Endodontics,1,0.857,0.7904,0.8746,0.2478,1
P0310,Endodontics,4,2,Endodontics,1,0.857,0.7904,0.9436,0.253,1
P0310,Endodontics,5,0,Endodontics,1,0.767,0.7277,0.9519,0.2749,1
P0310,Endodontics,5,1,Endodontics,1,0.767,0.7277,0.8977,0.2749,1
P0310,Endodontics,5,2,Endodontics,1,0.767,0.7277,0.8966,0.2529,1
P0310,Endodontics,6,0,Endodontics,1,0.712,0.4872,0.6411,0.3076,1
P0310,Endodontics,6,1,Endodontics,1,0.712,0.4872,0.5844,0.2926,1
P0310,Endodontics,6,2,Endodontics,1,0.712,0.4872,0.5679,0.2419,1
P0310,Healthy,0,0,Healthy,1,0.769,0.6914,0.8887,0.2893,1
P0310,Healthy,0,1,Healthy,1,0.769,0.6914,0.929,0.2893,1
P0310,Healthy,0,2,Healthy,1,0.769,0.6914,0.8263,0.2663,1
P0310,Healthy,1,0,Healthy,1,0.52,0.6548,0.9109,0.3054,1
P0310,Healthy,1,1,Healthy,1,0.52,0.6548,0.7229,0.206,1
P0310,Healthy,1,2,Healthy,1,0.52,0.6548,0.9122,0.3054,1
P0312,Healthy,2,0,Healthy,1,0.585,0.5548,0.7431,0.3451,1
P0312,Healthy,2,1,Healthy,1,0.585,0.5548,0.7457,0.3214,1
P0312,Healthy,2,2,Healthy,1,0.585,0.5548,0.6673,0.2453,1
P0312,Endodontics,0,0,Endodontics,1,0.697,0.5944,0.8882,0.3357,1
P0312,Endodontics,0,1,Endodontics,1,0.697,0.5944,0.8528,0.3223,1
P0312,Endodontics,0,2,Endodontics,1,0.697,0.5944,0.7993,0.3293,1
P0312,Healthy,10,0,Healthy,1,0.756,0.6732,0.8779,0.2973,1
P0312,Healthy,10,1,Healthy,1,0.756,0.6732,0.7674,0.2176,1
P0312,Healthy,10,2,Healthy,1,0.756,0.6732,0.8603,0.2968,1
P0313,Endodontics,0,0,Endodontics,1,0.534,0.5057,0.7714,0.3895,1
P0313,Endodontics,0,1,Endodontics,1,0.534,0.5057,0.7612,0.3955,1
P0313,Endodontics,0,2,Endodontics,1,0.534,0.5057,0.6162,0.3897,1
P0313,Endodontics,1,0,Endodontics,1,0.645,0.5282,0.7739,0.3627,1
P0313,Endodontics,1,1,Endodontics,1,0.645,0.5282,0.7731,0.3787,1
P0313,Endodontics,1,2,Endodontics,1,0.645,0.5282,0.6269,0.2019,1
P0313,Endodontics,2,0,Endodontics,1,0.731,0.6655,0.8678,0.294,1
P0313,Endodontics,2,1,Endodontics,1,0.731,0.6655,0.8292,0.3005,1
P0313,Endodontics,2,2,Endodontics,1,0.731,0.6655,0.7981,0.3005,1
P0313,Endodontics,3,0,Endodontics,1,0.648,0.5962,0.8458,0.32,1
P0313,Endodontics,3,1,Endodontics,1,0.648,0.5962,0.7574,0.3355,1
P0313,Endodontics,3,2,Endodontics,1,0.648,0.5962,0.7715,0.3355,1
P0313,Healthy,0,0,Healthy,1,0.682,0.6557,0.867,0.3018,1
P0313,Healthy,0,1,Healthy,1,0.682,0.6557,0.754,0.2577,1
P0313,Healthy,0,2,Healthy,1,0.682,0.6557,0.7229,0.249,1
P0313,Healthy,2,0,Healthy,1,0.664,0.5967,0.831,0.3352,1
P0313,Healthy,2,1,Healthy,1,0.664,0.5967,0.8248,0.3215,1
P0313,Healthy,2,2,Healthy,1,0.664,0.5967,0.8915,0.3352,1
P0314,Healthy,4,0,Healthy,1,0.702,0.6293,0.8533,0.3065,1
P0314,Healthy,4,1,Healthy,1,0.702,0.6293,0.8209,0.268,1
P0314,Healthy,4,2,Healthy,1,0.702,0.6293,0.8238,0.2935,1
P0314,Healthy,5,0,Healthy,1,0.703,0.5544,0.7765,0.3584,1
P0314,Healthy,5,1,Healthy,1,0.703,0.5544,0.491,0.1059,0
P0314,Healthy,5,2,Healthy,1,0.703,0.5544,0.6097,0.1706,1
P0315,Endodontics,0,0,Endodontics,1,0.75,0.9141,0.9742,0.2188,1
P0315,Endodontics,0,1,Endodontics,1,0.75,0.9141,0.9721,0.2188,1
P0315,Endodontics,0,2,Endodontics,1,0.75,0.9141,0.9337,0.2188,1
P0315,Endodontics,1,0,Endodontics,1,0.798,0.8774,0.9517,0.228,1
P0315,Endodontics,1,1,Endodontics,1,0.798,0.8774,0.8847,0.2234,1
P0315,Endodontics,1,2,Endodontics,1,0.798,0.8774,0.9515,0.228,1
P0315,Endodontics,2,0,Endodontics,1,0.734,0.7333,0.9625,0.2728,1
P0315,Endodontics,2,1,Endodontics,1,0.734,0.7333,0.9621,0.2728,1
P0315,Endodontics,2,2,Endodontics,1,0.734,0.7333,0.9272,0.2728,1
P0315,Endodontics,3,0,Endodontics,1,0.647,0.6161,0.9219,0.3246,1
P0315,Endodontics,3,1,Endodontics,1,0.647,0.6161,0.8907,0.3246,1
P0315,Endodontics,3,2,Endodontics,1,0.647,0.6161,0.9344,0.3246,1
P0315,Endodontics,4,0,Endodontics,1,0.675,0.6158,0.8626,0.3248,1
P0315,Endodontics,4,1,Endodontics,1,0.675,0.6158,0.9237,0.3248,1
P0315,Endodontics,4,2,Endodontics,1,0.675,0.6158,0.893,0.3248,1
P0315,Healthy,6,0,Healthy,1,0.75,0.5056,0.6093,0.2419,1
P0315,Healthy,6,1,Healthy,1,0.75,0.5056,0.6639,0.2875,1
P0315,Healthy,6,2,Healthy,1,0.75,0.5056,0.6896,0.3213,1
P0315,Endodontics,5,0,Endodontics,1,0.572,0.2804,0.5515,0.4767,1
P0315,Endodontics,5,1,Endodontics,1,0.572,0.2804,0.5204,0.5075,1
P0315,Endodontics,5,2,Endodontics,1,0.572,0.2804,0.4863,0.4334,0
P0316,Healthy,0,0,Healthy,1,0.814,0.6731,0.8657,0.2741,1
P0316,Healthy,0,1,Healthy,1,0.814,0.6731,0.6726,0.1841,1
P0316,Healthy,0,2,Impacted,0,0.814,0.6731,0.8529,0.2924,1
P0316,Healthy,10,0,Healthy,1,0.785,0.5699,0.7293,0.3163,1
P0316,Healthy,10,1,Healthy,1,0.785,0.5699,0.7638,0.3047,1
P0316,Healthy,10,2,Healthy,1,0.785,0.5699,0.7989,0.3318,1
P0032,Impacted,0,0,Impacted,1,0.737,0.5406,0.6694,0.3429,1
P0032,Impacted,0,1,Impacted,1,0.737,0.5406,0.7049,0.37,1
P0032,Impacted,0,2,Impacted,1,0.737,0.5406,0.7513,0.3393,1
P0032,Impacted,1,0,Impacted,1,0.61,0.5409,0.6736,0.3475,1
P0032,Impacted,1,1,Impacted,1,0.61,0.5409,0.7227,0.361,1
P0032,Impacted,1,2,Impacted,1,0.61,0.5409,0.5859,0.1927,1
P0032,Healthy,2,0,Healthy,1,0.818,0.6938,0.8406,0.2442,1
P0032,Healthy,2,1,Healthy,1,0.818,0.6938,0.9297,0.2883,1
P0032,Healthy,2,2,Healthy,1,0.818,0.6938,0.8921,0.2883,1
P0032,Healthy,3,0,Healthy,1,0.856,0.7746,0.9239,0.2582,1
P0032,Healthy,3,1,Healthy,1,0.856,0.7746,0.9614,0.2582,1
P0032,Healthy,3,2,Healthy,1,0.856,0.7746,0.7647,0.1878,1
P0032,Endodontics,0,0,Endodontics,1,0.8,0.4065,0.6059,0.3545,1
P0032,Endodontics,0,1,Endodontics,1,0.8,0.4065,0.5229,0.3061,1
P0032,Endodontics,0,2,Endodontics,1,0.8,0.4065,0.5622,0.3577,1
P0319,Healthy,4,0,Healthy,1,0.747,0.6603,0.8782,0.3029,1
P0319,Healthy,4,1,Healthy,1,0.747,0.6603,0.9221,0.3029,1
P0319,Healthy,4,2,Healthy,1,0.747,0.6603,0.8879,0.3029,1
P0319,Healthy,8,0,Healthy,1,0.719,0.7003,0.8965,0.2856,1
P0319,Healthy,8,1,Healthy,1,0.719,0.7003,0.7287,0.2423,1
P0319,Healthy,8,2,Healthy,1,0.719,0.7003,0.7896,0.2493,1
P0320,Impacted,0,0,Impacted,1,0.725,0.4648,0.5457,0.2183,1
P0320,Impacted,0,1,Impacted,1,0.725,0.4648,0.5974,0.2994,1
P0320,Impacted,0,2,Impacted,1,0.725,0.4648,0.4697,0.15,0
P0320,Healthy,24,0,Healthy,1,0.518,0.2949,0.5132,0.5468,1
P0320,Healthy,24,1,Healthy,1,0.518,0.2949,0.4725,0.2407,1
P0320,Healthy,24,2,Healthy,1,0.518,0.2949,0.5118,0.4276,1
P0321,Healthy,3,0,Healthy,1,0.802,0.6657,0.8512,0.2783,1
P0321,Healthy,3,1,Healthy,1,0.802,0.6657,0.6693,0.2127,1
P0321,Healthy,3,2,Healthy,1,0.802,0.6657,0.8642,0.3004,1
P0321,Healthy,5,0,Healthy,1,0.724,0.6696,0.8411,0.2979,1
P0321,Healthy,5,1,Healthy,1,0.724,0.6696,0.7477,0.2653,1
P0321,Healthy,5,2,Healthy,1,0.724,0.6696,0.8599,0.2962,1
P0322,Healthy,0,0,Healthy,1,0.87,0.6761,0.8546,0.2658,1
P0322,Healthy,0,1,Healthy,1,0.87,0.6761,0.6275,0.1483,1
P0322,Healthy,0,2,Impacted,0,0.87,0.6761,0.8552,0.2501,1
P0322,Healthy,10,0,Healthy,1,0.838,0.6171,0.686,0.2301,1
P0322,Healthy,10,1,Healthy,1,0.838,0.6171,0.8397,0.302,1
P0322,Healthy,10,2,Healthy,1,0.838,0.6171,0.8159,0.3221,1
P0323,Healthy,4,0,Healthy,1,0.807,0.6662,0.7569,0.2167,0
P0323,Healthy,4,1,Healthy,1,0.807,0.6662,0.8065,0.2589,1
P0323,Healthy,4,2,Healthy,1,0.807,0.6662,0.861,0.3002,1
P0323,Healthy,11,0,Healthy,1,0.657,0.4658,0.7025,0.4294,1
P0323,Healthy,11,1,Healthy,1,0.657,0.4658,0.7118,0.2892,1
P0323,Healthy,11,2,Healthy,1,0.657,0.4658,0.6727,0.2965,1
P0325,Endodontics,0,0,Endodontics,1,0.708,0.5185,0.82,0.3752,1
P0325,Endodontics,0,1,Endodontics,1,0.708,0.5185,0.6958,0.343,1
P0325,Endodontics,0,2,Endodontics,1,0.708,0.5185,0.7564,0.3747,1
P0328,Healthy,1,0,Healthy,1,0.589,0.5315,0.6303,0.2215,0
P0328,Healthy,1,1,Healthy,1,0.589,0.5315,0.8578,0.3446,1
P0328,Healthy,1,2,Healthy,1,0.589,0.5315,0.667,0.3009,1
P0328,Endodontics,0,0,Endodontics,1,0.756,0.75,0.9504,0.2667,1
P0328,Endodontics,0,1,Endodontics,1,0.756,0.75,0.8639,0.2667,1
P0328,Endodontics,0,2,Endodontics,1,0.756,0.75,0.8902,0.2599,1
P0328,Healthy,2,0,Healthy,1,0.902,0.7363,0.7862,0.225,1
P0328,Healthy,2,1,Healthy,1,0.902,0.7363,0.9368,0.2705,1
P0328,Healthy,2,2,Healthy,1,0.902,0.7363,0.856,0.2682,1
P0033,Healthy,5,0,Healthy,1,0.675,0.465,0.6536,0.4263,1
P0033,Healthy,5,1,Healthy,1,0.675,0.465,0.4043,0.147,0
P0033,Healthy,5,2,Healthy,1,0.675,0.465,0.6567,0.3229,1
P0332,Endodontics,0,0,Endodontics,1,0.652,0.64,0.8985,0.3125,1
P0332,Endodontics,0,1,Endodontics,1,0.652,0.64,0.8836,0.3125,1
P0332,Endodontics,0,2,Endodontics,1,0.652,0.64,0.8839,0.3125,1
P0332,Healthy,2,0,Healthy,1,0.589,0.6683,0.8917,0.296,1
P0332,Healthy,2,1,Healthy,1,0.589,0.6683,0.7096,0.2543,1
P0332,Healthy,2,2,Healthy,1,0.589,0.6683,0.7804,0.2598,1
P0332,Healthy,3,0,Healthy,1,0.699,0.6389,0.7717,0.2456,1
P0332,Healthy,3,1,Healthy,1,0.699,0.6389,0.9314,0.3097,1
P0332,Healthy,3,2,Healthy,1,0.699,0.6389,0.7509,0.2503,1
P0332,Endodontics,1,0,Endodontics,1,0.676,0.5686,0.8059,0.3488,1
P0332,Endodontics,1,1,Endodontics,1,0.676,0.5686,0.7235,0.3334,1
P0332,Endodontics,1,2,Endodontics,1,0.676,0.5686,0.7675,0.3193,1
P0333,Healthy,19,0,Healthy,1,0.615,0.2734,0.4664,0.4721,1
P0333,Healthy,19,1,Healthy,1,0.615,0.2734,0.2817,0.1331,1
P0333,Healthy,19,2,Healthy,1,0.615,0.2734,0.43,0.3444,1
P0034,Endodontics,0,0,Endodontics,1,0.854,0.889,0.9402,0.2234,1
P0034,Endodontics,0,1,Endodontics,1,0.854,0.889,0.9878,0.2216,1
P0034,Endodontics,0,2,Endodontics,1,0.854,0.889,0.9326,0.2234,1
P0034,Endodontics,1,0,Endodontics,1,0.709,0.4249,0.4353,0.1604,1
P0034,Endodontics,1,1,Healthy,0,0.709,0.4249,0.465,0.1832,0
P0034,Endodontics,1,2,Healthy,0,0.709,0.4249,0.6189,0.2259,1
P0034,Endodontics,2,0,Endodontics,1,0.876,0.7328,0.8868,0.273,1
P0034,Endodontics,2,1,Endodontics,1,0.876,0.7328,0.7934,0.273,1
P0034,Endodontics,2,2,Endodontics,1,0.876,0.7328,0.8075,0.273,1
P0034,Endodontics,3,0,Healthy,0,0.612,0.3386,0.3674,0.1881,1
P0034,Endodontics,3,1,Endodontics,1,0.612,0.3386,0.6206,0.5277,1
P0034,Endodontics,3,2,Endodontics,1,0.612,0.3386,0.5108,0.468,1
P0034,Healthy,4,0,Healthy,1,0.88,0.7923,0.9683,0.2524,1
P0034,Healthy,4,1,Healthy,1,0.88,0.7923,0.8848,0.2424,1
P0034,Healthy,4,2,Healthy,1,0.88,0.7923,0.9502,0.2524,1
P0034,Healthy,5,0,Healthy,1,0.853,0.7916,0.9637,0.2527,1
P0034,Healthy,5,1,Healthy,1,0.853,0.7916,0.9562,0.2527,1
P0034,Healthy,5,2,Healthy,1,0.853,0.7916,0.9523,0.2527,1
P0034,Endodontics,4,0,Endodontics,1,0.749,0.423,0.7561,0.4707,1
P0034,Endodontics,4,1,Endodontics,1,0.749,0.423,0.6638,0.4515,1
P0034,Endodontics,4,2,Endodontics,1,0.749,0.423,0.6537,0.4414,1
P0335,Healthy,6,0,Healthy,1,0.747,0.6277,0.7492,0.2907,1
P0335,Healthy,6,1,Healthy,1,0.747,0.6277,0.8734,0.3186,1
P0335,Healthy,6,2,Healthy,1,0.747,0.6277,0.714,0.2505,1
P0336,Healthy,13,0,Healthy,1,0.628,0.3631,0.5561,0.4415,1
P0336,Healthy,13,1,Healthy,1,0.628,0.3631,0.8025,0.3594,1
P0336,Healthy,13,2,Healthy,1,0.628,0.3631,0.5525,0.2941,1
P0336,Healthy,20,0,Healthy,1,0.619,0.5665,0.8559,0.3531,1
P0336,Healthy,20,1,Healthy,1,0.619,0.5665,0.4359,0.1257,1
P0336,Healthy,20,2,Healthy,1,0.619,0.5665,0.7661,0.295,1
P0337,Healthy,14,0,Healthy,1,0.705,0.6269,0.7061,0.2537,1
P0337,Healthy,14,1,Healthy,1,0.705,0.6269,0.7672,0.3112,1
P0337,Healthy,14,2,Healthy,1,0.705,0.6269,0.7909,0.275,1
P0339,Healthy,5,0,Healthy,1,0.627,0.748,0.8706,0.2674,1
P0339,Healthy,5,1,Healthy,1,0.627,0.748,0.885,0.2668,1
P0339,Healthy,5,2,Healthy,1,0.627,0.748,0.9292,0.2674,1
P0339,Healthy,20,0,Healthy,1,0.619,0.5935,0.7793,0.3169,1
P0339,Healthy,20,1,Healthy,1,0.619,0.5935,0.8338,0.3288,1
P0339,Healthy,20,2,Healthy,1,0.619,0.5935,0.8319,0.337,1
P0340,Healthy,1,0,Healthy,1,0.811,0.6192,0.8966,0.3214,1
P0340,Healthy,1,1,Healthy,1,0.811,0.6192,0.8122,0.2707,1
P0340,Healthy,1,2,Healthy,1,0.811,0.6192,0.7871,0.2911,1
P0342,Healthy,1,0,Healthy,1,0.812,0.5509,0.5666,0.2232,0
P0342,Healthy,1,1,Healthy,1,0.812,0.5509,0.6736,0.2707,1
P0342,Healthy,1,2,Healthy,1,0.812,0.5509,0.6987,0.3216,1
P0342,Endodontics,0,0,Endodontics,1,0.767,0.6507,0.9183,0.3074,1
P0342,Endodontics,0,1,Endodontics,1,0.767,0.6507,0.8577,0.3074,1
P0342,Endodontics,0,2,Endodontics,1,0.767,0.6507,0.8916,0.3074,1
P0342,Endodontics,1,0,Endodontics,1,0.724,0.6896,0.9608,0.29,1
P0342,Endodontics,1,1,Endodontics,1,0.724,0.6896,0.9374,0.29,1
P0342,Endodontics,1,2,Endodontics,1,0.724,0.6896,0.9402,0.29,1
P0342,Healthy,3,0,Healthy,1,0.783,0.5868,0.7978,0.3311,1
P0342,Healthy,3,1,Healthy,1,0.783,0.5868,0.7173,0.2374,1
P0342,Healthy,3,2,Healthy,1,0.783,0.5868,0.738,0.301,1
P0343,Endodontics,0,0,Endodontics,1,0.567,0.4333,0.7071,0.4554,1
P0343,Endodontics,0,1,Endodontics,1,0.567,0.4333,0.6599,0.4518,1
P0343,Endodontics,0,2,Endodontics,1,0.567,0.4333,0.6878,0.4616,1
P0343,Endodontics,1,0,Endodontics,1,0.713,0.5886,0.9073,0.3398,1
P0343,Endodontics,1,1,Endodontics,1,0.713,0.5886,0.9024,0.3398,1
P0343,Endodontics,1,2,Endodontics,1,0.713,0.5886,0.852,0.3398,1
P0343,Endodontics,2,0,Endodontics,1,0.754,0.5313,0.7268,0.2921,1
P0343,Endodontics,2,1,Endodontics,1,0.754,0.5313,0.7757,0.3009,1
P0343,Endodontics,2,2,Endodontics,1,0.754,0.5313,0.7281,0.2999,1
P0343,Endodontics,3,0,Endodontics,1,0.776,0.653,0.8354,0.2994,1
P0343,Endodontics,3,1,Endodontics,1,0.776,0.653,0.8322,0.2924,1
P0343,Endodontics,3,2,Endodontics,1,0.776,0.653,0.8809,0.3063,1
P0343,Endodontics,4,0,Endodontics,1,0.749,0.5857,0.8863,0.3219,1
P0343,Endodontics,4,1,Endodontics,1,0.749,0.5857,0.8302,0.3376,1
P0343,Endodontics,4,2,Endodontics,1,0.749,0.5857,0.8276,0.3415,1
P0343,Healthy,2,0,Healthy,1,0.749,0.577,0.7549,0.3466,1
P0343,Healthy,2,1,Healthy,1,0.749,0.577,0.7817,0.2985,1
P0343,Healthy,2,2,Healthy,1,0.749,0.577,0.6219,0.1799,1
P0344,Healthy,0,0,Healthy,1,0.502,0.3025,0.5168,0.3011,1
P0344,Healthy,0,1,Impacted,0,0.502,0.3025,0.3938,0.2335,0
P0344,Healthy,0,2,Healthy,1,0.502,0.3025,0.4438,0.2163,0
P0345,Healthy,12,0,Healthy,1,0.758,0.6484,0.7969,0.2873,1
P0345,Healthy,12,1,Healthy,1,0.758,0.6484,0.87,0.2941,1
P0345,Healthy,12,2,Healthy,1,0.758,0.6484,0.9444,0.3085,1
P0345,Healthy,16,0,Healthy,1,0.604,0.305,0.516,0.4003,1
P0345,Healthy,16,1,Healthy,1,0.604,0.305,0.6357,0.4714,1
P0345,Healthy,16,2,Healthy,1,0.604,0.305,0.6606,0.4446,1
P0035,Healthy,3,0,Healthy,1,0.886,0.8322,0.9074,0.2397,1
P0035,Healthy,3,1,Healthy,1,0.886,0.8322,0.9778,0.2403,1
P0035,Healthy,3,2,Healthy,1,0.886,0.8322,0.9863,0.2403,1
P0035,Healthy,4,0,Healthy,1,0.88,0.8549,0.9452,0.2339,1
P0035,Healthy,4,1,Healthy,1,0.88,0.8549,0.919,0.2339,1
P0035,Healthy,4,2,Healthy,1,0.88,0.8549,0.9379,0.2339,1
P0346,Endodontics,0,0,Endodontics,1,0.885,0.7986,0.9544,0.2505,1
P0346,Endodontics,0,1,Endodontics,1,0.885,0.7986,0.9924,0.2505,1
P0346,Endodontics,0,2,Endodontics,1,0.885,0.7986,0.852,0.2505,1
P0346,Healthy,7,0,Healthy,1,0.664,0.6506,0.9269,0.3074,1
P0346,Healthy,7,1,Healthy,1,0.664,0.6506,0.7895,0.2617,1
P0346,Healthy,7,2,Healthy,1,0.664,0.6506,0.9245,0.3074,1
P0347,Healthy,4,0,Healthy,1,0.765,0.6827,0.7656,0.2311,1
P0347,Healthy,4,1,Healthy,1,0.765,0.6827,0.841,0.2848,1
P0347,Healthy,4,2,Healthy,1,0.765,0.6827,0.7468,0.2243,0
P0348,Endodontics,0,0,Endodontics,1,0.692,0.6029,0.8575,0.3304,1
P0348,Endodontics,0,1,Endodontics,1,0.692,0.6029,0.7865,0.3296,1
P0348,Endodontics,0,2,Endodontics,1,0.692,0.6029,0.8319,0.3226,1
P0348,Healthy,0,0,Healthy,1,0.745,0.5166,0.6633,0.2639,1
P0348,Healthy,0,1,Healthy,1,0.745,0.5166,0.6187,0.2215,1
P0348,Healthy,0,2,Healthy,1,0.745,0.5166,0.8411,0.3577,1
P0348,Healthy,2,0,Healthy,1,0.622,0.6231,0.9258,0.321,1
P0348,Healthy,2,1,Healthy,1,0.622,0.6231,0.735,0.2298,1
P0348,Healthy,2,2,Healthy,1,0.622,0.6231,0.8937,0.321,1
P0349,Healthy,12,0,Healthy,1,0.537,0.3368,0.5668,0.4967,1
P0349,Healthy,12,1,Healthy,1,0.537,0.3368,0.4223,0.2972,1
P0349,Healthy,12,2,Healthy,1,0.537,0.3368,0.5578,0.3873,1
P0353,Healthy,6,0,Healthy,1,0.664,0.6211,0.897,0.2998,1
P0353,Healthy,6,1,Healthy,1,0.664,0.6211,0.8283,0.298,1
P0353,Healthy,6,2,Healthy,1,0.664,0.6211,0.8208,0.322,1
P0353,Impacted,0,0,Impacted,1,0.697,0.5434,0.722,0.3589,1
P0353,Impacted,0,1,Impacted,1,0.697,0.5434,0.7781,0.3681,1
P0353,Impacted,0,2,Impacted,1,0.697,0.5434,0.7866,0.3681,1
P0354,Impacted,0,0,Impacted,1,0.739,0.5163,0.6121,0.2347,1
P0354,Impacted,0,1,Impacted,1,0.739,0.5163,0.6093,0.21,0
P0354,Impacted,0,2,Impacted,1,0.739,0.5163,0.6581,0.2786,1
P0354,Healthy,0,0,Healthy,1,0.809,0.5904,0.762,0.3253,1
P0354,Healthy,0,1,Healthy,1,0.809,0.5904,0.7966,0.2629,1
P0354,Healthy,0,2,Healthy,1,0.809,0.5904,0.8267,0.3276,1
P0354,Endodontics,0,0,Endodontics,1,0.78,0.6249,0.8538,0.3201,1
P0354,Endodontics,0,1,Endodontics,1,0.78,0.6249,0.807,0.3168,1
P0354,Endodontics,0,2,Endodontics,1,0.78,0.6249,0.8087,0.3201,1
P0354,Healthy,6,0,Healthy,1,0.617,0.6399,0.89,0.3126,1
P0354,Healthy,6,1,Healthy,1,0.617,0.6399,0.6054,0.1791,1
P0354,Healthy,6,2,Healthy,1,0.617,0.6399,0.8445,0.2955,1
P0356,Healthy,2,0,Healthy,1,0.798,0.676,0.8172,0.2959,1
P0356,Healthy,2,1,Healthy,1,0.798,0.676,0.955,0.2846,1
P0356,Healthy,2,2,Healthy,1,0.798,0.676,0.8319,0.2811,1
P0359,Healthy,8,0,Healthy,1,0.765,0.6356,0.78,0.3019,1
P0359,Healthy,8,1,Healthy,1,0.765,0.6356,0.8386,0.2863,1
P0359,Healthy,8,2,Healthy,1,0.765,0.6356,0.8949,0.3083,1
P0361,Endodontics,0,0,Endodontics,1,0.769,0.6733,0.8127,0.2971,1
P0361,Endodontics,0,1,Endodontics,1,0.769,0.6733,0.7668,0.2823,1
P0361,Endodontics,0,2,Endodontics,1,0.769,0.6733,0.7042,0.2283,0
P0361,Endodontics,1,0,Endodontics,1,0.856,0.8226,0.9476,0.2431,1
P0361,Endodontics,1,1,Endodontics,1,0.856,0.8226,0.8819,0.2422,1
P0361,Endodontics,1,2,Endodontics,1,0.856,0.8226,0.9141,0.2431,1
P0361,Endodontics,2,0,Endodontics,1,0.675,0.6075,0.8777,0.3293,1
P0361,Endodontics,2,1,Endodontics,1,0.675,0.6075,0.8355,0.3293,1
P0361,Endodontics,2,2,Endodontics,1,0.675,0.6075,0.575,0.1689,1
P0361,Healthy,1,0,Healthy,1,0.789,0.4556,0.62,0.4371,1
P0361,Healthy,1,1,Healthy,1,0.789,0.4556,0.7089,0.3768,1
P0361,Healthy,1,2,Healthy,1,0.789,0.4556,0.6093,0.2921,1
P0362,Endodontics,0,0,Endodontics,1,0.744,0.5782,0.9196,0.3459,1
P0362,Endodontics,0,1,Endodontics,1,0.744,0.5782,0.7739,0.3458,1
P0362,Endodontics,0,2,Endodontics,1,0.744,0.5782,0.8768,0.3459,1
P0362,Healthy,1,0,Healthy,1,0.739,0.6953,0.8676,0.2826,1
P0362,Healthy,1,1,Healthy,1,0.739,0.6953,0.9171,0.2826,1
P0362,Healthy,1,2,Healthy,1,0.739,0.6953,0.8712,0.2809,1
P0362,Healthy,2,0,Healthy,1,0.757,0.6171,0.8835,0.3241,1
P0362,Healthy,2,1,Healthy,1,0.757,0.6171,0.7621,0.2647,1
P0362,Healthy,2,2,Healthy,1,0.757,0.6171,0.8562,0.3158,1
P0362,Endodontics,1,0,Endodontics,1,0.597,0.3328,0.5732,0.4125,0
P0362,Endodontics,1,1,Endodontics,1,0.597,0.3328,0.5004,0.3464,1
P0362,Endodontics,1,2,Endodontics,1,0.597,0.3328,0.5154,0.3655,0
P0362,Endodontics,2,0,Endodontics,1,0.53,0.2754,0.3975,0.2418,0
P0362,Endodontics,2,1,Endodontics,1,0.53,0.2754,0.4599,0.3016,1
P0362,Endodontics,2,2,Endodontics,1,0.53,0.2754,0.3759,0.2495,0
P0037,Endodontics,0,0,Implant,0,0.828,0.9009,0.9831,0.222,1
P0037,Endodontics,0,1,Endodontics,1,0.828,0.9009,0.9563,0.222,1
P0037,Endodontics,0,2,Endodontics,1,0.828,0.9009,0.9736,0.222,1
P0037,Healthy,1,0,Healthy,1,0.812,0.6705,0.7359,0.2791,1
P0037,Healthy,1,1,Healthy,1,0.812,0.6705,0.7744,0.2559,1
P0037,Healthy,1,2,Healthy,1,0.812,0.6705,0.7267,0.2554,1
P0037,Healthy,4,0,Healthy,1,0.657,0.3275,0.5281,0.4079,1
P0037,Healthy,4,1,Healthy,1,0.657,0.3275,0.7156,0.4377,1
P0037,Healthy,4,2,Healthy,1,0.657,0.3275,0.479,0.208,0
P0364,Healthy,9,0,Healthy,1,0.614,0.6694,0.8376,0.2945,1
P0364,Healthy,9,1,Endodontics,0,0.614,0.6694,0.6557,0.171,1
P0364,Healthy,9,2,Healthy,1,0.614,0.6694,0.9181,0.2976,1
P0364,Healthy,11,0,Healthy,1,0.522,0.3592,0.5639,0.4657,1
P0364,Healthy,11,1,Healthy,1,0.522,0.3592,0.5512,0.3336,1
P0364,Healthy,11,2,Healthy,1,0.522,0.3592,0.4843,0.2533,1
P0367,Healthy,0,0,Healthy,1,0.734,0.7221,0.8947,0.2457,1
P0367,Healthy,0,1,Impacted,0,0.734,0.7221,0.9828,0.277,1
P0367,Healthy,0,2,Healthy,1,0.734,0.7221,0.8527,0.2318,1
P0367,Healthy,12,0,Healthy,1,0.613,0.3355,0.5906,0.4866,1
P0367,Healthy,12,1,Healthy,1,0.613,0.3355,0.4842,0.2539,0
P0367,Healthy,12,2,Healthy,1,0.613,0.3355,0.6594,0.3259,1
P0368,Endodontics,0,0,Endodontics,1,0.788,0.6323,0.859,0.3163,1
P0368,Endodontics,0,1,Endodontics,1,0.788,0.6323,0.8606,0.3163,1
P0368,Endodontics,0,2,Endodontics,1,0.788,0.6323,0.8688,0.3163,1
P0368,Healthy,9,0,Healthy,1,0.587,0.3531,0.463,0.2684,0
P0368,Healthy,9,1,Healthy,1,0.587,0.3531,0.2847,0.1324,0
P0368,Healthy,9,2,Endodontics,0,0.587,0.3531,0.4925,0.3671,1
P0368,Healthy,13,0,Healthy,1,0.599,0.6004,0.8418,0.3331,1
P0368,Healthy,13,1,Healthy,1,0.599,0.6004,0.7687,0.2938,1
P0368,Healthy,13,2,Healthy,1,0.599,0.6004,0.8001,0.2877,1
P0370,Endodontics,0,0,Endodontics,1,0.525,0.3468,0.5838,0.4111,1
P0370,Endodontics,0,1,Endodontics,1,0.525,0.3468,0.5806,0.488,1
P0370,Endodontics,0,2,Endodontics,1,0.525,0.3468,0.539,0.4128,1
P0370,Healthy,0,0,Healthy,1,0.519,0.3488,0.5616,0.4837,1
P0370,Healthy,0,1,Healthy,1,0.519,0.3488,0.2519,0.0728,0
P0370,Healthy,0,2,Endodontics,0,0.519,0.3488,0.3623,0.2149,0
P0370,Endodontics,1,0,Endodontics,1,0.712,0.7233,0.9516,0.2765,1
P0370,Endodontics,1,1,Endodontics,1,0.712,0.7233,0.9322,0.2765,1
P0370,Endodontics,1,2,Endodontics,1,0.712,0.7233,0.9261,0.2765,1
P0370,Endodontics,2,0,Endodontics,1,0.665,0.3151,0.6251,0.383,1
P0370,Endodontics,2,1,Endodontics,1,0.665,0.3151,0.5006,0.2851,1
P0370,Endodontics,2,2,Endodontics,1,0.665,0.3151,0.4667,0.3987,1
P0372,Healthy,0,0,Healthy,1,0.619,0.5598,0.7461,0.3259,1
P0372,Healthy,0,1,Healthy,1,0.619,0.5598,0.6202,0.2642,1
P0372,Healthy,0,2,Healthy,1,0.619,0.5598,0.7707,0.2971,1
P0038,Healthy,9,0,Healthy,1,0.779,0.8679,0.9079,0.1934,1
P0038,Healthy,9,1,Healthy,1,0.779,0.8679,0.8748,0.2214,1
P0038,Healthy,9,2,Healthy,1,0.779,0.8679,0.9655,0.2305,1
P0038,Healthy,19,0,Healthy,1,0.688,0.8813,0.9609,0.2269,1
P0038,Healthy,19,1,Healthy,1,0.688,0.8813,0.8684,0.2099,1
P0038,Healthy,19,2,Healthy,1,0.688,0.8813,0.8265,0.1924,1
P0038,Impacted,1,0,Impacted,1,0.545,0.3672,0.5533,0.5259,1
P0038,Impacted,1,1,Impacted,1,0.545,0.3672,0.5741,0.3487,1
P0038,Impacted,1,2,Impacted,1,0.545,0.3672,0.7006,0.5118,1
P0374,Endodontics,0,0,Endodontics,1,0.653,0.6068,0.8705,0.3296,1
P0374,Endodontics,0,1,Endodontics,1,0.653,0.6068,0.9065,0.3296,1
P0374,Endodontics,0,2,Endodontics,1,0.653,0.6068,0.8874,0.3296,1
P0374,Endodontics,1,0,Endodontics,1,0.66,0.5285,0.9164,0.3768,1
P0374,Endodontics,1,1,Endodontics,1,0.66,0.5285,0.9498,0.3784,1
P0374,Endodontics,1,2,Endodontics,1,0.66,0.5285,0.7707,0.3732,1
P0374,Healthy,11,0,Healthy,1,0.627,0.56,0.7913,0.3497,1
P0374,Healthy,11,1,Healthy,1,0.627,0.56,0.8059,0.2689,1
P0374,Healthy,11,2,Healthy,1,0.627,0.56,0.8541,0.3429,1
P0380,Endodontics,0,0,Endodontics,1,0.874,0.7047,0.9189,0.2838,1
P0380,Endodontics,0,1,Endodontics,1,0.874,0.7047,0.933,0.2838,1
P0380,Endodontics,0,2,Endodontics,1,0.874,0.7047,0.8017,0.2665,1
P0380,Endodontics,1,0,Endodontics,1,0.651,0.4095,0.6449,0.3387,1
P0380,Endodontics,1,1,Endodontics,1,0.651,0.4095,0.5597,0.425,1
P0380,Endodontics,1,2,Endodontics,1,0.651,0.4095,0.5809,0.2987,1
P0380,Healthy,0,0,Healthy,1,0.575,0.3967,0.6106,0.4238,1
P0380,Healthy,0,1,Healthy,1,0.575,0.3967,0.76,0.444,1
P0380,Healthy,0,2,Healthy,1,0.575,0.3967,0.6731,0.439,1
P0380,Endodontics,2,0,Endodontics,1,0.625,0.4668,0.7407,0.3837,1
P0380,Endodontics,2,1,Endodontics,1,0.625,0.4668,0.6739,0.4105,1
P0380,Endodontics,2,2,Endodontics,1,0.625,0.4668,0.6922,0.4274,1
P0381,Endodontics,0,0,Endodontics,1,0.785,0.6518,0.7433,0.2349,1
P0381,Endodontics,0,1,Endodontics,1,0.785,0.6518,0.7207,0.2105,1
P0381,Endodontics,0,2,Endodontics,1,0.785,0.6518,0.7514,0.3009,1
P0381,Endodontics,1,0,Endodontics,1,0.634,0.5087,0.6728,0.3082,1
P0381,Endodontics,1,1,Endodontics,1,0.634,0.5087,0.6681,0.2522,1
P0381,Endodontics,1,2,Endodontics,1,0.634,0.5087,0.6937,0.3232,1
P0381,Endodontics,2,0,Endodontics,1,0.836,0.8114,0.9638,0.2465,1
P0381,Endodontics,2,1,Endodontics,1,0.836,0.8114,0.9585,0.2465,1
P0381,Endodontics,2,2,Endodontics,1,0.836,0.8114,0.9545,0.2465,1
P0381,Endodontics,3,0,Endodontics,1,0.762,0.7591,0.9524,0.2635,1
P0381,Endodontics,3,1,Endodontics,1,0.762,0.7591,0.9354,0.2635,1
P0381,Endodontics,3,2,Endodontics,1,0.762,0.7591,0.8826,0.2635,1
P0381,Endodontics,4,0,Endodontics,1,0.711,0.7192,0.8701,0.2781,1
P0381,Endodontics,4,1,Endodontics,1,0.711,0.7192,0.789,0.2455,1
P0381,Endodontics,4,2,Endodontics,1,0.711,0.7192,0.873,0.2781,1
P0382,Endodontics,0,0,Endodontics,1,0.721,0.6478,0.9303,0.3088,1
P0382,Endodontics,0,1,Endodontics,1,0.721,0.6478,0.9402,0.3088,1
P0382,Endodontics,0,2,Endodontics,1,0.721,0.6478,0.8766,0.3088,1
P0384,Healthy,9,0,Healthy,1,0.502,0.3247,0.4895,0.436,1
P0384,Healthy,9,1,Healthy,1,0.502,0.3247,0.8804,0.3247,1
P0384,Healthy,9,2,Healthy,1,0.502,0.3247,0.5064,0.3573,1
P0384,Endodontics,1,0,Endodontics,1,0.574,0.3555,0.7367,0.4864,1
P0384,Endodontics,1,1,Endodontics,1,0.574,0.3555,0.6099,0.4375,1
P0384,Endodontics,1,2,Endodontics,1,0.574,0.3555,0.5413,0.4195,1
P0039,Healthy,5,0,Healthy,1,0.885,0.7899,0.8775,0.2509,1
P0039,Healthy,5,1,Healthy,1,0.885,0.7899,0.8804,0.2531,1
P0039,Healthy,5,2,Healthy,1,0.885,0.7899,0.8822,0.2532,1
P0039,Healthy,9,0,Healthy,1,0.942,0.7856,0.7875,0.2161,1
P0039,Healthy,9,1,Healthy,1,0.942,0.7856,0.8696,0.2119,1
P0039,Healthy,9,2,Healthy,1,0.942,0.7856,0.8196,0.223,1
P0385,Healthy,2,0,Healthy,1,0.76,0.608,0.7782,0.3287,1
P0385,Healthy,2,1,Healthy,1,0.76,0.608,0.777,0.2402,1
P0385,Healthy,2,2,Healthy,1,0.76,0.608,0.7722,0.2728,1
P0385,Healthy,17,0,Healthy,1,0.583,0.3594,0.4028,0.1678,0
P0385,Healthy,17,1,Healthy,1,0.583,0.3594,0.4854,0.276,1
P0385,Healthy,17,2,Healthy,1,0.583,0.3594,0.423,0.2227,0
P0385,Endodontics,0,0,Endodontics,1,0.809,0.6521,0.8542,0.2923,1
P0385,Endodontics,0,1,Endodontics,1,0.809,0.6521,0.9017,0.2945,1
P0385,Endodontics,0,2,Endodontics,1,0.809,0.6521,0.843,0.2822,1
P0386,Healthy,4,0,Healthy,1,0.709,0.6652,0.8245,0.2996,1
P0386,Healthy,4,1,Healthy,1,0.709,0.6652,0.7455,0.2528,1
P0386,Healthy,4,2,Healthy,1,0.709,0.6652,0.8218,0.3007,1
P0386,Endodontics,1,0,Endodontics,1,0.796,0.7741,0.9211,0.2584,1
P0386,Endodontics,1,1,Endodontics,1,0.796,0.7741,0.8884,0.2464,1
P0386,Endodontics,1,2,Endodontics,1,0.796,0.7741,0.92,0.2584,1
P0386,Healthy,9,0,Healthy,1,0.52,0.4395,0.6804,0.4331,1
P0386,Healthy,9,1,Healthy,1,0.52,0.4395,0.683,0.3107,1
P0386,Healthy,9,2,Healthy,1,0.52,0.4395,0.5895,0.2565,1
P0387,Healthy,9,0,Healthy,1,0.608,0.457,0.6647,0.3976,1
P0387,Healthy,9,1,Healthy,1,0.608,0.457,0.7274,0.4144,1
P0387,Healthy,9,2,Healthy,1,0.608,0.457,0.5367,0.2277,1
P0040,Impacted,0,0,Healthy,0,0.913,0.7276,0.7487,0.2003,1
P0040,Impacted,0,1,Impacted,1,0.913,0.7276,0.9056,0.2749,1
P0040,Impacted,0,2,Impacted,1,0.913,0.7276,0.7204,0.1694,1
P0040,Healthy,4,0,Healthy,1,0.786,0.6472,0.8036,0.2841,1
P0040,Healthy,4,1,Healthy,1,0.786,0.6472,0.8332,0.2577,1
P0040,Healthy,4,2,Healthy,1,0.786,0.6472,0.7243,0.2147,1
P0040,Impacted,1,0,Healthy,0,0.843,0.7048,0.8639,0.2838,1
P0040,Impacted,1,1,Impacted,1,0.843,0.7048,0.8583,0.2713,1
P0040,Impacted,1,2,Impacted,1,0.843,0.7048,0.5911,0.1274,0
P0040,Impacted,2,0,Impacted,1,0.549,0.3986,0.5519,0.3859,1
P0040,Impacted,2,1,Impacted,1,0.549,0.3986,0.6,0.3652,1
P0040,Impacted,2,2,Impacted,1,0.549,0.3986,0.5315,0.2996,1
P0040,Healthy,12,0,Healthy,1,0.746,0.3745,0.5046,0.3572,1
P0040,Healthy,12,1,Healthy,1,0.746,0.3745,0.6008,0.2782,1
P0040,Healthy,12,2,Healthy,1,0.746,0.3745,0.584,0.3463,1
P0388,Healthy,7,0,Healthy,1,0.774,0.693,0.8647,0.2886,1
P0388,Healthy,7,1,Healthy,1,0.774,0.693,0.7837,0.2195,1
P0388,Healthy,7,2,Healthy,1,0.774,0.693,0.4628,0.0972,1
P0388,Healthy,16,0,Healthy,1,0.697,0.6257,0.8123,0.312,1
P0388,Healthy,16,1,Healthy,1,0.697,0.6257,0.898,0.3196,1
P0388,Healthy,16,2,Healthy,1,0.697,0.6257,0.803,0.3196,1
P0390,Healthy,18,0,Healthy,1,0.689,0.5959,0.7271,0.3284,1
P0390,Healthy,18,1,Healthy,1,0.689,0.5959,0.5524,0.1472,1
P0390,Healthy,18,2,Healthy,1,0.689,0.5959,0.8271,0.2909,1
P0390,Healthy,22,0,Healthy,1,0.737,0.6087,0.7726,0.2797,1
P0390,Healthy,22,1,Healthy,1,0.737,0.6087,0.6884,0.209,1
P0390,Healthy,22,2,Healthy,1,0.737,0.6087,0.7658,0.3158,1
P0391,Healthy,18,0,Healthy,1,0.517,0.4443,0.6751,0.4087,1
P0391,Healthy,18,1,Healthy,1,0.517,0.4443,0.7126,0.3828,1
P0391,Healthy,18,2,Healthy,1,0.517,0.4443,0.676,0.3928,1
P0393,Implant,0,0,Implant,1,0.693,0.6457,0.8315,0.3035,1
P0393,Implant,0,1,Implant,1,0.693,0.6457,0.8859,0.3001,1
P0393,Implant,0,2,Implant,1,0.693,0.6457,0.8205,0.3047,1
P0393,Endodontics,0,0,Endodontics,1,0.869,0.6484,0.8351,0.3084,1
P0393,Endodontics,0,1,Endodontics,1,0.869,0.6484,0.9276,0.3084,1
P0393,Endodontics,0,2,Endodontics,1,0.869,0.6484,0.8624,0.3084,1
P0393,Endodontics,1,0,Endodontics,1,0.615,0.5993,0.9157,0.3338,1
P0393,Endodontics,1,1,Endodontics,1,0.615,0.5993,0.8821,0.2863,1
P0393,Endodontics,1,2,Endodontics,1,0.615,0.5993,0.8667,0.2888,1
P0393,Endodontics,2,0,Endodontics,1,0.731,0.6739,0.8565,0.2968,1
P0393,Endodontics,2,1,Endodontics,1,0.731,0.6739,0.6957,0.1867,0
P0393,Endodontics,2,2,Endodontics,1,0.731,0.6739,0.7564,0.2049,1
P0393,Endodontics,3,0,Endodontics,1,0.725,0.7256,0.9246,0.2756,1
P0393,Endodontics,3,1,Endodontics,1,0.725,0.7256,0.95,0.2734,1
P0393,Endodontics,3,2,Endodontics,1,0.725,0.7256,0.8588,0.2733,1
P0393,Endodontics,4,0,Endodontics,1,0.74,0.6096,0.68,0.1544,0
P0393,Endodontics,4,1,Endodontics,1,0.74,0.6096,0.5354,0.1177,0
P0393,Endodontics,4,2,Endodontics,1,0.74,0.6096,0.6897,0.1977,0
P0393,Implant,1,0,Implant,1,0.581,0.3166,0.5613,0.4162,1
P0393,Implant,1,1,Implant,1,0.581,0.3166,0.5543,0.3454,1
P0393,Implant,1,2,Implant,1,0.581,0.3166,0.5117,0.3894,1
P0393,Healthy,0,0,Healthy,1,0.796,0.5415,0.7505,0.324,1
P0393,Healthy,0,1,Healthy,1,0.796,0.5415,0.7406,0.2603,1
P0393,Healthy,0,2,Healthy,1,0.796,0.5415,0.7933,0.349,1
P0393,Implant,2,0,Implant,1,0.634,0.2956,0.5426,0.4439,1
P0393,Implant,2,1,Implant,1,0.634,0.2956,0.581,0.3894,1
P0393,Implant,2,2,Implant,1,0.634,0.2956,0.4893,0.3632,1
P0394,Healthy,15,0,Healthy,1,0.697,0.6156,0.8012,0.3072,1
P0394,Healthy,15,1,Healthy,1,0.697,0.6156,0.8138,0.259,1
P0394,Healthy,15,2,Healthy,1,0.697,0.6156,0.8787,0.3219,1
P0394,Healthy,21,0,Healthy,1,0.645,0.5606,0.7639,0.3385,1
P0394,Healthy,21,1,Healthy,1,0.645,0.5606,0.7446,0.2202,1
P0394,Healthy,21,2,Healthy,1,0.645,0.5606,0.8669,0.3425,1
P0041,Endodontics,0,0,Endodontics,1,0.782,0.8045,0.9349,0.2486,1
P0041,Endodontics,0,1,Endodontics,1,0.782,0.8045,0.8971,0.2486,1
P0041,Endodontics,0,2,Endodontics,1,0.782,0.8045,0.8959,0.2473,1
P0041,Healthy,0,0,Healthy,1,0.838,0.7963,0.8709,0.2046,1
P0041,Healthy,0,1,Healthy,1,0.838,0.7963,0.9201,0.2318,1
P0041,Healthy,0,2,Healthy,1,0.838,0.7963,0.9269,0.2472,1
P0041,Healthy,1,0,Healthy,1,0.848,0.7824,0.8538,0.2382,1
P0041,Healthy,1,1,Healthy,1,0.848,0.7824,0.7228,0.1489,1
P0041,Healthy,1,2,Healthy,1,0.848,0.7824,0.9126,0.2556,1
P0395,Healthy,10,0,Healthy,1,0.804,0.6848,0.913,0.2922,1
P0395,Healthy,10,1,Healthy,1,0.804,0.6848,0.8361,0.2787,1
P0395,Healthy,10,2,Healthy,1,0.804,0.6848,0.9202,0.2921,1
P0396,Healthy,15,0,Healthy,1,0.545,0.3137,0.4013,0.1879,0
P0396,Healthy,15,1,Healthy,1,0.545,0.3137,0.573,0.2689,1
P0396,Healthy,15,2,Impacted,0,0.545,0.3137,0.3992,0.1536,0
P0396,Healthy,23,0,Healthy,1,0.642,0.5765,0.8255,0.3389,1
P0396,Healthy,23,1,Healthy,1,0.642,0.5765,0.5815,0.156,1
P0396,Healthy,23,2,Healthy,1,0.642,0.5765,0.8462,0.2944,1
P0397,Healthy,23,0,Healthy,1,0.593,0.405,0.5843,0.365,1
P0397,Healthy,23,1,Healthy,1,0.593,0.405,0.5592,0.2903,1
P0397,Healthy,23,2,Healthy,1,0.593,0.405,0.5604,0.311,0
P0042,Healthy,11,0,Healthy,1,0.658,0.3406,0.5796,0.4868,1
P0042,Healthy,11,1,Healthy,1,0.658,0.3406,0.2222,0.0853,0
P0042,Healthy,11,2,Healthy,1,0.658,0.3406,0.5242,0.3598,1
P0399,Healthy,0,0,Healthy,1,0.643,0.5208,0.6694,0.2858,1
P0399,Healthy,0,1,Healthy,1,0.643,0.5208,0.6737,0.277,1
P0399,Healthy,0,2,Healthy,1,0.643,0.5208,0.8211,0.382,1
P0399,Healthy,2,0,Healthy,1,0.732,0.5217,0.6598,0.2485,1
P0399,Healthy,2,1,Endodontics,0,0.732,0.5217,0.6571,0.2873,1
P0399,Healthy,2,2,Healthy,1,0.732,0.5217,0.888,0.3254,1
P0400,Endodontics,0,0,Endodontics,1,0.679,0.5952,0.8166,0.3306,1
P0400,Endodontics,0,1,Endodontics,1,0.679,0.5952,0.8096,0.336,1
P0400,Endodontics,0,2,Endodontics,1,0.679,0.5952,0.7615,0.336,1
P0400,Endodontics,1,0,Endodontics,1,0.772,0.5232,0.7863,0.3823,1
P0400,Endodontics,1,1,Endodontics,1,0.772,0.5232,0.6801,0.3383,1
P0400,Endodontics,1,2,Endodontics,1,0.772,0.5232,0.6868,0.3408,1
P0400,Endodontics,2,0,Endodontics,1,0.852,0.7686,0.9679,0.2602,1
P0400,Endodontics,2,1,Endodontics,1,0.852,0.7686,0.9541,0.2602,1
P0400,Endodontics,2,2,Endodontics,1,0.852,0.7686,0.8878,0.2602,1
P0400,Endodontics,3,0,Endodontics,1,0.723,0.6597,0.8088,0.2286,1
P0400,Endodontics,3,1,Endodontics,1,0.723,0.6597,0.8395,0.2891,1
P0400,Endodontics,3,2,Endodontics,1,0.723,0.6597,0.8193,0.3024,1
P0400,Healthy,4,0,Healthy,1,0.745,0.6549,0.8062,0.2645,1
P0400,Healthy,4,1,Healthy,1,0.745,0.6549,0.2965,0.0741,0
P0400,Healthy,4,2,Healthy,1,0.745,0.6549,0.9238,0.3054,1
P0400,Endodontics,4,0,Endodontics,1,0.628,0.3281,0.5833,0.345,1
P0400,Endodontics,4,1,Endodontics,1,0.628,0.3281,0.4396,0.3797,1
P0400,Endodontics,4,2,Endodontics,1,0.628,0.3281,0.4422,0.3122,1
P0400,Endodontics,5,0,Endodontics,1,0.676,0.3528,0.5962,0.3047,1
P0400,Endodontics,5,1,Endodontics,1,0.676,0.3528,0.5309,0.4352,1
P0400,Endodontics,5,2,Endodontics,1,0.676,0.3528,0.5063,0.2959,0
P0401,Healthy,1,0,Healthy,1,0.694,0.5745,0.6742,0.2057,0
P0401,Healthy,1,1,Endodontics,0,0.694,0.5745,0.8142,0.3146,1
P0401,Healthy,1,2,Healthy,1,0.694,0.5745,0.9197,0.3266,1
P0401,Endodontics,0,0,Endodontics,1,0.852,0.7677,0.9449,0.2605,1
P0401,Endodontics,0,1,Endodontics,1,0.852,0.7677,0.9,0.2605,1
P0401,Endodontics,0,2,Endodontics,1,0.852,0.7677,0.8952,0.2605,1
P0401,Healthy,6,0,Healthy,1,0.657,0.6198,0.913,0.3227,1
P0401,Healthy,6,1,Healthy,1,0.657,0.6198,0.8477,0.3001,1
P0401,Healthy,6,2,Healthy,1,0.657,0.6198,0.8196,0.3215,1
P0402,Endodontics,0,0,Endodontics,1,0.747,0.6184,0.9138,0.3235,1
P0402,Endodontics,0,1,Endodontics,1,0.747,0.6184,0.7206,0.2755,1
P0402,Endodontics,0,2,Endodontics,1,0.747,0.6184,0.8462,0.3235,1
P0402,Endodontics,1,0,Endodontics,1,0.622,0.5004,0.7633,0.3766,1
P0402,Endodontics,1,1,Endodontics,1,0.622,0.5004,0.8053,0.3997,1
P0402,Endodontics,1,2,Endodontics,1,0.622,0.5004,0.5886,0.2861,1
P0402,Healthy,5,0,Healthy,1,0.678,0.5705,0.8481,0.3161,1
P0402,Healthy,5,1,Healthy,1,0.678,0.5705,0.7563,0.2902,1
P0402,Healthy,5,2,Healthy,1,0.678,0.5705,0.9228,0.3506,1
P0402,Healthy,13,0,Healthy,1,0.694,0.6671,0.8534,0.2972,1
P0402,Healthy,13,1,Healthy,1,0.694,0.6671,0.6348,0.191,1
P0402,Healthy,13,2,Healthy,1,0.694,0.6671,0.7526,0.2235,1
P0403,Endodontics,0,0,Endodontics,1,0.705,0.7131,0.8897,0.2798,1
P0403,Endodontics,0,1,Endodontics,1,0.705,0.7131,0.9323,0.2805,1
P0403,Endodontics,0,2,Endodontics,1,0.705,0.7131,0.8745,0.2729,1
P0404,Healthy,0,0,Healthy,1,0.519,0.3386,0.4706,0.3671,1
P0404,Healthy,0,1,Healthy,1,0.519,0.3386,0.6517,0.3129,1
P0404,Healthy,0,2,Healthy,1,0.519,0.3386,0.5636,0.4461,1
P0405,Healthy,2,0,Healthy,1,0.641,0.4273,0.6278,0.4422,1
P0405,Healthy,2,1,Healthy,1,0.641,0.4273,0.4925,0.2058,1
P0405,Healthy,2,2,Healthy,1,0.641,0.4273,0.6962,0.3898,1
P0405,Healthy,5,0,Healthy,1,0.737,0.6654,0.8832,0.3006,1
P0405,Healthy,5,1,Healthy,1,0.737,0.6654,0.7981,0.2743,1
P0405,Healthy,5,2,Healthy,1,0.737,0.6654,0.8437,0.2843,1
P0405,Endodontics,0,0,Endodontics,1,0.607,0.4454,0.6583,0.3147,1
P0405,Endodontics,0,1,Endodontics,1,0.607,0.4454,0.6475,0.439,1
P0405,Endodontics,0,2,Endodontics,1,0.607,0.4454,0.6943,0.4177,1
P0406,Endodontics,0,0,Endodontics,1,0.525,0.3478,0.6127,0.3057,1
P0406,Endodontics,0,1,Endodontics,1,0.525,0.3478,0.5404,0.2835,0
P0406,Endodontics,0,2,Endodontics,1,0.525,0.3478,0.6566,0.5732,1
P0406,Healthy,4,0,Healthy,1,0.841,0.7182,0.8234,0.2785,1
P0406,Healthy,4,1,Healthy,1,0.841,0.7182,0.7339,0.1977,1
P0406,Healthy,4,2,Healthy,1,0.841,0.7182,0.8389,0.2509,1
P0407,Endodontics,0,0,Endodontics,1,0.799,0.6609,0.8141,0.3026,1
P0407,Endodontics,0,1,Endodontics,1,0.799,0.6609,0.8464,0.2947,1
P0407,Endodontics,0,2,Endodontics,1,0.799,0.6609,0.8329,0.2931,1
P0407,Healthy,6,0,Healthy,1,0.692,0.643,0.8519,0.3106,1
P0407,Healthy,6,1,Healthy,1,0.692,0.643,0.7143,0.2373,1
P0407,Healthy,6,2,Healthy,1,0.692,0.643,0.7826,0.3095,1
P0407,Endodontics,1,0,Endodontics,1,0.638,0.3992,0.7712,0.4731,1
P0407,Endodontics,1,1,Endodontics,1,0.638,0.3992,0.544,0.2944,1
P0407,Endodontics,1,2,Endodontics,1,0.638,0.3992,0.664,0.4925,1
P0043,Healthy,0,0,Healthy,1,0.8,0.6968,0.8732,0.2871,1
P0043,Healthy,0,1,Healthy,1,0.8,0.6968,0.9052,0.2711,1
P0043,Healthy,0,2,Healthy,1,0.8,0.6968,0.9245,0.2871,1
P0043,Healthy,2,0,Healthy,1,0.836,0.6462,0.753,0.2975,1
P0043,Healthy,2,1,Healthy,1,0.836,0.6462,0.7636,0.2809,1
P0043,Healthy,2,2,Healthy,1,0.836,0.6462,0.9308,0.3095,1
P0408,Healthy,0,0,Healthy,1,0.816,0.6603,0.8744,0.3029,1
P0408,Healthy,0,1,Healthy,1,0.816,0.6603,0.9311,0.3029,1
P0408,Healthy,0,2,Healthy,1,0.816,0.6603,0.7926,0.2402,1
P0408,Healthy,3,0,Healthy,1,0.711,0.6397,0.857,0.2967,1
P0408,Healthy,3,1,Healthy,1,0.711,0.6397,0.884,0.3127,1
P0408,Healthy,3,2,Healthy,1,0.711,0.6397,0.8777,0.3044,1
P0408,Endodontics,0,0,Endodontics,1,0.678,0.6911,0.9169,0.2894,1
P0408,Endodontics,0,1,Endodontics,1,0.678,0.6911,0.8351,0.2894,1
P0408,Endodontics,0,2,Endodontics,1,0.678,0.6911,0.8464,0.2894,1
P0408,Endodontics,1,0,Endodontics,1,0.504,0.433,0.6376,0.3868,1
P0408,Endodontics,1,1,Endodontics,1,0.504,0.433,0.6378,0.3703,1
P0408,Endodontics,1,2,Endodontics,1,0.504,0.433,0.5373,0.2622,0
P0409,Healthy,1,0,Healthy,1,0.8,0.6863,0.8488,0.2914,1
P0409,Healthy,1,1,Healthy,1,0.8,0.6863,0.899,0.2893,1
P0409,Healthy,1,2,Healthy,1,0.8,0.6863,0.8341,0.2914,1
P0410,Healthy,1,0,Healthy,1,0.823,0.5176,0.6348,0.2432,0
P0410,Healthy,1,1,Healthy,1,0.823,0.5176,0.8131,0.3505,1
P0410,Healthy,1,2,Healthy,1,0.823,0.5176,0.5646,0.1868,0
P0412,Endodontics,3,0,Endodontics,1,0.661,0.5958,0.8619,0.3247,1
P0412,Endodontics,3,1,Endodontics,1,0.661,0.5958,0.8841,0.321,1
P0412,Endodontics,3,2,Implant,0,0.661,0.5958,0.4836,0.1339,1
P0412,Endodontics,4,0,Endodontics,1,0.626,0.5222,0.8747,0.383,1
P0412,Endodontics,4,1,Endodontics,1,0.626,0.5222,0.8858,0.383,1
P0412,Endodontics,4,2,Endodontics,1,0.626,0.5222,0.8587,0.3833,1
P0412,Endodontics,6,0,Endodontics,1,0.638,0.7253,0.9406,0.2757,1
P0412,Endodontics,6,1,Endodontics,1,0.638,0.7253,0.9475,0.2757,1
P0412,Endodontics,6,2,Endodontics,1,0.638,0.7253,0.7608,0.2517,1
P0413,Endodontics,0,0,Endodontics,1,0.714,0.4524,0.7549,0.4066,1
P0413,Endodontics,0,1,Endodontics,1,0.714,0.4524,0.5229,0.2813,1
P0413,Endodontics,0,2,Endodontics,1,0.714,0.4524,0.5637,0.3238,1
P0413,Endodontics,1,0,Endodontics,1,0.522,0.4494,0.767,0.445,1
P0413,Endodontics,1,1,Endodontics,1,0.522,0.4494,0.7775,0.443,1
P0413,Endodontics,1,2,Endodontics,1,0.522,0.4494,0.743,0.445,1
P0413,Healthy,1,0,Healthy,1,0.61,0.3825,0.5758,0.3827,1
P0413,Healthy,1,1,Healthy,1,0.61,0.3825,0.4776,0.2002,0
P0413,Healthy,1,2,Healthy,1,0.61,0.3825,0.6856,0.4366,1
P0044,Healthy,0,0,Healthy,1,0.871,0.6691,0.7953,0.2245,1
P0044,Healthy,0,1,Healthy,1,0.871,0.6691,0.5071,0.1126,0
P0044,Healthy,0,2,Healthy,1,0.871,0.6691,0.847,0.2955,1
P0414,Healthy,1,0,Healthy,1,0.568,0.3652,0.4554,0.3145,1
P0414,Healthy,1,1,Healthy,1,0.568,0.3652,0.351,0.1417,0
P0414,Healthy,1,2,Healthy,1,0.568,0.3652,0.452,0.1872,0
P0414,Endodontics,0,0,Endodontics,1,0.798,0.6867,0.9135,0.2913,1
P0414,Endodontics,0,1,Endodontics,1,0.798,0.6867,0.9259,0.2913,1
P0414,Endodontics,0,2,Endodontics,1,0.798,0.6867,0.7271,0.2136,1
P0415,Endodontics,0,0,Endodontics,1,0.771,0.6709,0.9333,0.2981,1
P0415,Endodontics,0,1,Endodontics,1,0.771,0.6709,0.9273,0.2967,1
P0415,Endodontics,0,2,Endodontics,1,0.771,0.6709,0.7625,0.236,1
P0415,Endodontics,1,0,Endodontics,1,0.628,0.537,0.8037,0.292,1
P0415,Endodontics,1,1,Endodontics,1,0.628,0.537,0.7748,0.3724,1
P0415,Endodontics,1,2,Endodontics,1,0.628,0.537,0.8049,0.3724,1
P0415,Healthy,1,0,Healthy,1,0.757,0.7184,0.9001,0.2687,1
P0415,Healthy,1,1,Healthy,1,0.757,0.7184,0.8106,0.2166,1
P0415,Healthy,1,2,Healthy,1,0.757,0.7184,0.8384,0.2684,1
P0415,Healthy,2,0,Healthy,1,0.887,0.6569,0.8059,0.3045,1
P0415,Healthy,2,1,Healthy,1,0.887,0.6569,0.8897,0.3045,1
P0415,Healthy,2,2,Healthy,1,0.887,0.6569,0.8026,0.2988,1
P0415,Endodontics,2,0,Endodontics,1,0.578,0.304,0.6242,0.4678,1
P0415,Endodontics,2,1,Endodontics,1,0.578,0.304,0.4918,0.4336,1
P0415,Endodontics,2,2,Endodontics,1,0.578,0.304,0.5252,0.4291,1
P0417,Endodontics,0,0,Endodontics,1,0.809,0.6612,0.8845,0.3025,1
P0417,Endodontics,0,1,Endodontics,1,0.809,0.6612,0.7203,0.2065,1
P0417,Endodontics,0,2,Endodontics,1,0.809,0.6612,0.8645,0.3025,1
P0417,Endodontics,1,0,Endodontics,1,0.507,0.2669,0.5412,0.5412,1
P0417,Endodontics,1,1,Endodontics,1,0.507,0.2669,0.446,0.3643,1
P0417,Endodontics,1,2,Healthy,0,0.507,0.2669,0.4863,0.3831,1
P0419,Endodontics,0,0,Healthy,0,0.86,0.6769,0.6923,0.2531,1
P0419,Endodontics,0,1,Endodontics,1,0.86,0.6769,0.8402,0.279,1
P0419,Endodontics,0,2,Healthy,0,0.86,0.6769,0.7016,0.1921,1
P0419,Endodontics,1,0,Endodontics,1,0.855,0.6779,0.8825,0.2948,1
P0419,Endodontics,1,1,Endodontics,1,0.855,0.6779,0.8584,0.2941,1
P0419,Endodontics,1,2,Endodontics,1,0.855,0.6779,0.8637,0.2941,1
P0419,Endodontics,2,0,Endodontics,1,0.844,0.6281,0.885,0.3184,1
P0419,Endodontics,2,1,Endodontics,1,0.844,0.6281,0.904,0.3184,1
P0419,Endodontics,2,2,Endodontics,1,0.844,0.6281,0.9183,0.3184,1
P0419,Endodontics,3,0,Endodontics,1,0.783,0.8059,0.967,0.2482,1
P0419,Endodontics,3,1,Endodontics,1,0.783,0.8059,0.9612,0.2482,1
P0419,Endodontics,3,2,Endodontics,1,0.783,0.8059,0.9072,0.2482,1
P0419,Healthy,0,0,Healthy,1,0.744,0.7174,0.8601,0.2651,1
P0419,Healthy,0,1,Healthy,1,0.744,0.7174,0.8705,0.2658,1
P0419,Healthy,0,2,Healthy,1,0.744,0.7174,0.872,0.2772,1
P0419,Endodontics,4,0,Endodontics,1,0.695,0.6176,0.8397,0.3238,1
P0419,Endodontics,4,1,Endodontics,1,0.695,0.6176,0.8383,0.3238,1
P0419,Endodontics,4,2,Endodontics,1,0.695,0.6176,0.8673,0.3238,1
P0421,Endodontics,0,0,Endodontics,1,0.904,0.8263,0.9589,0.242,1
P0421,Endodontics,0,1,Endodontics,1,0.904,0.8263,0.9413,0.242,1
P0421,Endodontics,0,2,Endodontics,1,0.904,0.8263,0.9579,0.242,1
P0421,Healthy,1,0,Healthy,1,0.692,0.4169,0.5617,0.3334,1
P0421,Healthy,1,1,Healthy,1,0.692,0.4169,0.5555,0.2236,1
P0421,Healthy,1,2,Healthy,1,0.692,0.4169,0.5324,0.2719,1
P0423,Endodontics,0,0,Endodontics,1,0.682,0.6898,0.9205,0.29,1
P0423,Endodontics,0,1,Endodontics,1,0.682,0.6898,0.8724,0.29,1
P0423,Endodontics,0,2,Endodontics,1,0.682,0.6898,0.8442,0.2846,1
P0423,Endodontics,1,0,Endodontics,1,0.73,0.729,0.954,0.2743,1
P0423,Endodontics,1,1,Endodontics,1,0.73,0.729,0.9169,0.2743,1
P0423,Endodontics,1,2,Endodontics,1,0.73,0.729,0.9357,0.2676,1
P0423,Endodontics,2,0,Endodontics,1,0.691,0.3876,0.6967,0.495,1
P0423,Endodontics,2,1,Endodontics,1,0.691,0.3876,0.4168,0.2406,1
P0423,Endodontics,2,2,Endodontics,1,0.691,0.3876,0.6169,0.3983,1
P0424,Healthy,2,0,Healthy,1,0.577,0.3124,0.4586,0.4601,1
P0424,Healthy,2,1,Healthy,1,0.577,0.3124,0.6361,0.3667,1
P0424,Healthy,2,2,Healthy,1,0.577,0.3124,0.4445,0.2913,1
P0424,Healthy,7,0,Healthy,1,0.761,0.52,0.7207,0.3198,1
P0424,Healthy,7,1,Healthy,1,0.761,0.52,0.7137,0.2714,1
P0424,Healthy,7,2,Healthy,1,0.761,0.52,0.7619,0.3438,1
P0425,Healthy,10,0,Healthy,1,0.732,0.6677,0.7523,0.2458,1
P0425,Healthy,10,1,Healthy,1,0.732,0.6677,0.8278,0.2405,1
P0425,Healthy,10,2,Healthy,1,0.732,0.6677,0.7509,0.2215,1
P0425,Endodontics,0,0,Endodontics,1,0.822,0.642,0.9254,0.3115,1
P0425,Endodontics,0,1,Endodontics,1,0.822,0.642,0.8025,0.2802,1
P0425,Endodontics,0,2,Endodontics,1,0.822,0.642,0.8546,0.3115,1
P0425,Healthy,22,0,Healthy,1,0.7,0.2889,0.398,0.3153,1
P0425,Healthy,22,1,Healthy,1,0.7,0.2889,0.3038,0.1929,0
P0425,Healthy,22,2,Healthy,1,0.7,0.2889,0.4569,0.2622,1
P0426,Healthy,4,0,Healthy,1,0.805,0.6857,0.8766,0.2917,1
P0426,Healthy,4,1,Healthy,1,0.805,0.6857,0.8504,0.2872,1
P0426,Healthy,4,2,Healthy,1,0.805,0.6857,0.715,0.2355,1
P0427,Healthy,1,0,Healthy,1,0.901,0.7342,0.9519,0.2713,1
P0427,Healthy,1,1,Healthy,1,0.901,0.7342,0.6563,0.1637,1
P0427,Healthy,1,2,Healthy,1,0.901,0.7342,0.8532,0.2284,1
P0427,Healthy,2,0,Healthy,1,0.964,0.7367,0.9275,0.2715,1
P0427,Healthy,2,1,Healthy,1,0.964,0.7367,0.9553,0.2681,1
P0427,Healthy,2,2,Healthy,1,0.964,0.7367,0.8541,0.2512,1
P0427,Endodontics,0,0,Endodontics,1,0.558,0.4665,0.753,0.4195,1
P0427,Endodontics,0,1,Endodontics,1,0.558,0.4665,0.7014,0.4212,1
P0427,Endodontics,0,2,Endodontics,1,0.558,0.4665,0.7052,0.427,1
P0428,Healthy,3,0,Healthy,1,0.693,0.6188,0.8161,0.3232,1
P0428,Healthy,3,1,Healthy,1,0.693,0.6188,0.8947,0.3232,1
P0428,Healthy,3,2,Healthy,1,0.693,0.6188,0.7747,0.2696,1
P0429,Healthy,23,0,Healthy,1,0.586,0.3615,0.5099,0.3155,0
P0429,Healthy,23,1,Healthy,1,0.586,0.3615,0.5552,0.3848,1
P0429,Healthy,23,2,Healthy,1,0.586,0.3615,0.5597,0.3491,1
P0045,Endodontics,0,0,Endodontics,1,0.709,0.5607,0.8933,0.3567,1
P0045,Endodontics,0,1,Endodontics,1,0.709,0.5607,0.773,0.3458,1
P0045,Endodontics,0,2,Endodontics,1,0.709,0.5607,0.8182,0.3567,1
P0045,Healthy,2,0,Healthy,1,0.537,0.557,0.7227,0.2851,1
P0045,Healthy,2,1,Healthy,1,0.537,0.557,0.7525,0.2979,1
P0045,Healthy,2,2,Healthy,1,0.537,0.557,0.5953,0.1511,0
P0045,Endodontics,1,0,Endodontics,1,0.908,0.7693,0.9473,0.26,1
P0045,Endodontics,1,1,Endodontics,1,0.908,0.7693,0.9224,0.26,1
P0045,Endodontics,1,2,Endodontics,1,0.908,0.7693,0.9312,0.26,1
P0045,Healthy,9,0,Healthy,1,0.778,0.7811,0.8812,0.2561,1
P0045,Healthy,9,1,Healthy,1,0.778,0.7811,0.9989,0.2561,1
P0045,Healthy,9,2,Healthy,1,0.778,0.7811,0.9249,0.256,1
P0045,Endodontics,2,0,Endodontics,1,0.785,0.5586,0.8339,0.353,1
P0045,Endodontics,2,1,Endodontics,1,0.785,0.5586,0.844,0.3581,1
P0045,Endodontics,2,2,Endodontics,1,0.785,0.5586,0.5772,0.1532,0
P0431,Healthy,1,0,Healthy,1,0.764,0.6538,0.7887,0.302,1
P0431,Healthy,1,1,Healthy,1,0.764,0.6538,0.8603,0.2883,1
P0431,Healthy,1,2,Healthy,1,0.764,0.6538,0.9103,0.3026,1
P0431,Healthy,2,0,Healthy,1,0.835,0.5171,0.6816,0.3828,1
P0431,Healthy,2,1,Healthy,1,0.835,0.5171,0.5662,0.2393,1
P0431,Healthy,2,2,Healthy,1,0.835,0.5171,0.7244,0.2821,1
P0432,Healthy,2,0,Healthy,1,0.859,0.6926,0.8112,0.2249,1
P0432,Healthy,2,1,Healthy,1,0.859,0.6926,0.7468,0.2243,1
P0432,Healthy,2,2,Healthy,1,0.859,0.6926,0.8719,0.2661,1
P0432,Healthy,8,0,Healthy,1,0.629,0.3978,0.5027,0.3542,1
P0432,Healthy,8,1,Healthy,1,0.629,0.3978,0.084,0.0,0
P0432,Healthy,8,2,Healthy,1,0.629,0.3978,0.575,0.4424,1
P0433,Healthy,9,0,Healthy,1,0.884,0.6914,0.7143,0.194,0
P0433,Healthy,9,1,Healthy,1,0.884,0.6914,0.8286,0.2403,1
P0433,Healthy,9,2,Healthy,1,0.884,0.6914,0.9194,0.28,1
P0433,Healthy,11,0,Healthy,1,0.741,0.7437,0.8746,0.2668,1
P0433,Healthy,11,1,Healthy,1,0.741,0.7437,0.7883,0.2102,1
P0433,Healthy,11,2,Healthy,1,0.741,0.7437,0.9365,0.2689,1
P0434,Healthy,2,0,Healthy,1,0.795,0.7321,0.8868,0.2721,1
P0434,Healthy,2,1,Healthy,1,0.795,0.7321,0.8761,0.2454,1
P0434,Healthy,2,2,Healthy,1,0.795,0.7321,0.9044,0.2721,1
P0434,Healthy,12,0,Healthy,1,0.521,0.445,0.6384,0.4099,1
P0434,Healthy,12,1,Healthy,1,0.521,0.445,0.6168,0.3043,1
P0434,Healthy,12,2,Healthy,1,0.521,0.445,0.5192,0.2483,0
P0435,Endodontics,0,0,Endodontics,1,0.74,0.546,0.8162,0.3663,1
P0435,Endodontics,0,1,Endodontics,1,0.74,0.546,0.6478,0.2793,1
P0435,Endodontics,0,2,Endodontics,1,0.74,0.546,0.7725,0.3588,1
P0435,Healthy,0,0,Healthy,1,0.846,0.7215,0.8288,0.2566,1
P0435,Healthy,0,1,Endodontics,0,0.846,0.7215,0.612,0.1215,1
P0435,Healthy,0,2,Endodontics,0,0.846,0.7215,0.8666,0.268,1
P0435,Endodontics,1,0,Endodontics,1,0.72,0.7469,0.9255,0.2678,1
P0435,Endodontics,1,1,Endodontics,1,0.72,0.7469,0.9258,0.2678,1
P0435,Endodontics,1,2,Endodontics,1,0.72,0.7469,0.8668,0.2663,1
P0435,Healthy,1,0,Healthy,1,0.705,0.6563,0.7235,0.1966,0
P0435,Healthy,1,1,Healthy,1,0.705,0.6563,0.8856,0.279,1
P0435,Healthy,1,2,Healthy,1,0.705,0.6563,0.9597,0.3047,1
P0435,Endodontics,2,0,Endodontics,1,0.713,0.6748,0.8884,0.2964,1
P0435,Endodontics,2,1,Endodontics,1,0.713,0.6748,0.8078,0.2375,1
P0435,Endodontics,2,2,Endodontics,1,0.713,0.6748,0.7985,0.2495,1
P0435,Implant,0,0,Implant,1,0.811,0.7481,0.9194,0.2673,1
P0435,Implant,0,1,Implant,1,0.811,0.7481,0.9477,0.2673,1
P0435,Implant,0,2,Implant,1,0.811,0.7481,0.8447,0.2673,1
P0435,Implant,1,0,Implant,1,0.689,0.5708,0.8403,0.3398,1
P0435,Implant,1,1,Implant,1,0.689,0.5708,0.7901,0.2853,1
P0435,Implant,1,2,Implant,1,0.689,0.5708,0.7715,0.3468,1
P0435,Implant,3,0,Implant,1,0.744,0.5602,0.7424,0.3414,1
P0435,Implant,3,1,Implant,1,0.744,0.5602,0.8453,0.357,1
P0435,Implant,3,2,Implant,1,0.744,0.5602,0.7446,0.3554,1
P0435,Implant,4,0,Implant,1,0.851,0.7134,0.8439,0.2731,1
P0435,Implant,4,1,Implant,1,0.851,0.7134,0.8977,0.2803,1
P0435,Implant,4,2,Implant,1,0.851,0.7134,0.8457,0.2803,1
P0435,Implant,5,0,Implant,1,0.804,0.7274,0.8341,0.2743,1
P0435,Implant,5,1,Implant,1,0.804,0.7274,0.9467,0.275,1
P0435,Implant,5,2,Implant,1,0.804,0.7274,0.8088,0.2744,1
P0435,Endodontics,4,0,Endodontics,1,0.688,0.7309,0.8197,0.2736,1
P0435,Endodontics,4,1,Endodontics,1,0.688,0.7309,0.7341,0.182,0
P0435,Endodontics,4,2,Endodontics,1,0.688,0.7309,0.6403,0.1238,0
P0435,Endodontics,5,0,Endodontics,1,0.663,0.5704,0.6873,0.2777,1
P0435,Endodontics,5,1,Endodontics,1,0.663,0.5704,0.8274,0.3507,1
P0435,Endodontics,5,2,Endodontics,1,0.663,0.5704,0.7652,0.3429,1
P0435,Endodontics,6,0,Endodontics,1,0.786,0.6968,0.8751,0.2871,1
P0435,Endodontics,6,1,Endodontics,1,0.786,0.6968,0.8572,0.2871,1
P0435,Endodontics,6,2,Endodontics,1,0.786,0.6968,0.7741,0.2576,1
P0435,Endodontics,7,0,Endodontics,1,0.673,0.3446,0.5202,0.4107,1
P0435,Endodontics,7,1,Endodontics,1,0.673,0.3446,0.4739,0.3976,1
P0435,Endodontics,7,2,Endodontics,1,0.673,0.3446,0.431,0.2333,0
P0435,Endodontics,8,0,Endodontics,1,0.569,0.275,0.448,0.427,1
P0435,Endodontics,8,1,Endodontics,1,0.569,0.275,0.3001,0.2357,0
P0435,Endodontics,8,2,Endodontics,1,0.569,0.275,0.4311,0.5411,1
P0436,Endodontics,0,0,Endodontics,1,0.677,0.5496,0.8339,0.3639,1
P0436,Endodontics,0,1,Endodontics,1,0.677,0.5496,0.7716,0.3617,1
P0436,Endodontics,0,2,Endodontics,1,0.677,0.5496,0.6127,0.3017,1
P0436,Healthy,2,0,Healthy,1,0.741,0.674,0.8954,0.2967,1
P0436,Healthy,2,1,Healthy,1,0.741,0.674,0.8437,0.274,1
P0436,Healthy,2,2,Healthy,1,0.741,0.674,0.911,0.2967,1
P0436,Healthy,3,0,Healthy,1,0.735,0.666,0.8447,0.3003,1
P0436,Healthy,3,1,Healthy,1,0.735,0.666,0.853,0.2726,0
P0436,Healthy,3,2,Healthy,1,0.735,0.666,0.8975,0.2641,1
P0437,Endodontics,0,0,Endodontics,1,0.869,0.6892,0.9371,0.2902,1
P0437,Endodontics,0,1,Endodontics,1,0.869,0.6892,0.8812,0.2902,1
P0437,Endodontics,0,2,Endodontics,1,0.869,0.6892,0.8729,0.2902,1
P0437,Healthy,5,0,Healthy,1,0.768,0.4239,0.5616,0.356,1
P0437,Healthy,5,1,Healthy,1,0.768,0.4239,0.5858,0.2474,1
P0437,Healthy,5,2,Healthy,1,0.768,0.4239,0.5974,0.2979,1
P0437,Endodontics,1,0,Endodontics,1,0.708,0.7524,0.9021,0.2446,1
P0437,Endodontics,1,1,Endodontics,1,0.708,0.7524,0.8005,0.2156,1
P0437,Endodontics,1,2,Endodontics,1,0.708,0.7524,0.6394,0.1448,0
P0437,Healthy,11,0,Impacted,0,0.545,0.3769,0.5854,0.4765,1
P0437,Healthy,11,1,Impacted,0,0.545,0.3769,0.6538,0.5011,1
P0437,Healthy,11,2,Impacted,0,0.545,0.3769,0.4248,0.2038,1
P0438,Endodontics,0,0,Endodontics,1,0.896,0.6732,0.8864,0.2971,1
P0438,Endodontics,0,1,Endodontics,1,0.896,0.6732,0.7783,0.2971,1
P0438,Endodontics,0,2,Endodontics,1,0.896,0.6732,0.962,0.2971,1
P0438,Healthy,3,0,Healthy,1,0.603,0.5966,0.8215,0.3199,1
P0438,Healthy,3,1,Healthy,1,0.603,0.5966,0.7341,0.2882,1
P0438,Healthy,3,2,Healthy,1,0.603,0.5966,0.8327,0.3304,1
P0438,Healthy,5,0,Healthy,1,0.731,0.7418,0.8542,0.2696,1
P0438,Healthy,5,1,Healthy,1,0.731,0.7418,0.5248,0.1049,1
P0438,Healthy,5,2,Healthy,1,0.731,0.7418,0.892,0.2696,1
P0438,Endodontics,1,0,Endodontics,1,0.557,0.3081,0.4715,0.3417,1
P0438,Endodontics,1,1,Endodontics,1,0.557,0.3081,0.4748,0.3601,1
P0438,Endodontics,1,2,Endodontics,1,0.557,0.3081,0.477,0.3901,1
P0438,Endodontics,2,0,Endodontics,1,0.537,0.2814,0.3965,0.2686,1
P0438,Endodontics,2,1,Endodontics,1,0.537,0.2814,0.4335,0.3006,1
P0438,Endodontics,2,2,Endodontics,1,0.537,0.2814,0.3679,0.2144,0
P0439,Endodontics,0,0,Endodontics,1,0.734,0.6998,0.914,0.2858,1
P0439,Endodontics,0,1,Endodontics,1,0.734,0.6998,0.9058,0.2858,1
P0439,Endodontics,0,2,Endodontics,1,0.734,0.6998,0.9072,0.2858,1
P0439,Endodontics,1,0,Endodontics,1,0.656,0.6695,0.9296,0.2988,1
P0439,Endodontics,1,1,Endodontics,1,0.656,0.6695,0.9572,0.2988,1
P0439,Endodontics,1,2,Endodontics,1,0.656,0.6695,0.8499,0.2988,1
P0439,Endodontics,2,0,Endodontics,1,0.594,0.6229,0.8506,0.2912,1
P0439,Endodontics,2,1,Endodontics,1,0.594,0.6229,0.7999,0.2909,1
P0439,Endodontics,2,2,Healthy,0,0.594,0.6229,0.4553,0.1426,1
P0439,Endodontics,4,0,Healthy,0,0.775,0.6257,0.7564,0.2719,1
P0439,Endodontics,4,1,Endodontics,1,0.775,0.6257,0.7644,0.3197,1
P0439,Endodontics,4,2,Endodontics,1,0.775,0.6257,0.8339,0.3197,1
P0439,Healthy,3,0,Healthy,1,0.587,0.3065,0.4486,0.3019,0
P0439,Healthy,3,1,Healthy,1,0.587,0.3065,0.5734,0.2977,1
P0439,Healthy,3,2,Healthy,1,0.587,0.3065,0.526,0.382,0
P0440,Endodontics,0,0,Endodontics,1,0.849,0.7546,0.9035,0.2652,1
P0440,Endodontics,0,1,Endodontics,1,0.849,0.7546,0.936,0.265,1
P0440,Endodontics,0,2,Endodontics,1,0.849,0.7546,0.9094,0.265,1
P0440,Endodontics,1,0,Endodontics,1,0.79,0.7295,0.892,0.2567,1
P0440,Endodontics,1,1,Endodontics,1,0.79,0.7295,0.9703,0.2742,1
P0440,Endodontics,1,2,Endodontics,1,0.79,0.7295,0.9386,0.2742,1
P0440,Endodontics,2,0,Endodontics,1,0.521,0.4029,0.6817,0.4693,1
P0440,Endodontics,2,1,Endodontics,1,0.521,0.4029,0.7269,0.4849,1
P0440,Endodontics,2,2,Endodontics,1,0.521,0.4029,0.5412,0.3586,1
P0440,Endodontics,3,0,Endodontics,1,0.793,0.7431,0.8677,0.2692,1
P0440,Endodontics,3,1,Endodontics,1,0.793,0.7431,0.8871,0.2692,1
P0440,Endodontics,3,2,Endodontics,1,0.793,0.7431,0.8,0.239,1
P0440,Healthy,1,0,Healthy,1,0.796,0.7172,0.8726,0.2746,1
P0440,Healthy,1,1,Healthy,1,0.796,0.7172,0.8595,0.2403,1
P0440,Healthy,1,2,Healthy,1,0.796,0.7172,0.8843,0.274,1
P0440,Healthy,4,0,Healthy,1,0.621,0.5362,0.7507,0.3724,1
P0440,Healthy,4,1,Healthy,1,0.621,0.5362,0.891,0.3708,1
P0440,Healthy,4,2,Healthy,1,0.621,0.5362,0.7467,0.3623,1
P0441,Endodontics,0,0,Endodontics,1,0.717,0.6603,0.9027,0.3029,1
P0441,Endodontics,0,1,Endodontics,1,0.717,0.6603,0.832,0.3029,1
P0441,Endodontics,0,2,Endodontics,1,0.717,0.6603,0.9207,0.3029,1
P0441,Endodontics,1,0,Endodontics,1,0.795,0.6416,0.7517,0.2344,0
P0441,Endodontics,1,1,Endodontics,1,0.795,0.6416,0.7339,0.2581,1
P0441,Endodontics,1,2,Endodontics,1,0.795,0.6416,0.7029,0.2839,1
P0441,Endodontics,2,0,Endodontics,1,0.75,0.4964,0.7082,0.366,1
P0441,Endodontics,2,1,Endodontics,1,0.75,0.4964,0.6805,0.365,1
P0441,Endodontics,2,2,Endodontics,1,0.75,0.4964,0.7341,0.3831,1
P0441,Endodontics,3,0,Endodontics,1,0.54,0.4424,0.7215,0.4521,1
P0441,Endodontics,3,1,Endodontics,1,0.54,0.4424,0.6447,0.4163,1
P0441,Endodontics,3,2,Endodontics,1,0.54,0.4424,0.5532,0.3165,1
P0441,Endodontics,4,0,Endodontics,1,0.799,0.6824,0.8561,0.2931,1
P0441,Endodontics,4,1,Endodontics,1,0.799,0.6824,0.7915,0.2457,0
P0441,Endodontics,4,2,Endodontics,1,0.799,0.6824,0.7655,0.226,1
P0441,Endodontics,5,0,Endodontics,1,0.728,0.7456,0.9219,0.2683,1
P0441,Endodontics,5,1,Endodontics,1,0.728,0.7456,0.8992,0.2683,1
P0441,Endodontics,5,2,Endodontics,1,0.728,0.7456,0.898,0.245,1
P0441,Endodontics,6,0,Endodontics,1,0.631,0.3422,0.5728,0.4059,1
P0441,Endodontics,6,1,Endodontics,1,0.631,0.3422,0.5802,0.4225,1
P0441,Endodontics,6,2,Endodontics,1,0.631,0.3422,0.4967,0.3834,1
P0441,Endodontics,8,0,Endodontics,1,0.69,0.5187,0.759,0.3484,1
P0441,Endodontics,8,1,Endodontics,1,0.69,0.5187,0.7233,0.3808,1
P0441,Endodontics,8,2,Endodontics,1,0.69,0.5187,0.6775,0.3586,1
P0441,Healthy,1,0,Healthy,1,0.784,0.6864,0.8755,0.2914,1
P0441,Healthy,1,1,Healthy,1,0.784,0.6864,0.8708,0.2914,1
P0441,Healthy,1,2,Healthy,1,0.784,0.6864,0.8737,0.2914,1
P0441,Healthy,3,0,Healthy,1,0.745,0.7208,0.8499,0.2775,1
P0441,Healthy,3,1,Healthy,1,0.745,0.7208,0.8348,0.2572,1
P0441,Healthy,3,2,Healthy,1,0.745,0.7208,0.8861,0.2438,1
P0441,Endodontics,9,0,Endodontics,1,0.688,0.3568,0.5625,0.3926,1
P0441,Endodontics,9,1,Endodontics,1,0.688,0.3568,0.5547,0.3874,1
P0441,Endodontics,9,2,Endodontics,1,0.688,0.3568,0.4572,0.3033,1
P0445,Endodontics,0,0,Endodontics,1,0.793,0.6677,0.8762,0.2995,1
P0445,Endodontics,0,1,Endodontics,1,0.793,0.6677,0.7706,0.2959,1
P0445,Endodontics,0,2,Endodontics,1,0.793,0.6677,0.8762,0.2995,1
P0445,Endodontics,1,0,Endodontics,1,0.678,0.6204,0.8798,0.3224,1
P0445,Endodontics,1,1,Endodontics,1,0.678,0.6204,0.9211,0.3224,1
P0445,Endodontics,1,2,Endodontics,1,0.678,0.6204,0.8496,0.3224,1
P0445,Endodontics,2,0,Endodontics,1,0.792,0.8047,0.9561,0.2485,1
P0445,Endodontics,2,1,Endodontics,1,0.792,0.8047,0.9562,0.2485,1
P0445,Endodontics,2,2,Endodontics,1,0.792,0.8047,0.9286,0.2485,1
P0445,Endodontics,3,0,Endodontics,1,0.804,0.822,0.9577,0.2433,1
P0445,Endodontics,3,1,Endodontics,1,0.804,0.822,0.936,0.2433,1
P0445,Endodontics,3,2,Endodontics,1,0.804,0.822,0.9001,0.2433,1
P0445,Healthy,2,0,Healthy,1,0.775,0.6219,0.8461,0.3216,1
P0445,Healthy,2,1,Healthy,1,0.775,0.6219,0.8465,0.3077,1
P0445,Healthy,2,2,Healthy,1,0.775,0.6219,0.751,0.2717,1
P0447,Healthy,8,0,Healthy,1,0.67,0.5482,0.6102,0.2338,1
P0447,Healthy,8,1,Healthy,1,0.67,0.5482,0.7579,0.3137,1
P0447,Healthy,8,2,Healthy,1,0.67,0.5482,0.5991,0.2536,1
P0447,Healthy,23,0,Healthy,1,0.71,0.5265,0.7614,0.3774,1
P0447,Healthy,23,1,Healthy,1,0.71,0.5265,0.6866,0.3766,1
P0447,Healthy,23,2,Healthy,1,0.71,0.5265,0.8427,0.3492,1
P0449,Healthy,2,0,Healthy,1,0.936,0.7144,0.7933,0.21,1
P0449,Healthy,2,1,Healthy,1,0.936,0.7144,0.7685,0.2165,1
P0449,Healthy,2,2,Healthy,1,0.936,0.7144,0.8386,0.28,1
P0449,Healthy,23,0,Healthy,1,0.669,0.5406,0.7287,0.3507,1
P0449,Healthy,23,1,Healthy,1,0.669,0.5406,0.6497,0.2714,1
P0449,Healthy,23,2,Healthy,1,0.669,0.5406,0.6498,0.3019,1
P0450,Healthy,4,0,Healthy,1,0.639,0.556,0.5938,0.2241,1
P0450,Healthy,4,1,Healthy,1,0.639,0.556,0.4768,0.1277,1
P0450,Healthy,4,2,Healthy,1,0.639,0.556,0.7588,0.3594,1
P0450,Endodontics,0,0,Endodontics,1,0.678,0.3285,0.6062,0.4856,0
P0450,Endodontics,0,1,Endodontics,1,0.678,0.3285,0.5683,0.4938,0
P0450,Endodontics,0,2,Endodontics,1,0.678,0.3285,0.4523,0.3429,0
P0046,Healthy,2,0,Healthy,1,0.785,0.6238,0.8286,0.3162,1
P0046,Healthy,2,1,Healthy,1,0.785,0.6238,0.799,0.2767,1
P0046,Healthy,2,2,Healthy,1,0.785,0.6238,0.6846,0.2225,1
P0046,Healthy,3,0,Healthy,1,0.711,0.6203,0.5584,0.1034,0
P0046,Healthy,3,1,Healthy,1,0.711,0.6203,0.7815,0.2869,1
P0046,Healthy,3,2,Healthy,1,0.711,0.6203,0.8397,0.3224,1
P0454,Healthy,11,0,Healthy,1,0.753,0.5341,0.6115,0.2362,1
P0454,Healthy,11,1,Healthy,1,0.753,0.5341,0.7688,0.3186,1
P0454,Healthy,11,2,Healthy,1,0.753,0.5341,0.758,0.3367,1
P0454,Healthy,18,0,Healthy,1,0.687,0.5562,0.791,0.3578,1
P0454,Healthy,18,1,Healthy,1,0.687,0.5562,0.7397,0.2938,1
P0454,Healthy,18,2,Healthy,1,0.687,0.5562,0.8882,0.3596,1
P0455,Healthy,3,0,Healthy,1,0.777,0.612,0.7663,0.2841,1
P0455,Healthy,3,1,Healthy,1,0.777,0.612,0.8325,0.3225,1
P0455,Healthy,3,2,Healthy,1,0.777,0.612,0.7008,0.2469,1
P0455,Healthy,7,0,Healthy,1,0.836,0.7467,0.8377,0.2331,1
P0455,Healthy,7,1,Healthy,1,0.836,0.7467,0.9263,0.2498,1
P0455,Healthy,7,2,Healthy,1,0.836,0.7467,0.9245,0.2679,1
P0456,Healthy,18,0,Healthy,1,0.529,0.2704,0.4568,0.4214,1
P0456,Healthy,18,1,Healthy,1,0.529,0.2704,0.3917,0.2867,0
P0456,Healthy,18,2,Healthy,1,0.529,0.2704,0.5369,0.372,1
P0458,Healthy,5,0,Healthy,1,0.637,0.568,0.7484,0.2802,1
P0458,Healthy,5,1,Healthy,1,0.637,0.568,0.8177,0.2804,1
P0458,Healthy,5,2,Healthy,1,0.637,0.568,0.5212,0.1318,0
P0458,Healthy,22,0,Healthy,1,0.81,0.628,0.8604,0.3157,1
P0458,Healthy,22,1,Healthy,1,0.81,0.628,0.7563,0.2405,1
P0458,Healthy,22,2,Healthy,1,0.81,0.628,0.9075,0.3185,1
P0460,Healthy,8,0,Healthy,1,0.688,0.6499,0.8312,0.3078,1
P0460,Healthy,8,1,Healthy,1,0.688,0.6499,0.7651,0.2637,1
P0460,Healthy,8,2,Healthy,1,0.688,0.6499,0.7274,0.2803,1
P0460,Healthy,23,0,Healthy,1,0.617,0.5046,0.6947,0.3351,1
P0460,Healthy,23,1,Healthy,1,0.617,0.5046,0.6397,0.2686,0
P0460,Healthy,23,2,Healthy,1,0.617,0.5046,0.7363,0.3018,1
P0460,Impacted,0,0,Impacted,1,0.726,0.6734,0.77,0.2289,1
P0460,Impacted,0,1,Impacted,1,0.726,0.6734,0.8087,0.297,1
P0460,Impacted,0,2,Impacted,1,0.726,0.6734,0.8174,0.272,1
P0461,Healthy,20,0,Healthy,1,0.86,0.7033,0.8753,0.2844,1
P0461,Healthy,20,1,Healthy,1,0.86,0.7033,0.9944,0.2846,1
P0461,Healthy,20,2,Healthy,1,0.86,0.7033,0.8195,0.2844,1
P0462,Healthy,10,0,Healthy,1,0.813,0.5713,0.7755,0.3379,1
P0462,Healthy,10,1,Healthy,1,0.813,0.5713,0.7333,0.2848,1
P0462,Healthy,10,2,Healthy,1,0.813,0.5713,0.7594,0.2826,1
P0462,Healthy,19,0,Healthy,1,0.749,0.6815,0.8607,0.2935,1
P0462,Healthy,19,1,Healthy,1,0.749,0.6815,0.8708,0.2579,1
P0462,Healthy,19,2,Healthy,1,0.749,0.6815,0.8891,0.2876,1
P0463,Healthy,10,0,Healthy,1,0.842,0.6425,0.809,0.3113,1
P0463,Healthy,10,1,Healthy,1,0.842,0.6425,0.6652,0.1797,1
P0463,Healthy,10,2,Healthy,1,0.842,0.6425,0.7664,0.3058,1
P0463,Healthy,26,0,Healthy,1,0.777,0.567,0.7645,0.3527,1
P0463,Healthy,26,1,Healthy,1,0.777,0.567,0.7387,0.334,1
P0463,Healthy,26,2,Healthy,1,0.777,0.567,0.7797,0.3512,1
P0047,Healthy,0,0,Healthy,1,0.728,0.4808,0.6009,0.3008,1
P0047,Healthy,0,1,Healthy,1,0.728,0.4808,0.4985,0.1654,0
P0047,Healthy,0,2,Healthy,1,0.728,0.4808,0.5677,0.2771,1
P0047,Healthy,1,0,Healthy,1,0.721,0.6782,0.8341,0.2702,1
P0047,Healthy,1,1,Healthy,1,0.721,0.6782,0.8401,0.2803,1
P0047,Healthy,1,2,Healthy,1,0.721,0.6782,0.9012,0.2893,1
P0465,Impacted,0,0,Impacted,1,0.754,0.6065,0.7094,0.2175,1
P0465,Impacted,0,1,Impacted,1,0.754,0.6065,0.7819,0.3158,1
P0465,Impacted,0,2,Impacted,1,0.754,0.6065,0.7122,0.2212,1
P0465,Healthy,14,0,Healthy,1,0.735,0.6721,0.7726,0.2976,1
P0465,Healthy,14,1,Healthy,1,0.735,0.6721,0.8248,0.2974,1
P0465,Healthy,14,2,Healthy,1,0.735,0.6721,0.8421,0.2823,1
P0465,Impacted,1,0,Impacted,1,0.779,0.5752,0.732,0.3445,1
P0465,Impacted,1,1,Impacted,1,0.779,0.5752,0.6382,0.2345,1
P0465,Impacted,1,2,Impacted,1,0.779,0.5752,0.5171,0.1401,0
P0466,Healthy,10,0,Healthy,1,0.811,0.5741,0.6969,0.2771,1
P0466,Healthy,10,1,Healthy,1,0.811,0.5741,0.7625,0.2956,1
P0466,Healthy,10,2,Healthy,1,0.811,0.5741,0.7254,0.2959,1
P0466,Impacted,0,0,Impacted,1,0.747,0.6208,0.8463,0.3222,1
P0466,Impacted,0,1,Impacted,1,0.747,0.6208,0.7852,0.2882,1
P0466,Impacted,0,2,Impacted,1,0.747,0.6208,0.7954,0.3149,1
P0466,Healthy,26,0,Healthy,1,0.629,0.4107,0.5806,0.3999,1
P0466,Healthy,26,1,Healthy,1,0.629,0.4107,0.5909,0.2711,0
P0466,Healthy,26,2,Healthy,1,0.629,0.4107,0.619,0.3743,1
P0048,Healthy,0,0,Healthy,1,0.731,0.374,0.503,0.2459,0
P0048,Healthy,0,1,Healthy,1,0.731,0.374,0.0489,0.0467,0
P0048,Healthy,0,2,Healthy,1,0.731,0.374,0.4816,0.199,0
P0470,Healthy,11,0,Healthy,1,0.669,0.4235,0.5618,0.2758,1
P0470,Healthy,11,1,Healthy,1,0.669,0.4235,0.5216,0.2546,0
P0470,Healthy,11,2,Healthy,1,0.669,0.4235,0.5788,0.3705,1
P0470,Healthy,12,0,Impacted,0,0.606,0.3516,0.5583,0.4416,1
P0470,Healthy,12,1,Impacted,0,0.606,0.3516,0.4634,0.3387,1
P0470,Healthy,12,2,Impacted,0,0.606,0.3516,0.3163,0.0812,0
P0470,Impacted,0,0,Impacted,1,0.799,0.6148,0.7769,0.32,1
P0470,Impacted,0,1,Impacted,1,0.799,0.6148,0.6435,0.1632,1
P0470,Impacted,0,2,Impacted,1,0.799,0.6148,0.6994,0.2244,0
P0470,Impacted,1,0,Impacted,1,0.514,0.3328,0.5895,0.4211,1
P0470,Impacted,1,1,Impacted,1,0.514,0.3328,0.4842,0.4238,1
P0470,Impacted,1,2,Impacted,1,0.514,0.3328,0.5494,0.4202,1
P0471,Healthy,7,0,Healthy,1,0.798,0.7511,0.8787,0.2625,1
P0471,Healthy,7,1,Healthy,1,0.798,0.7511,0.8994,0.2663,1
P0471,Healthy,7,2,Healthy,1,0.798,0.7511,0.9535,0.2663,1
P0476,Healthy,9,0,Healthy,1,0.735,0.7423,0.9397,0.2694,1
P0476,Healthy,9,1,Healthy,1,0.735,0.7423,0.8989,0.2637,1
P0476,Healthy,9,2,Healthy,1,0.735,0.7423,0.8442,0.2235,1
P0476,Healthy,21,0,Healthy,1,0.654,0.5064,0.723,0.3504,1
P0476,Healthy,21,1,Healthy,1,0.654,0.5064,0.8228,0.2761,1
P0476,Healthy,21,2,Healthy,1,0.654,0.5064,0.7154,0.2971,1
P0477,Healthy,8,0,Healthy,1,0.676,0.6677,0.8758,0.2983,1
P0477,Healthy,8,1,Healthy,1,0.676,0.6677,0.893,0.2995,1
P0477,Healthy,8,2,Healthy,1,0.676,0.6677,0.9427,0.2995,1
P0477,Healthy,21,0,Healthy,1,0.788,0.7372,0.9371,0.2713,1
P0477,Healthy,21,1,Healthy,1,0.788,0.7372,0.9107,0.2713,1
P0477,Healthy,21,2,Healthy,1,0.788,0.7372,0.8654,0.2608,1
P0478,Impacted,0,0,Healthy,0,0.893,0.6824,0.6671,0.1869,0
P0478,Impacted,0,1,Healthy,0,0.893,0.6824,0.3818,0.1074,0
P0478,Impacted,0,2,Healthy,0,0.893,0.6824,0.7803,0.2023,1
P0478,Healthy,11,0,Healthy,1,0.711,0.5613,0.7114,0.356,1
P0478,Healthy,11,1,Healthy,1,0.711,0.5613,0.828,0.3144,1
P0478,Healthy,11,2,Healthy,1,0.711,0.5613,0.784,0.3512,1
P0478,Impacted,1,0,Impacted,1,0.842,0.7411,0.8011,0.2274,1
P0478,Impacted,1,1,Impacted,1,0.842,0.7411,0.8585,0.2693,1
P0478,Impacted,1,2,Impacted,1,0.842,0.7411,0.742,0.2157,1
P0478,Healthy,24,0,Impacted,0,0.507,0.3979,0.5913,0.3342,1
P0478,Healthy,24,1,Impacted,0,0.507,0.3979,0.5093,0.1931,1
P0478,Healthy,24,2,Healthy,1,0.507,0.3979,0.6227,0.3053,1
P0480,Healthy,16,0,Healthy,1,0.717,0.5714,0.7978,0.3476,1
P0480,Healthy,16,1,Healthy,1,0.717,0.5714,0.773,0.2876,1
P0480,Healthy,16,2,Healthy,1,0.717,0.5714,0.7621,0.264,1
P0480,Healthy,21,0,Healthy,1,0.727,0.4279,0.6093,0.4143,1
P0480,Healthy,21,1,Healthy,1,0.727,0.4279,0.1591,0.0758,0
P0480,Healthy,21,2,Healthy,1,0.727,0.4279,0.6003,0.3345,1
P0481,Healthy,10,0,Healthy,1,0.803,0.6712,0.8682,0.293,1
P0481,Healthy,10,1,Healthy,1,0.803,0.6712,0.8302,0.2305,1
P0481,Healthy,10,2,Healthy,1,0.803,0.6712,0.8747,0.298,1
P0483,Healthy,4,0,Healthy,1,0.738,0.6866,0.7627,0.2565,1
P0483,Healthy,4,1,Healthy,1,0.738,0.6866,0.9025,0.2872,1
P0483,Healthy,4,2,Healthy,1,0.738,0.6866,0.8305,0.2618,1
P0483,Healthy,11,0,Healthy,1,0.659,0.3888,0.5779,0.2811,1
P0483,Healthy,11,1,Impacted,0,0.659,0.3888,0.7499,0.4432,1
P0483,Healthy,11,2,Healthy,1,0.659,0.3888,0.4405,0.2044,1
P0485,Healthy,4,0,Healthy,1,0.81,0.6526,0.7771,0.3018,1
P0485,Healthy,4,1,Healthy,1,0.81,0.6526,0.798,0.2316,0
P0485,Healthy,4,2,Healthy,1,0.81,0.6526,0.7365,0.2271,0
P0485,Healthy,11,0,Healthy,1,0.874,0.6773,0.8438,0.2953,1
P0485,Healthy,11,1,Healthy,1,0.874,0.6773,0.8111,0.2219,1
P0485,Healthy,11,2,Healthy,1,0.874,0.6773,0.8546,0.2939,1
P0485,Impacted,1,0,Impacted,1,0.571,0.3566,0.5815,0.4886,1
P0485,Impacted,1,1,Impacted,1,0.571,0.3566,0.5538,0.3516,1
P0485,Impacted,1,2,Impacted,1,0.571,0.3566,0.5432,0.2827,0
P0485,Impacted,2,0,Impacted,1,0.534,0.3051,0.4858,0.302,1
P0485,Impacted,2,1,Impacted,1,0.534,0.3051,0.5279,0.4351,1
P0485,Impacted,2,2,Healthy,0,0.534,0.3051,0.3923,0.264,1
P0486,Healthy,15,0,Healthy,1,0.721,0.704,0.8915,0.2841,1
P0486,Healthy,15,1,Healthy,1,0.721,0.704,0.8705,0.284,1
P0486,Healthy,15,2,Healthy,1,0.721,0.704,0.9473,0.2775,1
P0486,Healthy,17,0,Healthy,1,0.732,0.6134,0.9007,0.3242,1
P0486,Healthy,17,1,Healthy,1,0.732,0.6134,0.8887,0.326,1
P0486,Healthy,17,2,Healthy,1,0.732,0.6134,0.9236,0.326,1
